IATA,Centro,Nave,Tipo de Almacenamiento,Posicion,Tipo de Posicion,Division Horizontal,Piso,Pasillo,Columna,Altura,Largo,Alto,Ancho,Peso
RDI,A048,CD SARANDI NAVE 1,Espacio Cedido,RAA044.10A,Rack,1,1,RAA,044,10,100,180,120,1050
RDI,A048,CD SARANDI NAVE 1,Espacio Cedido,RAA042.10A,Rack,1,1,RAA,042,10,100,180,120,1050
RDI,A048,CD SARANDI NAVE 1,Espacio Cedido,RAA040.10A,Rack,1,1,RAA,040,10,100,180,120,1050
RDI,A048,CD SARANDI NAVE 1,Espacio Cedido,RAA038.10A,Rack,1,1,RAA,038,10,100,180,120,1050
RDI,A048,CD SARANDI NAVE 1,Espacio Cedido,RAA036.10A,Rack,1,1,RAA,036,10,100,180,120,1050
RDI,A048,CD SARANDI NAVE 1,Espacio Cedido,RAA034.10A,Rack,1,1,RAA,034,10,100,180,120,1050
RDI,A048,CD SARANDI NAVE 1,Espacio Cedido,RAA032.10A,Rack,1,1,RAA,032,10,100,180,120,1050
RDI,A048,CD SARANDI NAVE 1,Espacio Cedido,RAA030.10A,Rack,1,1,RAA,030,10,100,180,120,1050
RDI,A048,CD SARANDI NAVE 1,Espacio Cedido,RAA028.10A,Rack,1,1,RAA,028,10,100,180,120,1050
RDI,A048,CD SARANDI NAVE 1,Espacio Cedido,RAA026.10A,Rack,1,1,RAA,026,10,100,180,120,1050
RDI,A048,CD SARANDI NAVE 1,Espacio Cedido,RAA044.10A,Rack,1,1,RAA,044,10,100,180,120,1050
RDI,A048,CD SARANDI NAVE 1,Espacio Cedido,RAA042.10A,Rack,1,1,RAA,042,10,100,180,120,1050
RDI,A048,CD SARANDI NAVE 1,Espacio Cedido,RAA040.10A,Rack,1,1,RAA,040,10,100,180,120,1050
RDI,A048,CD SARANDI NAVE 1,Espacio Cedido,RAA038.10A,Rack,1,1,RAA,038,10,100,180,120,1050
RDI,A048,CD SARANDI NAVE 1,Espacio Cedido,RAA036.10A,Rack,1,1,RAA,036,10,100,180,120,1050
RDI,A048,CD SARANDI NAVE 1,Espacio Cedido,RAA034.10A,Rack,1,1,RAA,034,10,100,180,120,1050
RDI,A048,CD SARANDI NAVE 1,Espacio Cedido,RAA032.10A,Rack,1,1,RAA,032,10,100,180,120,1050
RDI,A048,CD SARANDI NAVE 1,Espacio Cedido,RAA030.10A,Rack,1,1,RAA,030,10,100,180,120,1050
RDI,A048,CD SARANDI NAVE 1,Espacio Cedido,RAA028.10A,Rack,1,1,RAA,028,10,100,180,120,1050
RDI,A048,CD SARANDI NAVE 1,Espacio Cedido,RAA026.10A,Rack,1,1,RAA,026,10,100,180,120,1050
RDI,A048,CD SARANDI NAVE 1,General,RAB044.10A,Rack,1,1,RAB,044,10,100,180,120,1050
RDI,A048,CD SARANDI NAVE 1,General,RAB042.10A,Rack,1,1,RAB,042,10,100,180,120,1050
RDI,A048,CD SARANDI NAVE 1,General,RAB040.10A,Rack,1,1,RAB,040,10,100,180,120,1050
RDI,A048,CD SARANDI NAVE 1,General,RAB038.10A,Rack,1,1,RAB,038,10,100,180,120,1050
RDI,A048,CD SARANDI NAVE 1,General,RAB036.10A,Rack,1,1,RAB,036,10,100,180,120,1050
RDI,A048,CD SARANDI NAVE 1,General,RAB034.10A,Rack,1,1,RAB,034,10,100,180,120,1050
RDI,A048,CD SARANDI NAVE 1,General,RAB032.10A,Rack,1,1,RAB,032,10,100,180,120,1050
RDI,A048,CD SARANDI NAVE 1,General,RAB030.10A,Rack,1,1,RAB,030,10,100,180,120,1050
RDI,A048,CD SARANDI NAVE 1,General,RAB028.10A,Rack,1,1,RAB,028,10,100,180,120,1050
RDI,A048,CD SARANDI NAVE 1,General,RAB026.10A,Rack,1,1,RAB,026,10,100,180,120,1050
RDI,A048,CD SARANDI NAVE 1,General,RAB024.10A,Rack,1,1,RAB,024,10,100,180,120,1050
RDI,A048,CD SARANDI NAVE 1,General,RAB022.10A,Rack,1,1,RAB,022,10,100,180,120,1050
RDI,A048,CD SARANDI NAVE 1,General,RAB020.10A,Rack,1,1,RAB,020,10,100,180,120,1050
RDI,A048,CD SARANDI NAVE 1,General,RAB018.10A,Rack,1,1,RAB,018,10,100,180,120,1050
RDI,A048,CD SARANDI NAVE 1,General,RAB016.10A,Rack,1,1,RAB,016,10,100,180,120,1050
RDI,A048,CD SARANDI NAVE 1,General,RAB014.10A,Rack,1,1,RAB,014,10,100,180,120,1050
RDI,A048,CD SARANDI NAVE 1,General,RAB012.10A,Rack,1,1,RAB,012,10,100,180,120,1050
RDI,A048,CD SARANDI NAVE 1,General,RAB010.10A,Rack,1,1,RAB,010,10,100,180,120,1050
RDI,A048,CD SARANDI NAVE 1,General,RAB008.10A,Rack,1,1,RAB,008,10,100,180,120,1050
RDI,A048,CD SARANDI NAVE 1,General,RAB006.10A,Rack,1,1,RAB,006,10,100,180,120,1050
RDI,A048,CD SARANDI NAVE 1,General,RAB004.10A,Rack,1,1,RAB,004,10,100,180,120,1050
RDI,A048,CD SARANDI NAVE 1,General,RAB002.10A,Rack,1,1,RAB,002,10,100,180,120,1050
RDI,A048,CD SARANDI NAVE 1,General,RAC045.10A,Rack,1,1,RAC,045,10,100,180,120,1050
RDI,A048,CD SARANDI NAVE 1,General,RAC043.10A,Rack,1,1,RAC,043,10,100,180,120,1050
RDI,A048,CD SARANDI NAVE 1,General,RAC041.10A,Rack,1,1,RAC,041,10,100,180,120,1050
RDI,A048,CD SARANDI NAVE 1,General,RAC039.10A,Rack,1,1,RAC,039,10,100,180,120,1050
RDI,A048,CD SARANDI NAVE 1,General,RAC037.10A,Rack,1,1,RAC,037,10,100,180,120,1050
RDI,A048,CD SARANDI NAVE 1,General,RAC035.10A,Rack,1,1,RAC,035,10,100,180,120,1050
RDI,A048,CD SARANDI NAVE 1,General,RAC033.10A,Rack,1,1,RAC,033,10,100,180,120,1050
RDI,A048,CD SARANDI NAVE 1,General,RAC031.10A,Rack,1,1,RAC,031,10,100,180,120,1050
RDI,A048,CD SARANDI NAVE 1,General,RAC029.10A,Rack,1,1,RAC,029,10,100,180,120,1050
RDI,A048,CD SARANDI NAVE 1,General,RAC027.10A,Rack,1,1,RAC,027,10,100,180,120,1050
RDI,A048,CD SARANDI NAVE 1,General,RAC025.10A,Rack,1,1,RAC,025,10,100,180,120,1050
RDI,A048,CD SARANDI NAVE 1,General,RAC023.10A,Rack,1,1,RAC,023,10,100,180,120,1050
RDI,A048,CD SARANDI NAVE 1,General,RAC021.10A,Rack,1,1,RAC,021,10,100,180,120,1050
RDI,A048,CD SARANDI NAVE 1,General,RAC019.10A,Rack,1,1,RAC,019,10,100,180,120,1050
RDI,A048,CD SARANDI NAVE 1,General,RAC017.10A,Rack,1,1,RAC,017,10,100,180,120,1050
RDI,A048,CD SARANDI NAVE 1,General,RAC015.10A,Rack,1,1,RAC,015,10,100,180,120,1050
RDI,A048,CD SARANDI NAVE 1,General,RAC013.10A,Rack,1,1,RAC,013,10,100,180,120,1050
RDI,A048,CD SARANDI NAVE 1,General,RAC011.10A,Rack,1,1,RAC,011,10,100,180,120,1050
RDI,A048,CD SARANDI NAVE 1,General,RAC009.10A,Rack,1,1,RAC,009,10,100,180,120,1050
RDI,A048,CD SARANDI NAVE 1,General,RAC007.10A,Rack,1,1,RAC,007,10,100,180,120,1050
RDI,A048,CD SARANDI NAVE 1,General,RAC003.10A,Rack,1,1,RAC,003,10,100,180,120,1050
RDI,A048,CD SARANDI NAVE 1,General,RAC001.10A,Rack,1,1,RAC,001,10,100,180,120,1050
RDI,A048,CD SARANDI NAVE 1,General,RAC044.10A,Rack,1,1,RAC,044,10,100,180,120,1050
RDI,A048,CD SARANDI NAVE 1,General,RAC042.10A,Rack,1,1,RAC,042,10,100,180,120,1050
RDI,A048,CD SARANDI NAVE 1,General,RAC040.10A,Rack,1,1,RAC,040,10,100,180,120,1050
RDI,A048,CD SARANDI NAVE 1,General,RAC038.10A,Rack,1,1,RAC,038,10,100,180,120,1050
RDI,A048,CD SARANDI NAVE 1,General,RAC036.10A,Rack,1,1,RAC,036,10,100,180,120,1050
RDI,A048,CD SARANDI NAVE 1,General,RAC034.10A,Rack,1,1,RAC,034,10,100,180,120,1050
RDI,A048,CD SARANDI NAVE 1,General,RAC032.10A,Rack,1,1,RAC,032,10,100,180,120,1050
RDI,A048,CD SARANDI NAVE 1,General,RAC030.10A,Rack,1,1,RAC,030,10,100,180,120,1050
RDI,A048,CD SARANDI NAVE 1,General,RAC028.10A,Rack,1,1,RAC,028,10,100,180,120,1050
RDI,A048,CD SARANDI NAVE 1,General,RAC026.10A,Rack,1,1,RAC,026,10,100,180,120,1050
RDI,A048,CD SARANDI NAVE 1,General,RAC024.10A,Rack,1,1,RAC,024,10,100,180,120,1050
RDI,A048,CD SARANDI NAVE 1,General,RAC022.10A,Rack,1,1,RAC,022,10,100,180,120,1050
RDI,A048,CD SARANDI NAVE 1,General,RAC020.10A,Rack,1,1,RAC,020,10,100,180,120,1050
RDI,A048,CD SARANDI NAVE 1,General,RAC018.10A,Rack,1,1,RAC,018,10,100,180,120,1050
RDI,A048,CD SARANDI NAVE 1,General,RAC016.10A,Rack,1,1,RAC,016,10,100,180,120,1050
RDI,A048,CD SARANDI NAVE 1,General,RAC014.10A,Rack,1,1,RAC,014,10,100,180,120,1050
RDI,A048,CD SARANDI NAVE 1,General,RAC012.10A,Rack,1,1,RAC,012,10,100,180,120,1050
RDI,A048,CD SARANDI NAVE 1,General,RAC010.10A,Rack,1,1,RAC,010,10,100,180,120,1050
RDI,A048,CD SARANDI NAVE 1,General,RAC008.10A,Rack,1,1,RAC,008,10,100,180,120,1050
RDI,A048,CD SARANDI NAVE 1,General,RAC006.10A,Rack,1,1,RAC,006,10,100,180,120,1050
RDI,A048,CD SARANDI NAVE 1,General,RAC004.10A,Rack,1,1,RAC,004,10,100,180,120,1050
RDI,A048,CD SARANDI NAVE 1,General,RAC002.10A,Rack,1,1,RAC,002,10,100,180,120,1050
RDI,A048,CD SARANDI NAVE 1,General,RAD045.10A,Rack,1,1,RAD,045,10,100,180,120,1050
RDI,A048,CD SARANDI NAVE 1,General,RAD043.10A,Rack,1,1,RAD,043,10,100,180,120,1050
RDI,A048,CD SARANDI NAVE 1,General,RAD041.10A,Rack,1,1,RAD,041,10,100,180,120,1050
RDI,A048,CD SARANDI NAVE 1,General,RAD039.10A,Rack,1,1,RAD,039,10,100,180,120,1050
RDI,A048,CD SARANDI NAVE 1,General,RAD037.10A,Rack,1,1,RAD,037,10,100,180,120,1050
RDI,A048,CD SARANDI NAVE 1,General,RAD035.10A,Rack,1,1,RAD,035,10,100,180,120,1050
RDI,A048,CD SARANDI NAVE 1,General,RAD033.10A,Rack,1,1,RAD,033,10,100,180,120,1050
RDI,A048,CD SARANDI NAVE 1,General,RAD031.10A,Rack,1,1,RAD,031,10,100,180,120,1050
RDI,A048,CD SARANDI NAVE 1,General,RAD029.10A,Rack,1,1,RAD,029,10,100,180,120,1050
RDI,A048,CD SARANDI NAVE 1,General,RAD027.10A,Rack,1,1,RAD,027,10,100,180,120,1050
RDI,A048,CD SARANDI NAVE 1,General,RAD025.10A,Rack,1,1,RAD,025,10,100,180,120,1050
RDI,A048,CD SARANDI NAVE 1,General,RAD023.10A,Rack,1,1,RAD,023,10,100,180,120,1050
RDI,A048,CD SARANDI NAVE 1,General,RAD021.10A,Rack,1,1,RAD,021,10,100,180,120,1050
RDI,A048,CD SARANDI NAVE 1,General,RAD019.10A,Rack,1,1,RAD,019,10,100,180,120,1050
RDI,A048,CD SARANDI NAVE 1,General,RAD017.10A,Rack,1,1,RAD,017,10,100,180,120,1050
RDI,A048,CD SARANDI NAVE 1,General,RAD015.10A,Rack,1,1,RAD,015,10,100,180,120,1050
RDI,A048,CD SARANDI NAVE 1,General,RAD013.10A,Rack,1,1,RAD,013,10,100,180,120,1050
RDI,A048,CD SARANDI NAVE 1,General,RAD011.10A,Rack,1,1,RAD,011,10,100,180,120,1050
RDI,A048,CD SARANDI NAVE 1,General,RAD009.10A,Rack,1,1,RAD,009,10,100,180,120,1050
RDI,A048,CD SARANDI NAVE 1,General,RAD007.10A,Rack,1,1,RAD,007,10,100,180,120,1050
RDI,A048,CD SARANDI NAVE 1,General,RAD003.10A,Rack,1,1,RAD,003,10,100,180,120,1050
RDI,A048,CD SARANDI NAVE 1,General,RAD001.10A,Rack,1,1,RAD,001,10,100,180,120,1050
RDI,A048,CD SARANDI NAVE 1,General,RAD044.10A,Rack,1,1,RAD,044,10,100,180,120,1050
RDI,A048,CD SARANDI NAVE 1,General,RAD042.10A,Rack,1,1,RAD,042,10,100,180,120,1050
RDI,A048,CD SARANDI NAVE 1,General,RAD040.10A,Rack,1,1,RAD,040,10,100,180,120,1050
RDI,A048,CD SARANDI NAVE 1,General,RAD038.10A,Rack,1,1,RAD,038,10,100,180,120,1050
RDI,A048,CD SARANDI NAVE 1,General,RAD036.10A,Rack,1,1,RAD,036,10,100,180,120,1050
RDI,A048,CD SARANDI NAVE 1,General,RAD034.10A,Rack,1,1,RAD,034,10,100,180,120,1050
RDI,A048,CD SARANDI NAVE 1,General,RAD032.10A,Rack,1,1,RAD,032,10,100,180,120,1050
RDI,A048,CD SARANDI NAVE 1,General,RAD030.10A,Rack,1,1,RAD,030,10,100,180,120,1050
RDI,A048,CD SARANDI NAVE 1,General,RAD028.10A,Rack,1,1,RAD,028,10,100,180,120,1050
RDI,A048,CD SARANDI NAVE 1,General,RAD026.10A,Rack,1,1,RAD,026,10,100,180,120,1050
RDI,A048,CD SARANDI NAVE 1,General,RAD024.10A,Rack,1,1,RAD,024,10,100,180,120,1050
RDI,A048,CD SARANDI NAVE 1,General,RAD022.10A,Rack,1,1,RAD,022,10,100,180,120,1050
RDI,A048,CD SARANDI NAVE 1,General,RAD020.10A,Rack,1,1,RAD,020,10,100,180,120,1050
RDI,A048,CD SARANDI NAVE 1,General,RAD018.10A,Rack,1,1,RAD,018,10,100,180,120,1050
RDI,A048,CD SARANDI NAVE 1,General,RAD016.10A,Rack,1,1,RAD,016,10,100,180,120,1050
RDI,A048,CD SARANDI NAVE 1,General,RAD014.10A,Rack,1,1,RAD,014,10,100,180,120,1050
RDI,A048,CD SARANDI NAVE 1,General,RAD012.10A,Rack,1,1,RAD,012,10,100,180,120,1050
RDI,A048,CD SARANDI NAVE 1,General,RAD010.10A,Rack,1,1,RAD,010,10,100,180,120,1050
RDI,A048,CD SARANDI NAVE 1,General,RAD008.10A,Rack,1,1,RAD,008,10,100,180,120,1050
RDI,A048,CD SARANDI NAVE 1,General,RAD006.10A,Rack,1,1,RAD,006,10,100,180,120,1050
RDI,A048,CD SARANDI NAVE 1,General,RAD004.10A,Rack,1,1,RAD,004,10,100,180,120,1050
RDI,A048,CD SARANDI NAVE 1,General,RAD002.10A,Rack,1,1,RAD,002,10,100,180,120,1050
RDI,A048,CD SARANDI NAVE 1,General,RAE045.10A,Rack,1,1,RAE,045,10,100,180,120,1050
RDI,A048,CD SARANDI NAVE 1,General,RAE043.10A,Rack,1,1,RAE,043,10,100,180,120,1050
RDI,A048,CD SARANDI NAVE 1,General,RAE041.10A,Rack,1,1,RAE,041,10,100,180,120,1050
RDI,A048,CD SARANDI NAVE 1,General,RAE039.10A,Rack,1,1,RAE,039,10,100,180,120,1050
RDI,A048,CD SARANDI NAVE 1,General,RAE037.10A,Rack,1,1,RAE,037,10,100,180,120,1050
RDI,A048,CD SARANDI NAVE 1,General,RAE035.10A,Rack,1,1,RAE,035,10,100,180,120,1050
RDI,A048,CD SARANDI NAVE 1,General,RAE033.10A,Rack,1,1,RAE,033,10,100,180,120,1050
RDI,A048,CD SARANDI NAVE 1,General,RAE031.10A,Rack,1,1,RAE,031,10,100,180,120,1050
RDI,A048,CD SARANDI NAVE 1,General,RAE029.10A,Rack,1,1,RAE,029,10,100,180,120,1050
RDI,A048,CD SARANDI NAVE 1,General,RAE027.10A,Rack,1,1,RAE,027,10,100,180,120,1050
RDI,A048,CD SARANDI NAVE 1,General,RAE025.10A,Rack,1,1,RAE,025,10,100,180,120,1050
RDI,A048,CD SARANDI NAVE 1,General,RAE023.10A,Rack,1,1,RAE,023,10,100,180,120,1050
RDI,A048,CD SARANDI NAVE 1,General,RAE021.10A,Rack,1,1,RAE,021,10,100,180,120,1050
RDI,A048,CD SARANDI NAVE 1,General,RAE019.10A,Rack,1,1,RAE,019,10,100,180,120,1050
RDI,A048,CD SARANDI NAVE 1,General,RAE017.10A,Rack,1,1,RAE,017,10,100,180,120,1050
RDI,A048,CD SARANDI NAVE 1,General,RAE015.10A,Rack,1,1,RAE,015,10,100,180,120,1050
RDI,A048,CD SARANDI NAVE 1,General,RAE013.10A,Rack,1,1,RAE,013,10,100,180,120,1050
RDI,A048,CD SARANDI NAVE 1,General,RAE011.10A,Rack,1,1,RAE,011,10,100,180,120,1050
RDI,A048,CD SARANDI NAVE 1,General,RAE009.10A,Rack,1,1,RAE,009,10,100,180,120,1050
RDI,A048,CD SARANDI NAVE 1,General,RAE007.10A,Rack,1,1,RAE,007,10,100,180,120,1050
RDI,A048,CD SARANDI NAVE 1,General,RAE003.10A,Rack,1,1,RAE,003,10,100,180,120,1050
RDI,A048,CD SARANDI NAVE 1,General,RAE001.10A,Rack,1,1,RAE,001,10,100,180,120,1050
RDI,A048,CD SARANDI NAVE 1,General,RAE044.10A,Rack,1,1,RAE,044,10,100,180,120,1050
RDI,A048,CD SARANDI NAVE 1,General,RAE042.10A,Rack,1,1,RAE,042,10,100,180,120,1050
RDI,A048,CD SARANDI NAVE 1,General,RAE040.10A,Rack,1,1,RAE,040,10,100,180,120,1050
RDI,A048,CD SARANDI NAVE 1,General,RAE038.10A,Rack,1,1,RAE,038,10,100,180,120,1050
RDI,A048,CD SARANDI NAVE 1,General,RAE036.10A,Rack,1,1,RAE,036,10,100,180,120,1050
RDI,A048,CD SARANDI NAVE 1,General,RAE034.10A,Rack,1,1,RAE,034,10,100,180,120,1050
RDI,A048,CD SARANDI NAVE 1,General,RAE032.10A,Rack,1,1,RAE,032,10,100,180,120,1050
RDI,A048,CD SARANDI NAVE 1,General,RAE030.10A,Rack,1,1,RAE,030,10,100,180,120,1050
RDI,A048,CD SARANDI NAVE 1,General,RAE028.10A,Rack,1,1,RAE,028,10,100,180,120,1050
RDI,A048,CD SARANDI NAVE 1,General,RAE026.10A,Rack,1,1,RAE,026,10,100,180,120,1050
RDI,A048,CD SARANDI NAVE 1,General,RAE024.10A,Rack,1,1,RAE,024,10,100,180,120,1050
RDI,A048,CD SARANDI NAVE 1,General,RAE022.10A,Rack,1,1,RAE,022,10,100,180,120,1050
RDI,A048,CD SARANDI NAVE 1,General,RAE020.10A,Rack,1,1,RAE,020,10,100,180,120,1050
RDI,A048,CD SARANDI NAVE 1,General,RAE018.10A,Rack,1,1,RAE,018,10,100,180,120,1050
RDI,A048,CD SARANDI NAVE 1,General,RAE016.10A,Rack,1,1,RAE,016,10,100,180,120,1050
RDI,A048,CD SARANDI NAVE 1,General,RAE014.10A,Rack,1,1,RAE,014,10,100,180,120,1050
RDI,A048,CD SARANDI NAVE 1,General,RAE012.10A,Rack,1,1,RAE,012,10,100,180,120,1050
RDI,A048,CD SARANDI NAVE 1,General,RAE010.10A,Rack,1,1,RAE,010,10,100,180,120,1050
RDI,A048,CD SARANDI NAVE 1,General,RAE008.10A,Rack,1,1,RAE,008,10,100,180,120,1050
RDI,A048,CD SARANDI NAVE 1,General,RAE006.10A,Rack,1,1,RAE,006,10,100,180,120,1050
RDI,A048,CD SARANDI NAVE 1,General,RAE004.10A,Rack,1,1,RAE,004,10,100,180,120,1050
RDI,A048,CD SARANDI NAVE 1,General,RAE002.10A,Rack,1,1,RAE,002,10,100,180,120,1050
RDI,A048,CD SARANDI NAVE 1,General,RAF045.10A,Rack,1,1,RAF,045,10,100,180,120,1050
RDI,A048,CD SARANDI NAVE 1,General,RAF043.10A,Rack,1,1,RAF,043,10,100,180,120,1050
RDI,A048,CD SARANDI NAVE 1,General,RAF041.10A,Rack,1,1,RAF,041,10,100,180,120,1050
RDI,A048,CD SARANDI NAVE 1,General,RAF039.10A,Rack,1,1,RAF,039,10,100,180,120,1050
RDI,A048,CD SARANDI NAVE 1,General,RAF037.10A,Rack,1,1,RAF,037,10,100,180,120,1050
RDI,A048,CD SARANDI NAVE 1,General,RAF035.10A,Rack,1,1,RAF,035,10,100,180,120,1050
RDI,A048,CD SARANDI NAVE 1,General,RAF033.10A,Rack,1,1,RAF,033,10,100,180,120,1050
RDI,A048,CD SARANDI NAVE 1,General,RAF031.10A,Rack,1,1,RAF,031,10,100,180,120,1050
RDI,A048,CD SARANDI NAVE 1,General,RAF029.10A,Rack,1,1,RAF,029,10,100,180,120,1050
RDI,A048,CD SARANDI NAVE 1,General,RAF027.10A,Rack,1,1,RAF,027,10,100,180,120,1050
RDI,A048,CD SARANDI NAVE 1,General,RAF025.10A,Rack,1,1,RAF,025,10,100,180,120,1050
RDI,A048,CD SARANDI NAVE 1,General,RAF023.10A,Rack,1,1,RAF,023,10,100,180,120,1050
RDI,A048,CD SARANDI NAVE 1,General,RAF021.10A,Rack,1,1,RAF,021,10,100,180,120,1050
RDI,A048,CD SARANDI NAVE 1,General,RAF019.10A,Rack,1,1,RAF,019,10,100,180,120,1050
RDI,A048,CD SARANDI NAVE 1,General,RAF017.10A,Rack,1,1,RAF,017,10,100,180,120,1050
RDI,A048,CD SARANDI NAVE 1,General,RAF015.10A,Rack,1,1,RAF,015,10,100,180,120,1050
RDI,A048,CD SARANDI NAVE 1,General,RAF013.10A,Rack,1,1,RAF,013,10,100,180,120,1050
RDI,A048,CD SARANDI NAVE 1,General,RAF011.10A,Rack,1,1,RAF,011,10,100,180,120,1050
RDI,A048,CD SARANDI NAVE 1,General,RAF009.10A,Rack,1,1,RAF,009,10,100,180,120,1050
RDI,A048,CD SARANDI NAVE 1,General,RAF007.10A,Rack,1,1,RAF,007,10,100,180,120,1050
RDI,A048,CD SARANDI NAVE 1,General,RAF003.10A,Rack,1,1,RAF,003,10,100,180,120,1050
RDI,A048,CD SARANDI NAVE 1,General,RAF001.10A,Rack,1,1,RAF,001,10,100,180,120,1050
RDI,A048,CD SARANDI NAVE 1,General,RAF044.10A,Rack,1,1,RAF,044,10,100,180,120,1050
RDI,A048,CD SARANDI NAVE 1,General,RAF042.10A,Rack,1,1,RAF,042,10,100,180,120,1050
RDI,A048,CD SARANDI NAVE 1,General,RAF040.10A,Rack,1,1,RAF,040,10,100,180,120,1050
RDI,A048,CD SARANDI NAVE 1,General,RAF038.10A,Rack,1,1,RAF,038,10,100,180,120,1050
RDI,A048,CD SARANDI NAVE 1,General,RAF036.10A,Rack,1,1,RAF,036,10,100,180,120,1050
RDI,A048,CD SARANDI NAVE 1,General,RAF034.10A,Rack,1,1,RAF,034,10,100,180,120,1050
RDI,A048,CD SARANDI NAVE 1,General,RAF032.10A,Rack,1,1,RAF,032,10,100,180,120,1050
RDI,A048,CD SARANDI NAVE 1,General,RAF030.10A,Rack,1,1,RAF,030,10,100,180,120,1050
RDI,A048,CD SARANDI NAVE 1,General,RAF028.10A,Rack,1,1,RAF,028,10,100,180,120,1050
RDI,A048,CD SARANDI NAVE 1,General,RAF026.10A,Rack,1,1,RAF,026,10,100,180,120,1050
RDI,A048,CD SARANDI NAVE 1,General,RAF024.10A,Rack,1,1,RAF,024,10,100,180,120,1050
RDI,A048,CD SARANDI NAVE 1,General,RAF022.10A,Rack,1,1,RAF,022,10,100,180,120,1050
RDI,A048,CD SARANDI NAVE 1,General,RAF020.10A,Rack,1,1,RAF,020,10,100,180,120,1050
RDI,A048,CD SARANDI NAVE 1,General,RAF018.10A,Rack,1,1,RAF,018,10,100,180,120,1050
RDI,A048,CD SARANDI NAVE 1,General,RAF016.10A,Rack,1,1,RAF,016,10,100,180,120,1050
RDI,A048,CD SARANDI NAVE 1,General,RAF014.10A,Rack,1,1,RAF,014,10,100,180,120,1050
RDI,A048,CD SARANDI NAVE 1,General,RAF012.10A,Rack,1,1,RAF,012,10,100,180,120,1050
RDI,A048,CD SARANDI NAVE 1,General,RAF010.10A,Rack,1,1,RAF,010,10,100,180,120,1050
RDI,A048,CD SARANDI NAVE 1,General,RAF008.10A,Rack,1,1,RAF,008,10,100,180,120,1050
RDI,A048,CD SARANDI NAVE 1,General,RAF006.10A,Rack,1,1,RAF,006,10,100,180,120,1050
RDI,A048,CD SARANDI NAVE 1,General,RAF004.10A,Rack,1,1,RAF,004,10,100,180,120,1050
RDI,A048,CD SARANDI NAVE 1,General,RAF002.10A,Rack,1,1,RAF,002,10,100,180,120,1050
RDI,A048,CD SARANDI NAVE 1,General,RAG045.10A,Rack,1,1,RAG,045,10,100,180,120,1050
RDI,A048,CD SARANDI NAVE 1,General,RAG043.10A,Rack,1,1,RAG,043,10,100,180,120,1050
RDI,A048,CD SARANDI NAVE 1,General,RAG041.10A,Rack,1,1,RAG,041,10,100,180,120,1050
RDI,A048,CD SARANDI NAVE 1,General,RAG039.10A,Rack,1,1,RAG,039,10,100,180,120,1050
RDI,A048,CD SARANDI NAVE 1,General,RAG037.10A,Rack,1,1,RAG,037,10,100,180,120,1050
RDI,A048,CD SARANDI NAVE 1,General,RAG035.10A,Rack,1,1,RAG,035,10,100,180,120,1050
RDI,A048,CD SARANDI NAVE 1,General,RAG033.10A,Rack,1,1,RAG,033,10,100,180,120,1050
RDI,A048,CD SARANDI NAVE 1,General,RAG031.10A,Rack,1,1,RAG,031,10,100,180,120,1050
RDI,A048,CD SARANDI NAVE 1,General,RAG029.10A,Rack,1,1,RAG,029,10,100,180,120,1050
RDI,A048,CD SARANDI NAVE 1,General,RAG027.10A,Rack,1,1,RAG,027,10,100,180,120,1050
RDI,A048,CD SARANDI NAVE 1,General,RAG025.10A,Rack,1,1,RAG,025,10,100,180,120,1050
RDI,A048,CD SARANDI NAVE 1,General,RAG023.10A,Rack,1,1,RAG,023,10,100,180,120,1050
RDI,A048,CD SARANDI NAVE 1,General,RAG021.10A,Rack,1,1,RAG,021,10,100,180,120,1050
RDI,A048,CD SARANDI NAVE 1,General,RAG019.10A,Rack,1,1,RAG,019,10,100,180,120,1050
RDI,A048,CD SARANDI NAVE 1,General,RAG017.10A,Rack,1,1,RAG,017,10,100,180,120,1050
RDI,A048,CD SARANDI NAVE 1,General,RAG015.10A,Rack,1,1,RAG,015,10,100,180,120,1050
RDI,A048,CD SARANDI NAVE 1,General,RAG013.10A,Rack,1,1,RAG,013,10,100,180,120,1050
RDI,A048,CD SARANDI NAVE 1,General,RAG011.10A,Rack,1,1,RAG,011,10,100,180,120,1050
RDI,A048,CD SARANDI NAVE 1,General,RAG009.10A,Rack,1,1,RAG,009,10,100,180,120,1050
RDI,A048,CD SARANDI NAVE 1,General,RAG007.10A,Rack,1,1,RAG,007,10,100,180,120,1050
RDI,A048,CD SARANDI NAVE 1,General,RAG003.10A,Rack,1,1,RAG,003,10,100,180,120,1050
RDI,A048,CD SARANDI NAVE 1,General,RAG001.10A,Rack,1,1,RAG,001,10,100,180,120,1050
RDI,A048,CD SARANDI NAVE 1,General,RAG044.10A,Rack,1,1,RAG,044,10,100,180,120,1050
RDI,A048,CD SARANDI NAVE 1,General,RAG042.10A,Rack,1,1,RAG,042,10,100,180,120,1050
RDI,A048,CD SARANDI NAVE 1,General,RAG040.10A,Rack,1,1,RAG,040,10,100,180,120,1050
RDI,A048,CD SARANDI NAVE 1,General,RAG038.10A,Rack,1,1,RAG,038,10,100,180,120,1050
RDI,A048,CD SARANDI NAVE 1,General,RAG036.10A,Rack,1,1,RAG,036,10,100,180,120,1050
RDI,A048,CD SARANDI NAVE 1,General,RAG034.10A,Rack,1,1,RAG,034,10,100,180,120,1050
RDI,A048,CD SARANDI NAVE 1,General,RAG032.10A,Rack,1,1,RAG,032,10,100,180,120,1050
RDI,A048,CD SARANDI NAVE 1,General,RAG030.10A,Rack,1,1,RAG,030,10,100,180,120,1050
RDI,A048,CD SARANDI NAVE 1,General,RAG028.10A,Rack,1,1,RAG,028,10,100,180,120,1050
RDI,A048,CD SARANDI NAVE 1,General,RAG026.10A,Rack,1,1,RAG,026,10,100,180,120,1050
RDI,A048,CD SARANDI NAVE 1,General,RAG024.10A,Rack,1,1,RAG,024,10,100,180,120,1050
RDI,A048,CD SARANDI NAVE 1,General,RAG022.10A,Rack,1,1,RAG,022,10,100,180,120,1050
RDI,A048,CD SARANDI NAVE 1,General,RAG020.10A,Rack,1,1,RAG,020,10,100,180,120,1050
RDI,A048,CD SARANDI NAVE 1,General,RAG018.10A,Rack,1,1,RAG,018,10,100,180,120,1050
RDI,A048,CD SARANDI NAVE 1,General,RAG016.10A,Rack,1,1,RAG,016,10,100,180,120,1050
RDI,A048,CD SARANDI NAVE 1,General,RAG014.10A,Rack,1,1,RAG,014,10,100,180,120,1050
RDI,A048,CD SARANDI NAVE 1,General,RAG012.10A,Rack,1,1,RAG,012,10,100,180,120,1050
RDI,A048,CD SARANDI NAVE 1,General,RAG010.10A,Rack,1,1,RAG,010,10,100,180,120,1050
RDI,A048,CD SARANDI NAVE 1,General,RAG008.10A,Rack,1,1,RAG,008,10,100,180,120,1050
RDI,A048,CD SARANDI NAVE 1,General,RAG006.10A,Rack,1,1,RAG,006,10,100,180,120,1050
RDI,A048,CD SARANDI NAVE 1,General,RAG004.10A,Rack,1,1,RAG,004,10,100,180,120,1050
RDI,A048,CD SARANDI NAVE 1,General,RAG002.10A,Rack,1,1,RAG,002,10,100,180,120,1050
RDI,A048,CD SARANDI NAVE 1,General,RAH045.10A,Rack,1,1,RAH,045,10,100,180,120,1050
RDI,A048,CD SARANDI NAVE 1,General,RAH043.10A,Rack,1,1,RAH,043,10,100,180,120,1050
RDI,A048,CD SARANDI NAVE 1,General,RAH041.10A,Rack,1,1,RAH,041,10,100,180,120,1050
RDI,A048,CD SARANDI NAVE 1,General,RAH039.10A,Rack,1,1,RAH,039,10,100,180,120,1050
RDI,A048,CD SARANDI NAVE 1,General,RAH037.10A,Rack,1,1,RAH,037,10,100,180,120,1050
RDI,A048,CD SARANDI NAVE 1,General,RAH035.10A,Rack,1,1,RAH,035,10,100,180,120,1050
RDI,A048,CD SARANDI NAVE 1,General,RAH033.10A,Rack,1,1,RAH,033,10,100,180,120,1050
RDI,A048,CD SARANDI NAVE 1,General,RAH031.10A,Rack,1,1,RAH,031,10,100,180,120,1050
RDI,A048,CD SARANDI NAVE 1,General,RAH029.10A,Rack,1,1,RAH,029,10,100,180,120,1050
RDI,A048,CD SARANDI NAVE 1,General,RAH027.10A,Rack,1,1,RAH,027,10,100,180,120,1050
RDI,A048,CD SARANDI NAVE 1,General,RAH025.10A,Rack,1,1,RAH,025,10,100,180,120,1050
RDI,A048,CD SARANDI NAVE 1,General,RAH023.10A,Rack,1,1,RAH,023,10,100,180,120,1050
RDI,A048,CD SARANDI NAVE 1,General,RAH021.10A,Rack,1,1,RAH,021,10,100,180,120,1050
RDI,A048,CD SARANDI NAVE 1,General,RAH019.10A,Rack,1,1,RAH,019,10,100,180,120,1050
RDI,A048,CD SARANDI NAVE 1,General,RAH017.10A,Rack,1,1,RAH,017,10,100,180,120,1050
RDI,A048,CD SARANDI NAVE 1,General,RAH015.10A,Rack,1,1,RAH,015,10,100,180,120,1050
RDI,A048,CD SARANDI NAVE 1,General,RAH013.10A,Rack,1,1,RAH,013,10,100,180,120,1050
RDI,A048,CD SARANDI NAVE 1,General,RAH011.10A,Rack,1,1,RAH,011,10,100,180,120,1050
RDI,A048,CD SARANDI NAVE 1,General,RAH009.10A,Rack,1,1,RAH,009,10,100,180,120,1050
RDI,A048,CD SARANDI NAVE 1,General,RAH007.10A,Rack,1,1,RAH,007,10,100,180,120,1050
RDI,A048,CD SARANDI NAVE 1,General,RAH003.10A,Rack,1,1,RAH,003,10,100,180,120,1050
RDI,A048,CD SARANDI NAVE 1,General,RAH001.10A,Rack,1,1,RAH,001,10,100,180,120,1050
RDI,A048,CD SARANDI NAVE 1,General,RAH044.10A,Rack,1,1,RAH,044,10,100,180,120,1050
RDI,A048,CD SARANDI NAVE 1,General,RAH042.10A,Rack,1,1,RAH,042,10,100,180,120,1050
RDI,A048,CD SARANDI NAVE 1,General,RAH040.10A,Rack,1,1,RAH,040,10,100,180,120,1050
RDI,A048,CD SARANDI NAVE 1,General,RAH038.10A,Rack,1,1,RAH,038,10,100,180,120,1050
RDI,A048,CD SARANDI NAVE 1,General,RAH036.10A,Rack,1,1,RAH,036,10,100,180,120,1050
RDI,A048,CD SARANDI NAVE 1,General,RAH034.10A,Rack,1,1,RAH,034,10,100,180,120,1050
RDI,A048,CD SARANDI NAVE 1,General,RAH032.10A,Rack,1,1,RAH,032,10,100,180,120,1050
RDI,A048,CD SARANDI NAVE 1,General,RAH030.10A,Rack,1,1,RAH,030,10,100,180,120,1050
RDI,A048,CD SARANDI NAVE 1,General,RAH028.10A,Rack,1,1,RAH,028,10,100,180,120,1050
RDI,A048,CD SARANDI NAVE 1,General,RAH026.10A,Rack,1,1,RAH,026,10,100,180,120,1050
RDI,A048,CD SARANDI NAVE 1,General,RAH024.10A,Rack,1,1,RAH,024,10,100,180,120,1050
RDI,A048,CD SARANDI NAVE 1,General,RAH022.10A,Rack,1,1,RAH,022,10,100,180,120,1050
RDI,A048,CD SARANDI NAVE 1,General,RAH020.10A,Rack,1,1,RAH,020,10,100,180,120,1050
RDI,A048,CD SARANDI NAVE 1,General,RAH018.10A,Rack,1,1,RAH,018,10,100,180,120,1050
RDI,A048,CD SARANDI NAVE 1,General,RAH016.10A,Rack,1,1,RAH,016,10,100,180,120,1050
RDI,A048,CD SARANDI NAVE 1,General,RAH014.10A,Rack,1,1,RAH,014,10,100,180,120,1050
RDI,A048,CD SARANDI NAVE 1,General,RAH012.10A,Rack,1,1,RAH,012,10,100,180,120,1050
RDI,A048,CD SARANDI NAVE 1,General,RAH010.10A,Rack,1,1,RAH,010,10,100,180,120,1050
RDI,A048,CD SARANDI NAVE 1,General,RAH008.10A,Rack,1,1,RAH,008,10,100,180,120,1050
RDI,A048,CD SARANDI NAVE 1,General,RAH006.10A,Rack,1,1,RAH,006,10,100,180,120,1050
RDI,A048,CD SARANDI NAVE 1,General,RAH004.10A,Rack,1,1,RAH,004,10,100,180,120,1050
RDI,A048,CD SARANDI NAVE 1,General,RAH002.10A,Rack,1,1,RAH,002,10,100,180,120,1050
RDI,A048,CD SARANDI NAVE 1,General,RAI045.10A,Rack,1,1,RAI,045,10,100,180,120,1050
RDI,A048,CD SARANDI NAVE 1,General,RAI043.10A,Rack,1,1,RAI,043,10,100,180,120,1050
RDI,A048,CD SARANDI NAVE 1,General,RAI041.10A,Rack,1,1,RAI,041,10,100,180,120,1050
RDI,A048,CD SARANDI NAVE 1,General,RAI039.10A,Rack,1,1,RAI,039,10,100,180,120,1050
RDI,A048,CD SARANDI NAVE 1,General,RAI037.10A,Rack,1,1,RAI,037,10,100,180,120,1050
RDI,A048,CD SARANDI NAVE 1,General,RAI035.10A,Rack,1,1,RAI,035,10,100,180,120,1050
RDI,A048,CD SARANDI NAVE 1,General,RAI033.10A,Rack,1,1,RAI,033,10,100,180,120,1050
RDI,A048,CD SARANDI NAVE 1,General,RAI031.10A,Rack,1,1,RAI,031,10,100,180,120,1050
RDI,A048,CD SARANDI NAVE 1,General,RAI029.10A,Rack,1,1,RAI,029,10,100,180,120,1050
RDI,A048,CD SARANDI NAVE 1,General,RAI027.10A,Rack,1,1,RAI,027,10,100,180,120,1050
RDI,A048,CD SARANDI NAVE 1,General,RAI025.10A,Rack,1,1,RAI,025,10,100,180,120,1050
RDI,A048,CD SARANDI NAVE 1,General,RAI023.10A,Rack,1,1,RAI,023,10,100,180,120,1050
RDI,A048,CD SARANDI NAVE 1,General,RAI021.10A,Rack,1,1,RAI,021,10,100,180,120,1050
RDI,A048,CD SARANDI NAVE 1,General,RAI019.10A,Rack,1,1,RAI,019,10,100,180,120,1050
RDI,A048,CD SARANDI NAVE 1,General,RAI017.10A,Rack,1,1,RAI,017,10,100,180,120,1050
RDI,A048,CD SARANDI NAVE 1,General,RAI015.10A,Rack,1,1,RAI,015,10,100,180,120,1050
RDI,A048,CD SARANDI NAVE 1,General,RAI013.10A,Rack,1,1,RAI,013,10,100,180,120,1050
RDI,A048,CD SARANDI NAVE 1,General,RAI011.10A,Rack,1,1,RAI,011,10,100,180,120,1050
RDI,A048,CD SARANDI NAVE 1,General,RAI009.10A,Rack,1,1,RAI,009,10,100,180,120,1050
RDI,A048,CD SARANDI NAVE 1,General,RAI007.10A,Rack,1,1,RAI,007,10,100,180,120,1050
RDI,A048,CD SARANDI NAVE 1,General,RAI003.10A,Rack,1,1,RAI,003,10,100,180,120,1050
RDI,A048,CD SARANDI NAVE 1,General,RAI001.10A,Rack,1,1,RAI,001,10,100,180,120,1050
RDI,A048,CD SARANDI NAVE 1,General,RAI044.10A,Rack,1,1,RAI,044,10,100,180,120,1050
RDI,A048,CD SARANDI NAVE 1,General,RAI042.10A,Rack,1,1,RAI,042,10,100,180,120,1050
RDI,A048,CD SARANDI NAVE 1,General,RAI040.10A,Rack,1,1,RAI,040,10,100,180,120,1050
RDI,A048,CD SARANDI NAVE 1,General,RAI038.10A,Rack,1,1,RAI,038,10,100,180,120,1050
RDI,A048,CD SARANDI NAVE 1,General,RAI036.10A,Rack,1,1,RAI,036,10,100,180,120,1050
RDI,A048,CD SARANDI NAVE 1,General,RAI034.10A,Rack,1,1,RAI,034,10,100,180,120,1050
RDI,A048,CD SARANDI NAVE 1,General,RAI032.10A,Rack,1,1,RAI,032,10,100,180,120,1050
RDI,A048,CD SARANDI NAVE 1,General,RAI030.10A,Rack,1,1,RAI,030,10,100,180,120,1050
RDI,A048,CD SARANDI NAVE 1,General,RAI028.10A,Rack,1,1,RAI,028,10,100,180,120,1050
RDI,A048,CD SARANDI NAVE 1,General,RAI026.10A,Rack,1,1,RAI,026,10,100,180,120,1050
RDI,A048,CD SARANDI NAVE 1,General,RAI024.10A,Rack,1,1,RAI,024,10,100,180,120,1050
RDI,A048,CD SARANDI NAVE 1,General,RAI022.10A,Rack,1,1,RAI,022,10,100,180,120,1050
RDI,A048,CD SARANDI NAVE 1,General,RAI020.10A,Rack,1,1,RAI,020,10,100,180,120,1050
RDI,A048,CD SARANDI NAVE 1,General,RAI018.10A,Rack,1,1,RAI,018,10,100,180,120,1050
RDI,A048,CD SARANDI NAVE 1,General,RAI016.10A,Rack,1,1,RAI,016,10,100,180,120,1050
RDI,A048,CD SARANDI NAVE 1,General,RAI014.10A,Rack,1,1,RAI,014,10,100,180,120,1050
RDI,A048,CD SARANDI NAVE 1,General,RAI012.10A,Rack,1,1,RAI,012,10,100,180,120,1050
RDI,A048,CD SARANDI NAVE 1,General,RAI010.10A,Rack,1,1,RAI,010,10,100,180,120,1050
RDI,A048,CD SARANDI NAVE 1,General,RAI008.10A,Rack,1,1,RAI,008,10,100,180,120,1050
RDI,A048,CD SARANDI NAVE 1,General,RAI006.10A,Rack,1,1,RAI,006,10,100,180,120,1050
RDI,A048,CD SARANDI NAVE 1,General,RAI004.10A,Rack,1,1,RAI,004,10,100,180,120,1050
RDI,A048,CD SARANDI NAVE 1,General,RAI002.10A,Rack,1,1,RAI,002,10,100,180,120,1050
RDI,A048,CD SARANDI NAVE 1,General,RAJ045.10A,Rack,1,1,RAJ,045,10,100,180,120,1050
RDI,A048,CD SARANDI NAVE 1,General,RAJ043.10A,Rack,1,1,RAJ,043,10,100,180,120,1050
RDI,A048,CD SARANDI NAVE 1,General,RAJ041.10A,Rack,1,1,RAJ,041,10,100,180,120,1050
RDI,A048,CD SARANDI NAVE 1,General,RAJ039.10A,Rack,1,1,RAJ,039,10,100,180,120,1050
RDI,A048,CD SARANDI NAVE 1,General,RAJ037.10A,Rack,1,1,RAJ,037,10,100,180,120,1050
RDI,A048,CD SARANDI NAVE 1,General,RAJ035.10A,Rack,1,1,RAJ,035,10,100,180,120,1050
RDI,A048,CD SARANDI NAVE 1,General,RAJ033.10A,Rack,1,1,RAJ,033,10,100,180,120,1050
RDI,A048,CD SARANDI NAVE 1,General,RAJ031.10A,Rack,1,1,RAJ,031,10,100,180,120,1050
RDI,A048,CD SARANDI NAVE 1,General,RAJ029.10A,Rack,1,1,RAJ,029,10,100,180,120,1050
RDI,A048,CD SARANDI NAVE 1,General,RAJ027.10A,Rack,1,1,RAJ,027,10,100,180,120,1050
RDI,A048,CD SARANDI NAVE 1,General,RAJ025.10A,Rack,1,1,RAJ,025,10,100,180,120,1050
RDI,A048,CD SARANDI NAVE 1,General,RAJ023.10A,Rack,1,1,RAJ,023,10,100,180,120,1050
RDI,A048,CD SARANDI NAVE 1,General,RAJ021.10A,Rack,1,1,RAJ,021,10,100,180,120,1050
RDI,A048,CD SARANDI NAVE 1,General,RAJ019.10A,Rack,1,1,RAJ,019,10,100,180,120,1050
RDI,A048,CD SARANDI NAVE 1,General,RAJ017.10A,Rack,1,1,RAJ,017,10,100,180,120,1050
RDI,A048,CD SARANDI NAVE 1,General,RAJ015.10A,Rack,1,1,RAJ,015,10,100,180,120,1050
RDI,A048,CD SARANDI NAVE 1,General,RAJ013.10A,Rack,1,1,RAJ,013,10,100,180,120,1050
RDI,A048,CD SARANDI NAVE 1,General,RAJ011.10A,Rack,1,1,RAJ,011,10,100,180,120,1050
RDI,A048,CD SARANDI NAVE 1,General,RAJ009.10A,Rack,1,1,RAJ,009,10,100,180,120,1050
RDI,A048,CD SARANDI NAVE 1,General,RAJ007.10A,Rack,1,1,RAJ,007,10,100,180,120,1050
RDI,A048,CD SARANDI NAVE 1,General,RAJ003.10A,Rack,1,1,RAJ,003,10,100,180,120,1050
RDI,A048,CD SARANDI NAVE 1,General,RAJ001.10A,Rack,1,1,RAJ,001,10,100,180,120,1050
RDI,A048,CD SARANDI NAVE 1,General,RAJ044.10A,Rack,1,1,RAJ,044,10,100,180,120,1050
RDI,A048,CD SARANDI NAVE 1,General,RAJ042.10A,Rack,1,1,RAJ,042,10,100,180,120,1050
RDI,A048,CD SARANDI NAVE 1,General,RAJ040.10A,Rack,1,1,RAJ,040,10,100,180,120,1050
RDI,A048,CD SARANDI NAVE 1,General,RAJ038.10A,Rack,1,1,RAJ,038,10,100,180,120,1050
RDI,A048,CD SARANDI NAVE 1,General,RAJ036.10A,Rack,1,1,RAJ,036,10,100,180,120,1050
RDI,A048,CD SARANDI NAVE 1,General,RAJ034.10A,Rack,1,1,RAJ,034,10,100,180,120,1050
RDI,A048,CD SARANDI NAVE 1,General,RAJ032.10A,Rack,1,1,RAJ,032,10,100,180,120,1050
RDI,A048,CD SARANDI NAVE 1,General,RAJ030.10A,Rack,1,1,RAJ,030,10,100,180,120,1050
RDI,A048,CD SARANDI NAVE 1,General,RAK045.10A,Rack,1,1,RAK,045,10,100,180,120,1050
RDI,A048,CD SARANDI NAVE 1,General,RAK043.10A,Rack,1,1,RAK,043,10,100,180,120,1050
RDI,A048,CD SARANDI NAVE 1,General,RAK041.10A,Rack,1,1,RAK,041,10,100,180,120,1050
RDI,A048,CD SARANDI NAVE 1,General,RAK039.10A,Rack,1,1,RAK,039,10,100,180,120,1050
RDI,A048,CD SARANDI NAVE 1,General,RAK037.10A,Rack,1,1,RAK,037,10,100,180,120,1050
RDI,A048,CD SARANDI NAVE 1,General,RAK035.10A,Rack,1,1,RAK,035,10,100,180,120,1050
RDI,A048,CD SARANDI NAVE 1,General,RAK033.10A,Rack,1,1,RAK,033,10,100,180,120,1050
RDI,A048,CD SARANDI NAVE 1,General,RAK031.10A,Rack,1,1,RAK,031,10,100,180,120,1050
RDI,A048,CD SARANDI NAVE 1,General,RAK044.10A,Rack,1,1,RAK,044,10,100,180,120,1050
RDI,A048,CD SARANDI NAVE 1,General,RAK042.10A,Rack,1,1,RAK,042,10,100,180,120,1050
RDI,A048,CD SARANDI NAVE 1,General,RAK040.10A,Rack,1,1,RAK,040,10,100,180,120,1050
RDI,A048,CD SARANDI NAVE 1,General,RAK038.10A,Rack,1,1,RAK,038,10,100,180,120,1050
RDI,A048,CD SARANDI NAVE 1,General,RAK036.10A,Rack,1,1,RAK,036,10,100,180,120,1050
RDI,A048,CD SARANDI NAVE 1,General,RAK034.10A,Rack,1,1,RAK,034,10,100,180,120,1050
RDI,A048,CD SARANDI NAVE 1,General,RAK032.10A,Rack,1,1,RAK,032,10,100,180,120,1050
RDI,A048,CD SARANDI NAVE 1,General,RAK030.10A,Rack,1,1,RAK,030,10,100,180,120,1050
RDI,A048,CD SARANDI NAVE 1,General,RAL045.10A,Rack,1,1,RAL,045,10,100,180,120,1050
RDI,A048,CD SARANDI NAVE 1,General,RAL043.10A,Rack,1,1,RAL,043,10,100,180,120,1050
RDI,A048,CD SARANDI NAVE 1,General,RAL041.10A,Rack,1,1,RAL,041,10,100,180,120,1050
RDI,A048,CD SARANDI NAVE 1,General,RAL039.10A,Rack,1,1,RAL,039,10,100,180,120,1050
RDI,A048,CD SARANDI NAVE 1,General,RAL037.10A,Rack,1,1,RAL,037,10,100,180,120,1050
RDI,A048,CD SARANDI NAVE 1,General,RAL035.10A,Rack,1,1,RAL,035,10,100,180,120,1050
RDI,A048,CD SARANDI NAVE 1,General,RAL033.10A,Rack,1,1,RAL,033,10,100,180,120,1050
RDI,A048,CD SARANDI NAVE 1,General,RAL031.10A,Rack,1,1,RAL,031,10,100,180,120,1050
RDI,A048,CD SARANDI NAVE 1,General,RAL044.10A,Rack,1,1,RAL,044,10,100,180,120,1050
RDI,A048,CD SARANDI NAVE 1,General,RAL042.10A,Rack,1,1,RAL,042,10,100,180,120,1050
RDI,A048,CD SARANDI NAVE 1,General,RAL040.10A,Rack,1,1,RAL,040,10,100,180,120,1050
RDI,A048,CD SARANDI NAVE 1,General,RAL038.10A,Rack,1,1,RAL,038,10,100,180,120,1050
RDI,A048,CD SARANDI NAVE 1,General,RAL036.10A,Rack,1,1,RAL,036,10,100,180,120,1050
RDI,A048,CD SARANDI NAVE 1,General,RAL034.10A,Rack,1,1,RAL,034,10,100,180,120,1050
RDI,A048,CD SARANDI NAVE 1,General,RAL032.10A,Rack,1,1,RAL,032,10,100,180,120,1050
RDI,A048,CD SARANDI NAVE 1,General,RAL030.10A,Rack,1,1,RAL,030,10,100,180,120,1050
RDI,A048,CD SARANDI NAVE 1,Espacio Cedido,RAA044.20A,Rack,1,1,RAA,044,20,100,180,120,1050
RDI,A048,CD SARANDI NAVE 1,Espacio Cedido,RAA042.20A,Rack,1,1,RAA,042,20,100,180,120,1050
RDI,A048,CD SARANDI NAVE 1,Espacio Cedido,RAA040.20A,Rack,1,1,RAA,040,20,100,180,120,1050
RDI,A048,CD SARANDI NAVE 1,Espacio Cedido,RAA038.20A,Rack,1,1,RAA,038,20,100,180,120,1050
RDI,A048,CD SARANDI NAVE 1,Espacio Cedido,RAA036.20A,Rack,1,1,RAA,036,20,100,180,120,1050
RDI,A048,CD SARANDI NAVE 1,Espacio Cedido,RAA034.20A,Rack,1,1,RAA,034,20,100,180,120,1050
RDI,A048,CD SARANDI NAVE 1,Espacio Cedido,RAA032.20A,Rack,1,1,RAA,032,20,100,180,120,1050
RDI,A048,CD SARANDI NAVE 1,Espacio Cedido,RAA030.20A,Rack,1,1,RAA,030,20,100,180,120,1050
RDI,A048,CD SARANDI NAVE 1,Espacio Cedido,RAA028.20A,Rack,1,1,RAA,028,20,100,180,120,1050
RDI,A048,CD SARANDI NAVE 1,Espacio Cedido,RAA026.20A,Rack,1,1,RAA,026,20,100,180,120,1050
RDI,A048,CD SARANDI NAVE 1,Espacio Cedido,RAA044.20A,Rack,1,1,RAA,044,20,100,180,120,1050
RDI,A048,CD SARANDI NAVE 1,Espacio Cedido,RAA042.20A,Rack,1,1,RAA,042,20,100,180,120,1050
RDI,A048,CD SARANDI NAVE 1,Espacio Cedido,RAA040.20A,Rack,1,1,RAA,040,20,100,180,120,1050
RDI,A048,CD SARANDI NAVE 1,Espacio Cedido,RAA038.20A,Rack,1,1,RAA,038,20,100,180,120,1050
RDI,A048,CD SARANDI NAVE 1,Espacio Cedido,RAA036.20A,Rack,1,1,RAA,036,20,100,180,120,1050
RDI,A048,CD SARANDI NAVE 1,Espacio Cedido,RAA034.20A,Rack,1,1,RAA,034,20,100,180,120,1050
RDI,A048,CD SARANDI NAVE 1,Espacio Cedido,RAA032.20A,Rack,1,1,RAA,032,20,100,180,120,1050
RDI,A048,CD SARANDI NAVE 1,Espacio Cedido,RAA030.20A,Rack,1,1,RAA,030,20,100,180,120,1050
RDI,A048,CD SARANDI NAVE 1,Espacio Cedido,RAA028.20A,Rack,1,1,RAA,028,20,100,180,120,1050
RDI,A048,CD SARANDI NAVE 1,Espacio Cedido,RAA026.20A,Rack,1,1,RAA,026,20,100,180,120,1050
RDI,A048,CD SARANDI NAVE 1,General,RAB044.20A,Rack,1,1,RAB,044,20,100,180,120,1050
RDI,A048,CD SARANDI NAVE 1,General,RAB042.20A,Rack,1,1,RAB,042,20,100,180,120,1050
RDI,A048,CD SARANDI NAVE 1,General,RAB040.20A,Rack,1,1,RAB,040,20,100,180,120,1050
RDI,A048,CD SARANDI NAVE 1,General,RAB038.20A,Rack,1,1,RAB,038,20,100,180,120,1050
RDI,A048,CD SARANDI NAVE 1,General,RAB036.20A,Rack,1,1,RAB,036,20,100,180,120,1050
RDI,A048,CD SARANDI NAVE 1,General,RAB034.20A,Rack,1,1,RAB,034,20,100,180,120,1050
RDI,A048,CD SARANDI NAVE 1,General,RAB032.20A,Rack,1,1,RAB,032,20,100,180,120,1050
RDI,A048,CD SARANDI NAVE 1,General,RAB030.20A,Rack,1,1,RAB,030,20,100,180,120,1050
RDI,A048,CD SARANDI NAVE 1,General,RAB028.20A,Rack,1,1,RAB,028,20,100,180,120,1050
RDI,A048,CD SARANDI NAVE 1,General,RAB026.20A,Rack,1,1,RAB,026,20,100,180,120,1050
RDI,A048,CD SARANDI NAVE 1,General,RAB024.20A,Rack,1,1,RAB,024,20,100,180,120,1050
RDI,A048,CD SARANDI NAVE 1,General,RAB022.20A,Rack,1,1,RAB,022,20,100,180,120,1050
RDI,A048,CD SARANDI NAVE 1,General,RAB020.20A,Rack,1,1,RAB,020,20,100,180,120,1050
RDI,A048,CD SARANDI NAVE 1,General,RAB018.20A,Rack,1,1,RAB,018,20,100,180,120,1050
RDI,A048,CD SARANDI NAVE 1,General,RAB016.20A,Rack,1,1,RAB,016,20,100,180,120,1050
RDI,A048,CD SARANDI NAVE 1,General,RAB014.20A,Rack,1,1,RAB,014,20,100,180,120,1050
RDI,A048,CD SARANDI NAVE 1,General,RAB012.20A,Rack,1,1,RAB,012,20,100,180,120,1050
RDI,A048,CD SARANDI NAVE 1,General,RAB010.20A,Rack,1,1,RAB,010,20,100,180,120,1050
RDI,A048,CD SARANDI NAVE 1,General,RAB008.20A,Rack,1,1,RAB,008,20,100,180,120,1050
RDI,A048,CD SARANDI NAVE 1,General,RAB006.20A,Rack,1,1,RAB,006,20,100,180,120,1050
RDI,A048,CD SARANDI NAVE 1,General,RAB004.20A,Rack,1,1,RAB,004,20,100,180,120,1050
RDI,A048,CD SARANDI NAVE 1,General,RAB002.20A,Rack,1,1,RAB,002,20,100,180,120,1050
RDI,A048,CD SARANDI NAVE 1,General,RAC045.20A,Rack,1,1,RAC,045,20,100,180,120,1050
RDI,A048,CD SARANDI NAVE 1,General,RAC043.20A,Rack,1,1,RAC,043,20,100,180,120,1050
RDI,A048,CD SARANDI NAVE 1,General,RAC041.20A,Rack,1,1,RAC,041,20,100,180,120,1050
RDI,A048,CD SARANDI NAVE 1,General,RAC039.20A,Rack,1,1,RAC,039,20,100,180,120,1050
RDI,A048,CD SARANDI NAVE 1,General,RAC037.20A,Rack,1,1,RAC,037,20,100,180,120,1050
RDI,A048,CD SARANDI NAVE 1,General,RAC035.20A,Rack,1,1,RAC,035,20,100,180,120,1050
RDI,A048,CD SARANDI NAVE 1,General,RAC033.20A,Rack,1,1,RAC,033,20,100,180,120,1050
RDI,A048,CD SARANDI NAVE 1,General,RAC031.20A,Rack,1,1,RAC,031,20,100,180,120,1050
RDI,A048,CD SARANDI NAVE 1,General,RAC029.20A,Rack,1,1,RAC,029,20,100,180,120,1050
RDI,A048,CD SARANDI NAVE 1,General,RAC027.20A,Rack,1,1,RAC,027,20,100,180,120,1050
RDI,A048,CD SARANDI NAVE 1,General,RAC025.20A,Rack,1,1,RAC,025,20,100,180,120,1050
RDI,A048,CD SARANDI NAVE 1,General,RAC023.20A,Rack,1,1,RAC,023,20,100,180,120,1050
RDI,A048,CD SARANDI NAVE 1,General,RAC021.20A,Rack,1,1,RAC,021,20,100,180,120,1050
RDI,A048,CD SARANDI NAVE 1,General,RAC019.20A,Rack,1,1,RAC,019,20,100,180,120,1050
RDI,A048,CD SARANDI NAVE 1,General,RAC017.20A,Rack,1,1,RAC,017,20,100,180,120,1050
RDI,A048,CD SARANDI NAVE 1,General,RAC015.20A,Rack,1,1,RAC,015,20,100,180,120,1050
RDI,A048,CD SARANDI NAVE 1,General,RAC013.20A,Rack,1,1,RAC,013,20,100,180,120,1050
RDI,A048,CD SARANDI NAVE 1,General,RAC011.20A,Rack,1,1,RAC,011,20,100,180,120,1050
RDI,A048,CD SARANDI NAVE 1,General,RAC009.20A,Rack,1,1,RAC,009,20,100,180,120,1050
RDI,A048,CD SARANDI NAVE 1,General,RAC007.20A,Rack,1,1,RAC,007,20,100,180,120,1050
RDI,A048,CD SARANDI NAVE 1,General,RAC003.20A,Rack,1,1,RAC,003,20,100,180,120,1050
RDI,A048,CD SARANDI NAVE 1,General,RAC001.20A,Rack,1,1,RAC,001,20,100,180,120,1050
RDI,A048,CD SARANDI NAVE 1,General,RAC044.20A,Rack,1,1,RAC,044,20,100,180,120,1050
RDI,A048,CD SARANDI NAVE 1,General,RAC042.20A,Rack,1,1,RAC,042,20,100,180,120,1050
RDI,A048,CD SARANDI NAVE 1,General,RAC040.20A,Rack,1,1,RAC,040,20,100,180,120,1050
RDI,A048,CD SARANDI NAVE 1,General,RAC038.20A,Rack,1,1,RAC,038,20,100,180,120,1050
RDI,A048,CD SARANDI NAVE 1,General,RAC036.20A,Rack,1,1,RAC,036,20,100,180,120,1050
RDI,A048,CD SARANDI NAVE 1,General,RAC034.20A,Rack,1,1,RAC,034,20,100,180,120,1050
RDI,A048,CD SARANDI NAVE 1,General,RAC032.20A,Rack,1,1,RAC,032,20,100,180,120,1050
RDI,A048,CD SARANDI NAVE 1,General,RAC030.20A,Rack,1,1,RAC,030,20,100,180,120,1050
RDI,A048,CD SARANDI NAVE 1,General,RAC028.20A,Rack,1,1,RAC,028,20,100,180,120,1050
RDI,A048,CD SARANDI NAVE 1,General,RAC026.20A,Rack,1,1,RAC,026,20,100,180,120,1050
RDI,A048,CD SARANDI NAVE 1,General,RAC024.20A,Rack,1,1,RAC,024,20,100,180,120,1050
RDI,A048,CD SARANDI NAVE 1,General,RAC022.20A,Rack,1,1,RAC,022,20,100,180,120,1050
RDI,A048,CD SARANDI NAVE 1,General,RAC020.20A,Rack,1,1,RAC,020,20,100,180,120,1050
RDI,A048,CD SARANDI NAVE 1,General,RAC018.20A,Rack,1,1,RAC,018,20,100,180,120,1050
RDI,A048,CD SARANDI NAVE 1,General,RAC016.20A,Rack,1,1,RAC,016,20,100,180,120,1050
RDI,A048,CD SARANDI NAVE 1,General,RAC014.20A,Rack,1,1,RAC,014,20,100,180,120,1050
RDI,A048,CD SARANDI NAVE 1,General,RAC012.20A,Rack,1,1,RAC,012,20,100,180,120,1050
RDI,A048,CD SARANDI NAVE 1,General,RAC010.20A,Rack,1,1,RAC,010,20,100,180,120,1050
RDI,A048,CD SARANDI NAVE 1,General,RAC008.20A,Rack,1,1,RAC,008,20,100,180,120,1050
RDI,A048,CD SARANDI NAVE 1,General,RAC006.20A,Rack,1,1,RAC,006,20,100,180,120,1050
RDI,A048,CD SARANDI NAVE 1,General,RAC004.20A,Rack,1,1,RAC,004,20,100,180,120,1050
RDI,A048,CD SARANDI NAVE 1,General,RAC002.20A,Rack,1,1,RAC,002,20,100,180,120,1050
RDI,A048,CD SARANDI NAVE 1,General,RAD045.20A,Rack,1,1,RAD,045,20,100,180,120,1050
RDI,A048,CD SARANDI NAVE 1,General,RAD043.20A,Rack,1,1,RAD,043,20,100,180,120,1050
RDI,A048,CD SARANDI NAVE 1,General,RAD041.20A,Rack,1,1,RAD,041,20,100,180,120,1050
RDI,A048,CD SARANDI NAVE 1,General,RAD039.20A,Rack,1,1,RAD,039,20,100,180,120,1050
RDI,A048,CD SARANDI NAVE 1,General,RAD037.20A,Rack,1,1,RAD,037,20,100,180,120,1050
RDI,A048,CD SARANDI NAVE 1,General,RAD035.20A,Rack,1,1,RAD,035,20,100,180,120,1050
RDI,A048,CD SARANDI NAVE 1,General,RAD033.20A,Rack,1,1,RAD,033,20,100,180,120,1050
RDI,A048,CD SARANDI NAVE 1,General,RAD031.20A,Rack,1,1,RAD,031,20,100,180,120,1050
RDI,A048,CD SARANDI NAVE 1,General,RAD029.20A,Rack,1,1,RAD,029,20,100,180,120,1050
RDI,A048,CD SARANDI NAVE 1,General,RAD027.20A,Rack,1,1,RAD,027,20,100,180,120,1050
RDI,A048,CD SARANDI NAVE 1,General,RAD025.20A,Rack,1,1,RAD,025,20,100,180,120,1050
RDI,A048,CD SARANDI NAVE 1,General,RAD023.20A,Rack,1,1,RAD,023,20,100,180,120,1050
RDI,A048,CD SARANDI NAVE 1,General,RAD021.20A,Rack,1,1,RAD,021,20,100,180,120,1050
RDI,A048,CD SARANDI NAVE 1,General,RAD019.20A,Rack,1,1,RAD,019,20,100,180,120,1050
RDI,A048,CD SARANDI NAVE 1,General,RAD017.20A,Rack,1,1,RAD,017,20,100,180,120,1050
RDI,A048,CD SARANDI NAVE 1,General,RAD015.20A,Rack,1,1,RAD,015,20,100,180,120,1050
RDI,A048,CD SARANDI NAVE 1,General,RAD013.20A,Rack,1,1,RAD,013,20,100,180,120,1050
RDI,A048,CD SARANDI NAVE 1,General,RAD011.20A,Rack,1,1,RAD,011,20,100,180,120,1050
RDI,A048,CD SARANDI NAVE 1,General,RAD009.20A,Rack,1,1,RAD,009,20,100,180,120,1050
RDI,A048,CD SARANDI NAVE 1,General,RAD007.20A,Rack,1,1,RAD,007,20,100,180,120,1050
RDI,A048,CD SARANDI NAVE 1,General,RAD003.20A,Rack,1,1,RAD,003,20,100,180,120,1050
RDI,A048,CD SARANDI NAVE 1,General,RAD001.20A,Rack,1,1,RAD,001,20,100,180,120,1050
RDI,A048,CD SARANDI NAVE 1,General,RAD044.20A,Rack,1,1,RAD,044,20,100,180,120,1050
RDI,A048,CD SARANDI NAVE 1,General,RAD042.20A,Rack,1,1,RAD,042,20,100,180,120,1050
RDI,A048,CD SARANDI NAVE 1,General,RAD040.20A,Rack,1,1,RAD,040,20,100,180,120,1050
RDI,A048,CD SARANDI NAVE 1,General,RAD038.20A,Rack,1,1,RAD,038,20,100,180,120,1050
RDI,A048,CD SARANDI NAVE 1,General,RAD036.20A,Rack,1,1,RAD,036,20,100,180,120,1050
RDI,A048,CD SARANDI NAVE 1,General,RAD034.20A,Rack,1,1,RAD,034,20,100,180,120,1050
RDI,A048,CD SARANDI NAVE 1,General,RAD032.20A,Rack,1,1,RAD,032,20,100,180,120,1050
RDI,A048,CD SARANDI NAVE 1,General,RAD030.20A,Rack,1,1,RAD,030,20,100,180,120,1050
RDI,A048,CD SARANDI NAVE 1,General,RAD028.20A,Rack,1,1,RAD,028,20,100,180,120,1050
RDI,A048,CD SARANDI NAVE 1,General,RAD026.20A,Rack,1,1,RAD,026,20,100,180,120,1050
RDI,A048,CD SARANDI NAVE 1,General,RAD024.20A,Rack,1,1,RAD,024,20,100,180,120,1050
RDI,A048,CD SARANDI NAVE 1,General,RAD022.20A,Rack,1,1,RAD,022,20,100,180,120,1050
RDI,A048,CD SARANDI NAVE 1,General,RAD020.20A,Rack,1,1,RAD,020,20,100,180,120,1050
RDI,A048,CD SARANDI NAVE 1,General,RAD018.20A,Rack,1,1,RAD,018,20,100,180,120,1050
RDI,A048,CD SARANDI NAVE 1,General,RAD016.20A,Rack,1,1,RAD,016,20,100,180,120,1050
RDI,A048,CD SARANDI NAVE 1,General,RAD014.20A,Rack,1,1,RAD,014,20,100,180,120,1050
RDI,A048,CD SARANDI NAVE 1,General,RAD012.20A,Rack,1,1,RAD,012,20,100,180,120,1050
RDI,A048,CD SARANDI NAVE 1,General,RAD010.20A,Rack,1,1,RAD,010,20,100,180,120,1050
RDI,A048,CD SARANDI NAVE 1,General,RAD008.20A,Rack,1,1,RAD,008,20,100,180,120,1050
RDI,A048,CD SARANDI NAVE 1,General,RAD006.20A,Rack,1,1,RAD,006,20,100,180,120,1050
RDI,A048,CD SARANDI NAVE 1,General,RAD004.20A,Rack,1,1,RAD,004,20,100,180,120,1050
RDI,A048,CD SARANDI NAVE 1,General,RAD002.20A,Rack,1,1,RAD,002,20,100,180,120,1050
RDI,A048,CD SARANDI NAVE 1,General,RAE045.20A,Rack,1,1,RAE,045,20,100,180,120,1050
RDI,A048,CD SARANDI NAVE 1,General,RAE043.20A,Rack,1,1,RAE,043,20,100,180,120,1050
RDI,A048,CD SARANDI NAVE 1,General,RAE041.20A,Rack,1,1,RAE,041,20,100,180,120,1050
RDI,A048,CD SARANDI NAVE 1,General,RAE039.20A,Rack,1,1,RAE,039,20,100,180,120,1050
RDI,A048,CD SARANDI NAVE 1,General,RAE037.20A,Rack,1,1,RAE,037,20,100,180,120,1050
RDI,A048,CD SARANDI NAVE 1,General,RAE035.20A,Rack,1,1,RAE,035,20,100,180,120,1050
RDI,A048,CD SARANDI NAVE 1,General,RAE033.20A,Rack,1,1,RAE,033,20,100,180,120,1050
RDI,A048,CD SARANDI NAVE 1,General,RAE031.20A,Rack,1,1,RAE,031,20,100,180,120,1050
RDI,A048,CD SARANDI NAVE 1,General,RAE029.20A,Rack,1,1,RAE,029,20,100,180,120,1050
RDI,A048,CD SARANDI NAVE 1,General,RAE027.20A,Rack,1,1,RAE,027,20,100,180,120,1050
RDI,A048,CD SARANDI NAVE 1,General,RAE025.20A,Rack,1,1,RAE,025,20,100,180,120,1050
RDI,A048,CD SARANDI NAVE 1,General,RAE023.20A,Rack,1,1,RAE,023,20,100,180,120,1050
RDI,A048,CD SARANDI NAVE 1,General,RAE021.20A,Rack,1,1,RAE,021,20,100,180,120,1050
RDI,A048,CD SARANDI NAVE 1,General,RAE019.20A,Rack,1,1,RAE,019,20,100,180,120,1050
RDI,A048,CD SARANDI NAVE 1,General,RAE017.20A,Rack,1,1,RAE,017,20,100,180,120,1050
RDI,A048,CD SARANDI NAVE 1,General,RAE015.20A,Rack,1,1,RAE,015,20,100,180,120,1050
RDI,A048,CD SARANDI NAVE 1,General,RAE013.20A,Rack,1,1,RAE,013,20,100,180,120,1050
RDI,A048,CD SARANDI NAVE 1,General,RAE011.20A,Rack,1,1,RAE,011,20,100,180,120,1050
RDI,A048,CD SARANDI NAVE 1,General,RAE009.20A,Rack,1,1,RAE,009,20,100,180,120,1050
RDI,A048,CD SARANDI NAVE 1,General,RAE007.20A,Rack,1,1,RAE,007,20,100,180,120,1050
RDI,A048,CD SARANDI NAVE 1,General,RAE003.20A,Rack,1,1,RAE,003,20,100,180,120,1050
RDI,A048,CD SARANDI NAVE 1,General,RAE001.20A,Rack,1,1,RAE,001,20,100,180,120,1050
RDI,A048,CD SARANDI NAVE 1,General,RAE044.20A,Rack,1,1,RAE,044,20,100,180,120,1050
RDI,A048,CD SARANDI NAVE 1,General,RAE042.20A,Rack,1,1,RAE,042,20,100,180,120,1050
RDI,A048,CD SARANDI NAVE 1,General,RAE040.20A,Rack,1,1,RAE,040,20,100,180,120,1050
RDI,A048,CD SARANDI NAVE 1,General,RAE038.20A,Rack,1,1,RAE,038,20,100,180,120,1050
RDI,A048,CD SARANDI NAVE 1,General,RAE036.20A,Rack,1,1,RAE,036,20,100,180,120,1050
RDI,A048,CD SARANDI NAVE 1,General,RAE034.20A,Rack,1,1,RAE,034,20,100,180,120,1050
RDI,A048,CD SARANDI NAVE 1,General,RAE032.20A,Rack,1,1,RAE,032,20,100,180,120,1050
RDI,A048,CD SARANDI NAVE 1,General,RAE030.20A,Rack,1,1,RAE,030,20,100,180,120,1050
RDI,A048,CD SARANDI NAVE 1,General,RAE028.20A,Rack,1,1,RAE,028,20,100,180,120,1050
RDI,A048,CD SARANDI NAVE 1,General,RAE026.20A,Rack,1,1,RAE,026,20,100,180,120,1050
RDI,A048,CD SARANDI NAVE 1,General,RAE024.20A,Rack,1,1,RAE,024,20,100,180,120,1050
RDI,A048,CD SARANDI NAVE 1,General,RAE022.20A,Rack,1,1,RAE,022,20,100,180,120,1050
RDI,A048,CD SARANDI NAVE 1,General,RAE020.20A,Rack,1,1,RAE,020,20,100,180,120,1050
RDI,A048,CD SARANDI NAVE 1,General,RAE018.20A,Rack,1,1,RAE,018,20,100,180,120,1050
RDI,A048,CD SARANDI NAVE 1,General,RAE016.20A,Rack,1,1,RAE,016,20,100,180,120,1050
RDI,A048,CD SARANDI NAVE 1,General,RAE014.20A,Rack,1,1,RAE,014,20,100,180,120,1050
RDI,A048,CD SARANDI NAVE 1,General,RAE012.20A,Rack,1,1,RAE,012,20,100,180,120,1050
RDI,A048,CD SARANDI NAVE 1,General,RAE010.20A,Rack,1,1,RAE,010,20,100,180,120,1050
RDI,A048,CD SARANDI NAVE 1,General,RAE008.20A,Rack,1,1,RAE,008,20,100,180,120,1050
RDI,A048,CD SARANDI NAVE 1,General,RAE006.20A,Rack,1,1,RAE,006,20,100,180,120,1050
RDI,A048,CD SARANDI NAVE 1,General,RAE004.20A,Rack,1,1,RAE,004,20,100,180,120,1050
RDI,A048,CD SARANDI NAVE 1,General,RAE002.20A,Rack,1,1,RAE,002,20,100,180,120,1050
RDI,A048,CD SARANDI NAVE 1,General,RAF045.20A,Rack,1,1,RAF,045,20,100,180,120,1050
RDI,A048,CD SARANDI NAVE 1,General,RAF043.20A,Rack,1,1,RAF,043,20,100,180,120,1050
RDI,A048,CD SARANDI NAVE 1,General,RAF041.20A,Rack,1,1,RAF,041,20,100,180,120,1050
RDI,A048,CD SARANDI NAVE 1,General,RAF039.20A,Rack,1,1,RAF,039,20,100,180,120,1050
RDI,A048,CD SARANDI NAVE 1,General,RAF037.20A,Rack,1,1,RAF,037,20,100,180,120,1050
RDI,A048,CD SARANDI NAVE 1,General,RAF035.20A,Rack,1,1,RAF,035,20,100,180,120,1050
RDI,A048,CD SARANDI NAVE 1,General,RAF033.20A,Rack,1,1,RAF,033,20,100,180,120,1050
RDI,A048,CD SARANDI NAVE 1,General,RAF031.20A,Rack,1,1,RAF,031,20,100,180,120,1050
RDI,A048,CD SARANDI NAVE 1,General,RAF029.20A,Rack,1,1,RAF,029,20,100,180,120,1050
RDI,A048,CD SARANDI NAVE 1,General,RAF027.20A,Rack,1,1,RAF,027,20,100,180,120,1050
RDI,A048,CD SARANDI NAVE 1,General,RAF025.20A,Rack,1,1,RAF,025,20,100,180,120,1050
RDI,A048,CD SARANDI NAVE 1,General,RAF023.20A,Rack,1,1,RAF,023,20,100,180,120,1050
RDI,A048,CD SARANDI NAVE 1,General,RAF021.20A,Rack,1,1,RAF,021,20,100,180,120,1050
RDI,A048,CD SARANDI NAVE 1,General,RAF019.20A,Rack,1,1,RAF,019,20,100,180,120,1050
RDI,A048,CD SARANDI NAVE 1,General,RAF017.20A,Rack,1,1,RAF,017,20,100,180,120,1050
RDI,A048,CD SARANDI NAVE 1,General,RAF015.20A,Rack,1,1,RAF,015,20,100,180,120,1050
RDI,A048,CD SARANDI NAVE 1,General,RAF013.20A,Rack,1,1,RAF,013,20,100,180,120,1050
RDI,A048,CD SARANDI NAVE 1,General,RAF011.20A,Rack,1,1,RAF,011,20,100,180,120,1050
RDI,A048,CD SARANDI NAVE 1,General,RAF009.20A,Rack,1,1,RAF,009,20,100,180,120,1050
RDI,A048,CD SARANDI NAVE 1,General,RAF007.20A,Rack,1,1,RAF,007,20,100,180,120,1050
RDI,A048,CD SARANDI NAVE 1,General,RAF003.20A,Rack,1,1,RAF,003,20,100,180,120,1050
RDI,A048,CD SARANDI NAVE 1,General,RAF001.20A,Rack,1,1,RAF,001,20,100,180,120,1050
RDI,A048,CD SARANDI NAVE 1,General,RAF044.20A,Rack,1,1,RAF,044,20,100,180,120,1050
RDI,A048,CD SARANDI NAVE 1,General,RAF042.20A,Rack,1,1,RAF,042,20,100,180,120,1050
RDI,A048,CD SARANDI NAVE 1,General,RAF040.20A,Rack,1,1,RAF,040,20,100,180,120,1050
RDI,A048,CD SARANDI NAVE 1,General,RAF038.20A,Rack,1,1,RAF,038,20,100,180,120,1050
RDI,A048,CD SARANDI NAVE 1,General,RAF036.20A,Rack,1,1,RAF,036,20,100,180,120,1050
RDI,A048,CD SARANDI NAVE 1,General,RAF034.20A,Rack,1,1,RAF,034,20,100,180,120,1050
RDI,A048,CD SARANDI NAVE 1,General,RAF032.20A,Rack,1,1,RAF,032,20,100,180,120,1050
RDI,A048,CD SARANDI NAVE 1,General,RAF030.20A,Rack,1,1,RAF,030,20,100,180,120,1050
RDI,A048,CD SARANDI NAVE 1,General,RAF028.20A,Rack,1,1,RAF,028,20,100,180,120,1050
RDI,A048,CD SARANDI NAVE 1,General,RAF026.20A,Rack,1,1,RAF,026,20,100,180,120,1050
RDI,A048,CD SARANDI NAVE 1,General,RAF024.20A,Rack,1,1,RAF,024,20,100,180,120,1050
RDI,A048,CD SARANDI NAVE 1,General,RAF022.20A,Rack,1,1,RAF,022,20,100,180,120,1050
RDI,A048,CD SARANDI NAVE 1,General,RAF020.20A,Rack,1,1,RAF,020,20,100,180,120,1050
RDI,A048,CD SARANDI NAVE 1,General,RAF018.20A,Rack,1,1,RAF,018,20,100,180,120,1050
RDI,A048,CD SARANDI NAVE 1,General,RAF016.20A,Rack,1,1,RAF,016,20,100,180,120,1050
RDI,A048,CD SARANDI NAVE 1,General,RAF014.20A,Rack,1,1,RAF,014,20,100,180,120,1050
RDI,A048,CD SARANDI NAVE 1,General,RAF012.20A,Rack,1,1,RAF,012,20,100,180,120,1050
RDI,A048,CD SARANDI NAVE 1,General,RAF010.20A,Rack,1,1,RAF,010,20,100,180,120,1050
RDI,A048,CD SARANDI NAVE 1,General,RAF008.20A,Rack,1,1,RAF,008,20,100,180,120,1050
RDI,A048,CD SARANDI NAVE 1,General,RAF006.20A,Rack,1,1,RAF,006,20,100,180,120,1050
RDI,A048,CD SARANDI NAVE 1,General,RAF004.20A,Rack,1,1,RAF,004,20,100,180,120,1050
RDI,A048,CD SARANDI NAVE 1,General,RAF002.20A,Rack,1,1,RAF,002,20,100,180,120,1050
RDI,A048,CD SARANDI NAVE 1,General,RAG045.20A,Rack,1,1,RAG,045,20,100,180,120,1050
RDI,A048,CD SARANDI NAVE 1,General,RAG043.20A,Rack,1,1,RAG,043,20,100,180,120,1050
RDI,A048,CD SARANDI NAVE 1,General,RAG041.20A,Rack,1,1,RAG,041,20,100,180,120,1050
RDI,A048,CD SARANDI NAVE 1,General,RAG039.20A,Rack,1,1,RAG,039,20,100,180,120,1050
RDI,A048,CD SARANDI NAVE 1,General,RAG037.20A,Rack,1,1,RAG,037,20,100,180,120,1050
RDI,A048,CD SARANDI NAVE 1,General,RAG035.20A,Rack,1,1,RAG,035,20,100,180,120,1050
RDI,A048,CD SARANDI NAVE 1,General,RAG033.20A,Rack,1,1,RAG,033,20,100,180,120,1050
RDI,A048,CD SARANDI NAVE 1,General,RAG031.20A,Rack,1,1,RAG,031,20,100,180,120,1050
RDI,A048,CD SARANDI NAVE 1,General,RAG029.20A,Rack,1,1,RAG,029,20,100,180,120,1050
RDI,A048,CD SARANDI NAVE 1,General,RAG027.20A,Rack,1,1,RAG,027,20,100,180,120,1050
RDI,A048,CD SARANDI NAVE 1,General,RAG025.20A,Rack,1,1,RAG,025,20,100,180,120,1050
RDI,A048,CD SARANDI NAVE 1,General,RAG023.20A,Rack,1,1,RAG,023,20,100,180,120,1050
RDI,A048,CD SARANDI NAVE 1,General,RAG021.20A,Rack,1,1,RAG,021,20,100,180,120,1050
RDI,A048,CD SARANDI NAVE 1,General,RAG019.20A,Rack,1,1,RAG,019,20,100,180,120,1050
RDI,A048,CD SARANDI NAVE 1,General,RAG017.20A,Rack,1,1,RAG,017,20,100,180,120,1050
RDI,A048,CD SARANDI NAVE 1,General,RAG015.20A,Rack,1,1,RAG,015,20,100,180,120,1050
RDI,A048,CD SARANDI NAVE 1,General,RAG013.20A,Rack,1,1,RAG,013,20,100,180,120,1050
RDI,A048,CD SARANDI NAVE 1,General,RAG011.20A,Rack,1,1,RAG,011,20,100,180,120,1050
RDI,A048,CD SARANDI NAVE 1,General,RAG009.20A,Rack,1,1,RAG,009,20,100,180,120,1050
RDI,A048,CD SARANDI NAVE 1,General,RAG007.20A,Rack,1,1,RAG,007,20,100,180,120,1050
RDI,A048,CD SARANDI NAVE 1,General,RAG003.20A,Rack,1,1,RAG,003,20,100,180,120,1050
RDI,A048,CD SARANDI NAVE 1,General,RAG001.20A,Rack,1,1,RAG,001,20,100,180,120,1050
RDI,A048,CD SARANDI NAVE 1,General,RAG044.20A,Rack,1,1,RAG,044,20,100,180,120,1050
RDI,A048,CD SARANDI NAVE 1,General,RAG042.20A,Rack,1,1,RAG,042,20,100,180,120,1050
RDI,A048,CD SARANDI NAVE 1,General,RAG040.20A,Rack,1,1,RAG,040,20,100,180,120,1050
RDI,A048,CD SARANDI NAVE 1,General,RAG038.20A,Rack,1,1,RAG,038,20,100,180,120,1050
RDI,A048,CD SARANDI NAVE 1,General,RAG036.20A,Rack,1,1,RAG,036,20,100,180,120,1050
RDI,A048,CD SARANDI NAVE 1,General,RAG034.20A,Rack,1,1,RAG,034,20,100,180,120,1050
RDI,A048,CD SARANDI NAVE 1,General,RAG032.20A,Rack,1,1,RAG,032,20,100,180,120,1050
RDI,A048,CD SARANDI NAVE 1,General,RAG030.20A,Rack,1,1,RAG,030,20,100,180,120,1050
RDI,A048,CD SARANDI NAVE 1,General,RAG028.20A,Rack,1,1,RAG,028,20,100,180,120,1050
RDI,A048,CD SARANDI NAVE 1,General,RAG026.20A,Rack,1,1,RAG,026,20,100,180,120,1050
RDI,A048,CD SARANDI NAVE 1,General,RAG024.20A,Rack,1,1,RAG,024,20,100,180,120,1050
RDI,A048,CD SARANDI NAVE 1,General,RAG022.20A,Rack,1,1,RAG,022,20,100,180,120,1050
RDI,A048,CD SARANDI NAVE 1,General,RAG020.20A,Rack,1,1,RAG,020,20,100,180,120,1050
RDI,A048,CD SARANDI NAVE 1,General,RAG018.20A,Rack,1,1,RAG,018,20,100,180,120,1050
RDI,A048,CD SARANDI NAVE 1,General,RAG016.20A,Rack,1,1,RAG,016,20,100,180,120,1050
RDI,A048,CD SARANDI NAVE 1,General,RAG014.20A,Rack,1,1,RAG,014,20,100,180,120,1050
RDI,A048,CD SARANDI NAVE 1,General,RAG012.20A,Rack,1,1,RAG,012,20,100,180,120,1050
RDI,A048,CD SARANDI NAVE 1,General,RAG010.20A,Rack,1,1,RAG,010,20,100,180,120,1050
RDI,A048,CD SARANDI NAVE 1,General,RAG008.20A,Rack,1,1,RAG,008,20,100,180,120,1050
RDI,A048,CD SARANDI NAVE 1,General,RAG006.20A,Rack,1,1,RAG,006,20,100,180,120,1050
RDI,A048,CD SARANDI NAVE 1,General,RAG004.20A,Rack,1,1,RAG,004,20,100,180,120,1050
RDI,A048,CD SARANDI NAVE 1,General,RAG002.20A,Rack,1,1,RAG,002,20,100,180,120,1050
RDI,A048,CD SARANDI NAVE 1,General,RAH045.20A,Rack,1,1,RAH,045,20,100,180,120,1050
RDI,A048,CD SARANDI NAVE 1,General,RAH043.20A,Rack,1,1,RAH,043,20,100,180,120,1050
RDI,A048,CD SARANDI NAVE 1,General,RAH041.20A,Rack,1,1,RAH,041,20,100,180,120,1050
RDI,A048,CD SARANDI NAVE 1,General,RAH039.20A,Rack,1,1,RAH,039,20,100,180,120,1050
RDI,A048,CD SARANDI NAVE 1,General,RAH037.20A,Rack,1,1,RAH,037,20,100,180,120,1050
RDI,A048,CD SARANDI NAVE 1,General,RAH035.20A,Rack,1,1,RAH,035,20,100,180,120,1050
RDI,A048,CD SARANDI NAVE 1,General,RAH033.20A,Rack,1,1,RAH,033,20,100,180,120,1050
RDI,A048,CD SARANDI NAVE 1,General,RAH031.20A,Rack,1,1,RAH,031,20,100,180,120,1050
RDI,A048,CD SARANDI NAVE 1,General,RAH029.20A,Rack,1,1,RAH,029,20,100,180,120,1050
RDI,A048,CD SARANDI NAVE 1,General,RAH027.20A,Rack,1,1,RAH,027,20,100,180,120,1050
RDI,A048,CD SARANDI NAVE 1,General,RAH025.20A,Rack,1,1,RAH,025,20,100,180,120,1050
RDI,A048,CD SARANDI NAVE 1,General,RAH023.20A,Rack,1,1,RAH,023,20,100,180,120,1050
RDI,A048,CD SARANDI NAVE 1,General,RAH021.20A,Rack,1,1,RAH,021,20,100,180,120,1050
RDI,A048,CD SARANDI NAVE 1,General,RAH019.20A,Rack,1,1,RAH,019,20,100,180,120,1050
RDI,A048,CD SARANDI NAVE 1,General,RAH017.20A,Rack,1,1,RAH,017,20,100,180,120,1050
RDI,A048,CD SARANDI NAVE 1,General,RAH015.20A,Rack,1,1,RAH,015,20,100,180,120,1050
RDI,A048,CD SARANDI NAVE 1,General,RAH013.20A,Rack,1,1,RAH,013,20,100,180,120,1050
RDI,A048,CD SARANDI NAVE 1,General,RAH011.20A,Rack,1,1,RAH,011,20,100,180,120,1050
RDI,A048,CD SARANDI NAVE 1,General,RAH009.20A,Rack,1,1,RAH,009,20,100,180,120,1050
RDI,A048,CD SARANDI NAVE 1,General,RAH007.20A,Rack,1,1,RAH,007,20,100,180,120,1050
RDI,A048,CD SARANDI NAVE 1,General,RAH003.20A,Rack,1,1,RAH,003,20,100,180,120,1050
RDI,A048,CD SARANDI NAVE 1,General,RAH001.20A,Rack,1,1,RAH,001,20,100,180,120,1050
RDI,A048,CD SARANDI NAVE 1,General,RAH044.20A,Rack,1,1,RAH,044,20,100,180,120,1050
RDI,A048,CD SARANDI NAVE 1,General,RAH042.20A,Rack,1,1,RAH,042,20,100,180,120,1050
RDI,A048,CD SARANDI NAVE 1,General,RAH040.20A,Rack,1,1,RAH,040,20,100,180,120,1050
RDI,A048,CD SARANDI NAVE 1,General,RAH038.20A,Rack,1,1,RAH,038,20,100,180,120,1050
RDI,A048,CD SARANDI NAVE 1,General,RAH036.20A,Rack,1,1,RAH,036,20,100,180,120,1050
RDI,A048,CD SARANDI NAVE 1,General,RAH034.20A,Rack,1,1,RAH,034,20,100,180,120,1050
RDI,A048,CD SARANDI NAVE 1,General,RAH032.20A,Rack,1,1,RAH,032,20,100,180,120,1050
RDI,A048,CD SARANDI NAVE 1,General,RAH030.20A,Rack,1,1,RAH,030,20,100,180,120,1050
RDI,A048,CD SARANDI NAVE 1,General,RAH028.20A,Rack,1,1,RAH,028,20,100,180,120,1050
RDI,A048,CD SARANDI NAVE 1,General,RAH026.20A,Rack,1,1,RAH,026,20,100,180,120,1050
RDI,A048,CD SARANDI NAVE 1,General,RAH024.20A,Rack,1,1,RAH,024,20,100,180,120,1050
RDI,A048,CD SARANDI NAVE 1,General,RAH022.20A,Rack,1,1,RAH,022,20,100,180,120,1050
RDI,A048,CD SARANDI NAVE 1,General,RAH020.20A,Rack,1,1,RAH,020,20,100,180,120,1050
RDI,A048,CD SARANDI NAVE 1,General,RAH018.20A,Rack,1,1,RAH,018,20,100,180,120,1050
RDI,A048,CD SARANDI NAVE 1,General,RAH016.20A,Rack,1,1,RAH,016,20,100,180,120,1050
RDI,A048,CD SARANDI NAVE 1,General,RAH014.20A,Rack,1,1,RAH,014,20,100,180,120,1050
RDI,A048,CD SARANDI NAVE 1,General,RAH012.20A,Rack,1,1,RAH,012,20,100,180,120,1050
RDI,A048,CD SARANDI NAVE 1,General,RAH010.20A,Rack,1,1,RAH,010,20,100,180,120,1050
RDI,A048,CD SARANDI NAVE 1,General,RAH008.20A,Rack,1,1,RAH,008,20,100,180,120,1050
RDI,A048,CD SARANDI NAVE 1,General,RAH006.20A,Rack,1,1,RAH,006,20,100,180,120,1050
RDI,A048,CD SARANDI NAVE 1,General,RAH004.20A,Rack,1,1,RAH,004,20,100,180,120,1050
RDI,A048,CD SARANDI NAVE 1,General,RAH002.20A,Rack,1,1,RAH,002,20,100,180,120,1050
RDI,A048,CD SARANDI NAVE 1,General,RAI045.20A,Rack,1,1,RAI,045,20,100,180,120,1050
RDI,A048,CD SARANDI NAVE 1,General,RAI043.20A,Rack,1,1,RAI,043,20,100,180,120,1050
RDI,A048,CD SARANDI NAVE 1,General,RAI041.20A,Rack,1,1,RAI,041,20,100,180,120,1050
RDI,A048,CD SARANDI NAVE 1,General,RAI039.20A,Rack,1,1,RAI,039,20,100,180,120,1050
RDI,A048,CD SARANDI NAVE 1,General,RAI037.20A,Rack,1,1,RAI,037,20,100,180,120,1050
RDI,A048,CD SARANDI NAVE 1,General,RAI035.20A,Rack,1,1,RAI,035,20,100,180,120,1050
RDI,A048,CD SARANDI NAVE 1,General,RAI033.20A,Rack,1,1,RAI,033,20,100,180,120,1050
RDI,A048,CD SARANDI NAVE 1,General,RAI031.20A,Rack,1,1,RAI,031,20,100,180,120,1050
RDI,A048,CD SARANDI NAVE 1,General,RAI029.20A,Rack,1,1,RAI,029,20,100,180,120,1050
RDI,A048,CD SARANDI NAVE 1,General,RAI027.20A,Rack,1,1,RAI,027,20,100,180,120,1050
RDI,A048,CD SARANDI NAVE 1,General,RAI025.20A,Rack,1,1,RAI,025,20,100,180,120,1050
RDI,A048,CD SARANDI NAVE 1,General,RAI023.20A,Rack,1,1,RAI,023,20,100,180,120,1050
RDI,A048,CD SARANDI NAVE 1,General,RAI021.20A,Rack,1,1,RAI,021,20,100,180,120,1050
RDI,A048,CD SARANDI NAVE 1,General,RAI019.20A,Rack,1,1,RAI,019,20,100,180,120,1050
RDI,A048,CD SARANDI NAVE 1,General,RAI017.20A,Rack,1,1,RAI,017,20,100,180,120,1050
RDI,A048,CD SARANDI NAVE 1,General,RAI015.20A,Rack,1,1,RAI,015,20,100,180,120,1050
RDI,A048,CD SARANDI NAVE 1,General,RAI013.20A,Rack,1,1,RAI,013,20,100,180,120,1050
RDI,A048,CD SARANDI NAVE 1,General,RAI011.20A,Rack,1,1,RAI,011,20,100,180,120,1050
RDI,A048,CD SARANDI NAVE 1,General,RAI009.20A,Rack,1,1,RAI,009,20,100,180,120,1050
RDI,A048,CD SARANDI NAVE 1,General,RAI007.20A,Rack,1,1,RAI,007,20,100,180,120,1050
RDI,A048,CD SARANDI NAVE 1,General,RAI003.20A,Rack,1,1,RAI,003,20,100,180,120,1050
RDI,A048,CD SARANDI NAVE 1,General,RAI001.20A,Rack,1,1,RAI,001,20,100,180,120,1050
RDI,A048,CD SARANDI NAVE 1,General,RAI044.20A,Rack,1,1,RAI,044,20,100,180,120,1050
RDI,A048,CD SARANDI NAVE 1,General,RAI042.20A,Rack,1,1,RAI,042,20,100,180,120,1050
RDI,A048,CD SARANDI NAVE 1,General,RAI040.20A,Rack,1,1,RAI,040,20,100,180,120,1050
RDI,A048,CD SARANDI NAVE 1,General,RAI038.20A,Rack,1,1,RAI,038,20,100,180,120,1050
RDI,A048,CD SARANDI NAVE 1,General,RAI036.20A,Rack,1,1,RAI,036,20,100,180,120,1050
RDI,A048,CD SARANDI NAVE 1,General,RAI034.20A,Rack,1,1,RAI,034,20,100,180,120,1050
RDI,A048,CD SARANDI NAVE 1,General,RAI032.20A,Rack,1,1,RAI,032,20,100,180,120,1050
RDI,A048,CD SARANDI NAVE 1,General,RAI030.20A,Rack,1,1,RAI,030,20,100,180,120,1050
RDI,A048,CD SARANDI NAVE 1,General,RAI028.20A,Rack,1,1,RAI,028,20,100,180,120,1050
RDI,A048,CD SARANDI NAVE 1,General,RAI026.20A,Rack,1,1,RAI,026,20,100,180,120,1050
RDI,A048,CD SARANDI NAVE 1,General,RAI024.20A,Rack,1,1,RAI,024,20,100,180,120,1050
RDI,A048,CD SARANDI NAVE 1,General,RAI022.20A,Rack,1,1,RAI,022,20,100,180,120,1050
RDI,A048,CD SARANDI NAVE 1,General,RAI020.20A,Rack,1,1,RAI,020,20,100,180,120,1050
RDI,A048,CD SARANDI NAVE 1,General,RAI018.20A,Rack,1,1,RAI,018,20,100,180,120,1050
RDI,A048,CD SARANDI NAVE 1,General,RAI016.20A,Rack,1,1,RAI,016,20,100,180,120,1050
RDI,A048,CD SARANDI NAVE 1,General,RAI014.20A,Rack,1,1,RAI,014,20,100,180,120,1050
RDI,A048,CD SARANDI NAVE 1,General,RAI012.20A,Rack,1,1,RAI,012,20,100,180,120,1050
RDI,A048,CD SARANDI NAVE 1,General,RAI010.20A,Rack,1,1,RAI,010,20,100,180,120,1050
RDI,A048,CD SARANDI NAVE 1,General,RAI008.20A,Rack,1,1,RAI,008,20,100,180,120,1050
RDI,A048,CD SARANDI NAVE 1,General,RAI006.20A,Rack,1,1,RAI,006,20,100,180,120,1050
RDI,A048,CD SARANDI NAVE 1,General,RAI004.20A,Rack,1,1,RAI,004,20,100,180,120,1050
RDI,A048,CD SARANDI NAVE 1,General,RAI002.20A,Rack,1,1,RAI,002,20,100,180,120,1050
RDI,A048,CD SARANDI NAVE 1,General,RAJ045.20A,Rack,1,1,RAJ,045,20,100,180,120,1050
RDI,A048,CD SARANDI NAVE 1,General,RAJ043.20A,Rack,1,1,RAJ,043,20,100,180,120,1050
RDI,A048,CD SARANDI NAVE 1,General,RAJ041.20A,Rack,1,1,RAJ,041,20,100,180,120,1050
RDI,A048,CD SARANDI NAVE 1,General,RAJ039.20A,Rack,1,1,RAJ,039,20,100,180,120,1050
RDI,A048,CD SARANDI NAVE 1,General,RAJ037.20A,Rack,1,1,RAJ,037,20,100,180,120,1050
RDI,A048,CD SARANDI NAVE 1,General,RAJ035.20A,Rack,1,1,RAJ,035,20,100,180,120,1050
RDI,A048,CD SARANDI NAVE 1,General,RAJ033.20A,Rack,1,1,RAJ,033,20,100,180,120,1050
RDI,A048,CD SARANDI NAVE 1,General,RAJ031.20A,Rack,1,1,RAJ,031,20,100,180,120,1050
RDI,A048,CD SARANDI NAVE 1,General,RAJ029.20A,Rack,1,1,RAJ,029,20,100,180,120,1050
RDI,A048,CD SARANDI NAVE 1,General,RAJ027.20A,Rack,1,1,RAJ,027,20,100,180,120,1050
RDI,A048,CD SARANDI NAVE 1,General,RAJ025.20A,Rack,1,1,RAJ,025,20,100,180,120,1050
RDI,A048,CD SARANDI NAVE 1,General,RAJ023.20A,Rack,1,1,RAJ,023,20,100,180,120,1050
RDI,A048,CD SARANDI NAVE 1,General,RAJ021.20A,Rack,1,1,RAJ,021,20,100,180,120,1050
RDI,A048,CD SARANDI NAVE 1,General,RAJ019.20A,Rack,1,1,RAJ,019,20,100,180,120,1050
RDI,A048,CD SARANDI NAVE 1,General,RAJ017.20A,Rack,1,1,RAJ,017,20,100,180,120,1050
RDI,A048,CD SARANDI NAVE 1,General,RAJ015.20A,Rack,1,1,RAJ,015,20,100,180,120,1050
RDI,A048,CD SARANDI NAVE 1,General,RAJ013.20A,Rack,1,1,RAJ,013,20,100,180,120,1050
RDI,A048,CD SARANDI NAVE 1,General,RAJ011.20A,Rack,1,1,RAJ,011,20,100,180,120,1050
RDI,A048,CD SARANDI NAVE 1,General,RAJ009.20A,Rack,1,1,RAJ,009,20,100,180,120,1050
RDI,A048,CD SARANDI NAVE 1,General,RAJ007.20A,Rack,1,1,RAJ,007,20,100,180,120,1050
RDI,A048,CD SARANDI NAVE 1,General,RAJ003.20A,Rack,1,1,RAJ,003,20,100,180,120,1050
RDI,A048,CD SARANDI NAVE 1,General,RAJ001.20A,Rack,1,1,RAJ,001,20,100,180,120,1050
RDI,A048,CD SARANDI NAVE 1,General,RAJ044.20A,Rack,1,1,RAJ,044,20,100,180,120,1050
RDI,A048,CD SARANDI NAVE 1,General,RAJ042.20A,Rack,1,1,RAJ,042,20,100,180,120,1050
RDI,A048,CD SARANDI NAVE 1,General,RAJ040.20A,Rack,1,1,RAJ,040,20,100,180,120,1050
RDI,A048,CD SARANDI NAVE 1,General,RAJ038.20A,Rack,1,1,RAJ,038,20,100,180,120,1050
RDI,A048,CD SARANDI NAVE 1,General,RAJ036.20A,Rack,1,1,RAJ,036,20,100,180,120,1050
RDI,A048,CD SARANDI NAVE 1,General,RAJ034.20A,Rack,1,1,RAJ,034,20,100,180,120,1050
RDI,A048,CD SARANDI NAVE 1,General,RAJ032.20A,Rack,1,1,RAJ,032,20,100,180,120,1050
RDI,A048,CD SARANDI NAVE 1,General,RAJ030.20A,Rack,1,1,RAJ,030,20,100,180,120,1050
RDI,A048,CD SARANDI NAVE 1,General,RAK045.20A,Rack,1,1,RAK,045,20,100,180,120,1050
RDI,A048,CD SARANDI NAVE 1,General,RAK043.20A,Rack,1,1,RAK,043,20,100,180,120,1050
RDI,A048,CD SARANDI NAVE 1,General,RAK041.20A,Rack,1,1,RAK,041,20,100,180,120,1050
RDI,A048,CD SARANDI NAVE 1,General,RAK039.20A,Rack,1,1,RAK,039,20,100,180,120,1050
RDI,A048,CD SARANDI NAVE 1,General,RAK037.20A,Rack,1,1,RAK,037,20,100,180,120,1050
RDI,A048,CD SARANDI NAVE 1,General,RAK035.20A,Rack,1,1,RAK,035,20,100,180,120,1050
RDI,A048,CD SARANDI NAVE 1,General,RAK033.20A,Rack,1,1,RAK,033,20,100,180,120,1050
RDI,A048,CD SARANDI NAVE 1,General,RAK031.20A,Rack,1,1,RAK,031,20,100,180,120,1050
RDI,A048,CD SARANDI NAVE 1,General,RAK044.20A,Rack,1,1,RAK,044,20,100,180,120,1050
RDI,A048,CD SARANDI NAVE 1,General,RAK042.20A,Rack,1,1,RAK,042,20,100,180,120,1050
RDI,A048,CD SARANDI NAVE 1,General,RAK040.20A,Rack,1,1,RAK,040,20,100,180,120,1050
RDI,A048,CD SARANDI NAVE 1,General,RAK038.20A,Rack,1,1,RAK,038,20,100,180,120,1050
RDI,A048,CD SARANDI NAVE 1,General,RAK036.20A,Rack,1,1,RAK,036,20,100,180,120,1050
RDI,A048,CD SARANDI NAVE 1,General,RAK034.20A,Rack,1,1,RAK,034,20,100,180,120,1050
RDI,A048,CD SARANDI NAVE 1,General,RAK032.20A,Rack,1,1,RAK,032,20,100,180,120,1050
RDI,A048,CD SARANDI NAVE 1,General,RAK030.20A,Rack,1,1,RAK,030,20,100,180,120,1050
RDI,A048,CD SARANDI NAVE 1,General,RAL045.20A,Rack,1,1,RAL,045,20,100,180,120,1050
RDI,A048,CD SARANDI NAVE 1,General,RAL043.20A,Rack,1,1,RAL,043,20,100,180,120,1050
RDI,A048,CD SARANDI NAVE 1,General,RAL041.20A,Rack,1,1,RAL,041,20,100,180,120,1050
RDI,A048,CD SARANDI NAVE 1,General,RAL039.20A,Rack,1,1,RAL,039,20,100,180,120,1050
RDI,A048,CD SARANDI NAVE 1,General,RAL037.20A,Rack,1,1,RAL,037,20,100,180,120,1050
RDI,A048,CD SARANDI NAVE 1,General,RAL035.20A,Rack,1,1,RAL,035,20,100,180,120,1050
RDI,A048,CD SARANDI NAVE 1,General,RAL033.20A,Rack,1,1,RAL,033,20,100,180,120,1050
RDI,A048,CD SARANDI NAVE 1,General,RAL031.20A,Rack,1,1,RAL,031,20,100,180,120,1050
RDI,A048,CD SARANDI NAVE 1,General,RAL044.20A,Rack,1,1,RAL,044,20,100,180,120,1050
RDI,A048,CD SARANDI NAVE 1,General,RAL042.20A,Rack,1,1,RAL,042,20,100,180,120,1050
RDI,A048,CD SARANDI NAVE 1,General,RAL040.20A,Rack,1,1,RAL,040,20,100,180,120,1050
RDI,A048,CD SARANDI NAVE 1,General,RAL038.20A,Rack,1,1,RAL,038,20,100,180,120,1050
RDI,A048,CD SARANDI NAVE 1,General,RAL036.20A,Rack,1,1,RAL,036,20,100,180,120,1050
RDI,A048,CD SARANDI NAVE 1,General,RAL034.20A,Rack,1,1,RAL,034,20,100,180,120,1050
RDI,A048,CD SARANDI NAVE 1,General,RAL032.20A,Rack,1,1,RAL,032,20,100,180,120,1050
RDI,A048,CD SARANDI NAVE 1,General,RAL030.20A,Rack,1,1,RAL,030,20,100,180,120,1050
RDI,A048,CD SARANDI NAVE 1,Espacio Cedido,RAA044.30A,Rack,1,1,RAA,044,30,100,180,120,1050
RDI,A048,CD SARANDI NAVE 1,Espacio Cedido,RAA042.30A,Rack,1,1,RAA,042,30,100,180,120,1050
RDI,A048,CD SARANDI NAVE 1,Espacio Cedido,RAA040.30A,Rack,1,1,RAA,040,30,100,180,120,1050
RDI,A048,CD SARANDI NAVE 1,Espacio Cedido,RAA038.30A,Rack,1,1,RAA,038,30,100,180,120,1050
RDI,A048,CD SARANDI NAVE 1,Espacio Cedido,RAA036.30A,Rack,1,1,RAA,036,30,100,180,120,1050
RDI,A048,CD SARANDI NAVE 1,Espacio Cedido,RAA034.30A,Rack,1,1,RAA,034,30,100,180,120,1050
RDI,A048,CD SARANDI NAVE 1,Espacio Cedido,RAA032.30A,Rack,1,1,RAA,032,30,100,180,120,1050
RDI,A048,CD SARANDI NAVE 1,Espacio Cedido,RAA030.30A,Rack,1,1,RAA,030,30,100,180,120,1050
RDI,A048,CD SARANDI NAVE 1,Espacio Cedido,RAA028.30A,Rack,1,1,RAA,028,30,100,180,120,1050
RDI,A048,CD SARANDI NAVE 1,Espacio Cedido,RAA026.30A,Rack,1,1,RAA,026,30,100,180,120,1050
RDI,A048,CD SARANDI NAVE 1,Espacio Cedido,RAA044.30A,Rack,1,1,RAA,044,30,100,180,120,1050
RDI,A048,CD SARANDI NAVE 1,Espacio Cedido,RAA042.30A,Rack,1,1,RAA,042,30,100,180,120,1050
RDI,A048,CD SARANDI NAVE 1,Espacio Cedido,RAA040.30A,Rack,1,1,RAA,040,30,100,180,120,1050
RDI,A048,CD SARANDI NAVE 1,Espacio Cedido,RAA038.30A,Rack,1,1,RAA,038,30,100,180,120,1050
RDI,A048,CD SARANDI NAVE 1,Espacio Cedido,RAA036.30A,Rack,1,1,RAA,036,30,100,180,120,1050
RDI,A048,CD SARANDI NAVE 1,Espacio Cedido,RAA034.30A,Rack,1,1,RAA,034,30,100,180,120,1050
RDI,A048,CD SARANDI NAVE 1,Espacio Cedido,RAA032.30A,Rack,1,1,RAA,032,30,100,180,120,1050
RDI,A048,CD SARANDI NAVE 1,Espacio Cedido,RAA030.30A,Rack,1,1,RAA,030,30,100,180,120,1050
RDI,A048,CD SARANDI NAVE 1,Espacio Cedido,RAA028.30A,Rack,1,1,RAA,028,30,100,180,120,1050
RDI,A048,CD SARANDI NAVE 1,Espacio Cedido,RAA026.30A,Rack,1,1,RAA,026,30,100,180,120,1050
RDI,A048,CD SARANDI NAVE 1,General,RAB044.30A,Rack,1,1,RAB,044,30,100,180,120,1050
RDI,A048,CD SARANDI NAVE 1,General,RAB042.30A,Rack,1,1,RAB,042,30,100,180,120,1050
RDI,A048,CD SARANDI NAVE 1,General,RAB040.30A,Rack,1,1,RAB,040,30,100,180,120,1050
RDI,A048,CD SARANDI NAVE 1,General,RAB038.30A,Rack,1,1,RAB,038,30,100,180,120,1050
RDI,A048,CD SARANDI NAVE 1,General,RAB036.30A,Rack,1,1,RAB,036,30,100,180,120,1050
RDI,A048,CD SARANDI NAVE 1,General,RAB034.30A,Rack,1,1,RAB,034,30,100,180,120,1050
RDI,A048,CD SARANDI NAVE 1,General,RAB032.30A,Rack,1,1,RAB,032,30,100,180,120,1050
RDI,A048,CD SARANDI NAVE 1,General,RAB030.30A,Rack,1,1,RAB,030,30,100,180,120,1050
RDI,A048,CD SARANDI NAVE 1,General,RAB028.30A,Rack,1,1,RAB,028,30,100,180,120,1050
RDI,A048,CD SARANDI NAVE 1,General,RAB026.30A,Rack,1,1,RAB,026,30,100,180,120,1050
RDI,A048,CD SARANDI NAVE 1,General,RAB024.30A,Rack,1,1,RAB,024,30,100,180,120,1050
RDI,A048,CD SARANDI NAVE 1,General,RAB022.30A,Rack,1,1,RAB,022,30,100,180,120,1050
RDI,A048,CD SARANDI NAVE 1,General,RAB020.30A,Rack,1,1,RAB,020,30,100,180,120,1050
RDI,A048,CD SARANDI NAVE 1,General,RAB018.30A,Rack,1,1,RAB,018,30,100,180,120,1050
RDI,A048,CD SARANDI NAVE 1,General,RAB016.30A,Rack,1,1,RAB,016,30,100,180,120,1050
RDI,A048,CD SARANDI NAVE 1,General,RAB014.30A,Rack,1,1,RAB,014,30,100,180,120,1050
RDI,A048,CD SARANDI NAVE 1,General,RAB012.30A,Rack,1,1,RAB,012,30,100,180,120,1050
RDI,A048,CD SARANDI NAVE 1,General,RAB010.30A,Rack,1,1,RAB,010,30,100,180,120,1050
RDI,A048,CD SARANDI NAVE 1,General,RAB008.30A,Rack,1,1,RAB,008,30,100,180,120,1050
RDI,A048,CD SARANDI NAVE 1,General,RAB006.30A,Rack,1,1,RAB,006,30,100,180,120,1050
RDI,A048,CD SARANDI NAVE 1,General,RAB004.30A,Rack,1,1,RAB,004,30,100,180,120,1050
RDI,A048,CD SARANDI NAVE 1,General,RAB002.30A,Rack,1,1,RAB,002,30,100,180,120,1050
RDI,A048,CD SARANDI NAVE 1,General,RAC045.30A,Rack,1,1,RAC,045,30,100,180,120,1050
RDI,A048,CD SARANDI NAVE 1,General,RAC043.30A,Rack,1,1,RAC,043,30,100,180,120,1050
RDI,A048,CD SARANDI NAVE 1,General,RAC041.30A,Rack,1,1,RAC,041,30,100,180,120,1050
RDI,A048,CD SARANDI NAVE 1,General,RAC039.30A,Rack,1,1,RAC,039,30,100,180,120,1050
RDI,A048,CD SARANDI NAVE 1,General,RAC037.30A,Rack,1,1,RAC,037,30,100,180,120,1050
RDI,A048,CD SARANDI NAVE 1,General,RAC035.30A,Rack,1,1,RAC,035,30,100,180,120,1050
RDI,A048,CD SARANDI NAVE 1,General,RAC033.30A,Rack,1,1,RAC,033,30,100,180,120,1050
RDI,A048,CD SARANDI NAVE 1,General,RAC031.30A,Rack,1,1,RAC,031,30,100,180,120,1050
RDI,A048,CD SARANDI NAVE 1,General,RAC029.30A,Rack,1,1,RAC,029,30,100,180,120,1050
RDI,A048,CD SARANDI NAVE 1,General,RAC027.30A,Rack,1,1,RAC,027,30,100,180,120,1050
RDI,A048,CD SARANDI NAVE 1,General,RAC025.30A,Rack,1,1,RAC,025,30,100,180,120,1050
RDI,A048,CD SARANDI NAVE 1,General,RAC023.30A,Rack,1,1,RAC,023,30,100,180,120,1050
RDI,A048,CD SARANDI NAVE 1,General,RAC021.30A,Rack,1,1,RAC,021,30,100,180,120,1050
RDI,A048,CD SARANDI NAVE 1,General,RAC019.30A,Rack,1,1,RAC,019,30,100,180,120,1050
RDI,A048,CD SARANDI NAVE 1,General,RAC017.30A,Rack,1,1,RAC,017,30,100,180,120,1050
RDI,A048,CD SARANDI NAVE 1,General,RAC015.30A,Rack,1,1,RAC,015,30,100,180,120,1050
RDI,A048,CD SARANDI NAVE 1,General,RAC013.30A,Rack,1,1,RAC,013,30,100,180,120,1050
RDI,A048,CD SARANDI NAVE 1,General,RAC011.30A,Rack,1,1,RAC,011,30,100,180,120,1050
RDI,A048,CD SARANDI NAVE 1,General,RAC009.30A,Rack,1,1,RAC,009,30,100,180,120,1050
RDI,A048,CD SARANDI NAVE 1,General,RAC007.30A,Rack,1,1,RAC,007,30,100,180,120,1050
RDI,A048,CD SARANDI NAVE 1,General,RAC003.30A,Rack,1,1,RAC,003,30,100,180,120,1050
RDI,A048,CD SARANDI NAVE 1,General,RAC001.30A,Rack,1,1,RAC,001,30,100,180,120,1050
RDI,A048,CD SARANDI NAVE 1,General,RAC044.30A,Rack,1,1,RAC,044,30,100,180,120,1050
RDI,A048,CD SARANDI NAVE 1,General,RAC042.30A,Rack,1,1,RAC,042,30,100,180,120,1050
RDI,A048,CD SARANDI NAVE 1,General,RAC040.30A,Rack,1,1,RAC,040,30,100,180,120,1050
RDI,A048,CD SARANDI NAVE 1,General,RAC038.30A,Rack,1,1,RAC,038,30,100,180,120,1050
RDI,A048,CD SARANDI NAVE 1,General,RAC036.30A,Rack,1,1,RAC,036,30,100,180,120,1050
RDI,A048,CD SARANDI NAVE 1,General,RAC034.30A,Rack,1,1,RAC,034,30,100,180,120,1050
RDI,A048,CD SARANDI NAVE 1,General,RAC032.30A,Rack,1,1,RAC,032,30,100,180,120,1050
RDI,A048,CD SARANDI NAVE 1,General,RAC030.30A,Rack,1,1,RAC,030,30,100,180,120,1050
RDI,A048,CD SARANDI NAVE 1,General,RAC028.30A,Rack,1,1,RAC,028,30,100,180,120,1050
RDI,A048,CD SARANDI NAVE 1,General,RAC026.30A,Rack,1,1,RAC,026,30,100,180,120,1050
RDI,A048,CD SARANDI NAVE 1,General,RAC024.30A,Rack,1,1,RAC,024,30,100,180,120,1050
RDI,A048,CD SARANDI NAVE 1,General,RAC022.30A,Rack,1,1,RAC,022,30,100,180,120,1050
RDI,A048,CD SARANDI NAVE 1,General,RAC020.30A,Rack,1,1,RAC,020,30,100,180,120,1050
RDI,A048,CD SARANDI NAVE 1,General,RAC018.30A,Rack,1,1,RAC,018,30,100,180,120,1050
RDI,A048,CD SARANDI NAVE 1,General,RAC016.30A,Rack,1,1,RAC,016,30,100,180,120,1050
RDI,A048,CD SARANDI NAVE 1,General,RAC014.30A,Rack,1,1,RAC,014,30,100,180,120,1050
RDI,A048,CD SARANDI NAVE 1,General,RAC012.30A,Rack,1,1,RAC,012,30,100,180,120,1050
RDI,A048,CD SARANDI NAVE 1,General,RAC010.30A,Rack,1,1,RAC,010,30,100,180,120,1050
RDI,A048,CD SARANDI NAVE 1,General,RAC008.30A,Rack,1,1,RAC,008,30,100,180,120,1050
RDI,A048,CD SARANDI NAVE 1,General,RAC006.30A,Rack,1,1,RAC,006,30,100,180,120,1050
RDI,A048,CD SARANDI NAVE 1,General,RAC004.30A,Rack,1,1,RAC,004,30,100,180,120,1050
RDI,A048,CD SARANDI NAVE 1,General,RAC002.30A,Rack,1,1,RAC,002,30,100,180,120,1050
RDI,A048,CD SARANDI NAVE 1,General,RAD045.30A,Rack,1,1,RAD,045,30,100,180,120,1050
RDI,A048,CD SARANDI NAVE 1,General,RAD043.30A,Rack,1,1,RAD,043,30,100,180,120,1050
RDI,A048,CD SARANDI NAVE 1,General,RAD041.30A,Rack,1,1,RAD,041,30,100,180,120,1050
RDI,A048,CD SARANDI NAVE 1,General,RAD039.30A,Rack,1,1,RAD,039,30,100,180,120,1050
RDI,A048,CD SARANDI NAVE 1,General,RAD037.30A,Rack,1,1,RAD,037,30,100,180,120,1050
RDI,A048,CD SARANDI NAVE 1,General,RAD035.30A,Rack,1,1,RAD,035,30,100,180,120,1050
RDI,A048,CD SARANDI NAVE 1,General,RAD033.30A,Rack,1,1,RAD,033,30,100,180,120,1050
RDI,A048,CD SARANDI NAVE 1,General,RAD031.30A,Rack,1,1,RAD,031,30,100,180,120,1050
RDI,A048,CD SARANDI NAVE 1,General,RAD029.30A,Rack,1,1,RAD,029,30,100,180,120,1050
RDI,A048,CD SARANDI NAVE 1,General,RAD027.30A,Rack,1,1,RAD,027,30,100,180,120,1050
RDI,A048,CD SARANDI NAVE 1,General,RAD025.30A,Rack,1,1,RAD,025,30,100,180,120,1050
RDI,A048,CD SARANDI NAVE 1,General,RAD023.30A,Rack,1,1,RAD,023,30,100,180,120,1050
RDI,A048,CD SARANDI NAVE 1,General,RAD021.30A,Rack,1,1,RAD,021,30,100,180,120,1050
RDI,A048,CD SARANDI NAVE 1,General,RAD019.30A,Rack,1,1,RAD,019,30,100,180,120,1050
RDI,A048,CD SARANDI NAVE 1,General,RAD017.30A,Rack,1,1,RAD,017,30,100,180,120,1050
RDI,A048,CD SARANDI NAVE 1,General,RAD015.30A,Rack,1,1,RAD,015,30,100,180,120,1050
RDI,A048,CD SARANDI NAVE 1,General,RAD013.30A,Rack,1,1,RAD,013,30,100,180,120,1050
RDI,A048,CD SARANDI NAVE 1,General,RAD011.30A,Rack,1,1,RAD,011,30,100,180,120,1050
RDI,A048,CD SARANDI NAVE 1,General,RAD009.30A,Rack,1,1,RAD,009,30,100,180,120,1050
RDI,A048,CD SARANDI NAVE 1,General,RAD007.30A,Rack,1,1,RAD,007,30,100,180,120,1050
RDI,A048,CD SARANDI NAVE 1,General,RAD003.30A,Rack,1,1,RAD,003,30,100,180,120,1050
RDI,A048,CD SARANDI NAVE 1,General,RAD001.30A,Rack,1,1,RAD,001,30,100,180,120,1050
RDI,A048,CD SARANDI NAVE 1,General,RAD044.30A,Rack,1,1,RAD,044,30,100,180,120,1050
RDI,A048,CD SARANDI NAVE 1,General,RAD042.30A,Rack,1,1,RAD,042,30,100,180,120,1050
RDI,A048,CD SARANDI NAVE 1,General,RAD040.30A,Rack,1,1,RAD,040,30,100,180,120,1050
RDI,A048,CD SARANDI NAVE 1,General,RAD038.30A,Rack,1,1,RAD,038,30,100,180,120,1050
RDI,A048,CD SARANDI NAVE 1,General,RAD036.30A,Rack,1,1,RAD,036,30,100,180,120,1050
RDI,A048,CD SARANDI NAVE 1,General,RAD034.30A,Rack,1,1,RAD,034,30,100,180,120,1050
RDI,A048,CD SARANDI NAVE 1,General,RAD032.30A,Rack,1,1,RAD,032,30,100,180,120,1050
RDI,A048,CD SARANDI NAVE 1,General,RAD030.30A,Rack,1,1,RAD,030,30,100,180,120,1050
RDI,A048,CD SARANDI NAVE 1,General,RAD028.30A,Rack,1,1,RAD,028,30,100,180,120,1050
RDI,A048,CD SARANDI NAVE 1,General,RAD026.30A,Rack,1,1,RAD,026,30,100,180,120,1050
RDI,A048,CD SARANDI NAVE 1,General,RAD024.30A,Rack,1,1,RAD,024,30,100,180,120,1050
RDI,A048,CD SARANDI NAVE 1,General,RAD022.30A,Rack,1,1,RAD,022,30,100,180,120,1050
RDI,A048,CD SARANDI NAVE 1,General,RAD020.30A,Rack,1,1,RAD,020,30,100,180,120,1050
RDI,A048,CD SARANDI NAVE 1,General,RAD018.30A,Rack,1,1,RAD,018,30,100,180,120,1050
RDI,A048,CD SARANDI NAVE 1,General,RAD016.30A,Rack,1,1,RAD,016,30,100,180,120,1050
RDI,A048,CD SARANDI NAVE 1,General,RAD014.30A,Rack,1,1,RAD,014,30,100,180,120,1050
RDI,A048,CD SARANDI NAVE 1,General,RAD012.30A,Rack,1,1,RAD,012,30,100,180,120,1050
RDI,A048,CD SARANDI NAVE 1,General,RAD010.30A,Rack,1,1,RAD,010,30,100,180,120,1050
RDI,A048,CD SARANDI NAVE 1,General,RAD008.30A,Rack,1,1,RAD,008,30,100,180,120,1050
RDI,A048,CD SARANDI NAVE 1,General,RAD006.30A,Rack,1,1,RAD,006,30,100,180,120,1050
RDI,A048,CD SARANDI NAVE 1,General,RAD004.30A,Rack,1,1,RAD,004,30,100,180,120,1050
RDI,A048,CD SARANDI NAVE 1,General,RAD002.30A,Rack,1,1,RAD,002,30,100,180,120,1050
RDI,A048,CD SARANDI NAVE 1,General,RAE045.30A,Rack,1,1,RAE,045,30,100,180,120,1050
RDI,A048,CD SARANDI NAVE 1,General,RAE043.30A,Rack,1,1,RAE,043,30,100,180,120,1050
RDI,A048,CD SARANDI NAVE 1,General,RAE041.30A,Rack,1,1,RAE,041,30,100,180,120,1050
RDI,A048,CD SARANDI NAVE 1,General,RAE039.30A,Rack,1,1,RAE,039,30,100,180,120,1050
RDI,A048,CD SARANDI NAVE 1,General,RAE037.30A,Rack,1,1,RAE,037,30,100,180,120,1050
RDI,A048,CD SARANDI NAVE 1,General,RAE035.30A,Rack,1,1,RAE,035,30,100,180,120,1050
RDI,A048,CD SARANDI NAVE 1,General,RAE033.30A,Rack,1,1,RAE,033,30,100,180,120,1050
RDI,A048,CD SARANDI NAVE 1,General,RAE031.30A,Rack,1,1,RAE,031,30,100,180,120,1050
RDI,A048,CD SARANDI NAVE 1,General,RAE029.30A,Rack,1,1,RAE,029,30,100,180,120,1050
RDI,A048,CD SARANDI NAVE 1,General,RAE027.30A,Rack,1,1,RAE,027,30,100,180,120,1050
RDI,A048,CD SARANDI NAVE 1,General,RAE025.30A,Rack,1,1,RAE,025,30,100,180,120,1050
RDI,A048,CD SARANDI NAVE 1,General,RAE023.30A,Rack,1,1,RAE,023,30,100,180,120,1050
RDI,A048,CD SARANDI NAVE 1,General,RAE021.30A,Rack,1,1,RAE,021,30,100,180,120,1050
RDI,A048,CD SARANDI NAVE 1,General,RAE019.30A,Rack,1,1,RAE,019,30,100,180,120,1050
RDI,A048,CD SARANDI NAVE 1,General,RAE017.30A,Rack,1,1,RAE,017,30,100,180,120,1050
RDI,A048,CD SARANDI NAVE 1,General,RAE015.30A,Rack,1,1,RAE,015,30,100,180,120,1050
RDI,A048,CD SARANDI NAVE 1,General,RAE013.30A,Rack,1,1,RAE,013,30,100,180,120,1050
RDI,A048,CD SARANDI NAVE 1,General,RAE011.30A,Rack,1,1,RAE,011,30,100,180,120,1050
RDI,A048,CD SARANDI NAVE 1,General,RAE009.30A,Rack,1,1,RAE,009,30,100,180,120,1050
RDI,A048,CD SARANDI NAVE 1,General,RAE007.30A,Rack,1,1,RAE,007,30,100,180,120,1050
RDI,A048,CD SARANDI NAVE 1,General,RAE003.30A,Rack,1,1,RAE,003,30,100,180,120,1050
RDI,A048,CD SARANDI NAVE 1,General,RAE001.30A,Rack,1,1,RAE,001,30,100,180,120,1050
RDI,A048,CD SARANDI NAVE 1,General,RAE044.30A,Rack,1,1,RAE,044,30,100,180,120,1050
RDI,A048,CD SARANDI NAVE 1,General,RAE042.30A,Rack,1,1,RAE,042,30,100,180,120,1050
RDI,A048,CD SARANDI NAVE 1,General,RAE040.30A,Rack,1,1,RAE,040,30,100,180,120,1050
RDI,A048,CD SARANDI NAVE 1,General,RAE038.30A,Rack,1,1,RAE,038,30,100,180,120,1050
RDI,A048,CD SARANDI NAVE 1,General,RAE036.30A,Rack,1,1,RAE,036,30,100,180,120,1050
RDI,A048,CD SARANDI NAVE 1,General,RAE034.30A,Rack,1,1,RAE,034,30,100,180,120,1050
RDI,A048,CD SARANDI NAVE 1,General,RAE032.30A,Rack,1,1,RAE,032,30,100,180,120,1050
RDI,A048,CD SARANDI NAVE 1,General,RAE030.30A,Rack,1,1,RAE,030,30,100,180,120,1050
RDI,A048,CD SARANDI NAVE 1,General,RAE028.30A,Rack,1,1,RAE,028,30,100,180,120,1050
RDI,A048,CD SARANDI NAVE 1,General,RAE026.30A,Rack,1,1,RAE,026,30,100,180,120,1050
RDI,A048,CD SARANDI NAVE 1,General,RAE024.30A,Rack,1,1,RAE,024,30,100,180,120,1050
RDI,A048,CD SARANDI NAVE 1,General,RAE022.30A,Rack,1,1,RAE,022,30,100,180,120,1050
RDI,A048,CD SARANDI NAVE 1,General,RAE020.30A,Rack,1,1,RAE,020,30,100,180,120,1050
RDI,A048,CD SARANDI NAVE 1,General,RAE018.30A,Rack,1,1,RAE,018,30,100,180,120,1050
RDI,A048,CD SARANDI NAVE 1,General,RAE016.30A,Rack,1,1,RAE,016,30,100,180,120,1050
RDI,A048,CD SARANDI NAVE 1,General,RAE014.30A,Rack,1,1,RAE,014,30,100,180,120,1050
RDI,A048,CD SARANDI NAVE 1,General,RAE012.30A,Rack,1,1,RAE,012,30,100,180,120,1050
RDI,A048,CD SARANDI NAVE 1,General,RAE010.30A,Rack,1,1,RAE,010,30,100,180,120,1050
RDI,A048,CD SARANDI NAVE 1,General,RAE008.30A,Rack,1,1,RAE,008,30,100,180,120,1050
RDI,A048,CD SARANDI NAVE 1,General,RAE006.30A,Rack,1,1,RAE,006,30,100,180,120,1050
RDI,A048,CD SARANDI NAVE 1,General,RAE004.30A,Rack,1,1,RAE,004,30,100,180,120,1050
RDI,A048,CD SARANDI NAVE 1,General,RAE002.30A,Rack,1,1,RAE,002,30,100,180,120,1050
RDI,A048,CD SARANDI NAVE 1,General,RAF045.30A,Rack,1,1,RAF,045,30,100,180,120,1050
RDI,A048,CD SARANDI NAVE 1,General,RAF043.30A,Rack,1,1,RAF,043,30,100,180,120,1050
RDI,A048,CD SARANDI NAVE 1,General,RAF041.30A,Rack,1,1,RAF,041,30,100,180,120,1050
RDI,A048,CD SARANDI NAVE 1,General,RAF039.30A,Rack,1,1,RAF,039,30,100,180,120,1050
RDI,A048,CD SARANDI NAVE 1,General,RAF037.30A,Rack,1,1,RAF,037,30,100,180,120,1050
RDI,A048,CD SARANDI NAVE 1,General,RAF035.30A,Rack,1,1,RAF,035,30,100,180,120,1050
RDI,A048,CD SARANDI NAVE 1,General,RAF033.30A,Rack,1,1,RAF,033,30,100,180,120,1050
RDI,A048,CD SARANDI NAVE 1,General,RAF031.30A,Rack,1,1,RAF,031,30,100,180,120,1050
RDI,A048,CD SARANDI NAVE 1,General,RAF029.30A,Rack,1,1,RAF,029,30,100,180,120,1050
RDI,A048,CD SARANDI NAVE 1,General,RAF027.30A,Rack,1,1,RAF,027,30,100,180,120,1050
RDI,A048,CD SARANDI NAVE 1,General,RAF025.30A,Rack,1,1,RAF,025,30,100,180,120,1050
RDI,A048,CD SARANDI NAVE 1,General,RAF023.30A,Rack,1,1,RAF,023,30,100,180,120,1050
RDI,A048,CD SARANDI NAVE 1,General,RAF021.30A,Rack,1,1,RAF,021,30,100,180,120,1050
RDI,A048,CD SARANDI NAVE 1,General,RAF019.30A,Rack,1,1,RAF,019,30,100,180,120,1050
RDI,A048,CD SARANDI NAVE 1,General,RAF017.30A,Rack,1,1,RAF,017,30,100,180,120,1050
RDI,A048,CD SARANDI NAVE 1,General,RAF015.30A,Rack,1,1,RAF,015,30,100,180,120,1050
RDI,A048,CD SARANDI NAVE 1,General,RAF013.30A,Rack,1,1,RAF,013,30,100,180,120,1050
RDI,A048,CD SARANDI NAVE 1,General,RAF011.30A,Rack,1,1,RAF,011,30,100,180,120,1050
RDI,A048,CD SARANDI NAVE 1,General,RAF009.30A,Rack,1,1,RAF,009,30,100,180,120,1050
RDI,A048,CD SARANDI NAVE 1,General,RAF007.30A,Rack,1,1,RAF,007,30,100,180,120,1050
RDI,A048,CD SARANDI NAVE 1,General,RAF003.30A,Rack,1,1,RAF,003,30,100,180,120,1050
RDI,A048,CD SARANDI NAVE 1,General,RAF001.30A,Rack,1,1,RAF,001,30,100,180,120,1050
RDI,A048,CD SARANDI NAVE 1,General,RAF044.30A,Rack,1,1,RAF,044,30,100,180,120,1050
RDI,A048,CD SARANDI NAVE 1,General,RAF042.30A,Rack,1,1,RAF,042,30,100,180,120,1050
RDI,A048,CD SARANDI NAVE 1,General,RAF040.30A,Rack,1,1,RAF,040,30,100,180,120,1050
RDI,A048,CD SARANDI NAVE 1,General,RAF038.30A,Rack,1,1,RAF,038,30,100,180,120,1050
RDI,A048,CD SARANDI NAVE 1,General,RAF036.30A,Rack,1,1,RAF,036,30,100,180,120,1050
RDI,A048,CD SARANDI NAVE 1,General,RAF034.30A,Rack,1,1,RAF,034,30,100,180,120,1050
RDI,A048,CD SARANDI NAVE 1,General,RAF032.30A,Rack,1,1,RAF,032,30,100,180,120,1050
RDI,A048,CD SARANDI NAVE 1,General,RAF030.30A,Rack,1,1,RAF,030,30,100,180,120,1050
RDI,A048,CD SARANDI NAVE 1,General,RAF028.30A,Rack,1,1,RAF,028,30,100,180,120,1050
RDI,A048,CD SARANDI NAVE 1,General,RAF026.30A,Rack,1,1,RAF,026,30,100,180,120,1050
RDI,A048,CD SARANDI NAVE 1,General,RAF024.30A,Rack,1,1,RAF,024,30,100,180,120,1050
RDI,A048,CD SARANDI NAVE 1,General,RAF022.30A,Rack,1,1,RAF,022,30,100,180,120,1050
RDI,A048,CD SARANDI NAVE 1,General,RAF020.30A,Rack,1,1,RAF,020,30,100,180,120,1050
RDI,A048,CD SARANDI NAVE 1,General,RAF018.30A,Rack,1,1,RAF,018,30,100,180,120,1050
RDI,A048,CD SARANDI NAVE 1,General,RAF016.30A,Rack,1,1,RAF,016,30,100,180,120,1050
RDI,A048,CD SARANDI NAVE 1,General,RAF014.30A,Rack,1,1,RAF,014,30,100,180,120,1050
RDI,A048,CD SARANDI NAVE 1,General,RAF012.30A,Rack,1,1,RAF,012,30,100,180,120,1050
RDI,A048,CD SARANDI NAVE 1,General,RAF010.30A,Rack,1,1,RAF,010,30,100,180,120,1050
RDI,A048,CD SARANDI NAVE 1,General,RAF008.30A,Rack,1,1,RAF,008,30,100,180,120,1050
RDI,A048,CD SARANDI NAVE 1,General,RAF006.30A,Rack,1,1,RAF,006,30,100,180,120,1050
RDI,A048,CD SARANDI NAVE 1,General,RAF004.30A,Rack,1,1,RAF,004,30,100,180,120,1050
RDI,A048,CD SARANDI NAVE 1,General,RAF002.30A,Rack,1,1,RAF,002,30,100,180,120,1050
RDI,A048,CD SARANDI NAVE 1,General,RAG045.30A,Rack,1,1,RAG,045,30,100,180,120,1050
RDI,A048,CD SARANDI NAVE 1,General,RAG043.30A,Rack,1,1,RAG,043,30,100,180,120,1050
RDI,A048,CD SARANDI NAVE 1,General,RAG041.30A,Rack,1,1,RAG,041,30,100,180,120,1050
RDI,A048,CD SARANDI NAVE 1,General,RAG039.30A,Rack,1,1,RAG,039,30,100,180,120,1050
RDI,A048,CD SARANDI NAVE 1,General,RAG037.30A,Rack,1,1,RAG,037,30,100,180,120,1050
RDI,A048,CD SARANDI NAVE 1,General,RAG035.30A,Rack,1,1,RAG,035,30,100,180,120,1050
RDI,A048,CD SARANDI NAVE 1,General,RAG033.30A,Rack,1,1,RAG,033,30,100,180,120,1050
RDI,A048,CD SARANDI NAVE 1,General,RAG031.30A,Rack,1,1,RAG,031,30,100,180,120,1050
RDI,A048,CD SARANDI NAVE 1,General,RAG029.30A,Rack,1,1,RAG,029,30,100,180,120,1050
RDI,A048,CD SARANDI NAVE 1,General,RAG027.30A,Rack,1,1,RAG,027,30,100,180,120,1050
RDI,A048,CD SARANDI NAVE 1,General,RAG025.30A,Rack,1,1,RAG,025,30,100,180,120,1050
RDI,A048,CD SARANDI NAVE 1,General,RAG023.30A,Rack,1,1,RAG,023,30,100,180,120,1050
RDI,A048,CD SARANDI NAVE 1,General,RAG021.30A,Rack,1,1,RAG,021,30,100,180,120,1050
RDI,A048,CD SARANDI NAVE 1,General,RAG019.30A,Rack,1,1,RAG,019,30,100,180,120,1050
RDI,A048,CD SARANDI NAVE 1,General,RAG017.30A,Rack,1,1,RAG,017,30,100,180,120,1050
RDI,A048,CD SARANDI NAVE 1,General,RAG015.30A,Rack,1,1,RAG,015,30,100,180,120,1050
RDI,A048,CD SARANDI NAVE 1,General,RAG013.30A,Rack,1,1,RAG,013,30,100,180,120,1050
RDI,A048,CD SARANDI NAVE 1,General,RAG011.30A,Rack,1,1,RAG,011,30,100,180,120,1050
RDI,A048,CD SARANDI NAVE 1,General,RAG009.30A,Rack,1,1,RAG,009,30,100,180,120,1050
RDI,A048,CD SARANDI NAVE 1,General,RAG007.30A,Rack,1,1,RAG,007,30,100,180,120,1050
RDI,A048,CD SARANDI NAVE 1,General,RAG003.30A,Rack,1,1,RAG,003,30,100,180,120,1050
RDI,A048,CD SARANDI NAVE 1,General,RAG001.30A,Rack,1,1,RAG,001,30,100,180,120,1050
RDI,A048,CD SARANDI NAVE 1,General,RAG044.30A,Rack,1,1,RAG,044,30,100,180,120,1050
RDI,A048,CD SARANDI NAVE 1,General,RAG042.30A,Rack,1,1,RAG,042,30,100,180,120,1050
RDI,A048,CD SARANDI NAVE 1,General,RAG040.30A,Rack,1,1,RAG,040,30,100,180,120,1050
RDI,A048,CD SARANDI NAVE 1,General,RAG038.30A,Rack,1,1,RAG,038,30,100,180,120,1050
RDI,A048,CD SARANDI NAVE 1,General,RAG036.30A,Rack,1,1,RAG,036,30,100,180,120,1050
RDI,A048,CD SARANDI NAVE 1,General,RAG034.30A,Rack,1,1,RAG,034,30,100,180,120,1050
RDI,A048,CD SARANDI NAVE 1,General,RAG032.30A,Rack,1,1,RAG,032,30,100,180,120,1050
RDI,A048,CD SARANDI NAVE 1,General,RAG030.30A,Rack,1,1,RAG,030,30,100,180,120,1050
RDI,A048,CD SARANDI NAVE 1,General,RAG028.30A,Rack,1,1,RAG,028,30,100,180,120,1050
RDI,A048,CD SARANDI NAVE 1,General,RAG026.30A,Rack,1,1,RAG,026,30,100,180,120,1050
RDI,A048,CD SARANDI NAVE 1,General,RAG024.30A,Rack,1,1,RAG,024,30,100,180,120,1050
RDI,A048,CD SARANDI NAVE 1,General,RAG022.30A,Rack,1,1,RAG,022,30,100,180,120,1050
RDI,A048,CD SARANDI NAVE 1,General,RAG020.30A,Rack,1,1,RAG,020,30,100,180,120,1050
RDI,A048,CD SARANDI NAVE 1,General,RAG018.30A,Rack,1,1,RAG,018,30,100,180,120,1050
RDI,A048,CD SARANDI NAVE 1,General,RAG016.30A,Rack,1,1,RAG,016,30,100,180,120,1050
RDI,A048,CD SARANDI NAVE 1,General,RAG014.30A,Rack,1,1,RAG,014,30,100,180,120,1050
RDI,A048,CD SARANDI NAVE 1,General,RAG012.30A,Rack,1,1,RAG,012,30,100,180,120,1050
RDI,A048,CD SARANDI NAVE 1,General,RAG010.30A,Rack,1,1,RAG,010,30,100,180,120,1050
RDI,A048,CD SARANDI NAVE 1,General,RAG008.30A,Rack,1,1,RAG,008,30,100,180,120,1050
RDI,A048,CD SARANDI NAVE 1,General,RAG006.30A,Rack,1,1,RAG,006,30,100,180,120,1050
RDI,A048,CD SARANDI NAVE 1,General,RAG004.30A,Rack,1,1,RAG,004,30,100,180,120,1050
RDI,A048,CD SARANDI NAVE 1,General,RAG002.30A,Rack,1,1,RAG,002,30,100,180,120,1050
RDI,A048,CD SARANDI NAVE 1,General,RAH045.30A,Rack,1,1,RAH,045,30,100,180,120,1050
RDI,A048,CD SARANDI NAVE 1,General,RAH043.30A,Rack,1,1,RAH,043,30,100,180,120,1050
RDI,A048,CD SARANDI NAVE 1,General,RAH041.30A,Rack,1,1,RAH,041,30,100,180,120,1050
RDI,A048,CD SARANDI NAVE 1,General,RAH039.30A,Rack,1,1,RAH,039,30,100,180,120,1050
RDI,A048,CD SARANDI NAVE 1,General,RAH037.30A,Rack,1,1,RAH,037,30,100,180,120,1050
RDI,A048,CD SARANDI NAVE 1,General,RAH035.30A,Rack,1,1,RAH,035,30,100,180,120,1050
RDI,A048,CD SARANDI NAVE 1,General,RAH033.30A,Rack,1,1,RAH,033,30,100,180,120,1050
RDI,A048,CD SARANDI NAVE 1,General,RAH031.30A,Rack,1,1,RAH,031,30,100,180,120,1050
RDI,A048,CD SARANDI NAVE 1,General,RAH029.30A,Rack,1,1,RAH,029,30,100,180,120,1050
RDI,A048,CD SARANDI NAVE 1,General,RAH027.30A,Rack,1,1,RAH,027,30,100,180,120,1050
RDI,A048,CD SARANDI NAVE 1,General,RAH025.30A,Rack,1,1,RAH,025,30,100,180,120,1050
RDI,A048,CD SARANDI NAVE 1,General,RAH023.30A,Rack,1,1,RAH,023,30,100,180,120,1050
RDI,A048,CD SARANDI NAVE 1,General,RAH021.30A,Rack,1,1,RAH,021,30,100,180,120,1050
RDI,A048,CD SARANDI NAVE 1,General,RAH019.30A,Rack,1,1,RAH,019,30,100,180,120,1050
RDI,A048,CD SARANDI NAVE 1,General,RAH017.30A,Rack,1,1,RAH,017,30,100,180,120,1050
RDI,A048,CD SARANDI NAVE 1,General,RAH015.30A,Rack,1,1,RAH,015,30,100,180,120,1050
RDI,A048,CD SARANDI NAVE 1,General,RAH013.30A,Rack,1,1,RAH,013,30,100,180,120,1050
RDI,A048,CD SARANDI NAVE 1,General,RAH011.30A,Rack,1,1,RAH,011,30,100,180,120,1050
RDI,A048,CD SARANDI NAVE 1,General,RAH009.30A,Rack,1,1,RAH,009,30,100,180,120,1050
RDI,A048,CD SARANDI NAVE 1,General,RAH007.30A,Rack,1,1,RAH,007,30,100,180,120,1050
RDI,A048,CD SARANDI NAVE 1,General,RAH003.30A,Rack,1,1,RAH,003,30,100,180,120,1050
RDI,A048,CD SARANDI NAVE 1,General,RAH001.30A,Rack,1,1,RAH,001,30,100,180,120,1050
RDI,A048,CD SARANDI NAVE 1,General,RAH044.30A,Rack,1,1,RAH,044,30,100,180,120,1050
RDI,A048,CD SARANDI NAVE 1,General,RAH042.30A,Rack,1,1,RAH,042,30,100,180,120,1050
RDI,A048,CD SARANDI NAVE 1,General,RAH040.30A,Rack,1,1,RAH,040,30,100,180,120,1050
RDI,A048,CD SARANDI NAVE 1,General,RAH038.30A,Rack,1,1,RAH,038,30,100,180,120,1050
RDI,A048,CD SARANDI NAVE 1,General,RAH036.30A,Rack,1,1,RAH,036,30,100,180,120,1050
RDI,A048,CD SARANDI NAVE 1,General,RAH034.30A,Rack,1,1,RAH,034,30,100,180,120,1050
RDI,A048,CD SARANDI NAVE 1,General,RAH032.30A,Rack,1,1,RAH,032,30,100,180,120,1050
RDI,A048,CD SARANDI NAVE 1,General,RAH030.30A,Rack,1,1,RAH,030,30,100,180,120,1050
RDI,A048,CD SARANDI NAVE 1,General,RAH028.30A,Rack,1,1,RAH,028,30,100,180,120,1050
RDI,A048,CD SARANDI NAVE 1,General,RAH026.30A,Rack,1,1,RAH,026,30,100,180,120,1050
RDI,A048,CD SARANDI NAVE 1,General,RAH024.30A,Rack,1,1,RAH,024,30,100,180,120,1050
RDI,A048,CD SARANDI NAVE 1,General,RAH022.30A,Rack,1,1,RAH,022,30,100,180,120,1050
RDI,A048,CD SARANDI NAVE 1,General,RAH020.30A,Rack,1,1,RAH,020,30,100,180,120,1050
RDI,A048,CD SARANDI NAVE 1,General,RAH018.30A,Rack,1,1,RAH,018,30,100,180,120,1050
RDI,A048,CD SARANDI NAVE 1,General,RAH016.30A,Rack,1,1,RAH,016,30,100,180,120,1050
RDI,A048,CD SARANDI NAVE 1,General,RAH014.30A,Rack,1,1,RAH,014,30,100,180,120,1050
RDI,A048,CD SARANDI NAVE 1,General,RAH012.30A,Rack,1,1,RAH,012,30,100,180,120,1050
RDI,A048,CD SARANDI NAVE 1,General,RAH010.30A,Rack,1,1,RAH,010,30,100,180,120,1050
RDI,A048,CD SARANDI NAVE 1,General,RAH008.30A,Rack,1,1,RAH,008,30,100,180,120,1050
RDI,A048,CD SARANDI NAVE 1,General,RAH006.30A,Rack,1,1,RAH,006,30,100,180,120,1050
RDI,A048,CD SARANDI NAVE 1,General,RAH004.30A,Rack,1,1,RAH,004,30,100,180,120,1050
RDI,A048,CD SARANDI NAVE 1,General,RAH002.30A,Rack,1,1,RAH,002,30,100,180,120,1050
RDI,A048,CD SARANDI NAVE 1,General,RAI045.30A,Rack,1,1,RAI,045,30,100,180,120,1050
RDI,A048,CD SARANDI NAVE 1,General,RAI043.30A,Rack,1,1,RAI,043,30,100,180,120,1050
RDI,A048,CD SARANDI NAVE 1,General,RAI041.30A,Rack,1,1,RAI,041,30,100,180,120,1050
RDI,A048,CD SARANDI NAVE 1,General,RAI039.30A,Rack,1,1,RAI,039,30,100,180,120,1050
RDI,A048,CD SARANDI NAVE 1,General,RAI037.30A,Rack,1,1,RAI,037,30,100,180,120,1050
RDI,A048,CD SARANDI NAVE 1,General,RAI035.30A,Rack,1,1,RAI,035,30,100,180,120,1050
RDI,A048,CD SARANDI NAVE 1,General,RAI033.30A,Rack,1,1,RAI,033,30,100,180,120,1050
RDI,A048,CD SARANDI NAVE 1,General,RAI031.30A,Rack,1,1,RAI,031,30,100,180,120,1050
RDI,A048,CD SARANDI NAVE 1,General,RAI029.30A,Rack,1,1,RAI,029,30,100,180,120,1050
RDI,A048,CD SARANDI NAVE 1,General,RAI027.30A,Rack,1,1,RAI,027,30,100,180,120,1050
RDI,A048,CD SARANDI NAVE 1,General,RAI025.30A,Rack,1,1,RAI,025,30,100,180,120,1050
RDI,A048,CD SARANDI NAVE 1,General,RAI023.30A,Rack,1,1,RAI,023,30,100,180,120,1050
RDI,A048,CD SARANDI NAVE 1,General,RAI021.30A,Rack,1,1,RAI,021,30,100,180,120,1050
RDI,A048,CD SARANDI NAVE 1,General,RAI019.30A,Rack,1,1,RAI,019,30,100,180,120,1050
RDI,A048,CD SARANDI NAVE 1,General,RAI017.30A,Rack,1,1,RAI,017,30,100,180,120,1050
RDI,A048,CD SARANDI NAVE 1,General,RAI015.30A,Rack,1,1,RAI,015,30,100,180,120,1050
RDI,A048,CD SARANDI NAVE 1,General,RAI013.30A,Rack,1,1,RAI,013,30,100,180,120,1050
RDI,A048,CD SARANDI NAVE 1,General,RAI011.30A,Rack,1,1,RAI,011,30,100,180,120,1050
RDI,A048,CD SARANDI NAVE 1,General,RAI009.30A,Rack,1,1,RAI,009,30,100,180,120,1050
RDI,A048,CD SARANDI NAVE 1,General,RAI007.30A,Rack,1,1,RAI,007,30,100,180,120,1050
RDI,A048,CD SARANDI NAVE 1,General,RAI003.30A,Rack,1,1,RAI,003,30,100,180,120,1050
RDI,A048,CD SARANDI NAVE 1,General,RAI001.30A,Rack,1,1,RAI,001,30,100,180,120,1050
RDI,A048,CD SARANDI NAVE 1,General,RAI044.30A,Rack,1,1,RAI,044,30,100,180,120,1050
RDI,A048,CD SARANDI NAVE 1,General,RAI042.30A,Rack,1,1,RAI,042,30,100,180,120,1050
RDI,A048,CD SARANDI NAVE 1,General,RAI040.30A,Rack,1,1,RAI,040,30,100,180,120,1050
RDI,A048,CD SARANDI NAVE 1,General,RAI038.30A,Rack,1,1,RAI,038,30,100,180,120,1050
RDI,A048,CD SARANDI NAVE 1,General,RAI036.30A,Rack,1,1,RAI,036,30,100,180,120,1050
RDI,A048,CD SARANDI NAVE 1,General,RAI034.30A,Rack,1,1,RAI,034,30,100,180,120,1050
RDI,A048,CD SARANDI NAVE 1,General,RAI032.30A,Rack,1,1,RAI,032,30,100,180,120,1050
RDI,A048,CD SARANDI NAVE 1,General,RAI030.30A,Rack,1,1,RAI,030,30,100,180,120,1050
RDI,A048,CD SARANDI NAVE 1,General,RAI028.30A,Rack,1,1,RAI,028,30,100,180,120,1050
RDI,A048,CD SARANDI NAVE 1,General,RAI026.30A,Rack,1,1,RAI,026,30,100,180,120,1050
RDI,A048,CD SARANDI NAVE 1,General,RAI024.30A,Rack,1,1,RAI,024,30,100,180,120,1050
RDI,A048,CD SARANDI NAVE 1,General,RAI022.30A,Rack,1,1,RAI,022,30,100,180,120,1050
RDI,A048,CD SARANDI NAVE 1,General,RAI020.30A,Rack,1,1,RAI,020,30,100,180,120,1050
RDI,A048,CD SARANDI NAVE 1,General,RAI018.30A,Rack,1,1,RAI,018,30,100,180,120,1050
RDI,A048,CD SARANDI NAVE 1,General,RAI016.30A,Rack,1,1,RAI,016,30,100,180,120,1050
RDI,A048,CD SARANDI NAVE 1,General,RAI014.30A,Rack,1,1,RAI,014,30,100,180,120,1050
RDI,A048,CD SARANDI NAVE 1,General,RAI012.30A,Rack,1,1,RAI,012,30,100,180,120,1050
RDI,A048,CD SARANDI NAVE 1,General,RAI010.30A,Rack,1,1,RAI,010,30,100,180,120,1050
RDI,A048,CD SARANDI NAVE 1,General,RAI008.30A,Rack,1,1,RAI,008,30,100,180,120,1050
RDI,A048,CD SARANDI NAVE 1,General,RAI006.30A,Rack,1,1,RAI,006,30,100,180,120,1050
RDI,A048,CD SARANDI NAVE 1,General,RAI004.30A,Rack,1,1,RAI,004,30,100,180,120,1050
RDI,A048,CD SARANDI NAVE 1,General,RAI002.30A,Rack,1,1,RAI,002,30,100,180,120,1050
RDI,A048,CD SARANDI NAVE 1,General,RAJ045.30A,Rack,1,1,RAJ,045,30,100,180,120,1050
RDI,A048,CD SARANDI NAVE 1,General,RAJ043.30A,Rack,1,1,RAJ,043,30,100,180,120,1050
RDI,A048,CD SARANDI NAVE 1,General,RAJ041.30A,Rack,1,1,RAJ,041,30,100,180,120,1050
RDI,A048,CD SARANDI NAVE 1,General,RAJ039.30A,Rack,1,1,RAJ,039,30,100,180,120,1050
RDI,A048,CD SARANDI NAVE 1,General,RAJ037.30A,Rack,1,1,RAJ,037,30,100,180,120,1050
RDI,A048,CD SARANDI NAVE 1,General,RAJ035.30A,Rack,1,1,RAJ,035,30,100,180,120,1050
RDI,A048,CD SARANDI NAVE 1,General,RAJ033.30A,Rack,1,1,RAJ,033,30,100,180,120,1050
RDI,A048,CD SARANDI NAVE 1,General,RAJ031.30A,Rack,1,1,RAJ,031,30,100,180,120,1050
RDI,A048,CD SARANDI NAVE 1,General,RAJ029.30A,Rack,1,1,RAJ,029,30,100,180,120,1050
RDI,A048,CD SARANDI NAVE 1,General,RAJ027.30A,Rack,1,1,RAJ,027,30,100,180,120,1050
RDI,A048,CD SARANDI NAVE 1,General,RAJ025.30A,Rack,1,1,RAJ,025,30,100,180,120,1050
RDI,A048,CD SARANDI NAVE 1,General,RAJ023.30A,Rack,1,1,RAJ,023,30,100,180,120,1050
RDI,A048,CD SARANDI NAVE 1,General,RAJ021.30A,Rack,1,1,RAJ,021,30,100,180,120,1050
RDI,A048,CD SARANDI NAVE 1,General,RAJ019.30A,Rack,1,1,RAJ,019,30,100,180,120,1050
RDI,A048,CD SARANDI NAVE 1,General,RAJ017.30A,Rack,1,1,RAJ,017,30,100,180,120,1050
RDI,A048,CD SARANDI NAVE 1,General,RAJ015.30A,Rack,1,1,RAJ,015,30,100,180,120,1050
RDI,A048,CD SARANDI NAVE 1,General,RAJ013.30A,Rack,1,1,RAJ,013,30,100,180,120,1050
RDI,A048,CD SARANDI NAVE 1,General,RAJ011.30A,Rack,1,1,RAJ,011,30,100,180,120,1050
RDI,A048,CD SARANDI NAVE 1,General,RAJ009.30A,Rack,1,1,RAJ,009,30,100,180,120,1050
RDI,A048,CD SARANDI NAVE 1,General,RAJ007.30A,Rack,1,1,RAJ,007,30,100,180,120,1050
RDI,A048,CD SARANDI NAVE 1,General,RAJ003.30A,Rack,1,1,RAJ,003,30,100,180,120,1050
RDI,A048,CD SARANDI NAVE 1,General,RAJ001.30A,Rack,1,1,RAJ,001,30,100,180,120,1050
RDI,A048,CD SARANDI NAVE 1,General,RAJ044.30A,Rack,1,1,RAJ,044,30,100,180,120,1050
RDI,A048,CD SARANDI NAVE 1,General,RAJ042.30A,Rack,1,1,RAJ,042,30,100,180,120,1050
RDI,A048,CD SARANDI NAVE 1,General,RAJ040.30A,Rack,1,1,RAJ,040,30,100,180,120,1050
RDI,A048,CD SARANDI NAVE 1,General,RAJ038.30A,Rack,1,1,RAJ,038,30,100,180,120,1050
RDI,A048,CD SARANDI NAVE 1,General,RAJ036.30A,Rack,1,1,RAJ,036,30,100,180,120,1050
RDI,A048,CD SARANDI NAVE 1,General,RAJ034.30A,Rack,1,1,RAJ,034,30,100,180,120,1050
RDI,A048,CD SARANDI NAVE 1,General,RAJ032.30A,Rack,1,1,RAJ,032,30,100,180,120,1050
RDI,A048,CD SARANDI NAVE 1,General,RAJ030.30A,Rack,1,1,RAJ,030,30,100,180,120,1050
RDI,A048,CD SARANDI NAVE 1,General,RAK045.30A,Rack,1,1,RAK,045,30,100,180,120,1050
RDI,A048,CD SARANDI NAVE 1,General,RAK043.30A,Rack,1,1,RAK,043,30,100,180,120,1050
RDI,A048,CD SARANDI NAVE 1,General,RAK041.30A,Rack,1,1,RAK,041,30,100,180,120,1050
RDI,A048,CD SARANDI NAVE 1,General,RAK039.30A,Rack,1,1,RAK,039,30,100,180,120,1050
RDI,A048,CD SARANDI NAVE 1,General,RAK037.30A,Rack,1,1,RAK,037,30,100,180,120,1050
RDI,A048,CD SARANDI NAVE 1,General,RAK035.30A,Rack,1,1,RAK,035,30,100,180,120,1050
RDI,A048,CD SARANDI NAVE 1,General,RAK033.30A,Rack,1,1,RAK,033,30,100,180,120,1050
RDI,A048,CD SARANDI NAVE 1,General,RAK031.30A,Rack,1,1,RAK,031,30,100,180,120,1050
RDI,A048,CD SARANDI NAVE 1,General,RAK044.30A,Rack,1,1,RAK,044,30,100,180,120,1050
RDI,A048,CD SARANDI NAVE 1,General,RAK042.30A,Rack,1,1,RAK,042,30,100,180,120,1050
RDI,A048,CD SARANDI NAVE 1,General,RAK040.30A,Rack,1,1,RAK,040,30,100,180,120,1050
RDI,A048,CD SARANDI NAVE 1,General,RAK038.30A,Rack,1,1,RAK,038,30,100,180,120,1050
RDI,A048,CD SARANDI NAVE 1,General,RAK036.30A,Rack,1,1,RAK,036,30,100,180,120,1050
RDI,A048,CD SARANDI NAVE 1,General,RAK034.30A,Rack,1,1,RAK,034,30,100,180,120,1050
RDI,A048,CD SARANDI NAVE 1,General,RAK032.30A,Rack,1,1,RAK,032,30,100,180,120,1050
RDI,A048,CD SARANDI NAVE 1,General,RAK030.30A,Rack,1,1,RAK,030,30,100,180,120,1050
RDI,A048,CD SARANDI NAVE 1,General,RAL045.30A,Rack,1,1,RAL,045,30,100,180,120,1050
RDI,A048,CD SARANDI NAVE 1,General,RAL043.30A,Rack,1,1,RAL,043,30,100,180,120,1050
RDI,A048,CD SARANDI NAVE 1,General,RAL041.30A,Rack,1,1,RAL,041,30,100,180,120,1050
RDI,A048,CD SARANDI NAVE 1,General,RAL039.30A,Rack,1,1,RAL,039,30,100,180,120,1050
RDI,A048,CD SARANDI NAVE 1,General,RAL037.30A,Rack,1,1,RAL,037,30,100,180,120,1050
RDI,A048,CD SARANDI NAVE 1,General,RAL035.30A,Rack,1,1,RAL,035,30,100,180,120,1050
RDI,A048,CD SARANDI NAVE 1,General,RAL033.30A,Rack,1,1,RAL,033,30,100,180,120,1050
RDI,A048,CD SARANDI NAVE 1,General,RAL031.30A,Rack,1,1,RAL,031,30,100,180,120,1050
RDI,A048,CD SARANDI NAVE 1,General,RAL044.30A,Rack,1,1,RAL,044,30,100,180,120,1050
RDI,A048,CD SARANDI NAVE 1,General,RAL042.30A,Rack,1,1,RAL,042,30,100,180,120,1050
RDI,A048,CD SARANDI NAVE 1,General,RAL040.30A,Rack,1,1,RAL,040,30,100,180,120,1050
RDI,A048,CD SARANDI NAVE 1,General,RAL038.30A,Rack,1,1,RAL,038,30,100,180,120,1050
RDI,A048,CD SARANDI NAVE 1,General,RAL036.30A,Rack,1,1,RAL,036,30,100,180,120,1050
RDI,A048,CD SARANDI NAVE 1,General,RAL034.30A,Rack,1,1,RAL,034,30,100,180,120,1050
RDI,A048,CD SARANDI NAVE 1,General,RAL032.30A,Rack,1,1,RAL,032,30,100,180,120,1050
RDI,A048,CD SARANDI NAVE 1,General,RAL030.30A,Rack,1,1,RAL,030,30,100,180,120,1050
RDI,A048,CD SARANDI NAVE 1,Espacio Cedido,RAA044.40A,Rack,1,1,RAA,044,40,100,180,120,1050
RDI,A048,CD SARANDI NAVE 1,Espacio Cedido,RAA042.40A,Rack,1,1,RAA,042,40,100,180,120,1050
RDI,A048,CD SARANDI NAVE 1,Espacio Cedido,RAA040.40A,Rack,1,1,RAA,040,40,100,180,120,1050
RDI,A048,CD SARANDI NAVE 1,Espacio Cedido,RAA038.40A,Rack,1,1,RAA,038,40,100,180,120,1050
RDI,A048,CD SARANDI NAVE 1,Espacio Cedido,RAA036.40A,Rack,1,1,RAA,036,40,100,180,120,1050
RDI,A048,CD SARANDI NAVE 1,Espacio Cedido,RAA034.40A,Rack,1,1,RAA,034,40,100,180,120,1050
RDI,A048,CD SARANDI NAVE 1,Espacio Cedido,RAA032.40A,Rack,1,1,RAA,032,40,100,180,120,1050
RDI,A048,CD SARANDI NAVE 1,Espacio Cedido,RAA030.40A,Rack,1,1,RAA,030,40,100,180,120,1050
RDI,A048,CD SARANDI NAVE 1,Espacio Cedido,RAA028.40A,Rack,1,1,RAA,028,40,100,180,120,1050
RDI,A048,CD SARANDI NAVE 1,Espacio Cedido,RAA026.40A,Rack,1,1,RAA,026,40,100,180,120,1050
RDI,A048,CD SARANDI NAVE 1,Espacio Cedido,RAA044.40A,Rack,1,1,RAA,044,40,100,180,120,1050
RDI,A048,CD SARANDI NAVE 1,Espacio Cedido,RAA042.40A,Rack,1,1,RAA,042,40,100,180,120,1050
RDI,A048,CD SARANDI NAVE 1,Espacio Cedido,RAA040.40A,Rack,1,1,RAA,040,40,100,180,120,1050
RDI,A048,CD SARANDI NAVE 1,Espacio Cedido,RAA038.40A,Rack,1,1,RAA,038,40,100,180,120,1050
RDI,A048,CD SARANDI NAVE 1,Espacio Cedido,RAA036.40A,Rack,1,1,RAA,036,40,100,180,120,1050
RDI,A048,CD SARANDI NAVE 1,Espacio Cedido,RAA034.40A,Rack,1,1,RAA,034,40,100,180,120,1050
RDI,A048,CD SARANDI NAVE 1,Espacio Cedido,RAA032.40A,Rack,1,1,RAA,032,40,100,180,120,1050
RDI,A048,CD SARANDI NAVE 1,Espacio Cedido,RAA030.40A,Rack,1,1,RAA,030,40,100,180,120,1050
RDI,A048,CD SARANDI NAVE 1,Espacio Cedido,RAA028.40A,Rack,1,1,RAA,028,40,100,180,120,1050
RDI,A048,CD SARANDI NAVE 1,Espacio Cedido,RAA026.40A,Rack,1,1,RAA,026,40,100,180,120,1050
RDI,A048,CD SARANDI NAVE 1,General,RAB044.40A,Rack,1,1,RAB,044,40,100,180,120,1050
RDI,A048,CD SARANDI NAVE 1,General,RAB042.40A,Rack,1,1,RAB,042,40,100,180,120,1050
RDI,A048,CD SARANDI NAVE 1,General,RAB040.40A,Rack,1,1,RAB,040,40,100,180,120,1050
RDI,A048,CD SARANDI NAVE 1,General,RAB038.40A,Rack,1,1,RAB,038,40,100,180,120,1050
RDI,A048,CD SARANDI NAVE 1,General,RAB036.40A,Rack,1,1,RAB,036,40,100,180,120,1050
RDI,A048,CD SARANDI NAVE 1,General,RAB034.40A,Rack,1,1,RAB,034,40,100,180,120,1050
RDI,A048,CD SARANDI NAVE 1,General,RAB032.40A,Rack,1,1,RAB,032,40,100,180,120,1050
RDI,A048,CD SARANDI NAVE 1,General,RAB030.40A,Rack,1,1,RAB,030,40,100,180,120,1050
RDI,A048,CD SARANDI NAVE 1,General,RAB028.40A,Rack,1,1,RAB,028,40,100,180,120,1050
RDI,A048,CD SARANDI NAVE 1,General,RAB026.40A,Rack,1,1,RAB,026,40,100,180,120,1050
RDI,A048,CD SARANDI NAVE 1,General,RAB024.40A,Rack,1,1,RAB,024,40,100,180,120,1050
RDI,A048,CD SARANDI NAVE 1,General,RAB022.40A,Rack,1,1,RAB,022,40,100,180,120,1050
RDI,A048,CD SARANDI NAVE 1,General,RAB020.40A,Rack,1,1,RAB,020,40,100,180,120,1050
RDI,A048,CD SARANDI NAVE 1,General,RAB018.40A,Rack,1,1,RAB,018,40,100,180,120,1050
RDI,A048,CD SARANDI NAVE 1,General,RAB016.40A,Rack,1,1,RAB,016,40,100,180,120,1050
RDI,A048,CD SARANDI NAVE 1,General,RAB014.40A,Rack,1,1,RAB,014,40,100,180,120,1050
RDI,A048,CD SARANDI NAVE 1,General,RAB012.40A,Rack,1,1,RAB,012,40,100,180,120,1050
RDI,A048,CD SARANDI NAVE 1,General,RAB010.40A,Rack,1,1,RAB,010,40,100,180,120,1050
RDI,A048,CD SARANDI NAVE 1,General,RAB008.40A,Rack,1,1,RAB,008,40,100,180,120,1050
RDI,A048,CD SARANDI NAVE 1,General,RAB006.40A,Rack,1,1,RAB,006,40,100,180,120,1050
RDI,A048,CD SARANDI NAVE 1,General,RAB004.40A,Rack,1,1,RAB,004,40,100,180,120,1050
RDI,A048,CD SARANDI NAVE 1,General,RAB002.40A,Rack,1,1,RAB,002,40,100,180,120,1050
RDI,A048,CD SARANDI NAVE 1,General,RAC045.40A,Rack,1,1,RAC,045,40,100,180,120,1050
RDI,A048,CD SARANDI NAVE 1,General,RAC043.40A,Rack,1,1,RAC,043,40,100,180,120,1050
RDI,A048,CD SARANDI NAVE 1,General,RAC041.40A,Rack,1,1,RAC,041,40,100,180,120,1050
RDI,A048,CD SARANDI NAVE 1,General,RAC039.40A,Rack,1,1,RAC,039,40,100,180,120,1050
RDI,A048,CD SARANDI NAVE 1,General,RAC037.40A,Rack,1,1,RAC,037,40,100,180,120,1050
RDI,A048,CD SARANDI NAVE 1,General,RAC035.40A,Rack,1,1,RAC,035,40,100,180,120,1050
RDI,A048,CD SARANDI NAVE 1,General,RAC033.40A,Rack,1,1,RAC,033,40,100,180,120,1050
RDI,A048,CD SARANDI NAVE 1,General,RAC031.40A,Rack,1,1,RAC,031,40,100,180,120,1050
RDI,A048,CD SARANDI NAVE 1,General,RAC029.40A,Rack,1,1,RAC,029,40,100,180,120,1050
RDI,A048,CD SARANDI NAVE 1,General,RAC027.40A,Rack,1,1,RAC,027,40,100,180,120,1050
RDI,A048,CD SARANDI NAVE 1,General,RAC025.40A,Rack,1,1,RAC,025,40,100,180,120,1050
RDI,A048,CD SARANDI NAVE 1,General,RAC023.40A,Rack,1,1,RAC,023,40,100,180,120,1050
RDI,A048,CD SARANDI NAVE 1,General,RAC021.40A,Rack,1,1,RAC,021,40,100,180,120,1050
RDI,A048,CD SARANDI NAVE 1,General,RAC019.40A,Rack,1,1,RAC,019,40,100,180,120,1050
RDI,A048,CD SARANDI NAVE 1,General,RAC017.40A,Rack,1,1,RAC,017,40,100,180,120,1050
RDI,A048,CD SARANDI NAVE 1,General,RAC015.40A,Rack,1,1,RAC,015,40,100,180,120,1050
RDI,A048,CD SARANDI NAVE 1,General,RAC013.40A,Rack,1,1,RAC,013,40,100,180,120,1050
RDI,A048,CD SARANDI NAVE 1,General,RAC011.40A,Rack,1,1,RAC,011,40,100,180,120,1050
RDI,A048,CD SARANDI NAVE 1,General,RAC009.40A,Rack,1,1,RAC,009,40,100,180,120,1050
RDI,A048,CD SARANDI NAVE 1,General,RAC007.40A,Rack,1,1,RAC,007,40,100,180,120,1050
RDI,A048,CD SARANDI NAVE 1,General,RAC003.40A,Rack,1,1,RAC,003,40,100,180,120,1050
RDI,A048,CD SARANDI NAVE 1,General,RAC001.40A,Rack,1,1,RAC,001,40,100,180,120,1050
RDI,A048,CD SARANDI NAVE 1,General,RAC044.40A,Rack,1,1,RAC,044,40,100,180,120,1050
RDI,A048,CD SARANDI NAVE 1,General,RAC042.40A,Rack,1,1,RAC,042,40,100,180,120,1050
RDI,A048,CD SARANDI NAVE 1,General,RAC040.40A,Rack,1,1,RAC,040,40,100,180,120,1050
RDI,A048,CD SARANDI NAVE 1,General,RAC038.40A,Rack,1,1,RAC,038,40,100,180,120,1050
RDI,A048,CD SARANDI NAVE 1,General,RAC036.40A,Rack,1,1,RAC,036,40,100,180,120,1050
RDI,A048,CD SARANDI NAVE 1,General,RAC034.40A,Rack,1,1,RAC,034,40,100,180,120,1050
RDI,A048,CD SARANDI NAVE 1,General,RAC032.40A,Rack,1,1,RAC,032,40,100,180,120,1050
RDI,A048,CD SARANDI NAVE 1,General,RAC030.40A,Rack,1,1,RAC,030,40,100,180,120,1050
RDI,A048,CD SARANDI NAVE 1,General,RAC028.40A,Rack,1,1,RAC,028,40,100,180,120,1050
RDI,A048,CD SARANDI NAVE 1,General,RAC026.40A,Rack,1,1,RAC,026,40,100,180,120,1050
RDI,A048,CD SARANDI NAVE 1,General,RAC024.40A,Rack,1,1,RAC,024,40,100,180,120,1050
RDI,A048,CD SARANDI NAVE 1,General,RAC022.40A,Rack,1,1,RAC,022,40,100,180,120,1050
RDI,A048,CD SARANDI NAVE 1,General,RAC020.40A,Rack,1,1,RAC,020,40,100,180,120,1050
RDI,A048,CD SARANDI NAVE 1,General,RAC018.40A,Rack,1,1,RAC,018,40,100,180,120,1050
RDI,A048,CD SARANDI NAVE 1,General,RAC016.40A,Rack,1,1,RAC,016,40,100,180,120,1050
RDI,A048,CD SARANDI NAVE 1,General,RAC014.40A,Rack,1,1,RAC,014,40,100,180,120,1050
RDI,A048,CD SARANDI NAVE 1,General,RAC012.40A,Rack,1,1,RAC,012,40,100,180,120,1050
RDI,A048,CD SARANDI NAVE 1,General,RAC010.40A,Rack,1,1,RAC,010,40,100,180,120,1050
RDI,A048,CD SARANDI NAVE 1,General,RAC008.40A,Rack,1,1,RAC,008,40,100,180,120,1050
RDI,A048,CD SARANDI NAVE 1,General,RAC006.40A,Rack,1,1,RAC,006,40,100,180,120,1050
RDI,A048,CD SARANDI NAVE 1,General,RAC004.40A,Rack,1,1,RAC,004,40,100,180,120,1050
RDI,A048,CD SARANDI NAVE 1,General,RAC002.40A,Rack,1,1,RAC,002,40,100,180,120,1050
RDI,A048,CD SARANDI NAVE 1,General,RAD045.40A,Rack,1,1,RAD,045,40,100,180,120,1050
RDI,A048,CD SARANDI NAVE 1,General,RAD043.40A,Rack,1,1,RAD,043,40,100,180,120,1050
RDI,A048,CD SARANDI NAVE 1,General,RAD041.40A,Rack,1,1,RAD,041,40,100,180,120,1050
RDI,A048,CD SARANDI NAVE 1,General,RAD039.40A,Rack,1,1,RAD,039,40,100,180,120,1050
RDI,A048,CD SARANDI NAVE 1,General,RAD037.40A,Rack,1,1,RAD,037,40,100,180,120,1050
RDI,A048,CD SARANDI NAVE 1,General,RAD035.40A,Rack,1,1,RAD,035,40,100,180,120,1050
RDI,A048,CD SARANDI NAVE 1,General,RAD033.40A,Rack,1,1,RAD,033,40,100,180,120,1050
RDI,A048,CD SARANDI NAVE 1,General,RAD031.40A,Rack,1,1,RAD,031,40,100,180,120,1050
RDI,A048,CD SARANDI NAVE 1,General,RAD029.40A,Rack,1,1,RAD,029,40,100,180,120,1050
RDI,A048,CD SARANDI NAVE 1,General,RAD027.40A,Rack,1,1,RAD,027,40,100,180,120,1050
RDI,A048,CD SARANDI NAVE 1,General,RAD025.40A,Rack,1,1,RAD,025,40,100,180,120,1050
RDI,A048,CD SARANDI NAVE 1,General,RAD023.40A,Rack,1,1,RAD,023,40,100,180,120,1050
RDI,A048,CD SARANDI NAVE 1,General,RAD021.40A,Rack,1,1,RAD,021,40,100,180,120,1050
RDI,A048,CD SARANDI NAVE 1,General,RAD019.40A,Rack,1,1,RAD,019,40,100,180,120,1050
RDI,A048,CD SARANDI NAVE 1,General,RAD017.40A,Rack,1,1,RAD,017,40,100,180,120,1050
RDI,A048,CD SARANDI NAVE 1,General,RAD015.40A,Rack,1,1,RAD,015,40,100,180,120,1050
RDI,A048,CD SARANDI NAVE 1,General,RAD013.40A,Rack,1,1,RAD,013,40,100,180,120,1050
RDI,A048,CD SARANDI NAVE 1,General,RAD011.40A,Rack,1,1,RAD,011,40,100,180,120,1050
RDI,A048,CD SARANDI NAVE 1,General,RAD009.40A,Rack,1,1,RAD,009,40,100,180,120,1050
RDI,A048,CD SARANDI NAVE 1,General,RAD007.40A,Rack,1,1,RAD,007,40,100,180,120,1050
RDI,A048,CD SARANDI NAVE 1,General,RAD003.40A,Rack,1,1,RAD,003,40,100,180,120,1050
RDI,A048,CD SARANDI NAVE 1,General,RAD001.40A,Rack,1,1,RAD,001,40,100,180,120,1050
RDI,A048,CD SARANDI NAVE 1,General,RAD044.40A,Rack,1,1,RAD,044,40,100,180,120,1050
RDI,A048,CD SARANDI NAVE 1,General,RAD042.40A,Rack,1,1,RAD,042,40,100,180,120,1050
RDI,A048,CD SARANDI NAVE 1,General,RAD040.40A,Rack,1,1,RAD,040,40,100,180,120,1050
RDI,A048,CD SARANDI NAVE 1,General,RAD038.40A,Rack,1,1,RAD,038,40,100,180,120,1050
RDI,A048,CD SARANDI NAVE 1,General,RAD036.40A,Rack,1,1,RAD,036,40,100,180,120,1050
RDI,A048,CD SARANDI NAVE 1,General,RAD034.40A,Rack,1,1,RAD,034,40,100,180,120,1050
RDI,A048,CD SARANDI NAVE 1,General,RAD032.40A,Rack,1,1,RAD,032,40,100,180,120,1050
RDI,A048,CD SARANDI NAVE 1,General,RAD030.40A,Rack,1,1,RAD,030,40,100,180,120,1050
RDI,A048,CD SARANDI NAVE 1,General,RAD028.40A,Rack,1,1,RAD,028,40,100,180,120,1050
RDI,A048,CD SARANDI NAVE 1,General,RAD026.40A,Rack,1,1,RAD,026,40,100,180,120,1050
RDI,A048,CD SARANDI NAVE 1,General,RAD024.40A,Rack,1,1,RAD,024,40,100,180,120,1050
RDI,A048,CD SARANDI NAVE 1,General,RAD022.40A,Rack,1,1,RAD,022,40,100,180,120,1050
RDI,A048,CD SARANDI NAVE 1,General,RAD020.40A,Rack,1,1,RAD,020,40,100,180,120,1050
RDI,A048,CD SARANDI NAVE 1,General,RAD018.40A,Rack,1,1,RAD,018,40,100,180,120,1050
RDI,A048,CD SARANDI NAVE 1,General,RAD016.40A,Rack,1,1,RAD,016,40,100,180,120,1050
RDI,A048,CD SARANDI NAVE 1,General,RAD014.40A,Rack,1,1,RAD,014,40,100,180,120,1050
RDI,A048,CD SARANDI NAVE 1,General,RAD012.40A,Rack,1,1,RAD,012,40,100,180,120,1050
RDI,A048,CD SARANDI NAVE 1,General,RAD010.40A,Rack,1,1,RAD,010,40,100,180,120,1050
RDI,A048,CD SARANDI NAVE 1,General,RAD008.40A,Rack,1,1,RAD,008,40,100,180,120,1050
RDI,A048,CD SARANDI NAVE 1,General,RAD006.40A,Rack,1,1,RAD,006,40,100,180,120,1050
RDI,A048,CD SARANDI NAVE 1,General,RAD004.40A,Rack,1,1,RAD,004,40,100,180,120,1050
RDI,A048,CD SARANDI NAVE 1,General,RAD002.40A,Rack,1,1,RAD,002,40,100,180,120,1050
RDI,A048,CD SARANDI NAVE 1,General,RAE045.40A,Rack,1,1,RAE,045,40,100,180,120,1050
RDI,A048,CD SARANDI NAVE 1,General,RAE043.40A,Rack,1,1,RAE,043,40,100,180,120,1050
RDI,A048,CD SARANDI NAVE 1,General,RAE041.40A,Rack,1,1,RAE,041,40,100,180,120,1050
RDI,A048,CD SARANDI NAVE 1,General,RAE039.40A,Rack,1,1,RAE,039,40,100,180,120,1050
RDI,A048,CD SARANDI NAVE 1,General,RAE037.40A,Rack,1,1,RAE,037,40,100,180,120,1050
RDI,A048,CD SARANDI NAVE 1,General,RAE035.40A,Rack,1,1,RAE,035,40,100,180,120,1050
RDI,A048,CD SARANDI NAVE 1,General,RAE033.40A,Rack,1,1,RAE,033,40,100,180,120,1050
RDI,A048,CD SARANDI NAVE 1,General,RAE031.40A,Rack,1,1,RAE,031,40,100,180,120,1050
RDI,A048,CD SARANDI NAVE 1,General,RAE029.40A,Rack,1,1,RAE,029,40,100,180,120,1050
RDI,A048,CD SARANDI NAVE 1,General,RAE027.40A,Rack,1,1,RAE,027,40,100,180,120,1050
RDI,A048,CD SARANDI NAVE 1,General,RAE025.40A,Rack,1,1,RAE,025,40,100,180,120,1050
RDI,A048,CD SARANDI NAVE 1,General,RAE023.40A,Rack,1,1,RAE,023,40,100,180,120,1050
RDI,A048,CD SARANDI NAVE 1,General,RAE021.40A,Rack,1,1,RAE,021,40,100,180,120,1050
RDI,A048,CD SARANDI NAVE 1,General,RAE019.40A,Rack,1,1,RAE,019,40,100,180,120,1050
RDI,A048,CD SARANDI NAVE 1,General,RAE017.40A,Rack,1,1,RAE,017,40,100,180,120,1050
RDI,A048,CD SARANDI NAVE 1,General,RAE015.40A,Rack,1,1,RAE,015,40,100,180,120,1050
RDI,A048,CD SARANDI NAVE 1,General,RAE013.40A,Rack,1,1,RAE,013,40,100,180,120,1050
RDI,A048,CD SARANDI NAVE 1,General,RAE011.40A,Rack,1,1,RAE,011,40,100,180,120,1050
RDI,A048,CD SARANDI NAVE 1,General,RAE009.40A,Rack,1,1,RAE,009,40,100,180,120,1050
RDI,A048,CD SARANDI NAVE 1,General,RAE007.40A,Rack,1,1,RAE,007,40,100,180,120,1050
RDI,A048,CD SARANDI NAVE 1,General,RAE003.40A,Rack,1,1,RAE,003,40,100,180,120,1050
RDI,A048,CD SARANDI NAVE 1,General,RAE001.40A,Rack,1,1,RAE,001,40,100,180,120,1050
RDI,A048,CD SARANDI NAVE 1,General,RAE044.40A,Rack,1,1,RAE,044,40,100,180,120,1050
RDI,A048,CD SARANDI NAVE 1,General,RAE042.40A,Rack,1,1,RAE,042,40,100,180,120,1050
RDI,A048,CD SARANDI NAVE 1,General,RAE040.40A,Rack,1,1,RAE,040,40,100,180,120,1050
RDI,A048,CD SARANDI NAVE 1,General,RAE038.40A,Rack,1,1,RAE,038,40,100,180,120,1050
RDI,A048,CD SARANDI NAVE 1,General,RAE036.40A,Rack,1,1,RAE,036,40,100,180,120,1050
RDI,A048,CD SARANDI NAVE 1,General,RAE034.40A,Rack,1,1,RAE,034,40,100,180,120,1050
RDI,A048,CD SARANDI NAVE 1,General,RAE032.40A,Rack,1,1,RAE,032,40,100,180,120,1050
RDI,A048,CD SARANDI NAVE 1,General,RAE030.40A,Rack,1,1,RAE,030,40,100,180,120,1050
RDI,A048,CD SARANDI NAVE 1,General,RAE028.40A,Rack,1,1,RAE,028,40,100,180,120,1050
RDI,A048,CD SARANDI NAVE 1,General,RAE026.40A,Rack,1,1,RAE,026,40,100,180,120,1050
RDI,A048,CD SARANDI NAVE 1,General,RAE024.40A,Rack,1,1,RAE,024,40,100,180,120,1050
RDI,A048,CD SARANDI NAVE 1,General,RAE022.40A,Rack,1,1,RAE,022,40,100,180,120,1050
RDI,A048,CD SARANDI NAVE 1,General,RAE020.40A,Rack,1,1,RAE,020,40,100,180,120,1050
RDI,A048,CD SARANDI NAVE 1,General,RAE018.40A,Rack,1,1,RAE,018,40,100,180,120,1050
RDI,A048,CD SARANDI NAVE 1,General,RAE016.40A,Rack,1,1,RAE,016,40,100,180,120,1050
RDI,A048,CD SARANDI NAVE 1,General,RAE014.40A,Rack,1,1,RAE,014,40,100,180,120,1050
RDI,A048,CD SARANDI NAVE 1,General,RAE012.40A,Rack,1,1,RAE,012,40,100,180,120,1050
RDI,A048,CD SARANDI NAVE 1,General,RAE010.40A,Rack,1,1,RAE,010,40,100,180,120,1050
RDI,A048,CD SARANDI NAVE 1,General,RAE008.40A,Rack,1,1,RAE,008,40,100,180,120,1050
RDI,A048,CD SARANDI NAVE 1,General,RAE006.40A,Rack,1,1,RAE,006,40,100,180,120,1050
RDI,A048,CD SARANDI NAVE 1,General,RAE004.40A,Rack,1,1,RAE,004,40,100,180,120,1050
RDI,A048,CD SARANDI NAVE 1,General,RAE002.40A,Rack,1,1,RAE,002,40,100,180,120,1050
RDI,A048,CD SARANDI NAVE 1,General,RAF045.40A,Rack,1,1,RAF,045,40,100,180,120,1050
RDI,A048,CD SARANDI NAVE 1,General,RAF043.40A,Rack,1,1,RAF,043,40,100,180,120,1050
RDI,A048,CD SARANDI NAVE 1,General,RAF041.40A,Rack,1,1,RAF,041,40,100,180,120,1050
RDI,A048,CD SARANDI NAVE 1,General,RAF039.40A,Rack,1,1,RAF,039,40,100,180,120,1050
RDI,A048,CD SARANDI NAVE 1,General,RAF037.40A,Rack,1,1,RAF,037,40,100,180,120,1050
RDI,A048,CD SARANDI NAVE 1,General,RAF035.40A,Rack,1,1,RAF,035,40,100,180,120,1050
RDI,A048,CD SARANDI NAVE 1,General,RAF033.40A,Rack,1,1,RAF,033,40,100,180,120,1050
RDI,A048,CD SARANDI NAVE 1,General,RAF031.40A,Rack,1,1,RAF,031,40,100,180,120,1050
RDI,A048,CD SARANDI NAVE 1,General,RAF029.40A,Rack,1,1,RAF,029,40,100,180,120,1050
RDI,A048,CD SARANDI NAVE 1,General,RAF027.40A,Rack,1,1,RAF,027,40,100,180,120,1050
RDI,A048,CD SARANDI NAVE 1,General,RAF025.40A,Rack,1,1,RAF,025,40,100,180,120,1050
RDI,A048,CD SARANDI NAVE 1,General,RAF023.40A,Rack,1,1,RAF,023,40,100,180,120,1050
RDI,A048,CD SARANDI NAVE 1,General,RAF021.40A,Rack,1,1,RAF,021,40,100,180,120,1050
RDI,A048,CD SARANDI NAVE 1,General,RAF019.40A,Rack,1,1,RAF,019,40,100,180,120,1050
RDI,A048,CD SARANDI NAVE 1,General,RAF017.40A,Rack,1,1,RAF,017,40,100,180,120,1050
RDI,A048,CD SARANDI NAVE 1,General,RAF015.40A,Rack,1,1,RAF,015,40,100,180,120,1050
RDI,A048,CD SARANDI NAVE 1,General,RAF013.40A,Rack,1,1,RAF,013,40,100,180,120,1050
RDI,A048,CD SARANDI NAVE 1,General,RAF011.40A,Rack,1,1,RAF,011,40,100,180,120,1050
RDI,A048,CD SARANDI NAVE 1,General,RAF009.40A,Rack,1,1,RAF,009,40,100,180,120,1050
RDI,A048,CD SARANDI NAVE 1,General,RAF007.40A,Rack,1,1,RAF,007,40,100,180,120,1050
RDI,A048,CD SARANDI NAVE 1,General,RAF003.40A,Rack,1,1,RAF,003,40,100,180,120,1050
RDI,A048,CD SARANDI NAVE 1,General,RAF001.40A,Rack,1,1,RAF,001,40,100,180,120,1050
RDI,A048,CD SARANDI NAVE 1,General,RAF044.40A,Rack,1,1,RAF,044,40,100,180,120,1050
RDI,A048,CD SARANDI NAVE 1,General,RAF042.40A,Rack,1,1,RAF,042,40,100,180,120,1050
RDI,A048,CD SARANDI NAVE 1,General,RAF040.40A,Rack,1,1,RAF,040,40,100,180,120,1050
RDI,A048,CD SARANDI NAVE 1,General,RAF038.40A,Rack,1,1,RAF,038,40,100,180,120,1050
RDI,A048,CD SARANDI NAVE 1,General,RAF036.40A,Rack,1,1,RAF,036,40,100,180,120,1050
RDI,A048,CD SARANDI NAVE 1,General,RAF034.40A,Rack,1,1,RAF,034,40,100,180,120,1050
RDI,A048,CD SARANDI NAVE 1,General,RAF032.40A,Rack,1,1,RAF,032,40,100,180,120,1050
RDI,A048,CD SARANDI NAVE 1,General,RAF030.40A,Rack,1,1,RAF,030,40,100,180,120,1050
RDI,A048,CD SARANDI NAVE 1,General,RAF028.40A,Rack,1,1,RAF,028,40,100,180,120,1050
RDI,A048,CD SARANDI NAVE 1,General,RAF026.40A,Rack,1,1,RAF,026,40,100,180,120,1050
RDI,A048,CD SARANDI NAVE 1,General,RAF024.40A,Rack,1,1,RAF,024,40,100,180,120,1050
RDI,A048,CD SARANDI NAVE 1,General,RAF022.40A,Rack,1,1,RAF,022,40,100,180,120,1050
RDI,A048,CD SARANDI NAVE 1,General,RAF020.40A,Rack,1,1,RAF,020,40,100,180,120,1050
RDI,A048,CD SARANDI NAVE 1,General,RAF018.40A,Rack,1,1,RAF,018,40,100,180,120,1050
RDI,A048,CD SARANDI NAVE 1,General,RAF016.40A,Rack,1,1,RAF,016,40,100,180,120,1050
RDI,A048,CD SARANDI NAVE 1,General,RAF014.40A,Rack,1,1,RAF,014,40,100,180,120,1050
RDI,A048,CD SARANDI NAVE 1,General,RAF012.40A,Rack,1,1,RAF,012,40,100,180,120,1050
RDI,A048,CD SARANDI NAVE 1,General,RAF010.40A,Rack,1,1,RAF,010,40,100,180,120,1050
RDI,A048,CD SARANDI NAVE 1,General,RAF008.40A,Rack,1,1,RAF,008,40,100,180,120,1050
RDI,A048,CD SARANDI NAVE 1,General,RAF006.40A,Rack,1,1,RAF,006,40,100,180,120,1050
RDI,A048,CD SARANDI NAVE 1,General,RAF004.40A,Rack,1,1,RAF,004,40,100,180,120,1050
RDI,A048,CD SARANDI NAVE 1,General,RAF002.40A,Rack,1,1,RAF,002,40,100,180,120,1050
RDI,A048,CD SARANDI NAVE 1,General,RAG045.40A,Rack,1,1,RAG,045,40,100,180,120,1050
RDI,A048,CD SARANDI NAVE 1,General,RAG043.40A,Rack,1,1,RAG,043,40,100,180,120,1050
RDI,A048,CD SARANDI NAVE 1,General,RAG041.40A,Rack,1,1,RAG,041,40,100,180,120,1050
RDI,A048,CD SARANDI NAVE 1,General,RAG039.40A,Rack,1,1,RAG,039,40,100,180,120,1050
RDI,A048,CD SARANDI NAVE 1,General,RAG037.40A,Rack,1,1,RAG,037,40,100,180,120,1050
RDI,A048,CD SARANDI NAVE 1,General,RAG035.40A,Rack,1,1,RAG,035,40,100,180,120,1050
RDI,A048,CD SARANDI NAVE 1,General,RAG033.40A,Rack,1,1,RAG,033,40,100,180,120,1050
RDI,A048,CD SARANDI NAVE 1,General,RAG031.40A,Rack,1,1,RAG,031,40,100,180,120,1050
RDI,A048,CD SARANDI NAVE 1,General,RAG029.40A,Rack,1,1,RAG,029,40,100,180,120,1050
RDI,A048,CD SARANDI NAVE 1,General,RAG027.40A,Rack,1,1,RAG,027,40,100,180,120,1050
RDI,A048,CD SARANDI NAVE 1,General,RAG025.40A,Rack,1,1,RAG,025,40,100,180,120,1050
RDI,A048,CD SARANDI NAVE 1,General,RAG023.40A,Rack,1,1,RAG,023,40,100,180,120,1050
RDI,A048,CD SARANDI NAVE 1,General,RAG021.40A,Rack,1,1,RAG,021,40,100,180,120,1050
RDI,A048,CD SARANDI NAVE 1,General,RAG019.40A,Rack,1,1,RAG,019,40,100,180,120,1050
RDI,A048,CD SARANDI NAVE 1,General,RAG017.40A,Rack,1,1,RAG,017,40,100,180,120,1050
RDI,A048,CD SARANDI NAVE 1,General,RAG015.40A,Rack,1,1,RAG,015,40,100,180,120,1050
RDI,A048,CD SARANDI NAVE 1,General,RAG013.40A,Rack,1,1,RAG,013,40,100,180,120,1050
RDI,A048,CD SARANDI NAVE 1,General,RAG011.40A,Rack,1,1,RAG,011,40,100,180,120,1050
RDI,A048,CD SARANDI NAVE 1,General,RAG009.40A,Rack,1,1,RAG,009,40,100,180,120,1050
RDI,A048,CD SARANDI NAVE 1,General,RAG007.40A,Rack,1,1,RAG,007,40,100,180,120,1050
RDI,A048,CD SARANDI NAVE 1,General,RAG003.40A,Rack,1,1,RAG,003,40,100,180,120,1050
RDI,A048,CD SARANDI NAVE 1,General,RAG001.40A,Rack,1,1,RAG,001,40,100,180,120,1050
RDI,A048,CD SARANDI NAVE 1,General,RAG044.40A,Rack,1,1,RAG,044,40,100,180,120,1050
RDI,A048,CD SARANDI NAVE 1,General,RAG042.40A,Rack,1,1,RAG,042,40,100,180,120,1050
RDI,A048,CD SARANDI NAVE 1,General,RAG040.40A,Rack,1,1,RAG,040,40,100,180,120,1050
RDI,A048,CD SARANDI NAVE 1,General,RAG038.40A,Rack,1,1,RAG,038,40,100,180,120,1050
RDI,A048,CD SARANDI NAVE 1,General,RAG036.40A,Rack,1,1,RAG,036,40,100,180,120,1050
RDI,A048,CD SARANDI NAVE 1,General,RAG034.40A,Rack,1,1,RAG,034,40,100,180,120,1050
RDI,A048,CD SARANDI NAVE 1,General,RAG032.40A,Rack,1,1,RAG,032,40,100,180,120,1050
RDI,A048,CD SARANDI NAVE 1,General,RAG030.40A,Rack,1,1,RAG,030,40,100,180,120,1050
RDI,A048,CD SARANDI NAVE 1,General,RAG028.40A,Rack,1,1,RAG,028,40,100,180,120,1050
RDI,A048,CD SARANDI NAVE 1,General,RAG026.40A,Rack,1,1,RAG,026,40,100,180,120,1050
RDI,A048,CD SARANDI NAVE 1,General,RAG024.40A,Rack,1,1,RAG,024,40,100,180,120,1050
RDI,A048,CD SARANDI NAVE 1,General,RAG022.40A,Rack,1,1,RAG,022,40,100,180,120,1050
RDI,A048,CD SARANDI NAVE 1,General,RAG020.40A,Rack,1,1,RAG,020,40,100,180,120,1050
RDI,A048,CD SARANDI NAVE 1,General,RAG018.40A,Rack,1,1,RAG,018,40,100,180,120,1050
RDI,A048,CD SARANDI NAVE 1,General,RAG016.40A,Rack,1,1,RAG,016,40,100,180,120,1050
RDI,A048,CD SARANDI NAVE 1,General,RAG014.40A,Rack,1,1,RAG,014,40,100,180,120,1050
RDI,A048,CD SARANDI NAVE 1,General,RAG012.40A,Rack,1,1,RAG,012,40,100,180,120,1050
RDI,A048,CD SARANDI NAVE 1,General,RAG010.40A,Rack,1,1,RAG,010,40,100,180,120,1050
RDI,A048,CD SARANDI NAVE 1,General,RAG008.40A,Rack,1,1,RAG,008,40,100,180,120,1050
RDI,A048,CD SARANDI NAVE 1,General,RAG006.40A,Rack,1,1,RAG,006,40,100,180,120,1050
RDI,A048,CD SARANDI NAVE 1,General,RAG004.40A,Rack,1,1,RAG,004,40,100,180,120,1050
RDI,A048,CD SARANDI NAVE 1,General,RAG002.40A,Rack,1,1,RAG,002,40,100,180,120,1050
RDI,A048,CD SARANDI NAVE 1,General,RAH045.40A,Rack,1,1,RAH,045,40,100,180,120,1050
RDI,A048,CD SARANDI NAVE 1,General,RAH043.40A,Rack,1,1,RAH,043,40,100,180,120,1050
RDI,A048,CD SARANDI NAVE 1,General,RAH041.40A,Rack,1,1,RAH,041,40,100,180,120,1050
RDI,A048,CD SARANDI NAVE 1,General,RAH039.40A,Rack,1,1,RAH,039,40,100,180,120,1050
RDI,A048,CD SARANDI NAVE 1,General,RAH037.40A,Rack,1,1,RAH,037,40,100,180,120,1050
RDI,A048,CD SARANDI NAVE 1,General,RAH035.40A,Rack,1,1,RAH,035,40,100,180,120,1050
RDI,A048,CD SARANDI NAVE 1,General,RAH033.40A,Rack,1,1,RAH,033,40,100,180,120,1050
RDI,A048,CD SARANDI NAVE 1,General,RAH031.40A,Rack,1,1,RAH,031,40,100,180,120,1050
RDI,A048,CD SARANDI NAVE 1,General,RAH029.40A,Rack,1,1,RAH,029,40,100,180,120,1050
RDI,A048,CD SARANDI NAVE 1,General,RAH027.40A,Rack,1,1,RAH,027,40,100,180,120,1050
RDI,A048,CD SARANDI NAVE 1,General,RAH025.40A,Rack,1,1,RAH,025,40,100,180,120,1050
RDI,A048,CD SARANDI NAVE 1,General,RAH023.40A,Rack,1,1,RAH,023,40,100,180,120,1050
RDI,A048,CD SARANDI NAVE 1,General,RAH021.40A,Rack,1,1,RAH,021,40,100,180,120,1050
RDI,A048,CD SARANDI NAVE 1,General,RAH019.40A,Rack,1,1,RAH,019,40,100,180,120,1050
RDI,A048,CD SARANDI NAVE 1,General,RAH017.40A,Rack,1,1,RAH,017,40,100,180,120,1050
RDI,A048,CD SARANDI NAVE 1,General,RAH015.40A,Rack,1,1,RAH,015,40,100,180,120,1050
RDI,A048,CD SARANDI NAVE 1,General,RAH013.40A,Rack,1,1,RAH,013,40,100,180,120,1050
RDI,A048,CD SARANDI NAVE 1,General,RAH011.40A,Rack,1,1,RAH,011,40,100,180,120,1050
RDI,A048,CD SARANDI NAVE 1,General,RAH009.40A,Rack,1,1,RAH,009,40,100,180,120,1050
RDI,A048,CD SARANDI NAVE 1,General,RAH007.40A,Rack,1,1,RAH,007,40,100,180,120,1050
RDI,A048,CD SARANDI NAVE 1,General,RAH003.40A,Rack,1,1,RAH,003,40,100,180,120,1050
RDI,A048,CD SARANDI NAVE 1,General,RAH001.40A,Rack,1,1,RAH,001,40,100,180,120,1050
RDI,A048,CD SARANDI NAVE 1,General,RAH044.40A,Rack,1,1,RAH,044,40,100,180,120,1050
RDI,A048,CD SARANDI NAVE 1,General,RAH042.40A,Rack,1,1,RAH,042,40,100,180,120,1050
RDI,A048,CD SARANDI NAVE 1,General,RAH040.40A,Rack,1,1,RAH,040,40,100,180,120,1050
RDI,A048,CD SARANDI NAVE 1,General,RAH038.40A,Rack,1,1,RAH,038,40,100,180,120,1050
RDI,A048,CD SARANDI NAVE 1,General,RAH036.40A,Rack,1,1,RAH,036,40,100,180,120,1050
RDI,A048,CD SARANDI NAVE 1,General,RAH034.40A,Rack,1,1,RAH,034,40,100,180,120,1050
RDI,A048,CD SARANDI NAVE 1,General,RAH032.40A,Rack,1,1,RAH,032,40,100,180,120,1050
RDI,A048,CD SARANDI NAVE 1,General,RAH030.40A,Rack,1,1,RAH,030,40,100,180,120,1050
RDI,A048,CD SARANDI NAVE 1,General,RAH028.40A,Rack,1,1,RAH,028,40,100,180,120,1050
RDI,A048,CD SARANDI NAVE 1,General,RAH026.40A,Rack,1,1,RAH,026,40,100,180,120,1050
RDI,A048,CD SARANDI NAVE 1,General,RAH024.40A,Rack,1,1,RAH,024,40,100,180,120,1050
RDI,A048,CD SARANDI NAVE 1,General,RAH022.40A,Rack,1,1,RAH,022,40,100,180,120,1050
RDI,A048,CD SARANDI NAVE 1,General,RAH020.40A,Rack,1,1,RAH,020,40,100,180,120,1050
RDI,A048,CD SARANDI NAVE 1,General,RAH018.40A,Rack,1,1,RAH,018,40,100,180,120,1050
RDI,A048,CD SARANDI NAVE 1,General,RAH016.40A,Rack,1,1,RAH,016,40,100,180,120,1050
RDI,A048,CD SARANDI NAVE 1,General,RAH014.40A,Rack,1,1,RAH,014,40,100,180,120,1050
RDI,A048,CD SARANDI NAVE 1,General,RAH012.40A,Rack,1,1,RAH,012,40,100,180,120,1050
RDI,A048,CD SARANDI NAVE 1,General,RAH010.40A,Rack,1,1,RAH,010,40,100,180,120,1050
RDI,A048,CD SARANDI NAVE 1,General,RAH008.40A,Rack,1,1,RAH,008,40,100,180,120,1050
RDI,A048,CD SARANDI NAVE 1,General,RAH006.40A,Rack,1,1,RAH,006,40,100,180,120,1050
RDI,A048,CD SARANDI NAVE 1,General,RAH004.40A,Rack,1,1,RAH,004,40,100,180,120,1050
RDI,A048,CD SARANDI NAVE 1,General,RAH002.40A,Rack,1,1,RAH,002,40,100,180,120,1050
RDI,A048,CD SARANDI NAVE 1,General,RAI045.40A,Rack,1,1,RAI,045,40,100,180,120,1050
RDI,A048,CD SARANDI NAVE 1,General,RAI043.40A,Rack,1,1,RAI,043,40,100,180,120,1050
RDI,A048,CD SARANDI NAVE 1,General,RAI041.40A,Rack,1,1,RAI,041,40,100,180,120,1050
RDI,A048,CD SARANDI NAVE 1,General,RAI039.40A,Rack,1,1,RAI,039,40,100,180,120,1050
RDI,A048,CD SARANDI NAVE 1,General,RAI037.40A,Rack,1,1,RAI,037,40,100,180,120,1050
RDI,A048,CD SARANDI NAVE 1,General,RAI035.40A,Rack,1,1,RAI,035,40,100,180,120,1050
RDI,A048,CD SARANDI NAVE 1,General,RAI033.40A,Rack,1,1,RAI,033,40,100,180,120,1050
RDI,A048,CD SARANDI NAVE 1,General,RAI031.40A,Rack,1,1,RAI,031,40,100,180,120,1050
RDI,A048,CD SARANDI NAVE 1,General,RAI029.40A,Rack,1,1,RAI,029,40,100,180,120,1050
RDI,A048,CD SARANDI NAVE 1,General,RAI027.40A,Rack,1,1,RAI,027,40,100,180,120,1050
RDI,A048,CD SARANDI NAVE 1,General,RAI025.40A,Rack,1,1,RAI,025,40,100,180,120,1050
RDI,A048,CD SARANDI NAVE 1,General,RAI023.40A,Rack,1,1,RAI,023,40,100,180,120,1050
RDI,A048,CD SARANDI NAVE 1,General,RAI021.40A,Rack,1,1,RAI,021,40,100,180,120,1050
RDI,A048,CD SARANDI NAVE 1,General,RAI019.40A,Rack,1,1,RAI,019,40,100,180,120,1050
RDI,A048,CD SARANDI NAVE 1,General,RAI017.40A,Rack,1,1,RAI,017,40,100,180,120,1050
RDI,A048,CD SARANDI NAVE 1,General,RAI015.40A,Rack,1,1,RAI,015,40,100,180,120,1050
RDI,A048,CD SARANDI NAVE 1,General,RAI013.40A,Rack,1,1,RAI,013,40,100,180,120,1050
RDI,A048,CD SARANDI NAVE 1,General,RAI011.40A,Rack,1,1,RAI,011,40,100,180,120,1050
RDI,A048,CD SARANDI NAVE 1,General,RAI009.40A,Rack,1,1,RAI,009,40,100,180,120,1050
RDI,A048,CD SARANDI NAVE 1,General,RAI007.40A,Rack,1,1,RAI,007,40,100,180,120,1050
RDI,A048,CD SARANDI NAVE 1,General,RAI003.40A,Rack,1,1,RAI,003,40,100,180,120,1050
RDI,A048,CD SARANDI NAVE 1,General,RAI001.40A,Rack,1,1,RAI,001,40,100,180,120,1050
RDI,A048,CD SARANDI NAVE 1,General,RAI044.40A,Rack,1,1,RAI,044,40,100,180,120,1050
RDI,A048,CD SARANDI NAVE 1,General,RAI042.40A,Rack,1,1,RAI,042,40,100,180,120,1050
RDI,A048,CD SARANDI NAVE 1,General,RAI040.40A,Rack,1,1,RAI,040,40,100,180,120,1050
RDI,A048,CD SARANDI NAVE 1,General,RAI038.40A,Rack,1,1,RAI,038,40,100,180,120,1050
RDI,A048,CD SARANDI NAVE 1,General,RAI036.40A,Rack,1,1,RAI,036,40,100,180,120,1050
RDI,A048,CD SARANDI NAVE 1,General,RAI034.40A,Rack,1,1,RAI,034,40,100,180,120,1050
RDI,A048,CD SARANDI NAVE 1,General,RAI032.40A,Rack,1,1,RAI,032,40,100,180,120,1050
RDI,A048,CD SARANDI NAVE 1,General,RAI030.40A,Rack,1,1,RAI,030,40,100,180,120,1050
RDI,A048,CD SARANDI NAVE 1,General,RAI028.40A,Rack,1,1,RAI,028,40,100,180,120,1050
RDI,A048,CD SARANDI NAVE 1,General,RAI026.40A,Rack,1,1,RAI,026,40,100,180,120,1050
RDI,A048,CD SARANDI NAVE 1,General,RAI024.40A,Rack,1,1,RAI,024,40,100,180,120,1050
RDI,A048,CD SARANDI NAVE 1,General,RAI022.40A,Rack,1,1,RAI,022,40,100,180,120,1050
RDI,A048,CD SARANDI NAVE 1,General,RAI020.40A,Rack,1,1,RAI,020,40,100,180,120,1050
RDI,A048,CD SARANDI NAVE 1,General,RAI018.40A,Rack,1,1,RAI,018,40,100,180,120,1050
RDI,A048,CD SARANDI NAVE 1,General,RAI016.40A,Rack,1,1,RAI,016,40,100,180,120,1050
RDI,A048,CD SARANDI NAVE 1,General,RAI014.40A,Rack,1,1,RAI,014,40,100,180,120,1050
RDI,A048,CD SARANDI NAVE 1,General,RAI012.40A,Rack,1,1,RAI,012,40,100,180,120,1050
RDI,A048,CD SARANDI NAVE 1,General,RAI010.40A,Rack,1,1,RAI,010,40,100,180,120,1050
RDI,A048,CD SARANDI NAVE 1,General,RAI008.40A,Rack,1,1,RAI,008,40,100,180,120,1050
RDI,A048,CD SARANDI NAVE 1,General,RAI006.40A,Rack,1,1,RAI,006,40,100,180,120,1050
RDI,A048,CD SARANDI NAVE 1,General,RAI004.40A,Rack,1,1,RAI,004,40,100,180,120,1050
RDI,A048,CD SARANDI NAVE 1,General,RAI002.40A,Rack,1,1,RAI,002,40,100,180,120,1050
RDI,A048,CD SARANDI NAVE 1,General,RAJ045.40A,Rack,1,1,RAJ,045,40,100,180,120,1050
RDI,A048,CD SARANDI NAVE 1,General,RAJ043.40A,Rack,1,1,RAJ,043,40,100,180,120,1050
RDI,A048,CD SARANDI NAVE 1,General,RAJ041.40A,Rack,1,1,RAJ,041,40,100,180,120,1050
RDI,A048,CD SARANDI NAVE 1,General,RAJ039.40A,Rack,1,1,RAJ,039,40,100,180,120,1050
RDI,A048,CD SARANDI NAVE 1,General,RAJ037.40A,Rack,1,1,RAJ,037,40,100,180,120,1050
RDI,A048,CD SARANDI NAVE 1,General,RAJ035.40A,Rack,1,1,RAJ,035,40,100,180,120,1050
RDI,A048,CD SARANDI NAVE 1,General,RAJ033.40A,Rack,1,1,RAJ,033,40,100,180,120,1050
RDI,A048,CD SARANDI NAVE 1,General,RAJ031.40A,Rack,1,1,RAJ,031,40,100,180,120,1050
RDI,A048,CD SARANDI NAVE 1,General,RAJ029.40A,Rack,1,1,RAJ,029,40,100,180,120,1050
RDI,A048,CD SARANDI NAVE 1,General,RAJ027.40A,Rack,1,1,RAJ,027,40,100,180,120,1050
RDI,A048,CD SARANDI NAVE 1,General,RAJ025.40A,Rack,1,1,RAJ,025,40,100,180,120,1050
RDI,A048,CD SARANDI NAVE 1,General,RAJ023.40A,Rack,1,1,RAJ,023,40,100,180,120,1050
RDI,A048,CD SARANDI NAVE 1,General,RAJ021.40A,Rack,1,1,RAJ,021,40,100,180,120,1050
RDI,A048,CD SARANDI NAVE 1,General,RAJ019.40A,Rack,1,1,RAJ,019,40,100,180,120,1050
RDI,A048,CD SARANDI NAVE 1,General,RAJ017.40A,Rack,1,1,RAJ,017,40,100,180,120,1050
RDI,A048,CD SARANDI NAVE 1,General,RAJ015.40A,Rack,1,1,RAJ,015,40,100,180,120,1050
RDI,A048,CD SARANDI NAVE 1,General,RAJ013.40A,Rack,1,1,RAJ,013,40,100,180,120,1050
RDI,A048,CD SARANDI NAVE 1,General,RAJ011.40A,Rack,1,1,RAJ,011,40,100,180,120,1050
RDI,A048,CD SARANDI NAVE 1,General,RAJ009.40A,Rack,1,1,RAJ,009,40,100,180,120,1050
RDI,A048,CD SARANDI NAVE 1,General,RAJ007.40A,Rack,1,1,RAJ,007,40,100,180,120,1050
RDI,A048,CD SARANDI NAVE 1,General,RAJ003.40A,Rack,1,1,RAJ,003,40,100,180,120,1050
RDI,A048,CD SARANDI NAVE 1,General,RAJ001.40A,Rack,1,1,RAJ,001,40,100,180,120,1050
RDI,A048,CD SARANDI NAVE 1,General,RAJ044.40A,Rack,1,1,RAJ,044,40,100,180,120,1050
RDI,A048,CD SARANDI NAVE 1,General,RAJ042.40A,Rack,1,1,RAJ,042,40,100,180,120,1050
RDI,A048,CD SARANDI NAVE 1,General,RAJ040.40A,Rack,1,1,RAJ,040,40,100,180,120,1050
RDI,A048,CD SARANDI NAVE 1,General,RAJ038.40A,Rack,1,1,RAJ,038,40,100,180,120,1050
RDI,A048,CD SARANDI NAVE 1,General,RAJ036.40A,Rack,1,1,RAJ,036,40,100,180,120,1050
RDI,A048,CD SARANDI NAVE 1,General,RAJ034.40A,Rack,1,1,RAJ,034,40,100,180,120,1050
RDI,A048,CD SARANDI NAVE 1,General,RAJ032.40A,Rack,1,1,RAJ,032,40,100,180,120,1050
RDI,A048,CD SARANDI NAVE 1,General,RAJ030.40A,Rack,1,1,RAJ,030,40,100,180,120,1050
RDI,A048,CD SARANDI NAVE 1,General,RAK045.40A,Rack,1,1,RAK,045,40,100,180,120,1050
RDI,A048,CD SARANDI NAVE 1,General,RAK043.40A,Rack,1,1,RAK,043,40,100,180,120,1050
RDI,A048,CD SARANDI NAVE 1,General,RAK041.40A,Rack,1,1,RAK,041,40,100,180,120,1050
RDI,A048,CD SARANDI NAVE 1,General,RAK039.40A,Rack,1,1,RAK,039,40,100,180,120,1050
RDI,A048,CD SARANDI NAVE 1,General,RAK037.40A,Rack,1,1,RAK,037,40,100,180,120,1050
RDI,A048,CD SARANDI NAVE 1,General,RAK035.40A,Rack,1,1,RAK,035,40,100,180,120,1050
RDI,A048,CD SARANDI NAVE 1,General,RAK033.40A,Rack,1,1,RAK,033,40,100,180,120,1050
RDI,A048,CD SARANDI NAVE 1,General,RAK031.40A,Rack,1,1,RAK,031,40,100,180,120,1050
RDI,A048,CD SARANDI NAVE 1,General,RAK044.40A,Rack,1,1,RAK,044,40,100,180,120,1050
RDI,A048,CD SARANDI NAVE 1,General,RAK042.40A,Rack,1,1,RAK,042,40,100,180,120,1050
RDI,A048,CD SARANDI NAVE 1,General,RAK040.40A,Rack,1,1,RAK,040,40,100,180,120,1050
RDI,A048,CD SARANDI NAVE 1,General,RAK038.40A,Rack,1,1,RAK,038,40,100,180,120,1050
RDI,A048,CD SARANDI NAVE 1,General,RAK036.40A,Rack,1,1,RAK,036,40,100,180,120,1050
RDI,A048,CD SARANDI NAVE 1,General,RAK034.40A,Rack,1,1,RAK,034,40,100,180,120,1050
RDI,A048,CD SARANDI NAVE 1,General,RAK032.40A,Rack,1,1,RAK,032,40,100,180,120,1050
RDI,A048,CD SARANDI NAVE 1,General,RAK030.40A,Rack,1,1,RAK,030,40,100,180,120,1050
RDI,A048,CD SARANDI NAVE 1,General,RAL045.40A,Rack,1,1,RAL,045,40,100,180,120,1050
RDI,A048,CD SARANDI NAVE 1,General,RAL043.40A,Rack,1,1,RAL,043,40,100,180,120,1050
RDI,A048,CD SARANDI NAVE 1,General,RAL041.40A,Rack,1,1,RAL,041,40,100,180,120,1050
RDI,A048,CD SARANDI NAVE 1,General,RAL039.40A,Rack,1,1,RAL,039,40,100,180,120,1050
RDI,A048,CD SARANDI NAVE 1,General,RAL037.40A,Rack,1,1,RAL,037,40,100,180,120,1050
RDI,A048,CD SARANDI NAVE 1,General,RAL035.40A,Rack,1,1,RAL,035,40,100,180,120,1050
RDI,A048,CD SARANDI NAVE 1,General,RAL033.40A,Rack,1,1,RAL,033,40,100,180,120,1050
RDI,A048,CD SARANDI NAVE 1,General,RAL031.40A,Rack,1,1,RAL,031,40,100,180,120,1050
RDI,A048,CD SARANDI NAVE 1,General,RAL044.40A,Rack,1,1,RAL,044,40,100,180,120,1050
RDI,A048,CD SARANDI NAVE 1,General,RAL042.40A,Rack,1,1,RAL,042,40,100,180,120,1050
RDI,A048,CD SARANDI NAVE 1,General,RAL040.40A,Rack,1,1,RAL,040,40,100,180,120,1050
RDI,A048,CD SARANDI NAVE 1,General,RAL038.40A,Rack,1,1,RAL,038,40,100,180,120,1050
RDI,A048,CD SARANDI NAVE 1,General,RAL036.40A,Rack,1,1,RAL,036,40,100,180,120,1050
RDI,A048,CD SARANDI NAVE 1,General,RAL034.40A,Rack,1,1,RAL,034,40,100,180,120,1050
RDI,A048,CD SARANDI NAVE 1,General,RAL032.40A,Rack,1,1,RAL,032,40,100,180,120,1050
RDI,A048,CD SARANDI NAVE 1,General,RAL030.40A,Rack,1,1,RAL,030,40,100,180,120,1050
RDI,A048,CD SARANDI NAVE 1,Espacio Cedido,RAA044.50A,Rack,1,1,RAA,044,50,100,180,120,1050
RDI,A048,CD SARANDI NAVE 1,Espacio Cedido,RAA042.50A,Rack,1,1,RAA,042,50,100,180,120,1050
RDI,A048,CD SARANDI NAVE 1,Espacio Cedido,RAA040.50A,Rack,1,1,RAA,040,50,100,180,120,1050
RDI,A048,CD SARANDI NAVE 1,Espacio Cedido,RAA038.50A,Rack,1,1,RAA,038,50,100,180,120,1050
RDI,A048,CD SARANDI NAVE 1,Espacio Cedido,RAA036.50A,Rack,1,1,RAA,036,50,100,180,120,1050
RDI,A048,CD SARANDI NAVE 1,Espacio Cedido,RAA034.50A,Rack,1,1,RAA,034,50,100,180,120,1050
RDI,A048,CD SARANDI NAVE 1,Espacio Cedido,RAA032.50A,Rack,1,1,RAA,032,50,100,180,120,1050
RDI,A048,CD SARANDI NAVE 1,Espacio Cedido,RAA030.50A,Rack,1,1,RAA,030,50,100,180,120,1050
RDI,A048,CD SARANDI NAVE 1,Espacio Cedido,RAA028.50A,Rack,1,1,RAA,028,50,100,180,120,1050
RDI,A048,CD SARANDI NAVE 1,Espacio Cedido,RAA026.50A,Rack,1,1,RAA,026,50,100,180,120,1050
RDI,A048,CD SARANDI NAVE 1,Espacio Cedido,RAA044.50A,Rack,1,1,RAA,044,50,100,180,120,1050
RDI,A048,CD SARANDI NAVE 1,Espacio Cedido,RAA042.50A,Rack,1,1,RAA,042,50,100,180,120,1050
RDI,A048,CD SARANDI NAVE 1,Espacio Cedido,RAA040.50A,Rack,1,1,RAA,040,50,100,180,120,1050
RDI,A048,CD SARANDI NAVE 1,Espacio Cedido,RAA038.50A,Rack,1,1,RAA,038,50,100,180,120,1050
RDI,A048,CD SARANDI NAVE 1,Espacio Cedido,RAA036.50A,Rack,1,1,RAA,036,50,100,180,120,1050
RDI,A048,CD SARANDI NAVE 1,Espacio Cedido,RAA034.50A,Rack,1,1,RAA,034,50,100,180,120,1050
RDI,A048,CD SARANDI NAVE 1,Espacio Cedido,RAA032.50A,Rack,1,1,RAA,032,50,100,180,120,1050
RDI,A048,CD SARANDI NAVE 1,Espacio Cedido,RAA030.50A,Rack,1,1,RAA,030,50,100,180,120,1050
RDI,A048,CD SARANDI NAVE 1,Espacio Cedido,RAA028.50A,Rack,1,1,RAA,028,50,100,180,120,1050
RDI,A048,CD SARANDI NAVE 1,Espacio Cedido,RAA026.50A,Rack,1,1,RAA,026,50,100,180,120,1050
RDI,A048,CD SARANDI NAVE 1,General,RAB044.50A,Rack,1,1,RAB,044,50,100,180,120,1050
RDI,A048,CD SARANDI NAVE 1,General,RAB042.50A,Rack,1,1,RAB,042,50,100,180,120,1050
RDI,A048,CD SARANDI NAVE 1,General,RAB040.50A,Rack,1,1,RAB,040,50,100,180,120,1050
RDI,A048,CD SARANDI NAVE 1,General,RAB038.50A,Rack,1,1,RAB,038,50,100,180,120,1050
RDI,A048,CD SARANDI NAVE 1,General,RAB036.50A,Rack,1,1,RAB,036,50,100,180,120,1050
RDI,A048,CD SARANDI NAVE 1,General,RAB034.50A,Rack,1,1,RAB,034,50,100,180,120,1050
RDI,A048,CD SARANDI NAVE 1,General,RAB032.50A,Rack,1,1,RAB,032,50,100,180,120,1050
RDI,A048,CD SARANDI NAVE 1,General,RAB030.50A,Rack,1,1,RAB,030,50,100,180,120,1050
RDI,A048,CD SARANDI NAVE 1,General,RAB028.50A,Rack,1,1,RAB,028,50,100,180,120,1050
RDI,A048,CD SARANDI NAVE 1,General,RAB026.50A,Rack,1,1,RAB,026,50,100,180,120,1050
RDI,A048,CD SARANDI NAVE 1,General,RAB024.50A,Rack,1,1,RAB,024,50,100,180,120,1050
RDI,A048,CD SARANDI NAVE 1,General,RAB022.50A,Rack,1,1,RAB,022,50,100,180,120,1050
RDI,A048,CD SARANDI NAVE 1,General,RAB020.50A,Rack,1,1,RAB,020,50,100,180,120,1050
RDI,A048,CD SARANDI NAVE 1,General,RAB018.50A,Rack,1,1,RAB,018,50,100,180,120,1050
RDI,A048,CD SARANDI NAVE 1,General,RAB016.50A,Rack,1,1,RAB,016,50,100,180,120,1050
RDI,A048,CD SARANDI NAVE 1,General,RAB014.50A,Rack,1,1,RAB,014,50,100,180,120,1050
RDI,A048,CD SARANDI NAVE 1,General,RAB012.50A,Rack,1,1,RAB,012,50,100,180,120,1050
RDI,A048,CD SARANDI NAVE 1,General,RAB010.50A,Rack,1,1,RAB,010,50,100,180,120,1050
RDI,A048,CD SARANDI NAVE 1,General,RAB008.50A,Rack,1,1,RAB,008,50,100,180,120,1050
RDI,A048,CD SARANDI NAVE 1,General,RAB006.50A,Rack,1,1,RAB,006,50,100,180,120,1050
RDI,A048,CD SARANDI NAVE 1,General,RAB004.50A,Rack,1,1,RAB,004,50,100,180,120,1050
RDI,A048,CD SARANDI NAVE 1,General,RAB002.50A,Rack,1,1,RAB,002,50,100,180,120,1050
RDI,A048,CD SARANDI NAVE 1,General,RAC045.50A,Rack,1,1,RAC,045,50,100,180,120,1050
RDI,A048,CD SARANDI NAVE 1,General,RAC043.50A,Rack,1,1,RAC,043,50,100,180,120,1050
RDI,A048,CD SARANDI NAVE 1,General,RAC041.50A,Rack,1,1,RAC,041,50,100,180,120,1050
RDI,A048,CD SARANDI NAVE 1,General,RAC039.50A,Rack,1,1,RAC,039,50,100,180,120,1050
RDI,A048,CD SARANDI NAVE 1,General,RAC037.50A,Rack,1,1,RAC,037,50,100,180,120,1050
RDI,A048,CD SARANDI NAVE 1,General,RAC035.50A,Rack,1,1,RAC,035,50,100,180,120,1050
RDI,A048,CD SARANDI NAVE 1,General,RAC033.50A,Rack,1,1,RAC,033,50,100,180,120,1050
RDI,A048,CD SARANDI NAVE 1,General,RAC031.50A,Rack,1,1,RAC,031,50,100,180,120,1050
RDI,A048,CD SARANDI NAVE 1,General,RAC029.50A,Rack,1,1,RAC,029,50,100,180,120,1050
RDI,A048,CD SARANDI NAVE 1,General,RAC027.50A,Rack,1,1,RAC,027,50,100,180,120,1050
RDI,A048,CD SARANDI NAVE 1,General,RAC025.50A,Rack,1,1,RAC,025,50,100,180,120,1050
RDI,A048,CD SARANDI NAVE 1,General,RAC023.50A,Rack,1,1,RAC,023,50,100,180,120,1050
RDI,A048,CD SARANDI NAVE 1,General,RAC021.50A,Rack,1,1,RAC,021,50,100,180,120,1050
RDI,A048,CD SARANDI NAVE 1,General,RAC019.50A,Rack,1,1,RAC,019,50,100,180,120,1050
RDI,A048,CD SARANDI NAVE 1,General,RAC017.50A,Rack,1,1,RAC,017,50,100,180,120,1050
RDI,A048,CD SARANDI NAVE 1,General,RAC015.50A,Rack,1,1,RAC,015,50,100,180,120,1050
RDI,A048,CD SARANDI NAVE 1,General,RAC013.50A,Rack,1,1,RAC,013,50,100,180,120,1050
RDI,A048,CD SARANDI NAVE 1,General,RAC011.50A,Rack,1,1,RAC,011,50,100,180,120,1050
RDI,A048,CD SARANDI NAVE 1,General,RAC009.50A,Rack,1,1,RAC,009,50,100,180,120,1050
RDI,A048,CD SARANDI NAVE 1,General,RAC007.50A,Rack,1,1,RAC,007,50,100,180,120,1050
RDI,A048,CD SARANDI NAVE 1,General,RAC003.50A,Rack,1,1,RAC,003,50,100,180,120,1050
RDI,A048,CD SARANDI NAVE 1,General,RAC001.50A,Rack,1,1,RAC,001,50,100,180,120,1050
RDI,A048,CD SARANDI NAVE 1,General,RAC044.50A,Rack,1,1,RAC,044,50,100,180,120,1050
RDI,A048,CD SARANDI NAVE 1,General,RAC042.50A,Rack,1,1,RAC,042,50,100,180,120,1050
RDI,A048,CD SARANDI NAVE 1,General,RAC040.50A,Rack,1,1,RAC,040,50,100,180,120,1050
RDI,A048,CD SARANDI NAVE 1,General,RAC038.50A,Rack,1,1,RAC,038,50,100,180,120,1050
RDI,A048,CD SARANDI NAVE 1,General,RAC036.50A,Rack,1,1,RAC,036,50,100,180,120,1050
RDI,A048,CD SARANDI NAVE 1,General,RAC034.50A,Rack,1,1,RAC,034,50,100,180,120,1050
RDI,A048,CD SARANDI NAVE 1,General,RAC032.50A,Rack,1,1,RAC,032,50,100,180,120,1050
RDI,A048,CD SARANDI NAVE 1,General,RAC030.50A,Rack,1,1,RAC,030,50,100,180,120,1050
RDI,A048,CD SARANDI NAVE 1,General,RAC028.50A,Rack,1,1,RAC,028,50,100,180,120,1050
RDI,A048,CD SARANDI NAVE 1,General,RAC026.50A,Rack,1,1,RAC,026,50,100,180,120,1050
RDI,A048,CD SARANDI NAVE 1,General,RAC024.50A,Rack,1,1,RAC,024,50,100,180,120,1050
RDI,A048,CD SARANDI NAVE 1,General,RAC022.50A,Rack,1,1,RAC,022,50,100,180,120,1050
RDI,A048,CD SARANDI NAVE 1,General,RAC020.50A,Rack,1,1,RAC,020,50,100,180,120,1050
RDI,A048,CD SARANDI NAVE 1,General,RAC018.50A,Rack,1,1,RAC,018,50,100,180,120,1050
RDI,A048,CD SARANDI NAVE 1,General,RAC016.50A,Rack,1,1,RAC,016,50,100,180,120,1050
RDI,A048,CD SARANDI NAVE 1,General,RAC014.50A,Rack,1,1,RAC,014,50,100,180,120,1050
RDI,A048,CD SARANDI NAVE 1,General,RAC012.50A,Rack,1,1,RAC,012,50,100,180,120,1050
RDI,A048,CD SARANDI NAVE 1,General,RAC010.50A,Rack,1,1,RAC,010,50,100,180,120,1050
RDI,A048,CD SARANDI NAVE 1,General,RAC008.50A,Rack,1,1,RAC,008,50,100,180,120,1050
RDI,A048,CD SARANDI NAVE 1,General,RAC006.50A,Rack,1,1,RAC,006,50,100,180,120,1050
RDI,A048,CD SARANDI NAVE 1,General,RAC004.50A,Rack,1,1,RAC,004,50,100,180,120,1050
RDI,A048,CD SARANDI NAVE 1,General,RAC002.50A,Rack,1,1,RAC,002,50,100,180,120,1050
RDI,A048,CD SARANDI NAVE 1,General,RAD045.50A,Rack,1,1,RAD,045,50,100,180,120,1050
RDI,A048,CD SARANDI NAVE 1,General,RAD043.50A,Rack,1,1,RAD,043,50,100,180,120,1050
RDI,A048,CD SARANDI NAVE 1,General,RAD041.50A,Rack,1,1,RAD,041,50,100,180,120,1050
RDI,A048,CD SARANDI NAVE 1,General,RAD039.50A,Rack,1,1,RAD,039,50,100,180,120,1050
RDI,A048,CD SARANDI NAVE 1,General,RAD037.50A,Rack,1,1,RAD,037,50,100,180,120,1050
RDI,A048,CD SARANDI NAVE 1,General,RAD035.50A,Rack,1,1,RAD,035,50,100,180,120,1050
RDI,A048,CD SARANDI NAVE 1,General,RAD033.50A,Rack,1,1,RAD,033,50,100,180,120,1050
RDI,A048,CD SARANDI NAVE 1,General,RAD031.50A,Rack,1,1,RAD,031,50,100,180,120,1050
RDI,A048,CD SARANDI NAVE 1,General,RAD029.50A,Rack,1,1,RAD,029,50,100,180,120,1050
RDI,A048,CD SARANDI NAVE 1,General,RAD027.50A,Rack,1,1,RAD,027,50,100,180,120,1050
RDI,A048,CD SARANDI NAVE 1,General,RAD025.50A,Rack,1,1,RAD,025,50,100,180,120,1050
RDI,A048,CD SARANDI NAVE 1,General,RAD023.50A,Rack,1,1,RAD,023,50,100,180,120,1050
RDI,A048,CD SARANDI NAVE 1,General,RAD021.50A,Rack,1,1,RAD,021,50,100,180,120,1050
RDI,A048,CD SARANDI NAVE 1,General,RAD019.50A,Rack,1,1,RAD,019,50,100,180,120,1050
RDI,A048,CD SARANDI NAVE 1,General,RAD017.50A,Rack,1,1,RAD,017,50,100,180,120,1050
RDI,A048,CD SARANDI NAVE 1,General,RAD015.50A,Rack,1,1,RAD,015,50,100,180,120,1050
RDI,A048,CD SARANDI NAVE 1,General,RAD013.50A,Rack,1,1,RAD,013,50,100,180,120,1050
RDI,A048,CD SARANDI NAVE 1,General,RAD011.50A,Rack,1,1,RAD,011,50,100,180,120,1050
RDI,A048,CD SARANDI NAVE 1,General,RAD009.50A,Rack,1,1,RAD,009,50,100,180,120,1050
RDI,A048,CD SARANDI NAVE 1,General,RAD007.50A,Rack,1,1,RAD,007,50,100,180,120,1050
RDI,A048,CD SARANDI NAVE 1,General,RAD003.50A,Rack,1,1,RAD,003,50,100,180,120,1050
RDI,A048,CD SARANDI NAVE 1,General,RAD001.50A,Rack,1,1,RAD,001,50,100,180,120,1050
RDI,A048,CD SARANDI NAVE 1,General,RAD044.50A,Rack,1,1,RAD,044,50,100,180,120,1050
RDI,A048,CD SARANDI NAVE 1,General,RAD042.50A,Rack,1,1,RAD,042,50,100,180,120,1050
RDI,A048,CD SARANDI NAVE 1,General,RAD040.50A,Rack,1,1,RAD,040,50,100,180,120,1050
RDI,A048,CD SARANDI NAVE 1,General,RAD038.50A,Rack,1,1,RAD,038,50,100,180,120,1050
RDI,A048,CD SARANDI NAVE 1,General,RAD036.50A,Rack,1,1,RAD,036,50,100,180,120,1050
RDI,A048,CD SARANDI NAVE 1,General,RAD034.50A,Rack,1,1,RAD,034,50,100,180,120,1050
RDI,A048,CD SARANDI NAVE 1,General,RAD032.50A,Rack,1,1,RAD,032,50,100,180,120,1050
RDI,A048,CD SARANDI NAVE 1,General,RAD030.50A,Rack,1,1,RAD,030,50,100,180,120,1050
RDI,A048,CD SARANDI NAVE 1,General,RAD028.50A,Rack,1,1,RAD,028,50,100,180,120,1050
RDI,A048,CD SARANDI NAVE 1,General,RAD026.50A,Rack,1,1,RAD,026,50,100,180,120,1050
RDI,A048,CD SARANDI NAVE 1,General,RAD024.50A,Rack,1,1,RAD,024,50,100,180,120,1050
RDI,A048,CD SARANDI NAVE 1,General,RAD022.50A,Rack,1,1,RAD,022,50,100,180,120,1050
RDI,A048,CD SARANDI NAVE 1,General,RAD020.50A,Rack,1,1,RAD,020,50,100,180,120,1050
RDI,A048,CD SARANDI NAVE 1,General,RAD018.50A,Rack,1,1,RAD,018,50,100,180,120,1050
RDI,A048,CD SARANDI NAVE 1,General,RAD016.50A,Rack,1,1,RAD,016,50,100,180,120,1050
RDI,A048,CD SARANDI NAVE 1,General,RAD014.50A,Rack,1,1,RAD,014,50,100,180,120,1050
RDI,A048,CD SARANDI NAVE 1,General,RAD012.50A,Rack,1,1,RAD,012,50,100,180,120,1050
RDI,A048,CD SARANDI NAVE 1,General,RAD010.50A,Rack,1,1,RAD,010,50,100,180,120,1050
RDI,A048,CD SARANDI NAVE 1,General,RAD008.50A,Rack,1,1,RAD,008,50,100,180,120,1050
RDI,A048,CD SARANDI NAVE 1,General,RAD006.50A,Rack,1,1,RAD,006,50,100,180,120,1050
RDI,A048,CD SARANDI NAVE 1,General,RAD004.50A,Rack,1,1,RAD,004,50,100,180,120,1050
RDI,A048,CD SARANDI NAVE 1,General,RAD002.50A,Rack,1,1,RAD,002,50,100,180,120,1050
RDI,A048,CD SARANDI NAVE 1,General,RAE045.50A,Rack,1,1,RAE,045,50,100,180,120,1050
RDI,A048,CD SARANDI NAVE 1,General,RAE043.50A,Rack,1,1,RAE,043,50,100,180,120,1050
RDI,A048,CD SARANDI NAVE 1,General,RAE041.50A,Rack,1,1,RAE,041,50,100,180,120,1050
RDI,A048,CD SARANDI NAVE 1,General,RAE039.50A,Rack,1,1,RAE,039,50,100,180,120,1050
RDI,A048,CD SARANDI NAVE 1,General,RAE037.50A,Rack,1,1,RAE,037,50,100,180,120,1050
RDI,A048,CD SARANDI NAVE 1,General,RAE035.50A,Rack,1,1,RAE,035,50,100,180,120,1050
RDI,A048,CD SARANDI NAVE 1,General,RAE033.50A,Rack,1,1,RAE,033,50,100,180,120,1050
RDI,A048,CD SARANDI NAVE 1,General,RAE031.50A,Rack,1,1,RAE,031,50,100,180,120,1050
RDI,A048,CD SARANDI NAVE 1,General,RAE029.50A,Rack,1,1,RAE,029,50,100,180,120,1050
RDI,A048,CD SARANDI NAVE 1,General,RAE027.50A,Rack,1,1,RAE,027,50,100,180,120,1050
RDI,A048,CD SARANDI NAVE 1,General,RAE025.50A,Rack,1,1,RAE,025,50,100,180,120,1050
RDI,A048,CD SARANDI NAVE 1,General,RAE023.50A,Rack,1,1,RAE,023,50,100,180,120,1050
RDI,A048,CD SARANDI NAVE 1,General,RAE021.50A,Rack,1,1,RAE,021,50,100,180,120,1050
RDI,A048,CD SARANDI NAVE 1,General,RAE019.50A,Rack,1,1,RAE,019,50,100,180,120,1050
RDI,A048,CD SARANDI NAVE 1,General,RAE017.50A,Rack,1,1,RAE,017,50,100,180,120,1050
RDI,A048,CD SARANDI NAVE 1,General,RAE015.50A,Rack,1,1,RAE,015,50,100,180,120,1050
RDI,A048,CD SARANDI NAVE 1,General,RAE013.50A,Rack,1,1,RAE,013,50,100,180,120,1050
RDI,A048,CD SARANDI NAVE 1,General,RAE011.50A,Rack,1,1,RAE,011,50,100,180,120,1050
RDI,A048,CD SARANDI NAVE 1,General,RAE009.50A,Rack,1,1,RAE,009,50,100,180,120,1050
RDI,A048,CD SARANDI NAVE 1,General,RAE007.50A,Rack,1,1,RAE,007,50,100,180,120,1050
RDI,A048,CD SARANDI NAVE 1,General,RAE003.50A,Rack,1,1,RAE,003,50,100,180,120,1050
RDI,A048,CD SARANDI NAVE 1,General,RAE001.50A,Rack,1,1,RAE,001,50,100,180,120,1050
RDI,A048,CD SARANDI NAVE 1,General,RAE044.50A,Rack,1,1,RAE,044,50,100,180,120,1050
RDI,A048,CD SARANDI NAVE 1,General,RAE042.50A,Rack,1,1,RAE,042,50,100,180,120,1050
RDI,A048,CD SARANDI NAVE 1,General,RAE040.50A,Rack,1,1,RAE,040,50,100,180,120,1050
RDI,A048,CD SARANDI NAVE 1,General,RAE038.50A,Rack,1,1,RAE,038,50,100,180,120,1050
RDI,A048,CD SARANDI NAVE 1,General,RAE036.50A,Rack,1,1,RAE,036,50,100,180,120,1050
RDI,A048,CD SARANDI NAVE 1,General,RAE034.50A,Rack,1,1,RAE,034,50,100,180,120,1050
RDI,A048,CD SARANDI NAVE 1,General,RAE032.50A,Rack,1,1,RAE,032,50,100,180,120,1050
RDI,A048,CD SARANDI NAVE 1,General,RAE030.50A,Rack,1,1,RAE,030,50,100,180,120,1050
RDI,A048,CD SARANDI NAVE 1,General,RAE028.50A,Rack,1,1,RAE,028,50,100,180,120,1050
RDI,A048,CD SARANDI NAVE 1,General,RAE026.50A,Rack,1,1,RAE,026,50,100,180,120,1050
RDI,A048,CD SARANDI NAVE 1,General,RAE024.50A,Rack,1,1,RAE,024,50,100,180,120,1050
RDI,A048,CD SARANDI NAVE 1,General,RAE022.50A,Rack,1,1,RAE,022,50,100,180,120,1050
RDI,A048,CD SARANDI NAVE 1,General,RAE020.50A,Rack,1,1,RAE,020,50,100,180,120,1050
RDI,A048,CD SARANDI NAVE 1,General,RAE018.50A,Rack,1,1,RAE,018,50,100,180,120,1050
RDI,A048,CD SARANDI NAVE 1,General,RAE016.50A,Rack,1,1,RAE,016,50,100,180,120,1050
RDI,A048,CD SARANDI NAVE 1,General,RAE014.50A,Rack,1,1,RAE,014,50,100,180,120,1050
RDI,A048,CD SARANDI NAVE 1,General,RAE012.50A,Rack,1,1,RAE,012,50,100,180,120,1050
RDI,A048,CD SARANDI NAVE 1,General,RAE010.50A,Rack,1,1,RAE,010,50,100,180,120,1050
RDI,A048,CD SARANDI NAVE 1,General,RAE008.50A,Rack,1,1,RAE,008,50,100,180,120,1050
RDI,A048,CD SARANDI NAVE 1,General,RAE006.50A,Rack,1,1,RAE,006,50,100,180,120,1050
RDI,A048,CD SARANDI NAVE 1,General,RAE004.50A,Rack,1,1,RAE,004,50,100,180,120,1050
RDI,A048,CD SARANDI NAVE 1,General,RAE002.50A,Rack,1,1,RAE,002,50,100,180,120,1050
RDI,A048,CD SARANDI NAVE 1,General,RAF045.50A,Rack,1,1,RAF,045,50,100,180,120,1050
RDI,A048,CD SARANDI NAVE 1,General,RAF043.50A,Rack,1,1,RAF,043,50,100,180,120,1050
RDI,A048,CD SARANDI NAVE 1,General,RAF041.50A,Rack,1,1,RAF,041,50,100,180,120,1050
RDI,A048,CD SARANDI NAVE 1,General,RAF039.50A,Rack,1,1,RAF,039,50,100,180,120,1050
RDI,A048,CD SARANDI NAVE 1,General,RAF037.50A,Rack,1,1,RAF,037,50,100,180,120,1050
RDI,A048,CD SARANDI NAVE 1,General,RAF035.50A,Rack,1,1,RAF,035,50,100,180,120,1050
RDI,A048,CD SARANDI NAVE 1,General,RAF033.50A,Rack,1,1,RAF,033,50,100,180,120,1050
RDI,A048,CD SARANDI NAVE 1,General,RAF031.50A,Rack,1,1,RAF,031,50,100,180,120,1050
RDI,A048,CD SARANDI NAVE 1,General,RAF029.50A,Rack,1,1,RAF,029,50,100,180,120,1050
RDI,A048,CD SARANDI NAVE 1,General,RAF027.50A,Rack,1,1,RAF,027,50,100,180,120,1050
RDI,A048,CD SARANDI NAVE 1,General,RAF025.50A,Rack,1,1,RAF,025,50,100,180,120,1050
RDI,A048,CD SARANDI NAVE 1,General,RAF023.50A,Rack,1,1,RAF,023,50,100,180,120,1050
RDI,A048,CD SARANDI NAVE 1,General,RAF021.50A,Rack,1,1,RAF,021,50,100,180,120,1050
RDI,A048,CD SARANDI NAVE 1,General,RAF019.50A,Rack,1,1,RAF,019,50,100,180,120,1050
RDI,A048,CD SARANDI NAVE 1,General,RAF017.50A,Rack,1,1,RAF,017,50,100,180,120,1050
RDI,A048,CD SARANDI NAVE 1,General,RAF015.50A,Rack,1,1,RAF,015,50,100,180,120,1050
RDI,A048,CD SARANDI NAVE 1,General,RAF013.50A,Rack,1,1,RAF,013,50,100,180,120,1050
RDI,A048,CD SARANDI NAVE 1,General,RAF011.50A,Rack,1,1,RAF,011,50,100,180,120,1050
RDI,A048,CD SARANDI NAVE 1,General,RAF009.50A,Rack,1,1,RAF,009,50,100,180,120,1050
RDI,A048,CD SARANDI NAVE 1,General,RAF007.50A,Rack,1,1,RAF,007,50,100,180,120,1050
RDI,A048,CD SARANDI NAVE 1,General,RAF003.50A,Rack,1,1,RAF,003,50,100,180,120,1050
RDI,A048,CD SARANDI NAVE 1,General,RAF001.50A,Rack,1,1,RAF,001,50,100,180,120,1050
RDI,A048,CD SARANDI NAVE 1,General,RAF044.50A,Rack,1,1,RAF,044,50,100,180,120,1050
RDI,A048,CD SARANDI NAVE 1,General,RAF042.50A,Rack,1,1,RAF,042,50,100,180,120,1050
RDI,A048,CD SARANDI NAVE 1,General,RAF040.50A,Rack,1,1,RAF,040,50,100,180,120,1050
RDI,A048,CD SARANDI NAVE 1,General,RAF038.50A,Rack,1,1,RAF,038,50,100,180,120,1050
RDI,A048,CD SARANDI NAVE 1,General,RAF036.50A,Rack,1,1,RAF,036,50,100,180,120,1050
RDI,A048,CD SARANDI NAVE 1,General,RAF034.50A,Rack,1,1,RAF,034,50,100,180,120,1050
RDI,A048,CD SARANDI NAVE 1,General,RAF032.50A,Rack,1,1,RAF,032,50,100,180,120,1050
RDI,A048,CD SARANDI NAVE 1,General,RAF030.50A,Rack,1,1,RAF,030,50,100,180,120,1050
RDI,A048,CD SARANDI NAVE 1,General,RAF028.50A,Rack,1,1,RAF,028,50,100,180,120,1050
RDI,A048,CD SARANDI NAVE 1,General,RAF026.50A,Rack,1,1,RAF,026,50,100,180,120,1050
RDI,A048,CD SARANDI NAVE 1,General,RAF024.50A,Rack,1,1,RAF,024,50,100,180,120,1050
RDI,A048,CD SARANDI NAVE 1,General,RAF022.50A,Rack,1,1,RAF,022,50,100,180,120,1050
RDI,A048,CD SARANDI NAVE 1,General,RAF020.50A,Rack,1,1,RAF,020,50,100,180,120,1050
RDI,A048,CD SARANDI NAVE 1,General,RAF018.50A,Rack,1,1,RAF,018,50,100,180,120,1050
RDI,A048,CD SARANDI NAVE 1,General,RAF016.50A,Rack,1,1,RAF,016,50,100,180,120,1050
RDI,A048,CD SARANDI NAVE 1,General,RAF014.50A,Rack,1,1,RAF,014,50,100,180,120,1050
RDI,A048,CD SARANDI NAVE 1,General,RAF012.50A,Rack,1,1,RAF,012,50,100,180,120,1050
RDI,A048,CD SARANDI NAVE 1,General,RAF010.50A,Rack,1,1,RAF,010,50,100,180,120,1050
RDI,A048,CD SARANDI NAVE 1,General,RAF008.50A,Rack,1,1,RAF,008,50,100,180,120,1050
RDI,A048,CD SARANDI NAVE 1,General,RAF006.50A,Rack,1,1,RAF,006,50,100,180,120,1050
RDI,A048,CD SARANDI NAVE 1,General,RAF004.50A,Rack,1,1,RAF,004,50,100,180,120,1050
RDI,A048,CD SARANDI NAVE 1,General,RAF002.50A,Rack,1,1,RAF,002,50,100,180,120,1050
RDI,A048,CD SARANDI NAVE 1,General,RAG045.50A,Rack,1,1,RAG,045,50,100,180,120,1050
RDI,A048,CD SARANDI NAVE 1,General,RAG043.50A,Rack,1,1,RAG,043,50,100,180,120,1050
RDI,A048,CD SARANDI NAVE 1,General,RAG041.50A,Rack,1,1,RAG,041,50,100,180,120,1050
RDI,A048,CD SARANDI NAVE 1,General,RAG039.50A,Rack,1,1,RAG,039,50,100,180,120,1050
RDI,A048,CD SARANDI NAVE 1,General,RAG037.50A,Rack,1,1,RAG,037,50,100,180,120,1050
RDI,A048,CD SARANDI NAVE 1,General,RAG035.50A,Rack,1,1,RAG,035,50,100,180,120,1050
RDI,A048,CD SARANDI NAVE 1,General,RAG033.50A,Rack,1,1,RAG,033,50,100,180,120,1050
RDI,A048,CD SARANDI NAVE 1,General,RAG031.50A,Rack,1,1,RAG,031,50,100,180,120,1050
RDI,A048,CD SARANDI NAVE 1,General,RAG029.50A,Rack,1,1,RAG,029,50,100,180,120,1050
RDI,A048,CD SARANDI NAVE 1,General,RAG027.50A,Rack,1,1,RAG,027,50,100,180,120,1050
RDI,A048,CD SARANDI NAVE 1,General,RAG025.50A,Rack,1,1,RAG,025,50,100,180,120,1050
RDI,A048,CD SARANDI NAVE 1,General,RAG023.50A,Rack,1,1,RAG,023,50,100,180,120,1050
RDI,A048,CD SARANDI NAVE 1,General,RAG021.50A,Rack,1,1,RAG,021,50,100,180,120,1050
RDI,A048,CD SARANDI NAVE 1,General,RAG019.50A,Rack,1,1,RAG,019,50,100,180,120,1050
RDI,A048,CD SARANDI NAVE 1,General,RAG017.50A,Rack,1,1,RAG,017,50,100,180,120,1050
RDI,A048,CD SARANDI NAVE 1,General,RAG015.50A,Rack,1,1,RAG,015,50,100,180,120,1050
RDI,A048,CD SARANDI NAVE 1,General,RAG013.50A,Rack,1,1,RAG,013,50,100,180,120,1050
RDI,A048,CD SARANDI NAVE 1,General,RAG011.50A,Rack,1,1,RAG,011,50,100,180,120,1050
RDI,A048,CD SARANDI NAVE 1,General,RAG009.50A,Rack,1,1,RAG,009,50,100,180,120,1050
RDI,A048,CD SARANDI NAVE 1,General,RAG007.50A,Rack,1,1,RAG,007,50,100,180,120,1050
RDI,A048,CD SARANDI NAVE 1,General,RAG003.50A,Rack,1,1,RAG,003,50,100,180,120,1050
RDI,A048,CD SARANDI NAVE 1,General,RAG001.50A,Rack,1,1,RAG,001,50,100,180,120,1050
RDI,A048,CD SARANDI NAVE 1,General,RAG044.50A,Rack,1,1,RAG,044,50,100,180,120,1050
RDI,A048,CD SARANDI NAVE 1,General,RAG042.50A,Rack,1,1,RAG,042,50,100,180,120,1050
RDI,A048,CD SARANDI NAVE 1,General,RAG040.50A,Rack,1,1,RAG,040,50,100,180,120,1050
RDI,A048,CD SARANDI NAVE 1,General,RAG038.50A,Rack,1,1,RAG,038,50,100,180,120,1050
RDI,A048,CD SARANDI NAVE 1,General,RAG036.50A,Rack,1,1,RAG,036,50,100,180,120,1050
RDI,A048,CD SARANDI NAVE 1,General,RAG034.50A,Rack,1,1,RAG,034,50,100,180,120,1050
RDI,A048,CD SARANDI NAVE 1,General,RAG032.50A,Rack,1,1,RAG,032,50,100,180,120,1050
RDI,A048,CD SARANDI NAVE 1,General,RAG030.50A,Rack,1,1,RAG,030,50,100,180,120,1050
RDI,A048,CD SARANDI NAVE 1,General,RAG028.50A,Rack,1,1,RAG,028,50,100,180,120,1050
RDI,A048,CD SARANDI NAVE 1,General,RAG026.50A,Rack,1,1,RAG,026,50,100,180,120,1050
RDI,A048,CD SARANDI NAVE 1,General,RAG024.50A,Rack,1,1,RAG,024,50,100,180,120,1050
RDI,A048,CD SARANDI NAVE 1,General,RAG022.50A,Rack,1,1,RAG,022,50,100,180,120,1050
RDI,A048,CD SARANDI NAVE 1,General,RAG020.50A,Rack,1,1,RAG,020,50,100,180,120,1050
RDI,A048,CD SARANDI NAVE 1,General,RAG018.50A,Rack,1,1,RAG,018,50,100,180,120,1050
RDI,A048,CD SARANDI NAVE 1,General,RAG016.50A,Rack,1,1,RAG,016,50,100,180,120,1050
RDI,A048,CD SARANDI NAVE 1,General,RAG014.50A,Rack,1,1,RAG,014,50,100,180,120,1050
RDI,A048,CD SARANDI NAVE 1,General,RAG012.50A,Rack,1,1,RAG,012,50,100,180,120,1050
RDI,A048,CD SARANDI NAVE 1,General,RAG010.50A,Rack,1,1,RAG,010,50,100,180,120,1050
RDI,A048,CD SARANDI NAVE 1,General,RAG008.50A,Rack,1,1,RAG,008,50,100,180,120,1050
RDI,A048,CD SARANDI NAVE 1,General,RAG006.50A,Rack,1,1,RAG,006,50,100,180,120,1050
RDI,A048,CD SARANDI NAVE 1,General,RAG004.50A,Rack,1,1,RAG,004,50,100,180,120,1050
RDI,A048,CD SARANDI NAVE 1,General,RAG002.50A,Rack,1,1,RAG,002,50,100,180,120,1050
RDI,A048,CD SARANDI NAVE 1,General,RAH045.50A,Rack,1,1,RAH,045,50,100,180,120,1050
RDI,A048,CD SARANDI NAVE 1,General,RAH043.50A,Rack,1,1,RAH,043,50,100,180,120,1050
RDI,A048,CD SARANDI NAVE 1,General,RAH041.50A,Rack,1,1,RAH,041,50,100,180,120,1050
RDI,A048,CD SARANDI NAVE 1,General,RAH039.50A,Rack,1,1,RAH,039,50,100,180,120,1050
RDI,A048,CD SARANDI NAVE 1,General,RAH037.50A,Rack,1,1,RAH,037,50,100,180,120,1050
RDI,A048,CD SARANDI NAVE 1,General,RAH035.50A,Rack,1,1,RAH,035,50,100,180,120,1050
RDI,A048,CD SARANDI NAVE 1,General,RAH033.50A,Rack,1,1,RAH,033,50,100,180,120,1050
RDI,A048,CD SARANDI NAVE 1,General,RAH031.50A,Rack,1,1,RAH,031,50,100,180,120,1050
RDI,A048,CD SARANDI NAVE 1,General,RAH029.50A,Rack,1,1,RAH,029,50,100,180,120,1050
RDI,A048,CD SARANDI NAVE 1,General,RAH027.50A,Rack,1,1,RAH,027,50,100,180,120,1050
RDI,A048,CD SARANDI NAVE 1,General,RAH025.50A,Rack,1,1,RAH,025,50,100,180,120,1050
RDI,A048,CD SARANDI NAVE 1,General,RAH023.50A,Rack,1,1,RAH,023,50,100,180,120,1050
RDI,A048,CD SARANDI NAVE 1,General,RAH021.50A,Rack,1,1,RAH,021,50,100,180,120,1050
RDI,A048,CD SARANDI NAVE 1,General,RAH019.50A,Rack,1,1,RAH,019,50,100,180,120,1050
RDI,A048,CD SARANDI NAVE 1,General,RAH017.50A,Rack,1,1,RAH,017,50,100,180,120,1050
RDI,A048,CD SARANDI NAVE 1,General,RAH015.50A,Rack,1,1,RAH,015,50,100,180,120,1050
RDI,A048,CD SARANDI NAVE 1,General,RAH013.50A,Rack,1,1,RAH,013,50,100,180,120,1050
RDI,A048,CD SARANDI NAVE 1,General,RAH011.50A,Rack,1,1,RAH,011,50,100,180,120,1050
RDI,A048,CD SARANDI NAVE 1,General,RAH009.50A,Rack,1,1,RAH,009,50,100,180,120,1050
RDI,A048,CD SARANDI NAVE 1,General,RAH007.50A,Rack,1,1,RAH,007,50,100,180,120,1050
RDI,A048,CD SARANDI NAVE 1,General,RAH003.50A,Rack,1,1,RAH,003,50,100,180,120,1050
RDI,A048,CD SARANDI NAVE 1,General,RAH001.50A,Rack,1,1,RAH,001,50,100,180,120,1050
RDI,A048,CD SARANDI NAVE 1,General,RAH044.50A,Rack,1,1,RAH,044,50,100,180,120,1050
RDI,A048,CD SARANDI NAVE 1,General,RAH042.50A,Rack,1,1,RAH,042,50,100,180,120,1050
RDI,A048,CD SARANDI NAVE 1,General,RAH040.50A,Rack,1,1,RAH,040,50,100,180,120,1050
RDI,A048,CD SARANDI NAVE 1,General,RAH038.50A,Rack,1,1,RAH,038,50,100,180,120,1050
RDI,A048,CD SARANDI NAVE 1,General,RAH036.50A,Rack,1,1,RAH,036,50,100,180,120,1050
RDI,A048,CD SARANDI NAVE 1,General,RAH034.50A,Rack,1,1,RAH,034,50,100,180,120,1050
RDI,A048,CD SARANDI NAVE 1,General,RAH032.50A,Rack,1,1,RAH,032,50,100,180,120,1050
RDI,A048,CD SARANDI NAVE 1,General,RAH030.50A,Rack,1,1,RAH,030,50,100,180,120,1050
RDI,A048,CD SARANDI NAVE 1,General,RAH028.50A,Rack,1,1,RAH,028,50,100,180,120,1050
RDI,A048,CD SARANDI NAVE 1,General,RAH026.50A,Rack,1,1,RAH,026,50,100,180,120,1050
RDI,A048,CD SARANDI NAVE 1,General,RAH024.50A,Rack,1,1,RAH,024,50,100,180,120,1050
RDI,A048,CD SARANDI NAVE 1,General,RAH022.50A,Rack,1,1,RAH,022,50,100,180,120,1050
RDI,A048,CD SARANDI NAVE 1,General,RAH020.50A,Rack,1,1,RAH,020,50,100,180,120,1050
RDI,A048,CD SARANDI NAVE 1,General,RAH018.50A,Rack,1,1,RAH,018,50,100,180,120,1050
RDI,A048,CD SARANDI NAVE 1,General,RAH016.50A,Rack,1,1,RAH,016,50,100,180,120,1050
RDI,A048,CD SARANDI NAVE 1,General,RAH014.50A,Rack,1,1,RAH,014,50,100,180,120,1050
RDI,A048,CD SARANDI NAVE 1,General,RAH012.50A,Rack,1,1,RAH,012,50,100,180,120,1050
RDI,A048,CD SARANDI NAVE 1,General,RAH010.50A,Rack,1,1,RAH,010,50,100,180,120,1050
RDI,A048,CD SARANDI NAVE 1,General,RAH008.50A,Rack,1,1,RAH,008,50,100,180,120,1050
RDI,A048,CD SARANDI NAVE 1,General,RAH006.50A,Rack,1,1,RAH,006,50,100,180,120,1050
RDI,A048,CD SARANDI NAVE 1,General,RAH004.50A,Rack,1,1,RAH,004,50,100,180,120,1050
RDI,A048,CD SARANDI NAVE 1,General,RAH002.50A,Rack,1,1,RAH,002,50,100,180,120,1050
RDI,A048,CD SARANDI NAVE 1,General,RAI045.50A,Rack,1,1,RAI,045,50,100,180,120,1050
RDI,A048,CD SARANDI NAVE 1,General,RAI043.50A,Rack,1,1,RAI,043,50,100,180,120,1050
RDI,A048,CD SARANDI NAVE 1,General,RAI041.50A,Rack,1,1,RAI,041,50,100,180,120,1050
RDI,A048,CD SARANDI NAVE 1,General,RAI039.50A,Rack,1,1,RAI,039,50,100,180,120,1050
RDI,A048,CD SARANDI NAVE 1,General,RAI037.50A,Rack,1,1,RAI,037,50,100,180,120,1050
RDI,A048,CD SARANDI NAVE 1,General,RAI035.50A,Rack,1,1,RAI,035,50,100,180,120,1050
RDI,A048,CD SARANDI NAVE 1,General,RAI033.50A,Rack,1,1,RAI,033,50,100,180,120,1050
RDI,A048,CD SARANDI NAVE 1,General,RAI031.50A,Rack,1,1,RAI,031,50,100,180,120,1050
RDI,A048,CD SARANDI NAVE 1,General,RAI029.50A,Rack,1,1,RAI,029,50,100,180,120,1050
RDI,A048,CD SARANDI NAVE 1,General,RAI027.50A,Rack,1,1,RAI,027,50,100,180,120,1050
RDI,A048,CD SARANDI NAVE 1,General,RAI025.50A,Rack,1,1,RAI,025,50,100,180,120,1050
RDI,A048,CD SARANDI NAVE 1,General,RAI023.50A,Rack,1,1,RAI,023,50,100,180,120,1050
RDI,A048,CD SARANDI NAVE 1,General,RAI021.50A,Rack,1,1,RAI,021,50,100,180,120,1050
RDI,A048,CD SARANDI NAVE 1,General,RAI019.50A,Rack,1,1,RAI,019,50,100,180,120,1050
RDI,A048,CD SARANDI NAVE 1,General,RAI017.50A,Rack,1,1,RAI,017,50,100,180,120,1050
RDI,A048,CD SARANDI NAVE 1,General,RAI015.50A,Rack,1,1,RAI,015,50,100,180,120,1050
RDI,A048,CD SARANDI NAVE 1,General,RAI013.50A,Rack,1,1,RAI,013,50,100,180,120,1050
RDI,A048,CD SARANDI NAVE 1,General,RAI011.50A,Rack,1,1,RAI,011,50,100,180,120,1050
RDI,A048,CD SARANDI NAVE 1,General,RAI009.50A,Rack,1,1,RAI,009,50,100,180,120,1050
RDI,A048,CD SARANDI NAVE 1,General,RAI007.50A,Rack,1,1,RAI,007,50,100,180,120,1050
RDI,A048,CD SARANDI NAVE 1,General,RAI003.50A,Rack,1,1,RAI,003,50,100,180,120,1050
RDI,A048,CD SARANDI NAVE 1,General,RAI001.50A,Rack,1,1,RAI,001,50,100,180,120,1050
RDI,A048,CD SARANDI NAVE 1,General,RAI044.50A,Rack,1,1,RAI,044,50,100,180,120,1050
RDI,A048,CD SARANDI NAVE 1,General,RAI042.50A,Rack,1,1,RAI,042,50,100,180,120,1050
RDI,A048,CD SARANDI NAVE 1,General,RAI040.50A,Rack,1,1,RAI,040,50,100,180,120,1050
RDI,A048,CD SARANDI NAVE 1,General,RAI038.50A,Rack,1,1,RAI,038,50,100,180,120,1050
RDI,A048,CD SARANDI NAVE 1,General,RAI036.50A,Rack,1,1,RAI,036,50,100,180,120,1050
RDI,A048,CD SARANDI NAVE 1,General,RAI034.50A,Rack,1,1,RAI,034,50,100,180,120,1050
RDI,A048,CD SARANDI NAVE 1,General,RAI032.50A,Rack,1,1,RAI,032,50,100,180,120,1050
RDI,A048,CD SARANDI NAVE 1,General,RAI030.50A,Rack,1,1,RAI,030,50,100,180,120,1050
RDI,A048,CD SARANDI NAVE 1,General,RAI028.50A,Rack,1,1,RAI,028,50,100,180,120,1050
RDI,A048,CD SARANDI NAVE 1,General,RAI026.50A,Rack,1,1,RAI,026,50,100,180,120,1050
RDI,A048,CD SARANDI NAVE 1,General,RAI024.50A,Rack,1,1,RAI,024,50,100,180,120,1050
RDI,A048,CD SARANDI NAVE 1,General,RAI022.50A,Rack,1,1,RAI,022,50,100,180,120,1050
RDI,A048,CD SARANDI NAVE 1,General,RAI020.50A,Rack,1,1,RAI,020,50,100,180,120,1050
RDI,A048,CD SARANDI NAVE 1,General,RAI018.50A,Rack,1,1,RAI,018,50,100,180,120,1050
RDI,A048,CD SARANDI NAVE 1,General,RAI016.50A,Rack,1,1,RAI,016,50,100,180,120,1050
RDI,A048,CD SARANDI NAVE 1,General,RAI014.50A,Rack,1,1,RAI,014,50,100,180,120,1050
RDI,A048,CD SARANDI NAVE 1,General,RAI012.50A,Rack,1,1,RAI,012,50,100,180,120,1050
RDI,A048,CD SARANDI NAVE 1,General,RAI010.50A,Rack,1,1,RAI,010,50,100,180,120,1050
RDI,A048,CD SARANDI NAVE 1,General,RAI008.50A,Rack,1,1,RAI,008,50,100,180,120,1050
RDI,A048,CD SARANDI NAVE 1,General,RAI006.50A,Rack,1,1,RAI,006,50,100,180,120,1050
RDI,A048,CD SARANDI NAVE 1,General,RAI004.50A,Rack,1,1,RAI,004,50,100,180,120,1050
RDI,A048,CD SARANDI NAVE 1,General,RAI002.50A,Rack,1,1,RAI,002,50,100,180,120,1050
RDI,A048,CD SARANDI NAVE 1,General,RAJ045.50A,Rack,1,1,RAJ,045,50,100,180,120,1050
RDI,A048,CD SARANDI NAVE 1,General,RAJ043.50A,Rack,1,1,RAJ,043,50,100,180,120,1050
RDI,A048,CD SARANDI NAVE 1,General,RAJ041.50A,Rack,1,1,RAJ,041,50,100,180,120,1050
RDI,A048,CD SARANDI NAVE 1,General,RAJ039.50A,Rack,1,1,RAJ,039,50,100,180,120,1050
RDI,A048,CD SARANDI NAVE 1,General,RAJ037.50A,Rack,1,1,RAJ,037,50,100,180,120,1050
RDI,A048,CD SARANDI NAVE 1,General,RAJ035.50A,Rack,1,1,RAJ,035,50,100,180,120,1050
RDI,A048,CD SARANDI NAVE 1,General,RAJ033.50A,Rack,1,1,RAJ,033,50,100,180,120,1050
RDI,A048,CD SARANDI NAVE 1,General,RAJ031.50A,Rack,1,1,RAJ,031,50,100,180,120,1050
RDI,A048,CD SARANDI NAVE 1,General,RAJ029.50A,Rack,1,1,RAJ,029,50,100,180,120,1050
RDI,A048,CD SARANDI NAVE 1,General,RAJ027.50A,Rack,1,1,RAJ,027,50,100,180,120,1050
RDI,A048,CD SARANDI NAVE 1,General,RAJ025.50A,Rack,1,1,RAJ,025,50,100,180,120,1050
RDI,A048,CD SARANDI NAVE 1,General,RAJ023.50A,Rack,1,1,RAJ,023,50,100,180,120,1050
RDI,A048,CD SARANDI NAVE 1,General,RAJ021.50A,Rack,1,1,RAJ,021,50,100,180,120,1050
RDI,A048,CD SARANDI NAVE 1,General,RAJ019.50A,Rack,1,1,RAJ,019,50,100,180,120,1050
RDI,A048,CD SARANDI NAVE 1,General,RAJ017.50A,Rack,1,1,RAJ,017,50,100,180,120,1050
RDI,A048,CD SARANDI NAVE 1,General,RAJ015.50A,Rack,1,1,RAJ,015,50,100,180,120,1050
RDI,A048,CD SARANDI NAVE 1,General,RAJ013.50A,Rack,1,1,RAJ,013,50,100,180,120,1050
RDI,A048,CD SARANDI NAVE 1,General,RAJ011.50A,Rack,1,1,RAJ,011,50,100,180,120,1050
RDI,A048,CD SARANDI NAVE 1,General,RAJ009.50A,Rack,1,1,RAJ,009,50,100,180,120,1050
RDI,A048,CD SARANDI NAVE 1,General,RAJ007.50A,Rack,1,1,RAJ,007,50,100,180,120,1050
RDI,A048,CD SARANDI NAVE 1,General,RAJ003.50A,Rack,1,1,RAJ,003,50,100,180,120,1050
RDI,A048,CD SARANDI NAVE 1,General,RAJ001.50A,Rack,1,1,RAJ,001,50,100,180,120,1050
RDI,A048,CD SARANDI NAVE 1,General,RAJ044.50A,Rack,1,1,RAJ,044,50,100,180,120,1050
RDI,A048,CD SARANDI NAVE 1,General,RAJ042.50A,Rack,1,1,RAJ,042,50,100,180,120,1050
RDI,A048,CD SARANDI NAVE 1,General,RAJ040.50A,Rack,1,1,RAJ,040,50,100,180,120,1050
RDI,A048,CD SARANDI NAVE 1,General,RAJ038.50A,Rack,1,1,RAJ,038,50,100,180,120,1050
RDI,A048,CD SARANDI NAVE 1,General,RAJ036.50A,Rack,1,1,RAJ,036,50,100,180,120,1050
RDI,A048,CD SARANDI NAVE 1,General,RAJ034.50A,Rack,1,1,RAJ,034,50,100,180,120,1050
RDI,A048,CD SARANDI NAVE 1,General,RAJ032.50A,Rack,1,1,RAJ,032,50,100,180,120,1050
RDI,A048,CD SARANDI NAVE 1,General,RAJ030.50A,Rack,1,1,RAJ,030,50,100,180,120,1050
RDI,A048,CD SARANDI NAVE 1,General,RAK045.50A,Rack,1,1,RAK,045,50,100,180,120,1050
RDI,A048,CD SARANDI NAVE 1,General,RAK043.50A,Rack,1,1,RAK,043,50,100,180,120,1050
RDI,A048,CD SARANDI NAVE 1,General,RAK041.50A,Rack,1,1,RAK,041,50,100,180,120,1050
RDI,A048,CD SARANDI NAVE 1,General,RAK039.50A,Rack,1,1,RAK,039,50,100,180,120,1050
RDI,A048,CD SARANDI NAVE 1,General,RAK037.50A,Rack,1,1,RAK,037,50,100,180,120,1050
RDI,A048,CD SARANDI NAVE 1,General,RAK035.50A,Rack,1,1,RAK,035,50,100,180,120,1050
RDI,A048,CD SARANDI NAVE 1,General,RAK033.50A,Rack,1,1,RAK,033,50,100,180,120,1050
RDI,A048,CD SARANDI NAVE 1,General,RAK031.50A,Rack,1,1,RAK,031,50,100,180,120,1050
RDI,A048,CD SARANDI NAVE 1,General,RAK044.50A,Rack,1,1,RAK,044,50,100,180,120,1050
RDI,A048,CD SARANDI NAVE 1,General,RAK042.50A,Rack,1,1,RAK,042,50,100,180,120,1050
RDI,A048,CD SARANDI NAVE 1,General,RAK040.50A,Rack,1,1,RAK,040,50,100,180,120,1050
RDI,A048,CD SARANDI NAVE 1,General,RAK038.50A,Rack,1,1,RAK,038,50,100,180,120,1050
RDI,A048,CD SARANDI NAVE 1,General,RAK036.50A,Rack,1,1,RAK,036,50,100,180,120,1050
RDI,A048,CD SARANDI NAVE 1,General,RAK034.50A,Rack,1,1,RAK,034,50,100,180,120,1050
RDI,A048,CD SARANDI NAVE 1,General,RAK032.50A,Rack,1,1,RAK,032,50,100,180,120,1050
RDI,A048,CD SARANDI NAVE 1,General,RAK030.50A,Rack,1,1,RAK,030,50,100,180,120,1050
RDI,A048,CD SARANDI NAVE 1,General,RAL045.50A,Rack,1,1,RAL,045,50,100,180,120,1050
RDI,A048,CD SARANDI NAVE 1,General,RAL043.50A,Rack,1,1,RAL,043,50,100,180,120,1050
RDI,A048,CD SARANDI NAVE 1,General,RAL041.50A,Rack,1,1,RAL,041,50,100,180,120,1050
RDI,A048,CD SARANDI NAVE 1,General,RAL039.50A,Rack,1,1,RAL,039,50,100,180,120,1050
RDI,A048,CD SARANDI NAVE 1,General,RAL037.50A,Rack,1,1,RAL,037,50,100,180,120,1050
RDI,A048,CD SARANDI NAVE 1,General,RAL035.50A,Rack,1,1,RAL,035,50,100,180,120,1050
RDI,A048,CD SARANDI NAVE 1,General,RAL033.50A,Rack,1,1,RAL,033,50,100,180,120,1050
RDI,A048,CD SARANDI NAVE 1,General,RAL031.50A,Rack,1,1,RAL,031,50,100,180,120,1050
RDI,A048,CD SARANDI NAVE 1,General,RAL044.50A,Rack,1,1,RAL,044,50,100,180,120,1050
RDI,A048,CD SARANDI NAVE 1,General,RAL042.50A,Rack,1,1,RAL,042,50,100,180,120,1050
RDI,A048,CD SARANDI NAVE 1,General,RAL040.50A,Rack,1,1,RAL,040,50,100,180,120,1050
RDI,A048,CD SARANDI NAVE 1,General,RAL038.50A,Rack,1,1,RAL,038,50,100,180,120,1050
RDI,A048,CD SARANDI NAVE 1,General,RAL036.50A,Rack,1,1,RAL,036,50,100,180,120,1050
RDI,A048,CD SARANDI NAVE 1,General,RAL034.50A,Rack,1,1,RAL,034,50,100,180,120,1050
RDI,A048,CD SARANDI NAVE 1,General,RAL032.50A,Rack,1,1,RAL,032,50,100,180,120,1050
RDI,A048,CD SARANDI NAVE 1,General,RAL030.50A,Rack,1,1,RAL,030,50,100,180,120,1050
RDI,A048,CD SARANDI NAVE 1,General,E1A033.10A,Estantería,1,1,E1A,033,10,90,45,60,90
RDI,A048,CD SARANDI NAVE 1,General,E1A031.10A,Estantería,1,1,E1A,031,10,90,45,60,90
RDI,A048,CD SARANDI NAVE 1,General,E1A029.10A,Estantería,1,1,E1A,029,10,90,45,60,90
RDI,A048,CD SARANDI NAVE 1,General,E1A027.10A,Estantería,1,1,E1A,027,10,90,45,60,90
RDI,A048,CD SARANDI NAVE 1,General,E1A025.10A,Estantería,1,1,E1A,025,10,90,45,60,90
RDI,A048,CD SARANDI NAVE 1,General,E1A023.10A,Estantería,1,1,E1A,023,10,90,45,60,90
RDI,A048,CD SARANDI NAVE 1,General,E1A021.10A,Estantería,1,1,E1A,021,10,90,45,60,90
RDI,A048,CD SARANDI NAVE 1,General,E1A019.10A,Estantería,1,1,E1A,019,10,90,45,60,90
RDI,A048,CD SARANDI NAVE 1,General,E1A017.10A,Estantería,1,1,E1A,017,10,90,45,60,90
RDI,A048,CD SARANDI NAVE 1,General,E1A015.10A,Estantería,1,1,E1A,015,10,90,45,60,90
RDI,A048,CD SARANDI NAVE 1,General,E1A013.10A,Estantería,1,1,E1A,013,10,90,45,60,90
RDI,A048,CD SARANDI NAVE 1,General,E1A011.10A,Estantería,1,1,E1A,011,10,90,45,60,90
RDI,A048,CD SARANDI NAVE 1,General,E1A009.10A,Estantería,1,1,E1A,009,10,90,45,60,90
RDI,A048,CD SARANDI NAVE 1,General,E1A007.10A,Estantería,1,1,E1A,007,10,90,45,60,90
RDI,A048,CD SARANDI NAVE 1,General,E1A005.10A,Estantería,1,1,E1A,005,10,90,45,60,90
RDI,A048,CD SARANDI NAVE 1,General,E1A003.10A,Estantería,1,1,E1A,003,10,90,45,60,90
RDI,A048,CD SARANDI NAVE 1,General,E1A001.10A,Estantería,1,1,E1A,001,10,90,45,60,90
RDI,A048,CD SARANDI NAVE 1,General,E1A034.10A,Estantería,1,1,E1A,034,10,90,45,60,90
RDI,A048,CD SARANDI NAVE 1,General,E1A032.10A,Estantería,1,1,E1A,032,10,90,45,60,90
RDI,A048,CD SARANDI NAVE 1,General,E1A030.10A,Estantería,1,1,E1A,030,10,90,45,60,90
RDI,A048,CD SARANDI NAVE 1,General,E1A028.10A,Estantería,1,1,E1A,028,10,90,45,60,90
RDI,A048,CD SARANDI NAVE 1,General,E1A026.10A,Estantería,1,1,E1A,026,10,90,45,60,90
RDI,A048,CD SARANDI NAVE 1,General,E1A024.10A,Estantería,1,1,E1A,024,10,90,45,60,90
RDI,A048,CD SARANDI NAVE 1,General,E1A022.10A,Estantería,1,1,E1A,022,10,90,45,60,90
RDI,A048,CD SARANDI NAVE 1,General,E1A020.10A,Estantería,1,1,E1A,020,10,90,45,60,90
RDI,A048,CD SARANDI NAVE 1,General,E1A018.10A,Estantería,1,1,E1A,018,10,90,45,60,90
RDI,A048,CD SARANDI NAVE 1,General,E1A016.10A,Estantería,1,1,E1A,016,10,90,45,60,90
RDI,A048,CD SARANDI NAVE 1,General,E1A014.10A,Estantería,1,1,E1A,014,10,90,45,60,90
RDI,A048,CD SARANDI NAVE 1,General,E1A012.10A,Estantería,1,1,E1A,012,10,90,45,60,90
RDI,A048,CD SARANDI NAVE 1,General,E1A010.10A,Estantería,1,1,E1A,010,10,90,45,60,90
RDI,A048,CD SARANDI NAVE 1,General,E1A008.10A,Estantería,1,1,E1A,008,10,90,45,60,90
RDI,A048,CD SARANDI NAVE 1,General,E1A006.10A,Estantería,1,1,E1A,006,10,90,45,60,90
RDI,A048,CD SARANDI NAVE 1,General,E1A004.10A,Estantería,1,1,E1A,004,10,90,45,60,90
RDI,A048,CD SARANDI NAVE 1,General,E1A002.10A,Estantería,1,1,E1A,002,10,90,45,60,90
RDI,A048,CD SARANDI NAVE 1,General,E1B033.10A,Estantería,1,1,E1B,033,10,90,45,60,90
RDI,A048,CD SARANDI NAVE 1,General,E1B031.10A,Estantería,1,1,E1B,031,10,90,45,60,90
RDI,A048,CD SARANDI NAVE 1,General,E1B029.10A,Estantería,1,1,E1B,029,10,90,45,60,90
RDI,A048,CD SARANDI NAVE 1,General,E1B027.10A,Estantería,1,1,E1B,027,10,90,45,60,90
RDI,A048,CD SARANDI NAVE 1,General,E1B025.10A,Estantería,1,1,E1B,025,10,90,45,60,90
RDI,A048,CD SARANDI NAVE 1,General,E1B023.10A,Estantería,1,1,E1B,023,10,90,45,60,90
RDI,A048,CD SARANDI NAVE 1,General,E1B021.10A,Estantería,1,1,E1B,021,10,90,45,60,90
RDI,A048,CD SARANDI NAVE 1,General,E1B019.10A,Estantería,1,1,E1B,019,10,90,45,60,90
RDI,A048,CD SARANDI NAVE 1,General,E1B017.10A,Estantería,1,1,E1B,017,10,90,45,60,90
RDI,A048,CD SARANDI NAVE 1,General,E1B015.10A,Estantería,1,1,E1B,015,10,90,45,60,90
RDI,A048,CD SARANDI NAVE 1,General,E1B013.10A,Estantería,1,1,E1B,013,10,90,45,60,90
RDI,A048,CD SARANDI NAVE 1,General,E1B011.10A,Estantería,1,1,E1B,011,10,90,45,60,90
RDI,A048,CD SARANDI NAVE 1,General,E1B009.10A,Estantería,1,1,E1B,009,10,90,45,60,90
RDI,A048,CD SARANDI NAVE 1,General,E1B007.10A,Estantería,1,1,E1B,007,10,90,45,60,90
RDI,A048,CD SARANDI NAVE 1,General,E1B005.10A,Estantería,1,1,E1B,005,10,90,45,60,90
RDI,A048,CD SARANDI NAVE 1,General,E1B003.10A,Estantería,1,1,E1B,003,10,90,45,60,90
RDI,A048,CD SARANDI NAVE 1,General,E1B001.10A,Estantería,1,1,E1B,001,10,90,45,60,90
RDI,A048,CD SARANDI NAVE 1,General,E1B034.10A,Estantería,1,1,E1B,034,10,90,45,60,90
RDI,A048,CD SARANDI NAVE 1,General,E1B032.10A,Estantería,1,1,E1B,032,10,90,45,60,90
RDI,A048,CD SARANDI NAVE 1,General,E1B030.10A,Estantería,1,1,E1B,030,10,90,45,60,90
RDI,A048,CD SARANDI NAVE 1,General,E1B028.10A,Estantería,1,1,E1B,028,10,90,45,60,90
RDI,A048,CD SARANDI NAVE 1,General,E1B026.10A,Estantería,1,1,E1B,026,10,90,45,60,90
RDI,A048,CD SARANDI NAVE 1,General,E1B024.10A,Estantería,1,1,E1B,024,10,90,45,60,90
RDI,A048,CD SARANDI NAVE 1,General,E1B022.10A,Estantería,1,1,E1B,022,10,90,45,60,90
RDI,A048,CD SARANDI NAVE 1,General,E1B020.10A,Estantería,1,1,E1B,020,10,90,45,60,90
RDI,A048,CD SARANDI NAVE 1,General,E1B018.10A,Estantería,1,1,E1B,018,10,90,45,60,90
RDI,A048,CD SARANDI NAVE 1,General,E1B016.10A,Estantería,1,1,E1B,016,10,90,45,60,90
RDI,A048,CD SARANDI NAVE 1,General,E1B014.10A,Estantería,1,1,E1B,014,10,90,45,60,90
RDI,A048,CD SARANDI NAVE 1,General,E1B012.10A,Estantería,1,1,E1B,012,10,90,45,60,90
RDI,A048,CD SARANDI NAVE 1,General,E1B010.10A,Estantería,1,1,E1B,010,10,90,45,60,90
RDI,A048,CD SARANDI NAVE 1,General,E1B008.10A,Estantería,1,1,E1B,008,10,90,45,60,90
RDI,A048,CD SARANDI NAVE 1,General,E1B006.10A,Estantería,1,1,E1B,006,10,90,45,60,90
RDI,A048,CD SARANDI NAVE 1,General,E1B004.10A,Estantería,1,1,E1B,004,10,90,45,60,90
RDI,A048,CD SARANDI NAVE 1,General,E1B002.10A,Estantería,1,1,E1B,002,10,90,45,60,90
RDI,A048,CD SARANDI NAVE 1,General,E1C033.10A,Estantería,1,1,E1C,033,10,90,45,60,90
RDI,A048,CD SARANDI NAVE 1,General,E1C031.10A,Estantería,1,1,E1C,031,10,90,45,60,90
RDI,A048,CD SARANDI NAVE 1,General,E1C029.10A,Estantería,1,1,E1C,029,10,90,45,60,90
RDI,A048,CD SARANDI NAVE 1,General,E1C027.10A,Estantería,1,1,E1C,027,10,90,45,60,90
RDI,A048,CD SARANDI NAVE 1,General,E1C025.10A,Estantería,1,1,E1C,025,10,90,45,60,90
RDI,A048,CD SARANDI NAVE 1,General,E1C023.10A,Estantería,1,1,E1C,023,10,90,45,60,90
RDI,A048,CD SARANDI NAVE 1,General,E1C021.10A,Estantería,1,1,E1C,021,10,90,45,60,90
RDI,A048,CD SARANDI NAVE 1,General,E1C019.10A,Estantería,1,1,E1C,019,10,90,45,60,90
RDI,A048,CD SARANDI NAVE 1,General,E1C017.10A,Estantería,1,1,E1C,017,10,90,45,60,90
RDI,A048,CD SARANDI NAVE 1,General,E1C015.10A,Estantería,1,1,E1C,015,10,90,45,60,90
RDI,A048,CD SARANDI NAVE 1,General,E1C013.10A,Estantería,1,1,E1C,013,10,90,45,60,90
RDI,A048,CD SARANDI NAVE 1,General,E1C011.10A,Estantería,1,1,E1C,011,10,90,45,60,90
RDI,A048,CD SARANDI NAVE 1,General,E1C009.10A,Estantería,1,1,E1C,009,10,90,45,60,90
RDI,A048,CD SARANDI NAVE 1,General,E1C007.10A,Estantería,1,1,E1C,007,10,90,45,60,90
RDI,A048,CD SARANDI NAVE 1,General,E1C005.10A,Estantería,1,1,E1C,005,10,90,45,60,90
RDI,A048,CD SARANDI NAVE 1,General,E1C003.10A,Estantería,1,1,E1C,003,10,90,45,60,90
RDI,A048,CD SARANDI NAVE 1,General,E1C001.10A,Estantería,1,1,E1C,001,10,90,45,60,90
RDI,A048,CD SARANDI NAVE 1,General,E1C034.10A,Estantería,1,1,E1C,034,10,90,45,60,90
RDI,A048,CD SARANDI NAVE 1,General,E1C032.10A,Estantería,1,1,E1C,032,10,90,45,60,90
RDI,A048,CD SARANDI NAVE 1,General,E1C030.10A,Estantería,1,1,E1C,030,10,90,45,60,90
RDI,A048,CD SARANDI NAVE 1,General,E1C028.10A,Estantería,1,1,E1C,028,10,90,45,60,90
RDI,A048,CD SARANDI NAVE 1,General,E1C026.10A,Estantería,1,1,E1C,026,10,90,45,60,90
RDI,A048,CD SARANDI NAVE 1,General,E1C024.10A,Estantería,1,1,E1C,024,10,90,45,60,90
RDI,A048,CD SARANDI NAVE 1,General,E1C022.10A,Estantería,1,1,E1C,022,10,90,45,60,90
RDI,A048,CD SARANDI NAVE 1,General,E1C020.10A,Estantería,1,1,E1C,020,10,90,45,60,90
RDI,A048,CD SARANDI NAVE 1,General,E1C018.10A,Estantería,1,1,E1C,018,10,90,45,60,90
RDI,A048,CD SARANDI NAVE 1,General,E1C016.10A,Estantería,1,1,E1C,016,10,90,45,60,90
RDI,A048,CD SARANDI NAVE 1,General,E1C014.10A,Estantería,1,1,E1C,014,10,90,45,60,90
RDI,A048,CD SARANDI NAVE 1,General,E1C012.10A,Estantería,1,1,E1C,012,10,90,45,60,90
RDI,A048,CD SARANDI NAVE 1,General,E1C010.10A,Estantería,1,1,E1C,010,10,90,45,60,90
RDI,A048,CD SARANDI NAVE 1,General,E1C008.10A,Estantería,1,1,E1C,008,10,90,45,60,90
RDI,A048,CD SARANDI NAVE 1,General,E1C006.10A,Estantería,1,1,E1C,006,10,90,45,60,90
RDI,A048,CD SARANDI NAVE 1,General,E1C004.10A,Estantería,1,1,E1C,004,10,90,45,60,90
RDI,A048,CD SARANDI NAVE 1,General,E1C002.10A,Estantería,1,1,E1C,002,10,90,45,60,90
RDI,A048,CD SARANDI NAVE 1,General,E1D033.10A,Estantería,1,1,E1D,033,10,90,45,60,90
RDI,A048,CD SARANDI NAVE 1,General,E1D031.10A,Estantería,1,1,E1D,031,10,90,45,60,90
RDI,A048,CD SARANDI NAVE 1,General,E1D029.10A,Estantería,1,1,E1D,029,10,90,45,60,90
RDI,A048,CD SARANDI NAVE 1,General,E1D027.10A,Estantería,1,1,E1D,027,10,90,45,60,90
RDI,A048,CD SARANDI NAVE 1,General,E1D025.10A,Estantería,1,1,E1D,025,10,90,45,60,90
RDI,A048,CD SARANDI NAVE 1,General,E1D023.10A,Estantería,1,1,E1D,023,10,90,45,60,90
RDI,A048,CD SARANDI NAVE 1,General,E1D021.10A,Estantería,1,1,E1D,021,10,90,45,60,90
RDI,A048,CD SARANDI NAVE 1,General,E1D019.10A,Estantería,1,1,E1D,019,10,90,45,60,90
RDI,A048,CD SARANDI NAVE 1,General,E1D017.10A,Estantería,1,1,E1D,017,10,90,45,60,90
RDI,A048,CD SARANDI NAVE 1,General,E1D015.10A,Estantería,1,1,E1D,015,10,90,45,60,90
RDI,A048,CD SARANDI NAVE 1,General,E1D013.10A,Estantería,1,1,E1D,013,10,90,45,60,90
RDI,A048,CD SARANDI NAVE 1,General,E1D011.10A,Estantería,1,1,E1D,011,10,90,45,60,90
RDI,A048,CD SARANDI NAVE 1,General,E1D009.10A,Estantería,1,1,E1D,009,10,90,45,60,90
RDI,A048,CD SARANDI NAVE 1,General,E1D007.10A,Estantería,1,1,E1D,007,10,90,45,60,90
RDI,A048,CD SARANDI NAVE 1,General,E1D005.10A,Estantería,1,1,E1D,005,10,90,45,60,90
RDI,A048,CD SARANDI NAVE 1,General,E1D003.10A,Estantería,1,1,E1D,003,10,90,45,60,90
RDI,A048,CD SARANDI NAVE 1,General,E1D001.10A,Estantería,1,1,E1D,001,10,90,45,60,90
RDI,A048,CD SARANDI NAVE 1,General,E1D034.10A,Estantería,1,1,E1D,034,10,90,45,60,90
RDI,A048,CD SARANDI NAVE 1,General,E1D032.10A,Estantería,1,1,E1D,032,10,90,45,60,90
RDI,A048,CD SARANDI NAVE 1,General,E1D030.10A,Estantería,1,1,E1D,030,10,90,45,60,90
RDI,A048,CD SARANDI NAVE 1,General,E1D028.10A,Estantería,1,1,E1D,028,10,90,45,60,90
RDI,A048,CD SARANDI NAVE 1,General,E1D026.10A,Estantería,1,1,E1D,026,10,90,45,60,90
RDI,A048,CD SARANDI NAVE 1,General,E1D024.10A,Estantería,1,1,E1D,024,10,90,45,60,90
RDI,A048,CD SARANDI NAVE 1,General,E1D022.10A,Estantería,1,1,E1D,022,10,90,45,60,90
RDI,A048,CD SARANDI NAVE 1,General,E1D020.10A,Estantería,1,1,E1D,020,10,90,45,60,90
RDI,A048,CD SARANDI NAVE 1,General,E1D018.10A,Estantería,1,1,E1D,018,10,90,45,60,90
RDI,A048,CD SARANDI NAVE 1,General,E1D016.10A,Estantería,1,1,E1D,016,10,90,45,60,90
RDI,A048,CD SARANDI NAVE 1,General,E1D014.10A,Estantería,1,1,E1D,014,10,90,45,60,90
RDI,A048,CD SARANDI NAVE 1,General,E1D012.10A,Estantería,1,1,E1D,012,10,90,45,60,90
RDI,A048,CD SARANDI NAVE 1,General,E1D010.10A,Estantería,1,1,E1D,010,10,90,45,60,90
RDI,A048,CD SARANDI NAVE 1,General,E1D008.10A,Estantería,1,1,E1D,008,10,90,45,60,90
RDI,A048,CD SARANDI NAVE 1,General,E1D006.10A,Estantería,1,1,E1D,006,10,90,45,60,90
RDI,A048,CD SARANDI NAVE 1,General,E1D004.10A,Estantería,1,1,E1D,004,10,90,45,60,90
RDI,A048,CD SARANDI NAVE 1,General,E1D002.10A,Estantería,1,1,E1D,002,10,90,45,60,90
RDI,A048,CD SARANDI NAVE 1,General,E1E033.10A,Estantería,1,1,E1E,033,10,90,45,60,90
RDI,A048,CD SARANDI NAVE 1,General,E1E031.10A,Estantería,1,1,E1E,031,10,90,45,60,90
RDI,A048,CD SARANDI NAVE 1,General,E1E029.10A,Estantería,1,1,E1E,029,10,90,45,60,90
RDI,A048,CD SARANDI NAVE 1,General,E1E027.10A,Estantería,1,1,E1E,027,10,90,45,60,90
RDI,A048,CD SARANDI NAVE 1,General,E1E025.10A,Estantería,1,1,E1E,025,10,90,45,60,90
RDI,A048,CD SARANDI NAVE 1,General,E1E023.10A,Estantería,1,1,E1E,023,10,90,45,60,90
RDI,A048,CD SARANDI NAVE 1,General,E1E021.10A,Estantería,1,1,E1E,021,10,90,45,60,90
RDI,A048,CD SARANDI NAVE 1,General,E1E019.10A,Estantería,1,1,E1E,019,10,90,45,60,90
RDI,A048,CD SARANDI NAVE 1,General,E1E017.10A,Estantería,1,1,E1E,017,10,90,45,60,90
RDI,A048,CD SARANDI NAVE 1,General,E1E015.10A,Estantería,1,1,E1E,015,10,90,45,60,90
RDI,A048,CD SARANDI NAVE 1,General,E1E013.10A,Estantería,1,1,E1E,013,10,90,45,60,90
RDI,A048,CD SARANDI NAVE 1,General,E1E011.10A,Estantería,1,1,E1E,011,10,90,45,60,90
RDI,A048,CD SARANDI NAVE 1,General,E1E009.10A,Estantería,1,1,E1E,009,10,90,45,60,90
RDI,A048,CD SARANDI NAVE 1,General,E1E007.10A,Estantería,1,1,E1E,007,10,90,45,60,90
RDI,A048,CD SARANDI NAVE 1,General,E1E005.10A,Estantería,1,1,E1E,005,10,90,45,60,90
RDI,A048,CD SARANDI NAVE 1,General,E1E003.10A,Estantería,1,1,E1E,003,10,90,45,60,90
RDI,A048,CD SARANDI NAVE 1,General,E1E001.10A,Estantería,1,1,E1E,001,10,90,45,60,90
RDI,A048,CD SARANDI NAVE 1,General,E1E034.10A,Estantería,1,1,E1E,034,10,90,45,60,90
RDI,A048,CD SARANDI NAVE 1,General,E1E032.10A,Estantería,1,1,E1E,032,10,90,45,60,90
RDI,A048,CD SARANDI NAVE 1,General,E1E030.10A,Estantería,1,1,E1E,030,10,90,45,60,90
RDI,A048,CD SARANDI NAVE 1,General,E1E028.10A,Estantería,1,1,E1E,028,10,90,45,60,90
RDI,A048,CD SARANDI NAVE 1,General,E1E026.10A,Estantería,1,1,E1E,026,10,90,45,60,90
RDI,A048,CD SARANDI NAVE 1,General,E1E024.10A,Estantería,1,1,E1E,024,10,90,45,60,90
RDI,A048,CD SARANDI NAVE 1,General,E1E022.10A,Estantería,1,1,E1E,022,10,90,45,60,90
RDI,A048,CD SARANDI NAVE 1,General,E1E020.10A,Estantería,1,1,E1E,020,10,90,45,60,90
RDI,A048,CD SARANDI NAVE 1,General,E1E018.10A,Estantería,1,1,E1E,018,10,90,45,60,90
RDI,A048,CD SARANDI NAVE 1,General,E1E016.10A,Estantería,1,1,E1E,016,10,90,45,60,90
RDI,A048,CD SARANDI NAVE 1,General,E1E014.10A,Estantería,1,1,E1E,014,10,90,45,60,90
RDI,A048,CD SARANDI NAVE 1,General,E1E012.10A,Estantería,1,1,E1E,012,10,90,45,60,90
RDI,A048,CD SARANDI NAVE 1,General,E1E010.10A,Estantería,1,1,E1E,010,10,90,45,60,90
RDI,A048,CD SARANDI NAVE 1,General,E1E008.10A,Estantería,1,1,E1E,008,10,90,45,60,90
RDI,A048,CD SARANDI NAVE 1,General,E1E006.10A,Estantería,1,1,E1E,006,10,90,45,60,90
RDI,A048,CD SARANDI NAVE 1,General,E1E004.10A,Estantería,1,1,E1E,004,10,90,45,60,90
RDI,A048,CD SARANDI NAVE 1,General,E1E002.10A,Estantería,1,1,E1E,002,10,90,45,60,90
RDI,A048,CD SARANDI NAVE 1,General,E1F033.10A,Estantería,1,1,E1F,033,10,90,45,60,90
RDI,A048,CD SARANDI NAVE 1,General,E1F031.10A,Estantería,1,1,E1F,031,10,90,45,60,90
RDI,A048,CD SARANDI NAVE 1,General,E1F029.10A,Estantería,1,1,E1F,029,10,90,45,60,90
RDI,A048,CD SARANDI NAVE 1,General,E1F027.10A,Estantería,1,1,E1F,027,10,90,45,60,90
RDI,A048,CD SARANDI NAVE 1,General,E1F025.10A,Estantería,1,1,E1F,025,10,90,45,60,90
RDI,A048,CD SARANDI NAVE 1,General,E1F023.10A,Estantería,1,1,E1F,023,10,90,45,60,90
RDI,A048,CD SARANDI NAVE 1,General,E1F021.10A,Estantería,1,1,E1F,021,10,90,45,60,90
RDI,A048,CD SARANDI NAVE 1,General,E1F019.10A,Estantería,1,1,E1F,019,10,90,45,60,90
RDI,A048,CD SARANDI NAVE 1,General,E1F017.10A,Estantería,1,1,E1F,017,10,90,45,60,90
RDI,A048,CD SARANDI NAVE 1,General,E1F015.10A,Estantería,1,1,E1F,015,10,90,45,60,90
RDI,A048,CD SARANDI NAVE 1,General,E1F013.10A,Estantería,1,1,E1F,013,10,90,45,60,90
RDI,A048,CD SARANDI NAVE 1,General,E1F011.10A,Estantería,1,1,E1F,011,10,90,45,60,90
RDI,A048,CD SARANDI NAVE 1,General,E1F009.10A,Estantería,1,1,E1F,009,10,90,45,60,90
RDI,A048,CD SARANDI NAVE 1,General,E1F007.10A,Estantería,1,1,E1F,007,10,90,45,60,90
RDI,A048,CD SARANDI NAVE 1,General,E1F005.10A,Estantería,1,1,E1F,005,10,90,45,60,90
RDI,A048,CD SARANDI NAVE 1,General,E1F003.10A,Estantería,1,1,E1F,003,10,90,45,60,90
RDI,A048,CD SARANDI NAVE 1,General,E1F001.10A,Estantería,1,1,E1F,001,10,90,45,60,90
RDI,A048,CD SARANDI NAVE 1,General,E1F034.10A,Estantería,1,1,E1F,034,10,90,45,60,90
RDI,A048,CD SARANDI NAVE 1,General,E1F032.10A,Estantería,1,1,E1F,032,10,90,45,60,90
RDI,A048,CD SARANDI NAVE 1,General,E1F030.10A,Estantería,1,1,E1F,030,10,90,45,60,90
RDI,A048,CD SARANDI NAVE 1,General,E1F028.10A,Estantería,1,1,E1F,028,10,90,45,60,90
RDI,A048,CD SARANDI NAVE 1,General,E1F026.10A,Estantería,1,1,E1F,026,10,90,45,60,90
RDI,A048,CD SARANDI NAVE 1,General,E1F024.10A,Estantería,1,1,E1F,024,10,90,45,60,90
RDI,A048,CD SARANDI NAVE 1,General,E1F022.10A,Estantería,1,1,E1F,022,10,90,45,60,90
RDI,A048,CD SARANDI NAVE 1,General,E1F020.10A,Estantería,1,1,E1F,020,10,90,45,60,90
RDI,A048,CD SARANDI NAVE 1,General,E1F018.10A,Estantería,1,1,E1F,018,10,90,45,60,90
RDI,A048,CD SARANDI NAVE 1,General,E1F016.10A,Estantería,1,1,E1F,016,10,90,45,60,90
RDI,A048,CD SARANDI NAVE 1,General,E1F014.10A,Estantería,1,1,E1F,014,10,90,45,60,90
RDI,A048,CD SARANDI NAVE 1,General,E1F012.10A,Estantería,1,1,E1F,012,10,90,45,60,90
RDI,A048,CD SARANDI NAVE 1,General,E1F010.10A,Estantería,1,1,E1F,010,10,90,45,60,90
RDI,A048,CD SARANDI NAVE 1,General,E1F008.10A,Estantería,1,1,E1F,008,10,90,45,60,90
RDI,A048,CD SARANDI NAVE 1,General,E1F006.10A,Estantería,1,1,E1F,006,10,90,45,60,90
RDI,A048,CD SARANDI NAVE 1,General,E1F004.10A,Estantería,1,1,E1F,004,10,90,45,60,90
RDI,A048,CD SARANDI NAVE 1,General,E1F002.10A,Estantería,1,1,E1F,002,10,90,45,60,90
RDI,A048,CD SARANDI NAVE 1,General,E1G033.10A,Estantería,1,1,E1G,033,10,90,45,60,90
RDI,A048,CD SARANDI NAVE 1,General,E1G031.10A,Estantería,1,1,E1G,031,10,90,45,60,90
RDI,A048,CD SARANDI NAVE 1,General,E1G029.10A,Estantería,1,1,E1G,029,10,90,45,60,90
RDI,A048,CD SARANDI NAVE 1,General,E1G027.10A,Estantería,1,1,E1G,027,10,90,45,60,90
RDI,A048,CD SARANDI NAVE 1,General,E1G025.10A,Estantería,1,1,E1G,025,10,90,45,60,90
RDI,A048,CD SARANDI NAVE 1,General,E1G023.10A,Estantería,1,1,E1G,023,10,90,45,60,90
RDI,A048,CD SARANDI NAVE 1,General,E1G021.10A,Estantería,1,1,E1G,021,10,90,45,60,90
RDI,A048,CD SARANDI NAVE 1,General,E1G019.10A,Estantería,1,1,E1G,019,10,90,45,60,90
RDI,A048,CD SARANDI NAVE 1,General,E1G017.10A,Estantería,1,1,E1G,017,10,90,45,60,90
RDI,A048,CD SARANDI NAVE 1,General,E1G015.10A,Estantería,1,1,E1G,015,10,90,45,60,90
RDI,A048,CD SARANDI NAVE 1,General,E1G013.10A,Estantería,1,1,E1G,013,10,90,45,60,90
RDI,A048,CD SARANDI NAVE 1,General,E1G011.10A,Estantería,1,1,E1G,011,10,90,45,60,90
RDI,A048,CD SARANDI NAVE 1,General,E1G009.10A,Estantería,1,1,E1G,009,10,90,45,60,90
RDI,A048,CD SARANDI NAVE 1,General,E1G007.10A,Estantería,1,1,E1G,007,10,90,45,60,90
RDI,A048,CD SARANDI NAVE 1,General,E1G005.10A,Estantería,1,1,E1G,005,10,90,45,60,90
RDI,A048,CD SARANDI NAVE 1,General,E1G003.10A,Estantería,1,1,E1G,003,10,90,45,60,90
RDI,A048,CD SARANDI NAVE 1,General,E1G001.10A,Estantería,1,1,E1G,001,10,90,45,60,90
RDI,A048,CD SARANDI NAVE 1,General,E1G034.10A,Estantería,1,1,E1G,034,10,90,45,60,90
RDI,A048,CD SARANDI NAVE 1,General,E1G032.10A,Estantería,1,1,E1G,032,10,90,45,60,90
RDI,A048,CD SARANDI NAVE 1,General,E1G030.10A,Estantería,1,1,E1G,030,10,90,45,60,90
RDI,A048,CD SARANDI NAVE 1,General,E1G028.10A,Estantería,1,1,E1G,028,10,90,45,60,90
RDI,A048,CD SARANDI NAVE 1,General,E1G026.10A,Estantería,1,1,E1G,026,10,90,45,60,90
RDI,A048,CD SARANDI NAVE 1,General,E1G024.10A,Estantería,1,1,E1G,024,10,90,45,60,90
RDI,A048,CD SARANDI NAVE 1,General,E1G022.10A,Estantería,1,1,E1G,022,10,90,45,60,90
RDI,A048,CD SARANDI NAVE 1,General,E1G020.10A,Estantería,1,1,E1G,020,10,90,45,60,90
RDI,A048,CD SARANDI NAVE 1,General,E1G018.10A,Estantería,1,1,E1G,018,10,90,45,60,90
RDI,A048,CD SARANDI NAVE 1,General,E1G016.10A,Estantería,1,1,E1G,016,10,90,45,60,90
RDI,A048,CD SARANDI NAVE 1,General,E1G014.10A,Estantería,1,1,E1G,014,10,90,45,60,90
RDI,A048,CD SARANDI NAVE 1,General,E1G012.10A,Estantería,1,1,E1G,012,10,90,45,60,90
RDI,A048,CD SARANDI NAVE 1,General,E1G010.10A,Estantería,1,1,E1G,010,10,90,45,60,90
RDI,A048,CD SARANDI NAVE 1,General,E1G008.10A,Estantería,1,1,E1G,008,10,90,45,60,90
RDI,A048,CD SARANDI NAVE 1,General,E1G006.10A,Estantería,1,1,E1G,006,10,90,45,60,90
RDI,A048,CD SARANDI NAVE 1,General,E1G004.10A,Estantería,1,1,E1G,004,10,90,45,60,90
RDI,A048,CD SARANDI NAVE 1,General,E1G002.10A,Estantería,1,1,E1G,002,10,90,45,60,90
RDI,A048,CD SARANDI NAVE 1,General,E1A033.20A,Estantería,1,1,E1A,033,20,90,45,60,90
RDI,A048,CD SARANDI NAVE 1,General,E1A031.20A,Estantería,1,1,E1A,031,20,90,45,60,90
RDI,A048,CD SARANDI NAVE 1,General,E1A029.20A,Estantería,1,1,E1A,029,20,90,45,60,90
RDI,A048,CD SARANDI NAVE 1,General,E1A027.20A,Estantería,1,1,E1A,027,20,90,45,60,90
RDI,A048,CD SARANDI NAVE 1,General,E1A025.20A,Estantería,1,1,E1A,025,20,90,45,60,90
RDI,A048,CD SARANDI NAVE 1,General,E1A023.20A,Estantería,1,1,E1A,023,20,90,45,60,90
RDI,A048,CD SARANDI NAVE 1,General,E1A021.20A,Estantería,1,1,E1A,021,20,90,45,60,90
RDI,A048,CD SARANDI NAVE 1,General,E1A019.20A,Estantería,1,1,E1A,019,20,90,45,60,90
RDI,A048,CD SARANDI NAVE 1,General,E1A017.20A,Estantería,1,1,E1A,017,20,90,45,60,90
RDI,A048,CD SARANDI NAVE 1,General,E1A015.20A,Estantería,1,1,E1A,015,20,90,45,60,90
RDI,A048,CD SARANDI NAVE 1,General,E1A013.20A,Estantería,1,1,E1A,013,20,90,45,60,90
RDI,A048,CD SARANDI NAVE 1,General,E1A011.20A,Estantería,1,1,E1A,011,20,90,45,60,90
RDI,A048,CD SARANDI NAVE 1,General,E1A009.20A,Estantería,1,1,E1A,009,20,90,45,60,90
RDI,A048,CD SARANDI NAVE 1,General,E1A007.20A,Estantería,1,1,E1A,007,20,90,45,60,90
RDI,A048,CD SARANDI NAVE 1,General,E1A005.20A,Estantería,1,1,E1A,005,20,90,45,60,90
RDI,A048,CD SARANDI NAVE 1,General,E1A003.20A,Estantería,1,1,E1A,003,20,90,45,60,90
RDI,A048,CD SARANDI NAVE 1,General,E1A001.20A,Estantería,1,1,E1A,001,20,90,45,60,90
RDI,A048,CD SARANDI NAVE 1,General,E1A034.20A,Estantería,1,1,E1A,034,20,90,45,60,90
RDI,A048,CD SARANDI NAVE 1,General,E1A032.20A,Estantería,1,1,E1A,032,20,90,45,60,90
RDI,A048,CD SARANDI NAVE 1,General,E1A030.20A,Estantería,1,1,E1A,030,20,90,45,60,90
RDI,A048,CD SARANDI NAVE 1,General,E1A028.20A,Estantería,1,1,E1A,028,20,90,45,60,90
RDI,A048,CD SARANDI NAVE 1,General,E1A026.20A,Estantería,1,1,E1A,026,20,90,45,60,90
RDI,A048,CD SARANDI NAVE 1,General,E1A024.20A,Estantería,1,1,E1A,024,20,90,45,60,90
RDI,A048,CD SARANDI NAVE 1,General,E1A022.20A,Estantería,1,1,E1A,022,20,90,45,60,90
RDI,A048,CD SARANDI NAVE 1,General,E1A020.20A,Estantería,1,1,E1A,020,20,90,45,60,90
RDI,A048,CD SARANDI NAVE 1,General,E1A018.20A,Estantería,1,1,E1A,018,20,90,45,60,90
RDI,A048,CD SARANDI NAVE 1,General,E1A016.20A,Estantería,1,1,E1A,016,20,90,45,60,90
RDI,A048,CD SARANDI NAVE 1,General,E1A014.20A,Estantería,1,1,E1A,014,20,90,45,60,90
RDI,A048,CD SARANDI NAVE 1,General,E1A012.20A,Estantería,1,1,E1A,012,20,90,45,60,90
RDI,A048,CD SARANDI NAVE 1,General,E1A010.20A,Estantería,1,1,E1A,010,20,90,45,60,90
RDI,A048,CD SARANDI NAVE 1,General,E1A008.20A,Estantería,1,1,E1A,008,20,90,45,60,90
RDI,A048,CD SARANDI NAVE 1,General,E1A006.20A,Estantería,1,1,E1A,006,20,90,45,60,90
RDI,A048,CD SARANDI NAVE 1,General,E1A004.20A,Estantería,1,1,E1A,004,20,90,45,60,90
RDI,A048,CD SARANDI NAVE 1,General,E1A002.20A,Estantería,1,1,E1A,002,20,90,45,60,90
RDI,A048,CD SARANDI NAVE 1,General,E1B033.20A,Estantería,1,1,E1B,033,20,90,45,60,90
RDI,A048,CD SARANDI NAVE 1,General,E1B031.20A,Estantería,1,1,E1B,031,20,90,45,60,90
RDI,A048,CD SARANDI NAVE 1,General,E1B029.20A,Estantería,1,1,E1B,029,20,90,45,60,90
RDI,A048,CD SARANDI NAVE 1,General,E1B027.20A,Estantería,1,1,E1B,027,20,90,45,60,90
RDI,A048,CD SARANDI NAVE 1,General,E1B025.20A,Estantería,1,1,E1B,025,20,90,45,60,90
RDI,A048,CD SARANDI NAVE 1,General,E1B023.20A,Estantería,1,1,E1B,023,20,90,45,60,90
RDI,A048,CD SARANDI NAVE 1,General,E1B021.20A,Estantería,1,1,E1B,021,20,90,45,60,90
RDI,A048,CD SARANDI NAVE 1,General,E1B019.20A,Estantería,1,1,E1B,019,20,90,45,60,90
RDI,A048,CD SARANDI NAVE 1,General,E1B017.20A,Estantería,1,1,E1B,017,20,90,45,60,90
RDI,A048,CD SARANDI NAVE 1,General,E1B015.20A,Estantería,1,1,E1B,015,20,90,45,60,90
RDI,A048,CD SARANDI NAVE 1,General,E1B013.20A,Estantería,1,1,E1B,013,20,90,45,60,90
RDI,A048,CD SARANDI NAVE 1,General,E1B011.20A,Estantería,1,1,E1B,011,20,90,45,60,90
RDI,A048,CD SARANDI NAVE 1,General,E1B009.20A,Estantería,1,1,E1B,009,20,90,45,60,90
RDI,A048,CD SARANDI NAVE 1,General,E1B007.20A,Estantería,1,1,E1B,007,20,90,45,60,90
RDI,A048,CD SARANDI NAVE 1,General,E1B005.20A,Estantería,1,1,E1B,005,20,90,45,60,90
RDI,A048,CD SARANDI NAVE 1,General,E1B003.20A,Estantería,1,1,E1B,003,20,90,45,60,90
RDI,A048,CD SARANDI NAVE 1,General,E1B001.20A,Estantería,1,1,E1B,001,20,90,45,60,90
RDI,A048,CD SARANDI NAVE 1,General,E1B034.20A,Estantería,1,1,E1B,034,20,90,45,60,90
RDI,A048,CD SARANDI NAVE 1,General,E1B032.20A,Estantería,1,1,E1B,032,20,90,45,60,90
RDI,A048,CD SARANDI NAVE 1,General,E1B030.20A,Estantería,1,1,E1B,030,20,90,45,60,90
RDI,A048,CD SARANDI NAVE 1,General,E1B028.20A,Estantería,1,1,E1B,028,20,90,45,60,90
RDI,A048,CD SARANDI NAVE 1,General,E1B026.20A,Estantería,1,1,E1B,026,20,90,45,60,90
RDI,A048,CD SARANDI NAVE 1,General,E1B024.20A,Estantería,1,1,E1B,024,20,90,45,60,90
RDI,A048,CD SARANDI NAVE 1,General,E1B022.20A,Estantería,1,1,E1B,022,20,90,45,60,90
RDI,A048,CD SARANDI NAVE 1,General,E1B020.20A,Estantería,1,1,E1B,020,20,90,45,60,90
RDI,A048,CD SARANDI NAVE 1,General,E1B018.20A,Estantería,1,1,E1B,018,20,90,45,60,90
RDI,A048,CD SARANDI NAVE 1,General,E1B016.20A,Estantería,1,1,E1B,016,20,90,45,60,90
RDI,A048,CD SARANDI NAVE 1,General,E1B014.20A,Estantería,1,1,E1B,014,20,90,45,60,90
RDI,A048,CD SARANDI NAVE 1,General,E1B012.20A,Estantería,1,1,E1B,012,20,90,45,60,90
RDI,A048,CD SARANDI NAVE 1,General,E1B010.20A,Estantería,1,1,E1B,010,20,90,45,60,90
RDI,A048,CD SARANDI NAVE 1,General,E1B008.20A,Estantería,1,1,E1B,008,20,90,45,60,90
RDI,A048,CD SARANDI NAVE 1,General,E1B006.20A,Estantería,1,1,E1B,006,20,90,45,60,90
RDI,A048,CD SARANDI NAVE 1,General,E1B004.20A,Estantería,1,1,E1B,004,20,90,45,60,90
RDI,A048,CD SARANDI NAVE 1,General,E1B002.20A,Estantería,1,1,E1B,002,20,90,45,60,90
RDI,A048,CD SARANDI NAVE 1,General,E1C033.20A,Estantería,1,1,E1C,033,20,90,45,60,90
RDI,A048,CD SARANDI NAVE 1,General,E1C031.20A,Estantería,1,1,E1C,031,20,90,45,60,90
RDI,A048,CD SARANDI NAVE 1,General,E1C029.20A,Estantería,1,1,E1C,029,20,90,45,60,90
RDI,A048,CD SARANDI NAVE 1,General,E1C027.20A,Estantería,1,1,E1C,027,20,90,45,60,90
RDI,A048,CD SARANDI NAVE 1,General,E1C025.20A,Estantería,1,1,E1C,025,20,90,45,60,90
RDI,A048,CD SARANDI NAVE 1,General,E1C023.20A,Estantería,1,1,E1C,023,20,90,45,60,90
RDI,A048,CD SARANDI NAVE 1,General,E1C021.20A,Estantería,1,1,E1C,021,20,90,45,60,90
RDI,A048,CD SARANDI NAVE 1,General,E1C019.20A,Estantería,1,1,E1C,019,20,90,45,60,90
RDI,A048,CD SARANDI NAVE 1,General,E1C017.20A,Estantería,1,1,E1C,017,20,90,45,60,90
RDI,A048,CD SARANDI NAVE 1,General,E1C015.20A,Estantería,1,1,E1C,015,20,90,45,60,90
RDI,A048,CD SARANDI NAVE 1,General,E1C013.20A,Estantería,1,1,E1C,013,20,90,45,60,90
RDI,A048,CD SARANDI NAVE 1,General,E1C011.20A,Estantería,1,1,E1C,011,20,90,45,60,90
RDI,A048,CD SARANDI NAVE 1,General,E1C009.20A,Estantería,1,1,E1C,009,20,90,45,60,90
RDI,A048,CD SARANDI NAVE 1,General,E1C007.20A,Estantería,1,1,E1C,007,20,90,45,60,90
RDI,A048,CD SARANDI NAVE 1,General,E1C005.20A,Estantería,1,1,E1C,005,20,90,45,60,90
RDI,A048,CD SARANDI NAVE 1,General,E1C003.20A,Estantería,1,1,E1C,003,20,90,45,60,90
RDI,A048,CD SARANDI NAVE 1,General,E1C001.20A,Estantería,1,1,E1C,001,20,90,45,60,90
RDI,A048,CD SARANDI NAVE 1,General,E1C034.20A,Estantería,1,1,E1C,034,20,90,45,60,90
RDI,A048,CD SARANDI NAVE 1,General,E1C032.20A,Estantería,1,1,E1C,032,20,90,45,60,90
RDI,A048,CD SARANDI NAVE 1,General,E1C030.20A,Estantería,1,1,E1C,030,20,90,45,60,90
RDI,A048,CD SARANDI NAVE 1,General,E1C028.20A,Estantería,1,1,E1C,028,20,90,45,60,90
RDI,A048,CD SARANDI NAVE 1,General,E1C026.20A,Estantería,1,1,E1C,026,20,90,45,60,90
RDI,A048,CD SARANDI NAVE 1,General,E1C024.20A,Estantería,1,1,E1C,024,20,90,45,60,90
RDI,A048,CD SARANDI NAVE 1,General,E1C022.20A,Estantería,1,1,E1C,022,20,90,45,60,90
RDI,A048,CD SARANDI NAVE 1,General,E1C020.20A,Estantería,1,1,E1C,020,20,90,45,60,90
RDI,A048,CD SARANDI NAVE 1,General,E1C018.20A,Estantería,1,1,E1C,018,20,90,45,60,90
RDI,A048,CD SARANDI NAVE 1,General,E1C016.20A,Estantería,1,1,E1C,016,20,90,45,60,90
RDI,A048,CD SARANDI NAVE 1,General,E1C014.20A,Estantería,1,1,E1C,014,20,90,45,60,90
RDI,A048,CD SARANDI NAVE 1,General,E1C012.20A,Estantería,1,1,E1C,012,20,90,45,60,90
RDI,A048,CD SARANDI NAVE 1,General,E1C010.20A,Estantería,1,1,E1C,010,20,90,45,60,90
RDI,A048,CD SARANDI NAVE 1,General,E1C008.20A,Estantería,1,1,E1C,008,20,90,45,60,90
RDI,A048,CD SARANDI NAVE 1,General,E1C006.20A,Estantería,1,1,E1C,006,20,90,45,60,90
RDI,A048,CD SARANDI NAVE 1,General,E1C004.20A,Estantería,1,1,E1C,004,20,90,45,60,90
RDI,A048,CD SARANDI NAVE 1,General,E1C002.20A,Estantería,1,1,E1C,002,20,90,45,60,90
RDI,A048,CD SARANDI NAVE 1,General,E1D033.20A,Estantería,1,1,E1D,033,20,90,45,60,90
RDI,A048,CD SARANDI NAVE 1,General,E1D031.20A,Estantería,1,1,E1D,031,20,90,45,60,90
RDI,A048,CD SARANDI NAVE 1,General,E1D029.20A,Estantería,1,1,E1D,029,20,90,45,60,90
RDI,A048,CD SARANDI NAVE 1,General,E1D027.20A,Estantería,1,1,E1D,027,20,90,45,60,90
RDI,A048,CD SARANDI NAVE 1,General,E1D025.20A,Estantería,1,1,E1D,025,20,90,45,60,90
RDI,A048,CD SARANDI NAVE 1,General,E1D023.20A,Estantería,1,1,E1D,023,20,90,45,60,90
RDI,A048,CD SARANDI NAVE 1,General,E1D021.20A,Estantería,1,1,E1D,021,20,90,45,60,90
RDI,A048,CD SARANDI NAVE 1,General,E1D019.20A,Estantería,1,1,E1D,019,20,90,45,60,90
RDI,A048,CD SARANDI NAVE 1,General,E1D017.20A,Estantería,1,1,E1D,017,20,90,45,60,90
RDI,A048,CD SARANDI NAVE 1,General,E1D015.20A,Estantería,1,1,E1D,015,20,90,45,60,90
RDI,A048,CD SARANDI NAVE 1,General,E1D013.20A,Estantería,1,1,E1D,013,20,90,45,60,90
RDI,A048,CD SARANDI NAVE 1,General,E1D011.20A,Estantería,1,1,E1D,011,20,90,45,60,90
RDI,A048,CD SARANDI NAVE 1,General,E1D009.20A,Estantería,1,1,E1D,009,20,90,45,60,90
RDI,A048,CD SARANDI NAVE 1,General,E1D007.20A,Estantería,1,1,E1D,007,20,90,45,60,90
RDI,A048,CD SARANDI NAVE 1,General,E1D005.20A,Estantería,1,1,E1D,005,20,90,45,60,90
RDI,A048,CD SARANDI NAVE 1,General,E1D003.20A,Estantería,1,1,E1D,003,20,90,45,60,90
RDI,A048,CD SARANDI NAVE 1,General,E1D001.20A,Estantería,1,1,E1D,001,20,90,45,60,90
RDI,A048,CD SARANDI NAVE 1,General,E1D034.20A,Estantería,1,1,E1D,034,20,90,45,60,90
RDI,A048,CD SARANDI NAVE 1,General,E1D032.20A,Estantería,1,1,E1D,032,20,90,45,60,90
RDI,A048,CD SARANDI NAVE 1,General,E1D030.20A,Estantería,1,1,E1D,030,20,90,45,60,90
RDI,A048,CD SARANDI NAVE 1,General,E1D028.20A,Estantería,1,1,E1D,028,20,90,45,60,90
RDI,A048,CD SARANDI NAVE 1,General,E1D026.20A,Estantería,1,1,E1D,026,20,90,45,60,90
RDI,A048,CD SARANDI NAVE 1,General,E1D024.20A,Estantería,1,1,E1D,024,20,90,45,60,90
RDI,A048,CD SARANDI NAVE 1,General,E1D022.20A,Estantería,1,1,E1D,022,20,90,45,60,90
RDI,A048,CD SARANDI NAVE 1,General,E1D020.20A,Estantería,1,1,E1D,020,20,90,45,60,90
RDI,A048,CD SARANDI NAVE 1,General,E1D018.20A,Estantería,1,1,E1D,018,20,90,45,60,90
RDI,A048,CD SARANDI NAVE 1,General,E1D016.20A,Estantería,1,1,E1D,016,20,90,45,60,90
RDI,A048,CD SARANDI NAVE 1,General,E1D014.20A,Estantería,1,1,E1D,014,20,90,45,60,90
RDI,A048,CD SARANDI NAVE 1,General,E1D012.20A,Estantería,1,1,E1D,012,20,90,45,60,90
RDI,A048,CD SARANDI NAVE 1,General,E1D010.20A,Estantería,1,1,E1D,010,20,90,45,60,90
RDI,A048,CD SARANDI NAVE 1,General,E1D008.20A,Estantería,1,1,E1D,008,20,90,45,60,90
RDI,A048,CD SARANDI NAVE 1,General,E1D006.20A,Estantería,1,1,E1D,006,20,90,45,60,90
RDI,A048,CD SARANDI NAVE 1,General,E1D004.20A,Estantería,1,1,E1D,004,20,90,45,60,90
RDI,A048,CD SARANDI NAVE 1,General,E1D002.20A,Estantería,1,1,E1D,002,20,90,45,60,90
RDI,A048,CD SARANDI NAVE 1,General,E1E033.20A,Estantería,1,1,E1E,033,20,90,45,60,90
RDI,A048,CD SARANDI NAVE 1,General,E1E031.20A,Estantería,1,1,E1E,031,20,90,45,60,90
RDI,A048,CD SARANDI NAVE 1,General,E1E029.20A,Estantería,1,1,E1E,029,20,90,45,60,90
RDI,A048,CD SARANDI NAVE 1,General,E1E027.20A,Estantería,1,1,E1E,027,20,90,45,60,90
RDI,A048,CD SARANDI NAVE 1,General,E1E025.20A,Estantería,1,1,E1E,025,20,90,45,60,90
RDI,A048,CD SARANDI NAVE 1,General,E1E023.20A,Estantería,1,1,E1E,023,20,90,45,60,90
RDI,A048,CD SARANDI NAVE 1,General,E1E021.20A,Estantería,1,1,E1E,021,20,90,45,60,90
RDI,A048,CD SARANDI NAVE 1,General,E1E019.20A,Estantería,1,1,E1E,019,20,90,45,60,90
RDI,A048,CD SARANDI NAVE 1,General,E1E017.20A,Estantería,1,1,E1E,017,20,90,45,60,90
RDI,A048,CD SARANDI NAVE 1,General,E1E015.20A,Estantería,1,1,E1E,015,20,90,45,60,90
RDI,A048,CD SARANDI NAVE 1,General,E1E013.20A,Estantería,1,1,E1E,013,20,90,45,60,90
RDI,A048,CD SARANDI NAVE 1,General,E1E011.20A,Estantería,1,1,E1E,011,20,90,45,60,90
RDI,A048,CD SARANDI NAVE 1,General,E1E009.20A,Estantería,1,1,E1E,009,20,90,45,60,90
RDI,A048,CD SARANDI NAVE 1,General,E1E007.20A,Estantería,1,1,E1E,007,20,90,45,60,90
RDI,A048,CD SARANDI NAVE 1,General,E1E005.20A,Estantería,1,1,E1E,005,20,90,45,60,90
RDI,A048,CD SARANDI NAVE 1,General,E1E003.20A,Estantería,1,1,E1E,003,20,90,45,60,90
RDI,A048,CD SARANDI NAVE 1,General,E1E001.20A,Estantería,1,1,E1E,001,20,90,45,60,90
RDI,A048,CD SARANDI NAVE 1,General,E1E034.20A,Estantería,1,1,E1E,034,20,90,45,60,90
RDI,A048,CD SARANDI NAVE 1,General,E1E032.20A,Estantería,1,1,E1E,032,20,90,45,60,90
RDI,A048,CD SARANDI NAVE 1,General,E1E030.20A,Estantería,1,1,E1E,030,20,90,45,60,90
RDI,A048,CD SARANDI NAVE 1,General,E1E028.20A,Estantería,1,1,E1E,028,20,90,45,60,90
RDI,A048,CD SARANDI NAVE 1,General,E1E026.20A,Estantería,1,1,E1E,026,20,90,45,60,90
RDI,A048,CD SARANDI NAVE 1,General,E1E024.20A,Estantería,1,1,E1E,024,20,90,45,60,90
RDI,A048,CD SARANDI NAVE 1,General,E1E022.20A,Estantería,1,1,E1E,022,20,90,45,60,90
RDI,A048,CD SARANDI NAVE 1,General,E1E020.20A,Estantería,1,1,E1E,020,20,90,45,60,90
RDI,A048,CD SARANDI NAVE 1,General,E1E018.20A,Estantería,1,1,E1E,018,20,90,45,60,90
RDI,A048,CD SARANDI NAVE 1,General,E1E016.20A,Estantería,1,1,E1E,016,20,90,45,60,90
RDI,A048,CD SARANDI NAVE 1,General,E1E014.20A,Estantería,1,1,E1E,014,20,90,45,60,90
RDI,A048,CD SARANDI NAVE 1,General,E1E012.20A,Estantería,1,1,E1E,012,20,90,45,60,90
RDI,A048,CD SARANDI NAVE 1,General,E1E010.20A,Estantería,1,1,E1E,010,20,90,45,60,90
RDI,A048,CD SARANDI NAVE 1,General,E1E008.20A,Estantería,1,1,E1E,008,20,90,45,60,90
RDI,A048,CD SARANDI NAVE 1,General,E1E006.20A,Estantería,1,1,E1E,006,20,90,45,60,90
RDI,A048,CD SARANDI NAVE 1,General,E1E004.20A,Estantería,1,1,E1E,004,20,90,45,60,90
RDI,A048,CD SARANDI NAVE 1,General,E1E002.20A,Estantería,1,1,E1E,002,20,90,45,60,90
RDI,A048,CD SARANDI NAVE 1,General,E1F033.20A,Estantería,1,1,E1F,033,20,90,45,60,90
RDI,A048,CD SARANDI NAVE 1,General,E1F031.20A,Estantería,1,1,E1F,031,20,90,45,60,90
RDI,A048,CD SARANDI NAVE 1,General,E1F029.20A,Estantería,1,1,E1F,029,20,90,45,60,90
RDI,A048,CD SARANDI NAVE 1,General,E1F027.20A,Estantería,1,1,E1F,027,20,90,45,60,90
RDI,A048,CD SARANDI NAVE 1,General,E1F025.20A,Estantería,1,1,E1F,025,20,90,45,60,90
RDI,A048,CD SARANDI NAVE 1,General,E1F023.20A,Estantería,1,1,E1F,023,20,90,45,60,90
RDI,A048,CD SARANDI NAVE 1,General,E1F021.20A,Estantería,1,1,E1F,021,20,90,45,60,90
RDI,A048,CD SARANDI NAVE 1,General,E1F019.20A,Estantería,1,1,E1F,019,20,90,45,60,90
RDI,A048,CD SARANDI NAVE 1,General,E1F017.20A,Estantería,1,1,E1F,017,20,90,45,60,90
RDI,A048,CD SARANDI NAVE 1,General,E1F015.20A,Estantería,1,1,E1F,015,20,90,45,60,90
RDI,A048,CD SARANDI NAVE 1,General,E1F013.20A,Estantería,1,1,E1F,013,20,90,45,60,90
RDI,A048,CD SARANDI NAVE 1,General,E1F011.20A,Estantería,1,1,E1F,011,20,90,45,60,90
RDI,A048,CD SARANDI NAVE 1,General,E1F009.20A,Estantería,1,1,E1F,009,20,90,45,60,90
RDI,A048,CD SARANDI NAVE 1,General,E1F007.20A,Estantería,1,1,E1F,007,20,90,45,60,90
RDI,A048,CD SARANDI NAVE 1,General,E1F005.20A,Estantería,1,1,E1F,005,20,90,45,60,90
RDI,A048,CD SARANDI NAVE 1,General,E1F003.20A,Estantería,1,1,E1F,003,20,90,45,60,90
RDI,A048,CD SARANDI NAVE 1,General,E1F001.20A,Estantería,1,1,E1F,001,20,90,45,60,90
RDI,A048,CD SARANDI NAVE 1,General,E1F034.20A,Estantería,1,1,E1F,034,20,90,45,60,90
RDI,A048,CD SARANDI NAVE 1,General,E1F032.20A,Estantería,1,1,E1F,032,20,90,45,60,90
RDI,A048,CD SARANDI NAVE 1,General,E1F030.20A,Estantería,1,1,E1F,030,20,90,45,60,90
RDI,A048,CD SARANDI NAVE 1,General,E1F028.20A,Estantería,1,1,E1F,028,20,90,45,60,90
RDI,A048,CD SARANDI NAVE 1,General,E1F026.20A,Estantería,1,1,E1F,026,20,90,45,60,90
RDI,A048,CD SARANDI NAVE 1,General,E1F024.20A,Estantería,1,1,E1F,024,20,90,45,60,90
RDI,A048,CD SARANDI NAVE 1,General,E1F022.20A,Estantería,1,1,E1F,022,20,90,45,60,90
RDI,A048,CD SARANDI NAVE 1,General,E1F020.20A,Estantería,1,1,E1F,020,20,90,45,60,90
RDI,A048,CD SARANDI NAVE 1,General,E1F018.20A,Estantería,1,1,E1F,018,20,90,45,60,90
RDI,A048,CD SARANDI NAVE 1,General,E1F016.20A,Estantería,1,1,E1F,016,20,90,45,60,90
RDI,A048,CD SARANDI NAVE 1,General,E1F014.20A,Estantería,1,1,E1F,014,20,90,45,60,90
RDI,A048,CD SARANDI NAVE 1,General,E1F012.20A,Estantería,1,1,E1F,012,20,90,45,60,90
RDI,A048,CD SARANDI NAVE 1,General,E1F010.20A,Estantería,1,1,E1F,010,20,90,45,60,90
RDI,A048,CD SARANDI NAVE 1,General,E1F008.20A,Estantería,1,1,E1F,008,20,90,45,60,90
RDI,A048,CD SARANDI NAVE 1,General,E1F006.20A,Estantería,1,1,E1F,006,20,90,45,60,90
RDI,A048,CD SARANDI NAVE 1,General,E1F004.20A,Estantería,1,1,E1F,004,20,90,45,60,90
RDI,A048,CD SARANDI NAVE 1,General,E1F002.20A,Estantería,1,1,E1F,002,20,90,45,60,90
RDI,A048,CD SARANDI NAVE 1,General,E1G033.20A,Estantería,1,1,E1G,033,20,90,45,60,90
RDI,A048,CD SARANDI NAVE 1,General,E1G031.20A,Estantería,1,1,E1G,031,20,90,45,60,90
RDI,A048,CD SARANDI NAVE 1,General,E1G029.20A,Estantería,1,1,E1G,029,20,90,45,60,90
RDI,A048,CD SARANDI NAVE 1,General,E1G027.20A,Estantería,1,1,E1G,027,20,90,45,60,90
RDI,A048,CD SARANDI NAVE 1,General,E1G025.20A,Estantería,1,1,E1G,025,20,90,45,60,90
RDI,A048,CD SARANDI NAVE 1,General,E1G023.20A,Estantería,1,1,E1G,023,20,90,45,60,90
RDI,A048,CD SARANDI NAVE 1,General,E1G021.20A,Estantería,1,1,E1G,021,20,90,45,60,90
RDI,A048,CD SARANDI NAVE 1,General,E1G019.20A,Estantería,1,1,E1G,019,20,90,45,60,90
RDI,A048,CD SARANDI NAVE 1,General,E1G017.20A,Estantería,1,1,E1G,017,20,90,45,60,90
RDI,A048,CD SARANDI NAVE 1,General,E1G015.20A,Estantería,1,1,E1G,015,20,90,45,60,90
RDI,A048,CD SARANDI NAVE 1,General,E1G013.20A,Estantería,1,1,E1G,013,20,90,45,60,90
RDI,A048,CD SARANDI NAVE 1,General,E1G011.20A,Estantería,1,1,E1G,011,20,90,45,60,90
RDI,A048,CD SARANDI NAVE 1,General,E1G009.20A,Estantería,1,1,E1G,009,20,90,45,60,90
RDI,A048,CD SARANDI NAVE 1,General,E1G007.20A,Estantería,1,1,E1G,007,20,90,45,60,90
RDI,A048,CD SARANDI NAVE 1,General,E1G005.20A,Estantería,1,1,E1G,005,20,90,45,60,90
RDI,A048,CD SARANDI NAVE 1,General,E1G003.20A,Estantería,1,1,E1G,003,20,90,45,60,90
RDI,A048,CD SARANDI NAVE 1,General,E1G001.20A,Estantería,1,1,E1G,001,20,90,45,60,90
RDI,A048,CD SARANDI NAVE 1,General,E1G034.20A,Estantería,1,1,E1G,034,20,90,45,60,90
RDI,A048,CD SARANDI NAVE 1,General,E1G032.20A,Estantería,1,1,E1G,032,20,90,45,60,90
RDI,A048,CD SARANDI NAVE 1,General,E1G030.20A,Estantería,1,1,E1G,030,20,90,45,60,90
RDI,A048,CD SARANDI NAVE 1,General,E1G028.20A,Estantería,1,1,E1G,028,20,90,45,60,90
RDI,A048,CD SARANDI NAVE 1,General,E1G026.20A,Estantería,1,1,E1G,026,20,90,45,60,90
RDI,A048,CD SARANDI NAVE 1,General,E1G024.20A,Estantería,1,1,E1G,024,20,90,45,60,90
RDI,A048,CD SARANDI NAVE 1,General,E1G022.20A,Estantería,1,1,E1G,022,20,90,45,60,90
RDI,A048,CD SARANDI NAVE 1,General,E1G020.20A,Estantería,1,1,E1G,020,20,90,45,60,90
RDI,A048,CD SARANDI NAVE 1,General,E1G018.20A,Estantería,1,1,E1G,018,20,90,45,60,90
RDI,A048,CD SARANDI NAVE 1,General,E1G016.20A,Estantería,1,1,E1G,016,20,90,45,60,90
RDI,A048,CD SARANDI NAVE 1,General,E1G014.20A,Estantería,1,1,E1G,014,20,90,45,60,90
RDI,A048,CD SARANDI NAVE 1,General,E1G012.20A,Estantería,1,1,E1G,012,20,90,45,60,90
RDI,A048,CD SARANDI NAVE 1,General,E1G010.20A,Estantería,1,1,E1G,010,20,90,45,60,90
RDI,A048,CD SARANDI NAVE 1,General,E1G008.20A,Estantería,1,1,E1G,008,20,90,45,60,90
RDI,A048,CD SARANDI NAVE 1,General,E1G006.20A,Estantería,1,1,E1G,006,20,90,45,60,90
RDI,A048,CD SARANDI NAVE 1,General,E1G004.20A,Estantería,1,1,E1G,004,20,90,45,60,90
RDI,A048,CD SARANDI NAVE 1,General,E1G002.20A,Estantería,1,1,E1G,002,20,90,45,60,90
RDI,A048,CD SARANDI NAVE 1,General,E1A033.30A,Estantería,1,1,E1A,033,30,90,45,60,90
RDI,A048,CD SARANDI NAVE 1,General,E1A031.30A,Estantería,1,1,E1A,031,30,90,45,60,90
RDI,A048,CD SARANDI NAVE 1,General,E1A029.30A,Estantería,1,1,E1A,029,30,90,45,60,90
RDI,A048,CD SARANDI NAVE 1,General,E1A027.30A,Estantería,1,1,E1A,027,30,90,45,60,90
RDI,A048,CD SARANDI NAVE 1,General,E1A025.30A,Estantería,1,1,E1A,025,30,90,45,60,90
RDI,A048,CD SARANDI NAVE 1,General,E1A023.30A,Estantería,1,1,E1A,023,30,90,45,60,90
RDI,A048,CD SARANDI NAVE 1,General,E1A021.30A,Estantería,1,1,E1A,021,30,90,45,60,90
RDI,A048,CD SARANDI NAVE 1,General,E1A019.30A,Estantería,1,1,E1A,019,30,90,45,60,90
RDI,A048,CD SARANDI NAVE 1,General,E1A017.30A,Estantería,1,1,E1A,017,30,90,45,60,90
RDI,A048,CD SARANDI NAVE 1,General,E1A015.30A,Estantería,1,1,E1A,015,30,90,45,60,90
RDI,A048,CD SARANDI NAVE 1,General,E1A013.30A,Estantería,1,1,E1A,013,30,90,45,60,90
RDI,A048,CD SARANDI NAVE 1,General,E1A011.30A,Estantería,1,1,E1A,011,30,90,45,60,90
RDI,A048,CD SARANDI NAVE 1,General,E1A009.30A,Estantería,1,1,E1A,009,30,90,45,60,90
RDI,A048,CD SARANDI NAVE 1,General,E1A007.30A,Estantería,1,1,E1A,007,30,90,45,60,90
RDI,A048,CD SARANDI NAVE 1,General,E1A005.30A,Estantería,1,1,E1A,005,30,90,45,60,90
RDI,A048,CD SARANDI NAVE 1,General,E1A003.30A,Estantería,1,1,E1A,003,30,90,45,60,90
RDI,A048,CD SARANDI NAVE 1,General,E1A001.30A,Estantería,1,1,E1A,001,30,90,45,60,90
RDI,A048,CD SARANDI NAVE 1,General,E1A034.30A,Estantería,1,1,E1A,034,30,90,45,60,90
RDI,A048,CD SARANDI NAVE 1,General,E1A032.30A,Estantería,1,1,E1A,032,30,90,45,60,90
RDI,A048,CD SARANDI NAVE 1,General,E1A030.30A,Estantería,1,1,E1A,030,30,90,45,60,90
RDI,A048,CD SARANDI NAVE 1,General,E1A028.30A,Estantería,1,1,E1A,028,30,90,45,60,90
RDI,A048,CD SARANDI NAVE 1,General,E1A026.30A,Estantería,1,1,E1A,026,30,90,45,60,90
RDI,A048,CD SARANDI NAVE 1,General,E1A024.30A,Estantería,1,1,E1A,024,30,90,45,60,90
RDI,A048,CD SARANDI NAVE 1,General,E1A022.30A,Estantería,1,1,E1A,022,30,90,45,60,90
RDI,A048,CD SARANDI NAVE 1,General,E1A020.30A,Estantería,1,1,E1A,020,30,90,45,60,90
RDI,A048,CD SARANDI NAVE 1,General,E1A018.30A,Estantería,1,1,E1A,018,30,90,45,60,90
RDI,A048,CD SARANDI NAVE 1,General,E1A016.30A,Estantería,1,1,E1A,016,30,90,45,60,90
RDI,A048,CD SARANDI NAVE 1,General,E1A014.30A,Estantería,1,1,E1A,014,30,90,45,60,90
RDI,A048,CD SARANDI NAVE 1,General,E1A012.30A,Estantería,1,1,E1A,012,30,90,45,60,90
RDI,A048,CD SARANDI NAVE 1,General,E1A010.30A,Estantería,1,1,E1A,010,30,90,45,60,90
RDI,A048,CD SARANDI NAVE 1,General,E1A008.30A,Estantería,1,1,E1A,008,30,90,45,60,90
RDI,A048,CD SARANDI NAVE 1,General,E1A006.30A,Estantería,1,1,E1A,006,30,90,45,60,90
RDI,A048,CD SARANDI NAVE 1,General,E1A004.30A,Estantería,1,1,E1A,004,30,90,45,60,90
RDI,A048,CD SARANDI NAVE 1,General,E1A002.30A,Estantería,1,1,E1A,002,30,90,45,60,90
RDI,A048,CD SARANDI NAVE 1,General,E1B033.30A,Estantería,1,1,E1B,033,30,90,45,60,90
RDI,A048,CD SARANDI NAVE 1,General,E1B031.30A,Estantería,1,1,E1B,031,30,90,45,60,90
RDI,A048,CD SARANDI NAVE 1,General,E1B029.30A,Estantería,1,1,E1B,029,30,90,45,60,90
RDI,A048,CD SARANDI NAVE 1,General,E1B027.30A,Estantería,1,1,E1B,027,30,90,45,60,90
RDI,A048,CD SARANDI NAVE 1,General,E1B025.30A,Estantería,1,1,E1B,025,30,90,45,60,90
RDI,A048,CD SARANDI NAVE 1,General,E1B023.30A,Estantería,1,1,E1B,023,30,90,45,60,90
RDI,A048,CD SARANDI NAVE 1,General,E1B021.30A,Estantería,1,1,E1B,021,30,90,45,60,90
RDI,A048,CD SARANDI NAVE 1,General,E1B019.30A,Estantería,1,1,E1B,019,30,90,45,60,90
RDI,A048,CD SARANDI NAVE 1,General,E1B017.30A,Estantería,1,1,E1B,017,30,90,45,60,90
RDI,A048,CD SARANDI NAVE 1,General,E1B015.30A,Estantería,1,1,E1B,015,30,90,45,60,90
RDI,A048,CD SARANDI NAVE 1,General,E1B013.30A,Estantería,1,1,E1B,013,30,90,45,60,90
RDI,A048,CD SARANDI NAVE 1,General,E1B011.30A,Estantería,1,1,E1B,011,30,90,45,60,90
RDI,A048,CD SARANDI NAVE 1,General,E1B009.30A,Estantería,1,1,E1B,009,30,90,45,60,90
RDI,A048,CD SARANDI NAVE 1,General,E1B007.30A,Estantería,1,1,E1B,007,30,90,45,60,90
RDI,A048,CD SARANDI NAVE 1,General,E1B005.30A,Estantería,1,1,E1B,005,30,90,45,60,90
RDI,A048,CD SARANDI NAVE 1,General,E1B003.30A,Estantería,1,1,E1B,003,30,90,45,60,90
RDI,A048,CD SARANDI NAVE 1,General,E1B001.30A,Estantería,1,1,E1B,001,30,90,45,60,90
RDI,A048,CD SARANDI NAVE 1,General,E1B034.30A,Estantería,1,1,E1B,034,30,90,45,60,90
RDI,A048,CD SARANDI NAVE 1,General,E1B032.30A,Estantería,1,1,E1B,032,30,90,45,60,90
RDI,A048,CD SARANDI NAVE 1,General,E1B030.30A,Estantería,1,1,E1B,030,30,90,45,60,90
RDI,A048,CD SARANDI NAVE 1,General,E1B028.30A,Estantería,1,1,E1B,028,30,90,45,60,90
RDI,A048,CD SARANDI NAVE 1,General,E1B026.30A,Estantería,1,1,E1B,026,30,90,45,60,90
RDI,A048,CD SARANDI NAVE 1,General,E1B024.30A,Estantería,1,1,E1B,024,30,90,45,60,90
RDI,A048,CD SARANDI NAVE 1,General,E1B022.30A,Estantería,1,1,E1B,022,30,90,45,60,90
RDI,A048,CD SARANDI NAVE 1,General,E1B020.30A,Estantería,1,1,E1B,020,30,90,45,60,90
RDI,A048,CD SARANDI NAVE 1,General,E1B018.30A,Estantería,1,1,E1B,018,30,90,45,60,90
RDI,A048,CD SARANDI NAVE 1,General,E1B016.30A,Estantería,1,1,E1B,016,30,90,45,60,90
RDI,A048,CD SARANDI NAVE 1,General,E1B014.30A,Estantería,1,1,E1B,014,30,90,45,60,90
RDI,A048,CD SARANDI NAVE 1,General,E1B012.30A,Estantería,1,1,E1B,012,30,90,45,60,90
RDI,A048,CD SARANDI NAVE 1,General,E1B010.30A,Estantería,1,1,E1B,010,30,90,45,60,90
RDI,A048,CD SARANDI NAVE 1,General,E1B008.30A,Estantería,1,1,E1B,008,30,90,45,60,90
RDI,A048,CD SARANDI NAVE 1,General,E1B006.30A,Estantería,1,1,E1B,006,30,90,45,60,90
RDI,A048,CD SARANDI NAVE 1,General,E1B004.30A,Estantería,1,1,E1B,004,30,90,45,60,90
RDI,A048,CD SARANDI NAVE 1,General,E1B002.30A,Estantería,1,1,E1B,002,30,90,45,60,90
RDI,A048,CD SARANDI NAVE 1,General,E1C033.30A,Estantería,1,1,E1C,033,30,90,45,60,90
RDI,A048,CD SARANDI NAVE 1,General,E1C031.30A,Estantería,1,1,E1C,031,30,90,45,60,90
RDI,A048,CD SARANDI NAVE 1,General,E1C029.30A,Estantería,1,1,E1C,029,30,90,45,60,90
RDI,A048,CD SARANDI NAVE 1,General,E1C027.30A,Estantería,1,1,E1C,027,30,90,45,60,90
RDI,A048,CD SARANDI NAVE 1,General,E1C025.30A,Estantería,1,1,E1C,025,30,90,45,60,90
RDI,A048,CD SARANDI NAVE 1,General,E1C023.30A,Estantería,1,1,E1C,023,30,90,45,60,90
RDI,A048,CD SARANDI NAVE 1,General,E1C021.30A,Estantería,1,1,E1C,021,30,90,45,60,90
RDI,A048,CD SARANDI NAVE 1,General,E1C019.30A,Estantería,1,1,E1C,019,30,90,45,60,90
RDI,A048,CD SARANDI NAVE 1,General,E1C017.30A,Estantería,1,1,E1C,017,30,90,45,60,90
RDI,A048,CD SARANDI NAVE 1,General,E1C015.30A,Estantería,1,1,E1C,015,30,90,45,60,90
RDI,A048,CD SARANDI NAVE 1,General,E1C013.30A,Estantería,1,1,E1C,013,30,90,45,60,90
RDI,A048,CD SARANDI NAVE 1,General,E1C011.30A,Estantería,1,1,E1C,011,30,90,45,60,90
RDI,A048,CD SARANDI NAVE 1,General,E1C009.30A,Estantería,1,1,E1C,009,30,90,45,60,90
RDI,A048,CD SARANDI NAVE 1,General,E1C007.30A,Estantería,1,1,E1C,007,30,90,45,60,90
RDI,A048,CD SARANDI NAVE 1,General,E1C005.30A,Estantería,1,1,E1C,005,30,90,45,60,90
RDI,A048,CD SARANDI NAVE 1,General,E1C003.30A,Estantería,1,1,E1C,003,30,90,45,60,90
RDI,A048,CD SARANDI NAVE 1,General,E1C001.30A,Estantería,1,1,E1C,001,30,90,45,60,90
RDI,A048,CD SARANDI NAVE 1,General,E1C034.30A,Estantería,1,1,E1C,034,30,90,45,60,90
RDI,A048,CD SARANDI NAVE 1,General,E1C032.30A,Estantería,1,1,E1C,032,30,90,45,60,90
RDI,A048,CD SARANDI NAVE 1,General,E1C030.30A,Estantería,1,1,E1C,030,30,90,45,60,90
RDI,A048,CD SARANDI NAVE 1,General,E1C028.30A,Estantería,1,1,E1C,028,30,90,45,60,90
RDI,A048,CD SARANDI NAVE 1,General,E1C026.30A,Estantería,1,1,E1C,026,30,90,45,60,90
RDI,A048,CD SARANDI NAVE 1,General,E1C024.30A,Estantería,1,1,E1C,024,30,90,45,60,90
RDI,A048,CD SARANDI NAVE 1,General,E1C022.30A,Estantería,1,1,E1C,022,30,90,45,60,90
RDI,A048,CD SARANDI NAVE 1,General,E1C020.30A,Estantería,1,1,E1C,020,30,90,45,60,90
RDI,A048,CD SARANDI NAVE 1,General,E1C018.30A,Estantería,1,1,E1C,018,30,90,45,60,90
RDI,A048,CD SARANDI NAVE 1,General,E1C016.30A,Estantería,1,1,E1C,016,30,90,45,60,90
RDI,A048,CD SARANDI NAVE 1,General,E1C014.30A,Estantería,1,1,E1C,014,30,90,45,60,90
RDI,A048,CD SARANDI NAVE 1,General,E1C012.30A,Estantería,1,1,E1C,012,30,90,45,60,90
RDI,A048,CD SARANDI NAVE 1,General,E1C010.30A,Estantería,1,1,E1C,010,30,90,45,60,90
RDI,A048,CD SARANDI NAVE 1,General,E1C008.30A,Estantería,1,1,E1C,008,30,90,45,60,90
RDI,A048,CD SARANDI NAVE 1,General,E1C006.30A,Estantería,1,1,E1C,006,30,90,45,60,90
RDI,A048,CD SARANDI NAVE 1,General,E1C004.30A,Estantería,1,1,E1C,004,30,90,45,60,90
RDI,A048,CD SARANDI NAVE 1,General,E1C002.30A,Estantería,1,1,E1C,002,30,90,45,60,90
RDI,A048,CD SARANDI NAVE 1,General,E1D033.30A,Estantería,1,1,E1D,033,30,90,45,60,90
RDI,A048,CD SARANDI NAVE 1,General,E1D031.30A,Estantería,1,1,E1D,031,30,90,45,60,90
RDI,A048,CD SARANDI NAVE 1,General,E1D029.30A,Estantería,1,1,E1D,029,30,90,45,60,90
RDI,A048,CD SARANDI NAVE 1,General,E1D027.30A,Estantería,1,1,E1D,027,30,90,45,60,90
RDI,A048,CD SARANDI NAVE 1,General,E1D025.30A,Estantería,1,1,E1D,025,30,90,45,60,90
RDI,A048,CD SARANDI NAVE 1,General,E1D023.30A,Estantería,1,1,E1D,023,30,90,45,60,90
RDI,A048,CD SARANDI NAVE 1,General,E1D021.30A,Estantería,1,1,E1D,021,30,90,45,60,90
RDI,A048,CD SARANDI NAVE 1,General,E1D019.30A,Estantería,1,1,E1D,019,30,90,45,60,90
RDI,A048,CD SARANDI NAVE 1,General,E1D017.30A,Estantería,1,1,E1D,017,30,90,45,60,90
RDI,A048,CD SARANDI NAVE 1,General,E1D015.30A,Estantería,1,1,E1D,015,30,90,45,60,90
RDI,A048,CD SARANDI NAVE 1,General,E1D013.30A,Estantería,1,1,E1D,013,30,90,45,60,90
RDI,A048,CD SARANDI NAVE 1,General,E1D011.30A,Estantería,1,1,E1D,011,30,90,45,60,90
RDI,A048,CD SARANDI NAVE 1,General,E1D009.30A,Estantería,1,1,E1D,009,30,90,45,60,90
RDI,A048,CD SARANDI NAVE 1,General,E1D007.30A,Estantería,1,1,E1D,007,30,90,45,60,90
RDI,A048,CD SARANDI NAVE 1,General,E1D005.30A,Estantería,1,1,E1D,005,30,90,45,60,90
RDI,A048,CD SARANDI NAVE 1,General,E1D003.30A,Estantería,1,1,E1D,003,30,90,45,60,90
RDI,A048,CD SARANDI NAVE 1,General,E1D001.30A,Estantería,1,1,E1D,001,30,90,45,60,90
RDI,A048,CD SARANDI NAVE 1,General,E1D034.30A,Estantería,1,1,E1D,034,30,90,45,60,90
RDI,A048,CD SARANDI NAVE 1,General,E1D032.30A,Estantería,1,1,E1D,032,30,90,45,60,90
RDI,A048,CD SARANDI NAVE 1,General,E1D030.30A,Estantería,1,1,E1D,030,30,90,45,60,90
RDI,A048,CD SARANDI NAVE 1,General,E1D028.30A,Estantería,1,1,E1D,028,30,90,45,60,90
RDI,A048,CD SARANDI NAVE 1,General,E1D026.30A,Estantería,1,1,E1D,026,30,90,45,60,90
RDI,A048,CD SARANDI NAVE 1,General,E1D024.30A,Estantería,1,1,E1D,024,30,90,45,60,90
RDI,A048,CD SARANDI NAVE 1,General,E1D022.30A,Estantería,1,1,E1D,022,30,90,45,60,90
RDI,A048,CD SARANDI NAVE 1,General,E1D020.30A,Estantería,1,1,E1D,020,30,90,45,60,90
RDI,A048,CD SARANDI NAVE 1,General,E1D018.30A,Estantería,1,1,E1D,018,30,90,45,60,90
RDI,A048,CD SARANDI NAVE 1,General,E1D016.30A,Estantería,1,1,E1D,016,30,90,45,60,90
RDI,A048,CD SARANDI NAVE 1,General,E1D014.30A,Estantería,1,1,E1D,014,30,90,45,60,90
RDI,A048,CD SARANDI NAVE 1,General,E1D012.30A,Estantería,1,1,E1D,012,30,90,45,60,90
RDI,A048,CD SARANDI NAVE 1,General,E1D010.30A,Estantería,1,1,E1D,010,30,90,45,60,90
RDI,A048,CD SARANDI NAVE 1,General,E1D008.30A,Estantería,1,1,E1D,008,30,90,45,60,90
RDI,A048,CD SARANDI NAVE 1,General,E1D006.30A,Estantería,1,1,E1D,006,30,90,45,60,90
RDI,A048,CD SARANDI NAVE 1,General,E1D004.30A,Estantería,1,1,E1D,004,30,90,45,60,90
RDI,A048,CD SARANDI NAVE 1,General,E1D002.30A,Estantería,1,1,E1D,002,30,90,45,60,90
RDI,A048,CD SARANDI NAVE 1,General,E1E033.30A,Estantería,1,1,E1E,033,30,90,45,60,90
RDI,A048,CD SARANDI NAVE 1,General,E1E031.30A,Estantería,1,1,E1E,031,30,90,45,60,90
RDI,A048,CD SARANDI NAVE 1,General,E1E029.30A,Estantería,1,1,E1E,029,30,90,45,60,90
RDI,A048,CD SARANDI NAVE 1,General,E1E027.30A,Estantería,1,1,E1E,027,30,90,45,60,90
RDI,A048,CD SARANDI NAVE 1,General,E1E025.30A,Estantería,1,1,E1E,025,30,90,45,60,90
RDI,A048,CD SARANDI NAVE 1,General,E1E023.30A,Estantería,1,1,E1E,023,30,90,45,60,90
RDI,A048,CD SARANDI NAVE 1,General,E1E021.30A,Estantería,1,1,E1E,021,30,90,45,60,90
RDI,A048,CD SARANDI NAVE 1,General,E1E019.30A,Estantería,1,1,E1E,019,30,90,45,60,90
RDI,A048,CD SARANDI NAVE 1,General,E1E017.30A,Estantería,1,1,E1E,017,30,90,45,60,90
RDI,A048,CD SARANDI NAVE 1,General,E1E015.30A,Estantería,1,1,E1E,015,30,90,45,60,90
RDI,A048,CD SARANDI NAVE 1,General,E1E013.30A,Estantería,1,1,E1E,013,30,90,45,60,90
RDI,A048,CD SARANDI NAVE 1,General,E1E011.30A,Estantería,1,1,E1E,011,30,90,45,60,90
RDI,A048,CD SARANDI NAVE 1,General,E1E009.30A,Estantería,1,1,E1E,009,30,90,45,60,90
RDI,A048,CD SARANDI NAVE 1,General,E1E007.30A,Estantería,1,1,E1E,007,30,90,45,60,90
RDI,A048,CD SARANDI NAVE 1,General,E1E005.30A,Estantería,1,1,E1E,005,30,90,45,60,90
RDI,A048,CD SARANDI NAVE 1,General,E1E003.30A,Estantería,1,1,E1E,003,30,90,45,60,90
RDI,A048,CD SARANDI NAVE 1,General,E1E001.30A,Estantería,1,1,E1E,001,30,90,45,60,90
RDI,A048,CD SARANDI NAVE 1,General,E1E034.30A,Estantería,1,1,E1E,034,30,90,45,60,90
RDI,A048,CD SARANDI NAVE 1,General,E1E032.30A,Estantería,1,1,E1E,032,30,90,45,60,90
RDI,A048,CD SARANDI NAVE 1,General,E1E030.30A,Estantería,1,1,E1E,030,30,90,45,60,90
RDI,A048,CD SARANDI NAVE 1,General,E1E028.30A,Estantería,1,1,E1E,028,30,90,45,60,90
RDI,A048,CD SARANDI NAVE 1,General,E1E026.30A,Estantería,1,1,E1E,026,30,90,45,60,90
RDI,A048,CD SARANDI NAVE 1,General,E1E024.30A,Estantería,1,1,E1E,024,30,90,45,60,90
RDI,A048,CD SARANDI NAVE 1,General,E1E022.30A,Estantería,1,1,E1E,022,30,90,45,60,90
RDI,A048,CD SARANDI NAVE 1,General,E1E020.30A,Estantería,1,1,E1E,020,30,90,45,60,90
RDI,A048,CD SARANDI NAVE 1,General,E1E018.30A,Estantería,1,1,E1E,018,30,90,45,60,90
RDI,A048,CD SARANDI NAVE 1,General,E1E016.30A,Estantería,1,1,E1E,016,30,90,45,60,90
RDI,A048,CD SARANDI NAVE 1,General,E1E014.30A,Estantería,1,1,E1E,014,30,90,45,60,90
RDI,A048,CD SARANDI NAVE 1,General,E1E012.30A,Estantería,1,1,E1E,012,30,90,45,60,90
RDI,A048,CD SARANDI NAVE 1,General,E1E010.30A,Estantería,1,1,E1E,010,30,90,45,60,90
RDI,A048,CD SARANDI NAVE 1,General,E1E008.30A,Estantería,1,1,E1E,008,30,90,45,60,90
RDI,A048,CD SARANDI NAVE 1,General,E1E006.30A,Estantería,1,1,E1E,006,30,90,45,60,90
RDI,A048,CD SARANDI NAVE 1,General,E1E004.30A,Estantería,1,1,E1E,004,30,90,45,60,90
RDI,A048,CD SARANDI NAVE 1,General,E1E002.30A,Estantería,1,1,E1E,002,30,90,45,60,90
RDI,A048,CD SARANDI NAVE 1,General,E1F033.30A,Estantería,1,1,E1F,033,30,90,45,60,90
RDI,A048,CD SARANDI NAVE 1,General,E1F031.30A,Estantería,1,1,E1F,031,30,90,45,60,90
RDI,A048,CD SARANDI NAVE 1,General,E1F029.30A,Estantería,1,1,E1F,029,30,90,45,60,90
RDI,A048,CD SARANDI NAVE 1,General,E1F027.30A,Estantería,1,1,E1F,027,30,90,45,60,90
RDI,A048,CD SARANDI NAVE 1,General,E1F025.30A,Estantería,1,1,E1F,025,30,90,45,60,90
RDI,A048,CD SARANDI NAVE 1,General,E1F023.30A,Estantería,1,1,E1F,023,30,90,45,60,90
RDI,A048,CD SARANDI NAVE 1,General,E1F021.30A,Estantería,1,1,E1F,021,30,90,45,60,90
RDI,A048,CD SARANDI NAVE 1,General,E1F019.30A,Estantería,1,1,E1F,019,30,90,45,60,90
RDI,A048,CD SARANDI NAVE 1,General,E1F017.30A,Estantería,1,1,E1F,017,30,90,45,60,90
RDI,A048,CD SARANDI NAVE 1,General,E1F015.30A,Estantería,1,1,E1F,015,30,90,45,60,90
RDI,A048,CD SARANDI NAVE 1,General,E1F013.30A,Estantería,1,1,E1F,013,30,90,45,60,90
RDI,A048,CD SARANDI NAVE 1,General,E1F011.30A,Estantería,1,1,E1F,011,30,90,45,60,90
RDI,A048,CD SARANDI NAVE 1,General,E1F009.30A,Estantería,1,1,E1F,009,30,90,45,60,90
RDI,A048,CD SARANDI NAVE 1,General,E1F007.30A,Estantería,1,1,E1F,007,30,90,45,60,90
RDI,A048,CD SARANDI NAVE 1,General,E1F005.30A,Estantería,1,1,E1F,005,30,90,45,60,90
RDI,A048,CD SARANDI NAVE 1,General,E1F003.30A,Estantería,1,1,E1F,003,30,90,45,60,90
RDI,A048,CD SARANDI NAVE 1,General,E1F001.30A,Estantería,1,1,E1F,001,30,90,45,60,90
RDI,A048,CD SARANDI NAVE 1,General,E1F034.30A,Estantería,1,1,E1F,034,30,90,45,60,90
RDI,A048,CD SARANDI NAVE 1,General,E1F032.30A,Estantería,1,1,E1F,032,30,90,45,60,90
RDI,A048,CD SARANDI NAVE 1,General,E1F030.30A,Estantería,1,1,E1F,030,30,90,45,60,90
RDI,A048,CD SARANDI NAVE 1,General,E1F028.30A,Estantería,1,1,E1F,028,30,90,45,60,90
RDI,A048,CD SARANDI NAVE 1,General,E1F026.30A,Estantería,1,1,E1F,026,30,90,45,60,90
RDI,A048,CD SARANDI NAVE 1,General,E1F024.30A,Estantería,1,1,E1F,024,30,90,45,60,90
RDI,A048,CD SARANDI NAVE 1,General,E1F022.30A,Estantería,1,1,E1F,022,30,90,45,60,90
RDI,A048,CD SARANDI NAVE 1,General,E1F020.30A,Estantería,1,1,E1F,020,30,90,45,60,90
RDI,A048,CD SARANDI NAVE 1,General,E1F018.30A,Estantería,1,1,E1F,018,30,90,45,60,90
RDI,A048,CD SARANDI NAVE 1,General,E1F016.30A,Estantería,1,1,E1F,016,30,90,45,60,90
RDI,A048,CD SARANDI NAVE 1,General,E1F014.30A,Estantería,1,1,E1F,014,30,90,45,60,90
RDI,A048,CD SARANDI NAVE 1,General,E1F012.30A,Estantería,1,1,E1F,012,30,90,45,60,90
RDI,A048,CD SARANDI NAVE 1,General,E1F010.30A,Estantería,1,1,E1F,010,30,90,45,60,90
RDI,A048,CD SARANDI NAVE 1,General,E1F008.30A,Estantería,1,1,E1F,008,30,90,45,60,90
RDI,A048,CD SARANDI NAVE 1,General,E1F006.30A,Estantería,1,1,E1F,006,30,90,45,60,90
RDI,A048,CD SARANDI NAVE 1,General,E1F004.30A,Estantería,1,1,E1F,004,30,90,45,60,90
RDI,A048,CD SARANDI NAVE 1,General,E1F002.30A,Estantería,1,1,E1F,002,30,90,45,60,90
RDI,A048,CD SARANDI NAVE 1,General,E1G033.30A,Estantería,1,1,E1G,033,30,90,45,60,90
RDI,A048,CD SARANDI NAVE 1,General,E1G031.30A,Estantería,1,1,E1G,031,30,90,45,60,90
RDI,A048,CD SARANDI NAVE 1,General,E1G029.30A,Estantería,1,1,E1G,029,30,90,45,60,90
RDI,A048,CD SARANDI NAVE 1,General,E1G027.30A,Estantería,1,1,E1G,027,30,90,45,60,90
RDI,A048,CD SARANDI NAVE 1,General,E1G025.30A,Estantería,1,1,E1G,025,30,90,45,60,90
RDI,A048,CD SARANDI NAVE 1,General,E1G023.30A,Estantería,1,1,E1G,023,30,90,45,60,90
RDI,A048,CD SARANDI NAVE 1,General,E1G021.30A,Estantería,1,1,E1G,021,30,90,45,60,90
RDI,A048,CD SARANDI NAVE 1,General,E1G019.30A,Estantería,1,1,E1G,019,30,90,45,60,90
RDI,A048,CD SARANDI NAVE 1,General,E1G017.30A,Estantería,1,1,E1G,017,30,90,45,60,90
RDI,A048,CD SARANDI NAVE 1,General,E1G015.30A,Estantería,1,1,E1G,015,30,90,45,60,90
RDI,A048,CD SARANDI NAVE 1,General,E1G013.30A,Estantería,1,1,E1G,013,30,90,45,60,90
RDI,A048,CD SARANDI NAVE 1,General,E1G011.30A,Estantería,1,1,E1G,011,30,90,45,60,90
RDI,A048,CD SARANDI NAVE 1,General,E1G009.30A,Estantería,1,1,E1G,009,30,90,45,60,90
RDI,A048,CD SARANDI NAVE 1,General,E1G007.30A,Estantería,1,1,E1G,007,30,90,45,60,90
RDI,A048,CD SARANDI NAVE 1,General,E1G005.30A,Estantería,1,1,E1G,005,30,90,45,60,90
RDI,A048,CD SARANDI NAVE 1,General,E1G003.30A,Estantería,1,1,E1G,003,30,90,45,60,90
RDI,A048,CD SARANDI NAVE 1,General,E1G001.30A,Estantería,1,1,E1G,001,30,90,45,60,90
RDI,A048,CD SARANDI NAVE 1,General,E1G034.30A,Estantería,1,1,E1G,034,30,90,45,60,90
RDI,A048,CD SARANDI NAVE 1,General,E1G032.30A,Estantería,1,1,E1G,032,30,90,45,60,90
RDI,A048,CD SARANDI NAVE 1,General,E1G030.30A,Estantería,1,1,E1G,030,30,90,45,60,90
RDI,A048,CD SARANDI NAVE 1,General,E1G028.30A,Estantería,1,1,E1G,028,30,90,45,60,90
RDI,A048,CD SARANDI NAVE 1,General,E1G026.30A,Estantería,1,1,E1G,026,30,90,45,60,90
RDI,A048,CD SARANDI NAVE 1,General,E1G024.30A,Estantería,1,1,E1G,024,30,90,45,60,90
RDI,A048,CD SARANDI NAVE 1,General,E1G022.30A,Estantería,1,1,E1G,022,30,90,45,60,90
RDI,A048,CD SARANDI NAVE 1,General,E1G020.30A,Estantería,1,1,E1G,020,30,90,45,60,90
RDI,A048,CD SARANDI NAVE 1,General,E1G018.30A,Estantería,1,1,E1G,018,30,90,45,60,90
RDI,A048,CD SARANDI NAVE 1,General,E1G016.30A,Estantería,1,1,E1G,016,30,90,45,60,90
RDI,A048,CD SARANDI NAVE 1,General,E1G014.30A,Estantería,1,1,E1G,014,30,90,45,60,90
RDI,A048,CD SARANDI NAVE 1,General,E1G012.30A,Estantería,1,1,E1G,012,30,90,45,60,90
RDI,A048,CD SARANDI NAVE 1,General,E1G010.30A,Estantería,1,1,E1G,010,30,90,45,60,90
RDI,A048,CD SARANDI NAVE 1,General,E1G008.30A,Estantería,1,1,E1G,008,30,90,45,60,90
RDI,A048,CD SARANDI NAVE 1,General,E1G006.30A,Estantería,1,1,E1G,006,30,90,45,60,90
RDI,A048,CD SARANDI NAVE 1,General,E1G004.30A,Estantería,1,1,E1G,004,30,90,45,60,90
RDI,A048,CD SARANDI NAVE 1,General,E1G002.30A,Estantería,1,1,E1G,002,30,90,45,60,90
RDI,A048,CD SARANDI NAVE 1,General,E1A033.40A,Estantería,1,1,E1A,033,40,90,45,60,90
RDI,A048,CD SARANDI NAVE 1,General,E1A031.40A,Estantería,1,1,E1A,031,40,90,45,60,90
RDI,A048,CD SARANDI NAVE 1,General,E1A029.40A,Estantería,1,1,E1A,029,40,90,45,60,90
RDI,A048,CD SARANDI NAVE 1,General,E1A027.40A,Estantería,1,1,E1A,027,40,90,45,60,90
RDI,A048,CD SARANDI NAVE 1,General,E1A025.40A,Estantería,1,1,E1A,025,40,90,45,60,90
RDI,A048,CD SARANDI NAVE 1,General,E1A023.40A,Estantería,1,1,E1A,023,40,90,45,60,90
RDI,A048,CD SARANDI NAVE 1,General,E1A021.40A,Estantería,1,1,E1A,021,40,90,45,60,90
RDI,A048,CD SARANDI NAVE 1,General,E1A019.40A,Estantería,1,1,E1A,019,40,90,45,60,90
RDI,A048,CD SARANDI NAVE 1,General,E1A017.40A,Estantería,1,1,E1A,017,40,90,45,60,90
RDI,A048,CD SARANDI NAVE 1,General,E1A015.40A,Estantería,1,1,E1A,015,40,90,45,60,90
RDI,A048,CD SARANDI NAVE 1,General,E1A013.40A,Estantería,1,1,E1A,013,40,90,45,60,90
RDI,A048,CD SARANDI NAVE 1,General,E1A011.40A,Estantería,1,1,E1A,011,40,90,45,60,90
RDI,A048,CD SARANDI NAVE 1,General,E1A009.40A,Estantería,1,1,E1A,009,40,90,45,60,90
RDI,A048,CD SARANDI NAVE 1,General,E1A007.40A,Estantería,1,1,E1A,007,40,90,45,60,90
RDI,A048,CD SARANDI NAVE 1,General,E1A005.40A,Estantería,1,1,E1A,005,40,90,45,60,90
RDI,A048,CD SARANDI NAVE 1,General,E1A003.40A,Estantería,1,1,E1A,003,40,90,45,60,90
RDI,A048,CD SARANDI NAVE 1,General,E1A001.40A,Estantería,1,1,E1A,001,40,90,45,60,90
RDI,A048,CD SARANDI NAVE 1,General,E1A034.40A,Estantería,1,1,E1A,034,40,90,45,60,90
RDI,A048,CD SARANDI NAVE 1,General,E1A032.40A,Estantería,1,1,E1A,032,40,90,45,60,90
RDI,A048,CD SARANDI NAVE 1,General,E1A030.40A,Estantería,1,1,E1A,030,40,90,45,60,90
RDI,A048,CD SARANDI NAVE 1,General,E1A028.40A,Estantería,1,1,E1A,028,40,90,45,60,90
RDI,A048,CD SARANDI NAVE 1,General,E1A026.40A,Estantería,1,1,E1A,026,40,90,45,60,90
RDI,A048,CD SARANDI NAVE 1,General,E1A024.40A,Estantería,1,1,E1A,024,40,90,45,60,90
RDI,A048,CD SARANDI NAVE 1,General,E1A022.40A,Estantería,1,1,E1A,022,40,90,45,60,90
RDI,A048,CD SARANDI NAVE 1,General,E1A020.40A,Estantería,1,1,E1A,020,40,90,45,60,90
RDI,A048,CD SARANDI NAVE 1,General,E1A018.40A,Estantería,1,1,E1A,018,40,90,45,60,90
RDI,A048,CD SARANDI NAVE 1,General,E1A016.40A,Estantería,1,1,E1A,016,40,90,45,60,90
RDI,A048,CD SARANDI NAVE 1,General,E1A014.40A,Estantería,1,1,E1A,014,40,90,45,60,90
RDI,A048,CD SARANDI NAVE 1,General,E1A012.40A,Estantería,1,1,E1A,012,40,90,45,60,90
RDI,A048,CD SARANDI NAVE 1,General,E1A010.40A,Estantería,1,1,E1A,010,40,90,45,60,90
RDI,A048,CD SARANDI NAVE 1,General,E1A008.40A,Estantería,1,1,E1A,008,40,90,45,60,90
RDI,A048,CD SARANDI NAVE 1,General,E1A006.40A,Estantería,1,1,E1A,006,40,90,45,60,90
RDI,A048,CD SARANDI NAVE 1,General,E1A004.40A,Estantería,1,1,E1A,004,40,90,45,60,90
RDI,A048,CD SARANDI NAVE 1,General,E1A002.40A,Estantería,1,1,E1A,002,40,90,45,60,90
RDI,A048,CD SARANDI NAVE 1,General,E1B033.40A,Estantería,1,1,E1B,033,40,90,45,60,90
RDI,A048,CD SARANDI NAVE 1,General,E1B031.40A,Estantería,1,1,E1B,031,40,90,45,60,90
RDI,A048,CD SARANDI NAVE 1,General,E1B029.40A,Estantería,1,1,E1B,029,40,90,45,60,90
RDI,A048,CD SARANDI NAVE 1,General,E1B027.40A,Estantería,1,1,E1B,027,40,90,45,60,90
RDI,A048,CD SARANDI NAVE 1,General,E1B025.40A,Estantería,1,1,E1B,025,40,90,45,60,90
RDI,A048,CD SARANDI NAVE 1,General,E1B023.40A,Estantería,1,1,E1B,023,40,90,45,60,90
RDI,A048,CD SARANDI NAVE 1,General,E1B021.40A,Estantería,1,1,E1B,021,40,90,45,60,90
RDI,A048,CD SARANDI NAVE 1,General,E1B019.40A,Estantería,1,1,E1B,019,40,90,45,60,90
RDI,A048,CD SARANDI NAVE 1,General,E1B017.40A,Estantería,1,1,E1B,017,40,90,45,60,90
RDI,A048,CD SARANDI NAVE 1,General,E1B015.40A,Estantería,1,1,E1B,015,40,90,45,60,90
RDI,A048,CD SARANDI NAVE 1,General,E1B013.40A,Estantería,1,1,E1B,013,40,90,45,60,90
RDI,A048,CD SARANDI NAVE 1,General,E1B011.40A,Estantería,1,1,E1B,011,40,90,45,60,90
RDI,A048,CD SARANDI NAVE 1,General,E1B009.40A,Estantería,1,1,E1B,009,40,90,45,60,90
RDI,A048,CD SARANDI NAVE 1,General,E1B007.40A,Estantería,1,1,E1B,007,40,90,45,60,90
RDI,A048,CD SARANDI NAVE 1,General,E1B005.40A,Estantería,1,1,E1B,005,40,90,45,60,90
RDI,A048,CD SARANDI NAVE 1,General,E1B003.40A,Estantería,1,1,E1B,003,40,90,45,60,90
RDI,A048,CD SARANDI NAVE 1,General,E1B001.40A,Estantería,1,1,E1B,001,40,90,45,60,90
RDI,A048,CD SARANDI NAVE 1,General,E1B034.40A,Estantería,1,1,E1B,034,40,90,45,60,90
RDI,A048,CD SARANDI NAVE 1,General,E1B032.40A,Estantería,1,1,E1B,032,40,90,45,60,90
RDI,A048,CD SARANDI NAVE 1,General,E1B030.40A,Estantería,1,1,E1B,030,40,90,45,60,90
RDI,A048,CD SARANDI NAVE 1,General,E1B028.40A,Estantería,1,1,E1B,028,40,90,45,60,90
RDI,A048,CD SARANDI NAVE 1,General,E1B026.40A,Estantería,1,1,E1B,026,40,90,45,60,90
RDI,A048,CD SARANDI NAVE 1,General,E1B024.40A,Estantería,1,1,E1B,024,40,90,45,60,90
RDI,A048,CD SARANDI NAVE 1,General,E1B022.40A,Estantería,1,1,E1B,022,40,90,45,60,90
RDI,A048,CD SARANDI NAVE 1,General,E1B020.40A,Estantería,1,1,E1B,020,40,90,45,60,90
RDI,A048,CD SARANDI NAVE 1,General,E1B018.40A,Estantería,1,1,E1B,018,40,90,45,60,90
RDI,A048,CD SARANDI NAVE 1,General,E1B016.40A,Estantería,1,1,E1B,016,40,90,45,60,90
RDI,A048,CD SARANDI NAVE 1,General,E1B014.40A,Estantería,1,1,E1B,014,40,90,45,60,90
RDI,A048,CD SARANDI NAVE 1,General,E1B012.40A,Estantería,1,1,E1B,012,40,90,45,60,90
RDI,A048,CD SARANDI NAVE 1,General,E1B010.40A,Estantería,1,1,E1B,010,40,90,45,60,90
RDI,A048,CD SARANDI NAVE 1,General,E1B008.40A,Estantería,1,1,E1B,008,40,90,45,60,90
RDI,A048,CD SARANDI NAVE 1,General,E1B006.40A,Estantería,1,1,E1B,006,40,90,45,60,90
RDI,A048,CD SARANDI NAVE 1,General,E1B004.40A,Estantería,1,1,E1B,004,40,90,45,60,90
RDI,A048,CD SARANDI NAVE 1,General,E1B002.40A,Estantería,1,1,E1B,002,40,90,45,60,90
RDI,A048,CD SARANDI NAVE 1,General,E1C033.40A,Estantería,1,1,E1C,033,40,90,45,60,90
RDI,A048,CD SARANDI NAVE 1,General,E1C031.40A,Estantería,1,1,E1C,031,40,90,45,60,90
RDI,A048,CD SARANDI NAVE 1,General,E1C029.40A,Estantería,1,1,E1C,029,40,90,45,60,90
RDI,A048,CD SARANDI NAVE 1,General,E1C027.40A,Estantería,1,1,E1C,027,40,90,45,60,90
RDI,A048,CD SARANDI NAVE 1,General,E1C025.40A,Estantería,1,1,E1C,025,40,90,45,60,90
RDI,A048,CD SARANDI NAVE 1,General,E1C023.40A,Estantería,1,1,E1C,023,40,90,45,60,90
RDI,A048,CD SARANDI NAVE 1,General,E1C021.40A,Estantería,1,1,E1C,021,40,90,45,60,90
RDI,A048,CD SARANDI NAVE 1,General,E1C019.40A,Estantería,1,1,E1C,019,40,90,45,60,90
RDI,A048,CD SARANDI NAVE 1,General,E1C017.40A,Estantería,1,1,E1C,017,40,90,45,60,90
RDI,A048,CD SARANDI NAVE 1,General,E1C015.40A,Estantería,1,1,E1C,015,40,90,45,60,90
RDI,A048,CD SARANDI NAVE 1,General,E1C013.40A,Estantería,1,1,E1C,013,40,90,45,60,90
RDI,A048,CD SARANDI NAVE 1,General,E1C011.40A,Estantería,1,1,E1C,011,40,90,45,60,90
RDI,A048,CD SARANDI NAVE 1,General,E1C009.40A,Estantería,1,1,E1C,009,40,90,45,60,90
RDI,A048,CD SARANDI NAVE 1,General,E1C007.40A,Estantería,1,1,E1C,007,40,90,45,60,90
RDI,A048,CD SARANDI NAVE 1,General,E1C005.40A,Estantería,1,1,E1C,005,40,90,45,60,90
RDI,A048,CD SARANDI NAVE 1,General,E1C003.40A,Estantería,1,1,E1C,003,40,90,45,60,90
RDI,A048,CD SARANDI NAVE 1,General,E1C001.40A,Estantería,1,1,E1C,001,40,90,45,60,90
RDI,A048,CD SARANDI NAVE 1,General,E1C034.40A,Estantería,1,1,E1C,034,40,90,45,60,90
RDI,A048,CD SARANDI NAVE 1,General,E1C032.40A,Estantería,1,1,E1C,032,40,90,45,60,90
RDI,A048,CD SARANDI NAVE 1,General,E1C030.40A,Estantería,1,1,E1C,030,40,90,45,60,90
RDI,A048,CD SARANDI NAVE 1,General,E1C028.40A,Estantería,1,1,E1C,028,40,90,45,60,90
RDI,A048,CD SARANDI NAVE 1,General,E1C026.40A,Estantería,1,1,E1C,026,40,90,45,60,90
RDI,A048,CD SARANDI NAVE 1,General,E1C024.40A,Estantería,1,1,E1C,024,40,90,45,60,90
RDI,A048,CD SARANDI NAVE 1,General,E1C022.40A,Estantería,1,1,E1C,022,40,90,45,60,90
RDI,A048,CD SARANDI NAVE 1,General,E1C020.40A,Estantería,1,1,E1C,020,40,90,45,60,90
RDI,A048,CD SARANDI NAVE 1,General,E1C018.40A,Estantería,1,1,E1C,018,40,90,45,60,90
RDI,A048,CD SARANDI NAVE 1,General,E1C016.40A,Estantería,1,1,E1C,016,40,90,45,60,90
RDI,A048,CD SARANDI NAVE 1,General,E1C014.40A,Estantería,1,1,E1C,014,40,90,45,60,90
RDI,A048,CD SARANDI NAVE 1,General,E1C012.40A,Estantería,1,1,E1C,012,40,90,45,60,90
RDI,A048,CD SARANDI NAVE 1,General,E1C010.40A,Estantería,1,1,E1C,010,40,90,45,60,90
RDI,A048,CD SARANDI NAVE 1,General,E1C008.40A,Estantería,1,1,E1C,008,40,90,45,60,90
RDI,A048,CD SARANDI NAVE 1,General,E1C006.40A,Estantería,1,1,E1C,006,40,90,45,60,90
RDI,A048,CD SARANDI NAVE 1,General,E1C004.40A,Estantería,1,1,E1C,004,40,90,45,60,90
RDI,A048,CD SARANDI NAVE 1,General,E1C002.40A,Estantería,1,1,E1C,002,40,90,45,60,90
RDI,A048,CD SARANDI NAVE 1,General,E1D033.40A,Estantería,1,1,E1D,033,40,90,45,60,90
RDI,A048,CD SARANDI NAVE 1,General,E1D031.40A,Estantería,1,1,E1D,031,40,90,45,60,90
RDI,A048,CD SARANDI NAVE 1,General,E1D029.40A,Estantería,1,1,E1D,029,40,90,45,60,90
RDI,A048,CD SARANDI NAVE 1,General,E1D027.40A,Estantería,1,1,E1D,027,40,90,45,60,90
RDI,A048,CD SARANDI NAVE 1,General,E1D025.40A,Estantería,1,1,E1D,025,40,90,45,60,90
RDI,A048,CD SARANDI NAVE 1,General,E1D023.40A,Estantería,1,1,E1D,023,40,90,45,60,90
RDI,A048,CD SARANDI NAVE 1,General,E1D021.40A,Estantería,1,1,E1D,021,40,90,45,60,90
RDI,A048,CD SARANDI NAVE 1,General,E1D019.40A,Estantería,1,1,E1D,019,40,90,45,60,90
RDI,A048,CD SARANDI NAVE 1,General,E1D017.40A,Estantería,1,1,E1D,017,40,90,45,60,90
RDI,A048,CD SARANDI NAVE 1,General,E1D015.40A,Estantería,1,1,E1D,015,40,90,45,60,90
RDI,A048,CD SARANDI NAVE 1,General,E1D013.40A,Estantería,1,1,E1D,013,40,90,45,60,90
RDI,A048,CD SARANDI NAVE 1,General,E1D011.40A,Estantería,1,1,E1D,011,40,90,45,60,90
RDI,A048,CD SARANDI NAVE 1,General,E1D009.40A,Estantería,1,1,E1D,009,40,90,45,60,90
RDI,A048,CD SARANDI NAVE 1,General,E1D007.40A,Estantería,1,1,E1D,007,40,90,45,60,90
RDI,A048,CD SARANDI NAVE 1,General,E1D005.40A,Estantería,1,1,E1D,005,40,90,45,60,90
RDI,A048,CD SARANDI NAVE 1,General,E1D003.40A,Estantería,1,1,E1D,003,40,90,45,60,90
RDI,A048,CD SARANDI NAVE 1,General,E1D001.40A,Estantería,1,1,E1D,001,40,90,45,60,90
RDI,A048,CD SARANDI NAVE 1,General,E1D034.40A,Estantería,1,1,E1D,034,40,90,45,60,90
RDI,A048,CD SARANDI NAVE 1,General,E1D032.40A,Estantería,1,1,E1D,032,40,90,45,60,90
RDI,A048,CD SARANDI NAVE 1,General,E1D030.40A,Estantería,1,1,E1D,030,40,90,45,60,90
RDI,A048,CD SARANDI NAVE 1,General,E1D028.40A,Estantería,1,1,E1D,028,40,90,45,60,90
RDI,A048,CD SARANDI NAVE 1,General,E1D026.40A,Estantería,1,1,E1D,026,40,90,45,60,90
RDI,A048,CD SARANDI NAVE 1,General,E1D024.40A,Estantería,1,1,E1D,024,40,90,45,60,90
RDI,A048,CD SARANDI NAVE 1,General,E1D022.40A,Estantería,1,1,E1D,022,40,90,45,60,90
RDI,A048,CD SARANDI NAVE 1,General,E1D020.40A,Estantería,1,1,E1D,020,40,90,45,60,90
RDI,A048,CD SARANDI NAVE 1,General,E1D018.40A,Estantería,1,1,E1D,018,40,90,45,60,90
RDI,A048,CD SARANDI NAVE 1,General,E1D016.40A,Estantería,1,1,E1D,016,40,90,45,60,90
RDI,A048,CD SARANDI NAVE 1,General,E1D014.40A,Estantería,1,1,E1D,014,40,90,45,60,90
RDI,A048,CD SARANDI NAVE 1,General,E1D012.40A,Estantería,1,1,E1D,012,40,90,45,60,90
RDI,A048,CD SARANDI NAVE 1,General,E1D010.40A,Estantería,1,1,E1D,010,40,90,45,60,90
RDI,A048,CD SARANDI NAVE 1,General,E1D008.40A,Estantería,1,1,E1D,008,40,90,45,60,90
RDI,A048,CD SARANDI NAVE 1,General,E1D006.40A,Estantería,1,1,E1D,006,40,90,45,60,90
RDI,A048,CD SARANDI NAVE 1,General,E1D004.40A,Estantería,1,1,E1D,004,40,90,45,60,90
RDI,A048,CD SARANDI NAVE 1,General,E1D002.40A,Estantería,1,1,E1D,002,40,90,45,60,90
RDI,A048,CD SARANDI NAVE 1,General,E1E033.40A,Estantería,1,1,E1E,033,40,90,45,60,90
RDI,A048,CD SARANDI NAVE 1,General,E1E031.40A,Estantería,1,1,E1E,031,40,90,45,60,90
RDI,A048,CD SARANDI NAVE 1,General,E1E029.40A,Estantería,1,1,E1E,029,40,90,45,60,90
RDI,A048,CD SARANDI NAVE 1,General,E1E027.40A,Estantería,1,1,E1E,027,40,90,45,60,90
RDI,A048,CD SARANDI NAVE 1,General,E1E025.40A,Estantería,1,1,E1E,025,40,90,45,60,90
RDI,A048,CD SARANDI NAVE 1,General,E1E023.40A,Estantería,1,1,E1E,023,40,90,45,60,90
RDI,A048,CD SARANDI NAVE 1,General,E1E021.40A,Estantería,1,1,E1E,021,40,90,45,60,90
RDI,A048,CD SARANDI NAVE 1,General,E1E019.40A,Estantería,1,1,E1E,019,40,90,45,60,90
RDI,A048,CD SARANDI NAVE 1,General,E1E017.40A,Estantería,1,1,E1E,017,40,90,45,60,90
RDI,A048,CD SARANDI NAVE 1,General,E1E015.40A,Estantería,1,1,E1E,015,40,90,45,60,90
RDI,A048,CD SARANDI NAVE 1,General,E1E013.40A,Estantería,1,1,E1E,013,40,90,45,60,90
RDI,A048,CD SARANDI NAVE 1,General,E1E011.40A,Estantería,1,1,E1E,011,40,90,45,60,90
RDI,A048,CD SARANDI NAVE 1,General,E1E009.40A,Estantería,1,1,E1E,009,40,90,45,60,90
RDI,A048,CD SARANDI NAVE 1,General,E1E007.40A,Estantería,1,1,E1E,007,40,90,45,60,90
RDI,A048,CD SARANDI NAVE 1,General,E1E005.40A,Estantería,1,1,E1E,005,40,90,45,60,90
RDI,A048,CD SARANDI NAVE 1,General,E1E003.40A,Estantería,1,1,E1E,003,40,90,45,60,90
RDI,A048,CD SARANDI NAVE 1,General,E1E001.40A,Estantería,1,1,E1E,001,40,90,45,60,90
RDI,A048,CD SARANDI NAVE 1,General,E1E034.40A,Estantería,1,1,E1E,034,40,90,45,60,90
RDI,A048,CD SARANDI NAVE 1,General,E1E032.40A,Estantería,1,1,E1E,032,40,90,45,60,90
RDI,A048,CD SARANDI NAVE 1,General,E1E030.40A,Estantería,1,1,E1E,030,40,90,45,60,90
RDI,A048,CD SARANDI NAVE 1,General,E1E028.40A,Estantería,1,1,E1E,028,40,90,45,60,90
RDI,A048,CD SARANDI NAVE 1,General,E1E026.40A,Estantería,1,1,E1E,026,40,90,45,60,90
RDI,A048,CD SARANDI NAVE 1,General,E1E024.40A,Estantería,1,1,E1E,024,40,90,45,60,90
RDI,A048,CD SARANDI NAVE 1,General,E1E022.40A,Estantería,1,1,E1E,022,40,90,45,60,90
RDI,A048,CD SARANDI NAVE 1,General,E1E020.40A,Estantería,1,1,E1E,020,40,90,45,60,90
RDI,A048,CD SARANDI NAVE 1,General,E1E018.40A,Estantería,1,1,E1E,018,40,90,45,60,90
RDI,A048,CD SARANDI NAVE 1,General,E1E016.40A,Estantería,1,1,E1E,016,40,90,45,60,90
RDI,A048,CD SARANDI NAVE 1,General,E1E014.40A,Estantería,1,1,E1E,014,40,90,45,60,90
RDI,A048,CD SARANDI NAVE 1,General,E1E012.40A,Estantería,1,1,E1E,012,40,90,45,60,90
RDI,A048,CD SARANDI NAVE 1,General,E1E010.40A,Estantería,1,1,E1E,010,40,90,45,60,90
RDI,A048,CD SARANDI NAVE 1,General,E1E008.40A,Estantería,1,1,E1E,008,40,90,45,60,90
RDI,A048,CD SARANDI NAVE 1,General,E1E006.40A,Estantería,1,1,E1E,006,40,90,45,60,90
RDI,A048,CD SARANDI NAVE 1,General,E1E004.40A,Estantería,1,1,E1E,004,40,90,45,60,90
RDI,A048,CD SARANDI NAVE 1,General,E1E002.40A,Estantería,1,1,E1E,002,40,90,45,60,90
RDI,A048,CD SARANDI NAVE 1,General,E1F033.40A,Estantería,1,1,E1F,033,40,90,45,60,90
RDI,A048,CD SARANDI NAVE 1,General,E1F031.40A,Estantería,1,1,E1F,031,40,90,45,60,90
RDI,A048,CD SARANDI NAVE 1,General,E1F029.40A,Estantería,1,1,E1F,029,40,90,45,60,90
RDI,A048,CD SARANDI NAVE 1,General,E1F027.40A,Estantería,1,1,E1F,027,40,90,45,60,90
RDI,A048,CD SARANDI NAVE 1,General,E1F025.40A,Estantería,1,1,E1F,025,40,90,45,60,90
RDI,A048,CD SARANDI NAVE 1,General,E1F023.40A,Estantería,1,1,E1F,023,40,90,45,60,90
RDI,A048,CD SARANDI NAVE 1,General,E1F021.40A,Estantería,1,1,E1F,021,40,90,45,60,90
RDI,A048,CD SARANDI NAVE 1,General,E1F019.40A,Estantería,1,1,E1F,019,40,90,45,60,90
RDI,A048,CD SARANDI NAVE 1,General,E1F017.40A,Estantería,1,1,E1F,017,40,90,45,60,90
RDI,A048,CD SARANDI NAVE 1,General,E1F015.40A,Estantería,1,1,E1F,015,40,90,45,60,90
RDI,A048,CD SARANDI NAVE 1,General,E1F013.40A,Estantería,1,1,E1F,013,40,90,45,60,90
RDI,A048,CD SARANDI NAVE 1,General,E1F011.40A,Estantería,1,1,E1F,011,40,90,45,60,90
RDI,A048,CD SARANDI NAVE 1,General,E1F009.40A,Estantería,1,1,E1F,009,40,90,45,60,90
RDI,A048,CD SARANDI NAVE 1,General,E1F007.40A,Estantería,1,1,E1F,007,40,90,45,60,90
RDI,A048,CD SARANDI NAVE 1,General,E1F005.40A,Estantería,1,1,E1F,005,40,90,45,60,90
RDI,A048,CD SARANDI NAVE 1,General,E1F003.40A,Estantería,1,1,E1F,003,40,90,45,60,90
RDI,A048,CD SARANDI NAVE 1,General,E1F001.40A,Estantería,1,1,E1F,001,40,90,45,60,90
RDI,A048,CD SARANDI NAVE 1,General,E1F034.40A,Estantería,1,1,E1F,034,40,90,45,60,90
RDI,A048,CD SARANDI NAVE 1,General,E1F032.40A,Estantería,1,1,E1F,032,40,90,45,60,90
RDI,A048,CD SARANDI NAVE 1,General,E1F030.40A,Estantería,1,1,E1F,030,40,90,45,60,90
RDI,A048,CD SARANDI NAVE 1,General,E1F028.40A,Estantería,1,1,E1F,028,40,90,45,60,90
RDI,A048,CD SARANDI NAVE 1,General,E1F026.40A,Estantería,1,1,E1F,026,40,90,45,60,90
RDI,A048,CD SARANDI NAVE 1,General,E1F024.40A,Estantería,1,1,E1F,024,40,90,45,60,90
RDI,A048,CD SARANDI NAVE 1,General,E1F022.40A,Estantería,1,1,E1F,022,40,90,45,60,90
RDI,A048,CD SARANDI NAVE 1,General,E1F020.40A,Estantería,1,1,E1F,020,40,90,45,60,90
RDI,A048,CD SARANDI NAVE 1,General,E1F018.40A,Estantería,1,1,E1F,018,40,90,45,60,90
RDI,A048,CD SARANDI NAVE 1,General,E1F016.40A,Estantería,1,1,E1F,016,40,90,45,60,90
RDI,A048,CD SARANDI NAVE 1,General,E1F014.40A,Estantería,1,1,E1F,014,40,90,45,60,90
RDI,A048,CD SARANDI NAVE 1,General,E1F012.40A,Estantería,1,1,E1F,012,40,90,45,60,90
RDI,A048,CD SARANDI NAVE 1,General,E1F010.40A,Estantería,1,1,E1F,010,40,90,45,60,90
RDI,A048,CD SARANDI NAVE 1,General,E1F008.40A,Estantería,1,1,E1F,008,40,90,45,60,90
RDI,A048,CD SARANDI NAVE 1,General,E1F006.40A,Estantería,1,1,E1F,006,40,90,45,60,90
RDI,A048,CD SARANDI NAVE 1,General,E1F004.40A,Estantería,1,1,E1F,004,40,90,45,60,90
RDI,A048,CD SARANDI NAVE 1,General,E1F002.40A,Estantería,1,1,E1F,002,40,90,45,60,90
RDI,A048,CD SARANDI NAVE 1,General,E1G033.40A,Estantería,1,1,E1G,033,40,90,45,60,90
RDI,A048,CD SARANDI NAVE 1,General,E1G031.40A,Estantería,1,1,E1G,031,40,90,45,60,90
RDI,A048,CD SARANDI NAVE 1,General,E1G029.40A,Estantería,1,1,E1G,029,40,90,45,60,90
RDI,A048,CD SARANDI NAVE 1,General,E1G027.40A,Estantería,1,1,E1G,027,40,90,45,60,90
RDI,A048,CD SARANDI NAVE 1,General,E1G025.40A,Estantería,1,1,E1G,025,40,90,45,60,90
RDI,A048,CD SARANDI NAVE 1,General,E1G023.40A,Estantería,1,1,E1G,023,40,90,45,60,90
RDI,A048,CD SARANDI NAVE 1,General,E1G021.40A,Estantería,1,1,E1G,021,40,90,45,60,90
RDI,A048,CD SARANDI NAVE 1,General,E1G019.40A,Estantería,1,1,E1G,019,40,90,45,60,90
RDI,A048,CD SARANDI NAVE 1,General,E1G017.40A,Estantería,1,1,E1G,017,40,90,45,60,90
RDI,A048,CD SARANDI NAVE 1,General,E1G015.40A,Estantería,1,1,E1G,015,40,90,45,60,90
RDI,A048,CD SARANDI NAVE 1,General,E1G013.40A,Estantería,1,1,E1G,013,40,90,45,60,90
RDI,A048,CD SARANDI NAVE 1,General,E1G011.40A,Estantería,1,1,E1G,011,40,90,45,60,90
RDI,A048,CD SARANDI NAVE 1,General,E1G009.40A,Estantería,1,1,E1G,009,40,90,45,60,90
RDI,A048,CD SARANDI NAVE 1,General,E1G007.40A,Estantería,1,1,E1G,007,40,90,45,60,90
RDI,A048,CD SARANDI NAVE 1,General,E1G005.40A,Estantería,1,1,E1G,005,40,90,45,60,90
RDI,A048,CD SARANDI NAVE 1,General,E1G003.40A,Estantería,1,1,E1G,003,40,90,45,60,90
RDI,A048,CD SARANDI NAVE 1,General,E1G001.40A,Estantería,1,1,E1G,001,40,90,45,60,90
RDI,A048,CD SARANDI NAVE 1,General,E1G034.40A,Estantería,1,1,E1G,034,40,90,45,60,90
RDI,A048,CD SARANDI NAVE 1,General,E1G032.40A,Estantería,1,1,E1G,032,40,90,45,60,90
RDI,A048,CD SARANDI NAVE 1,General,E1G030.40A,Estantería,1,1,E1G,030,40,90,45,60,90
RDI,A048,CD SARANDI NAVE 1,General,E1G028.40A,Estantería,1,1,E1G,028,40,90,45,60,90
RDI,A048,CD SARANDI NAVE 1,General,E1G026.40A,Estantería,1,1,E1G,026,40,90,45,60,90
RDI,A048,CD SARANDI NAVE 1,General,E1G024.40A,Estantería,1,1,E1G,024,40,90,45,60,90
RDI,A048,CD SARANDI NAVE 1,General,E1G022.40A,Estantería,1,1,E1G,022,40,90,45,60,90
RDI,A048,CD SARANDI NAVE 1,General,E1G020.40A,Estantería,1,1,E1G,020,40,90,45,60,90
RDI,A048,CD SARANDI NAVE 1,General,E1G018.40A,Estantería,1,1,E1G,018,40,90,45,60,90
RDI,A048,CD SARANDI NAVE 1,General,E1G016.40A,Estantería,1,1,E1G,016,40,90,45,60,90
RDI,A048,CD SARANDI NAVE 1,General,E1G014.40A,Estantería,1,1,E1G,014,40,90,45,60,90
RDI,A048,CD SARANDI NAVE 1,General,E1G012.40A,Estantería,1,1,E1G,012,40,90,45,60,90
RDI,A048,CD SARANDI NAVE 1,General,E1G010.40A,Estantería,1,1,E1G,010,40,90,45,60,90
RDI,A048,CD SARANDI NAVE 1,General,E1G008.40A,Estantería,1,1,E1G,008,40,90,45,60,90
RDI,A048,CD SARANDI NAVE 1,General,E1G006.40A,Estantería,1,1,E1G,006,40,90,45,60,90
RDI,A048,CD SARANDI NAVE 1,General,E1G004.40A,Estantería,1,1,E1G,004,40,90,45,60,90
RDI,A048,CD SARANDI NAVE 1,General,E1G002.40A,Estantería,1,1,E1G,002,40,90,45,60,90
RDI,A048,CD SARANDI NAVE 1,General,E1A033.50A,Estantería,1,1,E1A,033,50,90,45,60,90
RDI,A048,CD SARANDI NAVE 1,General,E1A031.50A,Estantería,1,1,E1A,031,50,90,45,60,90
RDI,A048,CD SARANDI NAVE 1,General,E1A029.50A,Estantería,1,1,E1A,029,50,90,45,60,90
RDI,A048,CD SARANDI NAVE 1,General,E1A027.50A,Estantería,1,1,E1A,027,50,90,45,60,90
RDI,A048,CD SARANDI NAVE 1,General,E1A025.50A,Estantería,1,1,E1A,025,50,90,45,60,90
RDI,A048,CD SARANDI NAVE 1,General,E1A023.50A,Estantería,1,1,E1A,023,50,90,45,60,90
RDI,A048,CD SARANDI NAVE 1,General,E1A021.50A,Estantería,1,1,E1A,021,50,90,45,60,90
RDI,A048,CD SARANDI NAVE 1,General,E1A019.50A,Estantería,1,1,E1A,019,50,90,45,60,90
RDI,A048,CD SARANDI NAVE 1,General,E1A017.50A,Estantería,1,1,E1A,017,50,90,45,60,90
RDI,A048,CD SARANDI NAVE 1,General,E1A015.50A,Estantería,1,1,E1A,015,50,90,45,60,90
RDI,A048,CD SARANDI NAVE 1,General,E1A013.50A,Estantería,1,1,E1A,013,50,90,45,60,90
RDI,A048,CD SARANDI NAVE 1,General,E1A011.50A,Estantería,1,1,E1A,011,50,90,45,60,90
RDI,A048,CD SARANDI NAVE 1,General,E1A009.50A,Estantería,1,1,E1A,009,50,90,45,60,90
RDI,A048,CD SARANDI NAVE 1,General,E1A007.50A,Estantería,1,1,E1A,007,50,90,45,60,90
RDI,A048,CD SARANDI NAVE 1,General,E1A005.50A,Estantería,1,1,E1A,005,50,90,45,60,90
RDI,A048,CD SARANDI NAVE 1,General,E1A003.50A,Estantería,1,1,E1A,003,50,90,45,60,90
RDI,A048,CD SARANDI NAVE 1,General,E1A001.50A,Estantería,1,1,E1A,001,50,90,45,60,90
RDI,A048,CD SARANDI NAVE 1,General,E1A034.50A,Estantería,1,1,E1A,034,50,90,45,60,90
RDI,A048,CD SARANDI NAVE 1,General,E1A032.50A,Estantería,1,1,E1A,032,50,90,45,60,90
RDI,A048,CD SARANDI NAVE 1,General,E1A030.50A,Estantería,1,1,E1A,030,50,90,45,60,90
RDI,A048,CD SARANDI NAVE 1,General,E1A028.50A,Estantería,1,1,E1A,028,50,90,45,60,90
RDI,A048,CD SARANDI NAVE 1,General,E1A026.50A,Estantería,1,1,E1A,026,50,90,45,60,90
RDI,A048,CD SARANDI NAVE 1,General,E1A024.50A,Estantería,1,1,E1A,024,50,90,45,60,90
RDI,A048,CD SARANDI NAVE 1,General,E1A022.50A,Estantería,1,1,E1A,022,50,90,45,60,90
RDI,A048,CD SARANDI NAVE 1,General,E1A020.50A,Estantería,1,1,E1A,020,50,90,45,60,90
RDI,A048,CD SARANDI NAVE 1,General,E1A018.50A,Estantería,1,1,E1A,018,50,90,45,60,90
RDI,A048,CD SARANDI NAVE 1,General,E1A016.50A,Estantería,1,1,E1A,016,50,90,45,60,90
RDI,A048,CD SARANDI NAVE 1,General,E1A014.50A,Estantería,1,1,E1A,014,50,90,45,60,90
RDI,A048,CD SARANDI NAVE 1,General,E1A012.50A,Estantería,1,1,E1A,012,50,90,45,60,90
RDI,A048,CD SARANDI NAVE 1,General,E1A010.50A,Estantería,1,1,E1A,010,50,90,45,60,90
RDI,A048,CD SARANDI NAVE 1,General,E1A008.50A,Estantería,1,1,E1A,008,50,90,45,60,90
RDI,A048,CD SARANDI NAVE 1,General,E1A006.50A,Estantería,1,1,E1A,006,50,90,45,60,90
RDI,A048,CD SARANDI NAVE 1,General,E1A004.50A,Estantería,1,1,E1A,004,50,90,45,60,90
RDI,A048,CD SARANDI NAVE 1,General,E1A002.50A,Estantería,1,1,E1A,002,50,90,45,60,90
RDI,A048,CD SARANDI NAVE 1,General,E1B033.50A,Estantería,1,1,E1B,033,50,90,45,60,90
RDI,A048,CD SARANDI NAVE 1,General,E1B031.50A,Estantería,1,1,E1B,031,50,90,45,60,90
RDI,A048,CD SARANDI NAVE 1,General,E1B029.50A,Estantería,1,1,E1B,029,50,90,45,60,90
RDI,A048,CD SARANDI NAVE 1,General,E1B027.50A,Estantería,1,1,E1B,027,50,90,45,60,90
RDI,A048,CD SARANDI NAVE 1,General,E1B025.50A,Estantería,1,1,E1B,025,50,90,45,60,90
RDI,A048,CD SARANDI NAVE 1,General,E1B023.50A,Estantería,1,1,E1B,023,50,90,45,60,90
RDI,A048,CD SARANDI NAVE 1,General,E1B021.50A,Estantería,1,1,E1B,021,50,90,45,60,90
RDI,A048,CD SARANDI NAVE 1,General,E1B019.50A,Estantería,1,1,E1B,019,50,90,45,60,90
RDI,A048,CD SARANDI NAVE 1,General,E1B017.50A,Estantería,1,1,E1B,017,50,90,45,60,90
RDI,A048,CD SARANDI NAVE 1,General,E1B015.50A,Estantería,1,1,E1B,015,50,90,45,60,90
RDI,A048,CD SARANDI NAVE 1,General,E1B013.50A,Estantería,1,1,E1B,013,50,90,45,60,90
RDI,A048,CD SARANDI NAVE 1,General,E1B011.50A,Estantería,1,1,E1B,011,50,90,45,60,90
RDI,A048,CD SARANDI NAVE 1,General,E1B009.50A,Estantería,1,1,E1B,009,50,90,45,60,90
RDI,A048,CD SARANDI NAVE 1,General,E1B007.50A,Estantería,1,1,E1B,007,50,90,45,60,90
RDI,A048,CD SARANDI NAVE 1,General,E1B005.50A,Estantería,1,1,E1B,005,50,90,45,60,90
RDI,A048,CD SARANDI NAVE 1,General,E1B003.50A,Estantería,1,1,E1B,003,50,90,45,60,90
RDI,A048,CD SARANDI NAVE 1,General,E1B001.50A,Estantería,1,1,E1B,001,50,90,45,60,90
RDI,A048,CD SARANDI NAVE 1,General,E1B034.50A,Estantería,1,1,E1B,034,50,90,45,60,90
RDI,A048,CD SARANDI NAVE 1,General,E1B032.50A,Estantería,1,1,E1B,032,50,90,45,60,90
RDI,A048,CD SARANDI NAVE 1,General,E1B030.50A,Estantería,1,1,E1B,030,50,90,45,60,90
RDI,A048,CD SARANDI NAVE 1,General,E1B028.50A,Estantería,1,1,E1B,028,50,90,45,60,90
RDI,A048,CD SARANDI NAVE 1,General,E1B026.50A,Estantería,1,1,E1B,026,50,90,45,60,90
RDI,A048,CD SARANDI NAVE 1,General,E1B024.50A,Estantería,1,1,E1B,024,50,90,45,60,90
RDI,A048,CD SARANDI NAVE 1,General,E1B022.50A,Estantería,1,1,E1B,022,50,90,45,60,90
RDI,A048,CD SARANDI NAVE 1,General,E1B020.50A,Estantería,1,1,E1B,020,50,90,45,60,90
RDI,A048,CD SARANDI NAVE 1,General,E1B018.50A,Estantería,1,1,E1B,018,50,90,45,60,90
RDI,A048,CD SARANDI NAVE 1,General,E1B016.50A,Estantería,1,1,E1B,016,50,90,45,60,90
RDI,A048,CD SARANDI NAVE 1,General,E1B014.50A,Estantería,1,1,E1B,014,50,90,45,60,90
RDI,A048,CD SARANDI NAVE 1,General,E1B012.50A,Estantería,1,1,E1B,012,50,90,45,60,90
RDI,A048,CD SARANDI NAVE 1,General,E1B010.50A,Estantería,1,1,E1B,010,50,90,45,60,90
RDI,A048,CD SARANDI NAVE 1,General,E1B008.50A,Estantería,1,1,E1B,008,50,90,45,60,90
RDI,A048,CD SARANDI NAVE 1,General,E1B006.50A,Estantería,1,1,E1B,006,50,90,45,60,90
RDI,A048,CD SARANDI NAVE 1,General,E1B004.50A,Estantería,1,1,E1B,004,50,90,45,60,90
RDI,A048,CD SARANDI NAVE 1,General,E1B002.50A,Estantería,1,1,E1B,002,50,90,45,60,90
RDI,A048,CD SARANDI NAVE 1,General,E1C033.50A,Estantería,1,1,E1C,033,50,90,45,60,90
RDI,A048,CD SARANDI NAVE 1,General,E1C031.50A,Estantería,1,1,E1C,031,50,90,45,60,90
RDI,A048,CD SARANDI NAVE 1,General,E1C029.50A,Estantería,1,1,E1C,029,50,90,45,60,90
RDI,A048,CD SARANDI NAVE 1,General,E1C027.50A,Estantería,1,1,E1C,027,50,90,45,60,90
RDI,A048,CD SARANDI NAVE 1,General,E1C025.50A,Estantería,1,1,E1C,025,50,90,45,60,90
RDI,A048,CD SARANDI NAVE 1,General,E1C023.50A,Estantería,1,1,E1C,023,50,90,45,60,90
RDI,A048,CD SARANDI NAVE 1,General,E1C021.50A,Estantería,1,1,E1C,021,50,90,45,60,90
RDI,A048,CD SARANDI NAVE 1,General,E1C019.50A,Estantería,1,1,E1C,019,50,90,45,60,90
RDI,A048,CD SARANDI NAVE 1,General,E1C017.50A,Estantería,1,1,E1C,017,50,90,45,60,90
RDI,A048,CD SARANDI NAVE 1,General,E1C015.50A,Estantería,1,1,E1C,015,50,90,45,60,90
RDI,A048,CD SARANDI NAVE 1,General,E1C013.50A,Estantería,1,1,E1C,013,50,90,45,60,90
RDI,A048,CD SARANDI NAVE 1,General,E1C011.50A,Estantería,1,1,E1C,011,50,90,45,60,90
RDI,A048,CD SARANDI NAVE 1,General,E1C009.50A,Estantería,1,1,E1C,009,50,90,45,60,90
RDI,A048,CD SARANDI NAVE 1,General,E1C007.50A,Estantería,1,1,E1C,007,50,90,45,60,90
RDI,A048,CD SARANDI NAVE 1,General,E1C005.50A,Estantería,1,1,E1C,005,50,90,45,60,90
RDI,A048,CD SARANDI NAVE 1,General,E1C003.50A,Estantería,1,1,E1C,003,50,90,45,60,90
RDI,A048,CD SARANDI NAVE 1,General,E1C001.50A,Estantería,1,1,E1C,001,50,90,45,60,90
RDI,A048,CD SARANDI NAVE 1,General,E1C034.50A,Estantería,1,1,E1C,034,50,90,45,60,90
RDI,A048,CD SARANDI NAVE 1,General,E1C032.50A,Estantería,1,1,E1C,032,50,90,45,60,90
RDI,A048,CD SARANDI NAVE 1,General,E1C030.50A,Estantería,1,1,E1C,030,50,90,45,60,90
RDI,A048,CD SARANDI NAVE 1,General,E1C028.50A,Estantería,1,1,E1C,028,50,90,45,60,90
RDI,A048,CD SARANDI NAVE 1,General,E1C026.50A,Estantería,1,1,E1C,026,50,90,45,60,90
RDI,A048,CD SARANDI NAVE 1,General,E1C024.50A,Estantería,1,1,E1C,024,50,90,45,60,90
RDI,A048,CD SARANDI NAVE 1,General,E1C022.50A,Estantería,1,1,E1C,022,50,90,45,60,90
RDI,A048,CD SARANDI NAVE 1,General,E1C020.50A,Estantería,1,1,E1C,020,50,90,45,60,90
RDI,A048,CD SARANDI NAVE 1,General,E1C018.50A,Estantería,1,1,E1C,018,50,90,45,60,90
RDI,A048,CD SARANDI NAVE 1,General,E1C016.50A,Estantería,1,1,E1C,016,50,90,45,60,90
RDI,A048,CD SARANDI NAVE 1,General,E1C014.50A,Estantería,1,1,E1C,014,50,90,45,60,90
RDI,A048,CD SARANDI NAVE 1,General,E1C012.50A,Estantería,1,1,E1C,012,50,90,45,60,90
RDI,A048,CD SARANDI NAVE 1,General,E1C010.50A,Estantería,1,1,E1C,010,50,90,45,60,90
RDI,A048,CD SARANDI NAVE 1,General,E1C008.50A,Estantería,1,1,E1C,008,50,90,45,60,90
RDI,A048,CD SARANDI NAVE 1,General,E1C006.50A,Estantería,1,1,E1C,006,50,90,45,60,90
RDI,A048,CD SARANDI NAVE 1,General,E1C004.50A,Estantería,1,1,E1C,004,50,90,45,60,90
RDI,A048,CD SARANDI NAVE 1,General,E1C002.50A,Estantería,1,1,E1C,002,50,90,45,60,90
RDI,A048,CD SARANDI NAVE 1,General,E1D033.50A,Estantería,1,1,E1D,033,50,90,45,60,90
RDI,A048,CD SARANDI NAVE 1,General,E1D031.50A,Estantería,1,1,E1D,031,50,90,45,60,90
RDI,A048,CD SARANDI NAVE 1,General,E1D029.50A,Estantería,1,1,E1D,029,50,90,45,60,90
RDI,A048,CD SARANDI NAVE 1,General,E1D027.50A,Estantería,1,1,E1D,027,50,90,45,60,90
RDI,A048,CD SARANDI NAVE 1,General,E1D025.50A,Estantería,1,1,E1D,025,50,90,45,60,90
RDI,A048,CD SARANDI NAVE 1,General,E1D023.50A,Estantería,1,1,E1D,023,50,90,45,60,90
RDI,A048,CD SARANDI NAVE 1,General,E1D021.50A,Estantería,1,1,E1D,021,50,90,45,60,90
RDI,A048,CD SARANDI NAVE 1,General,E1D019.50A,Estantería,1,1,E1D,019,50,90,45,60,90
RDI,A048,CD SARANDI NAVE 1,General,E1D017.50A,Estantería,1,1,E1D,017,50,90,45,60,90
RDI,A048,CD SARANDI NAVE 1,General,E1D015.50A,Estantería,1,1,E1D,015,50,90,45,60,90
RDI,A048,CD SARANDI NAVE 1,General,E1D013.50A,Estantería,1,1,E1D,013,50,90,45,60,90
RDI,A048,CD SARANDI NAVE 1,General,E1D011.50A,Estantería,1,1,E1D,011,50,90,45,60,90
RDI,A048,CD SARANDI NAVE 1,General,E1D009.50A,Estantería,1,1,E1D,009,50,90,45,60,90
RDI,A048,CD SARANDI NAVE 1,General,E1D007.50A,Estantería,1,1,E1D,007,50,90,45,60,90
RDI,A048,CD SARANDI NAVE 1,General,E1D005.50A,Estantería,1,1,E1D,005,50,90,45,60,90
RDI,A048,CD SARANDI NAVE 1,General,E1D003.50A,Estantería,1,1,E1D,003,50,90,45,60,90
RDI,A048,CD SARANDI NAVE 1,General,E1D001.50A,Estantería,1,1,E1D,001,50,90,45,60,90
RDI,A048,CD SARANDI NAVE 1,General,E1D034.50A,Estantería,1,1,E1D,034,50,90,45,60,90
RDI,A048,CD SARANDI NAVE 1,General,E1D032.50A,Estantería,1,1,E1D,032,50,90,45,60,90
RDI,A048,CD SARANDI NAVE 1,General,E1D030.50A,Estantería,1,1,E1D,030,50,90,45,60,90
RDI,A048,CD SARANDI NAVE 1,General,E1D028.50A,Estantería,1,1,E1D,028,50,90,45,60,90
RDI,A048,CD SARANDI NAVE 1,General,E1D026.50A,Estantería,1,1,E1D,026,50,90,45,60,90
RDI,A048,CD SARANDI NAVE 1,General,E1D024.50A,Estantería,1,1,E1D,024,50,90,45,60,90
RDI,A048,CD SARANDI NAVE 1,General,E1D022.50A,Estantería,1,1,E1D,022,50,90,45,60,90
RDI,A048,CD SARANDI NAVE 1,General,E1D020.50A,Estantería,1,1,E1D,020,50,90,45,60,90
RDI,A048,CD SARANDI NAVE 1,General,E1D018.50A,Estantería,1,1,E1D,018,50,90,45,60,90
RDI,A048,CD SARANDI NAVE 1,General,E1D016.50A,Estantería,1,1,E1D,016,50,90,45,60,90
RDI,A048,CD SARANDI NAVE 1,General,E1D014.50A,Estantería,1,1,E1D,014,50,90,45,60,90
RDI,A048,CD SARANDI NAVE 1,General,E1D012.50A,Estantería,1,1,E1D,012,50,90,45,60,90
RDI,A048,CD SARANDI NAVE 1,General,E1D010.50A,Estantería,1,1,E1D,010,50,90,45,60,90
RDI,A048,CD SARANDI NAVE 1,General,E1D008.50A,Estantería,1,1,E1D,008,50,90,45,60,90
RDI,A048,CD SARANDI NAVE 1,General,E1D006.50A,Estantería,1,1,E1D,006,50,90,45,60,90
RDI,A048,CD SARANDI NAVE 1,General,E1D004.50A,Estantería,1,1,E1D,004,50,90,45,60,90
RDI,A048,CD SARANDI NAVE 1,General,E1D002.50A,Estantería,1,1,E1D,002,50,90,45,60,90
RDI,A048,CD SARANDI NAVE 1,General,E1E033.50A,Estantería,1,1,E1E,033,50,90,45,60,90
RDI,A048,CD SARANDI NAVE 1,General,E1E031.50A,Estantería,1,1,E1E,031,50,90,45,60,90
RDI,A048,CD SARANDI NAVE 1,General,E1E029.50A,Estantería,1,1,E1E,029,50,90,45,60,90
RDI,A048,CD SARANDI NAVE 1,General,E1E027.50A,Estantería,1,1,E1E,027,50,90,45,60,90
RDI,A048,CD SARANDI NAVE 1,General,E1E025.50A,Estantería,1,1,E1E,025,50,90,45,60,90
RDI,A048,CD SARANDI NAVE 1,General,E1E023.50A,Estantería,1,1,E1E,023,50,90,45,60,90
RDI,A048,CD SARANDI NAVE 1,General,E1E021.50A,Estantería,1,1,E1E,021,50,90,45,60,90
RDI,A048,CD SARANDI NAVE 1,General,E1E019.50A,Estantería,1,1,E1E,019,50,90,45,60,90
RDI,A048,CD SARANDI NAVE 1,General,E1E017.50A,Estantería,1,1,E1E,017,50,90,45,60,90
RDI,A048,CD SARANDI NAVE 1,General,E1E015.50A,Estantería,1,1,E1E,015,50,90,45,60,90
RDI,A048,CD SARANDI NAVE 1,General,E1E013.50A,Estantería,1,1,E1E,013,50,90,45,60,90
RDI,A048,CD SARANDI NAVE 1,General,E1E011.50A,Estantería,1,1,E1E,011,50,90,45,60,90
RDI,A048,CD SARANDI NAVE 1,General,E1E009.50A,Estantería,1,1,E1E,009,50,90,45,60,90
RDI,A048,CD SARANDI NAVE 1,General,E1E007.50A,Estantería,1,1,E1E,007,50,90,45,60,90
RDI,A048,CD SARANDI NAVE 1,General,E1E005.50A,Estantería,1,1,E1E,005,50,90,45,60,90
RDI,A048,CD SARANDI NAVE 1,General,E1E003.50A,Estantería,1,1,E1E,003,50,90,45,60,90
RDI,A048,CD SARANDI NAVE 1,General,E1E001.50A,Estantería,1,1,E1E,001,50,90,45,60,90
RDI,A048,CD SARANDI NAVE 1,General,E1E034.50A,Estantería,1,1,E1E,034,50,90,45,60,90
RDI,A048,CD SARANDI NAVE 1,General,E1E032.50A,Estantería,1,1,E1E,032,50,90,45,60,90
RDI,A048,CD SARANDI NAVE 1,General,E1E030.50A,Estantería,1,1,E1E,030,50,90,45,60,90
RDI,A048,CD SARANDI NAVE 1,General,E1E028.50A,Estantería,1,1,E1E,028,50,90,45,60,90
RDI,A048,CD SARANDI NAVE 1,General,E1E026.50A,Estantería,1,1,E1E,026,50,90,45,60,90
RDI,A048,CD SARANDI NAVE 1,General,E1E024.50A,Estantería,1,1,E1E,024,50,90,45,60,90
RDI,A048,CD SARANDI NAVE 1,General,E1E022.50A,Estantería,1,1,E1E,022,50,90,45,60,90
RDI,A048,CD SARANDI NAVE 1,General,E1E020.50A,Estantería,1,1,E1E,020,50,90,45,60,90
RDI,A048,CD SARANDI NAVE 1,General,E1E018.50A,Estantería,1,1,E1E,018,50,90,45,60,90
RDI,A048,CD SARANDI NAVE 1,General,E1E016.50A,Estantería,1,1,E1E,016,50,90,45,60,90
RDI,A048,CD SARANDI NAVE 1,General,E1E014.50A,Estantería,1,1,E1E,014,50,90,45,60,90
RDI,A048,CD SARANDI NAVE 1,General,E1E012.50A,Estantería,1,1,E1E,012,50,90,45,60,90
RDI,A048,CD SARANDI NAVE 1,General,E1E010.50A,Estantería,1,1,E1E,010,50,90,45,60,90
RDI,A048,CD SARANDI NAVE 1,General,E1E008.50A,Estantería,1,1,E1E,008,50,90,45,60,90
RDI,A048,CD SARANDI NAVE 1,General,E1E006.50A,Estantería,1,1,E1E,006,50,90,45,60,90
RDI,A048,CD SARANDI NAVE 1,General,E1E004.50A,Estantería,1,1,E1E,004,50,90,45,60,90
RDI,A048,CD SARANDI NAVE 1,General,E1E002.50A,Estantería,1,1,E1E,002,50,90,45,60,90
RDI,A048,CD SARANDI NAVE 1,General,E1F033.50A,Estantería,1,1,E1F,033,50,90,45,60,90
RDI,A048,CD SARANDI NAVE 1,General,E1F031.50A,Estantería,1,1,E1F,031,50,90,45,60,90
RDI,A048,CD SARANDI NAVE 1,General,E1F029.50A,Estantería,1,1,E1F,029,50,90,45,60,90
RDI,A048,CD SARANDI NAVE 1,General,E1F027.50A,Estantería,1,1,E1F,027,50,90,45,60,90
RDI,A048,CD SARANDI NAVE 1,General,E1F025.50A,Estantería,1,1,E1F,025,50,90,45,60,90
RDI,A048,CD SARANDI NAVE 1,General,E1F023.50A,Estantería,1,1,E1F,023,50,90,45,60,90
RDI,A048,CD SARANDI NAVE 1,General,E1F021.50A,Estantería,1,1,E1F,021,50,90,45,60,90
RDI,A048,CD SARANDI NAVE 1,General,E1F019.50A,Estantería,1,1,E1F,019,50,90,45,60,90
RDI,A048,CD SARANDI NAVE 1,General,E1F017.50A,Estantería,1,1,E1F,017,50,90,45,60,90
RDI,A048,CD SARANDI NAVE 1,General,E1F015.50A,Estantería,1,1,E1F,015,50,90,45,60,90
RDI,A048,CD SARANDI NAVE 1,General,E1F013.50A,Estantería,1,1,E1F,013,50,90,45,60,90
RDI,A048,CD SARANDI NAVE 1,General,E1F011.50A,Estantería,1,1,E1F,011,50,90,45,60,90
RDI,A048,CD SARANDI NAVE 1,General,E1F009.50A,Estantería,1,1,E1F,009,50,90,45,60,90
RDI,A048,CD SARANDI NAVE 1,General,E1F007.50A,Estantería,1,1,E1F,007,50,90,45,60,90
RDI,A048,CD SARANDI NAVE 1,General,E1F005.50A,Estantería,1,1,E1F,005,50,90,45,60,90
RDI,A048,CD SARANDI NAVE 1,General,E1F003.50A,Estantería,1,1,E1F,003,50,90,45,60,90
RDI,A048,CD SARANDI NAVE 1,General,E1F001.50A,Estantería,1,1,E1F,001,50,90,45,60,90
RDI,A048,CD SARANDI NAVE 1,General,E1F034.50A,Estantería,1,1,E1F,034,50,90,45,60,90
RDI,A048,CD SARANDI NAVE 1,General,E1F032.50A,Estantería,1,1,E1F,032,50,90,45,60,90
RDI,A048,CD SARANDI NAVE 1,General,E1F030.50A,Estantería,1,1,E1F,030,50,90,45,60,90
RDI,A048,CD SARANDI NAVE 1,General,E1F028.50A,Estantería,1,1,E1F,028,50,90,45,60,90
RDI,A048,CD SARANDI NAVE 1,General,E1F026.50A,Estantería,1,1,E1F,026,50,90,45,60,90
RDI,A048,CD SARANDI NAVE 1,General,E1F024.50A,Estantería,1,1,E1F,024,50,90,45,60,90
RDI,A048,CD SARANDI NAVE 1,General,E1F022.50A,Estantería,1,1,E1F,022,50,90,45,60,90
RDI,A048,CD SARANDI NAVE 1,General,E1F020.50A,Estantería,1,1,E1F,020,50,90,45,60,90
RDI,A048,CD SARANDI NAVE 1,General,E1F018.50A,Estantería,1,1,E1F,018,50,90,45,60,90
RDI,A048,CD SARANDI NAVE 1,General,E1F016.50A,Estantería,1,1,E1F,016,50,90,45,60,90
RDI,A048,CD SARANDI NAVE 1,General,E1F014.50A,Estantería,1,1,E1F,014,50,90,45,60,90
RDI,A048,CD SARANDI NAVE 1,General,E1F012.50A,Estantería,1,1,E1F,012,50,90,45,60,90
RDI,A048,CD SARANDI NAVE 1,General,E1F010.50A,Estantería,1,1,E1F,010,50,90,45,60,90
RDI,A048,CD SARANDI NAVE 1,General,E1F008.50A,Estantería,1,1,E1F,008,50,90,45,60,90
RDI,A048,CD SARANDI NAVE 1,General,E1F006.50A,Estantería,1,1,E1F,006,50,90,45,60,90
RDI,A048,CD SARANDI NAVE 1,General,E1F004.50A,Estantería,1,1,E1F,004,50,90,45,60,90
RDI,A048,CD SARANDI NAVE 1,General,E1F002.50A,Estantería,1,1,E1F,002,50,90,45,60,90
RDI,A048,CD SARANDI NAVE 1,General,E1G033.50A,Estantería,1,1,E1G,033,50,90,45,60,90
RDI,A048,CD SARANDI NAVE 1,General,E1G031.50A,Estantería,1,1,E1G,031,50,90,45,60,90
RDI,A048,CD SARANDI NAVE 1,General,E1G029.50A,Estantería,1,1,E1G,029,50,90,45,60,90
RDI,A048,CD SARANDI NAVE 1,General,E1G027.50A,Estantería,1,1,E1G,027,50,90,45,60,90
RDI,A048,CD SARANDI NAVE 1,General,E1G025.50A,Estantería,1,1,E1G,025,50,90,45,60,90
RDI,A048,CD SARANDI NAVE 1,General,E1G023.50A,Estantería,1,1,E1G,023,50,90,45,60,90
RDI,A048,CD SARANDI NAVE 1,General,E1G021.50A,Estantería,1,1,E1G,021,50,90,45,60,90
RDI,A048,CD SARANDI NAVE 1,General,E1G019.50A,Estantería,1,1,E1G,019,50,90,45,60,90
RDI,A048,CD SARANDI NAVE 1,General,E1G017.50A,Estantería,1,1,E1G,017,50,90,45,60,90
RDI,A048,CD SARANDI NAVE 1,General,E1G015.50A,Estantería,1,1,E1G,015,50,90,45,60,90
RDI,A048,CD SARANDI NAVE 1,General,E1G013.50A,Estantería,1,1,E1G,013,50,90,45,60,90
RDI,A048,CD SARANDI NAVE 1,General,E1G011.50A,Estantería,1,1,E1G,011,50,90,45,60,90
RDI,A048,CD SARANDI NAVE 1,General,E1G009.50A,Estantería,1,1,E1G,009,50,90,45,60,90
RDI,A048,CD SARANDI NAVE 1,General,E1G007.50A,Estantería,1,1,E1G,007,50,90,45,60,90
RDI,A048,CD SARANDI NAVE 1,General,E1G005.50A,Estantería,1,1,E1G,005,50,90,45,60,90
RDI,A048,CD SARANDI NAVE 1,General,E1G003.50A,Estantería,1,1,E1G,003,50,90,45,60,90
RDI,A048,CD SARANDI NAVE 1,General,E1G001.50A,Estantería,1,1,E1G,001,50,90,45,60,90
RDI,A048,CD SARANDI NAVE 1,General,E1G034.50A,Estantería,1,1,E1G,034,50,90,45,60,90
RDI,A048,CD SARANDI NAVE 1,General,E1G032.50A,Estantería,1,1,E1G,032,50,90,45,60,90
RDI,A048,CD SARANDI NAVE 1,General,E1G030.50A,Estantería,1,1,E1G,030,50,90,45,60,90
RDI,A048,CD SARANDI NAVE 1,General,E1G028.50A,Estantería,1,1,E1G,028,50,90,45,60,90
RDI,A048,CD SARANDI NAVE 1,General,E1G026.50A,Estantería,1,1,E1G,026,50,90,45,60,90
RDI,A048,CD SARANDI NAVE 1,General,E1G024.50A,Estantería,1,1,E1G,024,50,90,45,60,90
RDI,A048,CD SARANDI NAVE 1,General,E1G022.50A,Estantería,1,1,E1G,022,50,90,45,60,90
RDI,A048,CD SARANDI NAVE 1,General,E1G020.50A,Estantería,1,1,E1G,020,50,90,45,60,90
RDI,A048,CD SARANDI NAVE 1,General,E1G018.50A,Estantería,1,1,E1G,018,50,90,45,60,90
RDI,A048,CD SARANDI NAVE 1,General,E1G016.50A,Estantería,1,1,E1G,016,50,90,45,60,90
RDI,A048,CD SARANDI NAVE 1,General,E1G014.50A,Estantería,1,1,E1G,014,50,90,45,60,90
RDI,A048,CD SARANDI NAVE 1,General,E1G012.50A,Estantería,1,1,E1G,012,50,90,45,60,90
RDI,A048,CD SARANDI NAVE 1,General,E1G010.50A,Estantería,1,1,E1G,010,50,90,45,60,90
RDI,A048,CD SARANDI NAVE 1,General,E1G008.50A,Estantería,1,1,E1G,008,50,90,45,60,90
RDI,A048,CD SARANDI NAVE 1,General,E1G006.50A,Estantería,1,1,E1G,006,50,90,45,60,90
RDI,A048,CD SARANDI NAVE 1,General,E1G004.50A,Estantería,1,1,E1G,004,50,90,45,60,90
RDI,A048,CD SARANDI NAVE 1,General,E1G002.50A,Estantería,1,1,E1G,002,50,90,45,60,90