  0
SECTION
  2
HEADER
  9
$ACADVER
  1
AC1027
  9
$ACADMAINTVER
 70
     8
  9
$DWGCODEPAGE
  3
ANSI_1251
  9
$REQUIREDVERSIONS
160
                 0
  9
$LASTSAVEDBY
  1
Autodesk
  9
$INSBASE
 10
0.0
 20
0.0
 30
0.0
  9
$EXTMIN
 10
1.000000E+20
 20
1.000000E+20
 30
1.000000E+20
  9
$EXTMAX
 10
-1.000000E+20
 20
-1.000000E+20
 30
-1.000000E+20
  9
$LIMMIN
 10
0.0
 20
0.0
  9
$LIMMAX
 10
420.0
 20
297.0
  9
$ORTHOMODE
 70
     0
  9
$REGENMODE
 70
     1
  9
$FILLMODE
 70
     1
  9
$QTEXTMODE
 70
     0
  9
$MIRRTEXT
 70
     0
  9
$LTSCALE
 40
1.0
  9
$ATTMODE
 70
     1
  9
$TEXTSIZE
 40
2.5
  9
$TRACEWID
 40
1.0
  9
$TEXTSTYLE
  7
Standard
  9
$CLAYER
  8
0
  9
$CELTYPE
  6
ByLayer
  9
$CECOLOR
 62
   256
  9
$CELTSCALE
 40
1.0
  9
$DISPSILH
 70
     0
  9
$DIMSCALE
 40
1.0
  9
$DIMASZ
 40
2.5
  9
$DIMEXO
 40
0.5
  9
$DIMDLI
 40
6.0
  9
$DIMRND
 40
0.0
  9
$DIMDLE
 40
0.0
  9
$DIMEXE
 40
0.0
  9
$DIMTP
 40
0.0
  9
$DIMTM
 40
0.0
  9
$DIMTXT
 40
2.5
  9
$DIMCEN
 40
2.5
  9
$DIMTSZ
 40
0.0
  9
$DIMTOL
 70
     0
  9
$DIMLIM
 70
     0
  9
$DIMTIH
 70
     0
  9
$DIMTOH
 70
     1
  9
$DIMSE1
 70
     0
  9
$DIMSE2
 70
     0
  9
$DIMTAD
 70
     0
  9
$DIMZIN
 70
     0
  9
$DIMBLK
  1

  9
$DIMASO
 70
     1
  9
$DIMSHO
 70
     1
  9
$DIMPOST
  1

  9
$DIMAPOST
  1

  9
$DIMALT
 70
     0
  9
$DIMALTD
 70
     2
  9
$DIMALTF
 40
25.4
  9
$DIMLFAC
 40
1.0
  9
$DIMTOFL
 70
     0
  9
$DIMTVP
 40
0.0
  9
$DIMTIX
 70
     0
  9
$DIMSOXD
 70
     0
  9
$DIMSAH
 70
     0
  9
$DIMBLK1
  1

  9
$DIMBLK2
  1

  9
$DIMSTYLE
  2
Standard
  9
$DIMCLRD
 70
     0
  9
$DIMCLRE
 70
     0
  9
$DIMCLRT
 70
     0
  9
$DIMTFAC
 40
1.0
  9
$DIMGAP
 40
1.0
  9
$DIMJUST
 70
     0
  9
$DIMSD1
 70
     0
  9
$DIMSD2
 70
     0
  9
$DIMTOLJ
 70
     1
  9
$DIMTZIN
 70
     0
  9
$DIMALTZ
 70
     0
  9
$DIMALTTZ
 70
     0
  9
$DIMUPT
 70
     0
  9
$DIMDEC
 70
     4
  9
$DIMTDEC
 70
     4
  9
$DIMALTU
 70
     2
  9
$DIMALTTD
 70
     2
  9
$DIMTXSTY
  7
Standard
  9
$DIMAUNIT
 70
     0
  9
$DIMADEC
 70
     0
  9
$DIMALTRND
 40
0.0
  9
$DIMAZIN
 70
     0
  9
$DIMDSEP
 70
    46
  9
$DIMATFIT
 70
     3
  9
$DIMFRAC
 70
     0
  9
$DIMLDRBLK
  1

  9
$DIMLUNIT
 70
     2
  9
$DIMLWD
 70
    -2
  9
$DIMLWE
 70
    -2
  9
$DIMTMOVE
 70
     0
  9
$DIMFXL
 40
1.0
  9
$DIMFXLON
 70
     0
  9
$DIMJOGANG
 40
0.785398
  9
$DIMTFILL
 70
     0
  9
$DIMTFILLCLR
 70
     0
  9
$DIMARCSYM
 70
     0
  9
$DIMLTYPE
  6
ByLayer
  9
$DIMLTEX1
  6
ByLayer
  9
$DIMLTEX2
  6
ByLayer
  9
$DIMTXTDIRECTION
 70
     0
  9
$LUNITS
 70
     2
  9
$LUPREC
 70
     4
  9
$SKETCHINC
 40
1.0
  9
$FILLETRAD
 40
0.0
  9
$AUNITS
 70
     0
  9
$AUPREC
 70
     0
  9
$MENU
  1
.
  9
$ELEVATION
 40
0.0
  9
$PELEVATION
 40
0.0
  9
$THICKNESS
 40
0.0
  9
$LIMCHECK
 70
     0
  9
$CHAMFERA
 40
0.0
  9
$CHAMFERB
 40
0.0
  9
$CHAMFERC
 40
0.0
  9
$CHAMFERD
 40
0.0
  9
$SKPOLY
 70
     0
  9
$TDCREATE
 40
2454082.78338338
  9
$TDUCREATE
 40
2454082.90838338
  9
$TDUPDATE
 40
2461182.645664676
  9
$TDUUPDATE
 40
2461182.770664676
  9
$TDINDWG
 40
0.0105753588
  9
$TDUSRTIMER
 40
0.0105751736
  9
$USRTIMER
 70
     1
  9
$ANGBASE
 50
0.0
  9
$ANGDIR
 70
     0
  9
$PDMODE
 70
     0
  9
$PDSIZE
 40
0.0
  9
$PLINEWID
 40
0.0
  9
$SPLFRAME
 70
     0
  9
$SPLINETYPE
 70
     6
  9
$SPLINESEGS
 70
     8
  9
$HANDSEED
  5
6AD
  9
$SURFTAB1
 70
     6
  9
$SURFTAB2
 70
     6
  9
$SURFTYPE
 70
     6
  9
$SURFU
 70
     6
  9
$SURFV
 70
     6
  9
$UCSBASE
  2

  9
$UCSNAME
  2

  9
$UCSORG
 10
0.0
 20
0.0
 30
0.0
  9
$UCSXDIR
 10
1.0
 20
0.0
 30
0.0
  9
$UCSYDIR
 10
0.0
 20
1.0
 30
0.0
  9
$UCSORTHOREF
  2

  9
$UCSORTHOVIEW
 70
     0
  9
$UCSORGTOP
 10
0.0
 20
0.0
 30
0.0
  9
$UCSORGBOTTOM
 10
0.0
 20
0.0
 30
0.0
  9
$UCSORGLEFT
 10
0.0
 20
0.0
 30
0.0
  9
$UCSORGRIGHT
 10
0.0
 20
0.0
 30
0.0
  9
$UCSORGFRONT
 10
0.0
 20
0.0
 30
0.0
  9
$UCSORGBACK
 10
0.0
 20
0.0
 30
0.0
  9
$PUCSBASE
  2

  9
$PUCSNAME
  2

  9
$PUCSORG
 10
0.0
 20
0.0
 30
0.0
  9
$PUCSXDIR
 10
1.0
 20
0.0
 30
0.0
  9
$PUCSYDIR
 10
0.0
 20
1.0
 30
0.0
  9
$PUCSORTHOREF
  2

  9
$PUCSORTHOVIEW
 70
     0
  9
$PUCSORGTOP
 10
0.0
 20
0.0
 30
0.0
  9
$PUCSORGBOTTOM
 10
0.0
 20
0.0
 30
0.0
  9
$PUCSORGLEFT
 10
0.0
 20
0.0
 30
0.0
  9
$PUCSORGRIGHT
 10
0.0
 20
0.0
 30
0.0
  9
$PUCSORGFRONT
 10
0.0
 20
0.0
 30
0.0
  9
$PUCSORGBACK
 10
0.0
 20
0.0
 30
0.0
  9
$USERI1
 70
     0
  9
$USERI2
 70
     0
  9
$USERI3
 70
     0
  9
$USERI4
 70
     0
  9
$USERI5
 70
     0
  9
$USERR1
 40
0.0
  9
$USERR2
 40
0.0
  9
$USERR3
 40
0.0
  9
$USERR4
 40
0.0
  9
$USERR5
 40
0.0
  9
$WORLDVIEW
 70
     1
  9
$SHADEDGE
 70
     3
  9
$SHADEDIF
 70
    70
  9
$TILEMODE
 70
     1
  9
$MAXACTVP
 70
    64
  9
$PINSBASE
 10
0.0
 20
0.0
 30
0.0
  9
$PLIMCHECK
 70
     0
  9
$PEXTMIN
 10
0.0
 20
0.0
 30
0.0
  9
$PEXTMAX
 10
0.0
 20
0.0
 30
0.0
  9
$PLIMMIN
 10
-20.0
 20
-7.5
  9
$PLIMMAX
 10
277.0
 20
202.5
  9
$UNITMODE
 70
     0
  9
$VISRETAIN
 70
     1
  9
$PLINEGEN
 70
     0
  9
$PSLTSCALE
 70
     0
  9
$TREEDEPTH
 70
  3020
  9
$CMLSTYLE
  2
Standard
  9
$CMLJUST
 70
     0
  9
$CMLSCALE
 40
20.0
  9
$PROXYGRAPHICS
 70
     1
  9
$MEASUREMENT
 70
     1
  9
$CELWEIGHT
370
    -1
  9
$ENDCAPS
280
     0
  9
$JOINSTYLE
280
     0
  9
$LWDISPLAY
290
     1
  9
$INSUNITS
 70
     4
  9
$HYPERLINKBASE
  1

  9
$STYLESHEET
  1

  9
$XEDIT
290
     1
  9
$CEPSNTYPE
380
     0
  9
$PSTYLEMODE
290
     1
  9
$FINGERPRINTGUID
  2
{78B0F746-B111-4909-95E5-2EF5CBA97683}
  9
$VERSIONGUID
  2
{88884FFE-1838-4093-901C-E4DA6EFB818F}
  9
$EXTNAMES
290
     1
  9
$PSVPSCALE
 40
0.0
  9
$OLESTARTUP
290
     0
  9
$SORTENTS
280
   127
  9
$INDEXCTL
280
     0
  9
$HIDETEXT
280
     1
  9
$XCLIPFRAME
280
     0
  9
$HALOGAP
280
     0
  9
$OBSCOLOR
 70
   257
  9
$OBSLTYPE
280
     0
  9
$INTERSECTIONDISPLAY
280
     0
  9
$INTERSECTIONCOLOR
 70
   257
  9
$DIMASSOC
280
     2
  9
$PROJECTNAME
  1

  9
$CAMERADISPLAY
290
     0
  9
$LENSLENGTH
 40
50.0
  9
$CAMERAHEIGHT
 40
0.0
  9
$STEPSPERSEC
 40
2.0
  9
$STEPSIZE
 40
6.0
  9
$3DDWFPREC
 40
2.0
  9
$PSOLWIDTH
 40
5.0
  9
$PSOLHEIGHT
 40
80.0
  9
$LOFTANG1
 40
1.570796
  9
$LOFTANG2
 40
1.570796
  9
$LOFTMAG1
 40
0.0
  9
$LOFTMAG2
 40
0.0
  9
$LOFTPARAM
 70
     7
  9
$LOFTNORMALS
280
     1
  9
$LATITUDE
 40
37.795
  9
$LONGITUDE
 40
-122.394
  9
$NORTHDIRECTION
 40
0.0
  9
$TIMEZONE
 70
 -8000
  9
$LIGHTGLYPHDISPLAY
280
     1
  9
$TILEMODELIGHTSYNCH
280
     1
  9
$CMATERIAL
347
EC
  9
$SOLIDHIST
280
     1
  9
$SHOWHIST
280
     1
  9
$DWFFRAME
280
     2
  9
$DGNFRAME
280
     0
  9
$REALWORLDSCALE
290
     1
  9
$INTERFERECOLOR
 62
     1
  9
$CSHADOW
280
     0
  9
$SHADOWPLANELOCATION
 40
0.0
  0
ENDSEC
  0
SECTION
  2
CLASSES
  0
CLASS
  1
ACDBDICTIONARYWDFLT
  2
AcDbDictionaryWithDefault
  3
ObjectDBX Classes
 90
        0
 91
       12
280
     0
281
     0
  0
CLASS
  1
ACDBPLACEHOLDER
  2
AcDbPlaceHolder
  3
ObjectDBX Classes
 90
        0
 91
        1
280
     0
281
     0
  0
CLASS
  1
LAYOUT
  2
AcDbLayout
  3
ObjectDBX Classes
 90
        0
 91
        1
280
     0
281
     0
  0
CLASS
  1
DICTIONARYVAR
  2
AcDbDictionaryVar
  3
ObjectDBX Classes
 90
        0
 91
        8
280
     0
281
     0
  0
CLASS
  1
TABLESTYLE
  2
AcDbTableStyle
  3
ObjectDBX Classes
 90
     4095
 91
        8
280
     0
281
     0
  0
CLASS
  1
MATERIAL
  2
AcDbMaterial
  3
ObjectDBX Classes
 90
     1153
 91
       11
280
     0
281
     0
  0
CLASS
  1
VISUALSTYLE
  2
AcDbVisualStyle
  3
ObjectDBX Classes
 90
     4095
 91
       10
280
     0
281
     0
  0
CLASS
  1
SCALE
  2
AcDbScale
  3
ObjectDBX Classes
 90
     1153
 91
       11
280
     0
281
     0
  0
CLASS
  1
MLEADERSTYLE
  2
AcDbMLeaderStyle
  3
ACDB_MLEADERSTYLE_CLASS
 90
     4095
 91
        7
280
     0
281
     0
  0
CLASS
  1
CELLSTYLEMAP
  2
AcDbCellStyleMap
  3
ObjectDBX Classes
 90
     1152
 91
        7
280
     0
281
     0
  0
CLASS
  1
EXACXREFPANELOBJECT
  2
ExAcXREFPanelObject
  3
EXAC_ESW
 90
     1025
 91
        1
280
     1
281
     0
  0
CLASS
  1
NPOCOLLECTION
  2
AcDbImpNonPersistentObjectsCollection
  3
ObjectDBX Classes
 90
     1153
 91
        1
280
     1
281
     0
  0
CLASS
  1
LAYER_INDEX
  2
AcDbLayerIndex
  3
ObjectDBX Classes
 90
        0
 91
        7
280
     0
281
     0
  0
CLASS
  1
SPATIAL_INDEX
  2
AcDbSpatialIndex
  3
AutoCAD 2000
 90
        0
 91
        7
280
     0
281
     0
  0
CLASS
  1
IDBUFFER
  2
AcDbIdBuffer
  3
ObjectDBX Classes
 90
        0
 91
        7
280
     0
281
     0
  0
CLASS
  1
Wall
  2
PtDbWall
  3
NanoSPDS
 90
      893
 91
        1
280
     1
281
     1
  0
CLASS
  1
SORTENTSTABLE
  2
AcDbSortentsTable
  3
ObjectDBX Classes
 90
        0
 91
        8
280
     0
281
     0
  0
CLASS
  1
Format
  2
mcsDbObjectFormat
  3
NanoSPDS
 90
      893
 91
        1
280
     1
281
     1
  0
CLASS
  1
NOTEPOSITION
  2
mcsDbObjectNotePosition
  3
NanoSPDS
 90
      893
 91
        7
280
     0
281
     1
  0
CLASS
  1
mcsDbObject
  2
mcsDbObject
  3
NanoSPDS
 90
      893
 91
       24
280
     0
281
     1
  0
CLASS
  1
McDbContainer2
  2
McDbContainer2
  3
NanoSPDS
 90
      893
 91
        7
280
     0
281
     0
  0
CLASS
  1
spdsLevelMark
  2
mcsDbObjectLevelMark
  3
NanoSPDS
 90
      893
 91
        1
280
     1
281
     1
  0
CLASS
  1
spdsRelationMark
  2
mcsDbObjectRelationMark
  3
NanoSPDS
 90
      893
 91
        1
280
     1
281
     1
  0
CLASS
  1
LAYOUTPRINTCONFIG
  2
CAcLayoutPrintConfig
  3
"CSD_APP"
 90
     4095
 91
        8
280
     0
281
     1
  0
CLASS
  1
SUN
  2
AcDbSun
  3
SCENEOE
 90
     1153
 91
       11
280
     0
281
     0
  0
ENDSEC
  0
SECTION
  2
TABLES
  0
TABLE
  2
VPORT
  5
8
330
0
100
AcDbSymbolTable
 70
     1
  0
VPORT
  5
EA
330
8
100
AcDbSymbolTableRecord
100
AcDbViewportTableRecord
  2
*Active
 70
     0
 10
0.0
 20
0.0
 11
1.0
 21
1.0
 12
-72.180591
 22
-84.928374
 13
0.0
 23
0.0
 14
10.0
 24
10.0
 15
10.0
 25
10.0
 16
0.0
 26
0.0
 36
1.0
 17
210.0
 27
148.5
 37
0.0
 40
42.56651
 41
2.583916
 42
50.0
 43
0.0
 44
0.0
 50
0.0
 51
0.0
 71
    16
 72
  1000
 73
     1
 74
     3
 75
     0
 76
     0
 77
     0
 78
     0
281
     0
 65
     1
110
0.0
120
0.0
130
0.0
111
1.0
121
0.0
131
0.0
112
0.0
122
1.0
132
0.0
 79
     0
146
0.0
 60
     2
 61
     5
292
     1
282
     1
141
0.0
142
0.0
 63
   250
421
  3355443
361
364
  0
ENDTAB
  0
TABLE
  2
LTYPE
  5
5
330
0
100
AcDbSymbolTable
 70
     1
  0
LTYPE
  5
14
330
5
100
AcDbSymbolTableRecord
100
AcDbLinetypeTableRecord
  2
ByBlock
 70
     0
  3

 72
    65
 73
     0
 40
0.0
  0
LTYPE
  5
15
330
5
100
AcDbSymbolTableRecord
100
AcDbLinetypeTableRecord
  2
ByLayer
 70
     0
  3

 72
    65
 73
     0
 40
0.0
  0
LTYPE
  5
16
330
5
100
AcDbSymbolTableRecord
100
AcDbLinetypeTableRecord
  2
Continuous
 70
     0
  3
Solid line
 72
    65
 73
     0
 40
0.0
  0
ENDTAB
  0
TABLE
  2
LAYER
  5
2
102
{ACAD_XDICTIONARY
360
6A5
102
}
330
0
100
AcDbSymbolTable
 70
    11
  0
LAYER
  5
10
330
2
100
AcDbSymbolTableRecord
100
AcDbLayerTableRecord
  2
0
 70
     0
 62
     7
  6
Continuous
370
    -3
390
F
347
EE
348
0
  0
LAYER
  5
22D
330
2
100
AcDbSymbolTableRecord
100
AcDbLayerTableRecord
  2
Defpoints
 70
     0
 62
     7
  6
Continuous
290
     0
370
    -3
390
F
347
EE
348
0
  0
LAYER
  5
366
102
{ACAD_XDICTIONARY
360
367
102
}
330
2
100
AcDbSymbolTableRecord
100
AcDbLayerTableRecord
  2
A-CARPINTERIAS
 70
     0
 62
   252
  6
Continuous
370
     0
390
F
347
EE
348
0
  0
LAYER
  5
36A
102
{ACAD_XDICTIONARY
360
36B
102
}
330
2
100
AcDbSymbolTableRecord
100
AcDbLayerTableRecord
  2
EST__LIVIANAS
 70
     0
 62
     1
  6
Continuous
370
     0
390
F
347
EE
348
0
  0
LAYER
  5
36D
330
2
100
AcDbSymbolTableRecord
100
AcDbLayerTableRecord
  2
1
 70
     0
 62
     1
  6
Continuous
370
     0
390
F
347
EE
348
0
  0
LAYER
  5
36E
330
2
100
AcDbSymbolTableRecord
100
AcDbLayerTableRecord
  2
MUROS
 70
     0
 62
     3
  6
Continuous
370
     0
390
F
347
EE
348
0
  0
LAYER
  5
36F
330
2
100
AcDbSymbolTableRecord
100
AcDbLayerTableRecord
  2
MURO
 70
     0
 62
     3
  6
Continuous
370
     0
390
F
347
EE
348
0
  0
LAYER
  5
370
330
2
100
AcDbSymbolTableRecord
100
AcDbLayerTableRecord
  2
MURO_VISTA
 70
     0
 62
   252
  6
Continuous
370
     0
390
F
347
EE
348
0
  0
LAYER
  5
371
330
2
100
AcDbSymbolTableRecord
100
AcDbLayerTableRecord
  2
MAMP_BLOQUE_HORMIGON_BLOQU
 70
     0
 62
    67
  6
Continuous
370
     0
390
F
347
EE
348
0
  0
LAYER
  5
372
330
2
100
AcDbSymbolTableRecord
100
AcDbLayerTableRecord
  2
MAMP_CERAMICA_VISTA
 70
     0
 62
    60
  6
Continuous
370
     0
390
F
347
EE
348
0
  0
LAYER
  5
373
330
2
100
AcDbSymbolTableRecord
100
AcDbLayerTableRecord
  2
DURLOCK
 70
     0
 62
    30
  6
Continuous
370
     0
390
F
347
EE
348
0
  0
ENDTAB
  0
TABLE
  2
STYLE
  5
3
330
0
100
AcDbSymbolTable
 70
     3
  0
STYLE
  5
11
330
3
100
AcDbSymbolTableRecord
100
AcDbTextStyleTableRecord
  2
Standard
 70
     0
 40
0.0
 41
1.0
 50
0.0
 71
     0
 42
2.5
  3
txt.shx
  4

  0
STYLE
  5
1E3
330
3
100
AcDbSymbolTableRecord
100
AcDbTextStyleTableRecord
  2

 70
     1
 40
0.0
 41
1.0
 50
0.0
 71
     0
 42
0.2
  3
GOST 2.303-68.shx
  4

  0
ENDTAB
  0
TABLE
  2
VIEW
  5
6
330
0
100
AcDbSymbolTable
 70
     0
  0
ENDTAB
  0
TABLE
  2
UCS
  5
7
330
0
100
AcDbSymbolTable
 70
     0
  0
ENDTAB
  0
TABLE
  2
APPID
  5
9
330
0
100
AcDbSymbolTable
 70
    15
  0
APPID
  5
12
330
9
100
AcDbSymbolTableRecord
100
AcDbRegAppTableRecord
  2
ACAD
 70
     0
  0
APPID
  5
9E
330
9
100
AcDbSymbolTableRecord
100
AcDbRegAppTableRecord
  2
ACAD_PSEXT
 70
     0
  0
APPID
  5
133
330
9
100
AcDbSymbolTableRecord
100
AcDbRegAppTableRecord
  2
AcadAnnoPO
 70
     0
  0
APPID
  5
134
330
9
100
AcDbSymbolTableRecord
100
AcDbRegAppTableRecord
  2
AcadAnnotative
 70
     0
  0
APPID
  5
135
330
9
100
AcDbSymbolTableRecord
100
AcDbRegAppTableRecord
  2
ACAD_DSTYLE_DIMJAG
 70
     0
  0
APPID
  5
136
330
9
100
AcDbSymbolTableRecord
100
AcDbRegAppTableRecord
  2
ACAD_DSTYLE_DIMTALN
 70
     0
  0
APPID
  5
165
330
9
100
AcDbSymbolTableRecord
100
AcDbRegAppTableRecord
  2
ACAD_MLEADERVER
 70
     0
  0
APPID
  5
1E1
330
9
100
AcDbSymbolTableRecord
100
AcDbRegAppTableRecord
  2
MCS_DIM1
 70
     0
  0
APPID
  5
1E2
330
9
100
AcDbSymbolTableRecord
100
AcDbRegAppTableRecord
  2
McsXdata5
 70
     0
  0
APPID
  5
209
330
9
100
AcDbSymbolTableRecord
100
AcDbRegAppTableRecord
  2
MCS_PARAMS_DATA
 70
     0
  0
APPID
  5
20C
330
9
100
AcDbSymbolTableRecord
100
AcDbRegAppTableRecord
  2
MCS_PARAMS_HIDDEN_DATA
 70
     0
  0
APPID
  5
34D
330
9
100
AcDbSymbolTableRecord
100
AcDbRegAppTableRecord
  2
MCS_DOCUMENT_ID
 70
     0
  0
APPID
  5
353
330
9
100
AcDbSymbolTableRecord
100
AcDbRegAppTableRecord
  2
McSubentIdentification
 70
     0
  0
APPID
  5
355
330
9
100
AcDbSymbolTableRecord
100
AcDbRegAppTableRecord
  2
MC_VERSION_DATA
 70
     0
  0
APPID
  5
377
330
9
100
AcDbSymbolTableRecord
100
AcDbRegAppTableRecord
  2
ACDBBLOCKREPETAG
 70
     0
  0
ENDTAB
  0
TABLE
  2
DIMSTYLE
  5
A
330
0
100
AcDbSymbolTable
 70
     1
100
AcDbDimStyleTable
  0
DIMSTYLE
105
1B0
330
A
100
AcDbSymbolTableRecord
100
AcDbDimStyleTableRecord
  2
Standard
 70
     0
 40
100.0
 41
2.5
 42
0.5
 43
6.0
 44
0.0
 50
45.000001
 73
     0
140
2.5
141
2.5
143
25.4
147
1.0
178
     0
340
11
345
15
346
15
347
15
  0
ENDTAB
  0
TABLE
  2
BLOCK_RECORD
  5
1
330
0
100
AcDbSymbolTable
 70
    13
  0
BLOCK_RECORD
  5
1F
102
{ACAD_XDICTIONARY
360
234
102
}
330
1
100
AcDbSymbolTableRecord
100
AcDbBlockTableRecord
  2
*Model_Space
340
22
 70
     0
280
     1
281
     0
  0
BLOCK_RECORD
  5
D6
330
1
100
AcDbSymbolTableRecord
100
AcDbBlockTableRecord
  2
*Paper_Space
340
D7
 70
     0
280
     1
281
     0
  0
BLOCK_RECORD
  5
21A
330
1
100
AcDbSymbolTableRecord
100
AcDbBlockTableRecord
  2
*Paper_Space0
340
21B
 70
     0
280
     1
281
     0
  0
BLOCK_RECORD
  5
1EC
330
1
100
AcDbSymbolTableRecord
100
AcDbBlockTableRecord
  2
_ARCHTICK
340
0
 70
     0
280
     1
281
     0
  0
BLOCK_RECORD
  5
1F4
330
1
100
AcDbSymbolTableRecord
100
AcDbBlockTableRecord
  2
_OPEN30
340
0
 70
     0
280
     1
281
     0
  0
BLOCK_RECORD
  5
1FC
330
1
100
AcDbSymbolTableRecord
100
AcDbBlockTableRecord
  2
_DOT
340
0
 70
     0
280
     1
281
     0
  0
BLOCK_RECORD
  5
224
330
1
100
AcDbSymbolTableRecord
100
AcDbBlockTableRecord
  2
*Paper_Space4
340
225
 70
     0
280
     1
281
     0
  0
BLOCK_RECORD
  5
D2
330
1
100
AcDbSymbolTableRecord
100
AcDbBlockTableRecord
  2
*Paper_Space5
340
D3
 70
     0
280
     1
281
     0
  0
BLOCK_RECORD
  5
21F
330
1
100
AcDbSymbolTableRecord
100
AcDbBlockTableRecord
  2
*Paper_Space6
340
220
 70
     0
280
     1
281
     0
  0
BLOCK_RECORD
  5
210
330
1
100
AcDbSymbolTableRecord
100
AcDbBlockTableRecord
  2
*Paper_Space7
340
211
 70
     0
280
     1
281
     0
  0
BLOCK_RECORD
  5
215
330
1
100
AcDbSymbolTableRecord
100
AcDbBlockTableRecord
  2
*Paper_Space8
340
216
 70
     0
280
     1
281
     0
  0
BLOCK_RECORD
  5
401
330
1
100
AcDbSymbolTableRecord
100
AcDbBlockTableRecord
  2
VANO_1_00_MARCO
340
0
102
{BLKREFS
331
400
331
408
102
}
 70
     0
280
     1
281
     0
  0
BLOCK_RECORD
  5
40A
330
1
100
AcDbSymbolTableRecord
100
AcDbBlockTableRecord
  2
VANO_0_80
340
0
102
{BLKREFS
331
409
331
45B
331
45E
331
461
331
464
331
467
102
}
 70
     0
280
     1
281
     0
  0
BLOCK_RECORD
  5
44B
330
1
100
AcDbSymbolTableRecord
100
AcDbBlockTableRecord
  2
VANO_90
340
0
102
{BLKREFS
331
44A
331
452
331
455
331
456
331
479
331
487
331
48C
331
491
331
496
331
4A3
331
686
331
687
331
694
102
}
 70
     0
280
     1
281
     0
  0
BLOCK_RECORD
  5
51F
330
1
100
AcDbSymbolTableRecord
100
AcDbBlockTableRecord
  2
A$C2D8E3321
340
0
102
{BLKREFS
331
51E
331
53B
331
53C
331
53D
331
53E
331
53F
331
540
331
541
331
542
331
543
331
544
331
545
331
546
331
547
331
548
331
549
331
54A
331
54B
331
650
331
651
331
652
331
653
331
654
331
655
331
656
331
657
331
658
331
659
331
65A
331
65B
331
65C
331
65E
331
65F
331
660
331
661
331
662
331
663
331
664
331
665
331
666
331
667
331
668
331
669
331
66A
331
66C
331
66D
331
66E
331
66F
331
670
331
671
331
672
331
673
331
674
331
675
331
676
331
677
331
678
331
679
102
}
 70
     0
280
     1
281
     0
  0
ENDTAB
  0
ENDSEC
  0
SECTION
  2
BLOCKS
  0
BLOCK
  5
20
330
1F
100
AcDbEntity
  8
0
100
AcDbBlockBegin
  2
*Model_Space
 70
     0
 10
0.0
 20
0.0
 30
0.0
  3
*Model_Space
  1
*Model_Space
  0
ENDBLK
  5
21
330
1F
100
AcDbEntity
  8
0
100
AcDbBlockEnd
  0
BLOCK
  5
D8
330
D6
100
AcDbEntity
 67
     1
  8
0
100
AcDbBlockBegin
  2
*Paper_Space
 70
     0
 10
0.0
 20
0.0
 30
0.0
  3
*Paper_Space
  1
*Paper_Space
  0
ENDBLK
  5
D9
330
D6
100
AcDbEntity
 67
     1
  8
0
100
AcDbBlockEnd
  0
BLOCK
  5
21C
330
21A
100
AcDbEntity
  8
0
100
AcDbBlockBegin
  2
*Paper_Space0
 70
     0
 10
0.0
 20
0.0
 30
0.0
  3
*Paper_Space0
  1
*Paper_Space0
  0
VIEWPORT
  5
21E
330
21A
100
AcDbEntity
  8
0
 48
100.0
100
AcDbViewport
 10
0.0
 20
0.0
 30
0.0
 40
840.779612
 41
486.114466
 68
     1
 69
     1
 12
328.692132
 22
196.71883
 13
0.0
 23
0.0
 14
10.0
 24
10.0
 15
10.0
 25
10.0
 16
0.0
 26
0.0
 36
1.0
 17
0.0
 27
0.0
 37
0.0
 42
50.0
 43
0.0
 44
0.0
 45
486.114466
 50
0.0
 51
0.0
 72
   100
 90
   557168
  1

281
     0
 71
     1
 74
     0
110
0.0
120
0.0
130
0.0
111
1.0
121
0.0
131
0.0
112
0.0
122
1.0
132
0.0
 79
     0
146
0.0
170
     0
 61
     5
348
F5
292
     1
282
     1
141
0.0
142
0.0
 63
   256
  0
ENDBLK
  5
21D
330
21A
100
AcDbEntity
  8
0
100
AcDbBlockEnd
  0
BLOCK
  5
1ED
330
1EC
100
AcDbEntity
  8
0
100
AcDbBlockBegin
  2
_ARCHTICK
 70
     0
 10
0.0
 20
0.0
 30
0.0
  3
_ARCHTICK
  1
_ARCHTICK
  0
POLYLINE
  5
1EF
330
1EC
100
AcDbEntity
  8
0
  6
ByBlock
 62
     0
100
AcDb2dPolyline
 66
     1
 10
0.0
 20
0.0
 30
0.0
 40
0.15
 41
0.15
  0
VERTEX
  5
1F0
330
1EF
100
AcDbEntity
  8
0
  6
ByBlock
 62
     0
100
AcDbVertex
100
AcDb2dVertex
 10
-0.5
 20
-0.5
 30
0.0
  0
VERTEX
  5
1F1
330
1EF
100
AcDbEntity
  8
0
  6
ByBlock
 62
     0
100
AcDbVertex
100
AcDb2dVertex
 10
0.5
 20
0.5
 30
0.0
  0
SEQEND
  5
1F2
330
1EF
100
AcDbEntity
  8
0
  6
ByBlock
 62
     0
  0
ENDBLK
  5
1EE
330
1EC
100
AcDbEntity
  8
0
100
AcDbBlockEnd
  0
BLOCK
  5
1F5
330
1F4
100
AcDbEntity
  8
0
100
AcDbBlockBegin
  2
_OPEN30
 70
     0
 10
0.0
 20
0.0
 30
0.0
  3
_OPEN30
  1
_OPEN30
  0
LINE
  5
1F7
330
1F4
100
AcDbEntity
  8
0
  6
ByBlock
 62
     0
370
    -2
100
AcDbLine
 10
-1.0
 20
0.267949
 30
0.0
 11
0.0
 21
0.0
 31
0.0
  0
LINE
  5
1F8
330
1F4
100
AcDbEntity
  8
0
  6
ByBlock
 62
     0
370
    -2
100
AcDbLine
 10
0.0
 20
0.0
 30
0.0
 11
-1.0
 21
-0.267949
 31
0.0
  0
LINE
  5
1F9
330
1F4
100
AcDbEntity
  8
0
  6
ByBlock
 62
     0
370
    -2
100
AcDbLine
 10
0.0
 20
0.0
 30
0.0
 11
-1.0
 21
0.0
 31
0.0
  0
ENDBLK
  5
1F6
330
1F4
100
AcDbEntity
  8
0
100
AcDbBlockEnd
  0
BLOCK
  5
1FD
330
1FC
100
AcDbEntity
  8
0
100
AcDbBlockBegin
  2
_DOT
 70
     0
 10
0.0
 20
0.0
 30
0.0
  3
_DOT
  1
_DOT
  0
POLYLINE
  5
1FF
330
1FC
100
AcDbEntity
  8
0
  6
ByBlock
 62
     0
100
AcDb2dPolyline
 66
     1
 10
0.0
 20
0.0
 30
0.0
 70
     1
 40
0.5
 41
0.5
  0
VERTEX
  5
201
330
1FF
100
AcDbEntity
  8
0
  6
ByBlock
 62
     0
100
AcDbVertex
100
AcDb2dVertex
 10
-0.25
 20
0.0
 30
0.0
 42
1.0
  0
VERTEX
  5
202
330
1FF
100
AcDbEntity
  8
0
  6
ByBlock
 62
     0
100
AcDbVertex
100
AcDb2dVertex
 10
0.25
 20
0.0
 30
0.0
 42
1.0
  0
SEQEND
  5
203
330
1FF
100
AcDbEntity
  8
0
  6
ByBlock
 62
     0
  0
LINE
  5
200
330
1FC
100
AcDbEntity
  8
0
  6
ByBlock
 62
     0
370
    -2
100
AcDbLine
 10
-0.5
 20
0.0
 30
0.0
 11
-1.0
 21
0.0
 31
0.0
  0
ENDBLK
  5
1FE
330
1FC
100
AcDbEntity
  8
0
100
AcDbBlockEnd
  0
BLOCK
  5
226
330
224
100
AcDbEntity
  8
0
100
AcDbBlockBegin
  2
*Paper_Space4
 70
     0
 10
0.0
 20
0.0
 30
0.0
  3
*Paper_Space4
  1
*Paper_Space4
  0
VIEWPORT
  5
228
330
224
100
AcDbEntity
  8
0
 48
100.0
100
AcDbViewport
 10
0.0
 20
0.0
 30
0.0
 40
1715.87676
 41
992.070339
 68
     1
 69
     1
 12
497.20797
 22
380.27835
 13
0.0
 23
0.0
 14
10.0
 24
10.0
 15
10.0
 25
10.0
 16
0.0
 26
0.0
 36
1.0
 17
0.0
 27
0.0
 37
0.0
 42
50.0
 43
0.0
 44
0.0
 45
992.070339
 50
0.0
 51
0.0
 72
   100
 90
   557168
  1

281
     0
 71
     1
 74
     0
110
0.0
120
0.0
130
0.0
111
1.0
121
0.0
131
0.0
112
0.0
122
1.0
132
0.0
 79
     0
146
0.0
170
     0
 61
     5
348
F5
292
     1
282
     1
141
0.0
142
0.0
 63
   256
  0
ENDBLK
  5
227
330
224
100
AcDbEntity
  8
0
100
AcDbBlockEnd
  0
BLOCK
  5
D4
330
D2
100
AcDbEntity
  8
0
100
AcDbBlockBegin
  2
*Paper_Space5
 70
     0
 10
0.0
 20
0.0
 30
0.0
  3
*Paper_Space5
  1
*Paper_Space5
  0
VIEWPORT
  5
229
330
D2
100
AcDbEntity
  8
0
 48
100.0
100
AcDbViewport
 10
0.0
 20
0.0
 30
0.0
 40
460.802478
 41
238.196088
 68
     1
 69
     1
 12
128.5
 22
97.5
 13
0.0
 23
0.0
 14
10.0
 24
10.0
 15
10.0
 25
10.0
 16
0.0
 26
0.0
 36
1.0
 17
0.0
 27
0.0
 37
0.0
 42
50.0
 43
0.0
 44
0.0
 45
238.196088
 50
0.0
 51
0.0
 72
   100
 90
   557168
  1

281
     0
 71
     1
 74
     0
110
0.0
120
0.0
130
0.0
111
1.0
121
0.0
131
0.0
112
0.0
122
1.0
132
0.0
 79
     0
146
0.0
170
     0
 61
     5
348
F5
292
     1
282
     1
141
0.0
142
0.0
 63
   256
  0
ENDBLK
  5
D5
330
D2
100
AcDbEntity
  8
0
100
AcDbBlockEnd
  0
BLOCK
  5
221
330
21F
100
AcDbEntity
  8
0
100
AcDbBlockBegin
  2
*Paper_Space6
 70
     0
 10
0.0
 20
0.0
 30
0.0
  3
*Paper_Space6
  1
*Paper_Space6
  0
VIEWPORT
  5
223
330
21F
100
AcDbEntity
  8
0
 48
100.0
100
AcDbViewport
 10
0.0
 20
0.0
 30
0.0
 40
1201.113732
 41
694.449237
 68
     1
 69
     1
 12
454.893705
 22
285.342469
 13
0.0
 23
0.0
 14
10.0
 24
10.0
 15
10.0
 25
10.0
 16
0.0
 26
0.0
 36
1.0
 17
0.0
 27
0.0
 37
0.0
 42
50.0
 43
0.0
 44
0.0
 45
694.449237
 50
0.0
 51
0.0
 72
   100
 90
   557168
  1

281
     0
 71
     1
 74
     0
110
0.0
120
0.0
130
0.0
111
1.0
121
0.0
131
0.0
112
0.0
122
1.0
132
0.0
 79
     0
146
0.0
170
     0
 61
     5
348
F5
292
     1
282
     1
141
0.0
142
0.0
 63
   256
  0
ENDBLK
  5
222
330
21F
100
AcDbEntity
  8
0
100
AcDbBlockEnd
  0
BLOCK
  5
212
330
210
100
AcDbEntity
  8
0
100
AcDbBlockBegin
  2
*Paper_Space7
 70
     0
 10
0.0
 20
0.0
 30
0.0
  3
*Paper_Space7
  1
*Paper_Space7
  0
VIEWPORT
  5
214
330
210
100
AcDbEntity
  8
0
 48
100.0
100
AcDbViewport
 10
0.0
 20
0.0
 30
0.0
 40
588.545729
 41
340.280126
 68
     1
 69
     1
 12
151.627136
 22
129.479246
 13
0.0
 23
0.0
 14
10.0
 24
10.0
 15
10.0
 25
10.0
 16
0.0
 26
0.0
 36
1.0
 17
0.0
 27
0.0
 37
0.0
 42
50.0
 43
0.0
 44
0.0
 45
340.280126
 50
0.0
 51
0.0
 72
   100
 90
   557168
  1

281
     0
 71
     1
 74
     0
110
0.0
120
0.0
130
0.0
111
1.0
121
0.0
131
0.0
112
0.0
122
1.0
132
0.0
 79
     0
146
0.0
170
     0
 61
     5
348
F5
292
     1
282
     1
141
0.0
142
0.0
 63
   256
  0
ENDBLK
  5
213
330
210
100
AcDbEntity
  8
0
100
AcDbBlockEnd
  0
BLOCK
  5
217
330
215
100
AcDbEntity
  8
0
100
AcDbBlockBegin
  2
*Paper_Space8
 70
     0
 10
0.0
 20
0.0
 30
0.0
  3
*Paper_Space8
  1
*Paper_Space8
  0
VIEWPORT
  5
219
330
215
100
AcDbEntity
  8
0
 48
100.0
100
AcDbViewport
 10
0.0
 20
0.0
 30
0.0
 40
588.545729
 41
340.280126
 68
     1
 69
     1
 12
213.910905
 22
130.914724
 13
0.0
 23
0.0
 14
10.0
 24
10.0
 15
10.0
 25
10.0
 16
0.0
 26
0.0
 36
1.0
 17
0.0
 27
0.0
 37
0.0
 42
50.0
 43
0.0
 44
0.0
 45
340.280126
 50
0.0
 51
0.0
 72
   100
 90
   557168
  1

281
     0
 71
     1
 74
     0
110
0.0
120
0.0
130
0.0
111
1.0
121
0.0
131
0.0
112
0.0
122
1.0
132
0.0
 79
     0
146
0.0
170
     0
 61
     5
348
F5
292
     1
282
     1
141
0.0
142
0.0
 63
   256
  0
ENDBLK
  5
218
330
215
100
AcDbEntity
  8
0
100
AcDbBlockEnd
  0
BLOCK
  5
402
330
401
100
AcDbEntity
  8
0
100
AcDbBlockBegin
  2
VANO_1_00_MARCO
 70
     0
 10
0.0
 20
0.0
 30
0.0
  3
VANO_1_00_MARCO
  1
VANO_1_00_MARCO
  0
LWPOLYLINE
  5
403
330
401
100
AcDbEntity
  8
A-CARPINTERIAS
 62
     2
100
AcDbPolyline
 90
       10
 70
     0
 43
0.0
 38
-0.561003
 10
1251927.977543
 20
650318.173906
 10
1251927.977543
 20
650308.173906
 10
1251947.977543
 20
650308.173906
 10
1251947.977543
 20
650348.173906
 10
1251957.977543
 20
650348.173906
 10
1251957.977543
 20
650388.173906
 10
1251947.977543
 20
650388.173906
 10
1251947.977543
 20
650418.173906
 10
1251927.977543
 20
650418.173906
 10
1251927.977543
 20
650408.173906
  0
LWPOLYLINE
  5
404
330
401
100
AcDbEntity
  8
A-CARPINTERIAS
 62
     2
100
AcDbPolyline
 90
       10
 70
     0
 43
0.0
 38
-0.561003
 10
1252927.977543
 20
650318.162742
 10
1252927.977543
 20
650308.162742
 10
1252907.977543
 20
650308.162742
 10
1252907.977543
 20
650348.162742
 10
1252897.977543
 20
650348.162742
 10
1252897.977543
 20
650388.162742
 10
1252907.977543
 20
650388.162742
 10
1252907.977543
 20
650418.162743
 10
1252927.977543
 20
650418.162743
 10
1252927.977543
 20
650408.162743
  0
LWPOLYLINE
  5
405
330
401
100
AcDbEntity
  8
A-CARPINTERIAS
 62
     2
100
AcDbPolyline
 90
        5
 70
     0
 43
0.0
 38
-0.561003
 10
1252907.978629
 20
650308.162742
 10
1252867.978629
 20
650308.162742
 10
1252867.978629
 20
649347.639591
 10
1252907.978629
 20
649347.639591
 10
1252907.978629
 20
650308.162742
  0
ARC
  5
406
330
401
100
AcDbEntity
  8
A-CARPINTERIAS
100
AcDbCircle
 10
1252934.110365
 20
650331.83776
 30
-0.561003
 40
986.4174786869936
100
AcDbArc
 50
181.375192
 51
266.155874
  0
ENDBLK
  5
407
330
401
100
AcDbEntity
  8
0
100
AcDbBlockEnd
  0
BLOCK
  5
40B
330
40A
100
AcDbEntity
  8
0
100
AcDbBlockBegin
  2
VANO_0_80
 70
     0
 10
0.0
 20
0.0
 30
0.0
  3
VANO_0_80
  1
VANO_0_80
  0
LWPOLYLINE
  5
40C
330
40A
100
AcDbEntity
  8
A-CARPINTERIAS
 62
     2
100
AcDbPolyline
 90
       10
 70
     0
 43
0.0
 38
1.747012
 10
1047061.946607
 20
655735.934209
 10
1047061.946607
 20
655725.934209
 10
1047081.946607
 20
655725.934209
 10
1047081.946607
 20
655765.93421
 10
1047091.946607
 20
655765.93421
 10
1047091.946607
 20
655805.934209
 10
1047081.946607
 20
655805.934209
 10
1047081.946607
 20
655845.934209
 10
1047061.946607
 20
655845.934209
 10
1047061.946607
 20
655835.934209
  0
LWPOLYLINE
  5
40D
330
40A
100
AcDbEntity
  8
A-CARPINTERIAS
 62
     2
100
AcDbPolyline
 90
       10
 70
     0
 43
0.0
 38
1.747012
 10
1047861.946607
 20
655735.934209
 10
1047861.946607
 20
655725.934209
 10
1047841.946607
 20
655725.934209
 10
1047841.946607
 20
655765.93421
 10
1047831.946607
 20
655765.93421
 10
1047831.946607
 20
655805.934209
 10
1047841.946607
 20
655805.934209
 10
1047841.946607
 20
655845.934209
 10
1047861.946607
 20
655845.934209
 10
1047861.946607
 20
655835.934209
  0
LWPOLYLINE
  5
40E
330
40A
100
AcDbEntity
  8
A-CARPINTERIAS
 62
     2
100
AcDbPolyline
 90
        5
 70
     0
 43
0.0
 38
1.747012
 10
1047081.946607
 20
655845.934209
 10
1047121.946607
 20
655845.934209
 10
1047121.946607
 20
656545.619597
 10
1047081.946607
 20
656545.619597
 10
1047081.946607
 20
655845.934209
  0
ARC
  5
40F
330
40A
100
AcDbEntity
  8
A-CARPINTERIAS
100
AcDbCircle
 10
1047085.485669
 20
655787.805149
 30
1.747012
 40
758.691069251267
100
AcDbArc
 50
4.394169
 51
87.245436
  0
ENDBLK
  5
410
330
40A
100
AcDbEntity
  8
0
100
AcDbBlockEnd
  0
BLOCK
  5
44C
330
44B
100
AcDbEntity
  8
0
100
AcDbBlockBegin
  2
VANO_90
 70
     0
 10
0.0
 20
0.0
 30
0.0
  3
VANO_90
  1
VANO_90
  0
LWPOLYLINE
  5
44D
330
44B
100
AcDbEntity
  8
A-CARPINTERIAS
 62
     2
100
AcDbPolyline
 90
       10
 70
     0
 43
0.0
 10
-99.988837
 20
900.0
 10
-109.988837
 20
900.0
 10
-109.988837
 20
880.0
 10
-69.988837
 20
880.0
 10
-69.988837
 20
870.0
 10
-29.988837
 20
870.0
 10
-29.988837
 20
880.0
 10
0.011163
 20
880.0
 10
0.011163
 20
900.0
 10
-9.988837
 20
900.0
  0
LWPOLYLINE
  5
44E
330
44B
100
AcDbEntity
  8
A-CARPINTERIAS
 62
     2
100
AcDbPolyline
 90
       10
 70
     0
 43
0.0
 10
-100.0
 20
0.0
 10
-110.0
 20
0.0
 10
-110.0
 20
20.0
 10
-70.0
 20
20.0
 10
-70.0
 20
30.0
 10
-30.0
 20
30.0
 10
-30.0
 20
20.0
 10
0.0
 20
20.0
 10
0.0
 20
0.0
 10
-10.0
 20
0.0
  0
LWPOLYLINE
  5
44F
330
44B
100
AcDbEntity
  8
A-CARPINTERIAS
 62
     2
100
AcDbPolyline
 90
        5
 70
     0
 43
0.0
 10
-110.0
 20
19.998914
 10
-110.0
 20
59.998914
 10
-970.523151
 20
59.998914
 10
-970.523151
 20
19.998914
 10
-110.0
 20
19.998914
  0
ARC
  5
450
330
44B
100
AcDbEntity
  8
A-CARPINTERIAS
100
AcDbCircle
 10
-156.752453
 20
67.539065
 30
0.0
 40
813.8056292666741
100
AcDbArc
 50
86.706474
 51
180.53087
  0
ENDBLK
  5
451
330
44B
100
AcDbEntity
  8
0
100
AcDbBlockEnd
  0
BLOCK
  5
520
330
51F
100
AcDbEntity
  8
0
100
AcDbBlockBegin
  2
A$C2D8E3321
 70
     0
 10
0.0
 20
0.0
 30
0.0
  3
A$C2D8E3321
  1
A$C2D8E3321
  0
HATCH
  5
521
330
51F
100
AcDbEntity
  8
MAMP_BLOQUE_HORMIGON_BLOQU
  6
Continuous
 62
   253
100
AcDbHatch
 10
0.0
 20
0.0
 30
0.0
210
0.0
220
0.0
230
1.0
  2
AR-CONC
 70
     0
 71
     1
 91
        3
 92
        7
 72
     0
 73
     1
 93
        4
 10
0.0012671790318564
 20
189.9998704246463
 10
0.0012671789736203
 20
-0.0001295753536397
 10
390.0012671789736
 20
-0.0001295753536397
 10
390.0012671789736
 20
189.9998704246463
 97
        4
330
522
330
525
330
523
330
524
 92
       22
 72
     1
 73
     1
 93
       10
 10
213.8930400940837
 20
149.8174840248862
 42
0.0
 10
256.0012671790319
 20
162.5426239273729
 42
0.0
 10
356.0012671790319
 20
162.5426239273729
 42
-0.4142135623730951
 10
368.0012671790319
 20
150.5426239273729
 42
0.0
 10
368.0012671790319
 20
38.60801684765466
 42
-0.4142135623730951
 10
356.0012671790319
 20
26.60801684765465
 42
0.0
 10
256.0012671790319
 20
26.60801684765465
 42
0.0
 10
213.8930400940837
 20
39.33315675014132
 42
-0.3152016444507659
 10
206.0012671790318
 20
50.60801684765465
 42
0.0
 10
206.0012671790318
 20
138.5426239273729
 42
-0.3152016444507653
 97
       10
330
52D
330
526
330
52A
330
528
330
52B
330
527
330
52F
330
52E
330
529
330
52C
 92
       22
 72
     1
 73
     1
 93
       10
 10
184.0012671790318
 20
138.5426239273729
 42
0.0
 10
184.0012671790318
 20
50.60801684765465
 42
-0.3152016444507655
 10
176.10949426398
 20
39.33315675014132
 42
0.0
 10
134.0012671790318
 20
26.60801684765465
 42
0.0
 10
34.00126717903186
 20
26.60801684765465
 42
-0.4142135623730951
 10
22.00126717903186
 20
38.60801684765466
 42
0.0
 10
22.00126717903186
 20
150.5426239273729
 42
-0.4142135623730951
 10
34.00126717903186
 20
162.5426239273729
 42
0.0
 10
134.0012671790318
 20
162.5426239273729
 42
0.0
 10
176.10949426398
 20
149.8174840248862
 42
-0.3152016444507655
 97
       10
330
533
330
538
330
539
330
531
330
535
330
532
330
534
330
530
330
537
330
536
 75
     0
 76
     1
 52
0.0
 41
0.2
 77
     0
 78
    13
 53
49.99999999999999
 43
-279883.1439691881
 44
27804.64998770201
 45
36.43693379920079
 46
-3.187817107780616
 79
     2
 49
3.81
 49
-41.90999999999999
 53
355.0
 43
-279883.1439691881
 44
27804.64998770201
 45
-7.048684284993866
 46
38.21136904780703
 79
     2
 49
3.048
 49
-33.52811683400001
 53
100.4514446999999
 43
-279880.1075677881
 44
27804.38433700201
 45
29.38824941807066
 46
35.02355038243902
 79
     2
 49
3.238001759999999
 49
-35.61804892
 53
46.1842
 43
-279883.1439691881
 44
27814.80998770201
 45
54.21580817842599
 46
-8.408465586545429
 79
     2
 49
5.714999999999997
 49
-62.865
 53
96.63555760999992
 43
-279878.6259891881
 44
27814.10928770201
 45
47.4808268103006
 46
49.48522491954432
 79
     2
 49
4.857004628
 49
-53.42712163199999
 53
351.18415117
 43
-279883.1439691881
 44
27814.80998770201
 45
47.4808268129954
 46
49.48522491710654
 79
     2
 49
4.571993414
 49
-50.291946384
 53
21.0
 43
-279878.0639691881
 44
27812.26998770201
 45
30.32287825382649
 46
-20.45303963741752
 79
     2
 49
3.81
 49
-41.90999999999999
 53
325.9999999999999
 43
-279878.0639691881
 44
27812.26998770201
 45
12.36040566952941
 46
36.83759322446385
 79
     2
 49
3.048
 49
-33.528
 53
71.45144499999998
 43
-279875.537062668
 44
27810.56556772201
 45
42.68328385574323
 46
16.38455377718105
 79
     2
 49
3.238001759999999
 49
-35.61798752
 53
37.50000000000001
 43
-279883.1439691881
 44
27804.64998770201
 45
0.6177206501183635
 46
16.91100777463062
 79
     6
 49
0.0
 49
-33.1216
 49
0.0
 49
-34.036
 49
0.0
 49
-33.655
 53
7.5
 43
-279883.1439691881
 44
27804.64998770201
 45
13.36393250206115
 46
20.0361149636239
 79
     6
 49
0.0
 49
-19.4056
 49
0.0
 49
-32.3596
 49
0.0
 49
-12.827
 53
327.4999999999999
 43
-279894.4723691881
 44
27804.64998770201
 45
27.11811903337428
 46
-1.14574879853469
 79
     6
 49
0.0
 49
-12.7
 49
0.0
 49
-39.624
 49
0.0
 49
-52.578
 53
317.5
 43
-279899.5523691881
 44
27804.64998770201
 45
29.62583627720361
 46
5.085298206666601
 79
     6
 49
0.0
 49
-16.51
 49
0.0
 49
-26.3144
 49
0.0
 49
-37.338
 47
1.051238
 98
        3
 10
197.9368908759206
 20
143.2842232191469
 10
197.9368908759206
 20
143.2842232191469
 10
197.9368908759206
 20
143.2842232191469
  0
LINE
  5
522
102
{ACAD_REACTORS
330
521
102
}
330
51F
100
AcDbEntity
  8
0
100
AcDbLine
 10
390.001267
 20
189.99987
 30
0.0
 11
0.001267
 21
189.99987
 31
0.0
1001
ACDBBLOCKREPETAG
1070
     1
1071
        0
1005
0
  0
LINE
  5
523
102
{ACAD_REACTORS
330
521
102
}
330
51F
100
AcDbEntity
  8
0
100
AcDbLine
 10
390.001267
 20
-0.00013
 30
0.0
 11
0.001267
 21
-0.00013
 31
0.0
1001
ACDBBLOCKREPETAG
1070
     1
1071
        1
1005
0
  0
LINE
  5
524
102
{ACAD_REACTORS
330
521
102
}
330
51F
100
AcDbEntity
  8
0
100
AcDbLine
 10
390.001267
 20
189.99987
 30
0.0
 11
390.001267
 21
-0.00013
 31
0.0
1001
ACDBBLOCKREPETAG
1070
     1
1071
        2
1005
524
  0
LINE
  5
525
102
{ACAD_REACTORS
330
521
102
}
330
51F
100
AcDbEntity
  8
0
100
AcDbLine
 10
0.001267
 20
189.99987
 30
0.0
 11
0.001267
 21
-0.00013
 31
0.0
1001
ACDBBLOCKREPETAG
1070
     1
1071
        3
1005
525
  0
LINE
  5
526
102
{ACAD_REACTORS
330
521
102
}
330
51F
100
AcDbEntity
  8
0
100
AcDbLine
 10
356.001267
 20
162.542624
 30
0.0
 11
256.001267
 21
162.542624
 31
0.0
1001
ACDBBLOCKREPETAG
1070
     1
1071
        4
1005
526
  0
LINE
  5
527
102
{ACAD_REACTORS
330
521
102
}
330
51F
100
AcDbEntity
  8
0
100
AcDbLine
 10
356.001267
 20
26.608017
 30
0.0
 11
256.001267
 21
26.608017
 31
0.0
1001
ACDBBLOCKREPETAG
1070
     1
1071
        5
1005
527
  0
LINE
  5
528
102
{ACAD_REACTORS
330
521
102
}
330
51F
100
AcDbEntity
  8
0
100
AcDbLine
 10
368.001267
 20
150.542624
 30
0.0
 11
368.001267
 21
38.608017
 31
0.0
1001
ACDBBLOCKREPETAG
1070
     1
1071
        6
1005
528
  0
LINE
  5
529
102
{ACAD_REACTORS
330
521
102
}
330
51F
100
AcDbEntity
  8
0
100
AcDbLine
 10
206.001267
 20
138.542624
 30
0.0
 11
206.001267
 21
50.608017
 31
0.0
1001
ACDBBLOCKREPETAG
1070
     1
1071
        7
1005
529
  0
ARC
  5
52A
102
{ACAD_REACTORS
330
521
102
}
330
51F
100
AcDbEntity
  8
0
100
AcDbCircle
 10
356.001267
 20
150.542624
 30
0.0
 40
12.0
100
AcDbArc
 50
0.0
 51
90.0
1001
ACDBBLOCKREPETAG
1070
     1
1071
        8
1005
52A
  0
ARC
  5
52B
102
{ACAD_REACTORS
330
521
102
}
330
51F
100
AcDbEntity
  8
0
100
AcDbCircle
 10
356.001267
 20
38.608017
 30
0.0
 40
12.0
100
AcDbArc
 50
270.0
 51
0.0
1001
ACDBBLOCKREPETAG
1070
     1
1071
        9
1005
52B
  0
ARC
  5
52C
102
{ACAD_REACTORS
330
521
102
}
330
51F
100
AcDbEntity
  8
0
100
AcDbCircle
 10
218.001267
 20
138.542624
 30
0.0
 40
12.0
100
AcDbArc
 50
110.020251
 51
180.0
1001
ACDBBLOCKREPETAG
1070
     1
1071
       10
1005
52C
  0
LINE
  5
52D
102
{ACAD_REACTORS
330
521
102
}
330
51F
100
AcDbEntity
  8
0
100
AcDbLine
 10
213.89304
 20
149.817484
 30
0.0
 11
256.001267
 21
162.542624
 31
0.0
1001
ACDBBLOCKREPETAG
1070
     1
1071
       11
1005
52D
  0
ARC
  5
52E
102
{ACAD_REACTORS
330
521
102
}
330
51F
100
AcDbEntity
  8
0
100
AcDbCircle
 10
218.001267
 20
50.608017
 30
0.0
 40
12.0
100
AcDbArc
 50
180.0
 51
249.979749
1001
ACDBBLOCKREPETAG
1070
     1
1071
       12
1005
52E
  0
LINE
  5
52F
102
{ACAD_REACTORS
330
521
102
}
330
51F
100
AcDbEntity
  8
0
100
AcDbLine
 10
213.89304
 20
39.333157
 30
0.0
 11
256.001267
 21
26.608017
 31
0.0
1001
ACDBBLOCKREPETAG
1070
     1
1071
       13
1005
52F
  0
LINE
  5
530
102
{ACAD_REACTORS
330
521
102
}
330
51F
100
AcDbEntity
  8
0
100
AcDbLine
 10
34.001267
 20
162.542624
 30
0.0
 11
134.001267
 21
162.542624
 31
0.0
1001
ACDBBLOCKREPETAG
1070
     1
1071
       14
1005
530
  0
LINE
  5
531
102
{ACAD_REACTORS
330
521
102
}
330
51F
100
AcDbEntity
  8
0
100
AcDbLine
 10
34.001267
 20
26.608017
 30
0.0
 11
134.001267
 21
26.608017
 31
0.0
1001
ACDBBLOCKREPETAG
1070
     1
1071
       15
1005
531
  0
LINE
  5
532
102
{ACAD_REACTORS
330
521
102
}
330
51F
100
AcDbEntity
  8
0
100
AcDbLine
 10
22.001267
 20
150.542624
 30
0.0
 11
22.001267
 21
38.608017
 31
0.0
1001
ACDBBLOCKREPETAG
1070
     1
1071
       16
1005
532
  0
LINE
  5
533
102
{ACAD_REACTORS
330
521
102
}
330
51F
100
AcDbEntity
  8
0
100
AcDbLine
 10
184.001267
 20
138.542624
 30
0.0
 11
184.001267
 21
50.608017
 31
0.0
1001
ACDBBLOCKREPETAG
1070
     1
1071
       17
1005
533
  0
ARC
  5
534
102
{ACAD_REACTORS
330
521
102
}
330
51F
100
AcDbEntity
  8
0
100
AcDbCircle
 10
34.001267
 20
150.542624
 30
0.0
 40
12.0
100
AcDbArc
 50
90.0
 51
180.0
1001
ACDBBLOCKREPETAG
1070
     1
1071
       18
1005
534
  0
ARC
  5
535
102
{ACAD_REACTORS
330
521
102
}
330
51F
100
AcDbEntity
  8
0
100
AcDbCircle
 10
34.001267
 20
38.608017
 30
0.0
 40
12.0
100
AcDbArc
 50
180.0
 51
270.0
1001
ACDBBLOCKREPETAG
1070
     1
1071
       19
1005
535
  0
ARC
  5
536
102
{ACAD_REACTORS
330
521
102
}
330
51F
100
AcDbEntity
  8
0
100
AcDbCircle
 10
172.001267
 20
138.542624
 30
0.0
 40
12.0
100
AcDbArc
 50
0.0
 51
69.979749
1001
ACDBBLOCKREPETAG
1070
     1
1071
       20
1005
536
  0
LINE
  5
537
102
{ACAD_REACTORS
330
521
102
}
330
51F
100
AcDbEntity
  8
0
100
AcDbLine
 10
176.109494
 20
149.817484
 30
0.0
 11
134.001267
 21
162.542624
 31
0.0
1001
ACDBBLOCKREPETAG
1070
     1
1071
       21
1005
537
  0
ARC
  5
538
102
{ACAD_REACTORS
330
521
102
}
330
51F
100
AcDbEntity
  8
0
100
AcDbCircle
 10
172.001267
 20
50.608017
 30
0.0
 40
12.0
100
AcDbArc
 50
290.020251
 51
0.0
1001
ACDBBLOCKREPETAG
1070
     1
1071
       22
1005
538
  0
LINE
  5
539
102
{ACAD_REACTORS
330
521
102
}
330
51F
100
AcDbEntity
  8
0
100
AcDbLine
 10
176.109494
 20
39.333157
 30
0.0
 11
134.001267
 21
26.608017
 31
0.0
1001
ACDBBLOCKREPETAG
1070
     1
1071
       23
1005
539
  0
ENDBLK
  5
53A
330
51F
100
AcDbEntity
  8
0
100
AcDbBlockEnd
  0
ENDSEC
  0
SECTION
  2
ENTITIES
  0
LWPOLYLINE
  5
395
330
1F
100
AcDbEntity
  8
MURO_VISTA
100
AcDbPolyline
 90
        4
 70
     0
 43
0.0
 38
5.314108
 10
148.421078
 20
54.360463
 10
147.886111
 20
54.360462
 10
147.886111
 20
54.290493
 10
148.421078
 20
54.290493
  0
LINE
  5
396
330
1F
100
AcDbEntity
  8
MAMP_BLOQUE_HORMIGON_BLOQU
100
AcDbLine
 10
126.576083
 20
60.729309
 30
0.854832
 11
126.386083
 21
60.729309
 31
0.854832
  0
HATCH
  5
397
330
1F
100
AcDbEntity
  8
MAMP_BLOQUE_HORMIGON_BLOQU
  6
Continuous
 62
   253
100
AcDbHatch
 10
0.0
 20
0.0
 30
0.854832
210
0.0
220
0.0
230
1.0
  2
AR-CONC
 70
     0
 71
     0
 91
        2
 92
       22
 72
     1
 73
     1
 93
       10
 10
126.5246252817406
 20
60.91330859332577
 42
0.0
 10
126.4366906746827
 20
60.91330859332577
 42
0.3152016444507655
 10
126.4254158145732
 20
60.90541682039968
 42
0.0
 10
126.4126906746633
 20
60.86330859331558
 42
0.0
 10
126.4126906746633
 20
60.76330859332431
 42
0.4142135623730951
 10
126.4246906746657
 20
60.7513085933255
 42
0.0
 10
126.536625281743
 20
60.7513085933255
 42
0.4142135623730951
 10
126.54862528176
 20
60.76330859332431
 42
0.0
 10
126.54862528176
 20
60.86330859331558
 42
0.0
 10
126.5362883473817
 20
60.9041322257339
 42
0.3462347889155448
 97
        0
 92
        5
 93
        4
 72
     1
 10
126.3860825282418
 20
60.92430859332437
 11
126.5760825282441
 21
60.92430859332437
 72
     1
 10
126.5760825282441
 20
60.92430859332437
 11
126.5760825282441
 21
60.72930859332466
 72
     1
 10
126.5760825282441
 20
60.72930859332466
 11
126.3860825282418
 21
60.72930859332466
 72
     1
 10
126.3860825282418
 20
60.72930859332466
 11
126.3860825282418
 21
60.92430859331709
 97
        0
 75
     0
 76
     1
 52
270.0
 41
0.0002
 77
     0
 78
    13
 53
319.9999999999997
 43
154.1907326455212
 44
337.6124538296839
 45
-0.0031878171077807
 46
-0.0364369337992008
 79
     2
 49
0.00381
 49
-0.0419099999999998
 53
264.9999999999998
 43
154.1907326455212
 44
337.6124538296839
 45
0.038211369047807
 46
0.0070486842849938
 79
     2
 49
0.003048
 49
-0.0335281168339998
 53
10.45144469999981
 43
154.1904669948372
 44
337.609417428282
 45
0.035023550382439
 46
-0.0293882494180707
 79
     2
 49
0.00323800176
 49
-0.0356180489199998
 53
316.1841999999999
 43
154.200892645541
 44
337.6124538296839
 45
-0.0084084655865455
 46
-0.054215808178426
 79
     2
 49
0.005715
 49
-0.062865
 53
6.635557609999799
 43
154.2001919455315
 44
337.6079358496985
 45
0.0494852249195443
 46
-0.0474808268103007
 79
     2
 49
0.004857004628
 49
-0.053427121632
 53
261.1841511699998
 43
154.200892645541
 44
337.6124538296839
 45
0.0494852249171065
 46
-0.0474808268129955
 79
     2
 49
0.004571993414
 49
-0.050291946384
 53
290.9999999999998
 43
154.1983526455106
 44
337.6073738296813
 45
-0.0204530396374176
 46
-0.0303228782538265
 79
     2
 49
0.00381
 49
-0.0419099999999999
 53
235.9999999999999
 43
154.1983526455106
 44
337.6073738296813
 45
0.0368375932244639
 46
-0.0123604056695295
 79
     2
 49
0.003048
 49
-0.0335279999999999
 53
341.4514449999999
 43
154.1966482255621
 44
337.6048469231623
 45
0.016384553777181
 46
-0.0426832838557433
 79
     2
 49
0.00323800176
 49
-0.0356179875199998
 53
307.4999999999998
 43
154.1907326455212
 44
337.6124538296839
 45
0.0169110077746306
 46
-0.0006177206501184
 79
     6
 49
0.0
 49
-0.0331216
 49
0.0
 49
-0.034036
 49
0.0
 49
-0.0336549999999999
 53
277.4999999999997
 43
154.1907326455212
 44
337.6124538296839
 45
0.0200361149636239
 46
-0.0133639325020612
 79
     6
 49
0.0
 49
-0.0194056
 49
0.0
 49
-0.0323596
 49
0.0
 49
-0.012827
 53
237.4999999999998
 43
154.1907326455212
 44
337.6237822296839
 45
-0.0011457487985347
 46
-0.0271181190333743
 79
     6
 49
0.0
 49
-0.0127
 49
0.0
 49
-0.0396239999999998
 49
0.0
 49
-0.0525779999999998
 53
227.4999999999997
 43
154.1907326455212
 44
337.6288622296829
 45
0.0050852982066666
 46
-0.0296258362772036
 79
     6
 49
0.0
 49
-0.01651
 49
0.0
 49
-0.0263144
 49
0.0
 49
-0.037338
 47
1.051238
 98
        3
 10
126.5293668810436
 20
60.92724421701625
 10
126.5293668810436
 20
60.92724421701625
 10
126.481082528243
 20
60.82680859332451
  0
LINE
  5
398
330
1F
100
AcDbEntity
  8
MAMP_BLOQUE_HORMIGON_BLOQU
100
AcDbLine
 10
126.386083
 20
60.924309
 30
0.854832
 11
126.386083
 21
60.729309
 31
0.854832
  0
LINE
  5
399
330
1F
100
AcDbEntity
  8
MAMP_BLOQUE_HORMIGON_BLOQU
100
AcDbLine
 10
126.576083
 20
60.924309
 30
0.854832
 11
126.386083
 21
60.924309
 31
0.854832
  0
LINE
  5
39A
330
1F
100
AcDbEntity
  8
MAMP_BLOQUE_HORMIGON_BLOQU
100
AcDbLine
 10
126.576083
 20
60.924309
 30
0.854832
 11
126.576083
 21
60.729309
 31
0.854832
  0
LINE
  5
39B
330
1F
100
AcDbEntity
  8
MAMP_BLOQUE_HORMIGON_BLOQU
100
AcDbLine
 10
126.386083
 20
60.924309
 30
0.854832
 11
126.386083
 21
60.729309
 31
0.854832
  0
LINE
  5
39C
330
1F
100
AcDbEntity
  8
MAMP_BLOQUE_HORMIGON_BLOQU
100
AcDbLine
 10
126.548625
 20
60.763309
 30
0.854832
 11
126.548625
 21
60.863309
 31
0.854832
  0
LINE
  5
39D
330
1F
100
AcDbEntity
  8
MAMP_BLOQUE_HORMIGON_BLOQU
100
AcDbLine
 10
126.412691
 20
60.763309
 30
0.854832
 11
126.412691
 21
60.863309
 31
0.854832
  0
LINE
  5
39E
330
1F
100
AcDbEntity
  8
MAMP_BLOQUE_HORMIGON_BLOQU
100
AcDbLine
 10
126.536625
 20
60.751309
 30
0.854832
 11
126.424691
 21
60.751309
 31
0.854832
  0
LINE
  5
39F
330
1F
100
AcDbEntity
  8
MAMP_BLOQUE_HORMIGON_BLOQU
100
AcDbLine
 10
126.524625
 20
60.913309
 30
0.854832
 11
126.436691
 21
60.913309
 31
0.854832
  0
ARC
  5
3A0
330
1F
100
AcDbEntity
  8
MAMP_BLOQUE_HORMIGON_BLOQU
100
AcDbCircle
 10
126.536625
 20
60.763309
 30
0.854832
 40
0.012
100
AcDbArc
 50
270.0
 51
0.0
  0
ARC
  5
3A1
330
1F
100
AcDbEntity
  8
MAMP_BLOQUE_HORMIGON_BLOQU
100
AcDbCircle
 10
126.424691
 20
60.763309
 30
0.854832
 40
0.012
100
AcDbArc
 50
180.0
 51
270.0
  0
ARC
  5
3A2
330
1F
100
AcDbEntity
  8
MAMP_BLOQUE_HORMIGON_BLOQU
100
AcDbCircle
 10
126.524625
 20
60.901309
 30
0.854832
 40
0.012
100
AcDbArc
 50
20.020251
 51
90.0
  0
LINE
  5
3A3
330
1F
100
AcDbEntity
  8
MAMP_BLOQUE_HORMIGON_BLOQU
100
AcDbLine
 10
126.5359
 20
60.905417
 30
0.854832
 11
126.548625
 21
60.863309
 31
0.854832
  0
ARC
  5
3A4
330
1F
100
AcDbEntity
  8
MAMP_BLOQUE_HORMIGON_BLOQU
100
AcDbCircle
 10
126.436691
 20
60.901309
 30
0.854832
 40
0.012
100
AcDbArc
 50
90.0
 51
159.979749
  0
LINE
  5
3A5
330
1F
100
AcDbEntity
  8
MAMP_BLOQUE_HORMIGON_BLOQU
100
AcDbLine
 10
126.425416
 20
60.905417
 30
0.854832
 11
126.412691
 21
60.863309
 31
0.854832
  0
LINE
  5
3A6
330
1F
100
AcDbEntity
  8
MAMP_BLOQUE_HORMIGON_BLOQU
100
AcDbLine
 10
126.576083
 20
60.729309
 30
0.854832
 11
126.576083
 21
60.924309
 31
0.854832
  0
ARC
  5
3A7
330
1F
100
AcDbEntity
  8
MAMP_BLOQUE_HORMIGON_BLOQU
100
AcDbCircle
 10
126.436691
 20
60.901309
 30
0.854832
 40
0.012
100
AcDbArc
 50
90.0
 51
159.979749
  0
LINE
  5
3A8
330
1F
100
AcDbEntity
  8
MAMP_BLOQUE_HORMIGON_BLOQU
100
AcDbLine
 10
126.576067
 20
58.304427
 30
0.001406
 11
126.386067
 21
58.304427
 31
0.001406
  0
HATCH
  5
3A9
330
1F
100
AcDbEntity
  8
MAMP_BLOQUE_HORMIGON_BLOQU
  6
Continuous
 62
   253
100
AcDbHatch
 10
0.0
 20
0.0
 30
0.001406
210
0.0
220
0.0
230
1.0
  2
AR-CONC
 70
     0
 71
     0
 91
        2
 92
       22
 72
     1
 73
     1
 93
       10
 10
126.5246095096036
 20
58.48842748315421
 42
0.0
 10
126.4366749025021
 20
58.48842748315421
 42
0.3152016444507655
 10
126.4254000424071
 20
58.48053571024268
 42
0.0
 10
126.4126749025118
 20
58.43842748315494
 42
0.0
 10
126.4126749025118
 20
58.33842748315276
 42
0.4142135623730951
 10
126.4246749025142
 20
58.32642748315395
 42
0.0
 10
126.5366095095769
 20
58.32642748315395
 42
0.4142135623730951
 10
126.5486095095794
 20
58.33842748315276
 42
0.0
 10
126.5486095095794
 20
58.43842748315494
 42
0.0
 10
126.5362725752302
 20
58.4792511155769
 42
0.3462347889155448
 97
        0
 92
        5
 93
        4
 72
     1
 10
126.3860667560757
 20
58.49942748315281
 11
126.576066756078
 21
58.49942748315281
 72
     1
 10
126.576066756078
 20
58.49942748315281
 11
126.576066756078
 21
58.30442748315311
 72
     1
 10
126.576066756078
 20
58.30442748315311
 11
126.3860667560757
 21
58.30442748315311
 72
     1
 10
126.3860667560757
 20
58.30442748315311
 11
126.3860667560757
 21
58.49942748315281
 97
        0
 75
     0
 76
     1
 52
270.0
 41
0.0002
 77
     0
 78
    13
 53
319.9999999999997
 43
154.1907168733551
 44
335.187572719516
 45
-0.0031878171077807
 46
-0.0364369337992008
 79
     2
 49
0.00381
 49
-0.0419099999999998
 53
264.9999999999998
 43
154.1907168733551
 44
335.187572719516
 45
0.038211369047807
 46
0.0070486842849938
 79
     2
 49
0.003048
 49
-0.0335281168339998
 53
10.45144469999981
 43
154.1904512226711
 44
335.184536318125
 45
0.035023550382439
 46
-0.0293882494180707
 79
     2
 49
0.00323800176
 49
-0.0356180489199998
 53
316.1841999999999
 43
154.2008768733604
 44
335.187572719516
 45
-0.0084084655865455
 46
-0.054215808178426
 79
     2
 49
0.005715
 49
-0.062865
 53
6.635557609999799
 43
154.2001761733509
 44
335.1830547395161
 45
0.0494852249195443
 46
-0.0474808268103007
 79
     2
 49
0.004857004628
 49
-0.053427121632
 53
261.1841511699998
 43
154.2008768733604
 44
335.187572719516
 45
0.0494852249171065
 46
-0.0474808268129955
 79
     2
 49
0.004571993414
 49
-0.050291946384
 53
290.9999999999998
 43
154.1983368733736
 44
335.1824927195279
 45
-0.0204530396374176
 46
-0.0303228782538265
 79
     2
 49
0.00381
 49
-0.0419099999999999
 53
235.9999999999999
 43
154.1983368733736
 44
335.1824927195279
 45
0.0368375932244639
 46
-0.0123604056695295
 79
     2
 49
0.003048
 49
-0.0335279999999999
 53
341.4514449999999
 43
154.1966324533814
 44
335.1799658130016
 45
0.016384553777181
 46
-0.0426832838557433
 79
     2
 49
0.00323800176
 49
-0.0356179875199998
 53
307.4999999999998
 43
154.1907168733551
 44
335.187572719516
 45
0.0169110077746306
 46
-0.0006177206501184
 79
     6
 49
0.0
 49
-0.0331216
 49
0.0
 49
-0.034036
 49
0.0
 49
-0.0336549999999999
 53
277.4999999999997
 43
154.1907168733551
 44
335.187572719516
 45
0.0200361149636239
 46
-0.0133639325020612
 79
     6
 49
0.0
 49
-0.0194056
 49
0.0
 49
-0.0323596
 49
0.0
 49
-0.012827
 53
237.4999999999998
 43
154.1907168733551
 44
335.1989011195159
 45
-0.0011457487985347
 46
-0.0271181190333743
 79
     6
 49
0.0
 49
-0.0127
 49
0.0
 49
-0.0396239999999998
 49
0.0
 49
-0.0525779999999998
 53
227.4999999999997
 43
154.1907168733551
 44
335.2039811195258
 45
0.0050852982066666
 46
-0.0296258362772036
 79
     6
 49
0.0
 49
-0.01651
 49
0.0
 49
-0.0263144
 49
0.0
 49
-0.037338
 47
1.051238
 98
        3
 10
126.5293511088776
 20
58.50236310685197
 10
126.5293511088776
 20
58.50236310685197
 10
126.4810667560769
 20
58.40192748315296
  0
LINE
  5
3AA
330
1F
100
AcDbEntity
  8
MAMP_BLOQUE_HORMIGON_BLOQU
100
AcDbLine
 10
126.386067
 20
58.499427
 30
0.001406
 11
126.386067
 21
58.304427
 31
0.001406
  0
LINE
  5
3AB
330
1F
100
AcDbEntity
  8
MAMP_BLOQUE_HORMIGON_BLOQU
100
AcDbLine
 10
126.576067
 20
58.499427
 30
0.001406
 11
126.386067
 21
58.499427
 31
0.001406
  0
LINE
  5
3AC
330
1F
100
AcDbEntity
  8
MAMP_BLOQUE_HORMIGON_BLOQU
100
AcDbLine
 10
126.576067
 20
58.499427
 30
0.001406
 11
126.576067
 21
58.304427
 31
0.001406
  0
LINE
  5
3AD
330
1F
100
AcDbEntity
  8
MAMP_BLOQUE_HORMIGON_BLOQU
100
AcDbLine
 10
126.386067
 20
58.499427
 30
0.001406
 11
126.386067
 21
58.304427
 31
0.001406
  0
LINE
  5
3AE
330
1F
100
AcDbEntity
  8
MAMP_BLOQUE_HORMIGON_BLOQU
100
AcDbLine
 10
126.54861
 20
58.338427
 30
0.001406
 11
126.54861
 21
58.438427
 31
0.001406
  0
LINE
  5
3AF
330
1F
100
AcDbEntity
  8
MAMP_BLOQUE_HORMIGON_BLOQU
100
AcDbLine
 10
126.412675
 20
58.338427
 30
0.001406
 11
126.412675
 21
58.438427
 31
0.001406
  0
LINE
  5
3B0
330
1F
100
AcDbEntity
  8
MAMP_BLOQUE_HORMIGON_BLOQU
100
AcDbLine
 10
126.53661
 20
58.326427
 30
0.001406
 11
126.424675
 21
58.326427
 31
0.001406
  0
LINE
  5
3B1
330
1F
100
AcDbEntity
  8
MAMP_BLOQUE_HORMIGON_BLOQU
100
AcDbLine
 10
126.52461
 20
58.488427
 30
0.001406
 11
126.436675
 21
58.488427
 31
0.001406
  0
ARC
  5
3B2
330
1F
100
AcDbEntity
  8
MAMP_BLOQUE_HORMIGON_BLOQU
100
AcDbCircle
 10
126.53661
 20
58.338427
 30
0.001406
 40
0.012
100
AcDbArc
 50
270.0
 51
0.0
  0
ARC
  5
3B3
330
1F
100
AcDbEntity
  8
MAMP_BLOQUE_HORMIGON_BLOQU
100
AcDbCircle
 10
126.424675
 20
58.338427
 30
0.001406
 40
0.012
100
AcDbArc
 50
180.0
 51
270.0
  0
ARC
  5
3B4
330
1F
100
AcDbEntity
  8
MAMP_BLOQUE_HORMIGON_BLOQU
100
AcDbCircle
 10
126.52461
 20
58.476427
 30
0.001406
 40
0.012
100
AcDbArc
 50
20.020251
 51
90.0
  0
LINE
  5
3B5
330
1F
100
AcDbEntity
  8
MAMP_BLOQUE_HORMIGON_BLOQU
100
AcDbLine
 10
126.535884
 20
58.480536
 30
0.001406
 11
126.54861
 21
58.438427
 31
0.001406
  0
ARC
  5
3B6
330
1F
100
AcDbEntity
  8
MAMP_BLOQUE_HORMIGON_BLOQU
100
AcDbCircle
 10
126.436675
 20
58.476427
 30
0.001406
 40
0.012
100
AcDbArc
 50
90.0
 51
159.979749
  0
LINE
  5
3B7
330
1F
100
AcDbEntity
  8
MAMP_BLOQUE_HORMIGON_BLOQU
100
AcDbLine
 10
126.4254
 20
58.480536
 30
0.001406
 11
126.412675
 21
58.438427
 31
0.001406
  0
LINE
  5
3B8
330
1F
100
AcDbEntity
  8
MAMP_BLOQUE_HORMIGON_BLOQU
100
AcDbLine
 10
126.576067
 20
58.304427
 30
0.001406
 11
126.576067
 21
58.499427
 31
0.001406
  0
ARC
  5
3B9
330
1F
100
AcDbEntity
  8
MAMP_BLOQUE_HORMIGON_BLOQU
100
AcDbCircle
 10
126.436675
 20
58.476427
 30
0.001406
 40
0.012
100
AcDbArc
 50
90.0
 51
159.979749
  0
LWPOLYLINE
  5
3BA
330
1F
100
AcDbEntity
  8
A-CARPINTERIAS
100
AcDbPolyline
 90
        4
 70
     1
 43
0.0
 38
5.314108
 10
137.180808
 20
50.100466
 10
140.180778
 20
50.100537
 10
140.180778
 20
50.010546
 10
137.180808
 20
50.010475
  0
LWPOLYLINE
  5
3BB
330
1F
100
AcDbEntity
  8
A-CARPINTERIAS
100
AcDbPolyline
 90
        4
 70
     1
 43
0.0
 38
1.061223
 10
130.889294
 20
84.240481
 10
130.849319
 20
84.240481
 10
130.849319
 20
84.330492
 10
130.889294
 20
84.330492
  0
LWPOLYLINE
  5
3BC
330
1F
100
AcDbEntity
  8
MAMP_CERAMICA_VISTA
100
AcDbPolyline
 90
       38
 70
     0
 43
0.0
 38
0.001406
 10
126.476067
 20
58.519242
 10
126.371067
 20
58.519242
 10
126.371067
 20
55.504204
 10
125.705083
 20
55.504204
 10
125.705083
 20
55.504204
 10
122.794043
 20
55.504204
 10
122.794046
 20
55.921282
 10
122.664059
 20
55.921282
 10
122.66405
 20
55.504204
 10
121.564083
 20
55.504204
 10
121.564083
 20
56.724204
 10
122.66405
 20
56.724193
 10
122.66405
 20
56.706282
 10
122.794043
 20
56.706281
 10
122.79405
 20
57.321282
 10
122.664055
 20
57.321282
 10
122.664073
 20
56.904203
 10
121.564083
 20
56.904203
 10
121.564083
 20
58.124204
 10
122.664073
 20
58.124204
 10
122.664073
 20
58.106282
 10
122.794055
 20
58.106281
 10
122.794062
 20
58.721282
 10
122.664067
 20
58.721282
 10
122.664073
 20
58.304203
 10
121.564083
 20
58.304203
 10
121.564083
 20
59.524209
 10
122.664068
 20
59.524209
 10
122.664068
 20
59.521282
 10
122.794068
 20
59.521282
 10
122.794067
 20
59.524227
 10
124.565082
 20
59.524252
 10
124.565083
 20
57.484232
 10
123.811167
 20
57.484232
 10
123.811167
 20
57.354232
 10
124.745081
 20
57.354232
 10
124.745081
 20
59.524253
 10
126.484109
 20
59.524242
  0
LWPOLYLINE
  5
3BD
330
1F
100
AcDbEntity
  8
MAMP_CERAMICA_VISTA
100
AcDbPolyline
 90
       38
 70
     0
 43
0.0
 38
0.001406
 10
126.476067
 20
60.709231
 10
126.371067
 20
60.709231
 10
126.371067
 20
63.724269
 10
125.705083
 20
63.724269
 10
125.705083
 20
63.724269
 10
122.794043
 20
63.724269
 10
122.794046
 20
63.307191
 10
122.664059
 20
63.307191
 10
122.66405
 20
63.724269
 10
121.564083
 20
63.724269
 10
121.564083
 20
62.504269
 10
122.66405
 20
62.50428
 10
122.66405
 20
62.522191
 10
122.794043
 20
62.522192
 10
122.79405
 20
61.907191
 10
122.664055
 20
61.907191
 10
122.664073
 20
62.32427
 10
121.564083
 20
62.32427
 10
121.564083
 20
61.104268
 10
122.664073
 20
61.104268
 10
122.664073
 20
61.122191
 10
122.794055
 20
61.122192
 10
122.794062
 20
60.507191
 10
122.664067
 20
60.507191
 10
122.664073
 20
60.92427
 10
121.564083
 20
60.92427
 10
121.564083
 20
59.704264
 10
122.664068
 20
59.704264
 10
122.664068
 20
59.707191
 10
122.794068
 20
59.707191
 10
122.794067
 20
59.704246
 10
124.565082
 20
59.70422
 10
124.565083
 20
61.744241
 10
124.565083
 20
61.744241
 10
124.565084
 20
61.80429
 10
124.745082
 20
61.80429
 10
124.745081
 20
59.70422
 10
126.484109
 20
59.704231
  0
LWPOLYLINE
  5
3BE
330
1F
100
AcDbEntity
  8
MURO_VISTA
100
AcDbPolyline
 90
        8
 70
     0
 43
0.0
 38
5.314108
 10
143.380808
 20
53.660471
 10
145.047947
 20
53.660471
 10
145.047947
 20
54.360463
 10
146.956128
 20
54.360462
 10
146.956128
 20
54.290493
 10
145.117947
 20
54.290493
 10
145.117944
 20
53.590462
 10
143.380808
 20
53.590462
  0
LWPOLYLINE
  5
3BF
330
1F
100
AcDbEntity
  8
MURO
100
AcDbPolyline
 90
        4
 70
     1
 43
0.0
 38
1.06388
 10
141.880838
 20
49.870489
 10
141.880838
 20
50.090489
 10
147.410674
 20
50.090489
 10
147.410674
 20
49.870489
  0
LINE
  5
3C0
330
1F
100
AcDbEntity
  8
MURO_VISTA
100
AcDbLine
 10
142.275846
 20
50.160489
 30
0.0
 11
147.303028
 21
50.160489
 31
0.0
  0
LINE
  5
3C1
330
1F
100
AcDbEntity
  8
MURO_VISTA
100
AcDbLine
 10
141.965838
 20
50.090489
 30
0.0
 11
146.88224
 21
50.090489
 31
-0.057383
  0
LINE
  5
3C2
330
1F
100
AcDbEntity
  8
MURO
100
AcDbLine
 10
121.381083
 20
75.36981
 30
1.06388
 11
121.076083
 21
75.36981
 31
1.06388
  0
LWPOLYLINE
  5
3C3
330
1F
100
AcDbEntity
  8
MURO_VISTA
100
AcDbPolyline
 90
        4
 70
     1
 43
0.0
 38
0.001406
 10
126.561325
 20
50.090532
 10
126.561083
 20
54.384326
 10
126.491082
 20
54.384327
 10
126.491079
 20
50.090528
  0
LWPOLYLINE
  5
3C4
330
1F
100
AcDbEntity
  8
MURO_VISTA
100
AcDbPolyline
 90
        4
 70
     1
 43
0.0
 38
1.067374
 10
130.965838
 20
50.160489
 10
130.965838
 20
54.360463
 10
130.895838
 20
54.360463
 10
130.895838
 20
50.160489
  0
LWPOLYLINE
  5
3C5
330
1F
100
AcDbEntity
  8
MURO_VISTA
100
AcDbPolyline
 90
        4
 70
     1
 43
0.0
 38
-1.530699
 10
134.065808
 20
54.360463
 10
134.065808
 20
50.025489
 10
133.995808
 20
50.025489
 10
133.995808
 20
54.360463
  0
LWPOLYLINE
  5
3C6
330
1F
100
AcDbEntity
  8
MURO_VISTA
100
AcDbPolyline
 90
        4
 70
     1
 43
0.0
 38
5.314108
 10
143.295808
 20
50.175489
 10
143.295808
 20
54.360463
 10
143.365808
 20
54.360463
 10
143.365808
 20
50.175489
  0
LINE
  5
3C7
330
1F
100
AcDbEntity
  8
MURO_VISTA
100
AcDbLine
 10
121.231083
 20
80.043833
 30
1.06388
 11
121.231083
 21
79.493816
 31
1.06388
  0
LINE
  5
3C8
330
1F
100
AcDbEntity
  8
MURO_VISTA
100
AcDbLine
 10
121.231083
 20
79.508816
 30
1.06388
 11
126.874338
 21
79.508816
 31
1.06388
  0
LINE
  5
3C9
330
1F
100
AcDbEntity
  8
MURO_VISTA
100
AcDbLine
 10
126.874338
 20
79.508816
 30
1.06388
 11
126.874338
 21
79.578816
 31
1.06388
  0
LINE
  5
3CA
330
1F
100
AcDbEntity
  8
MURO_VISTA
100
AcDbLine
 10
126.874338
 20
79.578816
 30
1.06388
 11
121.231083
 21
79.578816
 31
1.06388
  0
LINE
  5
3CB
330
1F
100
AcDbEntity
  8
A-CARPINTERIAS
100
AcDbLine
 10
128.829338
 20
79.529215
 30
1.065627
 11
135.415946
 21
79.529215
 31
1.065627
  0
LWPOLYLINE
  5
3CC
330
1F
100
AcDbEntity
  8
A-CARPINTERIAS
100
AcDbPolyline
 90
        4
 70
     0
 43
0.0
 38
1.065627
 10
135.436691
 20
79.503807
 10
128.829338
 20
79.503807
 10
128.829338
 20
79.593807
 10
135.363208
 20
79.593807
  0
LWPOLYLINE
  5
3CD
330
1F
100
AcDbEntity
  8
A-CARPINTERIAS
100
AcDbPolyline
 90
        4
 70
     1
 43
0.0
 38
1.065627
 10
128.829338
 20
79.593807
 10
128.829338
 20
79.503807
 10
128.789338
 20
79.503807
 10
128.789338
 20
79.593807
  0
LWPOLYLINE
  5
3CE
330
1F
100
AcDbEntity
  8
A-CARPINTERIAS
100
AcDbPolyline
 90
        4
 70
     1
 43
0.0
 38
1.065627
 10
131.020838
 20
54.27542
 10
133.045816
 20
54.27542
 10
133.045816
 20
54.37542
 10
131.020838
 20
54.37542
  0
LWPOLYLINE
  5
3CF
330
1F
100
AcDbEntity
  8
A-CARPINTERIAS
100
AcDbPolyline
 90
        4
 70
     1
 43
0.0
 38
1.065627
 10
127.516086
 20
54.275458
 10
130.845846
 20
54.275526
 10
130.845846
 20
54.375526
 10
127.516086
 20
54.375458
  0
LWPOLYLINE
  5
3D0
330
1F
100
AcDbEntity
  8
A-CARPINTERIAS
100
AcDbPolyline
 90
        4
 70
     1
 43
0.0
 38
1.06388
 10
126.57604
 20
68.235406
 10
126.57604
 20
68.275406
 10
126.47604
 20
68.275406
 10
126.47604
 20
68.235406
  0
LWPOLYLINE
  5
3D1
330
1F
100
AcDbEntity
  8
A-CARPINTERIAS
100
AcDbPolyline
 90
        4
 70
     1
 43
0.0
 38
1.06388
 10
126.57604
 20
68.235406
 10
126.576083
 20
63.970573
 10
126.47604
 20
63.970573
 10
126.476083
 20
68.235406
  0
LWPOLYLINE
  5
3D2
330
1F
100
AcDbEntity
  8
A-CARPINTERIAS
100
AcDbPolyline
 90
        4
 70
     1
 43
0.0
 10
126.576083
 20
63.969729
 10
126.576083
 20
63.929729
 10
126.47604
 20
63.929729
 10
126.47604
 20
63.969729
  0
LINE
  5
3D3
330
1F
100
AcDbEntity
  8
A-CARPINTERIAS
100
AcDbLine
 10
126.546456
 20
63.970584
 30
1.06388
 11
126.545978
 21
68.235406
 31
1.06388
  0
LWPOLYLINE
  5
3D4
330
1F
100
AcDbEntity
  8
A-CARPINTERIAS
100
AcDbPolyline
 90
        4
 70
     1
 43
0.0
 38
1.065771
 10
126.576052
 20
78.553816
 10
126.576093
 20
71.620458
 10
126.476136
 20
71.620458
 10
126.476094
 20
78.553816
  0
LWPOLYLINE
  5
3D5
330
1F
100
AcDbEntity
  8
A-CARPINTERIAS
100
AcDbPolyline
 90
        4
 70
     1
 43
0.0
 38
1.065771
 10
126.576136
 20
71.620458
 10
126.576136
 20
71.580458
 10
126.476093
 20
71.580458
 10
126.476093
 20
71.620458
  0
LINE
  5
3D6
330
1F
100
AcDbEntity
  8
A-CARPINTERIAS
100
AcDbLine
 10
126.546115
 20
71.620458
 30
-1.06388
 11
126.546073
 21
78.553816
 31
1.065771
  0
LWPOLYLINE
  5
3D7
330
1F
100
AcDbEntity
  8
MURO
100
AcDbPolyline
 90
        8
 70
     0
 43
0.0
 38
5.314108
 10
143.380808
 20
53.675471
 10
145.032947
 20
53.675471
 10
145.032947
 20
54.375463
 10
146.971128
 20
54.375462
 10
146.971128
 20
54.275493
 10
145.132947
 20
54.275493
 10
145.132944
 20
53.575462
 10
143.380808
 20
53.575462
  0
LWPOLYLINE
  5
3D8
330
1F
100
AcDbEntity
  8
MURO
100
AcDbPolyline
 90
        4
 70
     1
 43
0.0
 38
-1.530699
 10
134.080808
 20
54.375463
 10
134.080808
 20
50.010489
 10
133.980808
 20
50.010489
 10
133.980808
 20
54.375463
  0
LWPOLYLINE
  5
3D9
330
1F
100
AcDbEntity
  8
MURO
100
AcDbPolyline
 90
        4
 70
     1
 43
0.0
 38
1.067374
 10
130.980838
 20
50.160489
 10
130.980838
 20
54.375463
 10
130.880838
 20
54.375463
 10
130.880838
 20
50.160489
  0
LWPOLYLINE
  5
3DA
330
1F
100
AcDbEntity
  8
MAMP_CERAMICA_VISTA
100
AcDbPolyline
 90
        5
 70
     0
 43
0.0
 38
-0.016265
 10
124.580083
 20
59.689253
 10
124.580083
 20
61.78929
 10
124.730083
 20
61.78929
 10
124.730083
 20
59.689253
 10
124.981409
 20
59.689253
  0
LINE
  5
3DB
330
1F
100
AcDbEntity
  8
MURO_VISTA
100
AcDbLine
 10
139.79448
 20
43.570705
 30
1.06388
 11
147.10439
 21
49.870489
 31
1.06388
  0
LINE
  5
3DC
330
1F
100
AcDbEntity
  8
MURO_VISTA
100
AcDbLine
 10
148.726078
 20
51.268084
 30
1.06388
 11
154.550684
 21
56.287813
 31
1.06388
  0
LINE
  5
3DD
330
1F
100
AcDbEntity
  8
MURO_VISTA
100
AcDbLine
 10
139.99448
 20
43.479043
 30
1.06388
 11
147.410749
 21
49.870489
 31
1.06388
  0
LINE
  5
3DE
330
1F
100
AcDbEntity
  8
MURO_VISTA
100
AcDbLine
 10
148.727588
 20
51.005361
 30
1.06388
 11
154.815196
 21
56.251748
 31
1.06388
  0
LINE
  5
3DF
330
1F
100
AcDbEntity
  8
MURO_VISTA
100
AcDbLine
 10
154.550684
 20
56.287813
 30
1.06388
 11
148.727588
 21
63.419797
 31
1.06388
  0
LINE
  5
3E0
330
1F
100
AcDbEntity
  8
MURO_VISTA
100
AcDbLine
 10
111.4758
 20
68.490486
 30
0.0
 11
111.918779
 21
68.490486
 31
0.0
  0
LINE
  5
3E1
330
1F
100
AcDbEntity
  8
MURO_VISTA
100
AcDbLine
 10
114.418779
 20
68.490486
 30
0.0
 11
116.876083
 21
68.490486
 31
0.0
  0
LINE
  5
3E2
330
1F
100
AcDbEntity
  8
MURO_VISTA
100
AcDbLine
 10
112.158715
 20
74.490486
 30
0.0
 11
121.037398
 21
74.490486
 31
0.0
  0
LINE
  5
3E3
330
1F
100
AcDbEntity
  8
MURO_VISTA
100
AcDbLine
 10
116.876083
 20
68.490486
 30
0.0
 11
116.876083
 21
68.318838
 31
1.06388
  0
LWPOLYLINE
  5
3E4
330
1F
100
AcDbEntity
  8
MURO_VISTA
100
AcDbPolyline
 90
        4
 70
     0
 43
0.0
 38
1.06388
 10
119.216083
 20
68.530511
 10
119.216083
 20
66.038838
 10
117.036083
 20
66.038838
 10
117.036083
 20
68.530511
  0
LWPOLYLINE
  5
3E5
330
1F
100
AcDbEntity
  8
MURO_VISTA
100
AcDbPolyline
 90
        4
 70
     0
 43
0.0
 38
1.06388
 10
119.136083
 20
68.530511
 10
119.136083
 20
66.118838
 10
117.116083
 20
66.118838
 10
117.116083
 20
68.530511
  0
LINE
  5
3E6
330
1F
100
AcDbEntity
  8
MURO_VISTA
100
AcDbLine
 10
119.136083
 20
66.118838
 30
1.06388
 11
117.331794
 21
68.530511
 31
1.06388
  0
LINE
  5
3E7
330
1F
100
AcDbEntity
  8
MURO_VISTA
100
AcDbLine
 10
117.116083
 20
66.118838
 30
1.06388
 11
118.920372
 21
68.530511
 31
1.06388
  0
LINE
  5
3E8
330
1F
100
AcDbEntity
  8
MURO_VISTA
100
AcDbLine
 10
116.876083
 20
68.318838
 30
1.06388
 11
119.376083
 21
68.318838
 31
1.06388
  0
LINE
  5
3E9
330
1F
100
AcDbEntity
  8
MURO_VISTA
100
AcDbLine
 10
116.876083
 20
68.268838
 30
1.06388
 11
119.376083
 21
68.268838
 31
1.06388
  0
LWPOLYLINE
  5
3EA
330
1F
100
AcDbEntity
  8
MURO_VISTA
100
AcDbPolyline
 90
        4
 70
     1
 43
0.0
 38
1.06388
 10
119.446083
 20
68.318838
 10
119.446083
 20
68.168838
 10
119.376083
 20
68.168838
 10
119.376083
 20
68.318838
  0
LWPOLYLINE
  5
3EB
330
1F
100
AcDbEntity
  8
MURO_VISTA
100
AcDbPolyline
 90
        4
 70
     1
 43
0.0
 38
1.06388
 10
116.806083
 20
68.318838
 10
116.806083
 20
68.168838
 10
116.876083
 20
68.168838
 10
116.876083
 20
68.318838
  0
LWPOLYLINE
  5
3EC
330
1F
100
AcDbEntity
  8
MURO_VISTA
100
AcDbPolyline
 90
        4
 70
     1
 43
0.0
 38
1.06388
 10
119.376083
 20
68.318838
 10
119.376083
 20
68.268838
 10
116.876083
 20
68.268838
 10
116.876083
 20
68.318838
  0
LINE
  5
3ED
330
1F
100
AcDbEntity
  8
MURO_VISTA
100
AcDbLine
 10
111.918779
 20
68.490486
 30
0.0
 11
111.918779
 21
68.318838
 31
1.06388
  0
LINE
  5
3EE
330
1F
100
AcDbEntity
  8
MURO_VISTA
100
AcDbLine
 10
114.418779
 20
68.490486
 30
0.0
 11
114.418779
 21
68.318838
 31
1.06388
  0
LWPOLYLINE
  5
3EF
330
1F
100
AcDbEntity
  8
MURO_VISTA
100
AcDbPolyline
 90
        4
 70
     0
 43
0.0
 38
1.06388
 10
114.258779
 20
68.530511
 10
114.258779
 20
66.038838
 10
112.078779
 20
66.038838
 10
112.078779
 20
68.530511
  0
LWPOLYLINE
  5
3F0
330
1F
100
AcDbEntity
  8
MURO_VISTA
100
AcDbPolyline
 90
        4
 70
     0
 43
0.0
 38
1.06388
 10
114.178779
 20
68.530511
 10
114.178779
 20
66.118838
 10
112.158779
 20
66.118838
 10
112.158779
 20
68.530511
  0
LINE
  5
3F1
330
1F
100
AcDbEntity
  8
MURO_VISTA
100
AcDbLine
 10
114.178779
 20
66.118838
 30
1.06388
 11
112.37449
 21
68.530511
 31
1.06388
  0
LINE
  5
3F2
330
1F
100
AcDbEntity
  8
MURO_VISTA
100
AcDbLine
 10
112.158779
 20
66.118838
 30
1.06388
 11
113.963068
 21
68.530511
 31
1.06388
  0
LINE
  5
3F3
330
1F
100
AcDbEntity
  8
MURO_VISTA
100
AcDbLine
 10
111.918779
 20
68.318838
 30
1.06388
 11
114.418779
 21
68.318838
 31
1.06388
  0
LINE
  5
3F4
330
1F
100
AcDbEntity
  8
MURO_VISTA
100
AcDbLine
 10
111.918779
 20
68.268838
 30
1.06388
 11
114.418779
 21
68.268838
 31
1.06388
  0
LWPOLYLINE
  5
3F5
330
1F
100
AcDbEntity
  8
MURO_VISTA
100
AcDbPolyline
 90
        4
 70
     1
 43
0.0
 38
1.06388
 10
114.488779
 20
68.318838
 10
114.488779
 20
68.168838
 10
114.418779
 20
68.168838
 10
114.418779
 20
68.318838
  0
LWPOLYLINE
  5
3F6
330
1F
100
AcDbEntity
  8
MURO_VISTA
100
AcDbPolyline
 90
        4
 70
     1
 43
0.0
 38
1.06388
 10
111.848779
 20
68.318838
 10
111.848779
 20
68.168838
 10
111.918779
 20
68.168838
 10
111.918779
 20
68.318838
  0
LWPOLYLINE
  5
3F7
330
1F
100
AcDbEntity
  8
MURO_VISTA
100
AcDbPolyline
 90
        4
 70
     1
 43
0.0
 38
1.06388
 10
114.418779
 20
68.318838
 10
114.418779
 20
68.268838
 10
111.918779
 20
68.268838
 10
111.918779
 20
68.318838
  0
LINE
  5
3F8
330
1F
100
AcDbEntity
  8
MURO_VISTA
100
AcDbLine
 10
111.4758
 20
68.318838
 30
1.06388
 11
111.918779
 21
68.318838
 31
1.06388
  0
LINE
  5
3F9
330
1F
100
AcDbEntity
  8
MURO_VISTA
100
AcDbLine
 10
114.418779
 20
68.318838
 30
1.06388
 11
116.876083
 21
68.318838
 31
1.06388
  0
LWPOLYLINE
  5
3FA
330
1F
100
AcDbEntity
  8
A-CARPINTERIAS
100
AcDbPolyline
 90
        4
 70
     1
 43
0.0
 38
-0.001747
 10
130.880838
 20
54.275463
 10
130.845846
 20
54.275463
 10
130.845846
 20
54.375463
 10
130.880838
 20
54.375463
  0
LWPOLYLINE
  5
3FB
330
1F
100
AcDbEntity
  8
A-CARPINTERIAS
100
AcDbPolyline
 90
        4
 70
     1
 43
0.0
 38
1.06388
 10
127.516086
 20
54.275476
 10
127.476086
 20
54.275476
 10
127.476086
 20
54.375519
 10
127.516086
 20
54.375519
  0
LINE
  5
3FC
330
1F
100
AcDbEntity
  8
A-CARPINTERIAS
100
AcDbLine
 10
127.516086
 20
54.345458
 30
0.001406
 11
130.845846
 21
54.345526
 31
1.067374
  0
LWPOLYLINE
  5
3FD
330
1F
100
AcDbEntity
  8
A-CARPINTERIAS
100
AcDbPolyline
 90
        4
 70
     1
 43
0.0
 38
-1.530699
 10
133.080808
 20
54.275463
 10
133.045816
 20
54.275463
 10
133.045816
 20
54.375463
 10
133.080808
 20
54.375463
  0
LWPOLYLINE
  5
3FE
330
1F
100
AcDbEntity
  8
A-CARPINTERIAS
100
AcDbPolyline
 90
        4
 70
     1
 43
0.0
 38
-0.001747
 10
131.020838
 20
54.27542
 10
130.980838
 20
54.27542
 10
130.980838
 20
54.375463
 10
131.020838
 20
54.375463
  0
LINE
  5
3FF
330
1F
100
AcDbEntity
  8
A-CARPINTERIAS
100
AcDbLine
 10
131.020838
 20
54.34542
 30
1.067374
 11
133.045816
 21
54.34542
 31
-1.530699
  0
INSERT
  5
400
330
1F
100
AcDbEntity
  8
A-CARPINTERIAS
100
AcDbBlockReference
  2
VANO_1_00_MARCO
 10
-523.84208
 20
1312.63723
 30
0.0
 41
0.001
 42
0.001
 43
0.001
 50
270.0
  0
INSERT
  5
408
330
1F
100
AcDbEntity
  8
A-CARPINTERIAS
100
AcDbBlockReference
  2
VANO_1_00_MARCO
 10
-523.84208
 20
-1193.408736
 30
0.0
 41
-0.001
 42
0.001
 43
0.001
 50
270.0
  0
INSERT
  5
409
330
1F
100
AcDbEntity
  8
MURO_VISTA
100
AcDbBlockReference
  2
VANO_0_80
 10
778.51499
 20
-984.554801
 30
2.361283
 41
0.001
 42
0.001
 43
0.001
 50
90.0
  0
LWPOLYLINE
  5
411
330
1F
100
AcDbEntity
  8
MURO
100
AcDbPolyline
 90
        4
 70
     1
 43
0.0
 38
-1.06388
 10
122.679073
 20
62.339225
 10
122.679073
 20
62.489224
 10
121.549083
 20
62.489224
 10
121.549083
 20
62.339225
  0
LWPOLYLINE
  5
412
330
1F
100
AcDbEntity
  8
MURO
100
AcDbPolyline
 90
       15
 70
     0
 43
0.0
 38
-0.000561
 10
121.549083
 20
59.689219
 10
124.580083
 20
59.689263
 10
124.580068
 20
61.78929
 10
124.730083
 20
61.78929
 10
124.730079
 20
59.689253
 10
126.576083
 20
59.689231
 10
126.576083
 20
59.539242
 10
124.730081
 20
59.539253
 10
124.730081
 20
57.369232
 10
123.826167
 20
57.369232
 10
123.826167
 20
57.469232
 10
124.580083
 20
57.469232
 10
124.580082
 20
59.539253
 10
121.549083
 20
59.539209
 10
121.549083
 20
59.689219
  0
LWPOLYLINE
  5
413
330
1F
100
AcDbEntity
  8
MURO
100
AcDbPolyline
 90
        4
 70
     1
 43
0.0
 38
0.001747
 10
148.727588
 20
63.706013
 10
148.507588
 20
63.706013
 10
148.507572
 20
61.407987
 10
148.727572
 20
61.407987
  0
LWPOLYLINE
  5
414
330
1F
100
AcDbEntity
  8
MURO
100
AcDbPolyline
 90
        5
 70
     0
 43
0.0
 38
1.06388
 10
147.267126
 20
50.037141
 10
148.582079
 20
51.170939
 10
148.725702
 20
51.004288
 10
147.410749
 20
49.870489
 10
147.267126
 20
50.037141
  0
LWPOLYLINE
  5
415
330
1F
100
AcDbEntity
  8
MURO_VISTA
100
AcDbPolyline
 90
        4
 70
     1
 43
0.0
 38
1.06388
 10
130.889342
 20
84.165489
 10
130.889342
 20
84.470489
 10
121.624083
 20
84.470489
 10
121.624083
 20
84.165489
  0
LWPOLYLINE
  5
416
330
1F
100
AcDbEntity
  8
MURO
100
AcDbPolyline
 90
        5
 70
     0
 43
0.0
 38
1.06388
 10
131.604849
 20
84.331351
 10
148.557175
 20
63.568561
 10
148.727588
 20
63.707699
 10
131.775262
 20
84.470489
 10
131.604849
 20
84.331351
  0
LWPOLYLINE
  5
417
330
1F
100
AcDbEntity
  8
MURO
100
AcDbPolyline
 90
        3
 70
     0
 43
0.0
 38
1.06388
 10
131.860655
 20
83.883647
 10
148.422588
 20
63.599001
 10
148.422588
 20
61.817995
  0
LWPOLYLINE
  5
418
330
1F
100
AcDbEntity
  8
MURO_VISTA
100
AcDbPolyline
 90
        3
 70
     0
 43
0.0
 38
1.06388
 10
131.867773
 20
83.898647
 10
148.437588
 20
63.604347
 10
148.437588
 20
61.817995
  0
LWPOLYLINE
  5
419
330
1F
100
AcDbEntity
  8
MURO
100
AcDbPolyline
 90
        4
 70
     1
 43
0.0
 38
1.06388
 10
126.561321
 20
49.87053
 10
126.561321
 20
50.09053
 10
121.311914
 20
50.090489
 10
121.311914
 20
49.870489
  0
LINE
  5
41A
330
1F
100
AcDbEntity
  8
MURO_VISTA
100
AcDbLine
 10
121.366083
 20
83.058789
 30
1.06388
 11
121.366083
 21
83.898647
 31
1.06388
  0
LINE
  5
41B
330
1F
100
AcDbEntity
  8
MURO
100
AcDbLine
 10
121.381083
 20
83.043789
 30
1.06388
 11
121.381083
 21
83.883647
 31
1.06388
  0
LINE
  5
41C
330
1F
100
AcDbEntity
  8
MURO_VISTA
100
AcDbLine
 10
121.296083
 20
83.128789
 30
1.06388
 11
121.296083
 21
84.470489
 31
1.06388
  0
LINE
  5
41D
330
1F
100
AcDbEntity
  8
MURO_VISTA
100
AcDbLine
 10
121.366083
 20
75.36981
 30
1.06388
 11
121.366083
 21
70.680461
 31
1.06388
  0
LINE
  5
41E
330
1F
100
AcDbEntity
  8
MURO_VISTA
100
AcDbLine
 10
121.296083
 20
74.654786
 30
1.06388
 11
121.296083
 21
71.095025
 31
1.06388
  0
LINE
  5
41F
330
1F
100
AcDbEntity
  8
MURO_VISTA
100
AcDbLine
 10
121.381083
 20
83.043789
 30
1.06388
 11
121.381083
 21
80.043833
 31
1.06388
  0
LINE
  5
420
330
1F
100
AcDbEntity
  8
MURO_VISTA
100
AcDbLine
 10
121.381083
 20
79.493816
 30
1.06388
 11
121.381083
 21
75.779818
 31
1.06388
  0
LINE
  5
421
330
1F
100
AcDbEntity
  8
MURO_VISTA
100
AcDbLine
 10
121.381083
 20
75.36981
 30
1.06388
 11
121.381083
 21
74.654786
 31
1.06388
  0
LINE
  5
422
330
1F
100
AcDbEntity
  8
MURO_VISTA
100
AcDbLine
 10
121.076083
 20
83.058789
 30
1.06388
 11
121.381083
 21
83.058789
 31
1.06388
  0
LINE
  5
423
330
1F
100
AcDbEntity
  8
MURO
100
AcDbLine
 10
121.076083
 20
83.043789
 30
1.06388
 11
121.381083
 21
83.043789
 31
1.06388
  0
LINE
  5
424
330
1F
100
AcDbEntity
  8
MURO_VISTA
100
AcDbLine
 10
121.296083
 20
83.128789
 30
1.06388
 11
121.076083
 21
83.128789
 31
1.06388
  0
LINE
  5
425
330
1F
100
AcDbEntity
  8
MURO_VISTA
100
AcDbLine
 10
130.904342
 20
83.898647
 30
1.06388
 11
130.904342
 21
84.470489
 31
1.06388
  0
LINE
  5
426
330
1F
100
AcDbEntity
  8
MURO
100
AcDbLine
 10
130.889342
 20
83.883647
 30
1.06388
 11
130.889342
 21
84.470489
 31
1.06388
  0
LINE
  5
427
330
1F
100
AcDbEntity
  8
MURO_VISTA
100
AcDbLine
 10
130.974342
 20
83.968647
 30
1.06388
 11
130.974342
 21
84.470489
 31
1.06388
  0
LINE
  5
428
330
1F
100
AcDbEntity
  8
MURO_VISTA
100
AcDbLine
 10
131.958142
 20
83.898647
 30
1.06388
 11
130.904342
 21
83.898647
 31
1.06388
  0
LINE
  5
429
330
1F
100
AcDbEntity
  8
MURO
100
AcDbLine
 10
131.88002
 20
83.883647
 30
1.06388
 11
130.889342
 21
83.883647
 31
1.06388
  0
LINE
  5
42A
330
1F
100
AcDbEntity
  8
MURO_VISTA
100
AcDbLine
 10
130.974342
 20
83.968647
 30
1.06388
 11
131.900988
 21
83.968647
 31
1.06388
  0
LWPOLYLINE
  5
42B
330
1F
100
AcDbEntity
  8
MURO
100
AcDbPolyline
 90
        4
 70
     1
 43
0.0
 38
1.06388
 10
131.774171
 20
84.470489
 10
131.774171
 20
84.250489
 10
130.904342
 20
84.250489
 10
130.904342
 20
84.470489
  0
LWPOLYLINE
  5
42C
330
1F
100
AcDbEntity
  8
MURO
100
AcDbPolyline
 90
        5
 70
     0
 43
0.0
 38
1.06388
 10
121.216083
 20
79.578816
 10
121.216083
 20
79.493816
 10
126.889338
 20
79.493816
 10
126.889338
 20
79.593816
 10
121.381083
 20
79.593816
  0
LINE
  5
42D
330
1F
100
AcDbEntity
  8
MURO_VISTA
100
AcDbLine
 10
121.366083
 20
79.578816
 30
1.06388
 11
121.366083
 21
80.043833
 31
1.06388
  0
LINE
  5
42E
330
1F
100
AcDbEntity
  8
MURO
100
AcDbLine
 10
121.381083
 20
79.578816
 30
1.06388
 11
121.381083
 21
80.043833
 31
1.06388
  0
LINE
  5
42F
330
1F
100
AcDbEntity
  8
MURO_VISTA
100
AcDbLine
 10
121.296083
 20
79.578816
 30
1.06388
 11
121.296083
 21
79.958833
 31
1.06388
  0
LINE
  5
430
330
1F
100
AcDbEntity
  8
MURO_VISTA
100
AcDbLine
 10
121.366083
 20
80.028833
 30
1.06388
 11
121.231083
 21
80.028833
 31
1.06388
  0
LINE
  5
431
330
1F
100
AcDbEntity
  8
MURO
100
AcDbLine
 10
121.381083
 20
80.043833
 30
1.06388
 11
121.216083
 21
80.043833
 31
2.131254
  0
LINE
  5
432
330
1F
100
AcDbEntity
  8
MURO_VISTA
100
AcDbLine
 10
121.296083
 20
79.958833
 30
1.06388
 11
121.231083
 21
79.958833
 31
1.06388
  0
LINE
  5
433
330
1F
100
AcDbEntity
  8
MURO
100
AcDbLine
 10
121.216083
 20
80.043833
 30
1.06388
 11
121.216083
 21
79.493816
 31
1.06388
  0
LINE
  5
434
330
1F
100
AcDbEntity
  8
MURO_VISTA
100
AcDbLine
 10
121.301083
 20
79.958833
 30
1.06388
 11
121.301083
 21
79.578816
 31
1.06388
  0
LINE
  5
435
330
1F
100
AcDbEntity
  8
MURO_VISTA
100
AcDbLine
 10
121.366083
 20
75.574814
 30
1.06388
 11
121.366083
 21
75.779818
 31
1.06388
  0
LINE
  5
436
330
1F
100
AcDbEntity
  8
MURO
100
AcDbLine
 10
121.381083
 20
75.574814
 30
1.06388
 11
121.381083
 21
75.779818
 31
1.06388
  0
LINE
  5
437
330
1F
100
AcDbEntity
  8
MURO_VISTA
100
AcDbLine
 10
121.296083
 20
75.574814
 30
1.06388
 11
121.296083
 21
75.694818
 31
1.06388
  0
LINE
  5
438
330
1F
100
AcDbEntity
  8
MURO_VISTA
100
AcDbLine
 10
121.366083
 20
75.764818
 30
1.06388
 11
121.231083
 21
75.764818
 31
0.0
  0
LINE
  5
439
330
1F
100
AcDbEntity
  8
MURO
100
AcDbLine
 10
121.381083
 20
75.779818
 30
1.06388
 11
121.216083
 21
75.779818
 31
1.067374
  0
LINE
  5
43A
330
1F
100
AcDbEntity
  8
MURO_VISTA
100
AcDbLine
 10
121.296083
 20
75.694818
 30
1.06388
 11
121.231083
 21
75.694818
 31
0.0
  0
LINE
  5
43B
330
1F
100
AcDbEntity
  8
MURO_VISTA
100
AcDbLine
 10
121.231083
 20
75.574814
 30
1.067374
 11
121.231083
 21
75.779818
 31
1.067374
  0
LINE
  5
43C
330
1F
100
AcDbEntity
  8
MURO
100
AcDbLine
 10
121.216083
 20
75.574814
 30
1.067374
 11
121.216083
 21
75.779818
 31
1.067374
  0
LINE
  5
43D
330
1F
100
AcDbEntity
  8
MURO_VISTA
100
AcDbLine
 10
121.301083
 20
75.574814
 30
1.067374
 11
121.301083
 21
75.694818
 31
1.067374
  0
LINE
  5
43E
330
1F
100
AcDbEntity
  8
MURO_VISTA
100
AcDbLine
 10
121.366083
 20
75.574814
 30
1.06388
 11
121.366083
 21
75.36981
 31
1.06388
  0
LINE
  5
43F
330
1F
100
AcDbEntity
  8
MURO
100
AcDbLine
 10
121.381083
 20
75.574814
 30
1.06388
 11
121.381083
 21
75.36981
 31
1.06388
  0
LINE
  5
440
330
1F
100
AcDbEntity
  8
MURO_VISTA
100
AcDbLine
 10
121.296083
 20
75.574814
 30
1.06388
 11
121.296083
 21
75.45481
 31
1.06388
  0
LINE
  5
441
330
1F
100
AcDbEntity
  8
MURO_VISTA
100
AcDbLine
 10
121.366083
 20
75.38481
 30
1.06388
 11
121.231083
 21
75.38481
 31
0.0
  0
LINE
  5
442
330
1F
100
AcDbEntity
  8
MURO
100
AcDbLine
 10
121.381083
 20
75.36981
 30
1.06388
 11
121.216083
 21
75.36981
 31
1.067374
  0
LINE
  5
443
330
1F
100
AcDbEntity
  8
MURO_VISTA
100
AcDbLine
 10
121.296083
 20
75.45481
 30
1.06388
 11
121.231083
 21
75.45481
 31
0.0
  0
LINE
  5
444
330
1F
100
AcDbEntity
  8
MURO_VISTA
100
AcDbLine
 10
121.231083
 20
75.574814
 30
1.067374
 11
121.231083
 21
75.36981
 31
1.067374
  0
LINE
  5
445
330
1F
100
AcDbEntity
  8
MURO
100
AcDbLine
 10
121.216083
 20
75.574814
 30
1.067374
 11
121.216083
 21
75.36981
 31
1.067374
  0
LINE
  5
446
330
1F
100
AcDbEntity
  8
MURO_VISTA
100
AcDbLine
 10
121.301083
 20
75.574814
 30
1.067374
 11
121.301083
 21
75.45481
 31
1.067374
  0
LWPOLYLINE
  5
447
330
1F
100
AcDbEntity
  8
MURO
100
AcDbPolyline
 90
        4
 70
     1
 43
0.0
 38
1.06388
 10
121.076083
 20
84.470489
 10
121.076083
 20
83.058789
 10
121.296083
 20
83.058789
 10
121.296083
 20
84.470489
  0
LINE
  5
448
330
1F
100
AcDbEntity
  8
MURO_VISTA
100
AcDbLine
 10
121.076083
 20
83.058789
 30
1.06388
 11
121.076083
 21
74.654786
 31
1.06388
  0
LINE
  5
449
330
1F
100
AcDbEntity
  8
MURO
100
AcDbLine
 10
121.381083
 20
75.36981
 30
1.06388
 11
121.381083
 21
70.680461
 31
1.06388
  0
INSERT
  5
44A
330
1F
100
AcDbEntity
  8
A-CARPINTERIAS
100
AcDbBlockReference
  2
VANO_90
 10
127.889338
 20
79.493827
 30
1.065627
 41
0.001
 42
0.001
 43
0.001
 50
270.0
  0
INSERT
  5
452
330
1F
100
AcDbEntity
  8
A-CARPINTERIAS
100
AcDbBlockReference
  2
VANO_90
 10
127.789338
 20
79.493827
 30
1.065627
 41
-0.001
 42
0.001
 43
0.001
 50
90.0
  0
LWPOLYLINE
  5
453
330
1F
100
AcDbEntity
  8
MURO_VISTA
100
AcDbPolyline
 90
        4
 70
     0
 43
0.0
 38
-1.06388
 10
121.076083
 20
68.300465
 10
119.28258
 20
68.300465
 10
119.28258
 20
68.490511
 10
121.076083
 20
68.490511
  0
LWPOLYLINE
  5
454
330
1F
100
AcDbEntity
  8
A-CARPINTERIAS
100
AcDbPolyline
 90
        4
 70
     1
 43
0.0
 38
1.065771
 10
126.576052
 20
78.593816
 10
126.576052
 20
78.553816
 10
126.476009
 20
78.553816
 10
126.476009
 20
78.593816
  0
INSERT
  5
455
330
1F
100
AcDbEntity
  8
A-CARPINTERIAS
100
AcDbBlockReference
  2
VANO_90
 10
126.57604
 20
79.493816
 30
1.065771
 41
-0.001
 42
0.001
 43
0.001
 50
180.0
  0
INSERT
  5
456
330
1F
100
AcDbEntity
  8
A-CARPINTERIAS
100
AcDbBlockReference
  2
VANO_90
 10
126.576125
 20
70.680458
 30
-1.06388
 41
0.001
 42
0.001
 43
0.001
  0
LWPOLYLINE
  5
457
330
1F
100
AcDbEntity
  8
MURO
100
AcDbPolyline
 90
        4
 70
     1
 43
0.0
 38
-0.000561
 10
126.576083
 20
59.689231
 10
126.576083
 20
59.709253
 10
126.486083
 20
59.709253
 10
126.486083
 20
59.689231
  0
LWPOLYLINE
  5
458
330
1F
100
AcDbEntity
  8
MURO
100
AcDbPolyline
 90
        4
 70
     1
 43
0.0
 38
-0.000561
 10
126.576083
 20
59.539242
 10
126.576083
 20
59.519242
 10
126.484109
 20
59.519242
 10
126.484109
 20
59.539242
  0
LWPOLYLINE
  5
459
330
1F
100
AcDbEntity
  8
MURO
100
AcDbPolyline
 90
        4
 70
     1
 43
0.0
 38
-1.06388
 10
121.549083
 20
63.739224
 10
121.549083
 20
55.489204
 10
121.449083
 20
55.489204
 10
121.449083
 20
63.739224
  0
LWPOLYLINE
  5
45A
330
1F
100
AcDbEntity
  8
MURO
100
AcDbPolyline
 90
        4
 70
     1
 43
0.0
 38
2.36303
 10
122.779049
 20
63.307146
 10
122.779043
 20
63.739224
 10
122.679049
 20
63.739224
 10
122.679055
 20
63.307146
  0
INSERT
  5
45B
330
1F
100
AcDbEntity
  8
MURO_VISTA
100
AcDbBlockReference
  2
VANO_0_80
 10
778.51499
 20
-985.954801
 30
2.361283
 41
0.001
 42
0.001
 43
0.001
 50
90.0
  0
LWPOLYLINE
  5
45C
330
1F
100
AcDbEntity
  8
MURO
100
AcDbPolyline
 90
        4
 70
     1
 43
0.0
 38
-1.06388
 10
122.679073
 20
60.939225
 10
122.679073
 20
61.089224
 10
121.549083
 20
61.089224
 10
121.549083
 20
60.939225
  0
LWPOLYLINE
  5
45D
330
1F
100
AcDbEntity
  8
MURO
100
AcDbPolyline
 90
        4
 70
     1
 43
0.0
 38
2.36303
 10
122.779049
 20
61.907146
 10
122.779043
 20
62.507146
 10
122.679049
 20
62.507146
 10
122.679055
 20
61.907146
  0
INSERT
  5
45E
330
1F
100
AcDbEntity
  8
MURO_VISTA
100
AcDbBlockReference
  2
VANO_0_80
 10
778.515002
 20
-987.354801
 30
2.361283
 41
0.001
 42
0.001
 43
0.001
 50
90.0
  0
LWPOLYLINE
  5
45F
330
1F
100
AcDbEntity
  8
MURO
100
AcDbPolyline
 90
        4
 70
     1
 43
0.0
 38
2.36303
 10
122.779061
 20
60.507146
 10
122.779055
 20
61.107146
 10
122.679061
 20
61.107146
 10
122.679068
 20
60.507146
  0
LWPOLYLINE
  5
460
330
1F
100
AcDbEntity
  8
MURO
100
AcDbPolyline
 90
        4
 70
     1
 43
0.0
 10
122.779043
 20
59.689219
 10
122.779043
 20
59.707146
 10
122.679068
 20
59.707146
 10
122.679068
 20
59.689219
  0
INSERT
  5
461
330
1F
100
AcDbEntity
  8
MURO_VISTA
100
AcDbBlockReference
  2
VANO_0_80
 10
778.51499
 20
1103.783228
 30
2.361283
 41
-0.001
 42
0.001
 43
0.001
 50
90.0
  0
LWPOLYLINE
  5
462
330
1F
100
AcDbEntity
  8
MURO
100
AcDbPolyline
 90
        4
 70
     1
 43
0.0
 38
-1.06388
 10
122.679073
 20
56.889203
 10
122.679073
 20
56.739204
 10
121.549083
 20
56.739204
 10
121.549083
 20
56.889203
  0
LWPOLYLINE
  5
463
330
1F
100
AcDbEntity
  8
MURO
100
AcDbPolyline
 90
        4
 70
     1
 43
0.0
 38
2.36303
 10
122.779049
 20
55.921282
 10
122.779043
 20
55.489204
 10
122.679049
 20
55.489204
 10
122.679055
 20
55.921282
  0
INSERT
  5
464
330
1F
100
AcDbEntity
  8
MURO_VISTA
100
AcDbBlockReference
  2
VANO_0_80
 10
778.51499
 20
1105.183228
 30
2.361283
 41
-0.001
 42
0.001
 43
0.001
 50
90.0
  0
LWPOLYLINE
  5
465
330
1F
100
AcDbEntity
  8
MURO
100
AcDbPolyline
 90
        4
 70
     1
 43
0.0
 38
-1.06388
 10
122.679073
 20
58.289203
 10
122.679073
 20
58.139204
 10
121.549083
 20
58.139204
 10
121.549083
 20
58.289203
  0
LWPOLYLINE
  5
466
330
1F
100
AcDbEntity
  8
MURO
100
AcDbPolyline
 90
        4
 70
     1
 43
0.0
 38
2.36303
 10
122.779049
 20
57.321282
 10
122.779043
 20
56.721282
 10
122.679049
 20
56.721282
 10
122.679055
 20
57.321282
  0
INSERT
  5
467
330
1F
100
AcDbEntity
  8
MURO_VISTA
100
AcDbBlockReference
  2
VANO_0_80
 10
778.515002
 20
1106.583228
 30
2.361283
 41
-0.001
 42
0.001
 43
0.001
 50
90.0
  0
LWPOLYLINE
  5
468
330
1F
100
AcDbEntity
  8
MURO
100
AcDbPolyline
 90
        4
 70
     1
 43
0.0
 38
2.36303
 10
122.779061
 20
58.721282
 10
122.779055
 20
58.121282
 10
122.679061
 20
58.121282
 10
122.679068
 20
58.721282
  0
LWPOLYLINE
  5
469
330
1F
100
AcDbEntity
  8
MURO
100
AcDbPolyline
 90
        4
 70
     1
 43
0.0
 10
122.779043
 20
59.539209
 10
122.779043
 20
59.521282
 10
122.679068
 20
59.521282
 10
122.679068
 20
59.539209
  0
LINE
  5
46A
330
1F
100
AcDbEntity
  8
MURO_VISTA
100
AcDbLine
 10
121.609083
 20
50.460489
 30
1.06388
 11
121.609083
 21
50.090489
 31
1.06388
  0
LINE
  5
46B
330
1F
100
AcDbEntity
  8
MURO
100
AcDbLine
 10
121.624083
 20
50.475489
 30
1.06388
 11
121.624083
 21
50.175489
 31
1.06388
  0
LINE
  5
46C
330
1F
100
AcDbEntity
  8
MURO_VISTA
100
AcDbLine
 10
121.539083
 20
50.390489
 30
1.06388
 11
121.539083
 21
50.090489
 31
1.06388
  0
LINE
  5
46D
330
1F
100
AcDbEntity
  8
MURO_VISTA
100
AcDbLine
 10
121.076083
 20
50.460489
 30
1.06388
 11
121.609083
 21
50.460489
 31
1.06388
  0
LINE
  5
46E
330
1F
100
AcDbEntity
  8
MURO
100
AcDbLine
 10
121.076083
 20
50.475489
 30
1.06388
 11
121.624083
 21
50.475489
 31
1.06388
  0
LINE
  5
46F
330
1F
100
AcDbEntity
  8
MURO_VISTA
100
AcDbLine
 10
121.539083
 20
50.390489
 30
1.06388
 11
121.076083
 21
50.390489
 31
1.06388
  0
LINE
  5
470
330
1F
100
AcDbEntity
  8
MURO_VISTA
100
AcDbLine
 10
121.609083
 20
50.160489
 30
1.06388
 11
126.491081
 21
50.160489
 31
1.06388
  0
LINE
  5
471
330
1F
100
AcDbEntity
  8
MURO
100
AcDbLine
 10
121.609083
 20
50.175489
 30
1.06388
 11
125.726408
 21
50.175489
 31
1.06388
  0
LINE
  5
472
330
1F
100
AcDbEntity
  8
MURO_VISTA
100
AcDbLine
 10
126.576293
 20
50.175489
 30
1.06388
 11
130.880838
 21
50.175489
 31
1.06388
  0
LINE
  5
473
330
1F
100
AcDbEntity
  8
MURO_VISTA
100
AcDbLine
 10
131.280846
 20
50.175489
 30
1.06388
 11
133.980808
 21
50.175489
 31
1.06388
  0
LINE
  5
474
330
1F
100
AcDbEntity
  8
MURO_VISTA
100
AcDbLine
 10
134.080808
 20
50.175489
 30
1.06388
 11
136.380838
 21
50.175489
 31
0.001747
  0
LINE
  5
475
330
1F
100
AcDbEntity
  8
MURO_VISTA
100
AcDbLine
 10
137.180808
 20
50.175489
 30
1.06388
 11
140.180808
 21
50.175489
 31
1.06388
  0
LINE
  5
476
330
1F
100
AcDbEntity
  8
MURO_VISTA
100
AcDbLine
 10
140.280808
 20
50.175489
 30
1.06388
 11
141.880838
 21
50.175489
 31
1.06388
  0
LINE
  5
477
330
1F
100
AcDbEntity
  8
MURO_VISTA
100
AcDbLine
 10
142.290846
 20
50.175489
 30
1.06388
 11
146.79724
 21
50.175489
 31
1.06388
  0
LINE
  5
478
330
1F
100
AcDbEntity
  8
MURO_VISTA
100
AcDbLine
 10
121.609083
 20
50.090489
 30
1.06388
 11
126.491081
 21
50.090489
 31
1.06388
  0
INSERT
  5
479
330
1F
100
AcDbEntity
  8
A-CARPINTERIAS
100
AcDbBlockReference
  2
VANO_90
 10
126.576086
 20
54.375508
 30
0.001406
 41
-0.001
 42
0.001
 43
0.001
 50
270.0
  0
LINE
  5
47A
330
1F
100
AcDbEntity
  8
MURO_VISTA
100
AcDbLine
 10
131.085842
 20
50.160489
 30
1.06388
 11
130.880838
 21
50.160489
 31
1.06388
  0
LINE
  5
47B
330
1F
100
AcDbEntity
  8
MURO
100
AcDbLine
 10
131.085842
 20
50.175489
 30
1.06388
 11
130.980838
 21
50.175489
 31
1.06388
  0
LINE
  5
47C
330
1F
100
AcDbEntity
  8
MURO_VISTA
100
AcDbLine
 10
131.085842
 20
50.090489
 30
1.06388
 11
130.965838
 21
50.090489
 31
1.06388
  0
LINE
  5
47D
330
1F
100
AcDbEntity
  8
MURO_VISTA
100
AcDbLine
 10
131.085842
 20
50.025489
 30
1.067374
 11
130.880838
 21
50.025489
 31
1.067374
  0
LINE
  5
47E
330
1F
100
AcDbEntity
  8
MURO
100
AcDbLine
 10
131.085842
 20
50.010489
 30
1.067374
 11
130.880838
 21
50.010489
 31
1.067374
  0
LINE
  5
47F
330
1F
100
AcDbEntity
  8
MURO_VISTA
100
AcDbLine
 10
131.085842
 20
50.095489
 30
1.067374
 11
130.965838
 21
50.095489
 31
1.067374
  0
LINE
  5
480
330
1F
100
AcDbEntity
  8
MURO_VISTA
100
AcDbLine
 10
131.085842
 20
50.160489
 30
1.06388
 11
131.280846
 21
50.160489
 31
1.06388
  0
LINE
  5
481
330
1F
100
AcDbEntity
  8
MURO
100
AcDbLine
 10
131.085842
 20
50.175489
 30
1.06388
 11
131.280846
 21
50.175489
 31
1.06388
  0
LINE
  5
482
330
1F
100
AcDbEntity
  8
MURO_VISTA
100
AcDbLine
 10
131.085842
 20
50.090489
 30
1.06388
 11
131.205846
 21
50.090489
 31
1.06388
  0
LINE
  5
483
330
1F
100
AcDbEntity
  8
MURO_VISTA
100
AcDbLine
 10
131.085842
 20
50.025489
 30
1.067374
 11
131.280846
 21
50.025489
 31
1.067374
  0
LINE
  5
484
330
1F
100
AcDbEntity
  8
MURO
100
AcDbLine
 10
131.085842
 20
50.010489
 30
1.067374
 11
131.280846
 21
50.010489
 31
1.067374
  0
LINE
  5
485
330
1F
100
AcDbEntity
  8
MURO_VISTA
100
AcDbLine
 10
131.085842
 20
50.095489
 30
1.067374
 11
131.205846
 21
50.095489
 31
1.067374
  0
LWPOLYLINE
  5
486
330
1F
100
AcDbEntity
  8
MURO_VISTA
100
AcDbPolyline
 90
        2
 70
     0
 43
0.0
 38
0.001747
 10
126.576308
 20
49.870489
 10
141.880838
 20
49.870489
  0
INSERT
  5
487
330
1F
100
AcDbEntity
  8
A-CARPINTERIAS
100
AcDbBlockReference
  2
VANO_90
 10
133.980808
 20
54.375508
 30
-1.530699
 41
0.001
 42
0.001
 43
0.001
 50
90.0
  0
LWPOLYLINE
  5
488
330
1F
100
AcDbEntity
  8
A-CARPINTERIAS
100
AcDbPolyline
 90
        4
 70
     1
 43
0.0
 38
-1.532446
 10
134.120807
 20
54.27542
 10
136.145786
 20
54.27542
 10
136.145786
 20
54.37542
 10
134.120807
 20
54.37542
  0
LWPOLYLINE
  5
489
330
1F
100
AcDbEntity
  8
A-CARPINTERIAS
100
AcDbPolyline
 90
        4
 70
     1
 43
0.0
 38
-4.128773
 10
136.180777
 20
54.275463
 10
136.145786
 20
54.275463
 10
136.145786
 20
54.375463
 10
136.180777
 20
54.375463
  0
LWPOLYLINE
  5
48A
330
1F
100
AcDbEntity
  8
A-CARPINTERIAS
100
AcDbPolyline
 90
        4
 70
     1
 43
0.0
 38
-2.59982
 10
134.120807
 20
54.27542
 10
134.080808
 20
54.27542
 10
134.080808
 20
54.375463
 10
134.120807
 20
54.375463
  0
LINE
  5
48B
330
1F
100
AcDbEntity
  8
A-CARPINTERIAS
100
AcDbLine
 10
134.120807
 20
54.34542
 30
-1.530699
 11
136.145786
 21
54.34542
 31
-4.128773
  0
INSERT
  5
48C
330
1F
100
AcDbEntity
  8
A-CARPINTERIAS
100
AcDbBlockReference
  2
VANO_90
 10
137.080777
 20
54.375508
 30
-4.128773
 41
0.001
 42
0.001
 43
0.001
 50
90.0
  0
LWPOLYLINE
  5
48D
330
1F
100
AcDbEntity
  8
A-CARPINTERIAS
100
AcDbPolyline
 90
        4
 70
     1
 43
0.0
 38
5.312361
 10
137.220807
 20
54.27542
 10
139.245786
 20
54.27542
 10
139.245786
 20
54.37542
 10
137.220807
 20
54.37542
  0
LWPOLYLINE
  5
48E
330
1F
100
AcDbEntity
  8
A-CARPINTERIAS
100
AcDbPolyline
 90
        4
 70
     1
 43
0.0
 38
2.716035
 10
139.280777
 20
54.275463
 10
139.245786
 20
54.275463
 10
139.245786
 20
54.375463
 10
139.280777
 20
54.375463
  0
LWPOLYLINE
  5
48F
330
1F
100
AcDbEntity
  8
A-CARPINTERIAS
100
AcDbPolyline
 90
        4
 70
     1
 43
0.0
 38
4.244987
 10
137.220807
 20
54.27542
 10
137.180808
 20
54.27542
 10
137.180808
 20
54.375463
 10
137.220807
 20
54.375463
  0
LINE
  5
490
330
1F
100
AcDbEntity
  8
A-CARPINTERIAS
100
AcDbLine
 10
137.220807
 20
54.34542
 30
5.314108
 11
139.245786
 21
54.34542
 31
2.716035
  0
INSERT
  5
491
330
1F
100
AcDbEntity
  8
A-CARPINTERIAS
100
AcDbBlockReference
  2
VANO_90
 10
140.180777
 20
54.375508
 30
2.716035
 41
0.001
 42
0.001
 43
0.001
 50
90.0
  0
LWPOLYLINE
  5
492
330
1F
100
AcDbEntity
  8
MURO
100
AcDbPolyline
 90
        4
 70
     1
 43
0.0
 38
5.314108
 10
143.280808
 20
50.175489
 10
143.280808
 20
54.375463
 10
143.380808
 20
54.375463
 10
143.380808
 20
50.175489
  0
LWPOLYLINE
  5
493
330
1F
100
AcDbEntity
  8
A-CARPINTERIAS
100
AcDbPolyline
 90
        4
 70
     1
 43
0.0
 38
5.312361
 10
143.240808
 20
54.27542
 10
141.21583
 20
54.27542
 10
141.21583
 20
54.37542
 10
143.240808
 20
54.37542
  0
LWPOLYLINE
  5
494
330
1F
100
AcDbEntity
  8
A-CARPINTERIAS
100
AcDbPolyline
 90
        4
 70
     1
 43
0.0
 38
2.716035
 10
141.180838
 20
54.275463
 10
141.21583
 20
54.275463
 10
141.21583
 20
54.375463
 10
141.180838
 20
54.375463
  0
LINE
  5
495
330
1F
100
AcDbEntity
  8
A-CARPINTERIAS
100
AcDbLine
 10
143.240808
 20
54.34542
 30
5.314108
 11
141.21583
 21
54.34542
 31
2.716035
  0
INSERT
  5
496
330
1F
100
AcDbEntity
  8
A-CARPINTERIAS
100
AcDbBlockReference
  2
VANO_90
 10
140.280838
 20
54.375508
 30
2.716035
 41
-0.001
 42
0.001
 43
0.001
 50
270.0
  0
LWPOLYLINE
  5
497
330
1F
100
AcDbEntity
  8
A-CARPINTERIAS
100
AcDbPolyline
 90
        4
 70
     1
 43
0.0
 38
2.716035
 10
143.2758
 20
54.275463
 10
143.240808
 20
54.275463
 10
143.240808
 20
54.375463
 10
143.2758
 20
54.375463
  0
LINE
  5
498
330
1F
100
AcDbEntity
  8
MURO_VISTA
100
AcDbLine
 10
137.095808
 20
50.025489
 30
0.001747
 11
136.380838
 21
50.025489
 31
0.001747
  0
LINE
  5
499
330
1F
100
AcDbEntity
  8
MURO
100
AcDbLine
 10
137.080808
 20
50.010489
 30
5.314108
 11
136.380838
 21
50.010489
 31
0.001747
  0
LINE
  5
49A
330
1F
100
AcDbEntity
  8
MURO_VISTA
100
AcDbLine
 10
137.095808
 20
50.095489
 30
0.001747
 11
136.465838
 21
50.095489
 31
0.001747
  0
LINE
  5
49B
330
1F
100
AcDbEntity
  8
MURO_VISTA
100
AcDbLine
 10
142.085842
 20
50.160489
 30
0.0
 11
141.880838
 21
50.160489
 31
0.0
  0
LINE
  5
49C
330
1F
100
AcDbEntity
  8
MURO
100
AcDbLine
 10
142.085842
 20
50.175489
 30
0.0
 11
141.880838
 21
50.175489
 31
0.0
  0
LINE
  5
49D
330
1F
100
AcDbEntity
  8
MURO_VISTA
100
AcDbLine
 10
141.895838
 20
50.160489
 30
0.0
 11
141.895838
 21
49.870489
 31
-1.306799
  0
LINE
  5
49E
330
1F
100
AcDbEntity
  8
MURO
100
AcDbLine
 10
141.880838
 20
50.175489
 30
0.0
 11
141.880838
 21
50.010489
 31
0.0
  0
LINE
  5
49F
330
1F
100
AcDbEntity
  8
MURO_VISTA
100
AcDbLine
 10
141.965838
 20
50.090489
 30
0.0
 11
141.965838
 21
49.870489
 31
-1.333788
  0
LINE
  5
4A0
330
1F
100
AcDbEntity
  8
MURO_VISTA
100
AcDbLine
 10
142.085842
 20
50.160489
 30
0.0
 11
142.290846
 21
50.160489
 31
0.0
  0
LINE
  5
4A1
330
1F
100
AcDbEntity
  8
MURO
100
AcDbLine
 10
142.085842
 20
50.175489
 30
0.0
 11
142.290846
 21
50.175489
 31
0.0
  0
LINE
  5
4A2
330
1F
100
AcDbEntity
  8
MURO
100
AcDbLine
 10
142.290846
 20
50.175489
 30
0.0
 11
147.320433
 21
50.175489
 31
0.0
  0
INSERT
  5
4A3
330
1F
100
AcDbEntity
  8
A-CARPINTERIAS
100
AcDbBlockReference
  2
VANO_90
 10
147.871128
 20
54.375451
 30
5.314108
 41
0.001
 42
0.001
 43
0.001
 50
90.0
  0
LINE
  5
4A4
330
1F
100
AcDbEntity
  8
MURO_VISTA
100
AcDbLine
 10
147.303028
 20
50.160489
 30
1.06388
 11
148.436078
 21
51.136969
 31
1.06388
  0
LINE
  5
4A5
330
1F
100
AcDbEntity
  8
MURO
100
AcDbLine
 10
147.297456
 20
50.175489
 30
1.06388
 11
148.421078
 21
51.143843
 31
1.06388
  0
LINE
  5
4A6
330
1F
100
AcDbEntity
  8
MURO_VISTA
100
AcDbLine
 10
148.436078
 20
51.136969
 30
-1.440984
 11
148.436078
 21
55.345822
 31
-1.440984
  0
LINE
  5
4A7
330
1F
100
AcDbEntity
  8
MURO
100
AcDbLine
 10
148.421078
 20
51.124042
 30
-1.440984
 11
148.421078
 21
55.330822
 31
-1.440984
  0
LINE
  5
4A8
330
1F
100
AcDbEntity
  8
MURO_VISTA
100
AcDbLine
 10
148.506078
 20
51.165994
 30
-0.057383
 11
148.506078
 21
55.345822
 31
-8.319476
  0
LINE
  5
4A9
330
1F
100
AcDbEntity
  8
MURO_VISTA
100
AcDbLine
 10
148.436078
 20
55.535827
 30
-1.440984
 11
148.436078
 21
55.740831
 31
-1.440984
  0
LINE
  5
4AA
330
1F
100
AcDbEntity
  8
MURO
100
AcDbLine
 10
148.421078
 20
55.535827
 30
-1.440984
 11
148.421078
 21
55.740831
 31
-1.440984
  0
LINE
  5
4AB
330
1F
100
AcDbEntity
  8
MURO_VISTA
100
AcDbLine
 10
148.506078
 20
55.535827
 30
-1.440984
 11
148.506078
 21
55.655831
 31
-1.440984
  0
LINE
  5
4AC
330
1F
100
AcDbEntity
  8
MURO_VISTA
100
AcDbLine
 10
148.436078
 20
55.725831
 30
-1.440984
 11
148.726078
 21
55.725831
 31
-2.370679
  0
LINE
  5
4AD
330
1F
100
AcDbEntity
  8
MURO
100
AcDbLine
 10
148.421078
 20
55.740831
 30
-1.440984
 11
148.726078
 21
55.740831
 31
-1.06388
  0
LINE
  5
4AE
330
1F
100
AcDbEntity
  8
MURO_VISTA
100
AcDbLine
 10
148.506078
 20
55.655831
 30
-1.440984
 11
148.726078
 21
55.655831
 31
-2.397668
  0
LINE
  5
4AF
330
1F
100
AcDbEntity
  8
MURO_VISTA
100
AcDbLine
 10
148.501078
 20
55.535827
 30
-1.06388
 11
148.501078
 21
55.655831
 31
-1.06388
  0
LINE
  5
4B0
330
1F
100
AcDbEntity
  8
MURO_VISTA
100
AcDbLine
 10
148.436078
 20
55.535827
 30
-1.440984
 11
148.436078
 21
55.330822
 31
-1.440984
  0
LINE
  5
4B1
330
1F
100
AcDbEntity
  8
MURO
100
AcDbLine
 10
148.421078
 20
55.535827
 30
-1.440984
 11
148.421078
 21
55.330822
 31
-1.440984
  0
LINE
  5
4B2
330
1F
100
AcDbEntity
  8
MURO_VISTA
100
AcDbLine
 10
148.506078
 20
55.535827
 30
-1.440984
 11
148.506078
 21
55.415822
 31
-1.440984
  0
LINE
  5
4B3
330
1F
100
AcDbEntity
  8
MURO_VISTA
100
AcDbLine
 10
148.506078
 20
55.415822
 30
-1.440984
 11
148.506078
 21
55.415822
 31
-2.019532
  0
LINE
  5
4B4
330
1F
100
AcDbEntity
  8
MURO_VISTA
100
AcDbLine
 10
148.501078
 20
55.535827
 30
-1.06388
 11
148.501078
 21
55.415822
 31
-1.06388
  0
LINE
  5
4B5
330
1F
100
AcDbEntity
  8
MURO_VISTA
100
AcDbLine
 10
148.437588
 20
61.612991
 30
0.003831
 11
148.437588
 21
61.817995
 31
0.003831
  0
LINE
  5
4B6
330
1F
100
AcDbEntity
  8
MURO
100
AcDbLine
 10
148.422588
 20
61.612991
 30
0.003831
 11
148.422588
 21
61.817995
 31
0.003831
  0
LINE
  5
4B7
330
1F
100
AcDbEntity
  8
MURO_VISTA
100
AcDbLine
 10
148.507588
 20
61.612991
 30
0.003831
 11
148.507588
 21
61.732995
 31
0.003831
  0
LINE
  5
4B8
330
1F
100
AcDbEntity
  8
MURO_VISTA
100
AcDbLine
 10
148.507588
 20
61.732995
 30
0.003831
 11
148.507588
 21
61.732995
 31
-0.776672
  0
LINE
  5
4B9
330
1F
100
AcDbEntity
  8
MURO_VISTA
100
AcDbLine
 10
148.437588
 20
61.612991
 30
0.003831
 11
148.437588
 21
61.407986
 31
0.003831
  0
LINE
  5
4BA
330
1F
100
AcDbEntity
  8
MURO
100
AcDbLine
 10
148.422588
 20
61.612991
 30
0.003831
 11
148.422588
 21
61.407986
 31
0.003831
  0
LINE
  5
4BB
330
1F
100
AcDbEntity
  8
MURO_VISTA
100
AcDbLine
 10
148.507588
 20
61.612991
 30
0.003831
 11
148.507588
 21
61.492986
 31
0.003831
  0
LINE
  5
4BC
330
1F
100
AcDbEntity
  8
MURO_VISTA
100
AcDbLine
 10
148.437588
 20
61.422986
 30
0.003831
 11
148.727588
 21
61.422987
 31
0.005142
  0
LINE
  5
4BD
330
1F
100
AcDbEntity
  8
MURO
100
AcDbLine
 10
148.422588
 20
61.407986
 30
0.003831
 11
148.727569
 21
61.407987
 31
0.005142
  0
LINE
  5
4BE
330
1F
100
AcDbEntity
  8
MURO_VISTA
100
AcDbLine
 10
148.507588
 20
61.492986
 30
0.003831
 11
148.727588
 21
61.492987
 31
-1.083155
  0
LWPOLYLINE
  5
4BF
330
1F
100
AcDbEntity
  8
MURO
100
AcDbPolyline
 90
        4
 70
     0
 43
0.0
 38
5.314108
 10
148.421078
 20
54.375463
 10
147.871111
 20
54.375462
 10
147.871111
 20
54.275493
 10
148.421078
 20
54.275493
  0
LWPOLYLINE
  5
4C0
330
1F
100
AcDbEntity
  8
MURO
100
AcDbPolyline
 90
        4
 70
     1
 43
0.0
 38
-1.06388
 10
148.726078
 20
55.740831
 10
148.506078
 20
55.740831
 10
148.506078
 20
51.006517
 10
148.726078
 20
51.006517
  0
LINE
  5
4C1
330
1F
100
AcDbEntity
  8
MURO_VISTA
100
AcDbLine
 10
148.726078
 20
55.740831
 30
-1.06388
 11
148.727569
 21
61.407987
 31
0.005142
  0
LINE
  5
4C2
330
1F
100
AcDbEntity
  8
MURO_VISTA
100
AcDbLine
 10
148.421078
 20
55.740831
 30
-1.06388
 11
148.421078
 21
61.407986
 31
0.0
  0
LWPOLYLINE
  5
4C3
330
1F
100
AcDbEntity
  8
MURO
100
AcDbPolyline
 90
        2
 70
     0
 43
0.0
 38
-0.000561
 10
124.580083
 20
57.469232
 10
124.580083
 20
57.369232
  0
LINE
  5
4C4
330
1F
100
AcDbEntity
  8
MURO
100
AcDbLine
 10
121.576709
 20
63.929309
 30
-1.05988
 11
121.576709
 21
68.450546
 31
0.040965
  0
LINE
  5
4C5
330
1F
100
AcDbEntity
  8
MURO
100
AcDbLine
 10
121.576709
 20
68.640499
 30
0.08681
 11
121.576709
 21
68.650546
 31
0.089235
  0
LINE
  5
4C6
330
1F
100
AcDbEntity
  8
MURO_VISTA
100
AcDbLine
 10
121.561709
 20
63.929309
 30
-1.060481
 11
121.561709
 21
68.450546
 31
0.041011
  0
LINE
  5
4C7
330
1F
100
AcDbEntity
  8
MURO_VISTA
100
AcDbLine
 10
121.561709
 20
68.640499
 30
0.086883
 11
121.561709
 21
68.650546
 31
0.089309
  0
LINE
  5
4C8
330
1F
100
AcDbEntity
  8
MURO_VISTA
100
AcDbLine
 10
121.491709
 20
63.929309
 30
-1.057197
 11
121.491709
 21
68.450546
 31
0.04053
  0
LINE
  5
4C9
330
1F
100
AcDbEntity
  8
MURO_VISTA
100
AcDbLine
 10
121.491709
 20
68.640499
 30
0.086245
 11
121.491709
 21
68.650546
 31
0.088663
  0
LINE
  5
4CA
330
1F
100
AcDbEntity
  8
MURO_VISTA
100
AcDbLine
 10
123.876083
 20
63.929909
 30
0.004
 11
121.636048
 21
63.929909
 31
0.004
  0
LINE
  5
4CB
330
1F
100
AcDbEntity
  8
MURO_VISTA
100
AcDbLine
 10
123.826083
 20
63.979909
 30
0.004
 11
121.626048
 21
63.979909
 31
0.004
  0
LINE
  5
4CC
330
1F
100
AcDbEntity
  8
MURO_VISTA
100
AcDbLine
 10
123.786083
 20
64.019909
 30
0.004
 11
121.666048
 21
64.019909
 31
0.004
  0
LINE
  5
4CD
330
1F
100
AcDbEntity
  8
MURO_VISTA
100
AcDbLine
 10
123.876083
 20
67.209946
 30
0.004
 11
123.826083
 21
67.209946
 31
0.004
  0
LINE
  5
4CE
330
1F
100
AcDbEntity
  8
MURO_VISTA
100
AcDbLine
 10
123.786083
 20
67.209946
 30
0.004
 11
122.676061
 21
67.209946
 31
0.004
  0
LINE
  5
4CF
330
1F
100
AcDbEntity
  8
MURO_VISTA
100
AcDbLine
 10
122.636061
 20
67.209946
 30
0.004
 11
121.666048
 21
67.209946
 31
0.004
  0
LINE
  5
4D0
330
1F
100
AcDbEntity
  8
MURO_VISTA
100
AcDbLine
 10
121.626048
 20
67.209946
 30
0.004
 11
121.576048
 21
67.209946
 31
0.004
  0
LINE
  5
4D1
330
1F
100
AcDbEntity
  8
MURO_VISTA
100
AcDbLine
 10
123.876083
 20
66.949946
 30
0.004
 11
123.826083
 21
66.949946
 31
0.004
  0
LINE
  5
4D2
330
1F
100
AcDbEntity
  8
MURO_VISTA
100
AcDbLine
 10
123.786083
 20
66.949946
 30
0.004
 11
122.81606
 21
66.949946
 31
0.004
  0
LINE
  5
4D3
330
1F
100
AcDbEntity
  8
MURO_VISTA
100
AcDbLine
 10
122.77606
 20
66.949946
 30
0.004
 11
122.67606
 21
66.949946
 31
0.004
  0
LINE
  5
4D4
330
1F
100
AcDbEntity
  8
MURO_VISTA
100
AcDbLine
 10
122.636059
 20
66.949946
 30
0.004
 11
121.666048
 21
66.949946
 31
0.004
  0
LINE
  5
4D5
330
1F
100
AcDbEntity
  8
MURO_VISTA
100
AcDbLine
 10
121.626048
 20
66.949946
 30
0.004
 11
121.576048
 21
66.949946
 31
0.004
  0
LINE
  5
4D6
330
1F
100
AcDbEntity
  8
MURO_VISTA
100
AcDbLine
 10
123.876083
 20
66.689946
 30
0.004
 11
123.826083
 21
66.689946
 31
0.004
  0
LINE
  5
4D7
330
1F
100
AcDbEntity
  8
MURO_VISTA
100
AcDbLine
 10
123.786083
 20
66.689946
 30
0.004
 11
122.816058
 21
66.689946
 31
0.004
  0
LINE
  5
4D8
330
1F
100
AcDbEntity
  8
MURO_VISTA
100
AcDbLine
 10
122.776058
 20
66.689946
 30
0.004
 11
122.676058
 21
66.689946
 31
0.004
  0
LINE
  5
4D9
330
1F
100
AcDbEntity
  8
MURO_VISTA
100
AcDbLine
 10
122.636058
 20
66.689946
 30
0.004
 11
121.666048
 21
66.689946
 31
0.004
  0
LINE
  5
4DA
330
1F
100
AcDbEntity
  8
MURO_VISTA
100
AcDbLine
 10
121.626048
 20
66.689946
 30
0.004
 11
121.576048
 21
66.689946
 31
0.004
  0
LINE
  5
4DB
330
1F
100
AcDbEntity
  8
MURO_VISTA
100
AcDbLine
 10
123.876083
 20
66.429946
 30
0.004
 11
123.826083
 21
66.429946
 31
0.004
  0
LINE
  5
4DC
330
1F
100
AcDbEntity
  8
MURO_VISTA
100
AcDbLine
 10
123.786083
 20
66.429946
 30
0.004
 11
122.816056
 21
66.429946
 31
0.004
  0
LINE
  5
4DD
330
1F
100
AcDbEntity
  8
MURO_VISTA
100
AcDbLine
 10
122.776056
 20
66.429946
 30
0.004
 11
122.676056
 21
66.429946
 31
0.004
  0
LINE
  5
4DE
330
1F
100
AcDbEntity
  8
MURO_VISTA
100
AcDbLine
 10
122.636056
 20
66.429946
 30
0.004
 11
121.666048
 21
66.429946
 31
0.004
  0
LINE
  5
4DF
330
1F
100
AcDbEntity
  8
MURO_VISTA
100
AcDbLine
 10
121.626048
 20
66.429946
 30
0.004
 11
121.576048
 21
66.429946
 31
0.004
  0
LINE
  5
4E0
330
1F
100
AcDbEntity
  8
MURO_VISTA
100
AcDbLine
 10
123.876083
 20
66.169946
 30
0.004
 11
123.826083
 21
66.169946
 31
0.004
  0
LINE
  5
4E1
330
1F
100
AcDbEntity
  8
MURO_VISTA
100
AcDbLine
 10
123.786083
 20
66.169946
 30
0.004
 11
122.816054
 21
66.169946
 31
0.004
  0
LINE
  5
4E2
330
1F
100
AcDbEntity
  8
MURO_VISTA
100
AcDbLine
 10
122.776054
 20
66.169946
 30
0.004
 11
122.676054
 21
66.169946
 31
0.004
  0
LINE
  5
4E3
330
1F
100
AcDbEntity
  8
MURO_VISTA
100
AcDbLine
 10
122.636054
 20
66.169946
 30
0.004
 11
121.666048
 21
66.169946
 31
0.004
  0
LINE
  5
4E4
330
1F
100
AcDbEntity
  8
MURO_VISTA
100
AcDbLine
 10
121.626048
 20
66.169946
 30
0.004
 11
121.576048
 21
66.169946
 31
0.004
  0
LINE
  5
4E5
330
1F
100
AcDbEntity
  8
MURO_VISTA
100
AcDbLine
 10
123.876083
 20
65.909946
 30
0.004
 11
123.826083
 21
65.909946
 31
0.004
  0
LINE
  5
4E6
330
1F
100
AcDbEntity
  8
MURO_VISTA
100
AcDbLine
 10
123.786083
 20
65.909946
 30
0.004
 11
122.816052
 21
65.909946
 31
0.004
  0
LINE
  5
4E7
330
1F
100
AcDbEntity
  8
MURO_VISTA
100
AcDbLine
 10
122.776052
 20
65.909946
 30
0.004
 11
122.676052
 21
65.909946
 31
0.004
  0
LINE
  5
4E8
330
1F
100
AcDbEntity
  8
MURO_VISTA
100
AcDbLine
 10
122.636052
 20
65.909946
 30
0.004
 11
121.666048
 21
65.909946
 31
0.004
  0
LINE
  5
4E9
330
1F
100
AcDbEntity
  8
MURO_VISTA
100
AcDbLine
 10
121.626048
 20
65.909946
 30
0.004
 11
121.576048
 21
65.909946
 31
0.004
  0
LINE
  5
4EA
330
1F
100
AcDbEntity
  8
MURO_VISTA
100
AcDbLine
 10
123.876083
 20
65.649946
 30
0.004
 11
123.826083
 21
65.649946
 31
0.004
  0
LINE
  5
4EB
330
1F
100
AcDbEntity
  8
MURO_VISTA
100
AcDbLine
 10
123.786083
 20
65.649946
 30
0.004
 11
122.81605
 21
65.649946
 31
0.004
  0
LINE
  5
4EC
330
1F
100
AcDbEntity
  8
MURO_VISTA
100
AcDbLine
 10
122.77605
 20
65.649946
 30
0.004
 11
122.67605
 21
65.649946
 31
0.004
  0
LINE
  5
4ED
330
1F
100
AcDbEntity
  8
MURO_VISTA
100
AcDbLine
 10
122.63605
 20
65.649946
 30
0.004
 11
121.666048
 21
65.649946
 31
0.004
  0
LINE
  5
4EE
330
1F
100
AcDbEntity
  8
MURO_VISTA
100
AcDbLine
 10
121.626048
 20
65.649946
 30
0.004
 11
121.576048
 21
65.649946
 31
0.004
  0
LINE
  5
4EF
330
1F
100
AcDbEntity
  8
MURO_VISTA
100
AcDbLine
 10
123.876083
 20
65.129946
 30
0.004
 11
123.826083
 21
65.129946
 31
0.004
  0
LINE
  5
4F0
330
1F
100
AcDbEntity
  8
MURO_VISTA
100
AcDbLine
 10
123.786083
 20
65.129946
 30
0.004
 11
122.816049
 21
65.129946
 31
0.004
  0
LINE
  5
4F1
330
1F
100
AcDbEntity
  8
MURO_VISTA
100
AcDbLine
 10
122.776049
 20
65.129946
 30
0.004
 11
122.676049
 21
65.129946
 31
0.004
  0
LINE
  5
4F2
330
1F
100
AcDbEntity
  8
MURO_VISTA
100
AcDbLine
 10
122.636049
 20
65.129946
 30
0.004
 11
121.666048
 21
65.129946
 31
0.004
  0
LINE
  5
4F3
330
1F
100
AcDbEntity
  8
MURO_VISTA
100
AcDbLine
 10
121.626048
 20
65.129946
 30
0.004
 11
121.576048
 21
65.129946
 31
0.004
  0
LINE
  5
4F4
330
1F
100
AcDbEntity
  8
MURO_VISTA
100
AcDbLine
 10
123.876083
 20
68.409946
 30
0.004
 11
121.576048
 21
68.409946
 31
0.004
  0
LINE
  5
4F5
330
1F
100
AcDbEntity
  8
MURO_VISTA
100
AcDbLine
 10
123.859653
 20
68.359946
 30
0.004
 11
122.776069
 21
68.359946
 31
0.004
  0
LINE
  5
4F6
330
1F
100
AcDbEntity
  8
MURO_VISTA
100
AcDbLine
 10
123.859553
 20
68.319946
 30
0.004
 11
122.816069
 21
68.319946
 31
0.004
  0
LINE
  5
4F7
330
1F
100
AcDbEntity
  8
MURO_VISTA
100
AcDbLine
 10
121.626048
 20
68.359946
 30
0.004
 11
121.626048
 21
66.429946
 31
0.004
  0
LINE
  5
4F8
330
1F
100
AcDbEntity
  8
MURO_VISTA
100
AcDbLine
 10
121.626048
 20
66.429946
 30
0.004
 11
121.626048
 21
63.979909
 31
0.004
  0
LINE
  5
4F9
330
1F
100
AcDbEntity
  8
MURO_VISTA
100
AcDbLine
 10
121.666048
 20
68.319946
 30
0.004
 11
121.666048
 21
66.429946
 31
0.004
  0
LINE
  5
4FA
330
1F
100
AcDbEntity
  8
MURO_VISTA
100
AcDbLine
 10
121.666048
 20
66.429946
 30
0.004
 11
121.666048
 21
64.019909
 31
0.004
  0
LINE
  5
4FB
330
1F
100
AcDbEntity
  8
MURO_VISTA
100
AcDbLine
 10
122.726054
 20
68.409946
 30
0.004
 11
122.726054
 21
66.169946
 31
0.004
  0
LINE
  5
4FC
330
1F
100
AcDbEntity
  8
MURO_VISTA
100
AcDbLine
 10
122.776048
 20
65.079947
 30
0.003842
 11
122.676048
 21
65.079946
 31
0.004158
  0
LINE
  5
4FD
330
1F
100
AcDbEntity
  8
MURO_VISTA
100
AcDbLine
 10
122.816048
 20
65.039947
 30
0.003716
 11
122.636048
 21
65.039945
 31
0.004284
  0
LINE
  5
4FE
330
1F
100
AcDbEntity
  8
MURO_VISTA
100
AcDbLine
 10
122.776069
 20
68.359946
 30
0.014201
 11
122.776048
 21
65.079947
 31
0.003942
  0
LINE
  5
4FF
330
1F
100
AcDbEntity
  8
MURO_VISTA
100
AcDbLine
 10
122.816069
 20
68.319946
 30
0.014036
 11
122.816048
 21
65.039947
 31
0.003896
  0
LINE
  5
500
330
1F
100
AcDbEntity
  8
MURO_VISTA
100
AcDbLine
 10
122.676062
 20
67.259946
 30
0.010605
 11
122.676048
 21
65.079946
 31
0.003942
  0
LINE
  5
501
330
1F
100
AcDbEntity
  8
MURO_VISTA
100
AcDbLine
 10
122.636062
 20
67.299946
 30
0.010605
 11
122.636048
 21
65.039945
 31
0.003896
  0
ARC
  5
502
330
1F
100
AcDbEntity
  8
MURO_VISTA
100
AcDbCircle
 10
123.806083
 20
67.210016
 30
0.004
 40
0.0200001234842758
100
AcDbArc
 50
359.798661
 51
180.201338
  0
LINE
  5
503
330
1F
100
AcDbEntity
  8
MURO_VISTA
100
AcDbLine
 10
123.876083
 20
67.209946
 30
0.004
 11
123.876083
 21
63.929909
 31
0.004
  0
LINE
  5
504
330
1F
100
AcDbEntity
  8
MURO_VISTA
100
AcDbLine
 10
123.826083
 20
67.209946
 30
0.004
 11
123.826083
 21
63.979909
 31
0.004
  0
LINE
  5
505
330
1F
100
AcDbEntity
  8
MURO_VISTA
100
AcDbLine
 10
123.786083
 20
67.209946
 30
0.004
 11
123.786083
 21
64.019909
 31
0.004
  0
LINE
  5
506
330
1F
100
AcDbEntity
  8
MURO_VISTA
100
AcDbLine
 10
122.191056
 20
66.429947
 30
0.004
 11
122.191055
 21
67.814946
 31
0.004
  0
LINE
  5
507
330
1F
100
AcDbEntity
  8
MURO_VISTA
100
AcDbLine
 10
122.191056
 20
66.429947
 30
0.004
 11
122.191055
 21
64.529927
 31
0.004
  0
LINE
  5
508
330
1F
100
AcDbEntity
  8
MURO_VISTA
100
AcDbLine
 10
122.726054
 20
66.169946
 30
0.004
 11
122.726049
 21
65.129946
 31
0.004
  0
LINE
  5
509
330
1F
100
AcDbEntity
  8
MURO_VISTA
100
AcDbLine
 10
123.291071
 20
64.529927
 30
0.004
 11
122.191055
 21
64.529927
 31
0.004
  0
LINE
  5
50A
330
1F
100
AcDbEntity
  8
MURO_VISTA
100
AcDbLine
 10
123.291071
 20
67.209946
 30
0.004
 11
123.291071
 21
64.529927
 31
0.004
  0
ARC
  5
50B
330
1F
100
AcDbEntity
  8
MURO_VISTA
100
AcDbCircle
 10
123.859553
 20
68.339946
 30
0.004
 40
0.0200001234842758
100
AcDbArc
 50
269.798661
 51
90.201338
  0
LINE
  5
50C
330
1F
100
AcDbEntity
  8
MURO_VISTA
 62
     5
100
AcDbLine
 10
123.291071
 20
67.209946
 30
0.004
 11
122.900334
 21
67.043188
 31
0.003196
  0
LINE
  5
50D
330
1F
100
AcDbEntity
  8
MURO_VISTA
100
AcDbLine
 10
123.876083
 20
65.389946
 30
0.004
 11
123.826083
 21
65.389946
 31
0.004
  0
LINE
  5
50E
330
1F
100
AcDbEntity
  8
MURO_VISTA
100
AcDbLine
 10
123.786083
 20
65.389946
 30
0.004
 11
122.81605
 21
65.389946
 31
0.004
  0
LINE
  5
50F
330
1F
100
AcDbEntity
  8
MURO_VISTA
100
AcDbLine
 10
122.77605
 20
65.389946
 30
0.004
 11
122.67605
 21
65.389946
 31
0.004
  0
LINE
  5
510
330
1F
100
AcDbEntity
  8
MURO_VISTA
100
AcDbLine
 10
122.63605
 20
65.389946
 30
0.004
 11
121.666048
 21
65.389946
 31
0.004
  0
LINE
  5
511
330
1F
100
AcDbEntity
  8
MURO_VISTA
100
AcDbLine
 10
121.626048
 20
65.389946
 30
0.004
 11
121.576048
 21
65.389946
 31
0.004
  0
LINE
  5
512
330
1F
100
AcDbEntity
  8
MURO_VISTA
100
AcDbLine
 10
122.191055
 20
67.814946
 30
0.004
 11
122.726054
 21
67.814946
 31
0.004
  0
LINE
  5
513
330
1F
100
AcDbEntity
  8
MURO_VISTA
100
AcDbLine
 10
122.726054
 20
68.359946
 30
0.004
 11
121.626048
 21
68.359946
 31
0.004
  0
LINE
  5
514
330
1F
100
AcDbEntity
  8
MURO_VISTA
100
AcDbLine
 10
122.726054
 20
68.319946
 30
0.004
 11
121.666048
 21
68.319946
 31
0.004
  0
LINE
  5
515
330
1F
100
AcDbEntity
  8
MURO_VISTA
 62
     5
100
AcDbLine
 10
123.291072
 20
67.209946
 30
0.004
 11
123.731809
 21
67.043188
 31
0.003196
  0
LINE
  5
516
330
1F
100
AcDbEntity
  8
MURO_VISTA
100
AcDbLine
 10
122.676062
 20
67.259946
 30
0.010605
 11
122.726054
 21
67.259946
 31
0.004
  0
LINE
  5
517
330
1F
100
AcDbEntity
  8
MURO_VISTA
100
AcDbLine
 10
122.636062
 20
67.299946
 30
0.010605
 11
122.726054
 21
67.299946
 31
0.004
  0
LINE
  5
518
330
1F
100
AcDbEntity
  8
MURO_VISTA
100
AcDbLine
 10
123.876083
 20
68.409946
 30
0.004
 11
123.876083
 21
68.450546
 31
-1.06388
  0
LINE
  5
519
330
1F
100
AcDbEntity
  8
MURO_VISTA
100
AcDbLine
 10
123.876083
 20
64.029909
 30
0.004
 11
123.876083
 21
63.929309
 31
-2.276206
  0
LINE
  5
51A
330
1F
100
AcDbEntity
  8
MURO_VISTA
100
AcDbLine
 10
123.926083
 20
63.944168
 30
-1.05988
 11
123.926083
 21
67.224348
 31
-1.05988
  0
LINE
  5
51B
330
1F
100
AcDbEntity
  8
MURO_VISTA
100
AcDbLine
 10
123.926083
 20
67.224348
 30
-1.05988
 11
123.966083
 21
67.224348
 31
-1.05988
  0
LINE
  5
51C
330
1F
100
AcDbEntity
  8
MURO_VISTA
100
AcDbLine
 10
123.966083
 20
67.224348
 30
-1.05988
 11
123.966083
 21
63.944168
 31
-1.05988
  0
LINE
  5
51D
330
1F
100
AcDbEntity
  8
MURO_VISTA
100
AcDbLine
 10
123.966083
 20
63.944168
 30
-1.05988
 11
123.926083
 21
63.944168
 31
-1.05988
  0
INSERT
  5
51E
330
1F
100
AcDbEntity
  8
MAMP_BLOQUE_HORMIGON_BLOQU
 62
   251
100
AcDbBlockReference
  2
A$C2D8E3321
 10
123.076081
 20
68.450499
 30
-3.616829
 41
0.001
 42
0.001
 43
0.001
  0
INSERT
  5
53B
330
1F
100
AcDbEntity
  8
MAMP_BLOQUE_HORMIGON_BLOQU
 62
   251
100
AcDbBlockReference
  2
A$C2D8E3321
 10
123.476081
 20
68.450499
 30
-4.255066
 41
0.001
 42
0.001
 43
0.001
  0
INSERT
  5
53C
330
1F
100
AcDbEntity
  8
MAMP_BLOQUE_HORMIGON_BLOQU
 62
   251
100
AcDbBlockReference
  2
A$C2D8E3321
 10
121.476081
 20
68.450499
 30
-1.06388
 41
0.001
 42
0.001
 43
0.001
  0
INSERT
  5
53D
330
1F
100
AcDbEntity
  8
MAMP_BLOQUE_HORMIGON_BLOQU
 62
   251
100
AcDbBlockReference
  2
A$C2D8E3321
 10
121.876081
 20
68.450499
 30
-1.702117
 41
0.001
 42
0.001
 43
0.001
  0
INSERT
  5
53E
330
1F
100
AcDbEntity
  8
MAMP_BLOQUE_HORMIGON_BLOQU
 62
   251
100
AcDbBlockReference
  2
A$C2D8E3321
 10
122.276081
 20
68.450499
 30
-2.340354
 41
0.001
 42
0.001
 43
0.001
  0
INSERT
  5
53F
330
1F
100
AcDbEntity
  8
MAMP_BLOQUE_HORMIGON_BLOQU
 62
   251
100
AcDbBlockReference
  2
A$C2D8E3321
 10
122.676081
 20
68.450499
 30
-2.978592
 41
0.001
 42
0.001
 43
0.001
  0
INSERT
  5
540
330
1F
100
AcDbEntity
  8
MAMP_BLOQUE_HORMIGON_BLOQU
 62
   251
100
AcDbBlockReference
  2
A$C2D8E3321
 10
123.076004
 20
70.490463
 30
-4.255066
 41
0.001
 42
0.001
 43
0.001
  0
INSERT
  5
541
330
1F
100
AcDbEntity
  8
MAMP_BLOQUE_HORMIGON_BLOQU
 62
   251
100
AcDbBlockReference
  2
A$C2D8E3321
 10
123.476004
 20
70.490463
 30
-4.893303
 41
0.001
 42
0.001
 43
0.001
  0
INSERT
  5
542
330
1F
100
AcDbEntity
  8
MAMP_BLOQUE_HORMIGON_BLOQU
 62
   251
100
AcDbBlockReference
  2
A$C2D8E3321
 10
121.476004
 20
70.490463
 30
-1.702117
 41
0.001
 42
0.001
 43
0.001
  0
INSERT
  5
543
330
1F
100
AcDbEntity
  8
MAMP_BLOQUE_HORMIGON_BLOQU
 62
   251
100
AcDbBlockReference
  2
A$C2D8E3321
 10
121.876004
 20
70.490463
 30
-2.340354
 41
0.001
 42
0.001
 43
0.001
  0
INSERT
  5
544
330
1F
100
AcDbEntity
  8
MAMP_BLOQUE_HORMIGON_BLOQU
 62
   251
100
AcDbBlockReference
  2
A$C2D8E3321
 10
122.276004
 20
70.490463
 30
-2.978592
 41
0.001
 42
0.001
 43
0.001
  0
INSERT
  5
545
330
1F
100
AcDbEntity
  8
MAMP_BLOQUE_HORMIGON_BLOQU
 62
   251
100
AcDbBlockReference
  2
A$C2D8E3321
 10
122.676004
 20
70.490463
 30
-3.616829
 41
0.001
 42
0.001
 43
0.001
  0
INSERT
  5
546
330
1F
100
AcDbEntity
  8
MAMP_BLOQUE_HORMIGON_BLOQU
 62
   251
100
AcDbBlockReference
  2
A$C2D8E3321
 10
124.266007
 20
70.490463
 30
-4.255066
 41
-0.001
 42
0.001
 43
0.001
  0
INSERT
  5
547
330
1F
100
AcDbEntity
  8
MAMP_BLOQUE_HORMIGON_BLOQU
 62
   251
100
AcDbBlockReference
  2
A$C2D8E3321
 10
125.466007
 20
70.490463
 30
-2.340354
 41
-0.001
 42
0.001
 43
0.001
  0
INSERT
  5
548
330
1F
100
AcDbEntity
  8
MAMP_BLOQUE_HORMIGON_BLOQU
 62
   251
100
AcDbBlockReference
  2
A$C2D8E3321
 10
125.066007
 20
70.490463
 30
-2.978592
 41
-0.001
 42
0.001
 43
0.001
  0
INSERT
  5
549
330
1F
100
AcDbEntity
  8
MAMP_BLOQUE_HORMIGON_BLOQU
 62
   251
100
AcDbBlockReference
  2
A$C2D8E3321
 10
124.666007
 20
70.490463
 30
-3.616829
 41
-0.001
 42
0.001
 43
0.001
  0
INSERT
  5
54A
330
1F
100
AcDbEntity
  8
MAMP_BLOQUE_HORMIGON_BLOQU
 62
   251
100
AcDbBlockReference
  2
A$C2D8E3321
 10
125.866007
 20
70.490463
 30
-2.340354
 41
-0.001
 42
0.001
 43
0.001
  0
INSERT
  5
54B
330
1F
100
AcDbEntity
  8
MAMP_BLOQUE_HORMIGON_BLOQU
 62
   251
100
AcDbBlockReference
  2
A$C2D8E3321
 10
126.266007
 20
70.490463
 30
-2.340354
 41
-0.001
 42
0.001
 43
0.001
  0
HATCH
  5
54C
330
1F
100
AcDbEntity
  8
MAMP_BLOQUE_HORMIGON_BLOQU
  6
Continuous
 62
   253
100
AcDbHatch
 10
0.0
 20
0.0
 30
-1.06388
210
0.0
220
0.0
230
1.0
  2
AR-CONC
 70
     0
 71
     0
 91
        3
 92
       22
 72
     1
 73
     1
 93
       10
 10
126.3921256988351
 20
70.62896210258388
 42
0.0
 10
126.3921256988351
 20
70.54102749550422
 42
0.3152016444507655
 10
126.4000174717612
 20
70.5297526354165
 42
0.0
 10
126.4421256988526
 20
70.51702749551389
 42
0.0
 10
126.5421256988293
 20
70.51702749551389
 42
0.4142135623730951
 10
126.5541256988608
 20
70.5290274955127
 42
0.0
 10
126.5541256988608
 20
70.64096210259724
 42
0.4142135623730951
 10
126.5421256988293
 20
70.65296210259605
 42
0.0
 10
126.4421256988526
 20
70.65296210259605
 42
0.0
 10
126.4000174717612
 20
70.64023696268616
 42
0.3152016444507655
 97
        0
 92
        5
 93
        4
 72
     1
 10
126.2802772732493
 20
70.68041934907653
 11
126.2802772732493
 21
70.49041934908148
 72
     1
 10
126.2802772732493
 20
70.49041934908148
 11
126.5761256988726
 21
70.49041934908148
 72
     1
 10
126.5761256988726
 20
70.49041934908148
 11
126.5761256988726
 21
70.68041934907653
 72
     1
 10
126.5761256988726
 20
70.68041934907653
 11
126.2802772732493
 21
70.68041934907653
 97
        0
 92
        5
 93
        8
 72
     1
 10
126.2802772732493
 20
70.65296210259605
 11
126.2802772732493
 21
70.51702749551389
 72
     1
 10
126.2802772732493
 20
70.51702749551389
 11
126.3201256988496
 21
70.51702749551389
 72
     1
 10
126.3201256988204
 20
70.51702749551389
 11
126.3622339259409
 21
70.5297526354165
 72
     2
 10
126.3581256988209
 20
70.54102749550422
 40
0.0120000000000051
 50
290.0202512400033
 51
359.9999999999304
 73
     1
 72
     1
 10
126.3701256988525
 20
70.54102749550422
 11
126.3701256988525
 21
70.62896210258388
 72
     2
 10
126.3581256988209
 20
70.62896210258388
 40
0.0119999999999947
 50
0.0000000000694769
 51
69.9797487599728
 73
     1
 72
     1
 10
126.3622339259409
 20
70.64023696268616
 11
126.3201256988204
 21
70.65296210259605
 72
     1
 10
126.3201256988204
 20
70.65296210259605
 11
126.2802772732348
 21
70.65296210259605
 97
        0
 75
     0
 76
     1
 52
270.0
 41
0.0002
 77
     0
 78
    13
 53
319.9999999999999
 43
220.5539289159597
 44
448.4609313678315
 45
-0.0031878171077806
 46
-0.0364369337992008
 79
     2
 49
0.00381
 49
-0.04191
 53
264.9999999999999
 43
220.5539289159597
 44
448.4609313678315
 45
0.038211369047807
 46
0.0070486842849939
 79
     2
 49
0.003048
 49
-0.033528116834
 53
10.45144469999994
 43
220.5536632652465
 44
448.457894966426
 45
0.035023550382439
 46
-0.0293882494180707
 79
     2
 49
0.00323800176
 49
-0.03561804892
 53
316.1841999999999
 43
220.5640889159358
 44
448.4609313678315
 45
-0.0084084655865454
 46
-0.054215808178426
 79
     2
 49
0.005715
 49
-0.062865
 53
6.635557609999903
 43
220.5633882159555
 44
448.4564133878279
 45
0.0494852249195443
 46
-0.0474808268103006
 79
     2
 49
0.004857004628
 49
-0.053427121632
 53
261.1841511699999
 43
220.5640889159358
 44
448.4609313678315
 45
0.0494852249171065
 46
-0.0474808268129954
 79
     2
 49
0.004571993414
 49
-0.050291946384
 53
291.0
 43
220.5615489159491
 44
448.4558513678252
 45
-0.0204530396374175
 46
-0.0303228782538265
 79
     2
 49
0.00381
 49
-0.04191
 53
235.9999999999999
 43
220.5615489159491
 44
448.4558513678252
 45
0.0368375932244639
 46
-0.0123604056695294
 79
     2
 49
0.003048
 49
-0.033528
 53
341.4514449999999
 43
220.5598444959714
 44
448.4533244613025
 45
0.0163845537771811
 46
-0.0426832838557433
 79
     2
 49
0.00323800176
 49
-0.03561798752
 53
307.5
 43
220.5539289159597
 44
448.4609313678315
 45
0.0169110077746306
 46
-0.0006177206501184
 79
     6
 49
0.0
 49
-0.0331216
 49
0.0
 49
-0.034036
 49
0.0
 49
-0.033655
 53
277.5
 43
220.5539289159597
 44
448.4609313678315
 45
0.0200361149636239
 46
-0.0133639325020612
 79
     6
 49
0.0
 49
-0.0194056
 49
0.0
 49
-0.0323596
 49
0.0
 49
-0.012827
 53
237.5
 43
220.5539289159597
 44
448.4722597678314
 45
-0.0011457487985347
 46
-0.0271181190333743
 79
     6
 49
0.0
 49
-0.0127
 49
0.0
 49
-0.039624
 49
0.0
 49
-0.052578
 53
227.4999999999999
 43
220.5539289159597
 44
448.4773397678268
 45
0.0050852982066666
 46
-0.0296258362772036
 79
     6
 49
0.0
 49
-0.01651
 49
0.0
 49
-0.0263144
 49
0.0
 49
-0.037338
 47
1.051238
 98
        3
 10
126.3781900751301
 20
70.63370370188333
 10
126.3781900751301
 20
70.63370370188333
 10
126.3232218729636
 20
70.58499479904769
  0
LINE
  5
54D
330
1F
100
AcDbEntity
  8
MAMP_BLOQUE_HORMIGON_BLOQU
100
AcDbLine
 10
126.280277
 20
70.680419
 30
-1.06388
 11
126.576126
 21
70.680419
 31
-1.06388
  0
LINE
  5
54E
330
1F
100
AcDbEntity
  8
MAMP_BLOQUE_HORMIGON_BLOQU
100
AcDbLine
 10
126.280277
 20
70.490419
 30
-1.06388
 11
126.576126
 21
70.490419
 31
-1.06388
  0
LINE
  5
54F
330
1F
100
AcDbEntity
  8
MAMP_BLOQUE_HORMIGON_BLOQU
100
AcDbLine
 10
126.576126
 20
70.680419
 30
-1.06388
 11
126.576126
 21
70.490419
 31
-1.06388
  0
LINE
  5
550
330
1F
100
AcDbEntity
  8
MAMP_BLOQUE_HORMIGON_BLOQU
100
AcDbLine
 10
126.280277
 20
70.652962
 30
-1.06388
 11
126.320126
 21
70.652962
 31
-1.06388
  0
LINE
  5
551
330
1F
100
AcDbEntity
  8
MAMP_BLOQUE_HORMIGON_BLOQU
100
AcDbLine
 10
126.280277
 20
70.517027
 30
-1.06388
 11
126.320126
 21
70.517027
 31
-1.06388
  0
LINE
  5
552
330
1F
100
AcDbEntity
  8
MAMP_BLOQUE_HORMIGON_BLOQU
100
AcDbLine
 10
126.370126
 20
70.628962
 30
-1.06388
 11
126.370126
 21
70.541027
 31
-1.06388
  0
ARC
  5
553
330
1F
100
AcDbEntity
  8
MAMP_BLOQUE_HORMIGON_BLOQU
100
AcDbCircle
 10
126.358126
 20
70.628962
 30
-1.06388
 40
0.012
100
AcDbArc
 50
0.0
 51
69.979749
  0
LINE
  5
554
330
1F
100
AcDbEntity
  8
MAMP_BLOQUE_HORMIGON_BLOQU
100
AcDbLine
 10
126.362234
 20
70.640237
 30
-1.06388
 11
126.320126
 21
70.652962
 31
-1.06388
  0
ARC
  5
555
330
1F
100
AcDbEntity
  8
MAMP_BLOQUE_HORMIGON_BLOQU
100
AcDbCircle
 10
126.358126
 20
70.541027
 30
-1.06388
 40
0.012
100
AcDbArc
 50
290.020251
 51
0.0
  0
LINE
  5
556
330
1F
100
AcDbEntity
  8
MAMP_BLOQUE_HORMIGON_BLOQU
100
AcDbLine
 10
126.362234
 20
70.529753
 30
-1.06388
 11
126.320126
 21
70.517027
 31
-1.06388
  0
LINE
  5
557
330
1F
100
AcDbEntity
  8
MAMP_BLOQUE_HORMIGON_BLOQU
100
AcDbLine
 10
126.542126
 20
70.652962
 30
-1.06388
 11
126.442126
 21
70.652962
 31
-1.06388
  0
LINE
  5
558
330
1F
100
AcDbEntity
  8
MAMP_BLOQUE_HORMIGON_BLOQU
100
AcDbLine
 10
126.542126
 20
70.517027
 30
-1.06388
 11
126.442126
 21
70.517027
 31
-1.06388
  0
LINE
  5
559
330
1F
100
AcDbEntity
  8
MAMP_BLOQUE_HORMIGON_BLOQU
100
AcDbLine
 10
126.554126
 20
70.640962
 30
-1.06388
 11
126.554126
 21
70.529027
 31
-1.06388
  0
LINE
  5
55A
330
1F
100
AcDbEntity
  8
MAMP_BLOQUE_HORMIGON_BLOQU
100
AcDbLine
 10
126.392126
 20
70.628962
 30
-1.06388
 11
126.392126
 21
70.541027
 31
-1.06388
  0
ARC
  5
55B
330
1F
100
AcDbEntity
  8
MAMP_BLOQUE_HORMIGON_BLOQU
100
AcDbCircle
 10
126.542126
 20
70.640962
 30
-1.06388
 40
0.012
100
AcDbArc
 50
0.0
 51
90.0
  0
ARC
  5
55C
330
1F
100
AcDbEntity
  8
MAMP_BLOQUE_HORMIGON_BLOQU
100
AcDbCircle
 10
126.542126
 20
70.529027
 30
-1.06388
 40
0.012
100
AcDbArc
 50
270.0
 51
0.0
  0
ARC
  5
55D
330
1F
100
AcDbEntity
  8
MAMP_BLOQUE_HORMIGON_BLOQU
100
AcDbCircle
 10
126.404126
 20
70.628962
 30
-1.06388
 40
0.012
100
AcDbArc
 50
110.020251
 51
180.0
  0
LINE
  5
55E
330
1F
100
AcDbEntity
  8
MAMP_BLOQUE_HORMIGON_BLOQU
100
AcDbLine
 10
126.400017
 20
70.640237
 30
-1.06388
 11
126.442126
 21
70.652962
 31
-1.06388
  0
ARC
  5
55F
330
1F
100
AcDbEntity
  8
MAMP_BLOQUE_HORMIGON_BLOQU
100
AcDbCircle
 10
126.404126
 20
70.541027
 30
-1.06388
 40
0.012
100
AcDbArc
 50
180.0
 51
249.979749
  0
LINE
  5
560
330
1F
100
AcDbEntity
  8
MAMP_BLOQUE_HORMIGON_BLOQU
100
AcDbLine
 10
126.400017
 20
70.529753
 30
-1.06388
 11
126.442126
 21
70.517027
 31
-1.06388
  0
LINE
  5
561
330
1F
100
AcDbEntity
  8
MAMP_BLOQUE_HORMIGON_BLOQU
100
AcDbLine
 10
126.280277
 20
70.680419
 30
-1.06388
 11
126.280277
 21
70.652962
 31
-1.06388
  0
LINE
  5
562
330
1F
100
AcDbEntity
  8
MAMP_BLOQUE_HORMIGON_BLOQU
100
AcDbLine
 10
126.280277
 20
70.517027
 30
-1.06388
 11
126.280277
 21
70.490422
 31
-1.06388
  0
LWPOLYLINE
  5
563
330
1F
100
AcDbEntity
  8
MURO
100
AcDbPolyline
 90
        6
 70
     0
 43
0.0
 38
-1.06388
 10
121.296083
 20
68.640499
 10
123.864494
 20
68.640499
 10
123.876083
 20
68.640499
 10
123.876083
 20
68.535662
 10
123.876083
 20
68.450546
 10
121.296083
 20
68.450546
  0
LINE
  5
564
330
1F
100
AcDbEntity
  8
MURO
100
AcDbLine
 10
121.076083
 20
54.475515
 30
1.06388
 11
121.381083
 21
54.475515
 31
1.06388
  0
LINE
  5
565
330
1F
100
AcDbEntity
  8
MURO
100
AcDbLine
 10
121.381083
 20
54.475515
 30
1.06388
 11
121.076083
 21
54.475515
 31
1.06388
  0
LINE
  5
566
330
1F
100
AcDbEntity
  8
MURO_VISTA
100
AcDbLine
 10
121.366083
 20
54.490515
 30
1.06388
 11
121.076083
 21
54.490515
 31
1.06388
  0
LINE
  5
567
330
1F
100
AcDbEntity
  8
MURO_VISTA
100
AcDbLine
 10
121.296083
 20
54.560515
 30
1.06388
 11
121.076083
 21
54.560515
 31
1.06388
  0
LINE
  5
568
330
1F
100
AcDbEntity
  8
MURO_VISTA
100
AcDbLine
 10
121.366083
 20
54.490515
 30
1.06388
 11
121.366083
 21
55.299327
 31
0.001406
  0
LINE
  5
569
330
1F
100
AcDbEntity
  8
MURO
100
AcDbLine
 10
121.381083
 20
54.475515
 30
1.06388
 11
121.381083
 21
55.299327
 31
0.001406
  0
LWPOLYLINE
  5
56A
330
1F
100
AcDbEntity
  8
MURO
100
AcDbPolyline
 90
        4
 70
     1
 43
0.0
 38
0.001747
 10
121.296083
 20
50.460489
 10
121.296083
 20
49.870489
 10
121.076083
 20
49.870489
 10
121.076083
 20
50.460489
  0
LINE
  5
56B
330
1F
100
AcDbEntity
  8
MURO_VISTA
100
AcDbLine
 10
121.076083
 20
50.460489
 30
1.06388
 11
121.076083
 21
54.490515
 31
1.06388
  0
LWPOLYLINE
  5
56C
330
1F
100
AcDbEntity
  8
MURO
100
AcDbPolyline
 90
        5
 70
     0
 43
0.0
 38
1.06388
 10
121.296083
 20
75.36981
 10
121.296083
 20
54.490515
 10
121.076083
 20
54.490515
 10
121.076083
 20
75.36981
 10
121.296083
 20
75.36981
  0
LINE
  5
56D
330
1F
100
AcDbEntity
  8
MURO_VISTA
100
AcDbLine
 10
121.381083
 20
50.460489
 30
2.12776
 11
121.381083
 21
54.490515
 31
2.12776
  0
LINE
  5
56E
330
1F
100
AcDbEntity
  8
MAMP_BLOQUE_HORMIGON_BLOQU
100
AcDbLine
 10
121.467603
 20
70.680461
 30
-1.06388
 11
121.33446
 21
70.680461
 31
-1.06388
  0
LINE
  5
56F
330
1F
100
AcDbEntity
  8
MAMP_BLOQUE_HORMIGON_BLOQU
100
AcDbLine
 10
121.467603
 20
70.490461
 30
-1.06388
 11
121.467603
 21
70.680461
 31
-1.06388
  0
LINE
  5
570
330
1F
100
AcDbEntity
  8
MAMP_BLOQUE_HORMIGON_BLOQU
100
AcDbLine
 10
121.467603
 20
70.490461
 30
-1.06388
 11
121.33446
 21
70.490461
 31
-1.06388
  0
LINE
  5
571
330
1F
100
AcDbEntity
  8
MAMP_BLOQUE_HORMIGON_BLOQU
100
AcDbLine
 10
121.467603
 20
70.680461
 30
-1.06388
 11
121.33446
 21
70.680461
 31
-1.06388
  0
LINE
  5
572
330
1F
100
AcDbEntity
  8
MAMP_BLOQUE_HORMIGON_BLOQU
100
AcDbLine
 10
121.33446
 20
70.517918
 30
-1.06388
 11
121.406603
 21
70.517918
 31
-1.06388
  0
LINE
  5
573
330
1F
100
AcDbEntity
  8
MAMP_BLOQUE_HORMIGON_BLOQU
100
AcDbLine
 10
121.33446
 20
70.653853
 30
-1.06388
 11
121.406603
 21
70.653853
 31
-1.06388
  0
LINE
  5
574
330
1F
100
AcDbEntity
  8
MAMP_BLOQUE_HORMIGON_BLOQU
100
AcDbLine
 10
121.456603
 20
70.541918
 30
-1.06388
 11
121.456603
 21
70.629853
 31
-1.06388
  0
ARC
  5
575
330
1F
100
AcDbEntity
  8
MAMP_BLOQUE_HORMIGON_BLOQU
100
AcDbCircle
 10
121.444603
 20
70.541918
 30
-1.06388
 40
0.012
100
AcDbArc
 50
290.020251
 51
0.0
  0
LINE
  5
576
330
1F
100
AcDbEntity
  8
MAMP_BLOQUE_HORMIGON_BLOQU
100
AcDbLine
 10
121.448711
 20
70.530644
 30
-1.06388
 11
121.406603
 21
70.517918
 31
-1.06388
  0
ARC
  5
577
330
1F
100
AcDbEntity
  8
MAMP_BLOQUE_HORMIGON_BLOQU
100
AcDbCircle
 10
121.444603
 20
70.629853
 30
-1.06388
 40
0.012
100
AcDbArc
 50
0.0
 51
69.979749
  0
LINE
  5
578
330
1F
100
AcDbEntity
  8
MAMP_BLOQUE_HORMIGON_BLOQU
100
AcDbLine
 10
121.448711
 20
70.641128
 30
-1.06388
 11
121.406603
 21
70.653853
 31
-1.06388
  0
LINE
  5
579
330
1F
100
AcDbEntity
  8
MAMP_BLOQUE_HORMIGON_BLOQU
100
AcDbLine
 10
121.33446
 20
70.490461
 30
-1.06388
 11
121.467603
 21
70.490461
 31
-1.06388
  0
ARC
  5
57A
330
1F
100
AcDbEntity
  8
MAMP_BLOQUE_HORMIGON_BLOQU
100
AcDbCircle
 10
121.444603
 20
70.629853
 30
-1.06388
 40
0.012
100
AcDbArc
 50
0.0
 51
69.979749
  0
HATCH
  5
57B
330
1F
100
AcDbEntity
  8
MAMP_BLOQUE_HORMIGON_BLOQU
  6
Continuous
 62
   253
100
AcDbHatch
 10
0.0
 20
0.0
 30
-1.06388
210
0.0
220
0.0
230
1.0
  2
AR-CONC
 70
     0
 71
     0
 91
        2
 92
        1
 93
        4
 72
     1
 10
121.3344602490934
 20
70.68046113749499
 11
121.3344602490934
 21
70.4904611374963
 72
     1
 10
121.3344602490934
 20
70.4904611374963
 11
121.4676029102948
 21
70.4904611374963
 72
     1
 10
121.4676029102948
 20
70.4904611374963
 11
121.4676029102948
 21
70.68046113749499
 72
     1
 10
121.4676029102948
 20
70.68046113749499
 11
121.3344602490934
 21
70.68046113749499
 97
        0
 92
        1
 93
        8
 72
     1
 10
121.3344602490934
 20
70.65385299108077
 11
121.3344602490934
 21
70.51791838399497
 72
     1
 10
121.3344602490934
 20
70.51791838399497
 11
121.4066029103369
 21
70.51791838399497
 72
     1
 10
121.4066029103369
 20
70.51791838399497
 11
121.447426542737
 21
70.53025531836595
 72
     2
 10
121.4446029103374
 20
70.54191838399258
 40
0.0120000000000172
 50
283.6094666489981
 51
359.9999999999999
 73
     1
 72
     1
 10
121.4566029102962
 20
70.54191838399258
 11
121.4566029102962
 21
70.62985299107952
 72
     2
 10
121.4446029103374
 20
70.62985299107952
 40
0.0120000000000093
 50
0.0000000001389537
 51
69.97974876006177
 73
     1
 72
     1
 10
121.4487111373846
 20
70.64112785118179
 11
121.4066029103078
 21
70.65385299108077
 72
     1
 10
121.4066029103369
 20
70.65385299108077
 11
121.3344602490934
 21
70.65385299108077
 97
        0
 75
     0
 76
     1
 52
180.0
 41
0.0002
 77
     0
 78
    13
 53
229.9999999999998
 43
398.1557481466543
 44
42.87581102021561
 45
-0.0364369337992008
 46
0.0031878171077807
 79
     2
 49
0.00381
 49
-0.0419099999999999
 53
174.9999999999998
 43
398.1557481466543
 44
42.87581102021561
 45
0.0070486842849938
 46
-0.038211369047807
 79
     2
 49
0.003048
 49
-0.0335281168339998
 53
280.4514446999997
 43
398.1527117452597
 44
42.87607667092873
 45
-0.0293882494180707
 46
-0.035023550382439
 79
     2
 49
0.00323800176
 49
-0.0356180489199999
 53
226.1841999999999
 43
398.1557481466543
 44
42.86565102021397
 45
-0.054215808178426
 46
0.0084084655865455
 79
     2
 49
0.005715
 49
-0.062865
 53
276.6355576099998
 43
398.1512301666617
 44
42.86635172023072
 45
-0.0474808268103007
 46
-0.0494852249195443
 79
     2
 49
0.004857004628
 49
-0.053427121632
 53
171.1841511699998
 43
398.1557481466543
 44
42.86565102021397
 45
-0.0474808268129955
 46
-0.0494852249171065
 79
     2
 49
0.004571993414
 49
-0.050291946384
 53
200.9999999999998
 43
398.1506681466808
 44
42.86819102021529
 45
-0.0303228782538265
 46
0.0204530396374176
 79
     2
 49
0.00381
 49
-0.0419099999999999
 53
145.9999999999999
 43
398.1506681466808
 44
42.86819102021529
 45
-0.0123604056695295
 46
-0.0368375932244639
 79
     2
 49
0.003048
 49
-0.0335279999999999
 53
251.4514449999998
 43
398.1481412401436
 44
42.86989544020018
 45
-0.0426832838557433
 46
-0.016384553777181
 79
     2
 49
0.00323800176
 49
-0.0356179875199999
 53
217.4999999999998
 43
398.1557481466543
 44
42.87581102021561
 45
-0.0006177206501184
 46
-0.0169110077746306
 79
     6
 49
0.0
 49
-0.0331216
 49
0.0
 49
-0.034036
 49
0.0
 49
-0.0336549999999999
 53
187.4999999999997
 43
398.1557481466543
 44
42.87581102021561
 45
-0.0133639325020612
 46
-0.0200361149636239
 79
     6
 49
0.0
 49
-0.0194056
 49
0.0
 49
-0.0323596
 49
0.0
 49
-0.012827
 53
147.4999999999997
 43
398.1670765466943
 44
42.87581102021561
 45
-0.0271181190333743
 46
0.0011457487985347
 79
     6
 49
0.0
 49
-0.0127
 49
0.0
 49
-0.0396239999999998
 49
0.0
 49
-0.0525779999999998
 53
137.4999999999999
 43
398.1721565466532
 44
42.87581102021561
 45
-0.0296258362772036
 46
-0.0050852982066666
 79
     6
 49
0.0
 49
-0.01651
 49
0.0
 49
-0.0263144
 49
0.0
 49
-0.037338
 98
        3
 10
121.4705385340012
 20
70.53717678471496
 10
121.4705385340012
 20
70.53717678471496
 10
121.3701029102913
 20
70.58546113749382
  0
LINE
  5
57C
330
1F
100
AcDbEntity
  8
MAMP_BLOQUE_HORMIGON_BLOQU
100
AcDbLine
 10
121.33446
 20
70.653853
 30
-1.06388
 11
121.33446
 21
70.680461
 31
-1.06388
  0
LINE
  5
57D
330
1F
100
AcDbEntity
  8
MAMP_BLOQUE_HORMIGON_BLOQU
100
AcDbLine
 10
121.33446
 20
70.517918
 30
-1.06388
 11
121.33446
 21
70.490461
 31
-1.06388
  0
LWPOLYLINE
  5
57E
330
1F
100
AcDbEntity
  8
MURO
100
AcDbPolyline
 90
        4
 70
     0
 43
0.0
 38
-1.06388
 10
121.296083
 20
70.680461
 10
126.576125
 20
70.680458
 10
126.576126
 20
70.490419
 10
121.296083
 20
70.490461
  0
LINE
  5
57F
330
1F
100
AcDbEntity
  8
MAMP_BLOQUE_HORMIGON_BLOQU
100
AcDbLine
 10
121.467603
 20
68.640499
 30
-1.06388
 11
121.33446
 21
68.640499
 31
-1.06388
  0
LINE
  5
580
330
1F
100
AcDbEntity
  8
MAMP_BLOQUE_HORMIGON_BLOQU
100
AcDbLine
 10
121.467603
 20
68.450499
 30
-1.06388
 11
121.467603
 21
68.640499
 31
-1.06388
  0
LINE
  5
581
330
1F
100
AcDbEntity
  8
MAMP_BLOQUE_HORMIGON_BLOQU
100
AcDbLine
 10
121.467603
 20
68.450499
 30
-1.06388
 11
121.33446
 21
68.450499
 31
-1.06388
  0
LINE
  5
582
330
1F
100
AcDbEntity
  8
MAMP_BLOQUE_HORMIGON_BLOQU
100
AcDbLine
 10
121.467603
 20
68.640499
 30
-1.06388
 11
121.33446
 21
68.640499
 31
-1.06388
  0
LINE
  5
583
330
1F
100
AcDbEntity
  8
MAMP_BLOQUE_HORMIGON_BLOQU
100
AcDbLine
 10
121.33446
 20
68.477957
 30
-1.06388
 11
121.406603
 21
68.477957
 31
-1.06388
  0
LINE
  5
584
330
1F
100
AcDbEntity
  8
MAMP_BLOQUE_HORMIGON_BLOQU
100
AcDbLine
 10
121.33446
 20
68.613891
 30
-1.06388
 11
121.406603
 21
68.613891
 31
-1.06388
  0
LINE
  5
585
330
1F
100
AcDbEntity
  8
MAMP_BLOQUE_HORMIGON_BLOQU
100
AcDbLine
 10
121.456603
 20
68.501957
 30
-1.06388
 11
121.456603
 21
68.589891
 31
-1.06388
  0
ARC
  5
586
330
1F
100
AcDbEntity
  8
MAMP_BLOQUE_HORMIGON_BLOQU
100
AcDbCircle
 10
121.444603
 20
68.501957
 30
-1.06388
 40
0.012
100
AcDbArc
 50
290.020251
 51
0.0
  0
LINE
  5
587
330
1F
100
AcDbEntity
  8
MAMP_BLOQUE_HORMIGON_BLOQU
100
AcDbLine
 10
121.448711
 20
68.490682
 30
-1.06388
 11
121.406603
 21
68.477957
 31
-1.06388
  0
ARC
  5
588
330
1F
100
AcDbEntity
  8
MAMP_BLOQUE_HORMIGON_BLOQU
100
AcDbCircle
 10
121.444603
 20
68.589891
 30
-1.06388
 40
0.012
100
AcDbArc
 50
0.0
 51
69.979749
  0
LINE
  5
589
330
1F
100
AcDbEntity
  8
MAMP_BLOQUE_HORMIGON_BLOQU
100
AcDbLine
 10
121.448711
 20
68.601166
 30
-1.06388
 11
121.406603
 21
68.613891
 31
-1.06388
  0
LINE
  5
58A
330
1F
100
AcDbEntity
  8
MAMP_BLOQUE_HORMIGON_BLOQU
100
AcDbLine
 10
121.33446
 20
68.450499
 30
-1.06388
 11
121.467603
 21
68.450499
 31
-1.06388
  0
ARC
  5
58B
330
1F
100
AcDbEntity
  8
MAMP_BLOQUE_HORMIGON_BLOQU
100
AcDbCircle
 10
121.444603
 20
68.589891
 30
-1.06388
 40
0.012
100
AcDbArc
 50
0.0
 51
69.979749
  0
HATCH
  5
58C
330
1F
100
AcDbEntity
  8
MAMP_BLOQUE_HORMIGON_BLOQU
  6
Continuous
 62
   253
100
AcDbHatch
 10
0.0
 20
0.0
 30
-1.06388
210
0.0
220
0.0
230
1.0
  2
AR-CONC
 70
     0
 71
     0
 91
        2
 92
        1
 93
        4
 72
     1
 10
121.3344602490934
 20
68.64049927045328
 11
121.3344602490934
 21
68.45049927045459
 72
     1
 10
121.3344602490934
 20
68.45049927045459
 11
121.4676029102948
 21
68.45049927045459
 72
     1
 10
121.4676029102948
 20
68.45049927045459
 11
121.4676029102948
 21
68.64049927045328
 72
     1
 10
121.4676029102948
 20
68.64049927045328
 11
121.3344602490934
 21
68.64049927045328
 97
        0
 92
        1
 93
        8
 72
     1
 10
121.3344602490934
 20
68.61389112403178
 11
121.3344602490934
 21
68.47795651694962
 72
     1
 10
121.3344602490934
 20
68.47795651694962
 11
121.4066029103369
 21
68.47795651694962
 72
     1
 10
121.4066029103369
 20
68.47795651694962
 11
121.447426542737
 21
68.49029345131332
 72
     2
 10
121.4446029103374
 20
68.50195651695451
 40
0.0120000000000172
 50
283.6094666489981
 51
359.9999999999999
 73
     1
 72
     1
 10
121.4566029102962
 20
68.50195651695451
 11
121.4566029102962
 21
68.58989112402689
 72
     2
 10
121.4446029103374
 20
68.58989112402689
 40
0.0120000000000093
 50
0.0000000001389537
 51
69.97974876006177
 73
     1
 72
     1
 10
121.4487111373846
 20
68.60116598412553
 11
121.4066029103078
 21
68.61389112403178
 72
     1
 10
121.4066029103369
 20
68.61389112403178
 11
121.3344602490934
 21
68.61389112403178
 97
        0
 75
     0
 76
     1
 52
180.0
 41
0.0002
 77
     0
 78
    13
 53
229.9999999999998
 43
398.1557481466543
 44
40.83584915317753
 45
-0.0364369337992008
 46
0.0031878171077807
 79
     2
 49
0.00381
 49
-0.0419099999999999
 53
174.9999999999998
 43
398.1557481466543
 44
40.83584915317753
 45
0.0070486842849938
 46
-0.038211369047807
 79
     2
 49
0.003048
 49
-0.0335281168339998
 53
280.4514446999997
 43
398.1527117452597
 44
40.8361148038761
 45
-0.0293882494180707
 46
-0.035023550382439
 79
     2
 49
0.00323800176
 49
-0.0356180489199999
 53
226.1841999999999
 43
398.1557481466543
 44
40.82568915318318
 45
-0.054215808178426
 46
0.0084084655865455
 79
     2
 49
0.005715
 49
-0.062865
 53
276.6355576099998
 43
398.1512301666617
 44
40.82638985318174
 45
-0.0474808268103007
 46
-0.0494852249195443
 79
     2
 49
0.004857004628
 49
-0.053427121632
 53
171.1841511699998
 43
398.1557481466543
 44
40.82568915318318
 45
-0.0474808268129955
 46
-0.0494852249171065
 79
     2
 49
0.004571993414
 49
-0.050291946384
 53
200.9999999999998
 43
398.1506681466808
 44
40.82822915317722
 45
-0.0303228782538265
 46
0.0204530396374176
 79
     2
 49
0.00381
 49
-0.0419099999999999
 53
145.9999999999999
 43
398.1506681466808
 44
40.82822915317722
 45
-0.0123604056695295
 46
-0.0368375932244639
 79
     2
 49
0.003048
 49
-0.0335279999999999
 53
251.4514449999998
 43
398.1481412401436
 44
40.82993357315483
 45
-0.0426832838557433
 46
-0.016384553777181
 79
     2
 49
0.00323800176
 49
-0.0356179875199999
 53
217.4999999999998
 43
398.1557481466543
 44
40.83584915317753
 45
-0.0006177206501184
 46
-0.0169110077746306
 79
     6
 49
0.0
 49
-0.0331216
 49
0.0
 49
-0.034036
 49
0.0
 49
-0.0336549999999999
 53
187.4999999999997
 43
398.1557481466543
 44
40.83584915317753
 45
-0.0133639325020612
 46
-0.0200361149636239
 79
     6
 49
0.0
 49
-0.0194056
 49
0.0
 49
-0.0323596
 49
0.0
 49
-0.012827
 53
147.4999999999997
 43
398.1670765466943
 44
40.83584915317753
 45
-0.0271181190333743
 46
0.0011457487985347
 79
     6
 49
0.0
 49
-0.0127
 49
0.0
 49
-0.0396239999999998
 49
0.0
 49
-0.0525779999999998
 53
137.4999999999999
 43
398.1721565466532
 44
40.83584915317753
 45
-0.0296258362772036
 46
-0.0050852982066666
 79
     6
 49
0.0
 49
-0.01651
 49
0.0
 49
-0.0263144
 49
0.0
 49
-0.037338
 98
        3
 10
121.4705385340012
 20
68.49721491765142
 10
121.4705385340012
 20
68.49721491765142
 10
121.3701029102913
 20
68.54549927045575
  0
LINE
  5
58D
330
1F
100
AcDbEntity
  8
MAMP_BLOQUE_HORMIGON_BLOQU
100
AcDbLine
 10
121.33446
 20
68.613891
 30
-1.06388
 11
121.33446
 21
68.640499
 31
-1.06388
  0
LINE
  5
58E
330
1F
100
AcDbEntity
  8
MAMP_BLOQUE_HORMIGON_BLOQU
100
AcDbLine
 10
121.33446
 20
68.477957
 30
-1.06388
 11
121.33446
 21
68.450499
 31
-1.06388
  0
LWPOLYLINE
  5
58F
330
1F
100
AcDbEntity
  8
A-CARPINTERIAS
100
AcDbPolyline
 90
        4
 70
     1
 43
0.0
 38
1.06388
 10
121.30608
 20
80.083833
 10
121.30608
 20
80.043833
 10
121.216083
 20
80.043833
 10
121.216083
 20
80.083833
  0
LWPOLYLINE
  5
590
330
1F
100
AcDbEntity
  8
A-CARPINTERIAS
100
AcDbPolyline
 90
        4
 70
     1
 43
0.0
 38
1.059476
 10
121.306091
 20
83.043789
 10
121.306091
 20
83.003813
 10
121.21608
 20
83.003813
 10
121.21608
 20
83.043789
  0
LWPOLYLINE
  5
591
330
1F
100
AcDbEntity
  8
A-CARPINTERIAS
100
AcDbPolyline
 90
        4
 70
     1
 43
0.0
 38
1.06388
 10
121.306081
 20
83.003813
 10
121.30608
 20
80.083833
 10
121.216089
 20
80.083833
 10
121.21609
 20
83.003813
  0
LINE
  5
592
330
1F
100
AcDbEntity
  8
A-CARPINTERIAS
100
AcDbLine
 10
121.241081
 20
80.083833
 30
1.06388
 11
121.241083
 21
81.023845
 31
1.065298
  0
LINE
  5
593
330
1F
100
AcDbEntity
  8
A-CARPINTERIAS
100
AcDbLine
 10
121.241083
 20
81.063821
 30
1.065358
 11
121.241084
 21
82.023845
 31
1.066806
  0
LINE
  5
594
330
1F
100
AcDbEntity
  8
A-CARPINTERIAS
100
AcDbLine
 10
121.241084
 20
82.063821
 30
1.066866
 11
121.241085
 21
83.003813
 31
1.068284
  0
LWPOLYLINE
  5
595
330
1F
100
AcDbEntity
  8
A-CARPINTERIAS
100
AcDbPolyline
 90
        4
 70
     1
 43
0.0
 38
1.06388
 10
121.306093
 20
82.063821
 10
121.306093
 20
82.023845
 10
121.216083
 20
82.023845
 10
121.216083
 20
82.063821
  0
LWPOLYLINE
  5
596
330
1F
100
AcDbEntity
  8
A-CARPINTERIAS
100
AcDbPolyline
 90
        4
 70
     1
 43
0.0
 38
1.06388
 10
121.306091
 20
81.063821
 10
121.306091
 20
81.023845
 10
121.21608
 20
81.023845
 10
121.21608
 20
81.063821
  0
LINE
  5
597
330
1F
100
AcDbEntity
  8
A-CARPINTERIAS
100
AcDbLine
 10
121.261081
 20
80.083833
 30
1.06388
 11
121.261083
 21
81.023845
 31
1.065298
  0
LINE
  5
598
330
1F
100
AcDbEntity
  8
A-CARPINTERIAS
100
AcDbLine
 10
121.261083
 20
81.063821
 30
1.065358
 11
121.261084
 21
82.023845
 31
1.066806
  0
LINE
  5
599
330
1F
100
AcDbEntity
  8
A-CARPINTERIAS
100
AcDbLine
 10
121.261084
 20
82.063821
 30
1.066866
 11
121.261085
 21
83.003813
 31
1.068284
  0
LINE
  5
59A
330
1F
100
AcDbEntity
  8
MURO_VISTA
100
AcDbLine
 10
121.381083
 20
76.493859
 30
1.06388
 11
121.381083
 21
79.493816
 31
1.06388
  0
LWPOLYLINE
  5
59B
330
1F
100
AcDbEntity
  8
A-CARPINTERIAS
100
AcDbPolyline
 90
        4
 70
     1
 43
0.0
 38
1.06388
 10
121.30608
 20
79.453816
 10
121.30608
 20
79.493816
 10
121.216083
 20
79.493816
 10
121.216083
 20
79.453816
  0
LWPOLYLINE
  5
59C
330
1F
100
AcDbEntity
  8
A-CARPINTERIAS
100
AcDbPolyline
 90
        4
 70
     1
 43
0.0
 38
1.059476
 10
121.306091
 20
76.493859
 10
121.306091
 20
76.533835
 10
121.21608
 20
76.533835
 10
121.21608
 20
76.493859
  0
LWPOLYLINE
  5
59D
330
1F
100
AcDbEntity
  8
A-CARPINTERIAS
100
AcDbPolyline
 90
        4
 70
     1
 43
0.0
 38
1.06388
 10
121.306081
 20
75.779818
 10
121.30608
 20
79.453816
 10
121.216089
 20
79.453816
 10
121.21609
 20
75.779818
  0
LINE
  5
59E
330
1F
100
AcDbEntity
  8
A-CARPINTERIAS
100
AcDbLine
 10
121.241081
 20
79.453816
 30
1.06388
 11
121.241083
 21
78.513804
 31
1.065298
  0
LINE
  5
59F
330
1F
100
AcDbEntity
  8
A-CARPINTERIAS
100
AcDbLine
 10
121.241083
 20
78.473828
 30
1.065358
 11
121.241084
 21
77.513804
 31
1.066806
  0
LINE
  5
5A0
330
1F
100
AcDbEntity
  8
A-CARPINTERIAS
100
AcDbLine
 10
121.241084
 20
77.473828
 30
1.066866
 11
121.241085
 21
76.533835
 31
1.068284
  0
LWPOLYLINE
  5
5A1
330
1F
100
AcDbEntity
  8
A-CARPINTERIAS
100
AcDbPolyline
 90
        4
 70
     1
 43
0.0
 38
1.06388
 10
121.306093
 20
77.473828
 10
121.306093
 20
77.513804
 10
121.216083
 20
77.513804
 10
121.216083
 20
77.473828
  0
LWPOLYLINE
  5
5A2
330
1F
100
AcDbEntity
  8
A-CARPINTERIAS
100
AcDbPolyline
 90
        4
 70
     1
 43
0.0
 38
1.06388
 10
121.306091
 20
78.473828
 10
121.306091
 20
78.513804
 10
121.21608
 20
78.513804
 10
121.21608
 20
78.473828
  0
LINE
  5
5A3
330
1F
100
AcDbEntity
  8
A-CARPINTERIAS
100
AcDbLine
 10
121.261081
 20
79.453816
 30
1.06388
 11
121.261083
 21
78.513804
 31
1.065298
  0
LINE
  5
5A4
330
1F
100
AcDbEntity
  8
A-CARPINTERIAS
100
AcDbLine
 10
121.261083
 20
78.473828
 30
1.065358
 11
121.261084
 21
77.513804
 31
1.066806
  0
LINE
  5
5A5
330
1F
100
AcDbEntity
  8
A-CARPINTERIAS
100
AcDbLine
 10
121.261084
 20
77.473828
 30
1.066866
 11
121.261085
 21
76.533835
 31
1.068284
  0
LWPOLYLINE
  5
5A6
330
1F
100
AcDbEntity
  8
A-CARPINTERIAS
100
AcDbPolyline
 90
        4
 70
     1
 43
0.0
 38
1.067374
 10
121.306091
 20
75.779818
 10
121.306091
 20
75.819794
 10
121.21608
 20
75.819794
 10
121.21608
 20
75.779818
  0
LINE
  5
5A7
330
1F
100
AcDbEntity
  8
A-CARPINTERIAS
100
AcDbLine
 10
121.241082
 20
76.453883
 30
1.063276
 11
121.241085
 21
75.819794
 31
1.076182
  0
LWPOLYLINE
  5
5A8
330
1F
100
AcDbEntity
  8
A-CARPINTERIAS
100
AcDbPolyline
 90
        4
 70
     1
 43
0.0
 38
1.071778
 10
121.306091
 20
76.453883
 10
121.306091
 20
76.493859
 10
121.21608
 20
76.493859
 10
121.21608
 20
76.453883
  0
LINE
  5
5A9
330
1F
100
AcDbEntity
  8
A-CARPINTERIAS
100
AcDbLine
 10
121.261082
 20
76.453883
 30
1.063276
 11
121.261085
 21
75.819794
 31
1.076182
  0
LWPOLYLINE
  5
5AA
330
1F
100
AcDbEntity
  8
A-CARPINTERIAS
100
AcDbPolyline
 90
        4
 70
     1
 43
0.0
 38
1.068284
 10
121.30608
 20
51.500559
 10
121.30608
 20
51.460559
 10
121.216083
 20
51.460559
 10
121.216083
 20
51.500559
  0
LWPOLYLINE
  5
5AB
330
1F
100
AcDbEntity
  8
A-CARPINTERIAS
100
AcDbPolyline
 90
        4
 70
     1
 43
0.0
 38
1.06388
 10
121.306091
 20
54.475515
 10
121.306091
 20
54.435539
 10
121.21608
 20
54.435539
 10
121.21608
 20
54.475515
  0
LWPOLYLINE
  5
5AC
330
1F
100
AcDbEntity
  8
A-CARPINTERIAS
100
AcDbPolyline
 90
        4
 70
     1
 43
0.0
 38
1.068284
 10
121.306081
 20
54.475515
 10
121.30608
 20
50.475489
 10
121.216089
 20
50.475489
 10
121.21609
 20
54.475515
  0
LINE
  5
5AD
330
1F
100
AcDbEntity
  8
A-CARPINTERIAS
100
AcDbLine
 10
121.241081
 20
51.500559
 30
1.068284
 11
121.241092
 21
52.455514
 31
1.069701
  0
LINE
  5
5AE
330
1F
100
AcDbEntity
  8
A-CARPINTERIAS
100
AcDbLine
 10
121.241092
 20
52.49549
 30
1.069762
 11
121.241084
 21
53.448071
 31
1.07121
  0
LINE
  5
5AF
330
1F
100
AcDbEntity
  8
A-CARPINTERIAS
100
AcDbLine
 10
121.241084
 20
53.488047
 30
1.07127
 11
121.241085
 21
54.435539
 31
1.072687
  0
LWPOLYLINE
  5
5B0
330
1F
100
AcDbEntity
  8
A-CARPINTERIAS
100
AcDbPolyline
 90
        4
 70
     1
 43
0.0
 38
1.068284
 10
121.306093
 20
53.488047
 10
121.306093
 20
53.448071
 10
121.216083
 20
53.448071
 10
121.216083
 20
53.488047
  0
LWPOLYLINE
  5
5B1
330
1F
100
AcDbEntity
  8
A-CARPINTERIAS
100
AcDbPolyline
 90
        4
 70
     1
 43
0.0
 38
1.068284
 10
121.3061
 20
52.49549
 10
121.3061
 20
52.455514
 10
121.216089
 20
52.455514
 10
121.216089
 20
52.49549
  0
LINE
  5
5B2
330
1F
100
AcDbEntity
  8
A-CARPINTERIAS
100
AcDbLine
 10
121.261081
 20
51.500559
 30
1.068284
 11
121.261092
 21
52.455514
 31
1.069701
  0
LINE
  5
5B3
330
1F
100
AcDbEntity
  8
A-CARPINTERIAS
100
AcDbLine
 10
121.261092
 20
52.49549
 30
1.069762
 11
121.261084
 21
53.448071
 31
1.07121
  0
LINE
  5
5B4
330
1F
100
AcDbEntity
  8
A-CARPINTERIAS
100
AcDbLine
 10
121.261084
 20
53.488047
 30
1.07127
 11
121.261085
 21
54.435539
 31
1.072687
  0
LWPOLYLINE
  5
5B5
330
1F
100
AcDbEntity
  8
A-CARPINTERIAS
100
AcDbPolyline
 90
        4
 70
     1
 43
0.0
 38
1.068284
 10
121.306083
 20
50.515489
 10
121.306083
 20
50.475489
 10
121.216086
 20
50.475489
 10
121.216086
 20
50.515489
  0
LINE
  5
5B6
330
1F
100
AcDbEntity
  8
A-CARPINTERIAS
100
AcDbLine
 10
121.241085
 20
50.515489
 30
1.068284
 11
121.241076
 21
51.460615
 31
1.069701
  0
LINE
  5
5B7
330
1F
100
AcDbEntity
  8
A-CARPINTERIAS
100
AcDbLine
 10
121.261085
 20
50.515489
 30
1.068284
 11
121.261076
 21
51.460615
 31
1.069701
  0
LWPOLYLINE
  5
5B8
330
1F
100
AcDbEntity
  8
A-CARPINTERIAS
100
AcDbPolyline
 90
        4
 70
     1
 43
0.0
 38
1.065627
 10
127.929338
 20
84.240492
 10
127.889338
 20
84.240492
 10
127.889338
 20
84.330489
 10
127.929338
 20
84.330489
  0
LWPOLYLINE
  5
5B9
330
1F
100
AcDbEntity
  8
A-CARPINTERIAS
100
AcDbPolyline
 90
        4
 70
     1
 43
0.0
 38
1.065627
 10
130.889294
 20
84.240491
 10
127.889338
 20
84.240492
 10
127.889338
 20
84.330483
 10
130.889294
 20
84.330482
  0
LINE
  5
5BA
330
1F
100
AcDbEntity
  8
A-CARPINTERIAS
100
AcDbLine
 10
127.929338
 20
84.305491
 30
1.065627
 11
128.86935
 21
84.305489
 31
1.067045
  0
LINE
  5
5BB
330
1F
100
AcDbEntity
  8
A-CARPINTERIAS
100
AcDbLine
 10
128.909326
 20
84.305489
 30
1.067105
 11
129.86935
 21
84.305488
 31
1.068553
  0
LINE
  5
5BC
330
1F
100
AcDbEntity
  8
A-CARPINTERIAS
100
AcDbLine
 10
129.909326
 20
84.305488
 30
1.068613
 11
130.849319
 21
84.305487
 31
1.070031
  0
LWPOLYLINE
  5
5BD
330
1F
100
AcDbEntity
  8
A-CARPINTERIAS
100
AcDbPolyline
 90
        4
 70
     1
 43
0.0
 38
1.065627
 10
129.909326
 20
84.240479
 10
129.86935
 20
84.240479
 10
129.86935
 20
84.330489
 10
129.909326
 20
84.330489
  0
LWPOLYLINE
  5
5BE
330
1F
100
AcDbEntity
  8
A-CARPINTERIAS
100
AcDbPolyline
 90
        4
 70
     1
 43
0.0
 38
1.065627
 10
128.909326
 20
84.240481
 10
128.86935
 20
84.240481
 10
128.86935
 20
84.330492
 10
128.909326
 20
84.330492
  0
LINE
  5
5BF
330
1F
100
AcDbEntity
  8
A-CARPINTERIAS
100
AcDbLine
 10
127.929338
 20
84.285491
 30
1.065627
 11
128.86935
 21
84.285489
 31
1.067045
  0
LINE
  5
5C0
330
1F
100
AcDbEntity
  8
A-CARPINTERIAS
100
AcDbLine
 10
128.909326
 20
84.285489
 30
1.067105
 11
129.86935
 21
84.285488
 31
1.068553
  0
LINE
  5
5C1
330
1F
100
AcDbEntity
  8
A-CARPINTERIAS
100
AcDbLine
 10
129.909326
 20
84.285488
 30
1.068613
 11
130.849319
 21
84.285487
 31
1.070031
  0
LWPOLYLINE
  5
5C2
330
1F
100
AcDbEntity
  8
MURO_VISTA
100
AcDbPolyline
 90
        4
 70
     1
 43
0.0
 38
1.065627
 10
127.874338
 20
79.508827
 10
127.874338
 20
84.315489
 10
127.804338
 20
84.315489
 10
127.804338
 20
79.508827
  0
LWPOLYLINE
  5
5C3
330
1F
100
AcDbEntity
  8
MURO
100
AcDbPolyline
 90
        4
 70
     1
 43
0.0
 38
1.065627
 10
127.889338
 20
79.493827
 10
127.889338
 20
84.330489
 10
127.789338
 20
84.330489
 10
127.789338
 20
79.493827
  0
LWPOLYLINE
  5
5C4
330
1F
100
AcDbEntity
  8
A-CARPINTERIAS
100
AcDbPolyline
 90
        4
 70
     1
 43
0.0
 38
1.065627
 10
127.789338
 20
84.240481
 10
127.749362
 20
84.240481
 10
127.749362
 20
84.330492
 10
127.789338
 20
84.330492
  0
LWPOLYLINE
  5
5C5
330
1F
100
AcDbEntity
  8
A-CARPINTERIAS
100
AcDbPolyline
 90
        4
 70
     1
 43
0.0
 38
1.070031
 10
124.72671
 20
84.240492
 10
124.68671
 20
84.240492
 10
124.68671
 20
84.330489
 10
124.72671
 20
84.330489
  0
LWPOLYLINE
  5
5C6
330
1F
100
AcDbEntity
  8
A-CARPINTERIAS
100
AcDbPolyline
 90
        4
 70
     1
 43
0.0
 38
1.070031
 10
127.789338
 20
84.240491
 10
121.624083
 20
84.240492
 10
121.624083
 20
84.330483
 10
127.789338
 20
84.330482
  0
LINE
  5
5C7
330
1F
100
AcDbEntity
  8
A-CARPINTERIAS
100
AcDbLine
 10
124.72671
 20
84.30549
 30
1.06388
 11
125.666722
 21
84.305489
 31
1.065298
  0
LINE
  5
5C8
330
1F
100
AcDbEntity
  8
A-CARPINTERIAS
100
AcDbLine
 10
125.706698
 20
84.305489
 30
1.065358
 11
126.666722
 21
84.305488
 31
1.066806
  0
LINE
  5
5C9
330
1F
100
AcDbEntity
  8
A-CARPINTERIAS
100
AcDbLine
 10
126.706698
 20
84.305488
 30
1.066866
 11
127.749362
 21
84.305487
 31
1.074435
  0
LWPOLYLINE
  5
5CA
330
1F
100
AcDbEntity
  8
A-CARPINTERIAS
100
AcDbPolyline
 90
        4
 70
     1
 43
0.0
 38
1.070031
 10
126.706698
 20
84.240479
 10
126.666722
 20
84.240479
 10
126.666722
 20
84.330489
 10
126.706698
 20
84.330489
  0
LWPOLYLINE
  5
5CB
330
1F
100
AcDbEntity
  8
A-CARPINTERIAS
100
AcDbPolyline
 90
        4
 70
     1
 43
0.0
 38
1.070031
 10
125.706698
 20
84.240481
 10
125.666722
 20
84.240481
 10
125.666722
 20
84.330492
 10
125.706698
 20
84.330492
  0
LINE
  5
5CC
330
1F
100
AcDbEntity
  8
A-CARPINTERIAS
100
AcDbLine
 10
124.72671
 20
84.28549
 30
1.06388
 11
125.666722
 21
84.285489
 31
1.065298
  0
LINE
  5
5CD
330
1F
100
AcDbEntity
  8
A-CARPINTERIAS
100
AcDbLine
 10
125.706698
 20
84.285489
 30
1.065358
 11
126.666722
 21
84.285488
 31
1.066806
  0
LINE
  5
5CE
330
1F
100
AcDbEntity
  8
A-CARPINTERIAS
100
AcDbLine
 10
126.706698
 20
84.285488
 30
1.066866
 11
127.749362
 21
84.285487
 31
1.074435
  0
LWPOLYLINE
  5
5CF
330
1F
100
AcDbEntity
  8
A-CARPINTERIAS
100
AcDbPolyline
 90
        4
 70
     1
 43
0.0
 38
1.070031
 10
123.746698
 20
84.240489
 10
123.706698
 20
84.240489
 10
123.706698
 20
84.330487
 10
123.746698
 20
84.330487
  0
LINE
  5
5D0
330
1F
100
AcDbEntity
  8
A-CARPINTERIAS
100
AcDbLine
 10
123.746698
 20
84.305488
 30
1.06388
 11
124.68671
 21
84.305487
 31
1.065298
  0
LINE
  5
5D1
330
1F
100
AcDbEntity
  8
A-CARPINTERIAS
100
AcDbLine
 10
123.746698
 20
84.285488
 30
1.06388
 11
124.68671
 21
84.285487
 31
1.065298
  0
LWPOLYLINE
  5
5D2
330
1F
100
AcDbEntity
  8
A-CARPINTERIAS
100
AcDbPolyline
 90
        4
 70
     1
 43
0.0
 38
1.070031
 10
122.766686
 20
84.240487
 10
122.726686
 20
84.240487
 10
122.726686
 20
84.330484
 10
122.766686
 20
84.330484
  0
LINE
  5
5D3
330
1F
100
AcDbEntity
  8
A-CARPINTERIAS
100
AcDbLine
 10
122.766686
 20
84.305485
 30
1.06388
 11
123.706698
 21
84.305484
 31
1.065298
  0
LINE
  5
5D4
330
1F
100
AcDbEntity
  8
A-CARPINTERIAS
100
AcDbLine
 10
122.766686
 20
84.285485
 30
1.06388
 11
123.706698
 21
84.285484
 31
1.065298
  0
LWPOLYLINE
  5
5D5
330
1F
100
AcDbEntity
  8
A-CARPINTERIAS
100
AcDbPolyline
 90
        4
 70
     1
 43
0.0
 38
1.070031
 10
121.664083
 20
84.240492
 10
121.624083
 20
84.240492
 10
121.624083
 20
84.330489
 10
121.664083
 20
84.330489
  0
LINE
  5
5D6
330
1F
100
AcDbEntity
  8
A-CARPINTERIAS
100
AcDbLine
 10
121.664083
 20
84.305491
 30
1.070031
 11
122.726686
 21
84.305489
 31
1.065298
  0
LINE
  5
5D7
330
1F
100
AcDbEntity
  8
A-CARPINTERIAS
100
AcDbLine
 10
121.664083
 20
84.285491
 30
1.070031
 11
122.726686
 21
84.285489
 31
1.065298
  0
LWPOLYLINE
  5
5D8
330
1F
100
AcDbEntity
  8
A-CARPINTERIAS
100
AcDbPolyline
 90
        4
 70
     1
 43
0.0
 38
1.06297
 10
127.658595
 20
50.100493
 10
127.698571
 20
50.100493
 10
127.698571
 20
50.010482
 10
127.658595
 20
50.010482
  0
LWPOLYLINE
  5
5D9
330
1F
100
AcDbEntity
  8
A-CARPINTERIAS
100
AcDbPolyline
 90
        4
 70
     1
 43
0.0
 38
1.067374
 10
126.576296
 20
50.100466
 10
130.880838
 20
50.100481
 10
130.880838
 20
50.010489
 10
126.576296
 20
50.010475
  0
LINE
  5
5DA
330
1F
100
AcDbEntity
  8
A-CARPINTERIAS
100
AcDbLine
 10
128.708579
 20
50.035502
 30
1.07036
 11
127.698571
 21
50.035487
 31
0.010214
  0
LWPOLYLINE
  5
5DB
330
1F
100
AcDbEntity
  8
A-CARPINTERIAS
100
AcDbPolyline
 90
        4
 70
     1
 43
0.0
 38
1.067374
 10
128.708579
 20
50.100511
 10
128.748555
 20
50.100511
 10
128.748555
 20
50.0105
 10
128.708579
 20
50.0105
  0
LINE
  5
5DC
330
1F
100
AcDbEntity
  8
A-CARPINTERIAS
100
AcDbLine
 10
128.708579
 20
50.055502
 30
1.07036
 11
127.698571
 21
50.055487
 31
0.010214
  0
LWPOLYLINE
  5
5DD
330
1F
100
AcDbEntity
  8
A-CARPINTERIAS
100
AcDbPolyline
 90
        4
 70
     1
 43
0.0
 38
1.067374
 10
128.708579
 20
50.100493
 10
128.748555
 20
50.100493
 10
128.748555
 20
50.010482
 10
128.708579
 20
50.010482
  0
LWPOLYLINE
  5
5DE
330
1F
100
AcDbEntity
  8
A-CARPINTERIAS
100
AcDbPolyline
 90
        4
 70
     1
 43
0.0
 38
1.058566
 10
126.576296
 20
50.100466
 10
126.616272
 20
50.100466
 10
126.616272
 20
50.010455
 10
126.576296
 20
50.010455
  0
LINE
  5
5DF
330
1F
100
AcDbEntity
  8
A-CARPINTERIAS
100
AcDbLine
 10
127.658595
 20
50.035502
 30
1.065956
 11
126.616272
 21
50.03546
 31
0.014618
  0
LINE
  5
5E0
330
1F
100
AcDbEntity
  8
A-CARPINTERIAS
100
AcDbLine
 10
127.658595
 20
50.055502
 30
1.065956
 11
126.616272
 21
50.05546
 31
0.014618
  0
LWPOLYLINE
  5
5E1
330
1F
100
AcDbEntity
  8
A-CARPINTERIAS
100
AcDbPolyline
 90
        4
 70
     1
 43
0.0
 38
1.06297
 10
129.798538
 20
50.100493
 10
129.758562
 20
50.100493
 10
129.758562
 20
50.010482
 10
129.798538
 20
50.010482
  0
LINE
  5
5E2
330
1F
100
AcDbEntity
  8
A-CARPINTERIAS
100
AcDbLine
 10
128.748553
 20
50.035502
 30
1.07036
 11
129.758562
 21
50.035487
 31
0.010214
  0
LWPOLYLINE
  5
5E3
330
1F
100
AcDbEntity
  8
A-CARPINTERIAS
100
AcDbPolyline
 90
        4
 70
     1
 43
0.0
 38
1.067374
 10
128.748553
 20
50.100511
 10
128.708577
 20
50.100511
 10
128.708577
 20
50.0105
 10
128.748553
 20
50.0105
  0
LINE
  5
5E4
330
1F
100
AcDbEntity
  8
A-CARPINTERIAS
100
AcDbLine
 10
128.748553
 20
50.055502
 30
1.07036
 11
129.758562
 21
50.055487
 31
0.010214
  0
LWPOLYLINE
  5
5E5
330
1F
100
AcDbEntity
  8
A-CARPINTERIAS
100
AcDbPolyline
 90
        4
 70
     1
 43
0.0
 38
1.067374
 10
128.748553
 20
50.100493
 10
128.708577
 20
50.100493
 10
128.708577
 20
50.010482
 10
128.748553
 20
50.010482
  0
LWPOLYLINE
  5
5E6
330
1F
100
AcDbEntity
  8
A-CARPINTERIAS
100
AcDbPolyline
 90
        4
 70
     1
 43
0.0
 38
1.058566
 10
130.880836
 20
50.100466
 10
130.84086
 20
50.100466
 10
130.84086
 20
50.010455
 10
130.880836
 20
50.010455
  0
LINE
  5
5E7
330
1F
100
AcDbEntity
  8
A-CARPINTERIAS
100
AcDbLine
 10
129.798538
 20
50.035502
 30
1.065956
 11
130.84086
 21
50.03546
 31
0.014618
  0
LINE
  5
5E8
330
1F
100
AcDbEntity
  8
A-CARPINTERIAS
100
AcDbLine
 10
129.798538
 20
50.055502
 30
1.065956
 11
130.84086
 21
50.05546
 31
0.014618
  0
LWPOLYLINE
  5
5E9
330
1F
100
AcDbEntity
  8
A-CARPINTERIAS
100
AcDbPolyline
 90
        4
 70
     1
 43
0.0
 38
1.067374
 10
131.280846
 20
50.100466
 10
133.980808
 20
50.100481
 10
133.980808
 20
50.010489
 10
131.280846
 20
50.010475
  0
LWPOLYLINE
  5
5EA
330
1F
100
AcDbEntity
  8
A-CARPINTERIAS
100
AcDbPolyline
 90
        4
 70
     1
 43
0.0
 38
1.590057
 10
133.11584
 20
50.100507
 10
133.155816
 20
50.100507
 10
133.155816
 20
50.010496
 10
133.11584
 20
50.010496
  0
LWPOLYLINE
  5
5EB
330
1F
100
AcDbEntity
  8
A-CARPINTERIAS
100
AcDbPolyline
 90
        4
 70
     1
 43
0.0
 38
1.585653
 10
132.115842
 20
50.10048
 10
132.155818
 20
50.10048
 10
132.155818
 20
50.010469
 10
132.115842
 20
50.010469
  0
LINE
  5
5EC
330
1F
100
AcDbEntity
  8
A-CARPINTERIAS
100
AcDbLine
 10
133.11584
 20
50.035516
 30
1.593043
 11
132.155818
 21
50.035475
 31
0.541705
  0
LINE
  5
5ED
330
1F
100
AcDbEntity
  8
A-CARPINTERIAS
100
AcDbLine
 10
133.11584
 20
50.055516
 30
1.593043
 11
132.155818
 21
50.055475
 31
0.541705
  0
LWPOLYLINE
  5
5EE
330
1F
100
AcDbEntity
  8
A-CARPINTERIAS
100
AcDbPolyline
 90
        4
 70
     1
 43
0.0
 38
1.594461
 10
133.940832
 20
50.1005
 10
133.980808
 20
50.1005
 10
133.980808
 20
50.010489
 10
133.940832
 20
50.010489
  0
LINE
  5
5EF
330
1F
100
AcDbEntity
  8
A-CARPINTERIAS
100
AcDbLine
 10
133.940832
 20
50.035509
 30
1.07036
 11
133.155816
 21
50.035502
 31
0.546108
  0
LINE
  5
5F0
330
1F
100
AcDbEntity
  8
A-CARPINTERIAS
100
AcDbLine
 10
133.940832
 20
50.055509
 30
1.07036
 11
133.155816
 21
50.055502
 31
0.546108
  0
LWPOLYLINE
  5
5F1
330
1F
100
AcDbEntity
  8
A-CARPINTERIAS
100
AcDbPolyline
 90
        4
 70
     1
 43
0.0
 38
1.590057
 10
132.155819
 20
50.100507
 10
132.115843
 20
50.100507
 10
132.115843
 20
50.010496
 10
132.155819
 20
50.010496
  0
LWPOLYLINE
  5
5F2
330
1F
100
AcDbEntity
  8
A-CARPINTERIAS
100
AcDbPolyline
 90
        4
 70
     1
 43
0.0
 38
1.594461
 10
131.320828
 20
50.1005
 10
131.280852
 20
50.1005
 10
131.280852
 20
50.010489
 10
131.320828
 20
50.010489
  0
LINE
  5
5F3
330
1F
100
AcDbEntity
  8
A-CARPINTERIAS
100
AcDbLine
 10
131.320828
 20
50.035509
 30
1.07036
 11
132.115843
 21
50.035502
 31
0.546108
  0
LINE
  5
5F4
330
1F
100
AcDbEntity
  8
A-CARPINTERIAS
100
AcDbLine
 10
131.320828
 20
50.055509
 30
1.07036
 11
132.115843
 21
50.055502
 31
0.546108
  0
LWPOLYLINE
  5
5F5
330
1F
100
AcDbEntity
  8
A-CARPINTERIAS
100
AcDbPolyline
 90
        4
 70
     1
 43
0.0
 38
-1.530699
 10
134.080808
 20
50.100466
 10
136.380838
 20
50.100481
 10
136.380838
 20
50.010489
 10
134.080808
 20
50.010475
  0
LWPOLYLINE
  5
5F6
330
1F
100
AcDbEntity
  8
A-CARPINTERIAS
100
AcDbPolyline
 90
        4
 70
     1
 43
0.0
 38
-1.008016
 10
135.710836
 20
50.100507
 10
135.750812
 20
50.100507
 10
135.750812
 20
50.010496
 10
135.710836
 20
50.010496
  0
LWPOLYLINE
  5
5F7
330
1F
100
AcDbEntity
  8
A-CARPINTERIAS
100
AcDbPolyline
 90
        4
 70
     1
 43
0.0
 38
-1.01242
 10
134.710838
 20
50.10048
 10
134.750814
 20
50.10048
 10
134.750814
 20
50.010469
 10
134.710838
 20
50.010469
  0
LINE
  5
5F8
330
1F
100
AcDbEntity
  8
A-CARPINTERIAS
100
AcDbLine
 10
135.710836
 20
50.035516
 30
-1.00503
 11
134.750814
 21
50.035475
 31
-2.056369
  0
LINE
  5
5F9
330
1F
100
AcDbEntity
  8
A-CARPINTERIAS
100
AcDbLine
 10
135.710836
 20
50.055516
 30
-1.00503
 11
134.750814
 21
50.055475
 31
-2.056369
  0
LWPOLYLINE
  5
5FA
330
1F
100
AcDbEntity
  8
A-CARPINTERIAS
100
AcDbPolyline
 90
        4
 70
     1
 43
0.0
 38
-1.008016
 10
134.750815
 20
50.100507
 10
134.710839
 20
50.100507
 10
134.710839
 20
50.010496
 10
134.750815
 20
50.010496
  0
LWPOLYLINE
  5
5FB
330
1F
100
AcDbEntity
  8
A-CARPINTERIAS
100
AcDbPolyline
 90
        4
 70
     1
 43
0.0
 38
-1.01242
 10
134.710838
 20
50.10048
 10
134.750814
 20
50.10048
 10
134.750814
 20
50.010469
 10
134.710838
 20
50.010469
  0
LWPOLYLINE
  5
5FC
330
1F
100
AcDbEntity
  8
A-CARPINTERIAS
100
AcDbPolyline
 90
        4
 70
     1
 43
0.0
 38
-1.016824
 10
134.080808
 20
50.100453
 10
134.120784
 20
50.100453
 10
134.120784
 20
50.010442
 10
134.080808
 20
50.010442
  0
LINE
  5
5FD
330
1F
100
AcDbEntity
  8
A-CARPINTERIAS
100
AcDbLine
 10
134.710838
 20
50.035489
 30
-1.009434
 11
134.120784
 21
50.035448
 31
-2.574648
  0
LINE
  5
5FE
330
1F
100
AcDbEntity
  8
A-CARPINTERIAS
100
AcDbLine
 10
134.710838
 20
50.055489
 30
-1.009434
 11
134.120784
 21
50.055448
 31
-2.574648
  0
LWPOLYLINE
  5
5FF
330
1F
100
AcDbEntity
  8
A-CARPINTERIAS
100
AcDbPolyline
 90
        4
 70
     1
 43
0.0
 38
-1.01242
 10
134.120785
 20
50.10048
 10
134.080809
 20
50.10048
 10
134.080809
 20
50.010469
 10
134.120785
 20
50.010469
  0
LWPOLYLINE
  5
600
330
1F
100
AcDbEntity
  8
A-CARPINTERIAS
100
AcDbPolyline
 90
        4
 70
     1
 43
0.0
 38
-1.016824
 10
136.38084
 20
50.100453
 10
136.340864
 20
50.100453
 10
136.340864
 20
50.010442
 10
136.38084
 20
50.010442
  0
LINE
  5
601
330
1F
100
AcDbEntity
  8
A-CARPINTERIAS
100
AcDbLine
 10
135.75081
 20
50.035489
 30
-1.009434
 11
136.340864
 21
50.035448
 31
-2.574648
  0
LINE
  5
602
330
1F
100
AcDbEntity
  8
A-CARPINTERIAS
100
AcDbLine
 10
135.75081
 20
50.055489
 30
-1.009434
 11
136.340864
 21
50.055448
 31
-2.574648
  0
LWPOLYLINE
  5
603
330
1F
100
AcDbEntity
  8
A-CARPINTERIAS
100
AcDbPolyline
 90
        4
 70
     1
 43
0.0
 38
-1.01242
 10
136.340863
 20
50.10048
 10
136.380839
 20
50.10048
 10
136.380839
 20
50.010469
 10
136.340863
 20
50.010469
  0
LWPOLYLINE
  5
604
330
1F
100
AcDbEntity
  8
A-CARPINTERIAS
100
AcDbPolyline
 90
        4
 70
     1
 43
0.0
 38
5.314108
 10
141.880838
 20
50.100466
 10
140.280808
 20
50.100481
 10
140.280808
 20
50.010489
 10
141.880838
 20
50.010475
  0
LWPOLYLINE
  5
605
330
1F
100
AcDbEntity
  8
A-CARPINTERIAS
100
AcDbPolyline
 90
        4
 70
     1
 43
0.0
 38
5.318512
 10
138.170806
 20
50.100493
 10
138.210782
 20
50.100493
 10
138.210782
 20
50.010482
 10
138.170806
 20
50.010482
  0
LWPOLYLINE
  5
606
330
1F
100
AcDbEntity
  8
A-CARPINTERIAS
100
AcDbPolyline
 90
        4
 70
     1
 43
0.0
 38
5.314108
 10
137.180808
 20
50.100466
 10
137.220784
 20
50.100466
 10
137.220784
 20
50.010455
 10
137.180808
 20
50.010455
  0
LINE
  5
607
330
1F
100
AcDbEntity
  8
A-CARPINTERIAS
100
AcDbLine
 10
138.170806
 20
50.035502
 30
5.321498
 11
137.220784
 21
50.03546
 31
4.27016
  0
LINE
  5
608
330
1F
100
AcDbEntity
  8
A-CARPINTERIAS
100
AcDbLine
 10
138.170806
 20
50.055502
 30
5.321498
 11
137.220784
 21
50.05546
 31
4.27016
  0
LWPOLYLINE
  5
609
330
1F
100
AcDbEntity
  8
A-CARPINTERIAS
100
AcDbPolyline
 90
        4
 70
     1
 43
0.0
 38
5.318512
 10
137.220785
 20
50.100493
 10
137.180809
 20
50.100493
 10
137.180809
 20
50.010482
 10
137.220785
 20
50.010482
  0
LWPOLYLINE
  5
60A
330
1F
100
AcDbEntity
  8
A-CARPINTERIAS
100
AcDbPolyline
 90
        4
 70
     1
 43
0.0
 38
5.322916
 10
139.150804
 20
50.10052
 10
139.19078
 20
50.10052
 10
139.19078
 20
50.010509
 10
139.150804
 20
50.010509
  0
LWPOLYLINE
  5
60B
330
1F
100
AcDbEntity
  8
A-CARPINTERIAS
100
AcDbPolyline
 90
        4
 70
     1
 43
0.0
 38
5.318512
 10
138.170806
 20
50.100493
 10
138.210782
 20
50.100493
 10
138.210782
 20
50.010482
 10
138.170806
 20
50.010482
  0
LINE
  5
60C
330
1F
100
AcDbEntity
  8
A-CARPINTERIAS
100
AcDbLine
 10
139.150804
 20
50.035529
 30
5.325902
 11
138.210782
 21
50.035487
 31
4.274563
  0
LINE
  5
60D
330
1F
100
AcDbEntity
  8
A-CARPINTERIAS
100
AcDbLine
 10
139.150804
 20
50.055529
 30
5.325902
 11
138.210782
 21
50.055487
 31
4.274563
  0
LWPOLYLINE
  5
60E
330
1F
100
AcDbEntity
  8
A-CARPINTERIAS
100
AcDbPolyline
 90
        4
 70
     1
 43
0.0
 38
5.322916
 10
138.210783
 20
50.10052
 10
138.170808
 20
50.10052
 10
138.170808
 20
50.010509
 10
138.210783
 20
50.010509
  0
LWPOLYLINE
  5
60F
330
1F
100
AcDbEntity
  8
A-CARPINTERIAS
100
AcDbPolyline
 90
        4
 70
     1
 43
0.0
 38
5.327319
 10
140.140802
 20
50.100547
 10
140.180778
 20
50.100547
 10
140.180778
 20
50.010536
 10
140.140802
 20
50.010536
  0
LWPOLYLINE
  5
610
330
1F
100
AcDbEntity
  8
A-CARPINTERIAS
100
AcDbPolyline
 90
        4
 70
     1
 43
0.0
 38
5.322916
 10
139.150804
 20
50.10052
 10
139.19078
 20
50.10052
 10
139.19078
 20
50.010509
 10
139.150804
 20
50.010509
  0
LINE
  5
611
330
1F
100
AcDbEntity
  8
A-CARPINTERIAS
100
AcDbLine
 10
140.140802
 20
50.035556
 30
5.330306
 11
139.19078
 21
50.035514
 31
4.278967
  0
LINE
  5
612
330
1F
100
AcDbEntity
  8
A-CARPINTERIAS
100
AcDbLine
 10
140.140802
 20
50.055556
 30
5.330306
 11
139.19078
 21
50.055514
 31
4.278967
  0
LWPOLYLINE
  5
613
330
1F
100
AcDbEntity
  8
A-CARPINTERIAS
100
AcDbPolyline
 90
        4
 70
     1
 43
0.0
 38
5.327319
 10
139.190782
 20
50.100547
 10
139.150806
 20
50.100547
 10
139.150806
 20
50.010536
 10
139.190782
 20
50.010536
  0
LWPOLYLINE
  5
614
330
1F
100
AcDbEntity
  8
A-CARPINTERIAS
100
AcDbPolyline
 90
        4
 70
     1
 43
0.0
 38
12.158915
 10
140.280808
 20
50.10052
 10
140.320784
 20
50.10052
 10
140.320784
 20
50.010509
 10
140.280808
 20
50.010509
  0
LWPOLYLINE
  5
615
330
1F
100
AcDbEntity
  8
A-CARPINTERIAS
100
AcDbPolyline
 90
        4
 70
     1
 43
0.0
 38
12.163319
 10
141.270806
 20
50.100547
 10
141.310782
 20
50.100547
 10
141.310782
 20
50.010536
 10
141.270806
 20
50.010536
  0
LWPOLYLINE
  5
616
330
1F
100
AcDbEntity
  8
A-CARPINTERIAS
100
AcDbPolyline
 90
        4
 70
     1
 43
0.0
 38
12.158915
 10
140.280808
 20
50.10052
 10
140.320784
 20
50.10052
 10
140.320784
 20
50.010509
 10
140.280808
 20
50.010509
  0
LINE
  5
617
330
1F
100
AcDbEntity
  8
A-CARPINTERIAS
100
AcDbLine
 10
141.270806
 20
50.035556
 30
12.166305
 11
140.320784
 21
50.035514
 31
11.114967
  0
LINE
  5
618
330
1F
100
AcDbEntity
  8
A-CARPINTERIAS
100
AcDbLine
 10
141.270806
 20
50.055556
 30
12.166305
 11
140.320784
 21
50.055514
 31
11.114967
  0
LWPOLYLINE
  5
619
330
1F
100
AcDbEntity
  8
A-CARPINTERIAS
100
AcDbPolyline
 90
        4
 70
     1
 43
0.0
 38
12.163319
 10
140.320785
 20
50.100547
 10
140.280809
 20
50.100547
 10
140.280809
 20
50.010536
 10
140.320785
 20
50.010536
  0
LWPOLYLINE
  5
61A
330
1F
100
AcDbEntity
  8
A-CARPINTERIAS
100
AcDbPolyline
 90
        4
 70
     1
 43
0.0
 38
12.158915
 10
141.880838
 20
50.100485
 10
141.840862
 20
50.100485
 10
141.840862
 20
50.010475
 10
141.880838
 20
50.010475
  0
LWPOLYLINE
  5
61B
330
1F
100
AcDbEntity
  8
A-CARPINTERIAS
100
AcDbPolyline
 90
        4
 70
     1
 43
0.0
 38
12.158915
 10
141.880838
 20
50.100485
 10
141.840862
 20
50.100485
 10
141.840862
 20
50.010475
 10
141.880838
 20
50.010475
  0
LINE
  5
61C
330
1F
100
AcDbEntity
  8
A-CARPINTERIAS
100
AcDbLine
 10
141.310782
 20
50.035556
 30
12.166305
 11
141.840862
 21
50.03548
 31
4.27016
  0
LINE
  5
61D
330
1F
100
AcDbEntity
  8
A-CARPINTERIAS
100
AcDbLine
 10
141.310782
 20
50.055556
 30
12.166305
 11
141.840862
 21
50.05548
 31
4.27016
  0
LWPOLYLINE
  5
61E
330
1F
100
AcDbEntity
  8
A-CARPINTERIAS
100
AcDbPolyline
 90
        4
 70
     1
 43
0.0
 38
12.163319
 10
141.84086
 20
50.100512
 10
141.880836
 20
50.100512
 10
141.880836
 20
50.010501
 10
141.84086
 20
50.010501
  0
LWPOLYLINE
  5
61F
330
1F
100
AcDbEntity
  8
MURO_VISTA
100
AcDbPolyline
 90
        4
 70
     1
 43
0.0
 38
12.158915
 10
140.265808
 20
50.025489
 10
140.265808
 20
54.360463
 10
140.195808
 20
54.360463
 10
140.195808
 20
50.025489
  0
LWPOLYLINE
  5
620
330
1F
100
AcDbEntity
  8
MURO
100
AcDbPolyline
 90
        4
 70
     1
 43
0.0
 38
12.158915
 10
140.280808
 20
50.010489
 10
140.280808
 20
54.375463
 10
140.180808
 20
54.375463
 10
140.180808
 20
50.010489
  0
LWPOLYLINE
  5
621
330
1F
100
AcDbEntity
  8
MURO_VISTA
100
AcDbPolyline
 90
        4
 70
     1
 43
0.0
 38
5.314108
 10
137.165808
 20
50.025489
 10
137.165808
 20
54.360463
 10
137.095808
 20
54.360463
 10
137.095808
 20
50.025489
  0
LWPOLYLINE
  5
622
330
1F
100
AcDbEntity
  8
MURO
100
AcDbPolyline
 90
        5
 70
     0
 43
0.0
 38
5.314108
 10
137.080808
 20
50.010489
 10
137.180808
 20
50.010489
 10
137.180808
 20
54.375463
 10
137.080808
 20
54.375463
 10
137.080808
 20
50.175489
  0
LINE
  5
623
330
1F
100
AcDbEntity
  8
MURO_VISTA
100
AcDbLine
 10
137.095808
 20
50.160489
 30
0.001747
 11
136.380838
 21
50.160489
 31
0.001747
  0
LINE
  5
624
330
1F
100
AcDbEntity
  8
MURO
100
AcDbLine
 10
137.095808
 20
50.175489
 30
0.001747
 11
136.380838
 21
50.175489
 31
0.001747
  0
LINE
  5
625
330
1F
100
AcDbEntity
  8
MURO_VISTA
100
AcDbLine
 10
137.095808
 20
50.090489
 30
0.001747
 11
136.465838
 21
50.090489
 31
0.001747
  0
LINE
  5
626
330
1F
100
AcDbEntity
  8
MURO_VISTA
100
AcDbLine
 10
136.395838
 20
50.160489
 30
0.001747
 11
136.395838
 21
50.025489
 31
-1.065627
  0
LINE
  5
627
330
1F
100
AcDbEntity
  8
MURO
100
AcDbLine
 10
136.380838
 20
50.175489
 30
0.001747
 11
136.380838
 21
50.010489
 31
0.001747
  0
LINE
  5
628
330
1F
100
AcDbEntity
  8
MURO_VISTA
100
AcDbLine
 10
130.895838
 20
50.160489
 30
1.06388
 11
130.895838
 21
50.025489
 31
0.0
  0
LINE
  5
629
330
1F
100
AcDbEntity
  8
MURO
100
AcDbLine
 10
130.880838
 20
50.175489
 30
1.06388
 11
130.880838
 21
50.010489
 31
1.067374
  0
LINE
  5
62A
330
1F
100
AcDbEntity
  8
MURO_VISTA
100
AcDbLine
 10
130.965838
 20
50.090489
 30
1.06388
 11
130.965838
 21
50.025489
 31
0.0
  0
LINE
  5
62B
330
1F
100
AcDbEntity
  8
MURO_VISTA
100
AcDbLine
 10
131.265846
 20
50.160489
 30
1.06388
 11
131.265846
 21
50.025489
 31
0.0
  0
LINE
  5
62C
330
1F
100
AcDbEntity
  8
MURO
100
AcDbLine
 10
131.280846
 20
50.175489
 30
1.06388
 11
131.280846
 21
50.010489
 31
1.067374
  0
LINE
  5
62D
330
1F
100
AcDbEntity
  8
MURO_VISTA
100
AcDbLine
 10
131.205846
 20
50.090489
 30
1.06388
 11
131.205846
 21
50.025489
 31
0.0
  0
LWPOLYLINE
  5
62E
330
1F
100
AcDbEntity
  8
MUROS
100
AcDbPolyline
 90
        4
 70
     0
 43
0.0
 38
0.001406
 10
126.576308
 20
49.870489
 10
126.576082
 20
54.399326
 10
126.476082
 20
54.399327
 10
126.476063
 20
50.475489
  0
LWPOLYLINE
  5
62F
330
1F
100
AcDbEntity
  8
A-CARPINTERIAS
100
AcDbPolyline
 90
        4
 70
     1
 43
0.0
 10
148.496087
 20
61.407986
 10
148.496088
 20
55.740831
 10
148.586079
 20
55.740831
 10
148.586078
 20
61.407986
  0
LWPOLYLINE
  5
630
330
1F
100
AcDbEntity
  8
A-CARPINTERIAS
100
AcDbPolyline
 90
        4
 70
     1
 43
0.0
 10
148.496087
 20
61.407986
 10
148.496087
 20
61.368011
 10
148.586098
 20
61.368011
 10
148.586098
 20
61.407986
  0
LINE
  5
631
330
1F
100
AcDbEntity
  8
A-CARPINTERIAS
100
AcDbLine
 10
148.561094
 20
60.569334
 30
-0.005821
 11
148.561092
 21
61.368011
 31
0.008808
  0
LWPOLYLINE
  5
632
330
1F
100
AcDbEntity
  8
A-CARPINTERIAS
100
AcDbPolyline
 90
        4
 70
     1
 43
0.0
 38
0.004404
 10
148.496085
 20
60.569334
 10
148.496085
 20
60.529358
 10
148.586096
 20
60.529358
 10
148.586096
 20
60.569334
  0
LINE
  5
633
330
1F
100
AcDbEntity
  8
A-CARPINTERIAS
100
AcDbLine
 10
148.541094
 20
60.569334
 30
-0.005821
 11
148.541092
 21
61.368011
 31
0.008808
  0
LINE
  5
634
330
1F
100
AcDbEntity
  8
A-CARPINTERIAS
100
AcDbLine
 10
148.561094
 20
59.581865
 30
-0.001418
 11
148.561093
 21
60.529358
 31
0.0
  0
LWPOLYLINE
  5
635
330
1F
100
AcDbEntity
  8
A-CARPINTERIAS
100
AcDbPolyline
 90
        4
 70
     1
 43
0.0
 38
0.008808
 10
148.496085
 20
59.581865
 10
148.496085
 20
59.541889
 10
148.586096
 20
59.541889
 10
148.586096
 20
59.581865
  0
LINE
  5
636
330
1F
100
AcDbEntity
  8
A-CARPINTERIAS
100
AcDbLine
 10
148.541094
 20
59.581865
 30
-0.001418
 11
148.541093
 21
60.529358
 31
0.0
  0
LINE
  5
637
330
1F
100
AcDbEntity
  8
A-CARPINTERIAS
100
AcDbLine
 10
148.561094
 20
58.594397
 30
0.002986
 11
148.561093
 21
59.541889
 31
0.004404
  0
LWPOLYLINE
  5
638
330
1F
100
AcDbEntity
  8
A-CARPINTERIAS
100
AcDbPolyline
 90
        4
 70
     1
 43
0.0
 38
0.013211
 10
148.496085
 20
58.594397
 10
148.496085
 20
58.554421
 10
148.586096
 20
58.554421
 10
148.586096
 20
58.594397
  0
LINE
  5
639
330
1F
100
AcDbEntity
  8
A-CARPINTERIAS
100
AcDbLine
 10
148.541094
 20
58.594397
 30
0.002986
 11
148.541093
 21
59.541889
 31
0.004404
  0
LINE
  5
63A
330
1F
100
AcDbEntity
  8
A-CARPINTERIAS
100
AcDbLine
 10
148.561092
 20
57.606928
 30
0.00739
 11
148.56109
 21
58.554421
 31
0.008808
  0
LWPOLYLINE
  5
63B
330
1F
100
AcDbEntity
  8
A-CARPINTERIAS
100
AcDbPolyline
 90
        4
 70
     1
 43
0.0
 38
0.017615
 10
148.496082
 20
57.606928
 10
148.496082
 20
57.566952
 10
148.586093
 20
57.566952
 10
148.586093
 20
57.606928
  0
LINE
  5
63C
330
1F
100
AcDbEntity
  8
A-CARPINTERIAS
100
AcDbLine
 10
148.541092
 20
57.606928
 30
0.00739
 11
148.54109
 21
58.554421
 31
0.008808
  0
LINE
  5
63D
330
1F
100
AcDbEntity
  8
A-CARPINTERIAS
100
AcDbLine
 10
148.561094
 20
56.619459
 30
0.011794
 11
148.561093
 21
57.566952
 31
0.013211
  0
LWPOLYLINE
  5
63E
330
1F
100
AcDbEntity
  8
A-CARPINTERIAS
100
AcDbPolyline
 90
        4
 70
     1
 43
0.0
 38
0.022019
 10
148.496085
 20
56.619459
 10
148.496085
 20
56.579484
 10
148.586096
 20
56.579484
 10
148.586096
 20
56.619459
  0
LINE
  5
63F
330
1F
100
AcDbEntity
  8
A-CARPINTERIAS
100
AcDbLine
 10
148.541094
 20
56.619459
 30
0.011794
 11
148.541093
 21
57.566952
 31
0.013211
  0
LWPOLYLINE
  5
640
330
1F
100
AcDbEntity
  8
A-CARPINTERIAS
100
AcDbPolyline
 90
        4
 70
     1
 43
0.0
 38
0.017615
 10
148.496068
 20
55.740831
 10
148.496068
 20
55.780807
 10
148.586079
 20
55.780807
 10
148.586079
 20
55.740831
  0
LINE
  5
641
330
1F
100
AcDbEntity
  8
A-CARPINTERIAS
100
AcDbLine
 10
148.561094
 20
56.579484
 30
0.011794
 11
148.561079
 21
55.780807
 31
0.008808
  0
LWPOLYLINE
  5
642
330
1F
100
AcDbEntity
  8
A-CARPINTERIAS
100
AcDbPolyline
 90
        4
 70
     1
 43
0.0
 38
0.022019
 10
148.496085
 20
56.579484
 10
148.496085
 20
56.619459
 10
148.586096
 20
56.619459
 10
148.586096
 20
56.579484
  0
LINE
  5
643
330
1F
100
AcDbEntity
  8
A-CARPINTERIAS
100
AcDbLine
 10
148.541094
 20
56.579484
 30
0.011794
 11
148.541079
 21
55.780807
 31
0.008808
  0
LINE
  5
644
330
1F
100
AcDbEntity
  8
MURO_VISTA
100
AcDbLine
 10
112.158715
 20
74.368836
 30
0.0
 11
121.037398
 21
74.368836
 31
0.0
  0
LINE
  5
645
330
1F
100
AcDbEntity
  8
MURO_VISTA
100
AcDbLine
 10
112.158715
 20
68.605521
 30
0.0
 11
121.037398
 21
68.605521
 31
0.0
  0
LINE
  5
646
330
1F
100
AcDbEntity
  8
MURO_VISTA
100
AcDbLine
 10
112.158715
 20
68.806234
 30
0.0
 11
121.037398
 21
68.806234
 31
0.0
  0
HATCH
  5
647
330
1F
100
AcDbEntity
  8
MURO_VISTA
  6
Continuous
100
AcDbHatch
 10
0.0
 20
0.0
 30
1.06388
210
0.0
220
0.0
230
1.0
  2
_USER
 70
     0
 71
     0
 91
        1
 92
        1
 93
        4
 72
     1
 10
121.0373977323279
 20
74.36883635654651
 11
121.0373977323279
 21
68.80623447640157
 72
     1
 10
121.0373977323279
 20
68.80623447640157
 11
112.1587153450628
 21
68.80623447640157
 72
     1
 10
112.1587153450628
 20
68.80623447640157
 11
112.1587153450628
 21
74.36883635654651
 72
     1
 10
112.1587153450628
 20
74.36883635654651
 11
121.0373977323279
 21
74.36883635654651
 97
        0
 75
     1
 76
     0
 52
270.0
 41
0.2
 77
     0
 78
     1
 53
269.9999999999999
 43
192.7492789282505
 44
168.0299716511267
 45
0.2
 46
0.0
 79
     0
 98
        1
 10
192.7492789282505
 20
168.0299716511267
  0
LWPOLYLINE
  5
648
330
1F
100
AcDbEntity
  8
MURO_VISTA
100
AcDbPolyline
 90
        4
 70
     1
 43
0.0
 10
121.037398
 20
74.368836
 10
121.037398
 20
68.806234
 10
112.158715
 20
68.806234
 10
112.158715
 20
74.368836
  0
LINE
  5
649
330
1F
100
AcDbEntity
  8
MURO_VISTA
100
AcDbLine
 10
154.815196
 20
56.251748
 30
1.06388
 11
148.727588
 21
63.707699
 31
1.06388
  0
LINE
  5
64A
330
1F
100
AcDbEntity
  8
MURO_VISTA
100
AcDbLine
 10
125.741408
 20
50.460489
 30
1.06388
 11
125.741408
 21
50.090489
 31
1.06388
  0
LINE
  5
64B
330
1F
100
AcDbEntity
  8
MURO
100
AcDbLine
 10
125.726408
 20
50.475489
 30
1.06388
 11
125.726408
 21
50.175489
 31
1.06388
  0
LINE
  5
64C
330
1F
100
AcDbEntity
  8
MURO_VISTA
100
AcDbLine
 10
125.811408
 20
50.390489
 30
1.06388
 11
125.811408
 21
50.090489
 31
1.06388
  0
LINE
  5
64D
330
1F
100
AcDbEntity
  8
MURO_VISTA
100
AcDbLine
 10
126.491079
 20
50.460489
 30
1.06388
 11
125.741408
 21
50.460489
 31
1.06388
  0
LINE
  5
64E
330
1F
100
AcDbEntity
  8
MURO
100
AcDbLine
 10
126.491079
 20
50.475489
 30
1.06388
 11
125.726408
 21
50.475489
 31
1.06388
  0
LINE
  5
64F
330
1F
100
AcDbEntity
  8
MURO_VISTA
100
AcDbLine
 10
125.811408
 20
50.390489
 30
1.06388
 11
126.491079
 21
50.390489
 31
1.06388
  0
INSERT
  5
650
330
1F
100
AcDbEntity
  8
MAMP_BLOQUE_HORMIGON_BLOQU
 62
   251
100
AcDbBlockReference
  2
A$C2D8E3321
 10
125.376084
 20
63.739309
 30
-2.974592
 41
-0.001
 42
0.001
 43
0.001
  0
INSERT
  5
651
330
1F
100
AcDbEntity
  8
MAMP_BLOQUE_HORMIGON_BLOQU
 62
   251
100
AcDbBlockReference
  2
A$C2D8E3321
 10
126.576084
 20
63.739309
 30
-1.05988
 41
-0.001
 42
0.001
 43
0.001
  0
INSERT
  5
652
330
1F
100
AcDbEntity
  8
MAMP_BLOQUE_HORMIGON_BLOQU
 62
   251
100
AcDbBlockReference
  2
A$C2D8E3321
 10
126.176084
 20
63.739309
 30
-1.698117
 41
-0.001
 42
0.001
 43
0.001
  0
INSERT
  5
653
330
1F
100
AcDbEntity
  8
MAMP_BLOQUE_HORMIGON_BLOQU
 62
   251
100
AcDbBlockReference
  2
A$C2D8E3321
 10
125.776084
 20
63.739309
 30
-2.336354
 41
-0.001
 42
0.001
 43
0.001
  0
INSERT
  5
654
330
1F
100
AcDbEntity
  8
MAMP_BLOQUE_HORMIGON_BLOQU
 62
   251
100
AcDbBlockReference
  2
A$C2D8E3321
 10
124.176084
 20
63.739309
 30
-4.889303
 41
-0.001
 42
0.001
 43
0.001
  0
INSERT
  5
655
330
1F
100
AcDbEntity
  8
MAMP_BLOQUE_HORMIGON_BLOQU
 62
   251
100
AcDbBlockReference
  2
A$C2D8E3321
 10
124.976084
 20
63.739309
 30
-3.612829
 41
-0.001
 42
0.001
 43
0.001
  0
INSERT
  5
656
330
1F
100
AcDbEntity
  8
MAMP_BLOQUE_HORMIGON_BLOQU
 62
   251
100
AcDbBlockReference
  2
A$C2D8E3321
 10
124.576084
 20
63.739309
 30
-4.251066
 41
-0.001
 42
0.001
 43
0.001
  0
INSERT
  5
657
330
1F
100
AcDbEntity
  8
MAMP_BLOQUE_HORMIGON_BLOQU
 62
   251
100
AcDbBlockReference
  2
A$C2D8E3321
 10
122.976084
 20
63.739309
 30
-6.804015
 41
-0.001
 42
0.001
 43
0.001
  0
INSERT
  5
658
330
1F
100
AcDbEntity
  8
MAMP_BLOQUE_HORMIGON_BLOQU
 62
   251
100
AcDbBlockReference
  2
A$C2D8E3321
 10
123.776084
 20
63.739309
 30
-5.527541
 41
-0.001
 42
0.001
 43
0.001
  0
INSERT
  5
659
330
1F
100
AcDbEntity
  8
MAMP_BLOQUE_HORMIGON_BLOQU
 62
   251
100
AcDbBlockReference
  2
A$C2D8E3321
 10
123.376084
 20
63.739309
 30
-6.165778
 41
-0.001
 42
0.001
 43
0.001
  0
INSERT
  5
65A
330
1F
100
AcDbEntity
  8
MAMP_BLOQUE_HORMIGON_BLOQU
 62
   251
100
AcDbBlockReference
  2
A$C2D8E3321
 10
121.776084
 20
63.739309
 30
-8.718727
 41
-0.001
 42
0.001
 43
0.001
  0
INSERT
  5
65B
330
1F
100
AcDbEntity
  8
MAMP_BLOQUE_HORMIGON_BLOQU
 62
   251
100
AcDbBlockReference
  2
A$C2D8E3321
 10
122.576084
 20
63.739309
 30
-7.442252
 41
-0.001
 42
0.001
 43
0.001
  0
INSERT
  5
65C
330
1F
100
AcDbEntity
  8
MAMP_BLOQUE_HORMIGON_BLOQU
 62
   251
100
AcDbBlockReference
  2
A$C2D8E3321
 10
122.176084
 20
63.739309
 30
-8.080489
 41
-0.001
 42
0.001
 43
0.001
  0
LWPOLYLINE
  5
65D
330
1F
100
AcDbEntity
  8
MURO
100
AcDbPolyline
 90
        5
 70
     0
 43
0.0
 38
-1.05988
 10
126.386067
 20
63.739224
 10
121.296083
 20
63.739224
 10
121.296083
 20
63.929309
 10
126.576083
 20
63.929309
 10
126.576083
 20
63.739224
  0
INSERT
  5
65E
330
1F
100
AcDbEntity
  8
MAMP_BLOQUE_HORMIGON_BLOQU
 62
   251
100
AcDbBlockReference
  2
A$C2D8E3321
 10
125.376084
 20
55.299411
 30
-1.913305
 41
-0.001
 42
0.001
 43
0.001
  0
INSERT
  5
65F
330
1F
100
AcDbEntity
  8
MAMP_BLOQUE_HORMIGON_BLOQU
 62
   251
100
AcDbBlockReference
  2
A$C2D8E3321
 10
126.576084
 20
55.299411
 30
0.001406
 41
-0.001
 42
0.001
 43
0.001
  0
INSERT
  5
660
330
1F
100
AcDbEntity
  8
MAMP_BLOQUE_HORMIGON_BLOQU
 62
   251
100
AcDbBlockReference
  2
A$C2D8E3321
 10
126.176084
 20
55.299411
 30
-0.636831
 41
-0.001
 42
0.001
 43
0.001
  0
INSERT
  5
661
330
1F
100
AcDbEntity
  8
MAMP_BLOQUE_HORMIGON_BLOQU
 62
   251
100
AcDbBlockReference
  2
A$C2D8E3321
 10
125.776084
 20
55.299411
 30
-1.275068
 41
-0.001
 42
0.001
 43
0.001
  0
INSERT
  5
662
330
1F
100
AcDbEntity
  8
MAMP_BLOQUE_HORMIGON_BLOQU
 62
   251
100
AcDbBlockReference
  2
A$C2D8E3321
 10
124.176084
 20
55.299411
 30
-3.828017
 41
-0.001
 42
0.001
 43
0.001
  0
INSERT
  5
663
330
1F
100
AcDbEntity
  8
MAMP_BLOQUE_HORMIGON_BLOQU
 62
   251
100
AcDbBlockReference
  2
A$C2D8E3321
 10
124.976084
 20
55.299411
 30
-2.551543
 41
-0.001
 42
0.001
 43
0.001
  0
INSERT
  5
664
330
1F
100
AcDbEntity
  8
MAMP_BLOQUE_HORMIGON_BLOQU
 62
   251
100
AcDbBlockReference
  2
A$C2D8E3321
 10
124.576084
 20
55.299411
 30
-3.18978
 41
-0.001
 42
0.001
 43
0.001
  0
INSERT
  5
665
330
1F
100
AcDbEntity
  8
MAMP_BLOQUE_HORMIGON_BLOQU
 62
   251
100
AcDbBlockReference
  2
A$C2D8E3321
 10
122.976084
 20
55.299411
 30
-5.742729
 41
-0.001
 42
0.001
 43
0.001
  0
INSERT
  5
666
330
1F
100
AcDbEntity
  8
MAMP_BLOQUE_HORMIGON_BLOQU
 62
   251
100
AcDbBlockReference
  2
A$C2D8E3321
 10
123.776084
 20
55.299411
 30
-4.466254
 41
-0.001
 42
0.001
 43
0.001
  0
INSERT
  5
667
330
1F
100
AcDbEntity
  8
MAMP_BLOQUE_HORMIGON_BLOQU
 62
   251
100
AcDbBlockReference
  2
A$C2D8E3321
 10
123.376084
 20
55.299411
 30
-5.104492
 41
-0.001
 42
0.001
 43
0.001
  0
INSERT
  5
668
330
1F
100
AcDbEntity
  8
MAMP_BLOQUE_HORMIGON_BLOQU
 62
   251
100
AcDbBlockReference
  2
A$C2D8E3321
 10
121.776084
 20
55.299411
 30
-7.657441
 41
-0.001
 42
0.001
 43
0.001
  0
INSERT
  5
669
330
1F
100
AcDbEntity
  8
MAMP_BLOQUE_HORMIGON_BLOQU
 62
   251
100
AcDbBlockReference
  2
A$C2D8E3321
 10
122.576084
 20
55.299411
 30
-6.380966
 41
-0.001
 42
0.001
 43
0.001
  0
INSERT
  5
66A
330
1F
100
AcDbEntity
  8
MAMP_BLOQUE_HORMIGON_BLOQU
 62
   251
100
AcDbBlockReference
  2
A$C2D8E3321
 10
122.176084
 20
55.299411
 30
-7.019203
 41
-0.001
 42
0.001
 43
0.001
  0
LWPOLYLINE
  5
66B
330
1F
100
AcDbEntity
  8
MURO
100
AcDbPolyline
 90
        6
 70
     0
 43
0.0
 38
0.001406
 10
126.576067
 20
55.489204
 10
126.576082
 20
55.489204
 10
126.576082
 20
55.299327
 10
121.326083
 20
55.299327
 10
121.326083
 20
55.489204
 10
126.386067
 20
55.489204
  0
INSERT
  5
66C
330
1F
100
AcDbEntity
  8
MAMP_BLOQUE_HORMIGON_BLOQU
 62
   251
100
AcDbBlockReference
  2
A$C2D8E3321
 10
126.386083
 20
62.939307
 30
-0.421643
 41
-0.001
 42
0.001
 43
0.001
 50
270.0
  0
INSERT
  5
66D
330
1F
100
AcDbEntity
  8
MAMP_BLOQUE_HORMIGON_BLOQU
 62
   251
100
AcDbBlockReference
  2
A$C2D8E3321
 10
126.386083
 20
63.339307
 30
-1.05988
 41
-0.001
 42
0.001
 43
0.001
 50
270.0
  0
INSERT
  5
66E
330
1F
100
AcDbEntity
  8
MAMP_BLOQUE_HORMIGON_BLOQU
 62
   251
100
AcDbBlockReference
  2
A$C2D8E3321
 10
126.386083
 20
62.139307
 30
0.216595
 41
-0.001
 42
0.001
 43
0.001
 50
270.0
  0
INSERT
  5
66F
330
1F
100
AcDbEntity
  8
MAMP_BLOQUE_HORMIGON_BLOQU
 62
   251
100
AcDbBlockReference
  2
A$C2D8E3321
 10
126.386083
 20
62.539307
 30
-0.421643
 41
-0.001
 42
0.001
 43
0.001
 50
270.0
  0
INSERT
  5
670
330
1F
100
AcDbEntity
  8
MAMP_BLOQUE_HORMIGON_BLOQU
 62
   251
100
AcDbBlockReference
  2
A$C2D8E3321
 10
126.386083
 20
61.339307
 30
0.854832
 41
-0.001
 42
0.001
 43
0.001
 50
270.0
  0
INSERT
  5
671
330
1F
100
AcDbEntity
  8
MAMP_BLOQUE_HORMIGON_BLOQU
 62
   251
100
AcDbBlockReference
  2
A$C2D8E3321
 10
126.386083
 20
61.739307
 30
0.216595
 41
-0.001
 42
0.001
 43
0.001
 50
270.0
  0
INSERT
  5
672
330
1F
100
AcDbEntity
  8
MAMP_BLOQUE_HORMIGON_BLOQU
 62
   251
100
AcDbBlockReference
  2
A$C2D8E3321
 10
126.386083
 20
60.939307
 30
0.854832
 41
-0.001
 42
0.001
 43
0.001
 50
270.0
  0
INSERT
  5
673
330
1F
100
AcDbEntity
  8
MAMP_BLOQUE_HORMIGON_BLOQU
 62
   251
100
AcDbBlockReference
  2
A$C2D8E3321
 10
126.386083
 20
56.289165
 30
-0.421643
 41
0.001
 42
0.001
 43
0.001
 50
270.0
  0
INSERT
  5
674
330
1F
100
AcDbEntity
  8
MAMP_BLOQUE_HORMIGON_BLOQU
 62
   251
100
AcDbBlockReference
  2
A$C2D8E3321
 10
126.386083
 20
55.889165
 30
-1.05988
 41
0.001
 42
0.001
 43
0.001
 50
270.0
  0
INSERT
  5
675
330
1F
100
AcDbEntity
  8
MAMP_BLOQUE_HORMIGON_BLOQU
 62
   251
100
AcDbBlockReference
  2
A$C2D8E3321
 10
126.386083
 20
57.089165
 30
0.216595
 41
0.001
 42
0.001
 43
0.001
 50
270.0
  0
INSERT
  5
676
330
1F
100
AcDbEntity
  8
MAMP_BLOQUE_HORMIGON_BLOQU
 62
   251
100
AcDbBlockReference
  2
A$C2D8E3321
 10
126.386083
 20
56.689165
 30
-0.421643
 41
0.001
 42
0.001
 43
0.001
 50
270.0
  0
INSERT
  5
677
330
1F
100
AcDbEntity
  8
MAMP_BLOQUE_HORMIGON_BLOQU
 62
   251
100
AcDbBlockReference
  2
A$C2D8E3321
 10
126.386083
 20
57.889165
 30
0.854832
 41
0.001
 42
0.001
 43
0.001
 50
270.0
  0
INSERT
  5
678
330
1F
100
AcDbEntity
  8
MAMP_BLOQUE_HORMIGON_BLOQU
 62
   251
100
AcDbBlockReference
  2
A$C2D8E3321
 10
126.386083
 20
57.489165
 30
0.216595
 41
0.001
 42
0.001
 43
0.001
 50
270.0
  0
INSERT
  5
679
330
1F
100
AcDbEntity
  8
MAMP_BLOQUE_HORMIGON_BLOQU
 62
   251
100
AcDbBlockReference
  2
A$C2D8E3321
 10
126.386083
 20
58.289165
 30
0.854832
 41
0.001
 42
0.001
 43
0.001
 50
270.0
  0
LWPOLYLINE
  5
67A
330
1F
100
AcDbEntity
  8
MURO
100
AcDbPolyline
 90
        4
 70
     0
 43
0.0
 38
-1.05988
 10
126.386067
 20
63.739224
 10
126.386078
 20
60.709253
 10
126.576094
 20
60.709253
 10
126.576083
 20
63.739224
  0
LWPOLYLINE
  5
67B
330
1F
100
AcDbEntity
  8
MURO
100
AcDbPolyline
 90
        4
 70
     0
 43
0.0
 38
0.001406
 10
126.386067
 20
55.489204
 10
126.386067
 20
58.519242
 10
126.576067
 20
58.519242
 10
126.576067
 20
55.489204
  0
LINE
  5
67C
330
1F
100
AcDbEntity
  8
MURO_VISTA
100
AcDbLine
 10
136.465838
 20
50.025489
 30
0.001747
 11
136.465838
 21
50.160489
 31
0.001747
  0
LINE
  5
67D
330
1F
100
AcDbEntity
  8
MURO_VISTA
100
AcDbLine
 10
121.594083
 20
83.898647
 30
1.06388
 11
121.594083
 21
84.250489
 31
1.06388
  0
LINE
  5
67E
330
1F
100
AcDbEntity
  8
MURO_VISTA
100
AcDbLine
 10
121.524083
 20
83.968647
 30
1.06388
 11
121.524083
 21
84.250489
 31
1.06388
  0
LINE
  5
67F
330
1F
100
AcDbEntity
  8
MURO
100
AcDbLine
 10
121.609083
 20
83.883647
 30
1.06388
 11
121.609083
 21
84.255947
 31
1.06388
  0
LINE
  5
680
330
1F
100
AcDbEntity
  8
MURO_VISTA
100
AcDbLine
 10
121.366083
 20
83.898647
 30
1.06388
 11
121.609083
 21
83.898647
 31
1.06388
  0
LINE
  5
681
330
1F
100
AcDbEntity
  8
MURO_VISTA
100
AcDbLine
 10
121.296083
 20
83.968647
 30
1.06388
 11
121.524083
 21
83.968647
 31
1.06388
  0
LINE
  5
682
330
1F
100
AcDbEntity
  8
MURO
100
AcDbLine
 10
121.366083
 20
83.883647
 30
1.06388
 11
121.609083
 21
83.883647
 31
1.06388
  0
LWPOLYLINE
  5
683
330
1F
100
AcDbEntity
  8
MURO
100
AcDbPolyline
 90
        4
 70
     1
 43
0.0
 38
1.06388
 10
121.307936
 20
84.470489
 10
121.307936
 20
84.250489
 10
121.609083
 20
84.250489
 10
121.609083
 20
84.470489
  0
LINE
  5
684
330
1F
100
AcDbEntity
  8
MURO_VISTA
100
AcDbLine
 10
142.074342
 20
49.870489
 30
1.06388
 11
142.074342
 21
45.535522
 31
1.06388
  0
LINE
  5
685
330
1F
100
AcDbEntity
  8
MURO_VISTA
100
AcDbLine
 10
141.884342
 20
49.870489
 30
1.06388
 11
141.884342
 21
45.371778
 31
1.06388
  0
INSERT
  5
686
330
1F
100
AcDbEntity
  8
A-CARPINTERIAS
100
AcDbBlockReference
  2
VANO_90
 10
130.078876
 20
69.175406
 30
1.06388
 41
0.001
 42
0.001
 43
0.001
 50
180.0
  0
INSERT
  5
687
330
1F
100
AcDbEntity
  8
A-CARPINTERIAS
100
AcDbBlockReference
  2
VANO_90
 10
132.898787
 20
69.175406
 30
1.06388
 41
-0.001
 42
0.001
 43
0.001
 50
180.0
  0
LWPOLYLINE
  5
688
330
1F
100
AcDbEntity
  8
EST__LIVIANAS
100
AcDbPolyline
 90
        4
 70
     1
 43
0.0
 38
1.065771
 10
126.576052
 20
78.593816
 10
126.476009
 20
78.593816
 10
126.476009
 20
79.493816
 10
126.576052
 20
79.493816
  0
ARC
  5
689
330
1F
100
AcDbEntity
  8
EST__LIVIANAS
100
AcDbCircle
 10
133.690136
 20
70.556531
 30
0.0
 40
2.08361901682728
100
AcDbArc
 50
177.214436
 51
245.039061
  0
ARC
  5
68A
330
1F
100
AcDbEntity
  8
EST__LIVIANAS
100
AcDbCircle
 10
126.274197
 20
78.046644
 30
0.000016
 40
1.043739441180703
100
AcDbArc
 50
78.851393
 51
159.818679
  0
ARC
  5
68B
330
1F
100
AcDbEntity
  8
EST__LIVIANAS
100
AcDbCircle
 10
129.474077
 20
70.786128
 30
0.0
 40
2.138756087389483
100
AcDbArc
 50
287.742714
 51
356.55987
  0
LWPOLYLINE
  5
68C
330
1F
100
AcDbEntity
  8
EST__LIVIANAS
100
AcDbPolyline
 90
        4
 70
     1
 43
0.0
 38
1.06388
 10
135.885875
 20
78.107289
 10
136.518321
 20
77.332685
 10
136.828163
 20
77.585663
 10
136.195717
 20
78.360267
  0
LWPOLYLINE
  5
68D
330
1F
100
AcDbEntity
  8
EST__LIVIANAS
100
AcDbPolyline
 90
        4
 70
     1
 43
0.0
 38
1.06388
 10
138.785041
 20
74.654176
 10
139.417487
 20
73.879572
 10
139.727329
 20
74.13255
 10
139.094883
 20
74.907155
  0
LWPOLYLINE
  5
68E
330
1F
100
AcDbEntity
  8
EST__LIVIANAS
100
AcDbPolyline
 90
        4
 70
     1
 43
0.0
 38
-17.767353
 10
-120.115377
 20
93.481365
 10
-120.756859
 20
94.829338
 10
-121.118826
 20
94.659104
 10
-120.477345
 20
93.311131
210
-0.1684165292559705
220
0.08062499549061991
230
0.982413091716265
  0
LWPOLYLINE
  5
68F
330
1F
100
AcDbEntity
  8
EST__LIVIANAS
100
AcDbPolyline
 90
        4
 70
     1
 43
0.0
 10
132.855608
 20
81.954833
 10
133.488054
 20
81.180229
 10
133.797896
 20
81.433207
 10
133.165449
 20
82.207811
  0
LWPOLYLINE
  5
690
330
1F
100
AcDbEntity
  8
MURO
100
AcDbPolyline
 90
        2
 70
     0
 43
0.0
 38
-1.06388
 10
123.876083
 20
68.640499
 10
123.876098
 20
70.490441
  0
LWPOLYLINE
  5
691
330
1F
100
AcDbEntity
  8
MURO
100
AcDbPolyline
 90
        2
 70
     0
 43
0.0
 38
-1.06388
 10
123.776083
 20
68.640499
 10
123.776098
 20
70.490441
  0
LWPOLYLINE
  5
692
330
1F
100
AcDbEntity
  8
MURO
100
AcDbPolyline
 90
        2
 70
     0
 43
0.0
 38
-1.06388
 10
123.776098
 20
70.490441
 10
121.296083
 20
68.640499
  0
LWPOLYLINE
  5
693
330
1F
100
AcDbEntity
  8
MURO
100
AcDbPolyline
 90
        2
 70
     0
 43
0.0
 38
-1.06388
 10
121.296097
 20
70.490461
 10
123.776083
 20
68.640499
  0
INSERT
  5
694
330
1F
100
AcDbEntity
  8
A-CARPINTERIAS
100
AcDbBlockReference
  2
VANO_90
 10
128.789338
 20
76.503816
 30
1.065627
 41
-0.001
 42
0.001
 43
0.001
  0
LWPOLYLINE
  5
695
330
1F
100
AcDbEntity
  8
MURO_VISTA
100
AcDbPolyline
 90
        4
 70
     1
 43
0.0
 38
1.065627
 10
128.804338
 20
76.488816
 10
137.893386
 20
76.488816
 10
137.95264
 20
76.418816
 10
128.804338
 20
76.418816
  0
LWPOLYLINE
  5
696
330
1F
100
AcDbEntity
  8
MURO
100
AcDbPolyline
 90
        4
 70
     1
 43
0.0
 38
1.065627
 10
128.789338
 20
76.503816
 10
137.886285
 20
76.503816
 10
137.96764
 20
76.403816
 10
128.789338
 20
76.403816
  0
LWPOLYLINE
  5
697
330
1F
100
AcDbEntity
  8
MURO_VISTA
100
AcDbPolyline
 90
        4
 70
     1
 43
0.0
 38
1.065627
 10
128.804338
 20
77.418816
 10
128.804338
 20
79.503807
 10
128.874338
 20
79.503807
 10
128.874338
 20
77.418816
  0
LWPOLYLINE
  5
698
330
1F
100
AcDbEntity
  8
MURO
100
AcDbPolyline
 90
        4
 70
     1
 43
0.0
 38
1.065627
 10
128.789338
 20
77.403816
 10
128.789338
 20
79.503807
 10
128.889338
 20
79.503807
 10
128.889338
 20
77.403816
  0
LWPOLYLINE
  5
699
330
1F
100
AcDbEntity
  8
DURLOCK
100
AcDbPolyline
 90
        2
 70
     0
 43
0.0
 38
1.06388
 10
128.088876
 20
69.275406
 10
128.088876
 20
71.620458
  0
LWPOLYLINE
  5
69A
330
1F
100
AcDbEntity
  8
DURLOCK
100
AcDbPolyline
 90
       18
 70
     1
 43
0.0
 38
1.06388
 10
128.088876
 20
69.275406
 10
130.08888
 20
69.275406
 10
130.08888
 20
69.175406
 10
130.188876
 20
69.175406
 10
130.188876
 20
69.275406
 10
132.798787
 20
69.275406
 10
132.798787
 20
69.175406
 10
132.898787
 20
69.175406
 10
132.898787
 20
69.375406
 10
128.188835
 20
69.375406
 10
128.188876
 20
71.720458
 10
126.576136
 20
71.720458
 10
126.576136
 20
71.620458
 10
128.088876
 20
71.620458
 10
128.088876
 20
69.275406
 10
128.088876
 20
69.275406
 10
128.088876
 20
69.275406
 10
128.088877
 20
69.275406
  0
LWPOLYLINE
  5
69B
330
1F
100
AcDbEntity
  8
DURLOCK
100
AcDbPolyline
 90
       10
 70
     1
 43
0.0
 38
1.06388
 10
145.588228
 20
67.070456
 10
130.088881
 20
67.070456
 10
130.08887
 20
68.275406
 10
130.188864
 20
68.275394
 10
130.188876
 20
67.170456
 10
132.798798
 20
67.170456
 10
132.798798
 20
68.275406
 10
132.898798
 20
68.275406
 10
132.898798
 20
67.170456
 10
145.50658
 20
67.170456
  0
LWPOLYLINE
  5
69C
330
1F
100
AcDbEntity
  8
EST__LIVIANAS
100
AcDbPolyline
 90
        5
 70
     0
 43
0.0
 38
1.065627
 10
136.389584
 20
78.335852
 10
128.976071
 20
78.335807
 10
128.976071
 20
66.935817
 10
145.727694
 20
66.935817
 10
136.389584
 20
78.335852
  0
HATCH
  5
69D
330
1F
100
AcDbEntity
  8
EST__LIVIANAS
  6
Continuous
100
AcDbHatch
 10
0.0
 20
0.0
 30
0.0
210
0.0
220
0.0
230
1.0
  2
SOLID
 70
     1
 71
     0
 91
        1
 92
        5
 93
        6
 72
     1
 10
130.1888756354992
 20
67.17045559010278
 11
145.5065802222771
 21
67.17045559010278
 72
     1
 10
145.5065802222771
 20
67.17045559010278
 11
145.5882278534073
 21
67.07045559010423
 72
     1
 10
145.5882278534073
 20
67.07045559010423
 11
130.0888812171424
 21
67.07045559010423
 72
     1
 10
130.0888812171424
 20
67.07045559010423
 11
130.0888700538735
 21
68.2754058940349
 72
     1
 10
130.0888700538735
 20
68.2754058940349
 11
130.1888644723758
 21
68.27539437115176
 72
     1
 10
130.1888644723758
 20
68.27539437115176
 11
130.1888756354992
 21
67.17045559010278
 97
        0
 75
     1
 76
     1
 47
0.00554
 98
        1
 10
137.3059015824065
 20
67.16060330076782
  0
HATCH
  5
69E
330
1F
100
AcDbEntity
  8
EST__LIVIANAS
  6
Continuous
100
AcDbHatch
 10
0.0
 20
0.0
 30
0.0
210
0.0
220
0.0
230
1.0
  2
SOLID
 70
     1
 71
     0
 91
        1
 92
        5
 93
       11
 72
     1
 10
130.1888756356302
 20
69.27540589404946
 11
130.1888756356302
 21
69.37540589405164
 72
     1
 10
130.1888756356302
 20
69.37540589405164
 11
128.1888346381265
 21
69.37540589405164
 72
     1
 10
128.1888346381265
 20
69.37540589405164
 11
128.1888756354992
 21
71.72045800547987
 72
     1
 10
128.1888756354992
 20
71.72045800547987
 11
126.5761360211864
 21
71.72045800547987
 72
     1
 10
126.5761360211864
 20
71.72045800547987
 11
126.5761360211864
 21
71.62045800548496
 72
     1
 10
126.5761360211864
 20
71.62045800548496
 11
128.0888756355225
 21
71.62045836863165
 72
     1
 10
128.0888756355225
 20
71.62045836863165
 11
128.0888756355225
 21
69.27540589404946
 72
     1
 10
128.0888756355225
 20
69.27540589404946
 11
130.0888797938633
 21
69.27540589404946
 72
     1
 10
130.0888797938633
 20
69.27540589404946
 11
130.0888797938633
 21
69.17540589404727
 72
     1
 10
130.0888797938633
 20
69.17540589404727
 11
130.1888756356302
 21
69.17540589404727
 72
     1
 10
130.1888756356302
 20
69.17540589404727
 11
130.1888756356302
 21
69.27540589404946
 97
        0
 75
     1
 76
     1
 47
0.00097
 98
        1
 10
128.3171961909347
 20
70.38263114303247
  0
LWPOLYLINE
  5
69F
330
1F
100
AcDbEntity
  8
EST__LIVIANAS
100
AcDbPolyline
 90
        3
 70
     0
 43
0.05
 10
127.789338
 20
79.627142
 10
126.598838
 20
79.627142
 10
121.381083
 20
79.627142
  0
LWPOLYLINE
  5
6A0
330
1F
100
AcDbEntity
  8
EST__LIVIANAS
100
AcDbPolyline
 90
        5
 70
     1
 43
0.0
 38
1.065627
 10
128.976071
 20
66.935817
 10
128.976071
 20
55.535827
 10
146.976066
 20
55.535827
 10
146.976066
 20
65.369399
 10
145.697162
 20
66.935817
  0
LWPOLYLINE
  5
6A1
330
1F
100
AcDbEntity
  8
A-CARPINTERIAS
 62
     2
100
AcDbPolyline
 90
       10
 70
     0
 43
0.0
 38
0.001406
 10
126.476093
 20
54.399327
 10
126.466093
 20
54.399327
 10
126.466093
 20
54.419327
 10
126.506093
 20
54.419327
 10
126.506093
 20
54.429327
 10
126.546093
 20
54.429327
 10
126.546093
 20
54.419327
 10
126.576093
 20
54.419327
 10
126.576093
 20
54.399327
 10
126.566093
 20
54.399327
  0
LWPOLYLINE
  5
6A2
330
1F
100
AcDbEntity
  8
A-CARPINTERIAS
 62
     2
100
AcDbPolyline
 90
       10
 70
     0
 43
0.0
 38
0.001406
 10
126.476082
 20
55.299327
 10
126.466082
 20
55.299327
 10
126.466082
 20
55.279327
 10
126.506082
 20
55.279327
 10
126.506082
 20
55.269327
 10
126.546082
 20
55.269327
 10
126.546082
 20
55.279327
 10
126.576082
 20
55.279327
 10
126.576082
 20
55.299327
 10
126.566082
 20
55.299327
  0
LWPOLYLINE
  5
6A3
330
1F
100
AcDbEntity
  8
A-CARPINTERIAS
 62
     2
100
AcDbPolyline
 90
        5
 70
     0
 43
0.0
 38
0.001406
 10
126.466082
 20
55.279328
 10
126.466082
 20
55.239328
 10
125.605559
 20
55.239328
 10
125.605559
 20
55.279328
 10
126.466082
 20
55.279328
  0
ARC
  5
6A4
330
1F
100
AcDbEntity
  8
A-CARPINTERIAS
100
AcDbCircle
 10
126.419329
 20
55.231787
 30
0.001406
 40
0.8138056292666742
100
AcDbArc
 50
179.46913
 51
273.293525
  0
VIEWPORT
  5
20F
330
D6
100
AcDbEntity
 67
     1
  8
0
 48
100.0
100
AcDbViewport
 10
0.0
 20
0.0
 30
0.0
 40
466.965848
 41
238.196088
 68
     1
 69
     1
 12
128.5
 22
97.5
 13
0.0
 23
0.0
 14
10.0
 24
10.0
 15
10.0
 25
10.0
 16
0.0
 26
0.0
 36
1.0
 17
0.0
 27
0.0
 37
0.0
 42
50.0
 43
0.0
 44
0.0
 45
238.196088
 50
0.0
 51
0.0
 72
   100
 90
   557168
  1

281
     0
 71
     1
 74
     0
110
0.0
120
0.0
130
0.0
111
1.0
121
0.0
131
0.0
112
0.0
122
1.0
132
0.0
 79
     0
146
0.0
170
     0
 61
     5
348
F5
292
     1
282
     1
141
0.0
142
0.0
 63
   256
  0
ENDSEC
  0
SECTION
  2
OBJECTS
  0
DICTIONARY
  5
C
330
0
100
AcDbDictionary
281
     1
  3
ACAD_COLOR
350
6B
  3
ACAD_DETAILVIEWSTYLE
350
6AB
  3
ACAD_GROUP
350
D
  3
ACAD_IMAGE_DICT
350
351
  3
ACAD_LAYOUT
350
1A
  3
ACAD_MATERIAL
350
6A
  3
ACAD_MLEADERSTYLE
350
12D
  3
ACAD_MLINESTYLE
350
17
  3
ACAD_PLOTSETTINGS
350
19
  3
ACAD_PLOTSTYLENAME
350
E
  3
ACAD_SCALELIST
350
10C
  3
ACAD_SECTIONVIEWSTYLE
350
6AC
  3
ACAD_TABLESTYLE
350
7E
  3
ACAD_VISUALSTYLE
350
EF
  3
ACDB_RECOMPOSE_DATA
350
6AA
  3
AcDbVariableDictionary
350
5E
  3
MCS_STREAM_DICT
350
34E
  0
SUN
  5
364
330
EA
100
AcDbSun
 90
        1
290
     0
 63
     7
421
 16777215
 40
1.0
291
     1
 91
  2455826
 92
 54000000
292
     0
 70
     2
 71
   256
280
     1
  0
DICTIONARY
  5
6A5
330
2
100
AcDbDictionary
280
     1
281
     1
  3
ACAD_LAYERSTATES
360
6A6
  0
DICTIONARY
  5
367
330
366
100
AcDbDictionary
280
     1
281
     1
  3
ADSK_XREC_LAYER_RECONCILED
360
368
  0
DICTIONARY
  5
36B
330
36A
100
AcDbDictionary
280
     1
281
     1
  3
ADSK_XREC_LAYER_RECONCILED
360
36C
  0
DICTIONARY
  5
234
330
1F
100
AcDbDictionary
280
     1
281
     1
  3
ACAD_SORTENTS
360
235
  0
DICTIONARY
  5
6B
102
{ACAD_REACTORS
330
C
102
}
330
C
100
AcDbDictionary
281
     1
  0
DICTIONARY
  5
6AB
102
{ACAD_REACTORS
330
C
102
}
330
C
100
AcDbDictionary
281
     1
  0
DICTIONARY
  5
D
102
{ACAD_REACTORS
330
C
102
}
330
C
100
AcDbDictionary
281
     1
  0
DICTIONARY
  5
351
102
{ACAD_REACTORS
330
C
102
}
330
C
100
AcDbDictionary
281
     1
  0
DICTIONARY
  5
1A
102
{ACAD_REACTORS
330
C
102
}
330
C
100
AcDbDictionary
281
     1
  3
A0
350
225
  3
A1
350
220
  3
A2
350
21B
  3
A3
350
216
  3
A4
350
211
  3
Layout1
350
D3
  3
Layout2
350
D7
  3
Model
350
22
  0
DICTIONARY
  5
6A
102
{ACAD_REACTORS
330
C
102
}
330
C
100
AcDbDictionary
281
     1
  3
ByBlock
350
ED
  3
ByLayer
350
EC
  3
Global
350
EE
  0
DICTIONARY
  5
12D
102
{ACAD_REACTORS
330
C
102
}
330
C
100
AcDbDictionary
281
     1
  3
Standard
350
12E
  3
Аннотативный
350
13B
  0
DICTIONARY
  5
17
102
{ACAD_REACTORS
330
C
102
}
330
C
100
AcDbDictionary
281
     1
  3
Standard
350
18
  0
DICTIONARY
  5
19
102
{ACAD_REACTORS
330
C
102
}
330
C
100
AcDbDictionary
281
     1
  0
ACDBDICTIONARYWDFLT
  5
E
102
{ACAD_REACTORS
330
C
102
}
330
C
100
AcDbDictionary
281
     1
  3
Normal
350
F
100
AcDbDictionaryWithDefault
340
F
  0
DICTIONARY
  5
10C
102
{ACAD_REACTORS
330
C
102
}
330
C
100
AcDbDictionary
281
     1
  3
A0
350
10D
  3
A1
350
1BE
  3
A2
350
1BF
  3
A3
350
1C0
  3
A4
350
1C1
  3
A5
350
1C2
  3
A6
350
1C3
  3
A7
350
1C4
  3
A8
350
1C5
  3
A9
350
1C6
  3
B0
350
1C7
  3
B1
350
1C8
  3
B2
350
1C9
  3
B3
350
1CA
  3
B4
350
1CB
  3
B5
350
1CC
  3
B6
350
1CD
  0
DICTIONARY
  5
6AC
102
{ACAD_REACTORS
330
C
102
}
330
C
100
AcDbDictionary
281
     1
  0
DICTIONARY
  5
7E
102
{ACAD_REACTORS
330
C
102
}
330
C
100
AcDbDictionary
281
     1
  3
Standard
350
7F
  0
DICTIONARY
  5
EF
102
{ACAD_REACTORS
330
C
102
}
330
C
100
AcDbDictionary
281
     1
  3
2dWireframe
350
F5
  3
3D Hidden
350
F7
  3
3dWireframe
350
F6
  3
Basic
350
F4
  3
Brighten
350
FB
  3
ColorChange
350
FF
  3
Conceptual
350
F8
  3
Dim
350
FA
  3
EdgeColorOff
350
35E
  3
Facepattern
350
FE
  3
Flat
350
F0
  3
FlatWithEdges
350
F1
  3
Gouraud
350
F2
  3
GouraudWithEdges
350
F3
  3
Hidden
350
35B
  3
JitterOff
350
35C
  3
Linepattern
350
FD
  3
OverhangOff
350
35D
  3
Realistic
350
F9
  3
Shaded
350
363
  3
Shaded with edges
350
362
  3
Shades of Gray
350
35F
  3
Sketchy
350
360
  3
Thicken
350
FC
  3
Wireframe
350
35A
  3
X-Ray
350
361
  0
XRECORD
  5
6AA
102
{ACAD_REACTORS
330
C
102
}
330
C
100
AcDbXrecord
280
     1
 90
        1
330
7F
  0
DICTIONARY
  5
5E
102
{ACAD_REACTORS
330
C
102
}
330
C
100
AcDbDictionary
281
     1
  3
CANNOSCALE
350
146
  3
CMLEADERSTYLE
350
145
  3
CTABLESTYLE
350
84
  3
DIMASSOC
350
5F
  3
HIDETEXT
350
63
  3
LAYEREVAL
350
1AE
  3
LAYERNOTIFY
350
1AF
  3
XCLIPFRAME
350
356
  0
DICTIONARY
  5
34E
102
{ACAD_REACTORS
330
C
102
}
330
C
100
AcDbDictionary
281
     1
  3
MC_VERSION_DATA
350
6A7
  3
MCS_DOCUMENT_ID
350
357
  3
MCS_PARAMS_DATA
350
365
  0
DICTIONARY
  5
6A6
102
{ACAD_REACTORS
330
6A5
102
}
330
6A5
100
AcDbDictionary
281
     1
  0
XRECORD
  5
368
102
{ACAD_REACTORS
330
367
102
}
330
367
100
AcDbXrecord
280
     1
290
     1
  0
XRECORD
  5
36C
102
{ACAD_REACTORS
330
36B
102
}
330
36B
100
AcDbXrecord
280
     1
290
     1
  0
SORTENTSTABLE
  5
235
102
{ACAD_REACTORS
330
234
102
}
330
234
100
AcDbSortentsTable
330
1F
331
0
  5
237
  0
LAYOUT
  5
225
102
{ACAD_REACTORS
330
1A
102
}
330
1A
100
AcDbPlotSettings
  1

  2
none_device
  4
ISO_A0_(1189.00_x_841.00_MM)
  6

 40
7.5
 41
20.0
 42
7.5
 43
20.0
 44
1189.0
 45
841.0
 46
0.0
 47
0.0
 48
0.0
 49
0.0
140
0.0
141
0.0
142
1.0
143
1.0
 70
   688
 72
     1
 73
     0
 74
     5
  7

 75
    16
 76
     0
 77
     2
 78
   300
147
1.0
148
0.0
149
0.0
100
AcDbLayout
  1
A0
 70
     0
 71
     7
 10
0.0
 20
0.0
 11
0.0
 21
0.0
 12
0.0
 22
0.0
 32
0.0
 14
0.0
 24
0.0
 34
0.0
 15
0.0
 25
0.0
 35
0.0
146
0.0
 13
0.0
 23
0.0
 33
0.0
 16
1.0
 26
0.0
 36
0.0
 17
0.0
 27
1.0
 37
0.0
 76
     0
330
224
331
228
  0
LAYOUT
  5
220
102
{ACAD_REACTORS
330
1A
102
}
330
1A
100
AcDbPlotSettings
  1

  2
none_device
  4
ISO_A1_(841.00_x_594.00_MM)
  6

 40
7.5
 41
20.0
 42
7.5
 43
20.0
 44
841.0
 45
594.0
 46
0.0
 47
0.0
 48
0.0
 49
0.0
140
0.0
141
0.0
142
1.0
143
1.0
 70
   688
 72
     1
 73
     0
 74
     5
  7

 75
    16
 76
     0
 77
     2
 78
   300
147
1.0
148
0.0
149
0.0
100
AcDbLayout
  1
A1
 70
     1
 71
     6
 10
-20.0
 20
-7.5
 11
277.0
 21
202.5
 12
0.0
 22
0.0
 32
0.0
 14
0.0
 24
0.0
 34
0.0
 15
0.0
 25
0.0
 35
0.0
146
0.0
 13
0.0
 23
0.0
 33
0.0
 16
1.0
 26
0.0
 36
0.0
 17
0.0
 27
1.0
 37
0.0
 76
     0
330
21F
331
223
  0
LAYOUT
  5
21B
102
{ACAD_REACTORS
330
1A
102
}
330
1A
100
AcDbPlotSettings
  1

  2
none_device
  4
ISO_A2_(594.00_x_420.00_MM)
  6

 40
7.5
 41
20.0
 42
7.5
 43
20.0
 44
594.0
 45
420.0
 46
0.0
 47
0.0
 48
0.0
 49
0.0
140
0.0
141
0.0
142
1.0
143
1.0
 70
   688
 72
     1
 73
     0
 74
     5
  7

 75
    16
 76
     0
 77
     2
 78
   300
147
1.0
148
0.0
149
0.0
100
AcDbLayout
  1
A2
 70
     1
 71
     5
 10
0.0
 20
0.0
 11
0.0
 21
0.0
 12
0.0
 22
0.0
 32
0.0
 14
0.0
 24
0.0
 34
0.0
 15
0.0
 25
0.0
 35
0.0
146
0.0
 13
0.0
 23
0.0
 33
0.0
 16
1.0
 26
0.0
 36
0.0
 17
0.0
 27
1.0
 37
0.0
 76
     0
330
21A
331
21E
  0
LAYOUT
  5
216
102
{ACAD_REACTORS
330
1A
102
}
330
1A
100
AcDbPlotSettings
  1

  2
none_device
  4
ISO_A3_(420.00_x_297.00_MM)
  6

 40
7.5
 41
20.0
 42
7.5
 43
20.0
 44
420.0
 45
297.0
 46
0.0
 47
0.0
 48
0.0
 49
0.0
140
0.0
141
0.0
142
1.0
143
1.0
 70
   688
 72
     1
 73
     0
 74
     5
  7

 75
    16
 76
     0
 77
     2
 78
   300
147
1.0
148
0.0
149
0.0
100
AcDbLayout
  1
A3
 70
     1
 71
     4
 10
0.0
 20
0.0
 11
0.0
 21
0.0
 12
0.0
 22
0.0
 32
0.0
 14
0.0
 24
0.0
 34
0.0
 15
0.0
 25
0.0
 35
0.0
146
0.0
 13
0.0
 23
0.0
 33
0.0
 16
1.0
 26
0.0
 36
0.0
 17
0.0
 27
1.0
 37
0.0
 76
     0
330
215
331
219
  0
LAYOUT
  5
211
102
{ACAD_REACTORS
330
1A
102
}
330
1A
100
AcDbPlotSettings
  1

  2
none_device
  4
ISO_A4_(210.00_x_297.00_MM)
  6

 40
7.5
 41
20.0
 42
7.5
 43
20.0
 44
210.0
 45
297.0
 46
0.0
 47
0.0
 48
0.0
 49
0.0
140
0.0
141
0.0
142
1.0
143
1.0
 70
   688
 72
     1
 73
     0
 74
     5
  7

 75
    16
 76
     0
 77
     2
 78
   300
147
1.0
148
0.0
149
0.0
100
AcDbLayout
  1
A4
 70
     1
 71
     3
 10
0.0
 20
0.0
 11
0.0
 21
0.0
 12
0.0
 22
0.0
 32
0.0
 14
0.0
 24
0.0
 34
0.0
 15
0.0
 25
0.0
 35
0.0
146
0.0
 13
0.0
 23
0.0
 33
0.0
 16
1.0
 26
0.0
 36
0.0
 17
0.0
 27
1.0
 37
0.0
 76
     0
330
210
331
214
  0
LAYOUT
  5
D3
102
{ACAD_REACTORS
330
1A
102
}
330
1A
100
AcDbPlotSettings
  1

  2
none_device
  4
ISO_A4_(210.00_x_297.00_MM)
  6

 40
7.5
 41
20.0
 42
7.5
 43
20.0
 44
210.0
 45
297.0
 46
0.0
 47
0.0
 48
0.0
 49
0.0
140
0.0
141
0.0
142
1.0
143
1.0
 70
   688
 72
     1
 73
     1
 74
     5
  7

 75
    16
 76
     0
 77
     2
 78
   300
147
1.0
148
0.0
149
0.0
100
AcDbLayout
  1
Layout1
 70
     0
 71
     1
 10
0.0
 20
0.0
 11
12.0
 21
9.0
 12
0.0
 22
0.0
 32
0.0
 14
0.0
 24
0.0
 34
0.0
 15
0.0
 25
0.0
 35
0.0
146
0.0
 13
0.0
 23
0.0
 33
0.0
 16
1.0
 26
0.0
 36
0.0
 17
0.0
 27
1.0
 37
0.0
 76
     0
330
D2
331
229
  0
LAYOUT
  5
D7
102
{ACAD_REACTORS
330
1A
102
}
330
1A
100
AcDbPlotSettings
  1

  2
none_device
  4
ISO_A4_(210.00_x_297.00_MM)
  6

 40
7.5
 41
20.0
 42
7.5
 43
20.0
 44
210.0
 45
297.0
 46
0.0
 47
0.0
 48
0.0
 49
0.0
140
0.0
141
0.0
142
1.0
143
1.0
 70
   688
 72
     1
 73
     1
 74
     5
  7

 75
    16
 76
     0
 77
     2
 78
   300
147
1.0
148
0.0
149
0.0
100
AcDbLayout
  1
Layout2
 70
     0
 71
     2
 10
-20.0
 20
-7.5
 11
277.0
 21
202.5
 12
0.0
 22
0.0
 32
0.0
 14
0.0
 24
0.0
 34
0.0
 15
0.0
 25
0.0
 35
0.0
146
0.0
 13
0.0
 23
0.0
 33
0.0
 16
1.0
 26
0.0
 36
0.0
 17
0.0
 27
1.0
 37
0.0
 76
     0
330
D6
331
20F
  0
LAYOUT
  5
22
102
{ACAD_REACTORS
330
1A
102
}
102
{ACAD_XDICTIONARY
360
358
102
}
330
1A
100
AcDbPlotSettings
  1

  2
none_device
  4
ISO_A4_(210.00_x_297.00_MM)
  6

 40
7.5
 41
20.0
 42
7.5
 43
20.0
 44
210.0
 45
297.0
 46
0.0
 47
0.0
 48
0.0
 49
0.0
140
0.0
141
0.0
142
1.0
143
3.249677
 70
 11952
 72
     1
 73
     0
 74
     0
  7

 75
     0
 76
     0
 77
     2
 78
   300
147
0.307723
148
0.0
149
0.0
100
AcDbLayout
  1
Model
 70
     1
 71
     0
 10
0.0
 20
0.0
 11
420.0
 21
297.0
 12
0.0
 22
0.0
 32
0.0
 14
0.0
 24
0.0
 34
0.0
 15
0.0
 25
0.0
 35
0.0
146
0.0
 13
0.0
 23
0.0
 33
0.0
 16
1.0
 26
0.0
 36
0.0
 17
0.0
 27
1.0
 37
0.0
 76
     0
330
1F
331
EA
1001
ACAD_PSEXT
1000
None
1000
None
1000
Not applicable
1000
The layout will not be plotted unless a new plotter configuration name is selected.
1070
     0
  0
MATERIAL
  5
ED
102
{ACAD_REACTORS
330
6A
102
}
330
6A
100
AcDbMaterial
  1
ByBlock
 72
     1
 73
     2
 78
     2
172
     2
176
     2
270
     2
274
     2
 94
       63
  0
MATERIAL
  5
EC
102
{ACAD_REACTORS
330
6A
102
}
330
6A
100
AcDbMaterial
  1
ByLayer
 72
     1
 73
     2
 78
     2
172
     2
176
     2
270
     2
274
     2
 94
       63
  0
MATERIAL
  5
EE
102
{ACAD_REACTORS
330
6A
102
}
330
6A
100
AcDbMaterial
  1
Global
 72
     1
 73
     2
 43
0.0008
 43
0.0
 43
0.0
 43
0.0
 43
0.0
 43
0.0008
 43
0.0
 43
0.0
 43
0.0
 43
0.0
 43
1.0
 43
0.0
 43
0.0
 43
0.0
 43
0.0
 43
1.0
 78
     2
172
     2
 49
0.0008
 49
0.0
 49
0.0
 49
0.0
 49
0.0
 49
0.0008
 49
0.0
 49
0.0
 49
0.0
 49
0.0
 49
1.0
 49
0.0
 49
0.0
 49
0.0
 49
0.0
 49
1.0
176
     2
142
0.0008
142
0.0
142
0.0
142
0.0
142
0.0
142
0.0008
142
0.0
142
0.0
142
0.0
142
0.0
142
1.0
142
0.0
142
0.0
142
0.0
142
0.0
142
1.0
270
     2
144
0.0008
144
0.0
144
0.0
144
0.0
144
0.0
144
0.0008
144
0.0
144
0.0
144
0.0
144
0.0
144
1.0
144
0.0
144
0.0
144
0.0
144
0.0
144
1.0
274
     2
 94
       63
1001
ACAD
1070
    -1
1070
     3
1070
     0
1000

1071
        0
1070
     0
  0
MLEADERSTYLE
  5
12E
102
{ACAD_REACTORS
330
12D
102
}
330
12D
100
AcDbMLeaderStyle
179
     2
170
     2
171
     1
172
     0
 90
        2
 40
0.0
 41
0.0
173
     1
 91
-1056964608
340
14
 92
       -2
290
     1
 42
2.0
291
     1
 43
8.0
  3
Standard
341
0
 44
4.0
300

342
11
174
     1
178
     1
175
     1
176
     0
 93
-1056964608
 45
4.0
292
     0
297
     0
 46
4.0
343
0
 94
-1056964608
 47
1.0
 49
1.0
140
1.0
293
     1
141
0.0
294
     1
177
     0
142
1.0
295
     0
296
     0
143
3.75
271
     0
272
     9
273
     9
298
     0
1001
ACAD_MLEADERVER
1070
     2
  0
MLEADERSTYLE
  5
13B
102
{ACAD_REACTORS
330
12D
102
}
330
12D
100
AcDbMLeaderStyle
179
     2
170
     2
171
     1
172
     0
 90
        2
 40
0.0
 41
0.0
173
     1
 91
-1056964608
340
14
 92
       -2
290
     1
 42
2.0
291
     1
 43
8.0
  3
Standard
341
0
 44
4.0
300

342
11
174
     1
178
     1
175
     1
176
     0
 93
-1056964608
 45
4.0
292
     0
297
     0
 46
4.0
343
0
 94
-1056964608
 47
1.0
 49
1.0
140
1.0
293
     1
141
0.0
294
     1
177
     0
142
1.0
295
     1
296
     0
143
3.75
271
     0
272
     9
273
     9
298
     0
1001
ACAD_MLEADERVER
1070
     2
  0
MLINESTYLE
  5
18
102
{ACAD_REACTORS
330
17
102
}
330
17
100
AcDbMlineStyle
  2
STANDARD
 70
     0
  3

 62
   256
 51
90.0
 52
90.0
 71
     2
 49
0.5
 62
   256
  6
BYLAYER
 49
-0.5
 62
   256
  6
BYLAYER
  0
ACDBPLACEHOLDER
  5
F
102
{ACAD_REACTORS
330
E
102
}
330
E
  0
SCALE
  5
10D
102
{ACAD_REACTORS
330
10C
102
}
330
10C
100
AcDbScale
 70
     0
300
1:1
140
1.0
141
1.0
290
     1
  0
SCALE
  5
1BE
102
{ACAD_REACTORS
330
10C
102
}
330
10C
100
AcDbScale
 70
     0
300
1:2
140
1.0
141
2.0
290
     0
  0
SCALE
  5
1BF
102
{ACAD_REACTORS
330
10C
102
}
330
10C
100
AcDbScale
 70
     0
300
1:4
140
1.0
141
4.0
290
     0
  0
SCALE
  5
1C0
102
{ACAD_REACTORS
330
10C
102
}
330
10C
100
AcDbScale
 70
     0
300
1:5
140
1.0
141
5.0
290
     0
  0
SCALE
  5
1C1
102
{ACAD_REACTORS
330
10C
102
}
330
10C
100
AcDbScale
 70
     0
300
1:8
140
1.0
141
8.0
290
     0
  0
SCALE
  5
1C2
102
{ACAD_REACTORS
330
10C
102
}
330
10C
100
AcDbScale
 70
     0
300
1:10
140
1.0
141
10.0
290
     0
  0
SCALE
  5
1C3
102
{ACAD_REACTORS
330
10C
102
}
330
10C
100
AcDbScale
 70
     0
300
1:16
140
1.0
141
16.0
290
     0
  0
SCALE
  5
1C4
102
{ACAD_REACTORS
330
10C
102
}
330
10C
100
AcDbScale
 70
     0
300
1:20
140
1.0
141
20.0
290
     0
  0
SCALE
  5
1C5
102
{ACAD_REACTORS
330
10C
102
}
330
10C
100
AcDbScale
 70
     0
300
1:30
140
1.0
141
30.0
290
     0
  0
SCALE
  5
1C6
102
{ACAD_REACTORS
330
10C
102
}
330
10C
100
AcDbScale
 70
     0
300
1:40
140
1.0
141
40.0
290
     0
  0
SCALE
  5
1C7
102
{ACAD_REACTORS
330
10C
102
}
330
10C
100
AcDbScale
 70
     0
300
1:50
140
1.0
141
50.0
290
     0
  0
SCALE
  5
1C8
102
{ACAD_REACTORS
330
10C
102
}
330
10C
100
AcDbScale
 70
     0
300
1:100
140
1.0
141
100.0
290
     0
  0
SCALE
  5
1C9
102
{ACAD_REACTORS
330
10C
102
}
330
10C
100
AcDbScale
 70
     0
300
2:1
140
2.0
141
1.0
290
     0
  0
SCALE
  5
1CA
102
{ACAD_REACTORS
330
10C
102
}
330
10C
100
AcDbScale
 70
     0
300
4:1
140
4.0
141
1.0
290
     0
  0
SCALE
  5
1CB
102
{ACAD_REACTORS
330
10C
102
}
330
10C
100
AcDbScale
 70
     0
300
8:1
140
8.0
141
1.0
290
     0
  0
SCALE
  5
1CC
102
{ACAD_REACTORS
330
10C
102
}
330
10C
100
AcDbScale
 70
     0
300
10:1
140
10.0
141
1.0
290
     0
  0
SCALE
  5
1CD
102
{ACAD_REACTORS
330
10C
102
}
330
10C
100
AcDbScale
 70
     0
300
100:1
140
100.0
141
1.0
290
     0
  0
TABLESTYLE
  5
7F
102
{ACAD_REACTORS
330
7E
102
}
102
{ACAD_XDICTIONARY
360
6A8
102
}
330
7E
100
AcDbTableStyle
  3
Standard
 70
     0
 71
     0
 40
1.5
 41
1.5
280
     0
281
     0
  7
Standard
140
4.5
170
     2
 62
     0
 63
   257
283
     0
 90
      512
 91
        0
  1

274
    -2
284
     1
 64
     0
275
    -2
285
     1
 65
     0
276
    -2
286
     1
 66
     0
277
    -2
287
     1
 67
     0
278
    -2
288
     1
 68
     0
279
    -2
289
     1
 69
     0
  7
Standard
140
6.0
170
     5
 62
     0
 63
   257
283
     0
 90
      512
 91
        0
  1

274
    -2
284
     1
 64
     0
275
    -2
285
     1
 65
     0
276
    -2
286
     1
 66
     0
277
    -2
287
     1
 67
     0
278
    -2
288
     1
 68
     0
279
    -2
289
     1
 69
     0
  7
Standard
140
4.5
170
     5
 62
     0
 63
   257
283
     0
 90
      512
 91
        0
  1

274
    -2
284
     1
 64
     0
275
    -2
285
     1
 65
     0
276
    -2
286
     1
 66
     0
277
    -2
287
     1
 67
     0
278
    -2
288
     1
 68
     0
279
    -2
289
     1
 69
     0
  0
VISUALSTYLE
  5
F5
102
{ACAD_REACTORS
330
EF
102
}
330
EF
100
AcDbVisualStyle
  2
2dWireframe
 70
     4
177
     3
291
     0
 70
    58
 90
        0
176
     1
 90
        2
176
     1
 90
        1
176
     1
 90
        0
176
     1
 40
-0.6
176
     1
 40
-30.0
176
     1
 62
     7
420
 16777215
176
     1
 90
        1
176
     1
 90
        4
176
     1
 62
     7
176
     1
 62
   257
176
     1
 90
        1
176
     1
 90
        1
176
     1
 40
1.0
176
     1
 90
        0
176
     1
 62
   257
176
     1
 40
1.0
176
     1
 90
        1
176
     1
 90
        6
176
     1
 90
        2
176
     1
 62
     7
176
     1
 90
        5
176
     1
 90
        0
176
     1
 90
        0
176
     1
290
     0
176
     1
 90
        1
176
     1
 40
0.0
176
     1
 90
        0
176
     1
290
     1
176
     1
290
     1
176
     1
290
     0
176
     1
290
     0
176
     1
290
     0
176
     1
290
     0
176
     1
290
     0
176
     1
290
     0
176
     1
290
     0
176
     1
 90
       50
176
     1
 40
0.0
176
     1
 40
1.0
176
     1
 90
        0
176
     1
 62
    18
420
        0
176
     1
 90
       50
176
     1
 90
        3
176
     1
 62
     5
420
      255
176
     1
290
     0
176
     1
 90
       50
176
     1
 90
       50
176
     1
 90
       50
176
     1
290
     0
176
     1
 90
       50
176
     1
 62
   256
176
     0
 40
1.0
176
     0
 90
        2
176
     1
  1
strokes_ogs.tif
176
     1
290
     0
176
     1
 40
1.0
176
     1
 40
1.0
176
     1
  0
VISUALSTYLE
  5
F7
102
{ACAD_REACTORS
330
EF
102
}
330
EF
100
AcDbVisualStyle
  2
3D Hidden
 70
     6
177
     3
291
     0
 70
    58
 90
        1
176
     1
 90
        2
176
     1
 90
        2
176
     1
 90
        0
176
     1
 40
-0.6
176
     1
 40
-30.0
176
     1
 62
     7
420
 16777215
176
     1
 90
        2
176
     1
 90
        2
176
     1
 62
     7
176
     1
 62
   257
176
     1
 90
        2
176
     1
 90
        1
176
     1
 40
40.0
176
     1
 90
        0
176
     1
 62
   257
176
     1
 40
1.0
176
     1
 90
        1
176
     1
 90
        6
176
     1
 90
        2
176
     1
 62
     7
176
     1
 90
        3
176
     1
 90
        0
176
     1
 90
        0
176
     1
290
     0
176
     1
 90
        1
176
     1
 40
0.0
176
     1
 90
        0
176
     1
290
     0
176
     1
290
     1
176
     1
290
     1
176
     1
290
     0
176
     1
290
     0
176
     1
290
     0
176
     1
290
     0
176
     1
290
     0
176
     1
290
     0
176
     1
 90
       50
176
     1
 40
0.0
176
     1
 40
1.0
176
     1
 90
        0
176
     1
 62
    18
420
        0
176
     1
 90
       50
176
     1
 90
        3
176
     1
 62
     5
420
      255
176
     1
290
     0
176
     1
 90
       50
176
     1
 90
       50
176
     1
 90
       50
176
     1
290
     0
176
     1
 90
       50
176
     1
 62
   256
176
     0
 40
1.0
176
     0
 90
        2
176
     1
  1
strokes_ogs.tif
176
     1
290
     0
176
     1
 40
1.0
176
     1
 40
1.0
176
     1
  0
VISUALSTYLE
  5
F6
102
{ACAD_REACTORS
330
EF
102
}
330
EF
100
AcDbVisualStyle
  2
3dWireframe
 70
     5
177
     3
291
     0
 70
    58
 90
        0
176
     1
 90
        2
176
     1
 90
        1
176
     1
 90
        0
176
     1
 40
-0.6
176
     1
 40
-30.0
176
     1
 62
     7
420
 16777215
176
     1
 90
        1
176
     1
 90
        4
176
     1
 62
     7
176
     1
 62
   257
176
     1
 90
        1
176
     1
 90
        1
176
     1
 40
1.0
176
     1
 90
        0
176
     1
 62
   257
176
     1
 40
1.0
176
     1
 90
        1
176
     1
 90
        6
176
     1
 90
        2
176
     1
 62
     7
176
     1
 90
        5
176
     1
 90
        0
176
     1
 90
        0
176
     1
290
     0
176
     1
 90
        1
176
     1
 40
0.0
176
     1
 90
        0
176
     1
290
     0
176
     1
290
     1
176
     1
290
     1
176
     1
290
     0
176
     1
290
     0
176
     1
290
     0
176
     1
290
     0
176
     1
290
     0
176
     1
290
     0
176
     1
 90
       50
176
     1
 40
0.0
176
     1
 40
1.0
176
     1
 90
        0
176
     1
 62
    18
420
        0
176
     1
 90
       50
176
     1
 90
        3
176
     1
 62
     5
420
      255
176
     1
290
     0
176
     1
 90
       50
176
     1
 90
       50
176
     1
 90
       50
176
     1
290
     0
176
     1
 90
       50
176
     1
 62
   256
176
     0
 40
1.0
176
     0
 90
        2
176
     1
  1
strokes_ogs.tif
176
     1
290
     0
176
     1
 40
1.0
176
     1
 40
1.0
176
     1
  0
VISUALSTYLE
  5
F4
102
{ACAD_REACTORS
330
EF
102
}
330
EF
100
AcDbVisualStyle
  2
Basic
 70
     7
177
     3
291
     1
 70
    58
 90
        1
176
     1
 90
        0
176
     1
 90
        1
176
     1
 90
        0
176
     1
 40
-0.6
176
     1
 40
-30.0
176
     1
 62
     7
420
 16777215
176
     1
 90
        0
176
     1
 90
        4
176
     1
 62
     7
176
     1
 62
   257
176
     1
 90
        1
176
     1
 90
        1
176
     1
 40
1.0
176
     1
 90
        8
176
     1
 62
     7
176
     1
 40
1.0
176
     1
 90
        1
176
     1
 90
        6
176
     1
 90
        2
176
     1
 62
     7
176
     1
 90
        5
176
     1
 90
        0
176
     1
 90
        0
176
     1
290
     0
176
     1
 90
        1
176
     1
 40
0.0
176
     1
 90
        0
176
     1
290
     0
176
     1
290
     1
176
     1
290
     1
176
     1
290
     0
176
     1
290
     0
176
     1
290
     0
176
     1
290
     0
176
     1
290
     0
176
     1
290
     0
176
     1
 90
       50
176
     1
 40
0.0
176
     1
 40
1.0
176
     1
 90
        0
176
     1
 62
    18
420
        0
176
     1
 90
       50
176
     1
 90
        3
176
     1
 62
     5
420
      255
176
     1
290
     0
176
     1
 90
       50
176
     1
 90
       50
176
     1
 90
       50
176
     1
290
     0
176
     1
 90
       50
176
     1
 62
   256
176
     0
 40
1.0
176
     0
 90
        2
176
     1
  1
strokes_ogs.tif
176
     1
290
     0
176
     1
 40
1.0
176
     1
 40
1.0
176
     1
  0
VISUALSTYLE
  5
FB
102
{ACAD_REACTORS
330
EF
102
}
330
EF
100
AcDbVisualStyle
  2
Brighten
 70
    12
177
     3
291
     1
 70
    58
 90
        2
176
     1
 90
        2
176
     1
 90
        1
176
     1
 90
        0
176
     1
 40
-0.6
176
     1
 40
-30.0
176
     1
 62
     7
420
 16777215
176
     1
 90
        1
176
     1
 90
        4
176
     1
 62
     7
176
     1
 62
   257
176
     1
 90
        1
176
     1
 90
        1
176
     1
 40
1.0
176
     1
 90
        8
176
     1
 62
     7
176
     1
 40
1.0
176
     1
 90
        1
176
     1
 90
        6
176
     1
 90
        2
176
     1
 62
     7
176
     1
 90
        5
176
     1
 90
        0
176
     1
 90
        0
176
     1
290
     0
176
     1
 90
        1
176
     1
 40
50.0
176
     1
 90
        0
176
     1
290
     0
176
     1
290
     1
176
     1
290
     1
176
     1
290
     0
176
     1
290
     0
176
     1
290
     0
176
     1
290
     0
176
     1
290
     0
176
     1
290
     0
176
     1
 90
       50
176
     1
 40
0.0
176
     1
 40
1.0
176
     1
 90
        0
176
     1
 62
    18
420
        0
176
     1
 90
       50
176
     1
 90
        3
176
     1
 62
     5
420
      255
176
     1
290
     0
176
     1
 90
       50
176
     1
 90
       50
176
     1
 90
       50
176
     1
290
     0
176
     1
 90
       50
176
     1
 62
   256
176
     0
 40
1.0
176
     0
 90
        2
176
     1
  1
strokes_ogs.tif
176
     1
290
     0
176
     1
 40
1.0
176
     1
 40
1.0
176
     1
  0
VISUALSTYLE
  5
FF
102
{ACAD_REACTORS
330
EF
102
}
330
EF
100
AcDbVisualStyle
  2
ColorChange
 70
    16
177
     3
291
     1
 70
    58
 90
        2
176
     1
 90
        2
176
     1
 90
        3
176
     1
 90
        0
176
     1
 40
-0.6
176
     1
 40
-30.0
176
     1
 62
     8
420
  8421504
176
     1
 90
        1
176
     1
 90
        4
176
     1
 62
     7
176
     1
 62
   257
176
     1
 90
        1
176
     1
 90
        1
176
     1
 40
1.0
176
     1
 90
        8
176
     1
 62
     8
420
  8421504
176
     1
 40
1.0
176
     1
 90
        1
176
     1
 90
        6
176
     1
 90
        2
176
     1
 62
     7
176
     1
 90
        5
176
     1
 90
        0
176
     1
 90
        0
176
     1
290
     0
176
     1
 90
        1
176
     1
 40
0.0
176
     1
 90
        0
176
     1
290
     0
176
     1
290
     1
176
     1
290
     1
176
     1
290
     0
176
     1
290
     0
176
     1
290
     0
176
     1
290
     0
176
     1
290
     0
176
     1
290
     0
176
     1
 90
       50
176
     1
 40
0.0
176
     1
 40
1.0
176
     1
 90
        0
176
     1
 62
    18
420
        0
176
     1
 90
       50
176
     1
 90
        3
176
     1
 62
     5
420
      255
176
     1
290
     0
176
     1
 90
       50
176
     1
 90
       50
176
     1
 90
       50
176
     1
290
     0
176
     1
 90
       50
176
     1
 62
   256
176
     0
 40
1.0
176
     0
 90
        2
176
     1
  1
strokes_ogs.tif
176
     1
290
     0
176
     1
 40
1.0
176
     1
 40
1.0
176
     1
  0
VISUALSTYLE
  5
F8
102
{ACAD_REACTORS
330
EF
102
}
330
EF
100
AcDbVisualStyle
  2
Conceptual
 70
     9
177
     3
291
     0
 70
    58
 90
        3
176
     1
 90
        2
176
     1
 90
        1
176
     1
 90
        0
176
     1
 40
-0.6
176
     1
 40
-30.0
176
     1
 62
     7
420
 16777215
176
     1
 90
        2
176
     1
 90
        2
176
     1
 62
     7
176
     1
 62
   257
176
     1
 90
        1
176
     1
 90
        1
176
     1
 40
40.0
176
     1
 90
        8
176
     1
 62
     7
176
     1
 40
1.0
176
     1
 90
        1
176
     1
 90
        6
176
     1
 90
        2
176
     1
 62
     7
176
     1
 90
        3
176
     1
 90
        0
176
     1
 90
        0
176
     1
290
     0
176
     1
 90
        1
176
     1
 40
0.0
176
     1
 90
        0
176
     1
290
     0
176
     1
290
     1
176
     1
290
     1
176
     1
290
     0
176
     1
290
     0
176
     1
290
     0
176
     1
290
     0
176
     1
290
     0
176
     1
290
     0
176
     1
 90
       50
176
     1
 40
0.0
176
     1
 40
1.0
176
     1
 90
        0
176
     1
 62
    18
420
        0
176
     1
 90
       50
176
     1
 90
        3
176
     1
 62
     5
420
      255
176
     1
290
     0
176
     1
 90
       50
176
     1
 90
       50
176
     1
 90
       50
176
     1
290
     0
176
     1
 90
       50
176
     1
 62
   256
176
     0
 40
1.0
176
     0
 90
        2
176
     1
  1
strokes_ogs.tif
176
     1
290
     0
176
     1
 40
1.0
176
     1
 40
1.0
176
     1
  0
VISUALSTYLE
  5
FA
102
{ACAD_REACTORS
330
EF
102
}
330
EF
100
AcDbVisualStyle
  2
Dim
 70
    11
177
     3
291
     1
 70
    58
 90
        2
176
     1
 90
        2
176
     1
 90
        1
176
     1
 90
        0
176
     1
 40
-0.6
176
     1
 40
-30.0
176
     1
 62
     7
420
 16777215
176
     1
 90
        1
176
     1
 90
        4
176
     1
 62
     7
176
     1
 62
   257
176
     1
 90
        1
176
     1
 90
        1
176
     1
 40
1.0
176
     1
 90
        8
176
     1
 62
     7
176
     1
 40
1.0
176
     1
 90
        1
176
     1
 90
        6
176
     1
 90
        2
176
     1
 62
     7
176
     1
 90
        5
176
     1
 90
        0
176
     1
 90
        0
176
     1
290
     0
176
     1
 90
        1
176
     1
 40
-50.0
176
     1
 90
        0
176
     1
290
     0
176
     1
290
     1
176
     1
290
     1
176
     1
290
     0
176
     1
290
     0
176
     1
290
     0
176
     1
290
     0
176
     1
290
     0
176
     1
290
     0
176
     1
 90
       50
176
     1
 40
0.0
176
     1
 40
1.0
176
     1
 90
        0
176
     1
 62
    18
420
        0
176
     1
 90
       50
176
     1
 90
        3
176
     1
 62
     5
420
      255
176
     1
290
     0
176
     1
 90
       50
176
     1
 90
       50
176
     1
 90
       50
176
     1
290
     0
176
     1
 90
       50
176
     1
 62
   256
176
     0
 40
1.0
176
     0
 90
        2
176
     1
  1
strokes_ogs.tif
176
     1
290
     0
176
     1
 40
1.0
176
     1
 40
1.0
176
     1
  0
VISUALSTYLE
  5
35E
102
{ACAD_REACTORS
330
EF
102
}
330
EF
100
AcDbVisualStyle
  2
EdgeColorOff
 70
    22
177
     3
291
     1
 70
    58
 90
        2
176
     0
 90
        2
176
     0
 90
        0
176
     0
 90
        0
176
     0
 40
0.6
176
     0
 40
30.0
176
     0
 62
     7
420
 16777215
176
     0
 90
        1
176
     0
 90
        4
176
     0
 62
     7
176
     0
 62
   257
176
     0
 90
        1
176
     0
 90
        1
176
     0
 40
1.0
176
     0
 90
        8
176
     2
 62
     7
176
     0
 40
1.0
176
     0
 90
        1
176
     0
 90
        6
176
     0
 90
        2
176
     0
 62
     7
176
     0
 90
        5
176
     0
 90
        0
176
     0
 90
        0
176
     0
290
     0
176
     0
 90
        1
176
     0
 40
0.0
176
     0
 90
        0
176
     0
290
     0
176
     0
290
     1
176
     0
290
     1
176
     0
290
     0
176
     0
290
     0
176
     0
290
     0
176
     0
290
     0
176
     0
290
     0
176
     0
290
     0
176
     0
 90
       50
176
     0
 40
0.0
176
     0
 40
1.0
176
     0
 90
        0
176
     0
 62
    18
420
        0
176
     0
 90
       50
176
     0
 90
        3
176
     0
 62
     5
420
      255
176
     0
290
     0
176
     0
 90
       50
176
     0
 90
       50
176
     0
 90
       50
176
     0
290
     0
176
     0
 90
       50
176
     0
 62
   256
176
     0
 40
1.0
176
     0
 90
        2
176
     0
  1
strokes_ogs.tif
176
     0
290
     0
176
     0
 40
1.0
176
     0
 40
1.0
176
     0
  0
VISUALSTYLE
  5
FE
102
{ACAD_REACTORS
330
EF
102
}
330
EF
100
AcDbVisualStyle
  2
Facepattern
 70
    15
177
     3
291
     1
 70
    58
 90
        2
176
     1
 90
        2
176
     1
 90
        1
176
     1
 90
        0
176
     1
 40
-0.6
176
     1
 40
-30.0
176
     1
 62
     7
420
 16777215
176
     1
 90
        1
176
     1
 90
        4
176
     1
 62
     7
176
     1
 62
   257
176
     1
 90
        1
176
     1
 90
        1
176
     1
 40
1.0
176
     1
 90
        8
176
     1
 62
     7
176
     1
 40
1.0
176
     1
 90
        1
176
     1
 90
        6
176
     1
 90
        2
176
     1
 62
     7
176
     1
 90
        5
176
     1
 90
        0
176
     1
 90
        0
176
     1
290
     0
176
     1
 90
        1
176
     1
 40
0.0
176
     1
 90
        0
176
     1
290
     0
176
     1
290
     1
176
     1
290
     1
176
     1
290
     0
176
     1
290
     0
176
     1
290
     0
176
     1
290
     0
176
     1
290
     0
176
     1
290
     0
176
     1
 90
       50
176
     1
 40
0.0
176
     1
 40
1.0
176
     1
 90
        0
176
     1
 62
    18
420
        0
176
     1
 90
       50
176
     1
 90
        3
176
     1
 62
     5
420
      255
176
     1
290
     0
176
     1
 90
       50
176
     1
 90
       50
176
     1
 90
       50
176
     1
290
     0
176
     1
 90
       50
176
     1
 62
   256
176
     0
 40
1.0
176
     0
 90
        2
176
     1
  1
strokes_ogs.tif
176
     1
290
     0
176
     1
 40
1.0
176
     1
 40
1.0
176
     1
  0
VISUALSTYLE
  5
F0
102
{ACAD_REACTORS
330
EF
102
}
330
EF
100
AcDbVisualStyle
  2
Flat
 70
     0
177
     3
291
     1
 70
    58
 90
        2
176
     1
 90
        1
176
     1
 90
        1
176
     1
 90
        2
176
     1
 40
-0.6
176
     1
 40
30.0
176
     1
 62
     7
420
 16777215
176
     1
 90
        0
176
     1
 90
        4
176
     1
 62
     7
176
     1
 62
   257
176
     1
 90
        1
176
     1
 90
        1
176
     1
 40
1.0
176
     1
 90
        8
176
     1
 62
     7
176
     1
 40
1.0
176
     1
 90
        1
176
     1
 90
        6
176
     1
 90
        2
176
     1
 62
     7
176
     1
 90
        5
176
     1
 90
        0
176
     1
 90
        0
176
     1
290
     0
176
     1
 90
        1
176
     1
 40
0.0
176
     1
 90
        0
176
     1
290
     0
176
     1
290
     1
176
     1
290
     1
176
     1
290
     0
176
     1
290
     0
176
     1
290
     0
176
     1
290
     0
176
     1
290
     0
176
     1
290
     0
176
     1
 90
       50
176
     1
 40
0.0
176
     1
 40
1.0
176
     1
 90
        0
176
     1
 62
    18
420
        0
176
     1
 90
       50
176
     1
 90
        3
176
     1
 62
     5
420
      255
176
     1
290
     0
176
     1
 90
       50
176
     1
 90
       50
176
     1
 90
       50
176
     1
290
     0
176
     1
 90
       50
176
     1
 62
   256
176
     0
 40
1.0
176
     0
 90
        2
176
     1
  1
strokes_ogs.tif
176
     1
290
     0
176
     1
 40
1.0
176
     1
 40
1.0
176
     1
  0
VISUALSTYLE
  5
F1
102
{ACAD_REACTORS
330
EF
102
}
330
EF
100
AcDbVisualStyle
  2
FlatWithEdges
 70
     1
177
     3
291
     1
 70
    58
 90
        2
176
     1
 90
        1
176
     1
 90
        1
176
     1
 90
        2
176
     1
 40
-0.6
176
     1
 40
30.0
176
     1
 62
     7
420
 16777215
176
     1
 90
        1
176
     1
 90
        4
176
     1
 62
     7
176
     1
 62
   257
176
     1
 90
        1
176
     1
 90
        1
176
     1
 40
1.0
176
     1
 90
        0
176
     1
 62
   257
176
     1
 40
1.0
176
     1
 90
        1
176
     1
 90
        6
176
     1
 90
        2
176
     1
 62
     7
176
     1
 90
        5
176
     1
 90
        0
176
     1
 90
        0
176
     1
290
     0
176
     1
 90
        1
176
     1
 40
0.0
176
     1
 90
        0
176
     1
290
     0
176
     1
290
     1
176
     1
290
     1
176
     1
290
     0
176
     1
290
     0
176
     1
290
     0
176
     1
290
     0
176
     1
290
     0
176
     1
290
     0
176
     1
 90
       50
176
     1
 40
0.0
176
     1
 40
1.0
176
     1
 90
        0
176
     1
 62
    18
420
        0
176
     1
 90
       50
176
     1
 90
        3
176
     1
 62
     5
420
      255
176
     1
290
     0
176
     1
 90
       50
176
     1
 90
       50
176
     1
 90
       50
176
     1
290
     0
176
     1
 90
       50
176
     1
 62
   256
176
     0
 40
1.0
176
     0
 90
        2
176
     1
  1
strokes_ogs.tif
176
     1
290
     0
176
     1
 40
1.0
176
     1
 40
1.0
176
     1
  0
VISUALSTYLE
  5
F2
102
{ACAD_REACTORS
330
EF
102
}
330
EF
100
AcDbVisualStyle
  2
Gouraud
 70
     2
177
     3
291
     1
 70
    58
 90
        2
176
     1
 90
        2
176
     1
 90
        1
176
     1
 90
        2
176
     1
 40
-0.6
176
     1
 40
30.0
176
     1
 62
     7
420
 16777215
176
     1
 90
        0
176
     1
 90
        4
176
     1
 62
     7
176
     1
 62
   257
176
     1
 90
        1
176
     1
 90
        1
176
     1
 40
1.0
176
     1
 90
        0
176
     1
 62
     7
176
     1
 40
1.0
176
     1
 90
        1
176
     1
 90
        6
176
     1
 90
        2
176
     1
 62
     7
176
     1
 90
        5
176
     1
 90
        0
176
     1
 90
        0
176
     1
290
     0
176
     1
 90
        1
176
     1
 40
0.0
176
     1
 90
        0
176
     1
290
     0
176
     1
290
     1
176
     1
290
     1
176
     1
290
     0
176
     1
290
     0
176
     1
290
     0
176
     1
290
     0
176
     1
290
     0
176
     1
290
     0
176
     1
 90
       50
176
     1
 40
0.0
176
     1
 40
1.0
176
     1
 90
        0
176
     1
 62
    18
420
        0
176
     1
 90
       50
176
     1
 90
        3
176
     1
 62
     5
420
      255
176
     1
290
     0
176
     1
 90
       50
176
     1
 90
       50
176
     1
 90
       50
176
     1
290
     0
176
     1
 90
       50
176
     1
 62
   256
176
     0
 40
1.0
176
     0
 90
        2
176
     1
  1
strokes_ogs.tif
176
     1
290
     0
176
     1
 40
1.0
176
     1
 40
1.0
176
     1
  0
VISUALSTYLE
  5
F3
102
{ACAD_REACTORS
330
EF
102
}
330
EF
100
AcDbVisualStyle
  2
GouraudWithEdges
 70
     3
177
     3
291
     1
 70
    58
 90
        2
176
     1
 90
        2
176
     1
 90
        1
176
     1
 90
        2
176
     1
 40
-0.6
176
     1
 40
30.0
176
     1
 62
     7
420
 16777215
176
     1
 90
        1
176
     1
 90
        4
176
     1
 62
     7
176
     1
 62
   257
176
     1
 90
        1
176
     1
 90
        1
176
     1
 40
1.0
176
     1
 90
        0
176
     1
 62
   257
176
     1
 40
1.0
176
     1
 90
        1
176
     1
 90
        6
176
     1
 90
        2
176
     1
 62
     7
176
     1
 90
        5
176
     1
 90
        0
176
     1
 90
        0
176
     1
290
     0
176
     1
 90
        1
176
     1
 40
0.0
176
     1
 90
        0
176
     1
290
     0
176
     1
290
     1
176
     1
290
     1
176
     1
290
     0
176
     1
290
     0
176
     1
290
     0
176
     1
290
     0
176
     1
290
     0
176
     1
290
     0
176
     1
 90
       50
176
     1
 40
0.0
176
     1
 40
1.0
176
     1
 90
        0
176
     1
 62
    18
420
        0
176
     1
 90
       50
176
     1
 90
        3
176
     1
 62
     5
420
      255
176
     1
290
     0
176
     1
 90
       50
176
     1
 90
       50
176
     1
 90
       50
176
     1
290
     0
176
     1
 90
       50
176
     1
 62
   256
176
     0
 40
1.0
176
     0
 90
        2
176
     1
  1
strokes_ogs.tif
176
     1
290
     0
176
     1
 40
1.0
176
     1
 40
1.0
176
     1
  0
VISUALSTYLE
  5
35B
102
{ACAD_REACTORS
330
EF
102
}
330
EF
100
AcDbVisualStyle
  2
Hidden
 70
     6
177
     3
291
     0
 70
    58
 90
        1
176
     1
 90
        2
176
     1
 90
        2
176
     1
 90
        0
176
     1
 40
0.6
176
     1
 40
30.0
176
     1
 62
     7
420
 16777215
176
     1
 90
        2
176
     1
 90
        2
176
     1
 62
     7
176
     1
 62
   257
176
     1
 90
        2
176
     1
 90
        1
176
     1
 40
40.0
176
     1
 90
        0
176
     1
 62
   257
176
     1
 40
1.0
176
     1
 90
        1
176
     1
 90
        6
176
     1
 90
        2
176
     1
 62
     7
176
     1
 90
        3
176
     1
 90
        0
176
     1
 90
        0
176
     1
290
     0
176
     1
 90
        1
176
     1
 40
0.0
176
     1
 90
        0
176
     1
290
     0
176
     1
290
     1
176
     1
290
     1
176
     1
290
     0
176
     1
290
     0
176
     1
290
     0
176
     1
290
     0
176
     1
290
     0
176
     1
290
     0
176
     1
 90
       50
176
     1
 40
0.0
176
     1
 40
1.0
176
     1
 90
        0
176
     1
 62
    18
420
        0
176
     1
 90
       50
176
     1
 90
        3
176
     1
 62
     5
420
      255
176
     1
290
     0
176
     1
 90
       50
176
     1
 90
       50
176
     1
 90
       50
176
     1
290
     0
176
     1
 90
       50
176
     1
 62
   256
176
     0
 40
1.0
176
     0
 90
        2
176
     1
  1
strokes_ogs.tif
176
     1
290
     0
176
     1
 40
1.0
176
     1
 40
1.0
176
     1
  0
VISUALSTYLE
  5
35C
102
{ACAD_REACTORS
330
EF
102
}
330
EF
100
AcDbVisualStyle
  2
JitterOff
 70
    20
177
     3
291
     1
 70
    58
 90
        2
176
     0
 90
        2
176
     0
 90
        0
176
     0
 90
        0
176
     0
 40
0.6
176
     0
 40
30.0
176
     0
 62
     7
420
 16777215
176
     0
 90
        1
176
     0
 90
        4
176
     0
 62
     7
176
     0
 62
   257
176
     0
 90
        1
176
     0
 90
        1
176
     0
 40
1.0
176
     0
 90
       10
176
     2
 62
     7
176
     0
 40
1.0
176
     0
 90
        1
176
     0
 90
        6
176
     0
 90
        2
176
     0
 62
     7
176
     0
 90
        5
176
     0
 90
        0
176
     0
 90
        0
176
     0
290
     0
176
     0
 90
        1
176
     0
 40
0.0
176
     0
 90
        0
176
     0
290
     0
176
     0
290
     1
176
     0
290
     1
176
     0
290
     0
176
     0
290
     0
176
     0
290
     0
176
     0
290
     0
176
     0
290
     0
176
     0
290
     0
176
     0
 90
       50
176
     0
 40
0.0
176
     0
 40
1.0
176
     0
 90
        0
176
     0
 62
    18
420
        0
176
     0
 90
       50
176
     0
 90
        3
176
     0
 62
     5
420
      255
176
     0
290
     0
176
     0
 90
       50
176
     0
 90
       50
176
     0
 90
       50
176
     0
290
     0
176
     0
 90
       50
176
     0
 62
   256
176
     0
 40
1.0
176
     0
 90
        2
176
     0
  1
strokes_ogs.tif
176
     0
290
     0
176
     0
 40
1.0
176
     0
 40
1.0
176
     0
  0
VISUALSTYLE
  5
FD
102
{ACAD_REACTORS
330
EF
102
}
330
EF
100
AcDbVisualStyle
  2
Linepattern
 70
    14
177
     3
291
     1
 70
    58
 90
        2
176
     1
 90
        2
176
     1
 90
        1
176
     1
 90
        0
176
     1
 40
-0.6
176
     1
 40
-30.0
176
     1
 62
     7
420
 16777215
176
     1
 90
        1
176
     1
 90
        4
176
     1
 62
     7
176
     1
 62
   257
176
     1
 90
        7
176
     1
 90
        7
176
     1
 40
1.0
176
     1
 90
        8
176
     1
 62
     7
176
     1
 40
1.0
176
     1
 90
        1
176
     1
 90
        6
176
     1
 90
        2
176
     1
 62
     7
176
     1
 90
        5
176
     1
 90
        0
176
     1
 90
        0
176
     1
290
     0
176
     1
 90
        1
176
     1
 40
0.0
176
     1
 90
        0
176
     1
290
     0
176
     1
290
     1
176
     1
290
     1
176
     1
290
     0
176
     1
290
     0
176
     1
290
     0
176
     1
290
     0
176
     1
290
     0
176
     1
290
     0
176
     1
 90
       50
176
     1
 40
0.0
176
     1
 40
1.0
176
     1
 90
        0
176
     1
 62
    18
420
        0
176
     1
 90
       50
176
     1
 90
        3
176
     1
 62
     5
420
      255
176
     1
290
     0
176
     1
 90
       50
176
     1
 90
       50
176
     1
 90
       50
176
     1
290
     0
176
     1
 90
       50
176
     1
 62
   256
176
     0
 40
1.0
176
     0
 90
        2
176
     1
  1
strokes_ogs.tif
176
     1
290
     0
176
     1
 40
1.0
176
     1
 40
1.0
176
     1
  0
VISUALSTYLE
  5
35D
102
{ACAD_REACTORS
330
EF
102
}
330
EF
100
AcDbVisualStyle
  2
OverhangOff
 70
    21
177
     3
291
     1
 70
    58
 90
        2
176
     0
 90
        2
176
     0
 90
        0
176
     0
 90
        0
176
     0
 40
0.6
176
     0
 40
30.0
176
     0
 62
     7
420
 16777215
176
     0
 90
        1
176
     0
 90
        4
176
     0
 62
     7
176
     0
 62
   257
176
     0
 90
        1
176
     0
 90
        1
176
     0
 40
1.0
176
     0
 90
        9
176
     2
 62
     7
176
     0
 40
1.0
176
     0
 90
        1
176
     0
 90
        6
176
     0
 90
        2
176
     0
 62
     7
176
     0
 90
        5
176
     0
 90
        0
176
     0
 90
        0
176
     0
290
     0
176
     0
 90
        1
176
     0
 40
0.0
176
     0
 90
        0
176
     0
290
     0
176
     0
290
     1
176
     0
290
     1
176
     0
290
     0
176
     0
290
     0
176
     0
290
     0
176
     0
290
     0
176
     0
290
     0
176
     0
290
     0
176
     0
 90
       50
176
     0
 40
0.0
176
     0
 40
1.0
176
     0
 90
        0
176
     0
 62
    18
420
        0
176
     0
 90
       50
176
     0
 90
        3
176
     0
 62
     5
420
      255
176
     0
290
     0
176
     0
 90
       50
176
     0
 90
       50
176
     0
 90
       50
176
     0
290
     0
176
     0
 90
       50
176
     0
 62
   256
176
     0
 40
1.0
176
     0
 90
        2
176
     0
  1
strokes_ogs.tif
176
     0
290
     0
176
     0
 40
1.0
176
     0
 40
1.0
176
     0
  0
VISUALSTYLE
  5
F9
102
{ACAD_REACTORS
330
EF
102
}
330
EF
100
AcDbVisualStyle
  2
Realistic
 70
     8
177
     3
291
     0
 70
    58
 90
        2
176
     1
 90
        2
176
     1
 90
        1
176
     1
 90
        0
176
     1
 40
-0.6
176
     1
 40
-30.0
176
     1
 62
     7
420
 16777215
176
     1
 90
        1
176
     1
 90
        0
176
     1
 62
     7
176
     1
 62
   257
176
     1
 90
        1
176
     1
 90
        1
176
     1
 40
1.0
176
     1
 90
        8
176
     1
 62
     8
420
  7895160
176
     1
 40
1.0
176
     1
 90
        1
176
     1
 90
        6
176
     1
 90
        2
176
     1
 62
     7
176
     1
 90
        5
176
     1
 90
        0
176
     1
 90
        0
176
     1
290
     0
176
     1
 90
       13
176
     1
 40
0.0
176
     1
 90
        0
176
     1
290
     0
176
     1
290
     1
176
     1
290
     1
176
     1
290
     0
176
     1
290
     0
176
     1
290
     0
176
     1
290
     0
176
     1
290
     0
176
     1
290
     0
176
     1
 90
       50
176
     1
 40
0.0
176
     1
 40
1.0
176
     1
 90
        0
176
     1
 62
    18
420
        0
176
     1
 90
       50
176
     1
 90
        3
176
     1
 62
     5
420
      255
176
     1
290
     0
176
     1
 90
       50
176
     1
 90
       50
176
     1
 90
       50
176
     1
290
     0
176
     1
 90
       50
176
     1
 62
   256
176
     0
 40
1.0
176
     0
 90
        2
176
     1
  1
strokes_ogs.tif
176
     1
290
     0
176
     1
 40
1.0
176
     1
 40
1.0
176
     1
  0
VISUALSTYLE
  5
363
102
{ACAD_REACTORS
330
EF
102
}
330
EF
100
AcDbVisualStyle
  2
Shaded
 70
    27
177
     3
291
     0
 70
    58
 90
        2
176
     1
 90
        2
176
     1
 90
        1
176
     1
 90
        2
176
     1
 40
0.6
176
     1
 40
30.0
176
     1
 62
     7
420
 16777215
176
     1
 90
        0
176
     1
 90
        4
176
     1
 62
     7
176
     1
 62
   257
176
     1
 90
        1
176
     1
 90
        1
176
     1
 40
1.0
176
     1
 90
        8
176
     1
 62
   257
176
     1
 40
1.0
176
     1
 90
        1
176
     1
 90
        6
176
     1
 90
        2
176
     1
 62
     8
420
  7895160
176
     1
 90
        3
176
     1
 90
        0
176
     1
 90
        0
176
     1
290
     0
176
     1
 90
        5
176
     1
 40
0.0
176
     1
 90
        0
176
     1
290
     0
176
     1
290
     1
176
     1
290
     1
176
     1
290
     0
176
     1
290
     0
176
     1
290
     0
176
     1
290
     0
176
     1
290
     0
176
     1
290
     0
176
     1
 90
       50
176
     1
 40
0.0
176
     1
 40
1.0
176
     1
 90
        0
176
     1
 62
    18
420
        0
176
     1
 90
       50
176
     1
 90
        3
176
     1
 62
     5
420
      255
176
     1
290
     0
176
     1
 90
       50
176
     1
 90
       50
176
     1
 90
       50
176
     1
290
     0
176
     1
 90
       50
176
     1
 62
   256
176
     0
 40
1.0
176
     0
 90
        2
176
     1
  1
strokes_ogs.tif
176
     1
290
     0
176
     1
 40
1.0
176
     1
 40
1.0
176
     1
  0
VISUALSTYLE
  5
362
102
{ACAD_REACTORS
330
EF
102
}
330
EF
100
AcDbVisualStyle
  2
Shaded with edges
 70
    26
177
     3
291
     0
 70
    58
 90
        2
176
     1
 90
        2
176
     1
 90
        1
176
     1
 90
        2
176
     1
 40
0.6
176
     1
 40
30.0
176
     1
 62
     7
420
 16777215
176
     1
 90
        1
176
     1
 90
       10
176
     1
 62
     7
176
     1
 62
   257
176
     1
 90
        2
176
     1
 90
        1
176
     1
 40
1.0
176
     1
 90
        8
176
     1
 62
   257
176
     1
 40
1.0
176
     1
 90
        1
176
     1
 90
        6
176
     1
 90
        2
176
     1
 62
     7
176
     1
 90
        3
176
     1
 90
        0
176
     1
 90
        0
176
     1
290
     0
176
     1
 90
        5
176
     1
 40
0.0
176
     1
 90
        0
176
     1
290
     0
176
     1
290
     1
176
     1
290
     1
176
     1
290
     0
176
     1
290
     0
176
     1
290
     0
176
     1
290
     0
176
     1
290
     0
176
     1
290
     0
176
     1
 90
       50
176
     1
 40
0.0
176
     1
 40
1.0
176
     1
 90
        0
176
     1
 62
    18
420
        0
176
     1
 90
       50
176
     1
 90
        3
176
     1
 62
     5
420
      255
176
     1
290
     0
176
     1
 90
       50
176
     1
 90
       50
176
     1
 90
       50
176
     1
290
     0
176
     1
 90
       50
176
     1
 62
   256
176
     0
 40
1.0
176
     0
 90
        2
176
     1
  1
strokes_ogs.tif
176
     1
290
     0
176
     1
 40
1.0
176
     1
 40
1.0
176
     1
  0
VISUALSTYLE
  5
35F
102
{ACAD_REACTORS
330
EF
102
}
330
EF
100
AcDbVisualStyle
  2
Shades of Gray
 70
    23
177
     3
291
     0
 70
    58
 90
        2
176
     1
 90
        2
176
     1
 90
        3
176
     1
 90
        0
176
     1
 40
0.6
176
     1
 40
30.0
176
     1
 62
     7
420
 16777215
176
     1
 90
        2
176
     1
 90
        2
176
     1
 62
     7
176
     1
 62
     7
176
     1
 90
        1
176
     1
 90
        1
176
     1
 40
40.0
176
     1
 90
        8
176
     1
 62
     7
176
     1
 40
1.0
176
     1
 90
        1
176
     1
 90
        6
176
     1
 90
        2
176
     1
 62
     7
176
     1
 90
        3
176
     1
 90
        0
176
     1
 90
        0
176
     1
290
     0
176
     1
 90
        1
176
     1
 40
0.0
176
     1
 90
        0
176
     1
290
     0
176
     1
290
     1
176
     1
290
     1
176
     1
290
     0
176
     1
290
     0
176
     1
290
     0
176
     1
290
     0
176
     1
290
     0
176
     1
290
     0
176
     1
 90
       50
176
     1
 40
0.0
176
     1
 40
1.0
176
     1
 90
        0
176
     1
 62
    18
420
        0
176
     1
 90
       50
176
     1
 90
        3
176
     1
 62
     5
420
      255
176
     1
290
     0
176
     1
 90
       50
176
     1
 90
       50
176
     1
 90
       50
176
     1
290
     0
176
     1
 90
       50
176
     1
 62
   256
176
     0
 40
1.0
176
     0
 90
        2
176
     1
  1
strokes_ogs.tif
176
     1
290
     0
176
     1
 40
1.0
176
     1
 40
1.0
176
     1
  0
VISUALSTYLE
  5
360
102
{ACAD_REACTORS
330
EF
102
}
330
EF
100
AcDbVisualStyle
  2
Sketchy
 70
    24
177
     3
291
     0
 70
    58
 90
        1
176
     1
 90
        2
176
     1
 90
        2
176
     1
 90
        0
176
     1
 40
0.6
176
     1
 40
30.0
176
     1
 62
     7
420
 16777215
176
     1
 90
        2
176
     1
 90
        2
176
     1
 62
     7
176
     1
 62
     7
176
     1
 90
        1
176
     1
 90
        1
176
     1
 40
40.0
176
     1
 90
       11
176
     1
 62
     7
176
     1
 40
1.0
176
     1
 90
        1
176
     1
 90
        6
176
     1
 90
        2
176
     1
 62
     7
176
     1
 90
        6
176
     1
 90
        0
176
     1
 90
        0
176
     1
290
     0
176
     1
 90
        1
176
     1
 40
0.0
176
     1
 90
        0
176
     1
290
     0
176
     1
290
     1
176
     1
290
     1
176
     1
290
     0
176
     1
290
     0
176
     1
290
     0
176
     1
290
     0
176
     1
290
     0
176
     1
290
     0
176
     1
 90
       50
176
     1
 40
0.0
176
     1
 40
1.0
176
     1
 90
        0
176
     1
 62
    18
420
        0
176
     1
 90
       50
176
     1
 90
        3
176
     1
 62
     5
420
      255
176
     1
290
     0
176
     1
 90
       50
176
     1
 90
       50
176
     1
 90
       50
176
     1
290
     0
176
     1
 90
       50
176
     1
 62
   256
176
     0
 40
1.0
176
     0
 90
        2
176
     1
  1
strokes_ogs.tif
176
     1
290
     0
176
     1
 40
1.0
176
     1
 40
1.0
176
     1
  0
VISUALSTYLE
  5
FC
102
{ACAD_REACTORS
330
EF
102
}
330
EF
100
AcDbVisualStyle
  2
Thicken
 70
    13
177
     3
291
     1
 70
    58
 90
        2
176
     1
 90
        2
176
     1
 90
        1
176
     1
 90
        0
176
     1
 40
-0.6
176
     1
 40
-30.0
176
     1
 62
     7
420
 16777215
176
     1
 90
        1
176
     1
 90
        4
176
     1
 62
     7
176
     1
 62
   257
176
     1
 90
        1
176
     1
 90
        1
176
     1
 40
1.0
176
     1
 90
       12
176
     1
 62
     7
176
     1
 40
1.0
176
     1
 90
        1
176
     1
 90
        6
176
     1
 90
        2
176
     1
 62
     7
176
     1
 90
        5
176
     1
 90
        0
176
     1
 90
        0
176
     1
290
     0
176
     1
 90
        1
176
     1
 40
0.0
176
     1
 90
        0
176
     1
290
     0
176
     1
290
     1
176
     1
290
     1
176
     1
290
     0
176
     1
290
     0
176
     1
290
     0
176
     1
290
     0
176
     1
290
     0
176
     1
290
     0
176
     1
 90
       50
176
     1
 40
0.0
176
     1
 40
1.0
176
     1
 90
        0
176
     1
 62
    18
420
        0
176
     1
 90
       50
176
     1
 90
        3
176
     1
 62
     5
420
      255
176
     1
290
     0
176
     1
 90
       50
176
     1
 90
       50
176
     1
 90
       50
176
     1
290
     0
176
     1
 90
       50
176
     1
 62
   256
176
     0
 40
1.0
176
     0
 90
        2
176
     1
  1
strokes_ogs.tif
176
     1
290
     0
176
     1
 40
1.0
176
     1
 40
1.0
176
     1
  0
VISUALSTYLE
  5
35A
102
{ACAD_REACTORS
330
EF
102
}
330
EF
100
AcDbVisualStyle
  2
Wireframe
 70
     5
177
     3
291
     0
 70
    58
 90
        0
176
     1
 90
        2
176
     1
 90
        0
176
     1
 90
        0
176
     1
 40
0.6
176
     1
 40
30.0
176
     1
 62
     7
420
 16777215
176
     1
 90
        1
176
     1
 90
        4
176
     1
 62
     7
176
     1
 62
   257
176
     1
 90
        1
176
     1
 90
        1
176
     1
 40
1.0
176
     1
 90
        0
176
     1
 62
   257
176
     1
 40
1.0
176
     1
 90
        1
176
     1
 90
        6
176
     1
 90
        2
176
     1
 62
     7
176
     1
 90
        3
176
     1
 90
        0
176
     1
 90
        0
176
     1
290
     0
176
     1
 90
        1
176
     1
 40
0.0
176
     1
 90
        0
176
     1
290
     0
176
     1
290
     1
176
     1
290
     1
176
     1
290
     0
176
     1
290
     0
176
     1
290
     0
176
     1
290
     0
176
     1
290
     0
176
     1
290
     0
176
     1
 90
       50
176
     1
 40
0.0
176
     1
 40
1.0
176
     1
 90
        0
176
     1
 62
    18
420
        0
176
     1
 90
       50
176
     1
 90
        3
176
     1
 62
     5
420
      255
176
     1
290
     0
176
     1
 90
       50
176
     1
 90
       50
176
     1
 90
       50
176
     1
290
     0
176
     1
 90
       50
176
     1
 62
   256
176
     0
 40
1.0
176
     0
 90
        2
176
     1
  1
strokes_ogs.tif
176
     1
290
     0
176
     1
 40
1.0
176
     1
 40
1.0
176
     1
  0
VISUALSTYLE
  5
361
102
{ACAD_REACTORS
330
EF
102
}
330
EF
100
AcDbVisualStyle
  2
X-Ray
 70
    25
177
     3
291
     0
 70
    58
 90
        2
176
     1
 90
        2
176
     1
 90
        1
176
     1
 90
        1
176
     1
 40
0.5
176
     1
 40
30.0
176
     1
 62
     7
420
 16777215
176
     1
 90
        1
176
     1
 90
        0
176
     1
 62
     7
176
     1
 62
   257
176
     1
 90
        1
176
     1
 90
        1
176
     1
 40
1.0
176
     1
 90
        8
176
     1
 62
     7
176
     1
 40
1.0
176
     1
 90
        1
176
     1
 90
        6
176
     1
 90
        2
176
     1
 62
     7
176
     1
 90
        3
176
     1
 90
        0
176
     1
 90
        0
176
     1
290
     0
176
     1
 90
       13
176
     1
 40
0.0
176
     1
 90
        0
176
     1
290
     0
176
     1
290
     1
176
     1
290
     1
176
     1
290
     0
176
     1
290
     0
176
     1
290
     0
176
     1
290
     0
176
     1
290
     0
176
     1
290
     0
176
     1
 90
       50
176
     1
 40
0.0
176
     1
 40
1.0
176
     1
 90
        0
176
     1
 62
    18
420
        0
176
     1
 90
       50
176
     1
 90
        3
176
     1
 62
     5
420
      255
176
     1
290
     0
176
     1
 90
       50
176
     1
 90
       50
176
     1
 90
       50
176
     1
290
     0
176
     1
 90
       50
176
     1
 62
   256
176
     0
 40
1.0
176
     0
 90
        2
176
     1
  1
strokes_ogs.tif
176
     1
290
     0
176
     1
 40
1.0
176
     1
 40
1.0
176
     1
  0
DICTIONARYVAR
  5
146
102
{ACAD_REACTORS
330
5E
102
}
330
5E
100
DictionaryVariables
280
     0
  1
1:1
  0
DICTIONARYVAR
  5
145
102
{ACAD_REACTORS
330
5E
102
}
330
5E
100
DictionaryVariables
280
     0
  1
Standard
  0
DICTIONARYVAR
  5
84
102
{ACAD_REACTORS
330
5E
102
}
330
5E
100
DictionaryVariables
280
     0
  1
Standard
  0
DICTIONARYVAR
  5
5F
102
{ACAD_REACTORS
330
5E
102
}
330
5E
100
DictionaryVariables
280
     0
  1
2
  0
DICTIONARYVAR
  5
63
102
{ACAD_REACTORS
330
5E
102
}
330
5E
100
DictionaryVariables
280
     0
  1
1
  0
DICTIONARYVAR
  5
1AE
102
{ACAD_REACTORS
330
5E
102
}
330
5E
100
DictionaryVariables
280
     0
  1
0
  0
DICTIONARYVAR
  5
1AF
102
{ACAD_REACTORS
330
5E
102
}
330
5E
100
DictionaryVariables
280
     0
  1
0
  0
DICTIONARYVAR
  5
356
102
{ACAD_REACTORS
330
5E
102
}
330
5E
100
DictionaryVariables
280
     0
  1
0
  0
XRECORD
  5
6A7
102
{ACAD_REACTORS
330
34E
102
}
330
34E
100
AcDbXrecord
280
     1
300
MC_VERSION_DATA
 90
       95
310
0600000002000000570000001C000000E404000000000000000000007801936764E5D8CFFA9993818115C460606066E0646662626666706006F218793899F8DE3171E725E6E53B3BBA2878E6951050AF75FEFFFFFF520036E40F2657000000
  0
XRECORD
  5
357
102
{ACAD_REACTORS
330
34E
102
}
330
34E
100
AcDbXrecord
280
     1
300
MCS_DOCUMENT_ID
 90
       60
310
0600000002000000150000001C000000E404000000000000000000007801E33D6D38DDCEE78BA54BBFF179D7FFBFE5BCFE0301006B580BD015000000
  0
XRECORD
  5
365
102
{ACAD_REACTORS
330
34E
102
}
330
34E
100
AcDbXrecord
280
     1
300
MCS_PARAMS_DATA
 90
     3313
310
0600000002000000F64B00001C000000E404000000000000000000007801C55C5B6C5CC519DE9D595FD6B9DF494B53970A1A6F4A58DF92A6426A1A1210527090E23EF0543976A2BA75E25CAC160A6DA92AF5A55255A96AD556551F4A49A0CF15A03EC0438190865E482021147221409310B6900B3826B1FB7F7366CEFC73E6
310
1CAFBDDE3D9B07D8FF3F73CEF7DFE6FB67E6ECBA757EA3143929F767A4FCCE8636299AA49C90529036BB402C105929F279912F89C6DEAF6FD8BC69AB14A46C51EAC2B9898909BA39945F872C1FCD848A834A91A13B1AD51D6D5266E8A9FAF627E9AABE92BD45CA6F03BD81A3CFC24D59D990C96408C7E066656E0232E13A03
310
14B0AB01724443F05CC3F08780DFC8F19B03FC710A073DC8486413411B49060E3311A05C24C45064703B01D7CCE196A818E5C59C9268B967CBD6DED68ED59DC52EEB78BEF08E09F8223D745649346F1DE9DB35D0B777C089FC5FC3C8EB60BF1A286CF47FE3467F17CC59C5CD990B0CD948C1A77FB9F5CA0E4F479188EA541E
310
3C25A2E22BC99C8892456878B2821857F6B05492C2AD881B41409C21325211340605C9C6DC6006EC49AC088A0CCBB25B1159B72248E415019155047D5453031360047082A7405D92B72AB0F03379693EAB50870260AC609E2C6F6510BB3D081DFE4EF5EFECD71494A7B3590EC7F12C5B25CB32539229914732934ECE22AF1D
310
D259AC8B7B7649E437DE7BDFA69EADF76EE95186E95A7ED74C032DBFA66A9BF1CEF341B19B78E45DDED9EF56FE29189043E4814BF734E1FF34659991678231F23A51010DA578E8294D435524988818E84710A7B2643B4F7C134F5CC6936D1E4176D01398C4D0A83AE0A6BDC86B0BB5C3E1E8299D70A5A945AC12322FE697C4
310
9C8DC3BBBE34D2BA77FBEEA1BEFEED79D15C120DF70F0FEE1A093EF60C8FF47F4BCAB3B0ED666EDB17F5733E2B445B5E2C298985C507BB8BEBBA3A3A3774178B1D777FA5B36B9D327BBE1ED84C030BC74C9EDAB5B64D88BC405AEF1E1CD9D73A34B88F70838775AD5DDBD1B9B6BBABBB73A0ABA37F5D7BE0E757F57D1DB80F
310
037BFBB60D6D6F1DDED1DA3B3CB47D6FDF2EF8A0AD5933506CEF2FF6F7ADD9D6B56D5DFF9A60D6A95222FF670B51F8295953F8455019945B7EE9315C7A8AFEC352DE9D4B4A5050256AA6D1B42D5F0C265BEED4473538E9811F770DEFDCDD3732B86D706870E4A1D69DC303E45F6349C807B6EFCB8B8692103DC352AE816545
310
9E9E798813B5E9A692C86DD9B1A355A5424F8E0BF018466AF90D150136590E2905AA568F782650907D5A7180140B84AD0159F8156902B8F63BDA8BE1A72E29AF48322EA98B5F578631B6F5489B26184C63434803DB221A328E6B58DEAED6DB808FEB6DC068BD0DF8A4DE065CABB7018B3045EB390B3EAD7704C6EA6DC07518
310
10B79C17773A0DB6C361F03BDD064B22C8C7303844629E5064B47323116EB9039777E096BB70247238880C6E39831B9F221C81B3E543C57019D4736C30574EE2DD4AD73B12B9771099772B997713E97A974DF4CECD5D9582B938116EC00926492C777A7F676A8F441E4C882C98032C983211AE26DE8974E196022EC7174366
310
F9AE62C95769E105B5C4B012E2E82ED8CD3516C5E34D519CF0D1F6765A8551C6CC0505130A3E8ABEC46EF81CED54DC1DA04AB7BC4DB0CA082453194AB29B82400C2B438BA6322032B88FE093B3E13470C11297490C8EEF78E88158D51A8AD42283A38F61044E78707A57F8BBDFE2DF2167F36975041D1DA7FCF59430C35792
310
05112533A905D5D3CAAB4759DBB4CA160F3E9309466F934A1794E7E1154C402D3088858048DCDF7EA3E7FECD5B7A7B376D5480CBF43A7E5E49CCBE6BEB37D945B2402FC65F52AB73B67E7F3A58AE93F37A04F6B7011D680556EBCCA2819BC8A21C320F385BBDB4EE56E6E32CE2CB18E358AD7676B4C7C096B1674BAF7B1278
310
1E906198B0DF8681EA696AF34D20563061CAB731C0DB01185B8B0DCA46538BD880EB0E2C6FC3120B40E62289BC162112587895C11513E18290E892090EBF46A9321968C513E0BB89A0AE8F2431B88A7DFC9E07A7BD0A8E668E3AF3CDEA083A3A8ECFB770A00AB53712018F2859D8DB3D93C2E4D422CB77A40BB73A5DB807A7
310
0857A5727AC8838BE45965D0D3D5B29CBEEF99145F4E558AC0C3E9C23D922EDC0FD285FBA107E7958EEDE721E98018A3E3AAC64E7F5C166D7ABA81B65C437BB31D766C74A6ED6E1FBC2766B7AFDAD87156F9771BF44A2A724C461AB43EE729AAFB710D63E2111810BBA3ABC9AE6037E09AB9BF3AB40BE8309F8736AB64CAB2
310
BE7E3364E5AC569CA6976081AF5A311628A8EF68C5B3A4609E3E86AC3AA156E3E83562F4B5A292099A878C61EB3B549CF92354989982613F016CE7AD5A4D09AA1F5126387AAD451EE384D9C035A925859E39C1AA865EE9A9B8DA21CEE289167F7CF1D4C4BC7A125EC5AED5D8BB0B5A9D9144D134CFA71BF85A8D44BE568348
310
F6AA55A2F3CAEACF6982FD29118CC249D3CBF852A586F278BA70FBD3853B90085793EDE51E143F0AD06C6B4CB2242BDDBDD1419166C2865E85F9CE1648F3CBF54B2E655D5432557AB8C599EEE6E763403914E55050D879E2BFFA30F366F009F0CB378371CA9B99D05949929DD07465EA8797A3808B6B06B9536E64AF9C844C
310
903AF2F3709D3783A318A078E4F37AEBBCEC2DD1B228B722F785DC2DB9D64C476675A63353CC74E937B1FA39BFA7DB58A6AFC19E49583A4A9B6110A6BA038D3C80418F79D091B18A763C1D8524AA5361F194EC4CC4B23EDBA3192533E95398E41423EB6DCA1C239B4DBF91D13F6D762A6897D7013D496371DC8BECCAA7D45E
310
0C251095ABC98AA38E1B6540CD3DACF829EF15C38D27C2B92DA64A071D13897001094F16523EC1C9E5A99FF465029665AB5B13C49AF8984D174EA40B273D389D33BB29A272F6749622C2719C22AC925104534E7A8CF33714555C6B3CF3BE4BE0AF28994CA9B8353E0F28878DD26D8D2F007FBAAD11BD305CEB4EAB35BE08B8
310
B8D678FEB81BD9134AB6ADF10A644BBEF9C2334A81E4EAA6772450D87DD2AF49C178F020A0EBD3055FF292CC5B8AB3FC4114C86BA708ACDB15F49C43C04EBBE7FCBD0CA8A1CB2AF59CC3897035E1E39713E16AD873FE91085A131FFF19C04DBEDBF8D75406FD3B3A2842E56C8ABE82A171BC3BF89ECB0E0F287926BC7B0450
310
75E4DDA3C09F2EEF56BE2579157071BCBBE7881BD93E255BDE7D04B225A07C61BD5230DE1DBA8C1158736B225E412358525F03747D78F79897E472BCCBAF5BAF2BA0DDE3804E9B765F2F035A65DA3D910857134A7A2311AE52DA8D6E0E9C1341735A873DD47F12A16BE2E99BE9C275792B70532835F1AEDB838B7404B509F7
310
74C449519D9AA19EB28205FF5B08785CE3F9307262735AC933693C270155C7C6730AF8E9359ED3808B6B3CA387DDC6734EC9B6F1C897238DE72006D89713F9C2E58B91C6F3388D608DE70CA0A7DA7866D30F8008DC16BEAA2D26A2AAB848F4108A0CF46D0F54D7A73989E2C56D75B6B8431D2F6EAB64C5CD94644C04869974
310
1626C5B6A280378D1BEE62BCE2C3917700E714386FAA719B1D7E7D464DF7DD444F8317374E8CAA75BEF65E19D0F8F0523EC21D7470DCC60B8CAEF29753FC38EF4760CFDBF99B4673F680D0869F6742513F06849341B61DF57EE3400A02734628D75C0DBC8B68A868B98655ECA330208EA3C6F1B52E3DF1E8849E2433679564
310
431A886148B568E62C4406F75F64308EFD2F9D7039EA6D259B5B2BF91AD8396F72B01004EFC5CD6C88F911E8CCDF849C077E5C64E9488747967101058B73015D99FA9B900B808B63FFB117DCC85E50324556799F2F34BC086EC70CD18A4318C0D9FF2AB6807CDB718046B0A4BE0FE8B4D9FFA207EA504E3D7E65FA014C7226
310
B329B0E8D703AAFEBAA304E869379E693123CD68457958A4FF2F11AE86ECFF6119D078F6E7138AD87FF2370F86D6E1E34789702D76FED2134932CCA824CB8C811832A3160D33426421BD940847AF6F0C11D33DEECB1CFE9B7175D1F926045DE5BD8DBFBDBE9C081764D0049324E6DDB40A8607F34A225C4D16463974B5B836
310
F3B3A32E193EACE499B49986C93A780A6DA631A981D7A6CD34012EAECDFCF23937B23F51B26D337F80CCDBCC36A5C0ECD07DE7E7A7236D663D8D6033A419D0536D33E07F56B8C4CA7C0D48229F9610695A461A0883CE7B494E8DD95B004DF38E8247AB09FE45AC1A52EDAC32A0861DD8DA85D8A76276989D08579353913989
310
700119397510D9BB4CAB9DF096393711B4263ECE4B176E7EBA700B3C389DB3F0B5335AA6A7234288EA142D784A9083AFB414616018456CF64C3293C4CD2F49D3E5A5F0410CEE3E0F2E6A6FEA11580893E29AEE529C2FC11C4DF48D4AA628982DB44A422820F8563073C8F989CF2240392BED74F7768B819FDEDE6E09E0E29A
310
EE0AFA030B3CB273954C91D5916E83CC9BEE074FAB1E6B73B11CFB6CBEB73B4C23589D2D05F4CC9AAE2E4C768646F0614DBB4BD40606BDCC4B726A4DF72640A7DD749797013521AB4ED3C5971C1BF2225712D922FD192CAA82F186C253F467B664EED8B163100EA1787299890C1D4314EEF90B040C236113FD72905624B8F0
310
99FF03A92412CEF64B0000
  0
DICTIONARY
  5
358
330
22
100
AcDbDictionary
280
     1
281
     1
  3
CSD_PLOT_CONFIG
360
359
  0
DICTIONARY
  5
6A8
330
7F
100
AcDbDictionary
280
     1
281
     1
  3
ACAD_ROUNDTRIP_2008_TABLESTYLE_CELLSTYLEMAP
360
6A9
  0
LAYOUTPRINTCONFIG
  5
359
102
{ACAD_REACTORS
330
358
102
}
330
358
100
AcDbEntity
  8
0
160
                 8
310
0800000000000000
100
CAcLayoutPrintConfig
 93
        0
  0
CELLSTYLEMAP
  5
6A9
102
{ACAD_REACTORS
330
6A8
102
}
330
6A8
100
AcDbCellStyleMap
 90
        3
300
CELLSTYLE
  1
TABLEFORMAT_BEGIN
 90
        5
170
     1
 91
        0
 92
    32768
 62
   257
 93
        1
300
CONTENTFORMAT
  1
CONTENTFORMAT_BEGIN
 90
        0
 91
        0
 92
      512
 93
        0
300

 40
0.0
140
1.0
 94
        5
 62
     0
340
11
144
6.0
309
CONTENTFORMAT_END
171
     1
301
MARGIN
  1
CELLMARGIN_BEGIN
 40
1.5
 40
1.5
 40
1.5
 40
1.5
 40
4.5
 40
4.5
309
CELLMARGIN_END
 94
        6
 95
        1
302
GRIDFORMAT
  1
GRIDFORMAT_BEGIN
 90
        0
 91
        1
 62
     0
 92
       -2
340
14
 93
        0
 40
1.125
309
GRIDFORMAT_END
 95
        2
302
GRIDFORMAT
  1
GRIDFORMAT_BEGIN
 90
        0
 91
        1
 62
     0
 92
       -2
340
14
 93
        0
 40
1.125
309
GRIDFORMAT_END
 95
        4
302
GRIDFORMAT
  1
GRIDFORMAT_BEGIN
 90
        0
 91
        1
 62
     0
 92
       -2
340
14
 93
        0
 40
1.125
309
GRIDFORMAT_END
 95
        8
302
GRIDFORMAT
  1
GRIDFORMAT_BEGIN
 90
        0
 91
        1
 62
     0
 92
       -2
340
14
 93
        0
 40
1.125
309
GRIDFORMAT_END
 95
       16
302
GRIDFORMAT
  1
GRIDFORMAT_BEGIN
 90
        0
 91
        1
 62
     0
 92
       -2
340
14
 93
        0
 40
1.125
309
GRIDFORMAT_END
 95
       32
302
GRIDFORMAT
  1
GRIDFORMAT_BEGIN
 90
        0
 91
        1
 62
     0
 92
       -2
340
14
 93
        0
 40
1.125
309
GRIDFORMAT_END
309
TABLEFORMAT_END
  1
CELLSTYLE_BEGIN
 90
        1
 91
        1
300
_TITLE
309
CELLSTYLE_END
300
CELLSTYLE
  1
TABLEFORMAT_BEGIN
 90
        5
170
     1
 91
        0
 92
        0
 62
   257
 93
        1
300
CONTENTFORMAT
  1
CONTENTFORMAT_BEGIN
 90
        0
 91
        0
 92
      512
 93
        0
300

 40
0.0
140
1.0
 94
        5
 62
     0
340
11
144
4.5
309
CONTENTFORMAT_END
171
     1
301
MARGIN
  1
CELLMARGIN_BEGIN
 40
1.5
 40
1.5
 40
1.5
 40
1.5
 40
4.5
 40
4.5
309
CELLMARGIN_END
 94
        6
 95
        1
302
GRIDFORMAT
  1
GRIDFORMAT_BEGIN
 90
        0
 91
        1
 62
     0
 92
       -2
340
14
 93
        0
 40
1.125
309
GRIDFORMAT_END
 95
        2
302
GRIDFORMAT
  1
GRIDFORMAT_BEGIN
 90
        0
 91
        1
 62
     0
 92
       -2
340
14
 93
        0
 40
1.125
309
GRIDFORMAT_END
 95
        4
302
GRIDFORMAT
  1
GRIDFORMAT_BEGIN
 90
        0
 91
        1
 62
     0
 92
       -2
340
14
 93
        0
 40
1.125
309
GRIDFORMAT_END
 95
        8
302
GRIDFORMAT
  1
GRIDFORMAT_BEGIN
 90
        0
 91
        1
 62
     0
 92
       -2
340
14
 93
        0
 40
1.125
309
GRIDFORMAT_END
 95
       16
302
GRIDFORMAT
  1
GRIDFORMAT_BEGIN
 90
        0
 91
        1
 62
     0
 92
       -2
340
14
 93
        0
 40
1.125
309
GRIDFORMAT_END
 95
       32
302
GRIDFORMAT
  1
GRIDFORMAT_BEGIN
 90
        0
 91
        1
 62
     0
 92
       -2
340
14
 93
        0
 40
1.125
309
GRIDFORMAT_END
309
TABLEFORMAT_END
  1
CELLSTYLE_BEGIN
 90
        2
 91
        1
300
_HEADER
309
CELLSTYLE_END
300
CELLSTYLE
  1
TABLEFORMAT_BEGIN
 90
        5
170
     1
 91
        0
 92
        0
 62
   257
 93
        1
300
CONTENTFORMAT
  1
CONTENTFORMAT_BEGIN
 90
        0
 91
        0
 92
      512
 93
        0
300

 40
0.0
140
1.0
 94
        2
 62
     0
340
11
144
4.5
309
CONTENTFORMAT_END
171
     1
301
MARGIN
  1
CELLMARGIN_BEGIN
 40
1.5
 40
1.5
 40
1.5
 40
1.5
 40
4.5
 40
4.5
309
CELLMARGIN_END
 94
        6
 95
        1
302
GRIDFORMAT
  1
GRIDFORMAT_BEGIN
 90
        0
 91
        1
 62
     0
 92
       -2
340
14
 93
        0
 40
1.125
309
GRIDFORMAT_END
 95
        2
302
GRIDFORMAT
  1
GRIDFORMAT_BEGIN
 90
        0
 91
        1
 62
     0
 92
       -2
340
14
 93
        0
 40
1.125
309
GRIDFORMAT_END
 95
        4
302
GRIDFORMAT
  1
GRIDFORMAT_BEGIN
 90
        0
 91
        1
 62
     0
 92
       -2
340
14
 93
        0
 40
1.125
309
GRIDFORMAT_END
 95
        8
302
GRIDFORMAT
  1
GRIDFORMAT_BEGIN
 90
        0
 91
        1
 62
     0
 92
       -2
340
14
 93
        0
 40
1.125
309
GRIDFORMAT_END
 95
       16
302
GRIDFORMAT
  1
GRIDFORMAT_BEGIN
 90
        0
 91
        1
 62
     0
 92
       -2
340
14
 93
        0
 40
1.125
309
GRIDFORMAT_END
 95
       32
302
GRIDFORMAT
  1
GRIDFORMAT_BEGIN
 90
        0
 91
        1
 62
     0
 92
       -2
340
14
 93
        0
 40
1.125
309
GRIDFORMAT_END
309
TABLEFORMAT_END
  1
CELLSTYLE_BEGIN
 90
        3
 91
        2
300
_DATA
309
CELLSTYLE_END
  0
ENDSEC
  0
EOF
