  0
SECTION
  2
HEADER
  9
$ACADVER
  1
AC1027
  9
$ACADMAINTVER
 70
     8
  9
$DWGCODEPAGE
  3
ANSI_1251
  9
$REQUIREDVERSIONS
160
                 0
  9
$LASTSAVEDBY
  1
Autodesk
  9
$INSBASE
 10
0.0
 20
0.0
 30
0.0
  9
$EXTMIN
 10
87.069826
 20
55.474129
 30
0.0
  9
$EXTMAX
 10
109.509422
 20
110.354129
 30
0.0
  9
$LIMMIN
 10
0.0
 20
0.0
  9
$LIMMAX
 10
420.0
 20
297.0
  9
$ORTHOMODE
 70
     0
  9
$REGENMODE
 70
     1
  9
$FILLMODE
 70
     1
  9
$QTEXTMODE
 70
     0
  9
$MIRRTEXT
 70
     0
  9
$LTSCALE
 40
1.0
  9
$ATTMODE
 70
     1
  9
$TEXTSIZE
 40
2.5
  9
$TRACEWID
 40
1.0
  9
$TEXTSTYLE
  7
Standard
  9
$CLAYER
  8
0
  9
$CELTYPE
  6
ByLayer
  9
$CECOLOR
 62
   256
  9
$CELTSCALE
 40
1.0
  9
$DISPSILH
 70
     0
  9
$DIMSCALE
 40
1.0
  9
$DIMASZ
 40
2.5
  9
$DIMEXO
 40
0.5
  9
$DIMDLI
 40
6.0
  9
$DIMRND
 40
0.0
  9
$DIMDLE
 40
0.0
  9
$DIMEXE
 40
0.0
  9
$DIMTP
 40
0.0
  9
$DIMTM
 40
0.0
  9
$DIMTXT
 40
2.5
  9
$DIMCEN
 40
2.5
  9
$DIMTSZ
 40
0.0
  9
$DIMTOL
 70
     0
  9
$DIMLIM
 70
     0
  9
$DIMTIH
 70
     0
  9
$DIMTOH
 70
     1
  9
$DIMSE1
 70
     0
  9
$DIMSE2
 70
     0
  9
$DIMTAD
 70
     0
  9
$DIMZIN
 70
     0
  9
$DIMBLK
  1

  9
$DIMASO
 70
     1
  9
$DIMSHO
 70
     1
  9
$DIMPOST
  1

  9
$DIMAPOST
  1

  9
$DIMALT
 70
     0
  9
$DIMALTD
 70
     2
  9
$DIMALTF
 40
25.4
  9
$DIMLFAC
 40
1.0
  9
$DIMTOFL
 70
     0
  9
$DIMTVP
 40
0.0
  9
$DIMTIX
 70
     0
  9
$DIMSOXD
 70
     0
  9
$DIMSAH
 70
     0
  9
$DIMBLK1
  1

  9
$DIMBLK2
  1

  9
$DIMSTYLE
  2
Standard
  9
$DIMCLRD
 70
     0
  9
$DIMCLRE
 70
     0
  9
$DIMCLRT
 70
     0
  9
$DIMTFAC
 40
1.0
  9
$DIMGAP
 40
1.0
  9
$DIMJUST
 70
     0
  9
$DIMSD1
 70
     0
  9
$DIMSD2
 70
     0
  9
$DIMTOLJ
 70
     1
  9
$DIMTZIN
 70
     0
  9
$DIMALTZ
 70
     0
  9
$DIMALTTZ
 70
     0
  9
$DIMUPT
 70
     0
  9
$DIMDEC
 70
     4
  9
$DIMTDEC
 70
     4
  9
$DIMALTU
 70
     2
  9
$DIMALTTD
 70
     2
  9
$DIMTXSTY
  7
Standard
  9
$DIMAUNIT
 70
     0
  9
$DIMADEC
 70
     0
  9
$DIMALTRND
 40
0.0
  9
$DIMAZIN
 70
     0
  9
$DIMDSEP
 70
    46
  9
$DIMATFIT
 70
     3
  9
$DIMFRAC
 70
     0
  9
$DIMLDRBLK
  1

  9
$DIMLUNIT
 70
     2
  9
$DIMLWD
 70
    -2
  9
$DIMLWE
 70
    -2
  9
$DIMTMOVE
 70
     0
  9
$DIMFXL
 40
1.0
  9
$DIMFXLON
 70
     0
  9
$DIMJOGANG
 40
0.785398
  9
$DIMTFILL
 70
     0
  9
$DIMTFILLCLR
 70
     0
  9
$DIMARCSYM
 70
     0
  9
$DIMLTYPE
  6
ByLayer
  9
$DIMLTEX1
  6
ByLayer
  9
$DIMLTEX2
  6
ByLayer
  9
$DIMTXTDIRECTION
 70
     0
  9
$LUNITS
 70
     2
  9
$LUPREC
 70
     4
  9
$SKETCHINC
 40
1.0
  9
$FILLETRAD
 40
0.0
  9
$AUNITS
 70
     0
  9
$AUPREC
 70
     0
  9
$MENU
  1
.
  9
$ELEVATION
 40
0.0
  9
$PELEVATION
 40
0.0
  9
$THICKNESS
 40
0.0
  9
$LIMCHECK
 70
     0
  9
$CHAMFERA
 40
0.0
  9
$CHAMFERB
 40
0.0
  9
$CHAMFERC
 40
0.0
  9
$CHAMFERD
 40
0.0
  9
$SKPOLY
 70
     0
  9
$TDCREATE
 40
2454082.78338338
  9
$TDUCREATE
 40
2454082.90838338
  9
$TDUPDATE
 40
2461182.433392141
  9
$TDUUPDATE
 40
2461182.558392141
  9
$TDINDWG
 40
0.0105753588
  9
$TDUSRTIMER
 40
0.0105751736
  9
$USRTIMER
 70
     1
  9
$ANGBASE
 50
0.0
  9
$ANGDIR
 70
     0
  9
$PDMODE
 70
     0
  9
$PDSIZE
 40
0.0
  9
$PLINEWID
 40
0.0
  9
$SPLFRAME
 70
     0
  9
$SPLINETYPE
 70
     6
  9
$SPLINESEGS
 70
     8
  9
$HANDSEED
  5
993
  9
$SURFTAB1
 70
     6
  9
$SURFTAB2
 70
     6
  9
$SURFTYPE
 70
     6
  9
$SURFU
 70
     6
  9
$SURFV
 70
     6
  9
$UCSBASE
  2

  9
$UCSNAME
  2

  9
$UCSORG
 10
0.0
 20
0.0
 30
0.0
  9
$UCSXDIR
 10
1.0
 20
0.0
 30
0.0
  9
$UCSYDIR
 10
0.0
 20
1.0
 30
0.0
  9
$UCSORTHOREF
  2

  9
$UCSORTHOVIEW
 70
     0
  9
$UCSORGTOP
 10
0.0
 20
0.0
 30
0.0
  9
$UCSORGBOTTOM
 10
0.0
 20
0.0
 30
0.0
  9
$UCSORGLEFT
 10
0.0
 20
0.0
 30
0.0
  9
$UCSORGRIGHT
 10
0.0
 20
0.0
 30
0.0
  9
$UCSORGFRONT
 10
0.0
 20
0.0
 30
0.0
  9
$UCSORGBACK
 10
0.0
 20
0.0
 30
0.0
  9
$PUCSBASE
  2

  9
$PUCSNAME
  2

  9
$PUCSORG
 10
0.0
 20
0.0
 30
0.0
  9
$PUCSXDIR
 10
1.0
 20
0.0
 30
0.0
  9
$PUCSYDIR
 10
0.0
 20
1.0
 30
0.0
  9
$PUCSORTHOREF
  2

  9
$PUCSORTHOVIEW
 70
     0
  9
$PUCSORGTOP
 10
0.0
 20
0.0
 30
0.0
  9
$PUCSORGBOTTOM
 10
0.0
 20
0.0
 30
0.0
  9
$PUCSORGLEFT
 10
0.0
 20
0.0
 30
0.0
  9
$PUCSORGRIGHT
 10
0.0
 20
0.0
 30
0.0
  9
$PUCSORGFRONT
 10
0.0
 20
0.0
 30
0.0
  9
$PUCSORGBACK
 10
0.0
 20
0.0
 30
0.0
  9
$USERI1
 70
     0
  9
$USERI2
 70
     0
  9
$USERI3
 70
     0
  9
$USERI4
 70
     0
  9
$USERI5
 70
     0
  9
$USERR1
 40
0.0
  9
$USERR2
 40
0.0
  9
$USERR3
 40
0.0
  9
$USERR4
 40
0.0
  9
$USERR5
 40
0.0
  9
$WORLDVIEW
 70
     1
  9
$SHADEDGE
 70
     3
  9
$SHADEDIF
 70
    70
  9
$TILEMODE
 70
     1
  9
$MAXACTVP
 70
    64
  9
$PINSBASE
 10
0.0
 20
0.0
 30
0.0
  9
$PLIMCHECK
 70
     0
  9
$PEXTMIN
 10
0.0
 20
0.0
 30
0.0
  9
$PEXTMAX
 10
0.0
 20
0.0
 30
0.0
  9
$PLIMMIN
 10
-20.0
 20
-7.5
  9
$PLIMMAX
 10
277.0
 20
202.5
  9
$UNITMODE
 70
     0
  9
$VISRETAIN
 70
     1
  9
$PLINEGEN
 70
     0
  9
$PSLTSCALE
 70
     0
  9
$TREEDEPTH
 70
  3020
  9
$CMLSTYLE
  2
Standard
  9
$CMLJUST
 70
     0
  9
$CMLSCALE
 40
20.0
  9
$PROXYGRAPHICS
 70
     1
  9
$MEASUREMENT
 70
     1
  9
$CELWEIGHT
370
    -1
  9
$ENDCAPS
280
     0
  9
$JOINSTYLE
280
     0
  9
$LWDISPLAY
290
     1
  9
$INSUNITS
 70
     4
  9
$HYPERLINKBASE
  1

  9
$STYLESHEET
  1

  9
$XEDIT
290
     1
  9
$CEPSNTYPE
380
     0
  9
$PSTYLEMODE
290
     1
  9
$FINGERPRINTGUID
  2
{78B0F746-B111-4909-95E5-2EF5CBA97683}
  9
$VERSIONGUID
  2
{88884FFE-1838-4093-901C-E4DA6EFB818F}
  9
$EXTNAMES
290
     1
  9
$PSVPSCALE
 40
0.0
  9
$OLESTARTUP
290
     0
  9
$SORTENTS
280
   127
  9
$INDEXCTL
280
     0
  9
$HIDETEXT
280
     1
  9
$XCLIPFRAME
280
     0
  9
$HALOGAP
280
     0
  9
$OBSCOLOR
 70
   257
  9
$OBSLTYPE
280
     0
  9
$INTERSECTIONDISPLAY
280
     0
  9
$INTERSECTIONCOLOR
 70
   257
  9
$DIMASSOC
280
     2
  9
$PROJECTNAME
  1

  9
$CAMERADISPLAY
290
     0
  9
$LENSLENGTH
 40
50.0
  9
$CAMERAHEIGHT
 40
0.0
  9
$STEPSPERSEC
 40
2.0
  9
$STEPSIZE
 40
6.0
  9
$3DDWFPREC
 40
2.0
  9
$PSOLWIDTH
 40
5.0
  9
$PSOLHEIGHT
 40
80.0
  9
$LOFTANG1
 40
1.570796
  9
$LOFTANG2
 40
1.570796
  9
$LOFTMAG1
 40
0.0
  9
$LOFTMAG2
 40
0.0
  9
$LOFTPARAM
 70
     7
  9
$LOFTNORMALS
280
     1
  9
$LATITUDE
 40
37.795
  9
$LONGITUDE
 40
-122.394
  9
$NORTHDIRECTION
 40
0.0
  9
$TIMEZONE
 70
 -8000
  9
$LIGHTGLYPHDISPLAY
280
     1
  9
$TILEMODELIGHTSYNCH
280
     1
  9
$CMATERIAL
347
EC
  9
$SOLIDHIST
280
     1
  9
$SHOWHIST
280
     1
  9
$DWFFRAME
280
     2
  9
$DGNFRAME
280
     0
  9
$REALWORLDSCALE
290
     1
  9
$INTERFERECOLOR
 62
     1
  9
$CSHADOW
280
     0
  9
$SHADOWPLANELOCATION
 40
0.0
  0
ENDSEC
  0
SECTION
  2
CLASSES
  0
CLASS
  1
ACDBDICTIONARYWDFLT
  2
AcDbDictionaryWithDefault
  3
ObjectDBX Classes
 90
        0
 91
       19
280
     0
281
     0
  0
CLASS
  1
ACDBPLACEHOLDER
  2
AcDbPlaceHolder
  3
ObjectDBX Classes
 90
        0
 91
        1
280
     0
281
     0
  0
CLASS
  1
LAYOUT
  2
AcDbLayout
  3
ObjectDBX Classes
 90
        0
 91
        1
280
     0
281
     0
  0
CLASS
  1
DICTIONARYVAR
  2
AcDbDictionaryVar
  3
ObjectDBX Classes
 90
        0
 91
       15
280
     0
281
     0
  0
CLASS
  1
TABLESTYLE
  2
AcDbTableStyle
  3
ObjectDBX Classes
 90
     4095
 91
       15
280
     0
281
     0
  0
CLASS
  1
MATERIAL
  2
AcDbMaterial
  3
ObjectDBX Classes
 90
     1153
 91
       18
280
     0
281
     0
  0
CLASS
  1
VISUALSTYLE
  2
AcDbVisualStyle
  3
ObjectDBX Classes
 90
     4095
 91
       17
280
     0
281
     0
  0
CLASS
  1
SCALE
  2
AcDbScale
  3
ObjectDBX Classes
 90
     1153
 91
       18
280
     0
281
     0
  0
CLASS
  1
MLEADERSTYLE
  2
AcDbMLeaderStyle
  3
ACDB_MLEADERSTYLE_CLASS
 90
     4095
 91
       14
280
     0
281
     0
  0
CLASS
  1
CELLSTYLEMAP
  2
AcDbCellStyleMap
  3
ObjectDBX Classes
 90
     1152
 91
       14
280
     0
281
     0
  0
CLASS
  1
EXACXREFPANELOBJECT
  2
ExAcXREFPanelObject
  3
EXAC_ESW
 90
     1025
 91
        1
280
     1
281
     0
  0
CLASS
  1
NPOCOLLECTION
  2
AcDbImpNonPersistentObjectsCollection
  3
ObjectDBX Classes
 90
     1153
 91
        1
280
     1
281
     0
  0
CLASS
  1
LAYER_INDEX
  2
AcDbLayerIndex
  3
ObjectDBX Classes
 90
        0
 91
       14
280
     0
281
     0
  0
CLASS
  1
SPATIAL_INDEX
  2
AcDbSpatialIndex
  3
AutoCAD 2000
 90
        0
 91
       14
280
     0
281
     0
  0
CLASS
  1
IDBUFFER
  2
AcDbIdBuffer
  3
ObjectDBX Classes
 90
        0
 91
       14
280
     0
281
     0
  0
CLASS
  1
Wall
  2
PtDbWall
  3
NanoSPDS
 90
      893
 91
        1
280
     1
281
     1
  0
CLASS
  1
SORTENTSTABLE
  2
AcDbSortentsTable
  3
ObjectDBX Classes
 90
        0
 91
       15
280
     0
281
     0
  0
CLASS
  1
Format
  2
mcsDbObjectFormat
  3
NanoSPDS
 90
      893
 91
        1
280
     1
281
     1
  0
CLASS
  1
NOTEPOSITION
  2
mcsDbObjectNotePosition
  3
NanoSPDS
 90
      893
 91
       11
280
     0
281
     1
  0
CLASS
  1
mcsDbObject
  2
mcsDbObject
  3
NanoSPDS
 90
      893
 91
       28
280
     0
281
     1
  0
CLASS
  1
McDbContainer2
  2
McDbContainer2
  3
NanoSPDS
 90
      893
 91
       12
280
     0
281
     0
  0
CLASS
  1
spdsLevelMark
  2
mcsDbObjectLevelMark
  3
NanoSPDS
 90
      893
 91
        1
280
     1
281
     1
  0
CLASS
  1
spdsRelationMark
  2
mcsDbObjectRelationMark
  3
NanoSPDS
 90
      893
 91
        1
280
     1
281
     1
  0
CLASS
  1
LAYOUTPRINTCONFIG
  2
CAcLayoutPrintConfig
  3
"CSD_APP"
 90
     4095
 91
       13
280
     0
281
     1
  0
CLASS
  1
SUN
  2
AcDbSun
  3
SCENEOE
 90
     1153
 91
       18
280
     0
281
     0
  0
CLASS
  1
ACDB_BLOCKREPRESENTATION_DATA
  2
AcDbBlockRepresentationData
  3
ObjectDBX Classes
 90
     1153
 91
       11
280
     0
281
     0
  0
CLASS
  1
ACAD_EVALUATION_GRAPH
  2
AcDbEvalGraph
  3
ObjectDBX Classes
 90
     1153
 91
       10
280
     0
281
     0
  0
CLASS
  1
ACDB_DYNAMICBLOCKPURGEPREVENTER_VERSION
  2
AcDbDynamicBlockPurgePreventer
  3
ObjectDBX Classes
 90
     1153
 91
       10
280
     0
281
     0
  0
CLASS
  1
DIMASSOC
  2
AcDbDimAssoc
  3
"AcDbDimAssoc|Product Desc:     AcDim ARX App For Dimension|Company:          Autodesk, Inc.|WEB Address:      www.autodesk.com"
 90
        0
 91
       10
280
     0
281
     0
  0
ENDSEC
  0
SECTION
  2
TABLES
  0
TABLE
  2
VPORT
  5
8
330
0
100
AcDbSymbolTable
 70
     1
  0
VPORT
  5
EA
330
8
100
AcDbSymbolTableRecord
100
AcDbViewportTableRecord
  2
*Active
 70
     0
 10
0.0
 20
0.0
 11
1.0
 21
1.0
 12
-110.230955
 22
-45.841117
 13
0.0
 23
0.0
 14
10.0
 24
10.0
 15
10.0
 25
10.0
 16
0.0
 26
0.0
 36
1.0
 17
210.0
 27
148.5
 37
0.0
 40
55.9776
 41
2.554196
 42
50.0
 43
0.0
 44
0.0
 50
0.0
 51
0.0
 71
    16
 72
  1000
 73
     1
 74
     3
 75
     0
 76
     0
 77
     0
 78
     0
281
     0
 65
     1
110
0.0
120
0.0
130
0.0
111
1.0
121
0.0
131
0.0
112
0.0
122
1.0
132
0.0
 79
     0
146
0.0
 60
     2
 61
     5
292
     1
282
     1
141
0.0
142
0.0
 63
   250
421
  3355443
361
364
  0
ENDTAB
  0
TABLE
  2
LTYPE
  5
5
330
0
100
AcDbSymbolTable
 70
     6
  0
LTYPE
  5
14
330
5
100
AcDbSymbolTableRecord
100
AcDbLinetypeTableRecord
  2
ByBlock
 70
     0
  3

 72
    65
 73
     0
 40
0.0
  0
LTYPE
  5
15
330
5
100
AcDbSymbolTableRecord
100
AcDbLinetypeTableRecord
  2
ByLayer
 70
     0
  3

 72
    65
 73
     0
 40
0.0
  0
LTYPE
  5
16
330
5
100
AcDbSymbolTableRecord
100
AcDbLinetypeTableRecord
  2
Continuous
 70
     0
  3
Solid line
 72
    65
 73
     0
 40
0.0
  0
LTYPE
  5
36D
330
5
100
AcDbSymbolTableRecord
100
AcDbLinetypeTableRecord
  2
ACAD_ISO10W100
 70
     0
  3
ISO dash dot __ . __ . __ . __ . __ . __ . __ .
 72
    65
 73
     4
 40
18.0
 49
12.0
 74
     0
 49
-3.0
 74
     0
 49
0.0
 74
     0
 49
-3.0
 74
     0
  0
LTYPE
  5
370
330
5
100
AcDbSymbolTableRecord
100
AcDbLinetypeTableRecord
  2
CONTINUA
 70
     0
  3
Linea ininterrumpida
 72
    65
 73
     0
 40
0.0
  0
LTYPE
  5
373
330
5
100
AcDbSymbolTableRecord
100
AcDbLinetypeTableRecord
  2
DASHED2
 70
     0
  3
_ _ _ _ _ _ _ _ _ _ _ _ _ _ _ _ _ _ _ _ _ _ _ _
 72
    65
 73
     2
 40
0.375
 49
0.25
 74
     0
 49
-0.125
 74
     0
  0
LTYPE
  5
374
330
5
100
AcDbSymbolTableRecord
100
AcDbLinetypeTableRecord
  2
CENTER
 70
     0
  3
____ _ ____ _ ____ _ ____ _ ____ _ ____ _ ____ 
 72
    65
 73
     4
 40
2.0
 49
1.25
 74
     0
 49
-0.25
 74
     0
 49
0.25
 74
     0
 49
-0.25
 74
     0
  0
LTYPE
  5
375
330
5
100
AcDbSymbolTableRecord
100
AcDbLinetypeTableRecord
  2
HIDDEN2
 70
     0
  3
Hidden (.5x) _ _ _ _ _ _ _ _ _ _ _ _ _ _ _ _ _
 72
    65
 73
     2
 40
0.1875
 49
0.125
 74
     0
 49
-0.0625
 74
     0
  0
ENDTAB
  0
TABLE
  2
LAYER
  5
2
102
{ACAD_XDICTIONARY
360
98B
102
}
330
0
100
AcDbSymbolTable
 70
    10
  0
LAYER
  5
10
330
2
100
AcDbSymbolTableRecord
100
AcDbLayerTableRecord
  2
0
 70
     0
 62
     7
  6
Continuous
370
    -3
390
F
347
EE
348
0
  0
LAYER
  5
22D
330
2
100
AcDbSymbolTableRecord
100
AcDbLayerTableRecord
  2
Defpoints
 70
     0
 62
    -7
  6
Continuous
290
     0
370
    -3
390
F
347
EE
348
0
  0
LAYER
  5
366
330
2
100
AcDbSymbolTableRecord
100
AcDbLayerTableRecord
  2
PLANTA
 70
     0
 62
     7
  6
Continuous
370
    -3
390
F
347
EE
348
0
  0
LAYER
  5
368
330
2
100
AcDbSymbolTableRecord
100
AcDbLayerTableRecord
  2
Hormigon
 70
     0
 62
    94
  6
Continuous
370
    -3
390
F
347
EE
348
0
1001
AcAecLayerStandard
1000

1000

  0
LAYER
  5
36A
330
2
100
AcDbSymbolTableRecord
100
AcDbLayerTableRecord
  2
EJES
 70
     0
 62
    -3
  6
Continuous
370
    -3
390
F
347
EE
348
0
  0
LAYER
  5
36B
330
2
100
AcDbSymbolTableRecord
100
AcDbLayerTableRecord
  2
EST-MADERA
 70
     0
 62
   -30
  6
Continuous
370
    -3
390
F
347
EE
348
0
  0
LAYER
  5
36C
330
2
100
AcDbSymbolTableRecord
100
AcDbLayerTableRecord
  2
EJE MEDIANEROS
 70
     0
 62
     6
  6
ACAD_ISO10W100
370
    -3
390
F
347
EE
348
0
1001
AcAecLayerStandard
1000

1000

  0
LAYER
  5
36E
330
2
100
AcDbSymbolTableRecord
100
AcDbLayerTableRecord
  2
Estanterias
 70
     0
 62
   170
  6
Continuous
370
    -3
390
F
347
EE
348
0
1001
AcAecLayerStandard
1000

1000

  0
LAYER
  5
36F
330
2
100
AcDbSymbolTableRecord
100
AcDbLayerTableRecord
  2
MUEBLES
 70
     0
 62
   252
  6
CONTINUA
370
    -3
390
F
347
EE
348
0
1001
AcAecLayerStandard
1000

1000

  0
LAYER
  5
371
330
2
100
AcDbSymbolTableRecord
100
AcDbLayerTableRecord
  2
Carpinteria
 70
     0
 62
     1
  6
Continuous
370
    -3
390
F
347
EE
348
0
1001
AcAecLayerStandard
1000

1000

1001
AcCmTransparency
1071
        0
  0
ENDTAB
  0
TABLE
  2
STYLE
  5
3
330
0
100
AcDbSymbolTable
 70
     5
  0
STYLE
  5
11
330
3
100
AcDbSymbolTableRecord
100
AcDbTextStyleTableRecord
  2
Standard
 70
     0
 40
0.0
 41
1.0
 50
0.0
 71
     0
 42
2.5
  3
txt.shx
  4

  0
STYLE
  5
1E3
330
3
100
AcDbSymbolTableRecord
100
AcDbTextStyleTableRecord
  2

 70
     1
 40
0.0
 41
1.0
 50
0.0
 71
     0
 42
0.2
  3
GOST 2.303-68.shx
  4

  0
STYLE
  5
379
330
3
100
AcDbSymbolTableRecord
100
AcDbTextStyleTableRecord
  2
COTA
 70
     0
 40
0.16
 41
1.0
 50
0.0
 71
     0
 42
2.5
  3
romans.shx
  4

  0
STYLE
  5
382
330
3
100
AcDbSymbolTableRecord
100
AcDbTextStyleTableRecord
  2
ROMANS3
 70
     0
 40
0.25
 41
1.15
 50
12.0
 71
     0
 42
2.5
  3
romans.shx
  4

  0
ENDTAB
  0
TABLE
  2
VIEW
  5
6
330
0
100
AcDbSymbolTable
 70
     0
  0
ENDTAB
  0
TABLE
  2
UCS
  5
7
330
0
100
AcDbSymbolTable
 70
     0
  0
ENDTAB
  0
TABLE
  2
APPID
  5
9
330
0
100
AcDbSymbolTable
 70
    22
  0
APPID
  5
12
330
9
100
AcDbSymbolTableRecord
100
AcDbRegAppTableRecord
  2
ACAD
 70
     0
  0
APPID
  5
9E
330
9
100
AcDbSymbolTableRecord
100
AcDbRegAppTableRecord
  2
ACAD_PSEXT
 70
     0
  0
APPID
  5
133
330
9
100
AcDbSymbolTableRecord
100
AcDbRegAppTableRecord
  2
AcadAnnoPO
 70
     0
  0
APPID
  5
134
330
9
100
AcDbSymbolTableRecord
100
AcDbRegAppTableRecord
  2
AcadAnnotative
 70
     0
  0
APPID
  5
135
330
9
100
AcDbSymbolTableRecord
100
AcDbRegAppTableRecord
  2
ACAD_DSTYLE_DIMJAG
 70
     0
  0
APPID
  5
136
330
9
100
AcDbSymbolTableRecord
100
AcDbRegAppTableRecord
  2
ACAD_DSTYLE_DIMTALN
 70
     0
  0
APPID
  5
165
330
9
100
AcDbSymbolTableRecord
100
AcDbRegAppTableRecord
  2
ACAD_MLEADERVER
 70
     0
  0
APPID
  5
1E1
330
9
100
AcDbSymbolTableRecord
100
AcDbRegAppTableRecord
  2
MCS_DIM1
 70
     0
  0
APPID
  5
1E2
330
9
100
AcDbSymbolTableRecord
100
AcDbRegAppTableRecord
  2
McsXdata5
 70
     0
  0
APPID
  5
209
330
9
100
AcDbSymbolTableRecord
100
AcDbRegAppTableRecord
  2
MCS_PARAMS_DATA
 70
     0
  0
APPID
  5
20C
330
9
100
AcDbSymbolTableRecord
100
AcDbRegAppTableRecord
  2
MCS_PARAMS_HIDDEN_DATA
 70
     0
  0
APPID
  5
34D
330
9
100
AcDbSymbolTableRecord
100
AcDbRegAppTableRecord
  2
MCS_DOCUMENT_ID
 70
     0
  0
APPID
  5
353
330
9
100
AcDbSymbolTableRecord
100
AcDbRegAppTableRecord
  2
McSubentIdentification
 70
     0
  0
APPID
  5
355
330
9
100
AcDbSymbolTableRecord
100
AcDbRegAppTableRecord
  2
MC_VERSION_DATA
 70
     0
  0
APPID
  5
369
330
9
100
AcDbSymbolTableRecord
100
AcDbRegAppTableRecord
  2
AcAecLayerStandard
 70
     0
  0
APPID
  5
372
330
9
100
AcDbSymbolTableRecord
100
AcDbRegAppTableRecord
  2
AcCmTransparency
 70
     0
  0
APPID
  5
37B
330
9
100
AcDbSymbolTableRecord
100
AcDbRegAppTableRecord
  2
AcDbDynamicBlockGUID
 70
     0
  0
APPID
  5
37C
330
9
100
AcDbSymbolTableRecord
100
AcDbRegAppTableRecord
  2
AcDbBlockRepETag
 70
     0
  0
APPID
  5
37D
330
9
100
AcDbSymbolTableRecord
100
AcDbRegAppTableRecord
  2
ACAUTHENVIRON
 70
     0
  0
APPID
  5
37E
330
9
100
AcDbSymbolTableRecord
100
AcDbRegAppTableRecord
  2
AcDbDynamicBlockTrueName
 70
     0
  0
APPID
  5
37F
330
9
100
AcDbSymbolTableRecord
100
AcDbRegAppTableRecord
  2
AcDbBlockRepBTag
 70
     0
  0
APPID
  5
381
330
9
100
AcDbSymbolTableRecord
100
AcDbRegAppTableRecord
  2
ACAD_OBJECT_CHANGE_GUID
 70
     0
  0
ENDTAB
  0
TABLE
  2
DIMSTYLE
  5
A
330
0
100
AcDbSymbolTable
 70
     2
100
AcDbDimStyleTable
  0
DIMSTYLE
105
1B0
330
A
100
AcDbSymbolTableRecord
100
AcDbDimStyleTableRecord
  2
Standard
 70
     0
 40
100.0
 41
2.5
 42
0.5
 43
6.0
 44
0.0
 50
45.000001
 73
     0
140
2.5
141
2.5
143
25.4
147
1.0
178
     0
340
11
345
15
346
15
347
15
  0
DIMSTYLE
105
378
330
A
100
AcDbSymbolTableRecord
100
AcDbDimStyleTableRecord
  2
TOTI
 70
     0
 40
0.0
 42
0.0
 43
0.0
 44
0.05
 90
        1
 73
     0
140
0.3
147
0.005
172
     1
176
     1
177
     1
271
     2
178
     3
271
     2
272
     2
275
     1
279
     2
289
     2
340
379
  0
ENDTAB
  0
TABLE
  2
BLOCK_RECORD
  5
1
330
0
100
AcDbSymbolTable
 70
    36
  0
BLOCK_RECORD
  5
1F
102
{ACAD_XDICTIONARY
360
234
102
}
330
1
100
AcDbSymbolTableRecord
100
AcDbBlockTableRecord
  2
*Model_Space
340
22
 70
     0
280
     1
281
     0
  0
BLOCK_RECORD
  5
D6
330
1
100
AcDbSymbolTableRecord
100
AcDbBlockTableRecord
  2
*Paper_Space
340
D7
 70
     0
280
     1
281
     0
  0
BLOCK_RECORD
  5
21A
330
1
100
AcDbSymbolTableRecord
100
AcDbBlockTableRecord
  2
*Paper_Space0
340
21B
 70
     0
280
     1
281
     0
  0
BLOCK_RECORD
  5
1EC
330
1
100
AcDbSymbolTableRecord
100
AcDbBlockTableRecord
  2
_ARCHTICK
340
0
 70
     0
280
     1
281
     0
  0
BLOCK_RECORD
  5
1F4
330
1
100
AcDbSymbolTableRecord
100
AcDbBlockTableRecord
  2
_OPEN30
340
0
 70
     0
280
     1
281
     0
  0
BLOCK_RECORD
  5
1FC
330
1
100
AcDbSymbolTableRecord
100
AcDbBlockTableRecord
  2
_DOT
340
0
 70
     0
280
     1
281
     0
  0
BLOCK_RECORD
  5
224
330
1
100
AcDbSymbolTableRecord
100
AcDbBlockTableRecord
  2
*Paper_Space4
340
225
 70
     0
280
     1
281
     0
  0
BLOCK_RECORD
  5
D2
330
1
100
AcDbSymbolTableRecord
100
AcDbBlockTableRecord
  2
*Paper_Space5
340
D3
 70
     0
280
     1
281
     0
  0
BLOCK_RECORD
  5
21F
330
1
100
AcDbSymbolTableRecord
100
AcDbBlockTableRecord
  2
*Paper_Space6
340
220
 70
     0
280
     1
281
     0
  0
BLOCK_RECORD
  5
210
330
1
100
AcDbSymbolTableRecord
100
AcDbBlockTableRecord
  2
*Paper_Space7
340
211
 70
     0
280
     1
281
     0
  0
BLOCK_RECORD
  5
215
330
1
100
AcDbSymbolTableRecord
100
AcDbBlockTableRecord
  2
*Paper_Space8
340
216
 70
     0
280
     1
281
     0
  0
BLOCK_RECORD
  5
3A1
330
1
100
AcDbSymbolTableRecord
100
AcDbBlockTableRecord
  2
A$C5AA56A8C
340
0
102
{BLKREFS
331
7C5
331
7C6
331
3A0
331
900
331
901
331
962
331
963
331
964
331
965
331
966
331
967
102
}
 70
     0
280
     1
281
     0
  0
BLOCK_RECORD
  5
474
102
{ACAD_XDICTIONARY
360
475
102
}
330
1
100
AcDbSymbolTableRecord
100
AcDbBlockTableRecord
  2
A$C2B9F50F0
340
0
102
{BLKREFS
331
473
102
}
 70
     4
280
     1
281
     0
1001
ACAD
1000
DesignCenter Data
1002
{
1070
     1
1070
     4
1002
}
  0
BLOCK_RECORD
  5
49E
102
{ACAD_XDICTIONARY
360
49F
102
}
330
1
100
AcDbSymbolTableRecord
100
AcDbBlockTableRecord
  2
A$C70672ED6
340
0
102
{BLKREFS
331
49D
331
4A7
331
4A8
102
}
 70
     4
280
     1
281
     0
1001
ACAD
1000
DesignCenter Data
1002
{
1070
     1
1070
     4
1002
}
  0
BLOCK_RECORD
  5
4AA
102
{ACAD_XDICTIONARY
360
4AB
102
}
330
1
100
AcDbSymbolTableRecord
100
AcDbBlockTableRecord
  2
A$C4EFF447F
340
0
102
{BLKREFS
331
4A9
102
}
 70
     0
280
     1
281
     0
  0
BLOCK_RECORD
  5
4AF
330
1
100
AcDbSymbolTableRecord
100
AcDbBlockTableRecord
  2
col-madera 2020
340
0
102
{BLKREFS
331
4AE
331
4AE
331
4AE
102
}
 70
     0
280
     1
281
     0
  0
BLOCK_RECORD
  5
4B8
330
1
100
AcDbSymbolTableRecord
100
AcDbBlockTableRecord
  2
*D14
340
0
 70
     0
280
     1
281
     0
  0
BLOCK_RECORD
  5
4CA
330
1
100
AcDbSymbolTableRecord
100
AcDbBlockTableRecord
  2
*D15
340
0
 70
     0
280
     1
281
     0
  0
BLOCK_RECORD
  5
4D8
330
1
100
AcDbSymbolTableRecord
100
AcDbBlockTableRecord
  2
*D16
340
0
 70
     0
280
     1
281
     0
  0
BLOCK_RECORD
  5
4E6
330
1
100
AcDbSymbolTableRecord
100
AcDbBlockTableRecord
  2
*D17
340
0
 70
     0
280
     1
281
     0
  0
BLOCK_RECORD
  5
4F4
330
1
100
AcDbSymbolTableRecord
100
AcDbBlockTableRecord
  2
*D18
340
0
 70
     0
280
     1
281
     0
  0
BLOCK_RECORD
  5
53C
102
{ACAD_XDICTIONARY
360
53D
102
}
330
1
100
AcDbSymbolTableRecord
100
AcDbBlockTableRecord
  2
A$C32ED78C8
340
0
102
{BLKREFS
331
53A
102
}
 70
     4
280
     1
281
     0
1001
AcDbDynamicBlockGUID
1000
{ED1030B4-C39C-4404-B624-335795BAE4B1}
1001
AcDbBlockRepETag
1070
     1
1071
       73
1001
ACAD
1000
DesignCenter Data
1002
{
1070
     1
1070
     4
1002
}
  0
BLOCK_RECORD
  5
545
102
{ACAD_XDICTIONARY
360
546
102
}
330
1
100
AcDbSymbolTableRecord
100
AcDbBlockTableRecord
  2
VIGA
340
0
310
2800000020000000200000000100080000000000000400000000000000000000000000000000000000000000000080000080000000808000800000008000800080800000C0C0C000C0DCC000F0CAA6000020400000206000002080000020A0000020C0000020E00000400000004020000040400000406000004080000040A0
310
000040C0000040E00000600000006020000060400000606000006080000060A0000060C0000060E00000800000008020000080400000806000008080000080A0000080C0000080E00000A0000000A0200000A0400000A0600000A0800000A0A00000A0C00000A0E00000C0000000C0200000C0400000C0600000C0800000C0
310
A00000C0C00000C0E00000E0000000E0200000E0400000E0600000E0800000E0A00000E0C00000E0E00040000000400020004000400040006000400080004000A0004000C0004000E00040200000402020004020400040206000402080004020A0004020C0004020E000404000004040200040404000404060004040800040
310
40A0004040C0004040E00040600000406020004060400040606000406080004060A0004060C0004060E00040800000408020004080400040806000408080004080A0004080C0004080E00040A0000040A0200040A0400040A0600040A0800040A0A00040A0C00040A0E00040C0000040C0200040C0400040C0600040C08000
310
40C0A00040C0C00040C0E00040E0000040E0200040E0400040E0600040E0800040E0A00040E0C00040E0E00080000000800020008000400080006000800080008000A0008000C0008000E00080200000802020008020400080206000802080008020A0008020C0008020E00080400000804020008040400080406000804080
310
008040A0008040C0008040E00080600000806020008060400080606000806080008060A0008060C0008060E00080800000808020008080400080806000808080008080A0008080C0008080E00080A0000080A0200080A0400080A0600080A0800080A0A00080A0C00080A0E00080C0000080C0200080C0400080C0600080C0
310
800080C0A00080C0C00080C0E00080E0000080E0200080E0400080E0600080E0800080E0A00080E0C00080E0E000C0000000C0002000C0004000C0006000C0008000C000A000C000C000C000E000C0200000C0202000C0204000C0206000C0208000C020A000C020C000C020E000C0400000C0402000C0404000C0406000C0
310
408000C040A000C040C000C040E000C0600000C0602000C0604000C0606000C0608000C060A000C060C000C060E000C0800000C0802000C0804000C0806000C0808000C080A000C080C000C080E000C0A00000C0A02000C0A04000C0A06000C0A08000C0A0A000C0A0C000C0A0E000C0C00000C0C02000C0C04000C0C06000
310
C0C08000C0C0A000F0FBFF00A4A0A000808080000000FF0000FF000000FFFF00FF000000FF00FF00FFFF0000FFFFFF00000000000000000000000000000000000000000000000000000000000000000000000000000000000000FFFFFFFF00000000FFFFFFFF0000000000000000000000000000000000000000FFFFFFFF00
310
000000FFFFFFFF0000000000000000000000000000000000000000FF00000000000000000000FF0000000000000000000000000000000000000000FF00000000000000000000FF0000000000000000000000000000000000000000FF00000000000000000000FF000000000000000000000000000000000000000000000000
310
00000000000000000000000000000000000000000000000000000000000000000000000000000000000000000000000000000000000000000000000000000000000000000000000000000000000000000000000000000000000000000000000000000000000000000000000000000000000000000000000000000000000000
310
00000000000000000000000000000000000000000000000000000000000000000000000000000000000000000000000000000000000000000000000000000000000000000000000000000000000000000000000000000000000000000000000000000000000000000000000000000000000000000000000000000000000000
310
00000000000000000000000000000000000000000000000000000000000000000000000000000000000000000000000000000000000000000000000000000000000000000000000000000000000000000000000000000000000000000000000000000000000000000000000000000000000000000000000000000000000000
310
00000000000000000000000000000000000000000000000000000000000000000000000000000000000000000000000000000000000000000000000000000000000000000000000000000000000000000000000000000000000000000000000000000000000000000000000000000000000000000000000000000000000000
310
00000000000000000000000000000000000000000000000000000000000000000000000000000000000000000000000000000000000000000000000000000000000000000000000000000000000000000000000000000000000000000000000000000000000000000000000000000000000000000000000000000000000000
310
00FF00000000000000000000FF0000000000000000000000000000000000000000FF00000000000000000000FF0000000000000000000000000000000000000000FF00000000000000000000FF0000000000000000000000000000000000000000FFFFFFFF00000000FFFFFFFF000000000000000000000000000000000000
310
0000FFFFFFFF00000000FFFFFFFF000000000000000000000000000000000000000000000000000000000000000000000000000000000000
102
{BLKREFS
331
544
331
5A2
331
5F2
331
642
331
696
331
6E4
331
544
331
544
102
}
 70
     4
280
     1
281
     1
1001
AcDbDynamicBlockGUID
1000
{D3E32242-AE84-4300-8D60-FBF86821785E}
1001
AcDbBlockRepETag
1070
     1
1071
        8
1001
ACAD
1000
DesignCenter Data
1002
{
1070
     1
1070
     4
1002
}
  0
BLOCK_RECORD
  5
59A
102
{ACAD_XDICTIONARY
360
59B
102
}
330
1
100
AcDbSymbolTableRecord
100
AcDbBlockTableRecord
  2
A$C0B4364DB
340
0
102
{BLKREFS
331
598
331
748
331
765
331
767
331
769
331
76B
331
76D
331
76F
331
771
102
}
 70
     4
280
     1
281
     0
1001
AcDbDynamicBlockGUID
1000
{363729F3-A698-4340-9882-AC3B014F26C4}
1001
AcDbBlockRepETag
1070
     1
1071
       73
1001
ACAD
1000
DesignCenter Data
1002
{
1070
     1
1070
     4
1002
}
  0
BLOCK_RECORD
  5
5EA
102
{ACAD_XDICTIONARY
360
5EB
102
}
330
1
100
AcDbSymbolTableRecord
100
AcDbBlockTableRecord
  2
A$C6BA06BDB
340
0
102
{BLKREFS
331
5E8
102
}
 70
     4
280
     1
281
     0
1001
AcDbDynamicBlockGUID
1000
{FD8905EB-B885-430A-9F39-720A7DBA94AF}
1001
AcDbBlockRepETag
1070
     1
1071
       73
1001
ACAD
1000
DesignCenter Data
1002
{
1070
     1
1070
     4
1002
}
  0
BLOCK_RECORD
  5
63A
102
{ACAD_XDICTIONARY
360
63B
102
}
330
1
100
AcDbSymbolTableRecord
100
AcDbBlockTableRecord
  2
A$C1A5E3EEB
340
0
102
{BLKREFS
331
638
102
}
 70
     4
280
     1
281
     0
1001
AcDbDynamicBlockGUID
1000
{2928FDDD-8DE5-4C6E-AFF1-DB3EB4AAB4D7}
1001
AcDbBlockRepETag
1070
     1
1071
       73
1001
ACAD
1000
DesignCenter Data
1002
{
1070
     1
1070
     4
1002
}
  0
BLOCK_RECORD
  5
6DC
102
{ACAD_XDICTIONARY
360
6DD
102
}
330
1
100
AcDbSymbolTableRecord
100
AcDbBlockTableRecord
  2
*U24
340
0
102
{BLKREFS
331
688
102
}
 70
     0
280
     1
281
     0
1001
AcDbBlockRepBTag
1070
     1
1005
68C
  0
BLOCK_RECORD
  5
68C
102
{ACAD_XDICTIONARY
360
68D
102
}
330
1
100
AcDbSymbolTableRecord
100
AcDbBlockTableRecord
  2
A$C1D87127D
340
0
 70
     4
280
     1
281
     0
1001
ACAUTHENVIRON
1005
0
1001
AcDbBlockRepETag
1070
     1
1071
       73
1001
AcDbDynamicBlockTrueName
1000
A$C1D87127D
1001
AcDbDynamicBlockGUID
1000
{7FB41554-568A-4C22-838F-013E7AC1ABC5}
1001
ACAD
1000
DesignCenter Data
1002
{
1070
     1
1070
     4
1002
}
  0
BLOCK_RECORD
  5
73B
330
1
100
AcDbSymbolTableRecord
100
AcDbBlockTableRecord
  2
*D26
340
0
 70
     0
280
     1
281
     0
  0
BLOCK_RECORD
  5
756
330
1
100
AcDbSymbolTableRecord
100
AcDbBlockTableRecord
  2
*D27
340
0
 70
     0
280
     1
281
     0
  0
BLOCK_RECORD
  5
7DA
102
{ACAD_XDICTIONARY
360
7DB
102
}
330
1
100
AcDbSymbolTableRecord
100
AcDbBlockTableRecord
  2
A$C72337FE4
340
0
310
2800000020000000200000000100080000000000000400000000000000000000000000000000000000000000000080000080000000808000800000008000800080800000C0C0C000C0DCC000F0CAA6000020400000206000002080000020A0000020C0000020E00000400000004020000040400000406000004080000040A0
310
000040C0000040E00000600000006020000060400000606000006080000060A0000060C0000060E00000800000008020000080400000806000008080000080A0000080C0000080E00000A0000000A0200000A0400000A0600000A0800000A0A00000A0C00000A0E00000C0000000C0200000C0400000C0600000C0800000C0
310
A00000C0C00000C0E00000E0000000E0200000E0400000E0600000E0800000E0A00000E0C00000E0E00040000000400020004000400040006000400080004000A0004000C0004000E00040200000402020004020400040206000402080004020A0004020C0004020E000404000004040200040404000404060004040800040
310
40A0004040C0004040E00040600000406020004060400040606000406080004060A0004060C0004060E00040800000408020004080400040806000408080004080A0004080C0004080E00040A0000040A0200040A0400040A0600040A0800040A0A00040A0C00040A0E00040C0000040C0200040C0400040C0600040C08000
310
40C0A00040C0C00040C0E00040E0000040E0200040E0400040E0600040E0800040E0A00040E0C00040E0E00080000000800020008000400080006000800080008000A0008000C0008000E00080200000802020008020400080206000802080008020A0008020C0008020E00080400000804020008040400080406000804080
310
008040A0008040C0008040E00080600000806020008060400080606000806080008060A0008060C0008060E00080800000808020008080400080806000808080008080A0008080C0008080E00080A0000080A0200080A0400080A0600080A0800080A0A00080A0C00080A0E00080C0000080C0200080C0400080C0600080C0
310
800080C0A00080C0C00080C0E00080E0000080E0200080E0400080E0600080E0800080E0A00080E0C00080E0E000C0000000C0002000C0004000C0006000C0008000C000A000C000C000C000E000C0200000C0202000C0204000C0206000C0208000C020A000C020C000C020E000C0400000C0402000C0404000C0406000C0
310
408000C040A000C040C000C040E000C0600000C0602000C0604000C0606000C0608000C060A000C060C000C060E000C0800000C0802000C0804000C0806000C0808000C080A000C080C000C080E000C0A00000C0A02000C0A04000C0A06000C0A08000C0A0A000C0A0C000C0A0E000C0C00000C0C02000C0C04000C0C06000
310
C0C08000C0C0A000F0FBFF00A4A0A000808080000000FF0000FF000000FFFF00FF000000FF00FF00FFFF0000FFFFFF0000000000000000000000000000000000000000000000000000000000000000000000000000000000000000000008080808080808000000000000000000000000000000000000000000000000000808
310
08080808080000000000000000000000000000000000000000000000000808080808080808080000000000000000000000000000000000000000000008000000000000000000080000000000000000000000000000000000000000000800000000000000000808000000000000000000000000000000000000000000080000
310
00000000000008080000000000000000000000000000000000000000000800000000000000000808000000000000000000000000000000000000000000080000000000000000080800000000000000000000000000000000000000000008000000000000000008080000000000000000000000000000000000000000000800
310
00000000000000080800000000000000000000000000000000000000000008000000000000000008080000000000000000000000000000000000000000000008080808080808080800000000000000000000000000000000000000000000000000000000000000000000000000000000000000000000000000000000000000
310
00000000000000000000000000000000000000000000000000000000000000000000000000000000000000000000000000000000000808080808080808080808FFFFFFFFFFFFFFFFFF0808080808080808080800000800000000000000000000FFFFFFFFFFFFFFFFFFFFFFFF00000000000008000008000000000000000000
310
00FFFFFFFFFFFFFFFFFFFFFFFF0000000000000800000800000000000000000000FFFFFFFFFFFFFFFFFFFFFFFF0000000000000800000800000000000000000000FFFFFFFFFFFFFFFFFF0000000000000000000800000800000000000000000000000000000000000000000000000000000000080000080000000000000000
310
0000FFFFFFFFFFFFFFFFFF0000000000000000000800000800000000000000000000FFFFFFFFFFFFFFFFFF0000000000000000000800000800000000000000000000FFFF0000000000FFFF0000000000000000000800000800000000000000000000FFFF0000000000FFFF0000000000000000000800000800000000000000
310
000000FFFF0000000000FFFF0000000000000000000800000800000000000000000000FF00000000000000FF0000000000000000000800000800000000000000000000FF00000000000000FF0000000000000000000800000800000000000000000000FFFFFFFFFFFFFFFFFF00000000000000000008000008080808080808
310
0808080808080808080808080808080808080808080808000000000000000000000000000000000000000000000000000000000000000000
102
{BLKREFS
331
984
331
7D9
331
824
331
825
331
826
331
95E
331
95F
331
981
102
}
 70
     6
280
     1
281
     0
1001
ACAD
1000
DesignCenter Data
1002
{
1070
     1
1070
     6
1002
}
  0
BLOCK_RECORD
  5
816
330
1
100
AcDbSymbolTableRecord
100
AcDbBlockTableRecord
  2
*D29
340
0
 70
     0
280
     1
281
     0
  0
BLOCK_RECORD
  5
84C
102
{ACAD_XDICTIONARY
360
84D
102
}
330
1
100
AcDbSymbolTableRecord
100
AcDbBlockTableRecord
  2
A$C45C053B3
340
0
102
{BLKREFS
331
84B
102
}
 70
     0
280
     1
281
     0
  0
BLOCK_RECORD
  5
897
102
{ACAD_XDICTIONARY
360
898
102
}
330
1
100
AcDbSymbolTableRecord
100
AcDbBlockTableRecord
  2
A$C2D604A41
340
0
102
{BLKREFS
331
896
331
8AA
331
8AB
331
8AC
331
8AD
331
8AE
331
8AF
331
8B0
331
8FE
331
8FF
102
}
 70
     0
280
     1
281
     0
  0
BLOCK_RECORD
  5
8B3
102
{ACAD_XDICTIONARY
360
8B4
102
}
330
1
100
AcDbSymbolTableRecord
100
AcDbBlockTableRecord
  2
A$C06FD0996
340
0
102
{BLKREFS
331
8B2
331
8CB
331
8CC
331
8CD
331
8CE
331
8CF
331
8D0
331
8D1
331
97E
331
97F
102
}
 70
     0
280
     1
281
     0
  0
BLOCK_RECORD
  5
8D6
330
1
100
AcDbSymbolTableRecord
100
AcDbBlockTableRecord
  2
Range-Oven - 30 in top
340
0
310
2800000020000000200000000100080000000000000400000000000000000000000000000000000000000000000080000080000000808000800000008000800080800000C0C0C000C0DCC000F0CAA6000020400000206000002080000020A0000020C0000020E00000400000004020000040400000406000004080000040A0
310
000040C0000040E00000600000006020000060400000606000006080000060A0000060C0000060E00000800000008020000080400000806000008080000080A0000080C0000080E00000A0000000A0200000A0400000A0600000A0800000A0A00000A0C00000A0E00000C0000000C0200000C0400000C0600000C0800000C0
310
A00000C0C00000C0E00000E0000000E0200000E0400000E0600000E0800000E0A00000E0C00000E0E00040000000400020004000400040006000400080004000A0004000C0004000E00040200000402020004020400040206000402080004020A0004020C0004020E000404000004040200040404000404060004040800040
310
40A0004040C0004040E00040600000406020004060400040606000406080004060A0004060C0004060E00040800000408020004080400040806000408080004080A0004080C0004080E00040A0000040A0200040A0400040A0600040A0800040A0A00040A0C00040A0E00040C0000040C0200040C0400040C0600040C08000
310
40C0A00040C0C00040C0E00040E0000040E0200040E0400040E0600040E0800040E0A00040E0C00040E0E00080000000800020008000400080006000800080008000A0008000C0008000E00080200000802020008020400080206000802080008020A0008020C0008020E00080400000804020008040400080406000804080
310
008040A0008040C0008040E00080600000806020008060400080606000806080008060A0008060C0008060E00080800000808020008080400080806000808080008080A0008080C0008080E00080A0000080A0200080A0400080A0600080A0800080A0A00080A0C00080A0E00080C0000080C0200080C0400080C0600080C0
310
800080C0A00080C0C00080C0E00080E0000080E0200080E0400080E0600080E0800080E0A00080E0C00080E0E000C0000000C0002000C0004000C0006000C0008000C000A000C000C000C000E000C0200000C0202000C0204000C0206000C0208000C020A000C020C000C020E000C0400000C0402000C0404000C0406000C0
310
408000C040A000C040C000C040E000C0600000C0602000C0604000C0606000C0608000C060A000C060C000C060E000C0800000C0802000C0804000C0806000C0808000C080A000C080C000C080E000C0A00000C0A02000C0A04000C0A06000C0A08000C0A0A000C0A0C000C0A0E000C0C00000C0C02000C0C04000C0C06000
310
C0C08000C0C0A000F0FBFF00A4A0A000808080000000FF0000FF000000FFFF00FF000000FF00FF00FFFF0000FFFFFF00FFFFFFFFFFFFFFFFFFFFFFFFFFFFFFFFFFFFFFFFFFFFFFFFFFFFFFFFFFFFFFFFFFFFFFFFFFFFFFFFFFFFFFFFFFFFFFFFFFFFFFFFFFFFFFFFFFFFFFFFFFFFFFFFFFFFFFFFFFFFFFFFFFFFFFFFFFFFFF
310
FFFFFFFFFFFFFFFFFFFFFFFFFFFFFFFFFFFFFFFF0000000000000000000000000000000000000000000000000000FFFFFFFFFFFF0000000000000000000000000000000000000000000000000000FFFFFFFF000000000000000000000000000000000000000000000000000000000000FFFF00FFFFFFFFFFFFFFFFFFFFFFFF
310
FFFFFFFFFFFFFFFFFFFFFFFFFFFFFFFF00FFFF00FFFFFFFFFFFFFFFFFFFFFFFFFFFFFFFFFFFFFFFFFF0000FFFFFFFFFF00FFFF00FFFFFFFF000000FFFFFFFF000000000000FFFFFF0000000000FFFFFF00FFFF00FFFFFF00FFFF0000FFFFFF000000000000FFFF0000FF00000000FFFF00FFFF00FFFFFF000000FF00FFFFFF
310
000000000000FFFF000000FFFF0000FFFF00FFFF00FFFF00FF0000000000FFFF000000000000FFFF0000000000000000FF00FFFF00FFFFFF000000FF00FFFFFF000000000000FFFF00000000FF0000FFFF00FFFF00FFFFFFFF000000FFFFFFFF000000000000FFFFFF00000000FF00FFFF00FFFF00FFFFFFFFFFFFFFFFFFFF
310
FF000000000000FFFFFFFF00000000FFFFFF00FFFF00FFFFFFFFFFFFFFFFFFFFFF000000000000FFFFFFFFFFFFFFFFFFFFFF00FFFF00FFFFFFFF00000000FFFFFF000000000000FFFFFFFFFFFFFFFFFFFFFF00FFFF00FFFFFF00000000FF00FFFF000000000000FFFFFFFF000000FFFFFFFF00FFFF00FFFF00000000FF0000
310
FFFF000000000000FFFFFF0000FFFF00FFFFFF00FFFF00FFFF00FF000000000000FF000000000000FFFF00000000000000FFFF00FFFF00FFFF00000000FF0000FFFF000000000000FFFFFF000000FF00FFFFFF00FFFF00FFFF0000FF00000000FFFF000000000000FFFFFF00FF000000FFFFFF00FFFF00FFFFFF0000000000
310
FFFFFF000000000000FFFFFFFF000000FFFFFFFF00FFFF00FFFFFFFF0000FFFFFFFFFF000000000000FFFFFFFFFFFFFFFFFFFFFF00FFFF00FFFFFFFFFFFFFFFFFFFFFFFFFFFFFFFFFFFFFFFFFFFFFFFFFFFFFFFF00FFFF000000000000000000000000000000000000000000000000000000000000FFFF00FFFFFFFFFFFFFF
310
FFFFFFFFFFFFFFFFFFFFFFFFFFFFFFFFFFFFFFFFFF00FFFF00FFFFFFFFFFFFFFFFFFFFFFFFFFFFFFFFFFFFFFFFFFFFFFFFFFFFFFFF00FFFF000000000000000000000000000000000000000000000000000000000000FFFFFFFFFFFFFFFFFFFFFFFFFFFFFFFFFFFFFFFFFFFFFFFFFFFFFFFFFFFFFFFFFFFFFFFFFFFFFFFFFF
310
FFFFFFFFFFFFFFFFFFFFFFFFFFFFFFFFFFFFFFFFFFFFFFFFFFFFFFFFFFFFFFFFFFFFFFFFFFFFFFFFFFFFFFFFFFFFFFFFFFFFFFFFFFFFFFFF
102
{BLKREFS
331
8D5
102
}
 70
     1
280
     1
281
     0
1001
ACAD
1000
DesignCenter Data
1002
{
1070
     1
1070
     1
1002
}
  0
BLOCK_RECORD
  5
915
102
{ACAD_XDICTIONARY
360
916
102
}
330
1
100
AcDbSymbolTableRecord
100
AcDbBlockTableRecord
  2
Mesa de Reuniones
340
0
310
2800000020000000200000000100080000000000000400000000000000000000000000000000000000000000000080000080000000808000800000008000800080800000C0C0C000C0DCC000F0CAA6000020400000206000002080000020A0000020C0000020E00000400000004020000040400000406000004080000040A0
310
000040C0000040E00000600000006020000060400000606000006080000060A0000060C0000060E00000800000008020000080400000806000008080000080A0000080C0000080E00000A0000000A0200000A0400000A0600000A0800000A0A00000A0C00000A0E00000C0000000C0200000C0400000C0600000C0800000C0
310
A00000C0C00000C0E00000E0000000E0200000E0400000E0600000E0800000E0A00000E0C00000E0E00040000000400020004000400040006000400080004000A0004000C0004000E00040200000402020004020400040206000402080004020A0004020C0004020E000404000004040200040404000404060004040800040
310
40A0004040C0004040E00040600000406020004060400040606000406080004060A0004060C0004060E00040800000408020004080400040806000408080004080A0004080C0004080E00040A0000040A0200040A0400040A0600040A0800040A0A00040A0C00040A0E00040C0000040C0200040C0400040C0600040C08000
310
40C0A00040C0C00040C0E00040E0000040E0200040E0400040E0600040E0800040E0A00040E0C00040E0E00080000000800020008000400080006000800080008000A0008000C0008000E00080200000802020008020400080206000802080008020A0008020C0008020E00080400000804020008040400080406000804080
310
008040A0008040C0008040E00080600000806020008060400080606000806080008060A0008060C0008060E00080800000808020008080400080806000808080008080A0008080C0008080E00080A0000080A0200080A0400080A0600080A0800080A0A00080A0C00080A0E00080C0000080C0200080C0400080C0600080C0
310
800080C0A00080C0C00080C0E00080E0000080E0200080E0400080E0600080E0800080E0A00080E0C00080E0E000C0000000C0002000C0004000C0006000C0008000C000A000C000C000C000E000C0200000C0202000C0204000C0206000C0208000C020A000C020C000C020E000C0400000C0402000C0404000C0406000C0
310
408000C040A000C040C000C040E000C0600000C0602000C0604000C0606000C0608000C060A000C060C000C060E000C0800000C0802000C0804000C0806000C0808000C080A000C080C000C080E000C0A00000C0A02000C0A04000C0A06000C0A08000C0A0A000C0A0C000C0A0E000C0C00000C0C02000C0C04000C0C06000
310
C0C08000C0C0A000F0FBFF00A4A0A000808080000000FF0000FF000000FFFF00FF000000FF00FF00FFFF0000FFFFFF0000000000000000000000000000000000000000000000000000000000000000000000000000000000000000000000080808080000000000000000000000000000000000000000000000000000000808
310
08080808000000000000000000000000000000000000000000000000000800000000000008000000000000000000000000000000000000000000000000080800000000080800000000000000000000000000000000000000000000000008080000000008080000000000000000000000000000000000000000000000000808
310
00000000080800000000000000000000000000000000000000000000000008080000000008080000000000000000000000000000000000000000000000000808080808000808000000000000000000000000000000000000000000000000000800000008080808000000000000000000000000000000000000000000000808
310
00000000000000000800000000000000000000000000000000000000000800000000000000000000080000000000000000000000000008080808080808000000000000000000000000080808080808080000000000080008080808080800000000000000000000000008080808080800080000000808000000000000080000
310
00000000000000000000000800000000000808000008080000000000000800000000000000000000000000080000000000080800000808000000000000080000000000000000000000000008000000000008080000080800000000000008000000000000000000000000080000000000000808000000080008080808080800
310
00000000000000000000000808080808080008000000000008080808080808000000000000000000000008000808080808080000000000000000000000000008000000000000000000000800000000000000000000000000000000000000000008080000000000000008000000000000000000000000000000000000000000
310
00000008000000000808080000000000000000000000000000000000000000000000000808080808080800000000000000000000000000000000000000000000000000080000000008080000000000000000000000000000000000000000000000000008000000000808000000000000000000000000000000000000000000
310
00000000080000000008080000000000000000000000000000000000000000000000000008000000000808000000000000000000000000000000000000000000000000000800000000000800000000000000000000000000000000000000000000000000080808080808000000000000000000000000000000000000000000
310
0000000000000808080808000000000000000000000000000000000000000000000000000000000000000000000000000000000000000000
102
{BLKREFS
331
914
102
}
 70
     6
280
     1
281
     0
1001
ACAD
1000
DesignCenter Data
1002
{
1070
     1
1070
     6
1002
}
  0
BLOCK_RECORD
  5
944
330
1
100
AcDbSymbolTableRecord
100
AcDbBlockTableRecord
  2
Silla_1
340
0
310
2800000020000000200000000100080000000000000400000000000000000000000000000000000000000000000080000080000000808000800000008000800080800000C0C0C000C0DCC000F0CAA6000020400000206000002080000020A0000020C0000020E00000400000004020000040400000406000004080000040A0
310
000040C0000040E00000600000006020000060400000606000006080000060A0000060C0000060E00000800000008020000080400000806000008080000080A0000080C0000080E00000A0000000A0200000A0400000A0600000A0800000A0A00000A0C00000A0E00000C0000000C0200000C0400000C0600000C0800000C0
310
A00000C0C00000C0E00000E0000000E0200000E0400000E0600000E0800000E0A00000E0C00000E0E00040000000400020004000400040006000400080004000A0004000C0004000E00040200000402020004020400040206000402080004020A0004020C0004020E000404000004040200040404000404060004040800040
310
40A0004040C0004040E00040600000406020004060400040606000406080004060A0004060C0004060E00040800000408020004080400040806000408080004080A0004080C0004080E00040A0000040A0200040A0400040A0600040A0800040A0A00040A0C00040A0E00040C0000040C0200040C0400040C0600040C08000
310
40C0A00040C0C00040C0E00040E0000040E0200040E0400040E0600040E0800040E0A00040E0C00040E0E00080000000800020008000400080006000800080008000A0008000C0008000E00080200000802020008020400080206000802080008020A0008020C0008020E00080400000804020008040400080406000804080
310
008040A0008040C0008040E00080600000806020008060400080606000806080008060A0008060C0008060E00080800000808020008080400080806000808080008080A0008080C0008080E00080A0000080A0200080A0400080A0600080A0800080A0A00080A0C00080A0E00080C0000080C0200080C0400080C0600080C0
310
800080C0A00080C0C00080C0E00080E0000080E0200080E0400080E0600080E0800080E0A00080E0C00080E0E000C0000000C0002000C0004000C0006000C0008000C000A000C000C000C000E000C0200000C0202000C0204000C0206000C0208000C020A000C020C000C020E000C0400000C0402000C0404000C0406000C0
310
408000C040A000C040C000C040E000C0600000C0602000C0604000C0606000C0608000C060A000C060C000C060E000C0800000C0802000C0804000C0806000C0808000C080A000C080C000C080E000C0A00000C0A02000C0A04000C0A06000C0A08000C0A0A000C0A0C000C0A0E000C0C00000C0C02000C0C04000C0C06000
310
C0C08000C0C0A000F0FBFF00A4A0A000808080000000FF0000FF000000FFFF00FF000000FF00FF00FFFF0000FFFFFF0049494949494949494949494949494949494949494949494949494949494949494949494949494949494949494949494949494949494949494949494949494949494949FFFFFFFFFFFFFFFFFFFFFFFF
310
FFFFFFFFFFFFFFFFFFFF4949494949494949FFFF49494949494949494949494949494949494949494949FFFF494949494949FF494949FFFFFFFFFFFFFFFFFFFFFFFFFFFFFFFFFF49494949FFFF4949494949FF494949FFFFFFFFFFFFFFFFFFFFFFFFFFFFFFFFFF4949494949FF4949494949FF494949494949494949494949
310
49494949494949494949494949FF4949494949FF49494949494949494949494949494949494949494949494949FF4949494949FF49494949494949494949494949494949494949494949494949FFFFFFFF4949FF49494949494949494949494949494949494949494949494949FF4949FF4949FF4949494949494949494949
310
4949494949494949494949494949FF4949FF4949FF49494949494949494949494949494949494949494949494949FF4949FF4949FF49494949494949494949494949494949494949494949494949FF4949FF4949FF49494949494949494949494949494949494949494949494949FF4949FF4949FF49494949494949494949
310
494949494949494949494949494949FF4949FF4949FF49494949494949494949494949494949494949494949494949FF4949FF494949FF494949494949494949494949494949494949494949494949FF4949FF494949FF494949494949494949494949494949494949494949494949FF4949FF494949FF4949494949494949
310
49494949494949494949494949494949FF4949FF494949FF494949494949494949494949494949494949494949494949FF4949FF494949FF494949494949494949494949494949494949494949494949FF4949FF494949FF494949494949494949494949494949494949494949494949FF4949FF494949FF49494949494949
310
4949494949494949494949494949494949FF4949FF494949FF494949494949494949494949494949494949494949494949FFFFFFFF494949FF494949494949494949494949494949494949494949494949FF494949494949FF494949494949494949494949494949494949494949494949FF494949494949FF494949494949
310
494949494949494949494949494949494949FF494949494949FF4949FFFFFFFFFFFFFFFFFFFFFFFFFFFFFFFFFF49494949FFFF494949494949FFFF49FFFFFFFFFFFFFFFFFFFFFFFFFFFFFFFFFF494949FFFF4949494949494949FFFFFFFFFFFFFFFFFFFFFFFFFFFFFFFFFFFFFFFFFFFF494949494949494949494949494949
310
4949494949494949494949494949494949494949494949494949494949494949494949494949494949494949494949494949494949494949
102
{BLKREFS
331
943
331
953
331
954
331
955
331
956
331
957
102
}
 70
     4
280
     1
281
     0
1001
ACAD
1000
DesignCenter Data
1002
{
1070
     1
1070
     4
1002
}
  0
ENDTAB
  0
ENDSEC
  0
SECTION
  2
BLOCKS
  0
BLOCK
  5
20
330
1F
100
AcDbEntity
  8
0
100
AcDbBlockBegin
  2
*Model_Space
 70
     0
 10
0.0
 20
0.0
 30
0.0
  3
*Model_Space
  1
*Model_Space
  0
ENDBLK
  5
21
330
1F
100
AcDbEntity
  8
0
100
AcDbBlockEnd
  0
BLOCK
  5
D8
330
D6
100
AcDbEntity
 67
     1
  8
0
100
AcDbBlockBegin
  2
*Paper_Space
 70
     0
 10
0.0
 20
0.0
 30
0.0
  3
*Paper_Space
  1
*Paper_Space
  0
ENDBLK
  5
D9
330
D6
100
AcDbEntity
 67
     1
  8
0
100
AcDbBlockEnd
  0
BLOCK
  5
21C
330
21A
100
AcDbEntity
  8
0
100
AcDbBlockBegin
  2
*Paper_Space0
 70
     0
 10
0.0
 20
0.0
 30
0.0
  3
*Paper_Space0
  1
*Paper_Space0
  0
VIEWPORT
  5
21E
330
21A
100
AcDbEntity
  8
0
 48
100.0
100
AcDbViewport
 10
0.0
 20
0.0
 30
0.0
 40
840.779612
 41
486.114466
 68
     1
 69
     1
 12
328.692132
 22
196.71883
 13
0.0
 23
0.0
 14
10.0
 24
10.0
 15
10.0
 25
10.0
 16
0.0
 26
0.0
 36
1.0
 17
0.0
 27
0.0
 37
0.0
 42
50.0
 43
0.0
 44
0.0
 45
486.114466
 50
0.0
 51
0.0
 72
   100
 90
   557168
  1

281
     0
 71
     1
 74
     0
110
0.0
120
0.0
130
0.0
111
1.0
121
0.0
131
0.0
112
0.0
122
1.0
132
0.0
 79
     0
146
0.0
170
     0
 61
     5
348
F5
292
     1
282
     1
141
0.0
142
0.0
 63
   256
  0
ENDBLK
  5
21D
330
21A
100
AcDbEntity
  8
0
100
AcDbBlockEnd
  0
BLOCK
  5
1ED
330
1EC
100
AcDbEntity
  8
0
100
AcDbBlockBegin
  2
_ARCHTICK
 70
     0
 10
0.0
 20
0.0
 30
0.0
  3
_ARCHTICK
  1
_ARCHTICK
  0
POLYLINE
  5
1EF
330
1EC
100
AcDbEntity
  8
0
  6
ByBlock
 62
     0
100
AcDb2dPolyline
 66
     1
 10
0.0
 20
0.0
 30
0.0
 40
0.15
 41
0.15
  0
VERTEX
  5
1F0
330
1EF
100
AcDbEntity
  8
0
  6
ByBlock
 62
     0
100
AcDbVertex
100
AcDb2dVertex
 10
-0.5
 20
-0.5
 30
0.0
  0
VERTEX
  5
1F1
330
1EF
100
AcDbEntity
  8
0
  6
ByBlock
 62
     0
100
AcDbVertex
100
AcDb2dVertex
 10
0.5
 20
0.5
 30
0.0
  0
SEQEND
  5
1F2
330
1EF
100
AcDbEntity
  8
0
  6
ByBlock
 62
     0
  0
ENDBLK
  5
1EE
330
1EC
100
AcDbEntity
  8
0
100
AcDbBlockEnd
  0
BLOCK
  5
1F5
330
1F4
100
AcDbEntity
  8
0
100
AcDbBlockBegin
  2
_OPEN30
 70
     0
 10
0.0
 20
0.0
 30
0.0
  3
_OPEN30
  1
_OPEN30
  0
LINE
  5
1F7
330
1F4
100
AcDbEntity
  8
0
  6
ByBlock
 62
     0
370
    -2
100
AcDbLine
 10
-1.0
 20
0.267949
 30
0.0
 11
0.0
 21
0.0
 31
0.0
  0
LINE
  5
1F8
330
1F4
100
AcDbEntity
  8
0
  6
ByBlock
 62
     0
370
    -2
100
AcDbLine
 10
0.0
 20
0.0
 30
0.0
 11
-1.0
 21
-0.267949
 31
0.0
  0
LINE
  5
1F9
330
1F4
100
AcDbEntity
  8
0
  6
ByBlock
 62
     0
370
    -2
100
AcDbLine
 10
0.0
 20
0.0
 30
0.0
 11
-1.0
 21
0.0
 31
0.0
  0
ENDBLK
  5
1F6
330
1F4
100
AcDbEntity
  8
0
100
AcDbBlockEnd
  0
BLOCK
  5
1FD
330
1FC
100
AcDbEntity
  8
0
100
AcDbBlockBegin
  2
_DOT
 70
     0
 10
0.0
 20
0.0
 30
0.0
  3
_DOT
  1
_DOT
  0
POLYLINE
  5
1FF
330
1FC
100
AcDbEntity
  8
0
  6
ByBlock
 62
     0
100
AcDb2dPolyline
 66
     1
 10
0.0
 20
0.0
 30
0.0
 70
     1
 40
0.5
 41
0.5
  0
VERTEX
  5
201
330
1FF
100
AcDbEntity
  8
0
  6
ByBlock
 62
     0
100
AcDbVertex
100
AcDb2dVertex
 10
-0.25
 20
0.0
 30
0.0
 42
1.0
  0
VERTEX
  5
202
330
1FF
100
AcDbEntity
  8
0
  6
ByBlock
 62
     0
100
AcDbVertex
100
AcDb2dVertex
 10
0.25
 20
0.0
 30
0.0
 42
1.0
  0
SEQEND
  5
203
330
1FF
100
AcDbEntity
  8
0
  6
ByBlock
 62
     0
  0
LINE
  5
200
330
1FC
100
AcDbEntity
  8
0
  6
ByBlock
 62
     0
370
    -2
100
AcDbLine
 10
-0.5
 20
0.0
 30
0.0
 11
-1.0
 21
0.0
 31
0.0
  0
ENDBLK
  5
1FE
330
1FC
100
AcDbEntity
  8
0
100
AcDbBlockEnd
  0
BLOCK
  5
226
330
224
100
AcDbEntity
  8
0
100
AcDbBlockBegin
  2
*Paper_Space4
 70
     0
 10
0.0
 20
0.0
 30
0.0
  3
*Paper_Space4
  1
*Paper_Space4
  0
VIEWPORT
  5
228
330
224
100
AcDbEntity
  8
0
 48
100.0
100
AcDbViewport
 10
0.0
 20
0.0
 30
0.0
 40
1715.87676
 41
992.070339
 68
     1
 69
     1
 12
497.20797
 22
380.27835
 13
0.0
 23
0.0
 14
10.0
 24
10.0
 15
10.0
 25
10.0
 16
0.0
 26
0.0
 36
1.0
 17
0.0
 27
0.0
 37
0.0
 42
50.0
 43
0.0
 44
0.0
 45
992.070339
 50
0.0
 51
0.0
 72
   100
 90
   557168
  1

281
     0
 71
     1
 74
     0
110
0.0
120
0.0
130
0.0
111
1.0
121
0.0
131
0.0
112
0.0
122
1.0
132
0.0
 79
     0
146
0.0
170
     0
 61
     5
348
F5
292
     1
282
     1
141
0.0
142
0.0
 63
   256
  0
ENDBLK
  5
227
330
224
100
AcDbEntity
  8
0
100
AcDbBlockEnd
  0
BLOCK
  5
D4
330
D2
100
AcDbEntity
  8
0
100
AcDbBlockBegin
  2
*Paper_Space5
 70
     0
 10
0.0
 20
0.0
 30
0.0
  3
*Paper_Space5
  1
*Paper_Space5
  0
VIEWPORT
  5
229
330
D2
100
AcDbEntity
  8
0
 48
100.0
100
AcDbViewport
 10
0.0
 20
0.0
 30
0.0
 40
460.802478
 41
238.196088
 68
     1
 69
     1
 12
128.5
 22
97.5
 13
0.0
 23
0.0
 14
10.0
 24
10.0
 15
10.0
 25
10.0
 16
0.0
 26
0.0
 36
1.0
 17
0.0
 27
0.0
 37
0.0
 42
50.0
 43
0.0
 44
0.0
 45
238.196088
 50
0.0
 51
0.0
 72
   100
 90
   557168
  1

281
     0
 71
     1
 74
     0
110
0.0
120
0.0
130
0.0
111
1.0
121
0.0
131
0.0
112
0.0
122
1.0
132
0.0
 79
     0
146
0.0
170
     0
 61
     5
348
F5
292
     1
282
     1
141
0.0
142
0.0
 63
   256
  0
ENDBLK
  5
D5
330
D2
100
AcDbEntity
  8
0
100
AcDbBlockEnd
  0
BLOCK
  5
221
330
21F
100
AcDbEntity
  8
0
100
AcDbBlockBegin
  2
*Paper_Space6
 70
     0
 10
0.0
 20
0.0
 30
0.0
  3
*Paper_Space6
  1
*Paper_Space6
  0
VIEWPORT
  5
223
330
21F
100
AcDbEntity
  8
0
 48
100.0
100
AcDbViewport
 10
0.0
 20
0.0
 30
0.0
 40
1201.113732
 41
694.449237
 68
     1
 69
     1
 12
454.893705
 22
285.342469
 13
0.0
 23
0.0
 14
10.0
 24
10.0
 15
10.0
 25
10.0
 16
0.0
 26
0.0
 36
1.0
 17
0.0
 27
0.0
 37
0.0
 42
50.0
 43
0.0
 44
0.0
 45
694.449237
 50
0.0
 51
0.0
 72
   100
 90
   557168
  1

281
     0
 71
     1
 74
     0
110
0.0
120
0.0
130
0.0
111
1.0
121
0.0
131
0.0
112
0.0
122
1.0
132
0.0
 79
     0
146
0.0
170
     0
 61
     5
348
F5
292
     1
282
     1
141
0.0
142
0.0
 63
   256
  0
ENDBLK
  5
222
330
21F
100
AcDbEntity
  8
0
100
AcDbBlockEnd
  0
BLOCK
  5
212
330
210
100
AcDbEntity
  8
0
100
AcDbBlockBegin
  2
*Paper_Space7
 70
     0
 10
0.0
 20
0.0
 30
0.0
  3
*Paper_Space7
  1
*Paper_Space7
  0
VIEWPORT
  5
214
330
210
100
AcDbEntity
  8
0
 48
100.0
100
AcDbViewport
 10
0.0
 20
0.0
 30
0.0
 40
588.545729
 41
340.280126
 68
     1
 69
     1
 12
151.627136
 22
129.479246
 13
0.0
 23
0.0
 14
10.0
 24
10.0
 15
10.0
 25
10.0
 16
0.0
 26
0.0
 36
1.0
 17
0.0
 27
0.0
 37
0.0
 42
50.0
 43
0.0
 44
0.0
 45
340.280126
 50
0.0
 51
0.0
 72
   100
 90
   557168
  1

281
     0
 71
     1
 74
     0
110
0.0
120
0.0
130
0.0
111
1.0
121
0.0
131
0.0
112
0.0
122
1.0
132
0.0
 79
     0
146
0.0
170
     0
 61
     5
348
F5
292
     1
282
     1
141
0.0
142
0.0
 63
   256
  0
ENDBLK
  5
213
330
210
100
AcDbEntity
  8
0
100
AcDbBlockEnd
  0
BLOCK
  5
217
330
215
100
AcDbEntity
  8
0
100
AcDbBlockBegin
  2
*Paper_Space8
 70
     0
 10
0.0
 20
0.0
 30
0.0
  3
*Paper_Space8
  1
*Paper_Space8
  0
VIEWPORT
  5
219
330
215
100
AcDbEntity
  8
0
 48
100.0
100
AcDbViewport
 10
0.0
 20
0.0
 30
0.0
 40
588.545729
 41
340.280126
 68
     1
 69
     1
 12
213.910905
 22
130.914724
 13
0.0
 23
0.0
 14
10.0
 24
10.0
 15
10.0
 25
10.0
 16
0.0
 26
0.0
 36
1.0
 17
0.0
 27
0.0
 37
0.0
 42
50.0
 43
0.0
 44
0.0
 45
340.280126
 50
0.0
 51
0.0
 72
   100
 90
   557168
  1

281
     0
 71
     1
 74
     0
110
0.0
120
0.0
130
0.0
111
1.0
121
0.0
131
0.0
112
0.0
122
1.0
132
0.0
 79
     0
146
0.0
170
     0
 61
     5
348
F5
292
     1
282
     1
141
0.0
142
0.0
 63
   256
  0
ENDBLK
  5
218
330
215
100
AcDbEntity
  8
0
100
AcDbBlockEnd
  0
BLOCK
  5
3A2
330
3A1
100
AcDbEntity
  8
0
100
AcDbBlockBegin
  2
A$C5AA56A8C
 70
     0
 10
0.0
 20
0.0
 30
0.0
  3
A$C5AA56A8C
  1
A$C5AA56A8C
  0
LINE
  5
3A3
330
3A1
100
AcDbEntity
  8
0
100
AcDbLine
 10
0.0
 20
1.2
 30
0.0
 11
1.0
 21
1.2
 31
0.0
  0
LINE
  5
3A4
330
3A1
100
AcDbEntity
  8
0
100
AcDbLine
 10
1.0
 20
1.2
 30
0.0
 11
1.0
 21
0.0
 31
0.0
  0
LINE
  5
3A5
330
3A1
100
AcDbEntity
  8
0
100
AcDbLine
 10
1.0
 20
0.0
 30
0.0
 11
0.0
 21
0.0
 31
0.0
  0
LINE
  5
3A6
330
3A1
100
AcDbEntity
  8
0
100
AcDbLine
 10
0.0
 20
0.0
 30
0.0
 11
0.0
 21
1.2
 31
0.0
  0
LINE
  5
3A7
330
3A1
100
AcDbEntity
  8
0
100
AcDbLine
 10
0.05
 20
1.2
 30
0.0
 11
0.05
 21
0.0
 31
0.0
  0
LINE
  5
3A8
330
3A1
100
AcDbEntity
  8
0
100
AcDbLine
 10
0.1
 20
0.0
 30
0.0
 11
0.25
 21
0.0
 31
0.0
  0
LINE
  5
3A9
330
3A1
100
AcDbEntity
  8
0
100
AcDbLine
 10
0.2
 20
0.0
 30
0.0
 11
0.2
 21
1.2
 31
0.0
  0
LINE
  5
3AA
330
3A1
100
AcDbEntity
  8
0
100
AcDbLine
 10
0.3
 20
1.2
 30
0.0
 11
0.3
 21
0.0
 31
0.0
  0
LINE
  5
3AB
330
3A1
100
AcDbEntity
  8
0
100
AcDbLine
 10
0.45
 20
0.0
 30
0.0
 11
0.45
 21
1.2
 31
0.0
  0
LINE
  5
3AC
330
3A1
100
AcDbEntity
  8
0
100
AcDbLine
 10
0.55
 20
1.2
 30
0.0
 11
0.55
 21
0.0
 31
0.0
  0
LINE
  5
3AD
330
3A1
100
AcDbEntity
  8
0
100
AcDbLine
 10
0.7
 20
0.0
 30
0.0
 11
0.7
 21
1.2
 31
0.0
  0
LINE
  5
3AE
330
3A1
100
AcDbEntity
  8
0
100
AcDbLine
 10
0.8
 20
1.2
 30
0.0
 11
0.8
 21
0.0
 31
0.0
  0
LINE
  5
3AF
330
3A1
100
AcDbEntity
  8
0
100
AcDbLine
 10
0.95
 20
0.0
 30
0.0
 11
0.95
 21
1.2
 31
0.0
  0
ENDBLK
  5
3B0
330
3A1
100
AcDbEntity
  8
0
100
AcDbBlockEnd
  0
BLOCK
  5
477
330
474
100
AcDbEntity
  8
0
100
AcDbBlockBegin
  2
A$C2B9F50F0
 70
     0
 10
0.0
 20
0.0
 30
0.0
  3
A$C2B9F50F0
  1
A$C2B9F50F0
  0
SOLID
  5
478
330
474
100
AcDbEntity
  8
0
100
AcDbTrace
 10
0.0
 20
0.084196
 30
0.0
 11
0.041667
 21
0.084196
 31
0.0
 12
0.145834
 22
-0.000001
 32
0.0
 13
0.145834
 23
0.024056
 33
0.0
  0
SOLID
  5
479
330
474
100
AcDbEntity
  8
0
100
AcDbTrace
 10
0.291667
 20
0.084196
 30
0.0
 11
0.25
 21
0.084196
 31
0.0
 12
0.145834
 22
-0.000001
 32
0.0
 13
0.145834
 23
0.024056
 33
0.0
  0
ENDBLK
  5
47A
330
474
100
AcDbEntity
  8
0
100
AcDbBlockEnd
  0
BLOCK
  5
4A1
330
49E
100
AcDbEntity
  8
0
100
AcDbBlockBegin
  2
A$C70672ED6
 70
     0
 10
0.0
 20
0.0
 30
0.0
  3
A$C70672ED6
  1
A$C70672ED6
  0
HATCH
  5
4A2
330
49E
100
AcDbEntity
  8
Hormigon
100
AcDbHatch
 10
0.0
 20
0.0
 30
0.0
210
0.0
220
0.0
230
1.0
  2
SOLID
 70
     1
 71
     1
 91
        1
 92
        7
 72
     0
 73
     1
 93
        4
 10
0.2500008703873391
 20
0.5500000325308179
 10
0.2500008703873391
 20
0.2500000325308065
 10
0.5500008703872936
 20
0.2500000325308065
 10
0.5500008703872936
 20
0.5500000325308179
 97
        1
330
4A3
 75
     0
 76
     1
 47
0.00236
 98
        1
 10
0.4365846150806192
 20
0.4600177731074382
1001
ACAD
1010
0.0
1020
0.0
1030
0.0
  0
LWPOLYLINE
  5
4A3
102
{ACAD_REACTORS
330
4A2
102
}
330
49E
100
AcDbEntity
  8
0
100
AcDbPolyline
 90
        4
 70
     1
 43
0.0
 10
0.250001
 20
0.25
 10
0.250001
 20
0.55
 10
0.550001
 20
0.55
 10
0.550001
 20
0.25
  0
LINE
  5
4A4
330
49E
100
AcDbEntity
  8
EJES
  6
CENTER
100
AcDbLine
 10
0.800001
 20
0.4
 30
0.0
 11
0.000001
 21
0.4
 31
0.0
  0
LINE
  5
4A5
330
49E
100
AcDbEntity
  8
EJES
  6
CENTER
100
AcDbLine
 10
0.400001
 20
0.8
 30
0.0
 11
0.400001
 21
0.0
 31
0.0
  0
ENDBLK
  5
4A6
330
49E
100
AcDbEntity
  8
0
100
AcDbBlockEnd
  0
BLOCK
  5
4AD
330
4AA
100
AcDbEntity
  8
0
100
AcDbBlockBegin
  2
A$C4EFF447F
 70
     0
 10
0.0
 20
0.0
 30
0.0
  3
A$C4EFF447F
  1
A$C4EFF447F
  0
INSERT
  5
4AE
330
4AA
100
AcDbEntity
  8
0
100
AcDbBlockReference
  2
col-madera 2020
 10
0.5
 20
0.5
 30
0.0
 50
180.0
  0
ENDBLK
  5
4B6
330
4AA
100
AcDbEntity
  8
0
100
AcDbBlockEnd
  0
BLOCK
  5
4B0
330
4AF
100
AcDbEntity
  8
0
100
AcDbBlockBegin
  2
col-madera 2020
 70
     0
 10
0.0
 20
0.0
 30
0.0
  3
col-madera 2020
  1
col-madera 2020
  0
HATCH
  5
4B1
330
4AF
100
AcDbEntity
  8
EST-MADERA
100
AcDbHatch
 10
0.0
 20
0.0
 30
0.0
210
0.0
220
0.0
230
1.0
  2
SOLID
 70
     1
 71
     1
 91
        1
 92
        1
 93
        4
 72
     1
 10
-0.0999999999999943
 20
-0.1000000000000014
 11
0.1000000000000085
 21
-0.1000000000000014
 72
     1
 10
0.1000000000000085
 20
-0.1000000000000014
 11
0.1000000000000085
 21
0.0999999999999979
 72
     1
 10
0.1000000000000085
 20
0.0999999999999979
 11
-0.0999999999999943
 21
0.0999999999999979
 72
     1
 10
-0.0999999999999943
 20
0.0999999999999979
 11
-0.0999999999999943
 21
-0.1000000000000014
 97
        1
330
4B2
 75
     0
 76
     1
 98
        1
 10
-107.45
 20
-21.8
  0
LWPOLYLINE
  5
4B2
102
{ACAD_REACTORS
330
4B1
102
}
330
4AF
100
AcDbEntity
  8
0
100
AcDbPolyline
 90
        4
 70
     1
 43
0.0
 10
-0.1
 20
-0.1
 10
0.1
 20
-0.1
 10
0.1
 20
0.1
 10
-0.1
 20
0.1
  0
LINE
  5
4B3
330
4AF
100
AcDbEntity
  8
EJES
100
AcDbLine
 10
-0.5
 20
0.0
 30
0.0
 11
0.5
 21
0.0
 31
0.0
  0
LINE
  5
4B4
330
4AF
100
AcDbEntity
  8
EJES
100
AcDbLine
 10
0.0
 20
-0.5
 30
0.0
 11
0.0
 21
0.5
 31
0.0
  0
ENDBLK
  5
4B5
330
4AF
100
AcDbEntity
  8
0
100
AcDbBlockEnd
  0
BLOCK
  5
4B9
330
4B8
100
AcDbEntity
  8
0
100
AcDbBlockBegin
  2
*D14
 70
     1
 10
0.0
 20
0.0
 30
0.0
  3
*D14
  1
*D14
  0
LINE
  5
4BA
330
4B8
100
AcDbEntity
  8
0
 62
     1
370
    -2
100
AcDbLine
 10
101.239422
 20
74.306972
 30
0.0
 11
101.239422
 21
71.845473
 31
0.0
  0
LINE
  5
4BB
330
4B8
100
AcDbEntity
  8
0
 62
     1
370
    -2
100
AcDbLine
 10
109.259422
 20
74.306972
 30
0.0
 11
109.259422
 21
71.845473
 31
0.0
  0
LINE
  5
4BC
330
4B8
100
AcDbEntity
  8
0
 62
     1
370
    -2
100
AcDbLine
 10
101.419422
 20
71.895473
 30
0.0
 11
105.017755
 21
71.895473
 31
0.0
  0
LINE
  5
4BD
330
4B8
100
AcDbEntity
  8
0
 62
     1
370
    -2
100
AcDbLine
 10
109.079422
 20
71.895473
 30
0.0
 11
105.481088
 21
71.895473
 31
0.0
  0
SOLID
  5
4BE
330
4B8
100
AcDbEntity
  8
0
 62
     1
100
AcDbTrace
 10
101.419422
 20
71.925473
 30
0.0
 11
101.419422
 21
71.865473
 31
0.0
 12
101.239422
 22
71.895473
 32
0.0
 13
101.239422
 23
71.895473
 33
0.0
  0
SOLID
  5
4BF
330
4B8
100
AcDbEntity
  8
0
 62
     1
100
AcDbTrace
 10
109.079422
 20
71.865473
 30
0.0
 11
109.079422
 21
71.925473
 31
0.0
 12
109.259422
 22
71.895473
 32
0.0
 13
109.259422
 23
71.895473
 33
0.0
  0
MTEXT
  5
4C0
330
4B8
100
AcDbEntity
  8
0
 62
     3
100
AcDbMText
 10
105.249422
 20
71.895473
 30
0.0
 40
0.16
 41
0.0
 46
0.0
 71
     5
 72
     1
  1
\A1;8.02
  7
COTA
 73
     1
 44
1.0
  0
POINT
  5
4C1
330
4B8
100
AcDbEntity
  8
Defpoints
 62
     0
100
AcDbPoint
 10
101.239422
 20
74.306972
 30
0.0
  0
POINT
  5
4C2
330
4B8
100
AcDbEntity
  8
Defpoints
 62
     0
100
AcDbPoint
 10
109.259422
 20
74.306972
 30
0.0
  0
POINT
  5
4C3
330
4B8
100
AcDbEntity
  8
Defpoints
 62
     0
100
AcDbPoint
 10
109.259422
 20
71.895473
 30
0.0
  0
ENDBLK
  5
4C4
330
4B8
100
AcDbEntity
  8
0
100
AcDbBlockEnd
  0
BLOCK
  5
4CB
330
4CA
100
AcDbEntity
  8
0
100
AcDbBlockBegin
  2
*D15
 70
     1
 10
0.0
 20
0.0
 30
0.0
  3
*D15
  1
*D15
  0
LINE
  5
4CC
330
4CA
100
AcDbEntity
  8
0
 62
     1
370
    -2
100
AcDbLine
 10
93.879422
 20
80.014129
 30
0.0
 11
93.237655
 21
80.014129
 31
0.0
  0
LINE
  5
4CD
330
4CA
100
AcDbEntity
  8
0
 62
     1
370
    -2
100
AcDbLine
 10
93.879422
 20
85.554129
 30
0.0
 11
93.237655
 21
85.554129
 31
0.0
  0
LINE
  5
4CE
330
4CA
100
AcDbEntity
  8
0
 62
     1
370
    -2
100
AcDbLine
 10
93.287655
 20
80.194129
 30
0.0
 11
93.287655
 21
82.539129
 31
0.0
  0
LINE
  5
4CF
330
4CA
100
AcDbEntity
  8
0
 62
     1
370
    -2
100
AcDbLine
 10
93.287655
 20
85.374129
 30
0.0
 11
93.287655
 21
83.029129
 31
0.0
  0
SOLID
  5
4D0
330
4CA
100
AcDbEntity
  8
0
 62
     1
100
AcDbTrace
 10
93.257655
 20
80.194129
 30
0.0
 11
93.317655
 21
80.194129
 31
0.0
 12
93.287655
 22
80.014129
 32
0.0
 13
93.287655
 23
80.014129
 33
0.0
  0
SOLID
  5
4D1
330
4CA
100
AcDbEntity
  8
0
 62
     1
100
AcDbTrace
 10
93.317655
 20
85.374129
 30
0.0
 11
93.257655
 21
85.374129
 31
0.0
 12
93.287655
 22
85.554129
 32
0.0
 13
93.287655
 23
85.554129
 33
0.0
  0
MTEXT
  5
4D2
330
4CA
100
AcDbEntity
  8
0
 62
     3
100
AcDbMText
 10
93.287655
 20
82.784129
 30
0.0
 40
0.16
 41
0.0
 46
0.0
 71
     5
 72
     1
  1
\A1;5.54
  7
COTA
 11
0.0
 21
1.0
 31
0.0
 73
     1
 44
1.0
  0
POINT
  5
4D3
330
4CA
100
AcDbEntity
  8
Defpoints
 62
     0
100
AcDbPoint
 10
93.879422
 20
80.014129
 30
0.0
  0
POINT
  5
4D4
330
4CA
100
AcDbEntity
  8
Defpoints
 62
     0
100
AcDbPoint
 10
93.879422
 20
85.554129
 30
0.0
  0
POINT
  5
4D5
330
4CA
100
AcDbEntity
  8
Defpoints
 62
     0
100
AcDbPoint
 10
93.287655
 20
85.554129
 30
0.0
  0
ENDBLK
  5
4D6
330
4CA
100
AcDbEntity
  8
0
100
AcDbBlockEnd
  0
BLOCK
  5
4D9
330
4D8
100
AcDbEntity
  8
0
100
AcDbBlockBegin
  2
*D16
 70
     1
 10
0.0
 20
0.0
 30
0.0
  3
*D16
  1
*D16
  0
LINE
  5
4DA
330
4D8
100
AcDbEntity
  8
0
 62
     1
370
    -2
100
AcDbLine
 10
93.879422
 20
80.014129
 30
0.0
 11
93.879422
 21
79.526922
 31
0.0
  0
LINE
  5
4DB
330
4D8
100
AcDbEntity
  8
0
 62
     1
370
    -2
100
AcDbLine
 10
98.059422
 20
80.014129
 30
0.0
 11
98.059422
 21
79.526922
 31
0.0
  0
LINE
  5
4DC
330
4D8
100
AcDbEntity
  8
0
 62
     1
370
    -2
100
AcDbLine
 10
94.059422
 20
79.576922
 30
0.0
 11
95.751088
 21
79.576922
 31
0.0
  0
LINE
  5
4DD
330
4D8
100
AcDbEntity
  8
0
 62
     1
370
    -2
100
AcDbLine
 10
97.879422
 20
79.576922
 30
0.0
 11
96.187755
 21
79.576922
 31
0.0
  0
SOLID
  5
4DE
330
4D8
100
AcDbEntity
  8
0
 62
     1
100
AcDbTrace
 10
94.059422
 20
79.606922
 30
0.0
 11
94.059422
 21
79.546922
 31
0.0
 12
93.879422
 22
79.576922
 32
0.0
 13
93.879422
 23
79.576922
 33
0.0
  0
SOLID
  5
4DF
330
4D8
100
AcDbEntity
  8
0
 62
     1
100
AcDbTrace
 10
97.879422
 20
79.546922
 30
0.0
 11
97.879422
 21
79.606922
 31
0.0
 12
98.059422
 22
79.576922
 32
0.0
 13
98.059422
 23
79.576922
 33
0.0
  0
MTEXT
  5
4E0
330
4D8
100
AcDbEntity
  8
0
 62
     3
100
AcDbMText
 10
95.969422
 20
79.576922
 30
0.0
 40
0.16
 41
0.0
 46
0.0
 71
     5
 72
     1
  1
\A1;4.18
  7
COTA
 73
     1
 44
1.0
  0
POINT
  5
4E1
330
4D8
100
AcDbEntity
  8
Defpoints
 62
     0
100
AcDbPoint
 10
93.879422
 20
80.014129
 30
0.0
  0
POINT
  5
4E2
330
4D8
100
AcDbEntity
  8
Defpoints
 62
     0
100
AcDbPoint
 10
98.059422
 20
80.014129
 30
0.0
  0
POINT
  5
4E3
330
4D8
100
AcDbEntity
  8
Defpoints
 62
     0
100
AcDbPoint
 10
98.059422
 20
79.576922
 30
0.0
  0
ENDBLK
  5
4E4
330
4D8
100
AcDbEntity
  8
0
100
AcDbBlockEnd
  0
BLOCK
  5
4E7
330
4E6
100
AcDbEntity
  8
0
100
AcDbBlockBegin
  2
*D17
 70
     1
 10
0.0
 20
0.0
 30
0.0
  3
*D17
  1
*D17
  0
LINE
  5
4E8
330
4E6
100
AcDbEntity
  8
0
 62
     1
370
    -2
100
AcDbLine
 10
99.439422
 20
61.31496
 30
0.0
 11
99.439422
 21
61.36496
 31
0.0
  0
LINE
  5
4E9
330
4E6
100
AcDbEntity
  8
0
 62
     1
370
    -2
100
AcDbLine
 10
87.559917
 20
61.31496
 30
0.0
 11
87.559917
 21
61.36496
 31
0.0
  0
LINE
  5
4EA
330
4E6
100
AcDbEntity
  8
0
 62
     1
370
    -2
100
AcDbLine
 10
99.259422
 20
61.31496
 30
0.0
 11
93.771336
 21
61.31496
 31
0.0
  0
LINE
  5
4EB
330
4E6
100
AcDbEntity
  8
0
 62
     1
370
    -2
100
AcDbLine
 10
87.739917
 20
61.31496
 30
0.0
 11
93.228003
 21
61.31496
 31
0.0
  0
SOLID
  5
4EC
330
4E6
100
AcDbEntity
  8
0
 62
     1
100
AcDbTrace
 10
99.259422
 20
61.28496
 30
0.0
 11
99.259422
 21
61.34496
 31
0.0
 12
99.439422
 22
61.31496
 32
0.0
 13
99.439422
 23
61.31496
 33
0.0
  0
SOLID
  5
4ED
330
4E6
100
AcDbEntity
  8
0
 62
     1
100
AcDbTrace
 10
87.739917
 20
61.34496
 30
0.0
 11
87.739917
 21
61.28496
 31
0.0
 12
87.559917
 22
61.31496
 32
0.0
 13
87.559917
 23
61.31496
 33
0.0
  0
MTEXT
  5
4EE
330
4E6
100
AcDbEntity
  8
0
 62
     3
100
AcDbMText
 10
93.499669
 20
61.31496
 30
0.0
 40
0.16
 41
0.0
 46
0.0
 71
     5
 72
     1
  1
\A1;11.88
  7
COTA
 73
     1
 44
1.0
  0
POINT
  5
4EF
330
4E6
100
AcDbEntity
  8
Defpoints
 62
     0
100
AcDbPoint
 10
99.439422
 20
61.31496
 30
0.0
  0
POINT
  5
4F0
330
4E6
100
AcDbEntity
  8
Defpoints
 62
     0
100
AcDbPoint
 10
87.559917
 20
61.31496
 30
0.0
  0
POINT
  5
4F1
330
4E6
100
AcDbEntity
  8
Defpoints
 62
     0
100
AcDbPoint
 10
87.559917
 20
61.31496
 30
0.0
  0
ENDBLK
  5
4F2
330
4E6
100
AcDbEntity
  8
0
100
AcDbBlockEnd
  0
BLOCK
  5
4F5
330
4F4
100
AcDbEntity
  8
0
100
AcDbBlockBegin
  2
*D18
 70
     1
 10
0.0
 20
0.0
 30
0.0
  3
*D18
  1
*D18
  0
LINE
  5
4F6
330
4F4
100
AcDbEntity
  8
0
 62
     1
370
    -2
100
AcDbLine
 10
97.387658
 20
74.624129
 30
0.0
 11
97.337658
 21
74.624129
 31
0.0
  0
LINE
  5
4F7
330
4F4
100
AcDbEntity
  8
0
 62
     1
370
    -2
100
AcDbLine
 10
97.387658
 20
80.014129
 30
0.0
 11
97.337658
 21
80.014129
 31
0.0
  0
LINE
  5
4F8
330
4F4
100
AcDbEntity
  8
0
 62
     1
370
    -2
100
AcDbLine
 10
97.387658
 20
74.804129
 30
0.0
 11
97.387658
 21
77.074129
 31
0.0
  0
LINE
  5
4F9
330
4F4
100
AcDbEntity
  8
0
 62
     1
370
    -2
100
AcDbLine
 10
97.387658
 20
79.834129
 30
0.0
 11
97.387658
 21
77.564129
 31
0.0
  0
SOLID
  5
4FA
330
4F4
100
AcDbEntity
  8
0
 62
     1
100
AcDbTrace
 10
97.357658
 20
74.804129
 30
0.0
 11
97.417658
 21
74.804129
 31
0.0
 12
97.387658
 22
74.624129
 32
0.0
 13
97.387658
 23
74.624129
 33
0.0
  0
SOLID
  5
4FB
330
4F4
100
AcDbEntity
  8
0
 62
     1
100
AcDbTrace
 10
97.417658
 20
79.834129
 30
0.0
 11
97.357658
 21
79.834129
 31
0.0
 12
97.387658
 22
80.014129
 32
0.0
 13
97.387658
 23
80.014129
 33
0.0
  0
MTEXT
  5
4FC
330
4F4
100
AcDbEntity
  8
0
 62
     3
100
AcDbMText
 10
97.387658
 20
77.319129
 30
0.0
 40
0.16
 41
0.0
 46
0.0
 71
     5
 72
     1
  1
\A1;5.39
  7
COTA
 11
9.280558181349583E-13
 21
1.0
 31
0.0
 73
     1
 44
1.0
  0
POINT
  5
4FD
330
4F4
100
AcDbEntity
  8
Defpoints
 62
     0
100
AcDbPoint
 10
97.387658
 20
74.624129
 30
0.0
  0
POINT
  5
4FE
330
4F4
100
AcDbEntity
  8
Defpoints
 62
     0
100
AcDbPoint
 10
97.387658
 20
80.014129
 30
0.0
  0
POINT
  5
4FF
330
4F4
100
AcDbEntity
  8
Defpoints
 62
     0
100
AcDbPoint
 10
97.387658
 20
80.014129
 30
0.0
  0
ENDBLK
  5
500
330
4F4
100
AcDbEntity
  8
0
100
AcDbBlockEnd
  0
BLOCK
  5
53F
330
53C
100
AcDbEntity
  8
0
100
AcDbBlockBegin
  2
A$C32ED78C8
 70
     0
 10
0.0
 20
0.0
 30
0.0
  3
A$C32ED78C8
  1
A$C32ED78C8
  0
LINE
  5
540
330
53C
100
AcDbEntity
  8
PLANTA
 62
     7
370
     9
100
AcDbLine
 10
0.06
 20
0.5
 30
0.0
 11
0.26
 21
0.5
 31
0.0
1001
AcDbBlockRepETag
1070
     1
1071
        0
1005
540
  0
LINE
  5
541
330
53C
100
AcDbEntity
  8
PLANTA
 62
     7
370
     9
100
AcDbLine
 10
0.26
 20
0.5
 30
0.0
 11
0.26
 21
0.0
 31
0.0
1001
AcDbBlockRepETag
1070
     1
1071
        1
1005
541
  0
LINE
  5
542
330
53C
100
AcDbEntity
  8
PLANTA
 62
     7
370
     9
100
AcDbLine
 10
0.26
 20
0.0
 30
0.0
 11
0.06
 21
0.0
 31
0.0
1001
AcDbBlockRepETag
1070
     1
1071
        2
1005
542
  0
LINE
  5
543
330
53C
100
AcDbEntity
  8
PLANTA
 62
     7
370
     9
100
AcDbLine
 10
0.06
 20
0.0
 30
0.0
 11
0.06
 21
0.5
 31
0.0
1001
AcDbBlockRepETag
1070
     1
1071
        3
1005
543
  0
INSERT
  5
544
330
53C
100
AcDbEntity
  8
PLANTA
 62
     7
370
     9
100
AcDbBlockReference
  2
VIGA
 10
-152.017828
 20
-226.658527
 30
0.0
1001
AcDbBlockRepETag
1070
     1
1071
        4
1005
544
  0
LINE
  5
553
330
53C
100
AcDbEntity
  8
PLANTA
 62
     7
370
     9
100
AcDbLine
 10
0.25
 20
0.49
 30
0.0
 11
0.255
 21
0.49
 31
0.0
1001
AcDbBlockRepETag
1070
     1
1071
        5
1005
553
  0
LINE
  5
554
330
53C
100
AcDbEntity
  8
PLANTA
 62
     7
370
     9
100
AcDbLine
 10
0.255
 20
0.01
 30
0.0
 11
0.25
 21
0.01
 31
0.0
1001
AcDbBlockRepETag
1070
     1
1071
        6
1005
554
  0
LINE
  5
555
330
53C
100
AcDbEntity
  8
PLANTA
 62
     7
370
     9
100
AcDbLine
 10
0.065
 20
0.01
 30
0.0
 11
0.065
 21
0.49
 31
0.0
1001
AcDbBlockRepETag
1070
     1
1071
        7
1005
555
  0
LINE
  5
556
330
53C
100
AcDbEntity
  8
PLANTA
 62
     7
370
     9
100
AcDbLine
 10
0.07
 20
0.01
 30
0.0
 11
0.07
 21
0.49
 31
0.0
1001
AcDbBlockRepETag
1070
     1
1071
        8
1005
556
  0
LINE
  5
557
330
53C
100
AcDbEntity
  8
PLANTA
 62
     7
370
     9
100
AcDbLine
 10
0.103
 20
0.043
 30
0.0
 11
0.103
 21
0.457
 31
0.0
1001
AcDbBlockRepETag
1070
     1
1071
        9
1005
557
  0
LINE
  5
558
330
53C
100
AcDbEntity
  8
PLANTA
 62
     7
370
     9
100
AcDbLine
 10
0.07
 20
0.49
 30
0.0
 11
0.065
 21
0.49
 31
0.0
1001
AcDbBlockRepETag
1070
     1
1071
       10
1005
558
  0
LINE
  5
559
330
53C
100
AcDbEntity
  8
PLANTA
 62
     7
370
     9
100
AcDbLine
 10
0.065
 20
0.01
 30
0.0
 11
0.07
 21
0.01
 31
0.0
1001
AcDbBlockRepETag
1070
     1
1071
       11
1005
559
  0
LINE
  5
55A
330
53C
100
AcDbEntity
  8
PLANTA
 62
     7
370
     9
100
AcDbLine
 10
0.07
 20
0.495
 30
0.0
 11
0.25
 21
0.495
 31
0.0
1001
AcDbBlockRepETag
1070
     1
1071
       12
1005
55A
  0
LINE
  5
55B
330
53C
100
AcDbEntity
  8
PLANTA
 62
     7
370
     9
100
AcDbLine
 10
0.25
 20
0.47
 30
0.0
 11
0.25
 21
0.495
 31
0.0
1001
AcDbBlockRepETag
1070
     1
1071
       13
1005
55B
  0
LINE
  5
55C
330
53C
100
AcDbEntity
  8
PLANTA
 62
     7
370
     9
100
AcDbLine
 10
0.07
 20
0.47
 30
0.0
 11
0.07
 21
0.495
 31
0.0
1001
AcDbBlockRepETag
1070
     1
1071
       14
1005
55C
  0
LINE
  5
55D
330
53C
100
AcDbEntity
  8
PLANTA
 62
     7
370
     9
100
AcDbLine
 10
0.07
 20
0.005
 30
0.0
 11
0.25
 21
0.005
 31
0.0
1001
AcDbBlockRepETag
1070
     1
1071
       15
1005
55D
  0
LINE
  5
55E
330
53C
100
AcDbEntity
  8
PLANTA
 62
     7
370
     9
100
AcDbLine
 10
0.07
 20
0.043
 30
0.0
 11
0.25
 21
0.043
 31
0.0
1001
AcDbBlockRepETag
1070
     1
1071
       16
1005
55E
  0
LINE
  5
55F
330
53C
100
AcDbEntity
  8
PLANTA
 62
     7
370
     9
100
AcDbLine
 10
0.07
 20
0.01
 30
0.0
 11
0.25
 21
0.01
 31
0.0
1001
AcDbBlockRepETag
1070
     1
1071
       17
1005
55F
  0
LINE
  5
560
330
53C
100
AcDbEntity
  8
PLANTA
 62
     7
370
     9
100
AcDbLine
 10
0.25
 20
0.043
 30
0.0
 11
0.25
 21
0.005
 31
0.0
1001
AcDbBlockRepETag
1070
     1
1071
       18
1005
560
  0
LINE
  5
561
330
53C
100
AcDbEntity
  8
PLANTA
 62
     7
370
     9
100
AcDbLine
 10
0.07
 20
0.043
 30
0.0
 11
0.07
 21
0.005
 31
0.0
1001
AcDbBlockRepETag
1070
     1
1071
       19
1005
561
  0
LINE
  5
562
330
53C
100
AcDbEntity
  8
PLANTA
 62
     7
370
     9
100
AcDbLine
 10
0.255
 20
0.01
 30
0.0
 11
0.255
 21
0.49
 31
0.0
1001
AcDbBlockRepETag
1070
     1
1071
       20
1005
562
  0
LINE
  5
563
330
53C
100
AcDbEntity
  8
PLANTA
 62
     7
370
     9
100
AcDbLine
 10
0.25
 20
0.01
 30
0.0
 11
0.25
 21
0.49
 31
0.0
1001
AcDbBlockRepETag
1070
     1
1071
       21
1005
563
  0
LINE
  5
564
330
53C
100
AcDbEntity
  8
PLANTA
 62
     7
370
     9
100
AcDbLine
 10
0.217
 20
0.043
 30
0.0
 11
0.217
 21
0.457
 31
0.0
1001
AcDbBlockRepETag
1070
     1
1071
       22
1005
564
  0
LINE
  5
565
330
53C
100
AcDbEntity
  8
PLANTA
 62
     7
370
     9
100
AcDbLine
 10
0.07
 20
0.495
 30
0.0
 11
0.25
 21
0.495
 31
0.0
1001
AcDbBlockRepETag
1070
     1
1071
       23
1005
565
  0
LINE
  5
566
330
53C
100
AcDbEntity
  8
PLANTA
 62
     7
370
     9
100
AcDbLine
 10
0.07
 20
0.457
 30
0.0
 11
0.25
 21
0.457
 31
0.0
1001
AcDbBlockRepETag
1070
     1
1071
       24
1005
566
  0
LINE
  5
567
330
53C
100
AcDbEntity
  8
PLANTA
 62
     7
370
     9
100
AcDbLine
 10
0.07
 20
0.49
 30
0.0
 11
0.25
 21
0.49
 31
0.0
1001
AcDbBlockRepETag
1070
     1
1071
       25
1005
567
  0
LINE
  5
568
330
53C
100
AcDbEntity
  8
PLANTA
 62
     7
370
     9
100
AcDbLine
 10
0.054
 20
0.5
 30
0.0
 11
0.06
 21
0.5
 31
0.0
1001
AcDbBlockRepETag
1070
     1
1071
       26
1005
568
  0
LINE
  5
569
330
53C
100
AcDbEntity
  8
PLANTA
 62
     7
370
     9
100
AcDbLine
 10
0.06
 20
0.5
 30
0.0
 11
0.06
 21
0.0
 31
0.0
1001
AcDbBlockRepETag
1070
     1
1071
       27
1005
569
  0
LINE
  5
56A
330
53C
100
AcDbEntity
  8
PLANTA
 62
     7
370
     9
100
AcDbLine
 10
0.06
 20
0.0
 30
0.0
 11
0.054
 21
0.0
 31
0.0
1001
AcDbBlockRepETag
1070
     1
1071
       28
1005
56A
  0
LINE
  5
56B
330
53C
100
AcDbEntity
  8
PLANTA
 62
     7
370
     9
100
AcDbLine
 10
0.054
 20
0.0
 30
0.0
 11
0.054
 21
0.5
 31
0.0
1001
AcDbBlockRepETag
1070
     1
1071
       29
1005
56B
  0
LINE
  5
56C
330
53C
100
AcDbEntity
  8
PLANTA
 62
     7
370
     9
100
AcDbLine
 10
0.266
 20
0.5
 30
0.0
 11
0.26
 21
0.5
 31
0.0
1001
AcDbBlockRepETag
1070
     1
1071
       30
1005
56C
  0
LINE
  5
56D
330
53C
100
AcDbEntity
  8
PLANTA
 62
     7
370
     9
100
AcDbLine
 10
0.26
 20
0.5
 30
0.0
 11
0.26
 21
0.0
 31
0.0
1001
AcDbBlockRepETag
1070
     1
1071
       31
1005
56D
  0
LINE
  5
56E
330
53C
100
AcDbEntity
  8
PLANTA
 62
     7
370
     9
100
AcDbLine
 10
0.26
 20
0.0
 30
0.0
 11
0.266
 21
0.0
 31
0.0
1001
AcDbBlockRepETag
1070
     1
1071
       32
1005
56E
  0
LINE
  5
56F
330
53C
100
AcDbEntity
  8
PLANTA
 62
     7
370
     9
100
AcDbLine
 10
0.266
 20
0.0
 30
0.0
 11
0.266
 21
0.5
 31
0.0
1001
AcDbBlockRepETag
1070
     1
1071
       33
1005
56F
  0
LWPOLYLINE
  5
570
330
53C
100
AcDbEntity
  8
PLANTA
 62
     7
370
     9
100
AcDbPolyline
 90
        4
 70
     1
 43
0.0
 10
0.0
 20
0.5
 10
0.32
 20
0.5
 10
0.32
 20
0.0
 10
0.0
 20
0.0
1001
AcDbBlockRepETag
1070
     1
1071
       34
1005
570
  0
LINE
  5
571
330
53C
100
AcDbEntity
  8
PLANTA
 62
     7
370
     9
100
AcDbLine
 10
0.033
 20
0.0
 30
0.0
 11
0.033
 21
0.5
 31
0.0
1001
AcDbBlockRepETag
1070
     1
1071
       35
1005
571
  0
LINE
  5
572
330
53C
100
AcDbEntity
  8
PLANTA
 62
     7
370
     9
100
AcDbLine
 10
0.046879
 20
0.04
 30
0.0
 11
0.019121
 21
0.04
 31
0.0
1001
AcDbBlockRepETag
1070
     1
1071
       36
1005
572
  0
CIRCLE
  5
573
330
53C
100
AcDbEntity
  8
PLANTA
 62
     7
370
     9
100
AcDbCircle
 10
0.033
 20
0.46
 30
0.0
 40
0.009
1001
AcDbBlockRepETag
1070
     1
1071
       37
1005
573
  0
CIRCLE
  5
574
330
53C
100
AcDbEntity
  8
PLANTA
 62
     7
370
     9
100
AcDbCircle
 10
0.033
 20
0.32
 30
0.0
 40
0.009
1001
AcDbBlockRepETag
1070
     1
1071
       38
1005
574
  0
CIRCLE
  5
575
330
53C
100
AcDbEntity
  8
PLANTA
 62
     7
370
     9
100
AcDbCircle
 10
0.033
 20
0.18
 30
0.0
 40
0.009
1001
AcDbBlockRepETag
1070
     1
1071
       39
1005
575
  0
CIRCLE
  5
576
330
53C
100
AcDbEntity
  8
PLANTA
 62
     7
370
     9
100
AcDbCircle
 10
0.033
 20
0.04
 30
0.0
 40
0.009
1001
AcDbBlockRepETag
1070
     1
1071
       40
1005
576
  0
LINE
  5
577
330
53C
100
AcDbEntity
  8
PLANTA
 62
     7
370
     9
100
AcDbLine
 10
0.046879
 20
0.18
 30
0.0
 11
0.019121
 21
0.18
 31
0.0
1001
AcDbBlockRepETag
1070
     1
1071
       41
1005
577
  0
LINE
  5
578
330
53C
100
AcDbEntity
  8
PLANTA
 62
     7
370
     9
100
AcDbLine
 10
0.046879
 20
0.32
 30
0.0
 11
0.019121
 21
0.32
 31
0.0
1001
AcDbBlockRepETag
1070
     1
1071
       42
1005
578
  0
LINE
  5
579
330
53C
100
AcDbEntity
  8
PLANTA
 62
     7
370
     9
100
AcDbLine
 10
0.046879
 20
0.46
 30
0.0
 11
0.019121
 21
0.46
 31
0.0
1001
AcDbBlockRepETag
1070
     1
1071
       43
1005
579
  0
LINE
  5
57A
330
53C
100
AcDbEntity
  8
PLANTA
 62
     7
370
     9
100
AcDbLine
 10
0.0105
 20
0.32
 30
0.0
 11
0.0555
 21
0.32
 31
0.0
1001
AcDbBlockRepETag
1070
     1
1071
       44
1005
57A
  0
LINE
  5
57B
330
53C
100
AcDbEntity
  8
PLANTA
 62
     7
370
     9
100
AcDbLine
 10
0.033
 20
0.2975
 30
0.0
 11
0.033
 21
0.3425
 31
0.0
1001
AcDbBlockRepETag
1070
     1
1071
       45
1005
57B
  0
LINE
  5
57C
330
53C
100
AcDbEntity
  8
PLANTA
 62
     7
370
     9
100
AcDbLine
 10
0.0105
 20
0.46
 30
0.0
 11
0.0555
 21
0.46
 31
0.0
1001
AcDbBlockRepETag
1070
     1
1071
       46
1005
57C
  0
LINE
  5
57D
330
53C
100
AcDbEntity
  8
PLANTA
 62
     7
370
     9
100
AcDbLine
 10
0.033
 20
0.4375
 30
0.0
 11
0.033
 21
0.4825
 31
0.0
1001
AcDbBlockRepETag
1070
     1
1071
       47
1005
57D
  0
LINE
  5
57E
330
53C
100
AcDbEntity
  8
PLANTA
 62
     7
370
     9
100
AcDbLine
 10
0.0105
 20
0.18
 30
0.0
 11
0.0555
 21
0.18
 31
0.0
1001
AcDbBlockRepETag
1070
     1
1071
       48
1005
57E
  0
LINE
  5
57F
330
53C
100
AcDbEntity
  8
PLANTA
 62
     7
370
     9
100
AcDbLine
 10
0.033
 20
0.1575
 30
0.0
 11
0.033
 21
0.2025
 31
0.0
1001
AcDbBlockRepETag
1070
     1
1071
       49
1005
57F
  0
LINE
  5
580
330
53C
100
AcDbEntity
  8
PLANTA
 62
     7
370
     9
100
AcDbLine
 10
0.0105
 20
0.04
 30
0.0
 11
0.0555
 21
0.04
 31
0.0
1001
AcDbBlockRepETag
1070
     1
1071
       50
1005
580
  0
LINE
  5
581
330
53C
100
AcDbEntity
  8
PLANTA
 62
     7
370
     9
100
AcDbLine
 10
0.033
 20
0.0175
 30
0.0
 11
0.033
 21
0.0625
 31
0.0
1001
AcDbBlockRepETag
1070
     1
1071
       51
1005
581
  0
LINE
  5
582
330
53C
100
AcDbEntity
  8
PLANTA
 62
     7
370
     9
100
AcDbLine
 10
0.266
 20
0.5
 30
0.0
 11
0.26
 21
0.5
 31
0.0
1001
AcDbBlockRepETag
1070
     1
1071
       52
1005
582
  0
LINE
  5
583
330
53C
100
AcDbEntity
  8
PLANTA
 62
     7
370
     9
100
AcDbLine
 10
0.26
 20
0.5
 30
0.0
 11
0.26
 21
0.0
 31
0.0
1001
AcDbBlockRepETag
1070
     1
1071
       53
1005
583
  0
LINE
  5
584
330
53C
100
AcDbEntity
  8
PLANTA
 62
     7
370
     9
100
AcDbLine
 10
0.26
 20
0.0
 30
0.0
 11
0.266
 21
0.0
 31
0.0
1001
AcDbBlockRepETag
1070
     1
1071
       54
1005
584
  0
LINE
  5
585
330
53C
100
AcDbEntity
  8
PLANTA
 62
     7
370
     9
100
AcDbLine
 10
0.266
 20
0.0
 30
0.0
 11
0.266
 21
0.5
 31
0.0
1001
AcDbBlockRepETag
1070
     1
1071
       55
1005
585
  0
LINE
  5
586
330
53C
100
AcDbEntity
  8
PLANTA
 62
     7
370
     9
100
AcDbLine
 10
0.287
 20
0.0
 30
0.0
 11
0.287
 21
0.5
 31
0.0
1001
AcDbBlockRepETag
1070
     1
1071
       56
1005
586
  0
LINE
  5
587
330
53C
100
AcDbEntity
  8
PLANTA
 62
     7
370
     9
100
AcDbLine
 10
0.273121
 20
0.04
 30
0.0
 11
0.300879
 21
0.04
 31
0.0
1001
AcDbBlockRepETag
1070
     1
1071
       57
1005
587
  0
CIRCLE
  5
588
330
53C
100
AcDbEntity
  8
PLANTA
 62
     7
370
     9
100
AcDbCircle
 10
0.287
 20
0.46
 30
0.0
 40
0.009
1001
AcDbBlockRepETag
1070
     1
1071
       58
1005
588
  0
CIRCLE
  5
589
330
53C
100
AcDbEntity
  8
PLANTA
 62
     7
370
     9
100
AcDbCircle
 10
0.287
 20
0.32
 30
0.0
 40
0.009
1001
AcDbBlockRepETag
1070
     1
1071
       59
1005
589
  0
CIRCLE
  5
58A
330
53C
100
AcDbEntity
  8
PLANTA
 62
     7
370
     9
100
AcDbCircle
 10
0.287
 20
0.18
 30
0.0
 40
0.009
1001
AcDbBlockRepETag
1070
     1
1071
       60
1005
58A
  0
CIRCLE
  5
58B
330
53C
100
AcDbEntity
  8
PLANTA
 62
     7
370
     9
100
AcDbCircle
 10
0.287
 20
0.04
 30
0.0
 40
0.009
1001
AcDbBlockRepETag
1070
     1
1071
       61
1005
58B
  0
LINE
  5
58C
330
53C
100
AcDbEntity
  8
PLANTA
 62
     7
370
     9
100
AcDbLine
 10
0.273121
 20
0.18
 30
0.0
 11
0.300879
 21
0.18
 31
0.0
1001
AcDbBlockRepETag
1070
     1
1071
       62
1005
58C
  0
LINE
  5
58D
330
53C
100
AcDbEntity
  8
PLANTA
 62
     7
370
     9
100
AcDbLine
 10
0.273121
 20
0.32
 30
0.0
 11
0.300879
 21
0.32
 31
0.0
1001
AcDbBlockRepETag
1070
     1
1071
       63
1005
58D
  0
LINE
  5
58E
330
53C
100
AcDbEntity
  8
PLANTA
 62
     7
370
     9
100
AcDbLine
 10
0.273121
 20
0.46
 30
0.0
 11
0.300879
 21
0.46
 31
0.0
1001
AcDbBlockRepETag
1070
     1
1071
       64
1005
58E
  0
LINE
  5
58F
330
53C
100
AcDbEntity
  8
PLANTA
 62
     7
370
     9
100
AcDbLine
 10
0.3095
 20
0.32
 30
0.0
 11
0.2645
 21
0.32
 31
0.0
1001
AcDbBlockRepETag
1070
     1
1071
       65
1005
58F
  0
LINE
  5
590
330
53C
100
AcDbEntity
  8
PLANTA
 62
     7
370
     9
100
AcDbLine
 10
0.287
 20
0.2975
 30
0.0
 11
0.287
 21
0.3425
 31
0.0
1001
AcDbBlockRepETag
1070
     1
1071
       66
1005
590
  0
LINE
  5
591
330
53C
100
AcDbEntity
  8
PLANTA
 62
     7
370
     9
100
AcDbLine
 10
0.3095
 20
0.46
 30
0.0
 11
0.2645
 21
0.46
 31
0.0
1001
AcDbBlockRepETag
1070
     1
1071
       67
1005
591
  0
LINE
  5
592
330
53C
100
AcDbEntity
  8
PLANTA
 62
     7
370
     9
100
AcDbLine
 10
0.287
 20
0.4375
 30
0.0
 11
0.287
 21
0.4825
 31
0.0
1001
AcDbBlockRepETag
1070
     1
1071
       68
1005
592
  0
LINE
  5
593
330
53C
100
AcDbEntity
  8
PLANTA
 62
     7
370
     9
100
AcDbLine
 10
0.3095
 20
0.18
 30
0.0
 11
0.2645
 21
0.18
 31
0.0
1001
AcDbBlockRepETag
1070
     1
1071
       69
1005
593
  0
LINE
  5
594
330
53C
100
AcDbEntity
  8
PLANTA
 62
     7
370
     9
100
AcDbLine
 10
0.287
 20
0.1575
 30
0.0
 11
0.287
 21
0.2025
 31
0.0
1001
AcDbBlockRepETag
1070
     1
1071
       70
1005
594
  0
LINE
  5
595
330
53C
100
AcDbEntity
  8
PLANTA
 62
     7
370
     9
100
AcDbLine
 10
0.3095
 20
0.04
 30
0.0
 11
0.2645
 21
0.04
 31
0.0
1001
AcDbBlockRepETag
1070
     1
1071
       71
1005
595
  0
LINE
  5
596
330
53C
100
AcDbEntity
  8
PLANTA
 62
     7
370
     9
100
AcDbLine
 10
0.287
 20
0.0175
 30
0.0
 11
0.287
 21
0.0625
 31
0.0
1001
AcDbBlockRepETag
1070
     1
1071
       72
1005
596
  0
ENDBLK
  5
597
330
53C
100
AcDbEntity
  8
0
100
AcDbBlockEnd
  0
BLOCK
  5
549
330
545
100
AcDbEntity
  8
0
100
AcDbBlockBegin
  2
VIGA
 70
     0
 10
0.0
 20
0.0
 30
0.0
  3
VIGA
  1
VIGA
  0
REGION
  5
54A
330
545
100
AcDbEntity
  8
0
 62
     8
370
     5
100
AcDbModelerGeometry
290
     1
  2
{3A5DCFE6-888B-4607-8F72-1BEFA1A759C3}
1001
AcDbBlockRepETag
1070
     1
1071
        0
1005
54A
  0
REGION
  5
54B
330
545
100
AcDbEntity
  8
0
 62
     8
370
     5
100
AcDbModelerGeometry
290
     1
  2
{5CAA71C4-24EA-444F-B5BF-63228BDD0308}
1001
AcDbBlockRepETag
1070
     1
1071
        1
1005
54B
  0
REGION
  5
54C
330
545
100
AcDbEntity
  8
0
 62
     8
370
     5
100
AcDbModelerGeometry
290
     1
  2
{1414B7E7-4B41-4F94-B266-6BCED3227849}
1001
AcDbBlockRepETag
1070
     1
1071
        2
1005
54C
  0
REGION
  5
54D
330
545
100
AcDbEntity
  8
0
 62
     8
370
     5
100
AcDbModelerGeometry
290
     1
  2
{73DF1DE4-3145-42A8-B84A-EC967C976E9E}
1001
AcDbBlockRepETag
1070
     1
1071
        3
1005
54D
  0
HATCH
  5
54E
330
545
100
AcDbEntity
  8
0
 62
     8
370
     5
100
AcDbHatch
 10
0.0
 20
0.0
 30
0.0
210
0.0
220
0.0
230
1.0
  2
JIS_WOOD
 70
     0
 71
     0
 91
        1
 92
        7
 72
     1
 73
     1
 93
        7
 10
152.082827996644
 20
227.099527202875
 42
-0.414213562376425
 10
152.077827996644
 20
227.094527202875
 42
0.0
 10
152.0778279966441
 20
227.158527202875
 42
0.0
 10
152.141327996644
 20
227.158527202875
 42
-0.4142135623730951
 10
152.136327996644
 20
227.153527202875
 42
0.0
 10
152.0878279966441
 20
227.153527202875
 42
0.4142135623730951
 10
152.0828279966441
 20
227.148527202875
 42
0.0
 97
        0
 75
     0
 76
     1
 52
0.0
 41
0.005
 77
     0
 78
     1
 53
45.0
 43
0.0
 44
0.0
 45
-0.0024999999958049
 46
0.0024999999958049
 79
     0
 47
0.000367
 98
        1
 10
152.0823367040393
 20
227.1559950304119
1001
ACAD
1010
0.0
1020
0.0
1030
0.0
1001
AcDbBlockRepETag
1070
     1
1071
        4
1005
54E
  0
HATCH
  5
54F
330
545
100
AcDbEntity
  8
0
 62
     8
370
     5
100
AcDbHatch
 10
0.0
 20
0.0
 30
0.0
210
0.0
220
0.0
230
1.0
  2
JIS_WOOD
 70
     0
 71
     0
 91
        1
 92
        7
 72
     1
 73
     1
 93
        7
 10
152.272827996644
 20
227.099527202875
 42
0.414213562376425
 10
152.277827996644
 20
227.094527202875
 42
0.0
 10
152.277827996644
 20
227.158527202875
 42
0.0
 10
152.2143279966441
 20
227.158527202875
 42
0.4142135623730951
 10
152.2193279966441
 20
227.153527202875
 42
0.0
 10
152.267827996644
 20
227.153527202875
 42
-0.4142135623730951
 10
152.272827996644
 20
227.148527202875
 42
0.0
 97
        0
 75
     0
 76
     1
 52
0.0
 41
0.005
 77
     0
 78
     1
 53
135.0
 43
304.3556559932881
 44
0.0
 45
0.0024999999958049
 46
0.0024999999958049
 79
     0
 47
0.000367
 98
        1
 10
152.2733192892488
 20
227.1559950304119
1001
ACAD
1010
0.0
1020
0.0
1030
0.0
1001
AcDbBlockRepETag
1070
     1
1071
        5
1005
54F
  0
HATCH
  5
550
330
545
100
AcDbEntity
  8
0
 62
     8
370
     5
100
AcDbHatch
 10
0.0
 20
0.0
 30
0.0
210
0.0
220
0.0
230
1.0
  2
JIS_WOOD
 70
     0
 71
     0
 91
        1
 92
        7
 72
     1
 73
     1
 93
        7
 10
152.082827996644
 20
226.717527202875
 42
0.414213562376425
 10
152.077827996644
 20
226.7225272028751
 42
0.0
 10
152.0778279966441
 20
226.658527202875
 42
0.0
 10
152.141327996644
 20
226.658527202875
 42
0.4142135623730951
 10
152.136327996644
 20
226.663527202875
 42
0.0
 10
152.0878279966441
 20
226.663527202875
 42
-0.4142135623730951
 10
152.0828279966441
 20
226.668527202875
 42
0.0
 97
        0
 75
     0
 76
     1
 52
0.0
 41
0.005
 77
     0
 78
     1
 53
315.0
 43
0.0
 44
453.81705440575
 45
-0.0024999999958049
 46
-0.0024999999958049
 79
     0
 47
0.000367
 98
        1
 10
152.0823367040393
 20
226.6610593753381
1001
ACAD
1010
0.0
1020
0.0
1030
0.0
1001
AcDbBlockRepETag
1070
     1
1071
        6
1005
550
  0
HATCH
  5
551
330
545
100
AcDbEntity
  8
0
 62
     8
370
     5
100
AcDbHatch
 10
0.0
 20
0.0
 30
0.0
210
0.0
220
0.0
230
1.0
  2
JIS_WOOD
 70
     0
 71
     0
 91
        1
 92
        7
 72
     1
 73
     1
 93
        7
 10
152.272827996644
 20
226.717527202875
 42
-0.414213562376425
 10
152.277827996644
 20
226.7225272028751
 42
0.0
 10
152.277827996644
 20
226.658527202875
 42
0.0
 10
152.2143279966441
 20
226.658527202875
 42
-0.4142135623730951
 10
152.2193279966441
 20
226.663527202875
 42
0.0
 10
152.267827996644
 20
226.663527202875
 42
0.4142135623730951
 10
152.272827996644
 20
226.668527202875
 42
0.0
 97
        0
 75
     0
 76
     1
 52
0.0
 41
0.005
 77
     0
 78
     1
 53
225.0
 43
304.3556559932881
 44
453.81705440575
 45
0.0024999999958049
 46
-0.0024999999958049
 79
     0
 47
0.000367
 98
        1
 10
152.2733192892488
 20
226.6610593753381
1001
ACAD
1010
0.0
1020
0.0
1030
0.0
1001
AcDbBlockRepETag
1070
     1
1071
        7
1005
551
  0
ENDBLK
  5
552
330
545
100
AcDbEntity
  8
0
100
AcDbBlockEnd
  0
BLOCK
  5
59D
330
59A
100
AcDbEntity
  8
0
100
AcDbBlockBegin
  2
A$C0B4364DB
 70
     0
 10
0.0
 20
0.0
 30
0.0
  3
A$C0B4364DB
  1
A$C0B4364DB
  0
LINE
  5
59E
330
59A
100
AcDbEntity
  8
PLANTA
 62
     7
370
     9
100
AcDbLine
 10
0.06
 20
0.5
 30
0.0
 11
0.26
 21
0.5
 31
0.0
1001
AcDbBlockRepETag
1070
     1
1071
        0
1005
59E
  0
LINE
  5
59F
330
59A
100
AcDbEntity
  8
PLANTA
 62
     7
370
     9
100
AcDbLine
 10
0.26
 20
0.5
 30
0.0
 11
0.26
 21
0.0
 31
0.0
1001
AcDbBlockRepETag
1070
     1
1071
        1
1005
59F
  0
LINE
  5
5A0
330
59A
100
AcDbEntity
  8
PLANTA
 62
     7
370
     9
100
AcDbLine
 10
0.26
 20
0.0
 30
0.0
 11
0.06
 21
0.0
 31
0.0
1001
AcDbBlockRepETag
1070
     1
1071
        2
1005
5A0
  0
LINE
  5
5A1
330
59A
100
AcDbEntity
  8
PLANTA
 62
     7
370
     9
100
AcDbLine
 10
0.06
 20
0.0
 30
0.0
 11
0.06
 21
0.5
 31
0.0
1001
AcDbBlockRepETag
1070
     1
1071
        3
1005
5A1
  0
INSERT
  5
5A2
330
59A
100
AcDbEntity
  8
PLANTA
 62
     7
370
     9
100
AcDbBlockReference
  2
VIGA
 10
-152.017828
 20
-226.658527
 30
0.0
1001
AcDbBlockRepETag
1070
     1
1071
        4
1005
5A2
  0
LINE
  5
5A3
330
59A
100
AcDbEntity
  8
PLANTA
 62
     7
370
     9
100
AcDbLine
 10
0.25
 20
0.49
 30
0.0
 11
0.255
 21
0.49
 31
0.0
1001
AcDbBlockRepETag
1070
     1
1071
        5
1005
5A3
  0
LINE
  5
5A4
330
59A
100
AcDbEntity
  8
PLANTA
 62
     7
370
     9
100
AcDbLine
 10
0.255
 20
0.01
 30
0.0
 11
0.25
 21
0.01
 31
0.0
1001
AcDbBlockRepETag
1070
     1
1071
        6
1005
5A4
  0
LINE
  5
5A5
330
59A
100
AcDbEntity
  8
PLANTA
 62
     7
370
     9
100
AcDbLine
 10
0.065
 20
0.01
 30
0.0
 11
0.065
 21
0.49
 31
0.0
1001
AcDbBlockRepETag
1070
     1
1071
        7
1005
5A5
  0
LINE
  5
5A6
330
59A
100
AcDbEntity
  8
PLANTA
 62
     7
370
     9
100
AcDbLine
 10
0.07
 20
0.01
 30
0.0
 11
0.07
 21
0.49
 31
0.0
1001
AcDbBlockRepETag
1070
     1
1071
        8
1005
5A6
  0
LINE
  5
5A7
330
59A
100
AcDbEntity
  8
PLANTA
 62
     7
370
     9
100
AcDbLine
 10
0.103
 20
0.043
 30
0.0
 11
0.103
 21
0.457
 31
0.0
1001
AcDbBlockRepETag
1070
     1
1071
        9
1005
5A7
  0
LINE
  5
5A8
330
59A
100
AcDbEntity
  8
PLANTA
 62
     7
370
     9
100
AcDbLine
 10
0.07
 20
0.49
 30
0.0
 11
0.065
 21
0.49
 31
0.0
1001
AcDbBlockRepETag
1070
     1
1071
       10
1005
5A8
  0
LINE
  5
5A9
330
59A
100
AcDbEntity
  8
PLANTA
 62
     7
370
     9
100
AcDbLine
 10
0.065
 20
0.01
 30
0.0
 11
0.07
 21
0.01
 31
0.0
1001
AcDbBlockRepETag
1070
     1
1071
       11
1005
5A9
  0
LINE
  5
5AA
330
59A
100
AcDbEntity
  8
PLANTA
 62
     7
370
     9
100
AcDbLine
 10
0.07
 20
0.495
 30
0.0
 11
0.25
 21
0.495
 31
0.0
1001
AcDbBlockRepETag
1070
     1
1071
       12
1005
5AA
  0
LINE
  5
5AB
330
59A
100
AcDbEntity
  8
PLANTA
 62
     7
370
     9
100
AcDbLine
 10
0.25
 20
0.47
 30
0.0
 11
0.25
 21
0.495
 31
0.0
1001
AcDbBlockRepETag
1070
     1
1071
       13
1005
5AB
  0
LINE
  5
5AC
330
59A
100
AcDbEntity
  8
PLANTA
 62
     7
370
     9
100
AcDbLine
 10
0.07
 20
0.47
 30
0.0
 11
0.07
 21
0.495
 31
0.0
1001
AcDbBlockRepETag
1070
     1
1071
       14
1005
5AC
  0
LINE
  5
5AD
330
59A
100
AcDbEntity
  8
PLANTA
 62
     7
370
     9
100
AcDbLine
 10
0.07
 20
0.005
 30
0.0
 11
0.25
 21
0.005
 31
0.0
1001
AcDbBlockRepETag
1070
     1
1071
       15
1005
5AD
  0
LINE
  5
5AE
330
59A
100
AcDbEntity
  8
PLANTA
 62
     7
370
     9
100
AcDbLine
 10
0.07
 20
0.043
 30
0.0
 11
0.25
 21
0.043
 31
0.0
1001
AcDbBlockRepETag
1070
     1
1071
       16
1005
5AE
  0
LINE
  5
5AF
330
59A
100
AcDbEntity
  8
PLANTA
 62
     7
370
     9
100
AcDbLine
 10
0.07
 20
0.01
 30
0.0
 11
0.25
 21
0.01
 31
0.0
1001
AcDbBlockRepETag
1070
     1
1071
       17
1005
5AF
  0
LINE
  5
5B0
330
59A
100
AcDbEntity
  8
PLANTA
 62
     7
370
     9
100
AcDbLine
 10
0.25
 20
0.043
 30
0.0
 11
0.25
 21
0.005
 31
0.0
1001
AcDbBlockRepETag
1070
     1
1071
       18
1005
5B0
  0
LINE
  5
5B1
330
59A
100
AcDbEntity
  8
PLANTA
 62
     7
370
     9
100
AcDbLine
 10
0.07
 20
0.043
 30
0.0
 11
0.07
 21
0.005
 31
0.0
1001
AcDbBlockRepETag
1070
     1
1071
       19
1005
5B1
  0
LINE
  5
5B2
330
59A
100
AcDbEntity
  8
PLANTA
 62
     7
370
     9
100
AcDbLine
 10
0.255
 20
0.01
 30
0.0
 11
0.255
 21
0.49
 31
0.0
1001
AcDbBlockRepETag
1070
     1
1071
       20
1005
5B2
  0
LINE
  5
5B3
330
59A
100
AcDbEntity
  8
PLANTA
 62
     7
370
     9
100
AcDbLine
 10
0.25
 20
0.01
 30
0.0
 11
0.25
 21
0.49
 31
0.0
1001
AcDbBlockRepETag
1070
     1
1071
       21
1005
5B3
  0
LINE
  5
5B4
330
59A
100
AcDbEntity
  8
PLANTA
 62
     7
370
     9
100
AcDbLine
 10
0.217
 20
0.043
 30
0.0
 11
0.217
 21
0.457
 31
0.0
1001
AcDbBlockRepETag
1070
     1
1071
       22
1005
5B4
  0
LINE
  5
5B5
330
59A
100
AcDbEntity
  8
PLANTA
 62
     7
370
     9
100
AcDbLine
 10
0.07
 20
0.495
 30
0.0
 11
0.25
 21
0.495
 31
0.0
1001
AcDbBlockRepETag
1070
     1
1071
       23
1005
5B5
  0
LINE
  5
5B6
330
59A
100
AcDbEntity
  8
PLANTA
 62
     7
370
     9
100
AcDbLine
 10
0.07
 20
0.457
 30
0.0
 11
0.25
 21
0.457
 31
0.0
1001
AcDbBlockRepETag
1070
     1
1071
       24
1005
5B6
  0
LINE
  5
5B7
330
59A
100
AcDbEntity
  8
PLANTA
 62
     7
370
     9
100
AcDbLine
 10
0.07
 20
0.49
 30
0.0
 11
0.25
 21
0.49
 31
0.0
1001
AcDbBlockRepETag
1070
     1
1071
       25
1005
5B7
  0
LINE
  5
5B8
330
59A
100
AcDbEntity
  8
PLANTA
 62
     7
370
     9
100
AcDbLine
 10
0.054
 20
0.5
 30
0.0
 11
0.06
 21
0.5
 31
0.0
1001
AcDbBlockRepETag
1070
     1
1071
       26
1005
5B8
  0
LINE
  5
5B9
330
59A
100
AcDbEntity
  8
PLANTA
 62
     7
370
     9
100
AcDbLine
 10
0.06
 20
0.5
 30
0.0
 11
0.06
 21
0.0
 31
0.0
1001
AcDbBlockRepETag
1070
     1
1071
       27
1005
5B9
  0
LINE
  5
5BA
330
59A
100
AcDbEntity
  8
PLANTA
 62
     7
370
     9
100
AcDbLine
 10
0.06
 20
0.0
 30
0.0
 11
0.054
 21
0.0
 31
0.0
1001
AcDbBlockRepETag
1070
     1
1071
       28
1005
5BA
  0
LINE
  5
5BB
330
59A
100
AcDbEntity
  8
PLANTA
 62
     7
370
     9
100
AcDbLine
 10
0.054
 20
0.0
 30
0.0
 11
0.054
 21
0.5
 31
0.0
1001
AcDbBlockRepETag
1070
     1
1071
       29
1005
5BB
  0
LINE
  5
5BC
330
59A
100
AcDbEntity
  8
PLANTA
 62
     7
370
     9
100
AcDbLine
 10
0.266
 20
0.5
 30
0.0
 11
0.26
 21
0.5
 31
0.0
1001
AcDbBlockRepETag
1070
     1
1071
       30
1005
5BC
  0
LINE
  5
5BD
330
59A
100
AcDbEntity
  8
PLANTA
 62
     7
370
     9
100
AcDbLine
 10
0.26
 20
0.5
 30
0.0
 11
0.26
 21
0.0
 31
0.0
1001
AcDbBlockRepETag
1070
     1
1071
       31
1005
5BD
  0
LINE
  5
5BE
330
59A
100
AcDbEntity
  8
PLANTA
 62
     7
370
     9
100
AcDbLine
 10
0.26
 20
0.0
 30
0.0
 11
0.266
 21
0.0
 31
0.0
1001
AcDbBlockRepETag
1070
     1
1071
       32
1005
5BE
  0
LINE
  5
5BF
330
59A
100
AcDbEntity
  8
PLANTA
 62
     7
370
     9
100
AcDbLine
 10
0.266
 20
0.0
 30
0.0
 11
0.266
 21
0.5
 31
0.0
1001
AcDbBlockRepETag
1070
     1
1071
       33
1005
5BF
  0
LWPOLYLINE
  5
5C0
330
59A
100
AcDbEntity
  8
PLANTA
 62
     7
370
     9
100
AcDbPolyline
 90
        4
 70
     1
 43
0.0
 10
0.0
 20
0.5
 10
0.32
 20
0.5
 10
0.32
 20
0.0
 10
0.0
 20
0.0
1001
AcDbBlockRepETag
1070
     1
1071
       34
1005
5C0
  0
LINE
  5
5C1
330
59A
100
AcDbEntity
  8
PLANTA
 62
     7
370
     9
100
AcDbLine
 10
0.033
 20
0.0
 30
0.0
 11
0.033
 21
0.5
 31
0.0
1001
AcDbBlockRepETag
1070
     1
1071
       35
1005
5C1
  0
LINE
  5
5C2
330
59A
100
AcDbEntity
  8
PLANTA
 62
     7
370
     9
100
AcDbLine
 10
0.046879
 20
0.04
 30
0.0
 11
0.019121
 21
0.04
 31
0.0
1001
AcDbBlockRepETag
1070
     1
1071
       36
1005
5C2
  0
CIRCLE
  5
5C3
330
59A
100
AcDbEntity
  8
PLANTA
 62
     7
370
     9
100
AcDbCircle
 10
0.033
 20
0.46
 30
0.0
 40
0.009
1001
AcDbBlockRepETag
1070
     1
1071
       37
1005
5C3
  0
CIRCLE
  5
5C4
330
59A
100
AcDbEntity
  8
PLANTA
 62
     7
370
     9
100
AcDbCircle
 10
0.033
 20
0.32
 30
0.0
 40
0.009
1001
AcDbBlockRepETag
1070
     1
1071
       38
1005
5C4
  0
CIRCLE
  5
5C5
330
59A
100
AcDbEntity
  8
PLANTA
 62
     7
370
     9
100
AcDbCircle
 10
0.033
 20
0.18
 30
0.0
 40
0.009
1001
AcDbBlockRepETag
1070
     1
1071
       39
1005
5C5
  0
CIRCLE
  5
5C6
330
59A
100
AcDbEntity
  8
PLANTA
 62
     7
370
     9
100
AcDbCircle
 10
0.033
 20
0.04
 30
0.0
 40
0.009
1001
AcDbBlockRepETag
1070
     1
1071
       40
1005
5C6
  0
LINE
  5
5C7
330
59A
100
AcDbEntity
  8
PLANTA
 62
     7
370
     9
100
AcDbLine
 10
0.046879
 20
0.18
 30
0.0
 11
0.019121
 21
0.18
 31
0.0
1001
AcDbBlockRepETag
1070
     1
1071
       41
1005
5C7
  0
LINE
  5
5C8
330
59A
100
AcDbEntity
  8
PLANTA
 62
     7
370
     9
100
AcDbLine
 10
0.046879
 20
0.32
 30
0.0
 11
0.019121
 21
0.32
 31
0.0
1001
AcDbBlockRepETag
1070
     1
1071
       42
1005
5C8
  0
LINE
  5
5C9
330
59A
100
AcDbEntity
  8
PLANTA
 62
     7
370
     9
100
AcDbLine
 10
0.046879
 20
0.46
 30
0.0
 11
0.019121
 21
0.46
 31
0.0
1001
AcDbBlockRepETag
1070
     1
1071
       43
1005
5C9
  0
LINE
  5
5CA
330
59A
100
AcDbEntity
  8
PLANTA
 62
     7
370
     9
100
AcDbLine
 10
0.0105
 20
0.32
 30
0.0
 11
0.0555
 21
0.32
 31
0.0
1001
AcDbBlockRepETag
1070
     1
1071
       44
1005
5CA
  0
LINE
  5
5CB
330
59A
100
AcDbEntity
  8
PLANTA
 62
     7
370
     9
100
AcDbLine
 10
0.033
 20
0.2975
 30
0.0
 11
0.033
 21
0.3425
 31
0.0
1001
AcDbBlockRepETag
1070
     1
1071
       45
1005
5CB
  0
LINE
  5
5CC
330
59A
100
AcDbEntity
  8
PLANTA
 62
     7
370
     9
100
AcDbLine
 10
0.0105
 20
0.46
 30
0.0
 11
0.0555
 21
0.46
 31
0.0
1001
AcDbBlockRepETag
1070
     1
1071
       46
1005
5CC
  0
LINE
  5
5CD
330
59A
100
AcDbEntity
  8
PLANTA
 62
     7
370
     9
100
AcDbLine
 10
0.033
 20
0.4375
 30
0.0
 11
0.033
 21
0.4825
 31
0.0
1001
AcDbBlockRepETag
1070
     1
1071
       47
1005
5CD
  0
LINE
  5
5CE
330
59A
100
AcDbEntity
  8
PLANTA
 62
     7
370
     9
100
AcDbLine
 10
0.0105
 20
0.18
 30
0.0
 11
0.0555
 21
0.18
 31
0.0
1001
AcDbBlockRepETag
1070
     1
1071
       48
1005
5CE
  0
LINE
  5
5CF
330
59A
100
AcDbEntity
  8
PLANTA
 62
     7
370
     9
100
AcDbLine
 10
0.033
 20
0.1575
 30
0.0
 11
0.033
 21
0.2025
 31
0.0
1001
AcDbBlockRepETag
1070
     1
1071
       49
1005
5CF
  0
LINE
  5
5D0
330
59A
100
AcDbEntity
  8
PLANTA
 62
     7
370
     9
100
AcDbLine
 10
0.0105
 20
0.04
 30
0.0
 11
0.0555
 21
0.04
 31
0.0
1001
AcDbBlockRepETag
1070
     1
1071
       50
1005
5D0
  0
LINE
  5
5D1
330
59A
100
AcDbEntity
  8
PLANTA
 62
     7
370
     9
100
AcDbLine
 10
0.033
 20
0.0175
 30
0.0
 11
0.033
 21
0.0625
 31
0.0
1001
AcDbBlockRepETag
1070
     1
1071
       51
1005
5D1
  0
LINE
  5
5D2
330
59A
100
AcDbEntity
  8
PLANTA
 62
     7
370
     9
100
AcDbLine
 10
0.266
 20
0.5
 30
0.0
 11
0.26
 21
0.5
 31
0.0
1001
AcDbBlockRepETag
1070
     1
1071
       52
1005
5D2
  0
LINE
  5
5D3
330
59A
100
AcDbEntity
  8
PLANTA
 62
     7
370
     9
100
AcDbLine
 10
0.26
 20
0.5
 30
0.0
 11
0.26
 21
0.0
 31
0.0
1001
AcDbBlockRepETag
1070
     1
1071
       53
1005
5D3
  0
LINE
  5
5D4
330
59A
100
AcDbEntity
  8
PLANTA
 62
     7
370
     9
100
AcDbLine
 10
0.26
 20
0.0
 30
0.0
 11
0.266
 21
0.0
 31
0.0
1001
AcDbBlockRepETag
1070
     1
1071
       54
1005
5D4
  0
LINE
  5
5D5
330
59A
100
AcDbEntity
  8
PLANTA
 62
     7
370
     9
100
AcDbLine
 10
0.266
 20
0.0
 30
0.0
 11
0.266
 21
0.5
 31
0.0
1001
AcDbBlockRepETag
1070
     1
1071
       55
1005
5D5
  0
LINE
  5
5D6
330
59A
100
AcDbEntity
  8
PLANTA
 62
     7
370
     9
100
AcDbLine
 10
0.287
 20
0.0
 30
0.0
 11
0.287
 21
0.5
 31
0.0
1001
AcDbBlockRepETag
1070
     1
1071
       56
1005
5D6
  0
LINE
  5
5D7
330
59A
100
AcDbEntity
  8
PLANTA
 62
     7
370
     9
100
AcDbLine
 10
0.273121
 20
0.04
 30
0.0
 11
0.300879
 21
0.04
 31
0.0
1001
AcDbBlockRepETag
1070
     1
1071
       57
1005
5D7
  0
CIRCLE
  5
5D8
330
59A
100
AcDbEntity
  8
PLANTA
 62
     7
370
     9
100
AcDbCircle
 10
0.287
 20
0.46
 30
0.0
 40
0.009
1001
AcDbBlockRepETag
1070
     1
1071
       58
1005
5D8
  0
CIRCLE
  5
5D9
330
59A
100
AcDbEntity
  8
PLANTA
 62
     7
370
     9
100
AcDbCircle
 10
0.287
 20
0.32
 30
0.0
 40
0.009
1001
AcDbBlockRepETag
1070
     1
1071
       59
1005
5D9
  0
CIRCLE
  5
5DA
330
59A
100
AcDbEntity
  8
PLANTA
 62
     7
370
     9
100
AcDbCircle
 10
0.287
 20
0.18
 30
0.0
 40
0.009
1001
AcDbBlockRepETag
1070
     1
1071
       60
1005
5DA
  0
CIRCLE
  5
5DB
330
59A
100
AcDbEntity
  8
PLANTA
 62
     7
370
     9
100
AcDbCircle
 10
0.287
 20
0.04
 30
0.0
 40
0.009
1001
AcDbBlockRepETag
1070
     1
1071
       61
1005
5DB
  0
LINE
  5
5DC
330
59A
100
AcDbEntity
  8
PLANTA
 62
     7
370
     9
100
AcDbLine
 10
0.273121
 20
0.18
 30
0.0
 11
0.300879
 21
0.18
 31
0.0
1001
AcDbBlockRepETag
1070
     1
1071
       62
1005
5DC
  0
LINE
  5
5DD
330
59A
100
AcDbEntity
  8
PLANTA
 62
     7
370
     9
100
AcDbLine
 10
0.273121
 20
0.32
 30
0.0
 11
0.300879
 21
0.32
 31
0.0
1001
AcDbBlockRepETag
1070
     1
1071
       63
1005
5DD
  0
LINE
  5
5DE
330
59A
100
AcDbEntity
  8
PLANTA
 62
     7
370
     9
100
AcDbLine
 10
0.273121
 20
0.46
 30
0.0
 11
0.300879
 21
0.46
 31
0.0
1001
AcDbBlockRepETag
1070
     1
1071
       64
1005
5DE
  0
LINE
  5
5DF
330
59A
100
AcDbEntity
  8
PLANTA
 62
     7
370
     9
100
AcDbLine
 10
0.3095
 20
0.32
 30
0.0
 11
0.2645
 21
0.32
 31
0.0
1001
AcDbBlockRepETag
1070
     1
1071
       65
1005
5DF
  0
LINE
  5
5E0
330
59A
100
AcDbEntity
  8
PLANTA
 62
     7
370
     9
100
AcDbLine
 10
0.287
 20
0.2975
 30
0.0
 11
0.287
 21
0.3425
 31
0.0
1001
AcDbBlockRepETag
1070
     1
1071
       66
1005
5E0
  0
LINE
  5
5E1
330
59A
100
AcDbEntity
  8
PLANTA
 62
     7
370
     9
100
AcDbLine
 10
0.3095
 20
0.46
 30
0.0
 11
0.2645
 21
0.46
 31
0.0
1001
AcDbBlockRepETag
1070
     1
1071
       67
1005
5E1
  0
LINE
  5
5E2
330
59A
100
AcDbEntity
  8
PLANTA
 62
     7
370
     9
100
AcDbLine
 10
0.287
 20
0.4375
 30
0.0
 11
0.287
 21
0.4825
 31
0.0
1001
AcDbBlockRepETag
1070
     1
1071
       68
1005
5E2
  0
LINE
  5
5E3
330
59A
100
AcDbEntity
  8
PLANTA
 62
     7
370
     9
100
AcDbLine
 10
0.3095
 20
0.18
 30
0.0
 11
0.2645
 21
0.18
 31
0.0
1001
AcDbBlockRepETag
1070
     1
1071
       69
1005
5E3
  0
LINE
  5
5E4
330
59A
100
AcDbEntity
  8
PLANTA
 62
     7
370
     9
100
AcDbLine
 10
0.287
 20
0.1575
 30
0.0
 11
0.287
 21
0.2025
 31
0.0
1001
AcDbBlockRepETag
1070
     1
1071
       70
1005
5E4
  0
LINE
  5
5E5
330
59A
100
AcDbEntity
  8
PLANTA
 62
     7
370
     9
100
AcDbLine
 10
0.3095
 20
0.04
 30
0.0
 11
0.2645
 21
0.04
 31
0.0
1001
AcDbBlockRepETag
1070
     1
1071
       71
1005
5E5
  0
LINE
  5
5E6
330
59A
100
AcDbEntity
  8
PLANTA
 62
     7
370
     9
100
AcDbLine
 10
0.287
 20
0.0175
 30
0.0
 11
0.287
 21
0.0625
 31
0.0
1001
AcDbBlockRepETag
1070
     1
1071
       72
1005
5E6
  0
ENDBLK
  5
5E7
330
59A
100
AcDbEntity
  8
0
100
AcDbBlockEnd
  0
BLOCK
  5
5ED
330
5EA
100
AcDbEntity
  8
0
100
AcDbBlockBegin
  2
A$C6BA06BDB
 70
     0
 10
0.0
 20
0.0
 30
0.0
  3
A$C6BA06BDB
  1
A$C6BA06BDB
  0
LINE
  5
5EE
330
5EA
100
AcDbEntity
  8
PLANTA
 62
     7
370
     9
100
AcDbLine
 10
0.06
 20
0.5
 30
0.0
 11
0.26
 21
0.5
 31
0.0
1001
AcDbBlockRepETag
1070
     1
1071
        0
1005
5EE
  0
LINE
  5
5EF
330
5EA
100
AcDbEntity
  8
PLANTA
 62
     7
370
     9
100
AcDbLine
 10
0.26
 20
0.5
 30
0.0
 11
0.26
 21
0.0
 31
0.0
1001
AcDbBlockRepETag
1070
     1
1071
        1
1005
5EF
  0
LINE
  5
5F0
330
5EA
100
AcDbEntity
  8
PLANTA
 62
     7
100
AcDbLine
 10
0.26
 20
0.0
 30
0.0
 11
0.06
 21
0.0
 31
0.0
1001
AcDbBlockRepETag
1070
     1
1071
        2
1005
5F0
  0
LINE
  5
5F1
330
5EA
100
AcDbEntity
  8
PLANTA
 62
     7
370
     9
100
AcDbLine
 10
0.06
 20
0.0
 30
0.0
 11
0.06
 21
0.5
 31
0.0
1001
AcDbBlockRepETag
1070
     1
1071
        3
1005
5F1
  0
INSERT
  5
5F2
330
5EA
100
AcDbEntity
  8
PLANTA
 62
     7
370
     9
100
AcDbBlockReference
  2
VIGA
 10
-152.017828
 20
-226.658527
 30
0.0
1001
AcDbBlockRepETag
1070
     1
1071
        4
1005
5F2
  0
LINE
  5
5F3
330
5EA
100
AcDbEntity
  8
PLANTA
 62
     7
370
     9
100
AcDbLine
 10
0.25
 20
0.49
 30
0.0
 11
0.255
 21
0.49
 31
0.0
1001
AcDbBlockRepETag
1070
     1
1071
        5
1005
5F3
  0
LINE
  5
5F4
330
5EA
100
AcDbEntity
  8
PLANTA
 62
     7
370
     9
100
AcDbLine
 10
0.255
 20
0.01
 30
0.0
 11
0.25
 21
0.01
 31
0.0
1001
AcDbBlockRepETag
1070
     1
1071
        6
1005
5F4
  0
LINE
  5
5F5
330
5EA
100
AcDbEntity
  8
PLANTA
 62
     7
370
     9
100
AcDbLine
 10
0.065
 20
0.01
 30
0.0
 11
0.065
 21
0.49
 31
0.0
1001
AcDbBlockRepETag
1070
     1
1071
        7
1005
5F5
  0
LINE
  5
5F6
330
5EA
100
AcDbEntity
  8
PLANTA
 62
     7
370
     9
100
AcDbLine
 10
0.07
 20
0.01
 30
0.0
 11
0.07
 21
0.49
 31
0.0
1001
AcDbBlockRepETag
1070
     1
1071
        8
1005
5F6
  0
LINE
  5
5F7
330
5EA
100
AcDbEntity
  8
PLANTA
 62
     7
370
     9
100
AcDbLine
 10
0.103
 20
0.043
 30
0.0
 11
0.103
 21
0.457
 31
0.0
1001
AcDbBlockRepETag
1070
     1
1071
        9
1005
5F7
  0
LINE
  5
5F8
330
5EA
100
AcDbEntity
  8
PLANTA
 62
     7
370
     9
100
AcDbLine
 10
0.07
 20
0.49
 30
0.0
 11
0.065
 21
0.49
 31
0.0
1001
AcDbBlockRepETag
1070
     1
1071
       10
1005
5F8
  0
LINE
  5
5F9
330
5EA
100
AcDbEntity
  8
PLANTA
 62
     7
370
     9
100
AcDbLine
 10
0.065
 20
0.01
 30
0.0
 11
0.07
 21
0.01
 31
0.0
1001
AcDbBlockRepETag
1070
     1
1071
       11
1005
5F9
  0
LINE
  5
5FA
330
5EA
100
AcDbEntity
  8
PLANTA
 62
     7
370
     9
100
AcDbLine
 10
0.07
 20
0.495
 30
0.0
 11
0.25
 21
0.495
 31
0.0
1001
AcDbBlockRepETag
1070
     1
1071
       12
1005
5FA
  0
LINE
  5
5FB
330
5EA
100
AcDbEntity
  8
PLANTA
 62
     7
370
     9
100
AcDbLine
 10
0.25
 20
0.47
 30
0.0
 11
0.25
 21
0.495
 31
0.0
1001
AcDbBlockRepETag
1070
     1
1071
       13
1005
5FB
  0
LINE
  5
5FC
330
5EA
100
AcDbEntity
  8
PLANTA
 62
     7
370
     9
100
AcDbLine
 10
0.07
 20
0.47
 30
0.0
 11
0.07
 21
0.495
 31
0.0
1001
AcDbBlockRepETag
1070
     1
1071
       14
1005
5FC
  0
LINE
  5
5FD
330
5EA
100
AcDbEntity
  8
PLANTA
 62
     7
370
     9
100
AcDbLine
 10
0.07
 20
0.005
 30
0.0
 11
0.25
 21
0.005
 31
0.0
1001
AcDbBlockRepETag
1070
     1
1071
       15
1005
5FD
  0
LINE
  5
5FE
330
5EA
100
AcDbEntity
  8
PLANTA
 62
     7
370
     9
100
AcDbLine
 10
0.07
 20
0.043
 30
0.0
 11
0.25
 21
0.043
 31
0.0
1001
AcDbBlockRepETag
1070
     1
1071
       16
1005
5FE
  0
LINE
  5
5FF
330
5EA
100
AcDbEntity
  8
PLANTA
 62
     7
370
     9
100
AcDbLine
 10
0.07
 20
0.01
 30
0.0
 11
0.25
 21
0.01
 31
0.0
1001
AcDbBlockRepETag
1070
     1
1071
       17
1005
5FF
  0
LINE
  5
600
330
5EA
100
AcDbEntity
  8
PLANTA
 62
     7
370
     9
100
AcDbLine
 10
0.25
 20
0.043
 30
0.0
 11
0.25
 21
0.005
 31
0.0
1001
AcDbBlockRepETag
1070
     1
1071
       18
1005
600
  0
LINE
  5
601
330
5EA
100
AcDbEntity
  8
PLANTA
 62
     7
370
     9
100
AcDbLine
 10
0.07
 20
0.043
 30
0.0
 11
0.07
 21
0.005
 31
0.0
1001
AcDbBlockRepETag
1070
     1
1071
       19
1005
601
  0
LINE
  5
602
330
5EA
100
AcDbEntity
  8
PLANTA
 62
     7
370
     9
100
AcDbLine
 10
0.255
 20
0.01
 30
0.0
 11
0.255
 21
0.49
 31
0.0
1001
AcDbBlockRepETag
1070
     1
1071
       20
1005
602
  0
LINE
  5
603
330
5EA
100
AcDbEntity
  8
PLANTA
 62
     7
370
     9
100
AcDbLine
 10
0.25
 20
0.01
 30
0.0
 11
0.25
 21
0.49
 31
0.0
1001
AcDbBlockRepETag
1070
     1
1071
       21
1005
603
  0
LINE
  5
604
330
5EA
100
AcDbEntity
  8
PLANTA
 62
     7
370
     9
100
AcDbLine
 10
0.217
 20
0.043
 30
0.0
 11
0.217
 21
0.457
 31
0.0
1001
AcDbBlockRepETag
1070
     1
1071
       22
1005
604
  0
LINE
  5
605
330
5EA
100
AcDbEntity
  8
PLANTA
 62
     7
370
     9
100
AcDbLine
 10
0.07
 20
0.495
 30
0.0
 11
0.25
 21
0.495
 31
0.0
1001
AcDbBlockRepETag
1070
     1
1071
       23
1005
605
  0
LINE
  5
606
330
5EA
100
AcDbEntity
  8
PLANTA
 62
     7
370
     9
100
AcDbLine
 10
0.07
 20
0.457
 30
0.0
 11
0.25
 21
0.457
 31
0.0
1001
AcDbBlockRepETag
1070
     1
1071
       24
1005
606
  0
LINE
  5
607
330
5EA
100
AcDbEntity
  8
PLANTA
 62
     7
370
     9
100
AcDbLine
 10
0.07
 20
0.49
 30
0.0
 11
0.25
 21
0.49
 31
0.0
1001
AcDbBlockRepETag
1070
     1
1071
       25
1005
607
  0
LINE
  5
608
330
5EA
100
AcDbEntity
  8
PLANTA
 62
     7
370
     9
100
AcDbLine
 10
0.054
 20
0.5
 30
0.0
 11
0.06
 21
0.5
 31
0.0
1001
AcDbBlockRepETag
1070
     1
1071
       26
1005
608
  0
LINE
  5
609
330
5EA
100
AcDbEntity
  8
PLANTA
 62
     7
370
     9
100
AcDbLine
 10
0.06
 20
0.5
 30
0.0
 11
0.06
 21
0.0
 31
0.0
1001
AcDbBlockRepETag
1070
     1
1071
       27
1005
609
  0
LINE
  5
60A
330
5EA
100
AcDbEntity
  8
PLANTA
 62
     7
100
AcDbLine
 10
0.06
 20
0.0
 30
0.0
 11
0.054
 21
0.0
 31
0.0
1001
AcDbBlockRepETag
1070
     1
1071
       28
1005
60A
  0
LINE
  5
60B
330
5EA
100
AcDbEntity
  8
PLANTA
 62
     7
370
     9
100
AcDbLine
 10
0.054
 20
0.0
 30
0.0
 11
0.054
 21
0.5
 31
0.0
1001
AcDbBlockRepETag
1070
     1
1071
       29
1005
60B
  0
LINE
  5
60C
330
5EA
100
AcDbEntity
  8
PLANTA
 62
     7
370
     9
100
AcDbLine
 10
0.266
 20
0.5
 30
0.0
 11
0.26
 21
0.5
 31
0.0
1001
AcDbBlockRepETag
1070
     1
1071
       30
1005
60C
  0
LINE
  5
60D
330
5EA
100
AcDbEntity
  8
PLANTA
 62
     7
370
     9
100
AcDbLine
 10
0.26
 20
0.5
 30
0.0
 11
0.26
 21
0.0
 31
0.0
1001
AcDbBlockRepETag
1070
     1
1071
       31
1005
60D
  0
LINE
  5
60E
330
5EA
100
AcDbEntity
  8
PLANTA
 62
     7
100
AcDbLine
 10
0.26
 20
0.0
 30
0.0
 11
0.266
 21
0.0
 31
0.0
1001
AcDbBlockRepETag
1070
     1
1071
       32
1005
60E
  0
LINE
  5
60F
330
5EA
100
AcDbEntity
  8
PLANTA
 62
     7
370
     9
100
AcDbLine
 10
0.266
 20
0.0
 30
0.0
 11
0.266
 21
0.5
 31
0.0
1001
AcDbBlockRepETag
1070
     1
1071
       33
1005
60F
  0
LWPOLYLINE
  5
610
330
5EA
100
AcDbEntity
  8
PLANTA
 62
     7
370
     9
100
AcDbPolyline
 90
        4
 70
     1
 43
0.0
 10
0.0
 20
0.5
 10
0.32
 20
0.5
 10
0.32
 20
0.0
 10
0.0
 20
0.0
1001
AcDbBlockRepETag
1070
     1
1071
       34
1005
610
  0
LINE
  5
611
330
5EA
100
AcDbEntity
  8
PLANTA
 62
     7
370
     9
100
AcDbLine
 10
0.033
 20
0.0
 30
0.0
 11
0.033
 21
0.5
 31
0.0
1001
AcDbBlockRepETag
1070
     1
1071
       35
1005
611
  0
LINE
  5
612
330
5EA
100
AcDbEntity
  8
PLANTA
 62
     7
370
     9
100
AcDbLine
 10
0.046879
 20
0.04
 30
0.0
 11
0.019121
 21
0.04
 31
0.0
1001
AcDbBlockRepETag
1070
     1
1071
       36
1005
612
  0
CIRCLE
  5
613
330
5EA
100
AcDbEntity
  8
PLANTA
 62
     7
370
     9
100
AcDbCircle
 10
0.033
 20
0.46
 30
0.0
 40
0.009
1001
AcDbBlockRepETag
1070
     1
1071
       37
1005
613
  0
CIRCLE
  5
614
330
5EA
100
AcDbEntity
  8
PLANTA
 62
     7
370
     9
100
AcDbCircle
 10
0.033
 20
0.32
 30
0.0
 40
0.009
1001
AcDbBlockRepETag
1070
     1
1071
       38
1005
614
  0
CIRCLE
  5
615
330
5EA
100
AcDbEntity
  8
PLANTA
 62
     7
370
     9
100
AcDbCircle
 10
0.033
 20
0.18
 30
0.0
 40
0.009
1001
AcDbBlockRepETag
1070
     1
1071
       39
1005
615
  0
CIRCLE
  5
616
330
5EA
100
AcDbEntity
  8
PLANTA
 62
     7
370
     9
100
AcDbCircle
 10
0.033
 20
0.04
 30
0.0
 40
0.009
1001
AcDbBlockRepETag
1070
     1
1071
       40
1005
616
  0
LINE
  5
617
330
5EA
100
AcDbEntity
  8
PLANTA
 62
     7
370
     9
100
AcDbLine
 10
0.046879
 20
0.18
 30
0.0
 11
0.019121
 21
0.18
 31
0.0
1001
AcDbBlockRepETag
1070
     1
1071
       41
1005
617
  0
LINE
  5
618
330
5EA
100
AcDbEntity
  8
PLANTA
 62
     7
370
     9
100
AcDbLine
 10
0.046879
 20
0.32
 30
0.0
 11
0.019121
 21
0.32
 31
0.0
1001
AcDbBlockRepETag
1070
     1
1071
       42
1005
618
  0
LINE
  5
619
330
5EA
100
AcDbEntity
  8
PLANTA
 62
     7
370
     9
100
AcDbLine
 10
0.046879
 20
0.46
 30
0.0
 11
0.019121
 21
0.46
 31
0.0
1001
AcDbBlockRepETag
1070
     1
1071
       43
1005
619
  0
LINE
  5
61A
330
5EA
100
AcDbEntity
  8
PLANTA
 62
     7
370
     9
100
AcDbLine
 10
0.0105
 20
0.32
 30
0.0
 11
0.0555
 21
0.32
 31
0.0
1001
AcDbBlockRepETag
1070
     1
1071
       44
1005
61A
  0
LINE
  5
61B
330
5EA
100
AcDbEntity
  8
PLANTA
 62
     7
370
     9
100
AcDbLine
 10
0.033
 20
0.2975
 30
0.0
 11
0.033
 21
0.3425
 31
0.0
1001
AcDbBlockRepETag
1070
     1
1071
       45
1005
61B
  0
LINE
  5
61C
330
5EA
100
AcDbEntity
  8
PLANTA
 62
     7
370
     9
100
AcDbLine
 10
0.0105
 20
0.46
 30
0.0
 11
0.0555
 21
0.46
 31
0.0
1001
AcDbBlockRepETag
1070
     1
1071
       46
1005
61C
  0
LINE
  5
61D
330
5EA
100
AcDbEntity
  8
PLANTA
 62
     7
370
     9
100
AcDbLine
 10
0.033
 20
0.4375
 30
0.0
 11
0.033
 21
0.4825
 31
0.0
1001
AcDbBlockRepETag
1070
     1
1071
       47
1005
61D
  0
LINE
  5
61E
330
5EA
100
AcDbEntity
  8
PLANTA
 62
     7
370
     9
100
AcDbLine
 10
0.0105
 20
0.18
 30
0.0
 11
0.0555
 21
0.18
 31
0.0
1001
AcDbBlockRepETag
1070
     1
1071
       48
1005
61E
  0
LINE
  5
61F
330
5EA
100
AcDbEntity
  8
PLANTA
 62
     7
370
     9
100
AcDbLine
 10
0.033
 20
0.1575
 30
0.0
 11
0.033
 21
0.2025
 31
0.0
1001
AcDbBlockRepETag
1070
     1
1071
       49
1005
61F
  0
LINE
  5
620
330
5EA
100
AcDbEntity
  8
PLANTA
 62
     7
370
     9
100
AcDbLine
 10
0.0105
 20
0.04
 30
0.0
 11
0.0555
 21
0.04
 31
0.0
1001
AcDbBlockRepETag
1070
     1
1071
       50
1005
620
  0
LINE
  5
621
330
5EA
100
AcDbEntity
  8
PLANTA
 62
     7
370
     9
100
AcDbLine
 10
0.033
 20
0.0175
 30
0.0
 11
0.033
 21
0.0625
 31
0.0
1001
AcDbBlockRepETag
1070
     1
1071
       51
1005
621
  0
LINE
  5
622
330
5EA
100
AcDbEntity
  8
PLANTA
 62
     7
370
     9
100
AcDbLine
 10
0.266
 20
0.5
 30
0.0
 11
0.26
 21
0.5
 31
0.0
1001
AcDbBlockRepETag
1070
     1
1071
       52
1005
622
  0
LINE
  5
623
330
5EA
100
AcDbEntity
  8
PLANTA
 62
     7
370
     9
100
AcDbLine
 10
0.26
 20
0.5
 30
0.0
 11
0.26
 21
0.0
 31
0.0
1001
AcDbBlockRepETag
1070
     1
1071
       53
1005
623
  0
LINE
  5
624
330
5EA
100
AcDbEntity
  8
PLANTA
 62
     7
100
AcDbLine
 10
0.26
 20
0.0
 30
0.0
 11
0.266
 21
0.0
 31
0.0
1001
AcDbBlockRepETag
1070
     1
1071
       54
1005
624
  0
LINE
  5
625
330
5EA
100
AcDbEntity
  8
PLANTA
 62
     7
370
     9
100
AcDbLine
 10
0.266
 20
0.0
 30
0.0
 11
0.266
 21
0.5
 31
0.0
1001
AcDbBlockRepETag
1070
     1
1071
       55
1005
625
  0
LINE
  5
626
330
5EA
100
AcDbEntity
  8
PLANTA
 62
     7
370
     9
100
AcDbLine
 10
0.287
 20
0.0
 30
0.0
 11
0.287
 21
0.5
 31
0.0
1001
AcDbBlockRepETag
1070
     1
1071
       56
1005
626
  0
LINE
  5
627
330
5EA
100
AcDbEntity
  8
PLANTA
 62
     7
370
     9
100
AcDbLine
 10
0.273121
 20
0.04
 30
0.0
 11
0.300879
 21
0.04
 31
0.0
1001
AcDbBlockRepETag
1070
     1
1071
       57
1005
627
  0
CIRCLE
  5
628
330
5EA
100
AcDbEntity
  8
PLANTA
 62
     7
370
     9
100
AcDbCircle
 10
0.287
 20
0.46
 30
0.0
 40
0.009
1001
AcDbBlockRepETag
1070
     1
1071
       58
1005
628
  0
CIRCLE
  5
629
330
5EA
100
AcDbEntity
  8
PLANTA
 62
     7
370
     9
100
AcDbCircle
 10
0.287
 20
0.32
 30
0.0
 40
0.009
1001
AcDbBlockRepETag
1070
     1
1071
       59
1005
629
  0
CIRCLE
  5
62A
330
5EA
100
AcDbEntity
  8
PLANTA
 62
     7
370
     9
100
AcDbCircle
 10
0.287
 20
0.18
 30
0.0
 40
0.009
1001
AcDbBlockRepETag
1070
     1
1071
       60
1005
62A
  0
CIRCLE
  5
62B
330
5EA
100
AcDbEntity
  8
PLANTA
 62
     7
370
     9
100
AcDbCircle
 10
0.287
 20
0.04
 30
0.0
 40
0.009
1001
AcDbBlockRepETag
1070
     1
1071
       61
1005
62B
  0
LINE
  5
62C
330
5EA
100
AcDbEntity
  8
PLANTA
 62
     7
370
     9
100
AcDbLine
 10
0.273121
 20
0.18
 30
0.0
 11
0.300879
 21
0.18
 31
0.0
1001
AcDbBlockRepETag
1070
     1
1071
       62
1005
62C
  0
LINE
  5
62D
330
5EA
100
AcDbEntity
  8
PLANTA
 62
     7
370
     9
100
AcDbLine
 10
0.273121
 20
0.32
 30
0.0
 11
0.300879
 21
0.32
 31
0.0
1001
AcDbBlockRepETag
1070
     1
1071
       63
1005
62D
  0
LINE
  5
62E
330
5EA
100
AcDbEntity
  8
PLANTA
 62
     7
370
     9
100
AcDbLine
 10
0.273121
 20
0.46
 30
0.0
 11
0.300879
 21
0.46
 31
0.0
1001
AcDbBlockRepETag
1070
     1
1071
       64
1005
62E
  0
LINE
  5
62F
330
5EA
100
AcDbEntity
  8
PLANTA
 62
     7
370
     9
100
AcDbLine
 10
0.3095
 20
0.32
 30
0.0
 11
0.2645
 21
0.32
 31
0.0
1001
AcDbBlockRepETag
1070
     1
1071
       65
1005
62F
  0
LINE
  5
630
330
5EA
100
AcDbEntity
  8
PLANTA
 62
     7
370
     9
100
AcDbLine
 10
0.287
 20
0.2975
 30
0.0
 11
0.287
 21
0.3425
 31
0.0
1001
AcDbBlockRepETag
1070
     1
1071
       66
1005
630
  0
LINE
  5
631
330
5EA
100
AcDbEntity
  8
PLANTA
 62
     7
370
     9
100
AcDbLine
 10
0.3095
 20
0.46
 30
0.0
 11
0.2645
 21
0.46
 31
0.0
1001
AcDbBlockRepETag
1070
     1
1071
       67
1005
631
  0
LINE
  5
632
330
5EA
100
AcDbEntity
  8
PLANTA
 62
     7
370
     9
100
AcDbLine
 10
0.287
 20
0.4375
 30
0.0
 11
0.287
 21
0.4825
 31
0.0
1001
AcDbBlockRepETag
1070
     1
1071
       68
1005
632
  0
LINE
  5
633
330
5EA
100
AcDbEntity
  8
PLANTA
 62
     7
370
     9
100
AcDbLine
 10
0.3095
 20
0.18
 30
0.0
 11
0.2645
 21
0.18
 31
0.0
1001
AcDbBlockRepETag
1070
     1
1071
       69
1005
633
  0
LINE
  5
634
330
5EA
100
AcDbEntity
  8
PLANTA
 62
     7
370
     9
100
AcDbLine
 10
0.287
 20
0.1575
 30
0.0
 11
0.287
 21
0.2025
 31
0.0
1001
AcDbBlockRepETag
1070
     1
1071
       70
1005
634
  0
LINE
  5
635
330
5EA
100
AcDbEntity
  8
PLANTA
 62
     7
370
     9
100
AcDbLine
 10
0.3095
 20
0.04
 30
0.0
 11
0.2645
 21
0.04
 31
0.0
1001
AcDbBlockRepETag
1070
     1
1071
       71
1005
635
  0
LINE
  5
636
330
5EA
100
AcDbEntity
  8
PLANTA
 62
     7
370
     9
100
AcDbLine
 10
0.287
 20
0.0175
 30
0.0
 11
0.287
 21
0.0625
 31
0.0
1001
AcDbBlockRepETag
1070
     1
1071
       72
1005
636
  0
ENDBLK
  5
637
330
5EA
100
AcDbEntity
  8
0
100
AcDbBlockEnd
  0
BLOCK
  5
63D
330
63A
100
AcDbEntity
  8
0
100
AcDbBlockBegin
  2
A$C1A5E3EEB
 70
     0
 10
0.0
 20
0.0
 30
0.0
  3
A$C1A5E3EEB
  1
A$C1A5E3EEB
  0
LINE
  5
63E
330
63A
100
AcDbEntity
  8
PLANTA
 62
     7
370
     9
100
AcDbLine
 10
0.06
 20
0.5
 30
0.0
 11
0.26
 21
0.5
 31
0.0
1001
AcDbBlockRepETag
1070
     1
1071
        0
1005
63E
  0
LINE
  5
63F
330
63A
100
AcDbEntity
  8
PLANTA
 62
     7
370
     9
100
AcDbLine
 10
0.26
 20
0.5
 30
0.0
 11
0.26
 21
0.0
 31
0.0
1001
AcDbBlockRepETag
1070
     1
1071
        1
1005
63F
  0
LINE
  5
640
330
63A
100
AcDbEntity
  8
PLANTA
 62
     7
370
     9
100
AcDbLine
 10
0.26
 20
0.0
 30
0.0
 11
0.06
 21
0.0
 31
0.0
1001
AcDbBlockRepETag
1070
     1
1071
        2
1005
640
  0
LINE
  5
641
330
63A
100
AcDbEntity
  8
PLANTA
 62
     7
370
     9
100
AcDbLine
 10
0.06
 20
0.0
 30
0.0
 11
0.06
 21
0.5
 31
0.0
1001
AcDbBlockRepETag
1070
     1
1071
        3
1005
641
  0
INSERT
  5
642
330
63A
100
AcDbEntity
  8
PLANTA
 62
     7
370
     9
100
AcDbBlockReference
  2
VIGA
 10
-152.017828
 20
-226.658527
 30
0.0
1001
AcDbBlockRepETag
1070
     1
1071
        4
1005
642
  0
LINE
  5
643
330
63A
100
AcDbEntity
  8
PLANTA
 62
     7
370
     9
100
AcDbLine
 10
0.25
 20
0.49
 30
0.0
 11
0.255
 21
0.49
 31
0.0
1001
AcDbBlockRepETag
1070
     1
1071
        5
1005
643
  0
LINE
  5
644
330
63A
100
AcDbEntity
  8
PLANTA
 62
     7
370
     9
100
AcDbLine
 10
0.255
 20
0.01
 30
0.0
 11
0.25
 21
0.01
 31
0.0
1001
AcDbBlockRepETag
1070
     1
1071
        6
1005
644
  0
LINE
  5
645
330
63A
100
AcDbEntity
  8
PLANTA
 62
     7
370
     9
100
AcDbLine
 10
0.065
 20
0.01
 30
0.0
 11
0.065
 21
0.49
 31
0.0
1001
AcDbBlockRepETag
1070
     1
1071
        7
1005
645
  0
LINE
  5
646
330
63A
100
AcDbEntity
  8
PLANTA
 62
     7
370
     9
100
AcDbLine
 10
0.07
 20
0.01
 30
0.0
 11
0.07
 21
0.49
 31
0.0
1001
AcDbBlockRepETag
1070
     1
1071
        8
1005
646
  0
LINE
  5
647
330
63A
100
AcDbEntity
  8
PLANTA
 62
     7
370
     9
100
AcDbLine
 10
0.103
 20
0.043
 30
0.0
 11
0.103
 21
0.457
 31
0.0
1001
AcDbBlockRepETag
1070
     1
1071
        9
1005
647
  0
LINE
  5
648
330
63A
100
AcDbEntity
  8
PLANTA
 62
     7
370
     9
100
AcDbLine
 10
0.07
 20
0.49
 30
0.0
 11
0.065
 21
0.49
 31
0.0
1001
AcDbBlockRepETag
1070
     1
1071
       10
1005
648
  0
LINE
  5
649
330
63A
100
AcDbEntity
  8
PLANTA
 62
     7
370
     9
100
AcDbLine
 10
0.065
 20
0.01
 30
0.0
 11
0.07
 21
0.01
 31
0.0
1001
AcDbBlockRepETag
1070
     1
1071
       11
1005
649
  0
LINE
  5
64A
330
63A
100
AcDbEntity
  8
PLANTA
 62
     7
370
     9
100
AcDbLine
 10
0.07
 20
0.495
 30
0.0
 11
0.25
 21
0.495
 31
0.0
1001
AcDbBlockRepETag
1070
     1
1071
       12
1005
64A
  0
LINE
  5
64B
330
63A
100
AcDbEntity
  8
PLANTA
 62
     7
370
     9
100
AcDbLine
 10
0.25
 20
0.47
 30
0.0
 11
0.25
 21
0.495
 31
0.0
1001
AcDbBlockRepETag
1070
     1
1071
       13
1005
64B
  0
LINE
  5
64C
330
63A
100
AcDbEntity
  8
PLANTA
 62
     7
370
     9
100
AcDbLine
 10
0.07
 20
0.47
 30
0.0
 11
0.07
 21
0.495
 31
0.0
1001
AcDbBlockRepETag
1070
     1
1071
       14
1005
64C
  0
LINE
  5
64D
330
63A
100
AcDbEntity
  8
PLANTA
 62
     7
370
     9
100
AcDbLine
 10
0.07
 20
0.005
 30
0.0
 11
0.25
 21
0.005
 31
0.0
1001
AcDbBlockRepETag
1070
     1
1071
       15
1005
64D
  0
LINE
  5
64E
330
63A
100
AcDbEntity
  8
PLANTA
 62
     7
370
     9
100
AcDbLine
 10
0.07
 20
0.043
 30
0.0
 11
0.25
 21
0.043
 31
0.0
1001
AcDbBlockRepETag
1070
     1
1071
       16
1005
64E
  0
LINE
  5
64F
330
63A
100
AcDbEntity
  8
PLANTA
 62
     7
370
     9
100
AcDbLine
 10
0.07
 20
0.01
 30
0.0
 11
0.25
 21
0.01
 31
0.0
1001
AcDbBlockRepETag
1070
     1
1071
       17
1005
64F
  0
LINE
  5
650
330
63A
100
AcDbEntity
  8
PLANTA
 62
     7
370
     9
100
AcDbLine
 10
0.25
 20
0.043
 30
0.0
 11
0.25
 21
0.005
 31
0.0
1001
AcDbBlockRepETag
1070
     1
1071
       18
1005
650
  0
LINE
  5
651
330
63A
100
AcDbEntity
  8
PLANTA
 62
     7
370
     9
100
AcDbLine
 10
0.07
 20
0.043
 30
0.0
 11
0.07
 21
0.005
 31
0.0
1001
AcDbBlockRepETag
1070
     1
1071
       19
1005
651
  0
LINE
  5
652
330
63A
100
AcDbEntity
  8
PLANTA
 62
     7
370
     9
100
AcDbLine
 10
0.255
 20
0.01
 30
0.0
 11
0.255
 21
0.49
 31
0.0
1001
AcDbBlockRepETag
1070
     1
1071
       20
1005
652
  0
LINE
  5
653
330
63A
100
AcDbEntity
  8
PLANTA
 62
     7
370
     9
100
AcDbLine
 10
0.25
 20
0.01
 30
0.0
 11
0.25
 21
0.49
 31
0.0
1001
AcDbBlockRepETag
1070
     1
1071
       21
1005
653
  0
LINE
  5
654
330
63A
100
AcDbEntity
  8
PLANTA
 62
     7
370
     9
100
AcDbLine
 10
0.217
 20
0.043
 30
0.0
 11
0.217
 21
0.457
 31
0.0
1001
AcDbBlockRepETag
1070
     1
1071
       22
1005
654
  0
LINE
  5
655
330
63A
100
AcDbEntity
  8
PLANTA
 62
     7
370
     9
100
AcDbLine
 10
0.07
 20
0.495
 30
0.0
 11
0.25
 21
0.495
 31
0.0
1001
AcDbBlockRepETag
1070
     1
1071
       23
1005
655
  0
LINE
  5
656
330
63A
100
AcDbEntity
  8
PLANTA
 62
     7
370
     9
100
AcDbLine
 10
0.07
 20
0.457
 30
0.0
 11
0.25
 21
0.457
 31
0.0
1001
AcDbBlockRepETag
1070
     1
1071
       24
1005
656
  0
LINE
  5
657
330
63A
100
AcDbEntity
  8
PLANTA
 62
     7
370
     9
100
AcDbLine
 10
0.07
 20
0.49
 30
0.0
 11
0.25
 21
0.49
 31
0.0
1001
AcDbBlockRepETag
1070
     1
1071
       25
1005
657
  0
LINE
  5
658
330
63A
100
AcDbEntity
  8
PLANTA
 62
     7
370
     9
100
AcDbLine
 10
0.054
 20
0.5
 30
0.0
 11
0.06
 21
0.5
 31
0.0
1001
AcDbBlockRepETag
1070
     1
1071
       26
1005
658
  0
LINE
  5
659
330
63A
100
AcDbEntity
  8
PLANTA
 62
     7
370
     9
100
AcDbLine
 10
0.06
 20
0.5
 30
0.0
 11
0.06
 21
0.0
 31
0.0
1001
AcDbBlockRepETag
1070
     1
1071
       27
1005
659
  0
LINE
  5
65A
330
63A
100
AcDbEntity
  8
PLANTA
 62
     7
370
     9
100
AcDbLine
 10
0.06
 20
0.0
 30
0.0
 11
0.054
 21
0.0
 31
0.0
1001
AcDbBlockRepETag
1070
     1
1071
       28
1005
65A
  0
LINE
  5
65B
330
63A
100
AcDbEntity
  8
PLANTA
 62
     7
370
     9
100
AcDbLine
 10
0.054
 20
0.0
 30
0.0
 11
0.054
 21
0.5
 31
0.0
1001
AcDbBlockRepETag
1070
     1
1071
       29
1005
65B
  0
LINE
  5
65C
330
63A
100
AcDbEntity
  8
PLANTA
 62
     7
370
     9
100
AcDbLine
 10
0.266
 20
0.5
 30
0.0
 11
0.26
 21
0.5
 31
0.0
1001
AcDbBlockRepETag
1070
     1
1071
       30
1005
65C
  0
LINE
  5
65D
330
63A
100
AcDbEntity
  8
PLANTA
 62
     7
370
     9
100
AcDbLine
 10
0.26
 20
0.5
 30
0.0
 11
0.26
 21
0.0
 31
0.0
1001
AcDbBlockRepETag
1070
     1
1071
       31
1005
65D
  0
LINE
  5
65E
330
63A
100
AcDbEntity
  8
PLANTA
 62
     7
370
     9
100
AcDbLine
 10
0.26
 20
0.0
 30
0.0
 11
0.266
 21
0.0
 31
0.0
1001
AcDbBlockRepETag
1070
     1
1071
       32
1005
65E
  0
LINE
  5
65F
330
63A
100
AcDbEntity
  8
PLANTA
 62
     7
370
     9
100
AcDbLine
 10
0.266
 20
0.0
 30
0.0
 11
0.266
 21
0.5
 31
0.0
1001
AcDbBlockRepETag
1070
     1
1071
       33
1005
65F
  0
LWPOLYLINE
  5
660
330
63A
100
AcDbEntity
  8
PLANTA
 62
     7
370
     9
100
AcDbPolyline
 90
        4
 70
     1
 43
0.0
 10
0.0
 20
0.5
 10
0.32
 20
0.5
 10
0.32
 20
0.0
 10
0.0
 20
0.0
1001
AcDbBlockRepETag
1070
     1
1071
       34
1005
660
  0
LINE
  5
661
330
63A
100
AcDbEntity
  8
PLANTA
 62
     7
370
     9
100
AcDbLine
 10
0.033
 20
0.0
 30
0.0
 11
0.033
 21
0.5
 31
0.0
1001
AcDbBlockRepETag
1070
     1
1071
       35
1005
661
  0
LINE
  5
662
330
63A
100
AcDbEntity
  8
PLANTA
 62
     7
370
     9
100
AcDbLine
 10
0.046879
 20
0.04
 30
0.0
 11
0.019121
 21
0.04
 31
0.0
1001
AcDbBlockRepETag
1070
     1
1071
       36
1005
662
  0
CIRCLE
  5
663
330
63A
100
AcDbEntity
  8
PLANTA
 62
     7
370
     9
100
AcDbCircle
 10
0.033
 20
0.46
 30
0.0
 40
0.009
1001
AcDbBlockRepETag
1070
     1
1071
       37
1005
663
  0
CIRCLE
  5
664
330
63A
100
AcDbEntity
  8
PLANTA
 62
     7
370
     9
100
AcDbCircle
 10
0.033
 20
0.32
 30
0.0
 40
0.009
1001
AcDbBlockRepETag
1070
     1
1071
       38
1005
664
  0
CIRCLE
  5
665
330
63A
100
AcDbEntity
  8
PLANTA
 62
     7
370
     9
100
AcDbCircle
 10
0.033
 20
0.18
 30
0.0
 40
0.009
1001
AcDbBlockRepETag
1070
     1
1071
       39
1005
665
  0
CIRCLE
  5
666
330
63A
100
AcDbEntity
  8
PLANTA
 62
     7
370
     9
100
AcDbCircle
 10
0.033
 20
0.04
 30
0.0
 40
0.009
1001
AcDbBlockRepETag
1070
     1
1071
       40
1005
666
  0
LINE
  5
667
330
63A
100
AcDbEntity
  8
PLANTA
 62
     7
370
     9
100
AcDbLine
 10
0.046879
 20
0.18
 30
0.0
 11
0.019121
 21
0.18
 31
0.0
1001
AcDbBlockRepETag
1070
     1
1071
       41
1005
667
  0
LINE
  5
668
330
63A
100
AcDbEntity
  8
PLANTA
 62
     7
370
     9
100
AcDbLine
 10
0.046879
 20
0.32
 30
0.0
 11
0.019121
 21
0.32
 31
0.0
1001
AcDbBlockRepETag
1070
     1
1071
       42
1005
668
  0
LINE
  5
669
330
63A
100
AcDbEntity
  8
PLANTA
 62
     7
370
     9
100
AcDbLine
 10
0.046879
 20
0.46
 30
0.0
 11
0.019121
 21
0.46
 31
0.0
1001
AcDbBlockRepETag
1070
     1
1071
       43
1005
669
  0
LINE
  5
66A
330
63A
100
AcDbEntity
  8
PLANTA
 62
     7
370
     9
100
AcDbLine
 10
0.0105
 20
0.32
 30
0.0
 11
0.0555
 21
0.32
 31
0.0
1001
AcDbBlockRepETag
1070
     1
1071
       44
1005
66A
  0
LINE
  5
66B
330
63A
100
AcDbEntity
  8
PLANTA
 62
     7
370
     9
100
AcDbLine
 10
0.033
 20
0.2975
 30
0.0
 11
0.033
 21
0.3425
 31
0.0
1001
AcDbBlockRepETag
1070
     1
1071
       45
1005
66B
  0
LINE
  5
66C
330
63A
100
AcDbEntity
  8
PLANTA
 62
     7
370
     9
100
AcDbLine
 10
0.0105
 20
0.46
 30
0.0
 11
0.0555
 21
0.46
 31
0.0
1001
AcDbBlockRepETag
1070
     1
1071
       46
1005
66C
  0
LINE
  5
66D
330
63A
100
AcDbEntity
  8
PLANTA
 62
     7
370
     9
100
AcDbLine
 10
0.033
 20
0.4375
 30
0.0
 11
0.033
 21
0.4825
 31
0.0
1001
AcDbBlockRepETag
1070
     1
1071
       47
1005
66D
  0
LINE
  5
66E
330
63A
100
AcDbEntity
  8
PLANTA
 62
     7
370
     9
100
AcDbLine
 10
0.0105
 20
0.18
 30
0.0
 11
0.0555
 21
0.18
 31
0.0
1001
AcDbBlockRepETag
1070
     1
1071
       48
1005
66E
  0
LINE
  5
66F
330
63A
100
AcDbEntity
  8
PLANTA
 62
     7
370
     9
100
AcDbLine
 10
0.033
 20
0.1575
 30
0.0
 11
0.033
 21
0.2025
 31
0.0
1001
AcDbBlockRepETag
1070
     1
1071
       49
1005
66F
  0
LINE
  5
670
330
63A
100
AcDbEntity
  8
PLANTA
 62
     7
370
     9
100
AcDbLine
 10
0.0105
 20
0.04
 30
0.0
 11
0.0555
 21
0.04
 31
0.0
1001
AcDbBlockRepETag
1070
     1
1071
       50
1005
670
  0
LINE
  5
671
330
63A
100
AcDbEntity
  8
PLANTA
 62
     7
370
     9
100
AcDbLine
 10
0.033
 20
0.0175
 30
0.0
 11
0.033
 21
0.0625
 31
0.0
1001
AcDbBlockRepETag
1070
     1
1071
       51
1005
671
  0
LINE
  5
672
330
63A
100
AcDbEntity
  8
PLANTA
 62
     7
370
     9
100
AcDbLine
 10
0.266
 20
0.5
 30
0.0
 11
0.26
 21
0.5
 31
0.0
1001
AcDbBlockRepETag
1070
     1
1071
       52
1005
672
  0
LINE
  5
673
330
63A
100
AcDbEntity
  8
PLANTA
 62
     7
370
     9
100
AcDbLine
 10
0.26
 20
0.5
 30
0.0
 11
0.26
 21
0.0
 31
0.0
1001
AcDbBlockRepETag
1070
     1
1071
       53
1005
673
  0
LINE
  5
674
330
63A
100
AcDbEntity
  8
PLANTA
 62
     7
370
     9
100
AcDbLine
 10
0.26
 20
0.0
 30
0.0
 11
0.266
 21
0.0
 31
0.0
1001
AcDbBlockRepETag
1070
     1
1071
       54
1005
674
  0
LINE
  5
675
330
63A
100
AcDbEntity
  8
PLANTA
 62
     7
370
     9
100
AcDbLine
 10
0.266
 20
0.0
 30
0.0
 11
0.266
 21
0.5
 31
0.0
1001
AcDbBlockRepETag
1070
     1
1071
       55
1005
675
  0
LINE
  5
676
330
63A
100
AcDbEntity
  8
PLANTA
 62
     7
370
     9
100
AcDbLine
 10
0.287
 20
0.0
 30
0.0
 11
0.287
 21
0.5
 31
0.0
1001
AcDbBlockRepETag
1070
     1
1071
       56
1005
676
  0
LINE
  5
677
330
63A
100
AcDbEntity
  8
PLANTA
 62
     7
370
     9
100
AcDbLine
 10
0.273121
 20
0.04
 30
0.0
 11
0.300879
 21
0.04
 31
0.0
1001
AcDbBlockRepETag
1070
     1
1071
       57
1005
677
  0
CIRCLE
  5
678
330
63A
100
AcDbEntity
  8
PLANTA
 62
     7
370
     9
100
AcDbCircle
 10
0.287
 20
0.46
 30
0.0
 40
0.009
1001
AcDbBlockRepETag
1070
     1
1071
       58
1005
678
  0
CIRCLE
  5
679
330
63A
100
AcDbEntity
  8
PLANTA
 62
     7
370
     9
100
AcDbCircle
 10
0.287
 20
0.32
 30
0.0
 40
0.009
1001
AcDbBlockRepETag
1070
     1
1071
       59
1005
679
  0
CIRCLE
  5
67A
330
63A
100
AcDbEntity
  8
PLANTA
 62
     7
370
     9
100
AcDbCircle
 10
0.287
 20
0.18
 30
0.0
 40
0.009
1001
AcDbBlockRepETag
1070
     1
1071
       60
1005
67A
  0
CIRCLE
  5
67B
330
63A
100
AcDbEntity
  8
PLANTA
 62
     7
370
     9
100
AcDbCircle
 10
0.287
 20
0.04
 30
0.0
 40
0.009
1001
AcDbBlockRepETag
1070
     1
1071
       61
1005
67B
  0
LINE
  5
67C
330
63A
100
AcDbEntity
  8
PLANTA
 62
     7
370
     9
100
AcDbLine
 10
0.273121
 20
0.18
 30
0.0
 11
0.300879
 21
0.18
 31
0.0
1001
AcDbBlockRepETag
1070
     1
1071
       62
1005
67C
  0
LINE
  5
67D
330
63A
100
AcDbEntity
  8
PLANTA
 62
     7
370
     9
100
AcDbLine
 10
0.273121
 20
0.32
 30
0.0
 11
0.300879
 21
0.32
 31
0.0
1001
AcDbBlockRepETag
1070
     1
1071
       63
1005
67D
  0
LINE
  5
67E
330
63A
100
AcDbEntity
  8
PLANTA
 62
     7
370
     9
100
AcDbLine
 10
0.273121
 20
0.46
 30
0.0
 11
0.300879
 21
0.46
 31
0.0
1001
AcDbBlockRepETag
1070
     1
1071
       64
1005
67E
  0
LINE
  5
67F
330
63A
100
AcDbEntity
  8
PLANTA
 62
     7
370
     9
100
AcDbLine
 10
0.3095
 20
0.32
 30
0.0
 11
0.2645
 21
0.32
 31
0.0
1001
AcDbBlockRepETag
1070
     1
1071
       65
1005
67F
  0
LINE
  5
680
330
63A
100
AcDbEntity
  8
PLANTA
 62
     7
370
     9
100
AcDbLine
 10
0.287
 20
0.2975
 30
0.0
 11
0.287
 21
0.3425
 31
0.0
1001
AcDbBlockRepETag
1070
     1
1071
       66
1005
680
  0
LINE
  5
681
330
63A
100
AcDbEntity
  8
PLANTA
 62
     7
370
     9
100
AcDbLine
 10
0.3095
 20
0.46
 30
0.0
 11
0.2645
 21
0.46
 31
0.0
1001
AcDbBlockRepETag
1070
     1
1071
       67
1005
681
  0
LINE
  5
682
330
63A
100
AcDbEntity
  8
PLANTA
 62
     7
370
     9
100
AcDbLine
 10
0.287
 20
0.4375
 30
0.0
 11
0.287
 21
0.4825
 31
0.0
1001
AcDbBlockRepETag
1070
     1
1071
       68
1005
682
  0
LINE
  5
683
330
63A
100
AcDbEntity
  8
PLANTA
 62
     7
370
     9
100
AcDbLine
 10
0.3095
 20
0.18
 30
0.0
 11
0.2645
 21
0.18
 31
0.0
1001
AcDbBlockRepETag
1070
     1
1071
       69
1005
683
  0
LINE
  5
684
330
63A
100
AcDbEntity
  8
PLANTA
 62
     7
370
     9
100
AcDbLine
 10
0.287
 20
0.1575
 30
0.0
 11
0.287
 21
0.2025
 31
0.0
1001
AcDbBlockRepETag
1070
     1
1071
       70
1005
684
  0
LINE
  5
685
330
63A
100
AcDbEntity
  8
PLANTA
 62
     7
370
     9
100
AcDbLine
 10
0.3095
 20
0.04
 30
0.0
 11
0.2645
 21
0.04
 31
0.0
1001
AcDbBlockRepETag
1070
     1
1071
       71
1005
685
  0
LINE
  5
686
330
63A
100
AcDbEntity
  8
PLANTA
 62
     7
370
     9
100
AcDbLine
 10
0.287
 20
0.0175
 30
0.0
 11
0.287
 21
0.0625
 31
0.0
1001
AcDbBlockRepETag
1070
     1
1071
       72
1005
686
  0
ENDBLK
  5
687
330
63A
100
AcDbEntity
  8
0
100
AcDbBlockEnd
  0
BLOCK
  5
6DF
330
6DC
100
AcDbEntity
  8
0
100
AcDbBlockBegin
  2
*U24
 70
     1
 10
0.0
 20
0.0
 30
0.0
  3
*U24
  1
*U24
  0
LINE
  5
6E0
330
6DC
100
AcDbEntity
  8
PLANTA
 62
     7
100
AcDbLine
 10
0.06
 20
0.5
 30
0.0
 11
0.26
 21
0.5
 31
0.0
1001
AcDbBlockRepETag
1070
     1
1071
        0
1005
6E0
  0
LINE
  5
6E1
330
6DC
100
AcDbEntity
  8
PLANTA
 62
     7
100
AcDbLine
 10
0.26
 20
0.5
 30
0.0
 11
0.26
 21
0.0
 31
0.0
1001
AcDbBlockRepETag
1070
     1
1071
        1
1005
6E1
  0
LINE
  5
6E2
330
6DC
100
AcDbEntity
  8
PLANTA
 62
     7
100
AcDbLine
 10
0.26
 20
0.0
 30
0.0
 11
0.06
 21
0.0
 31
0.0
1001
AcDbBlockRepETag
1070
     1
1071
        2
1005
6E2
  0
LINE
  5
6E3
330
6DC
100
AcDbEntity
  8
PLANTA
 62
     7
100
AcDbLine
 10
0.06
 20
0.0
 30
0.0
 11
0.06
 21
0.5
 31
0.0
1001
AcDbBlockRepETag
1070
     1
1071
        3
1005
6E3
  0
INSERT
  5
6E4
330
6DC
100
AcDbEntity
  8
PLANTA
 62
     7
100
AcDbBlockReference
  2
VIGA
 10
-152.017828
 20
-226.658527
 30
0.0
1001
AcDbBlockRepETag
1070
     1
1071
        4
1005
6E4
  0
LINE
  5
6E5
330
6DC
100
AcDbEntity
  8
PLANTA
 62
     7
370
    15
100
AcDbLine
 10
0.25
 20
0.49
 30
0.0
 11
0.255
 21
0.49
 31
0.0
1001
AcDbBlockRepETag
1070
     1
1071
        5
1005
6E5
  0
LINE
  5
6E6
330
6DC
100
AcDbEntity
  8
PLANTA
 62
     7
370
    15
100
AcDbLine
 10
0.255
 20
0.01
 30
0.0
 11
0.25
 21
0.01
 31
0.0
1001
AcDbBlockRepETag
1070
     1
1071
        6
1005
6E6
  0
LINE
  5
6E7
330
6DC
100
AcDbEntity
  8
PLANTA
 62
     7
370
    15
100
AcDbLine
 10
0.065
 20
0.01
 30
0.0
 11
0.065
 21
0.49
 31
0.0
1001
AcDbBlockRepETag
1070
     1
1071
        7
1005
6E7
  0
LINE
  5
6E8
330
6DC
100
AcDbEntity
  8
PLANTA
 62
     7
370
    15
100
AcDbLine
 10
0.07
 20
0.01
 30
0.0
 11
0.07
 21
0.49
 31
0.0
1001
AcDbBlockRepETag
1070
     1
1071
        8
1005
6E8
  0
LINE
  5
6E9
330
6DC
100
AcDbEntity
  8
PLANTA
 62
     7
370
    15
100
AcDbLine
 10
0.103
 20
0.043
 30
0.0
 11
0.103
 21
0.457
 31
0.0
1001
AcDbBlockRepETag
1070
     1
1071
        9
1005
6E9
  0
LINE
  5
6EA
330
6DC
100
AcDbEntity
  8
PLANTA
 62
     7
370
    15
100
AcDbLine
 10
0.07
 20
0.49
 30
0.0
 11
0.065
 21
0.49
 31
0.0
1001
AcDbBlockRepETag
1070
     1
1071
       10
1005
6EA
  0
LINE
  5
6EB
330
6DC
100
AcDbEntity
  8
PLANTA
 62
     7
370
    15
100
AcDbLine
 10
0.065
 20
0.01
 30
0.0
 11
0.07
 21
0.01
 31
0.0
1001
AcDbBlockRepETag
1070
     1
1071
       11
1005
6EB
  0
LINE
  5
6EC
330
6DC
100
AcDbEntity
  8
PLANTA
 62
     7
370
    15
100
AcDbLine
 10
0.07
 20
0.495
 30
0.0
 11
0.25
 21
0.495
 31
0.0
1001
AcDbBlockRepETag
1070
     1
1071
       12
1005
6EC
  0
LINE
  5
6ED
330
6DC
100
AcDbEntity
  8
PLANTA
 62
     7
370
    15
100
AcDbLine
 10
0.25
 20
0.47
 30
0.0
 11
0.25
 21
0.495
 31
0.0
1001
AcDbBlockRepETag
1070
     1
1071
       13
1005
6ED
  0
LINE
  5
6EE
330
6DC
100
AcDbEntity
  8
PLANTA
 62
     7
370
    15
100
AcDbLine
 10
0.07
 20
0.47
 30
0.0
 11
0.07
 21
0.495
 31
0.0
1001
AcDbBlockRepETag
1070
     1
1071
       14
1005
6EE
  0
LINE
  5
6EF
330
6DC
100
AcDbEntity
  8
PLANTA
 62
     7
370
    15
100
AcDbLine
 10
0.07
 20
0.005
 30
0.0
 11
0.25
 21
0.005
 31
0.0
1001
AcDbBlockRepETag
1070
     1
1071
       15
1005
6EF
  0
LINE
  5
6F0
330
6DC
100
AcDbEntity
  8
PLANTA
 62
     7
370
    15
100
AcDbLine
 10
0.07
 20
0.043
 30
0.0
 11
0.25
 21
0.043
 31
0.0
1001
AcDbBlockRepETag
1070
     1
1071
       16
1005
6F0
  0
LINE
  5
6F1
330
6DC
100
AcDbEntity
  8
PLANTA
 62
     7
370
    15
100
AcDbLine
 10
0.07
 20
0.01
 30
0.0
 11
0.25
 21
0.01
 31
0.0
1001
AcDbBlockRepETag
1070
     1
1071
       17
1005
6F1
  0
LINE
  5
6F2
330
6DC
100
AcDbEntity
  8
PLANTA
 62
     7
370
    15
100
AcDbLine
 10
0.25
 20
0.043
 30
0.0
 11
0.25
 21
0.005
 31
0.0
1001
AcDbBlockRepETag
1070
     1
1071
       18
1005
6F2
  0
LINE
  5
6F3
330
6DC
100
AcDbEntity
  8
PLANTA
 62
     7
370
    15
100
AcDbLine
 10
0.07
 20
0.043
 30
0.0
 11
0.07
 21
0.005
 31
0.0
1001
AcDbBlockRepETag
1070
     1
1071
       19
1005
6F3
  0
LINE
  5
6F4
330
6DC
100
AcDbEntity
  8
PLANTA
 62
     7
370
    15
100
AcDbLine
 10
0.255
 20
0.01
 30
0.0
 11
0.255
 21
0.49
 31
0.0
1001
AcDbBlockRepETag
1070
     1
1071
       20
1005
6F4
  0
LINE
  5
6F5
330
6DC
100
AcDbEntity
  8
PLANTA
 62
     7
370
    15
100
AcDbLine
 10
0.25
 20
0.01
 30
0.0
 11
0.25
 21
0.49
 31
0.0
1001
AcDbBlockRepETag
1070
     1
1071
       21
1005
6F5
  0
LINE
  5
6F6
330
6DC
100
AcDbEntity
  8
PLANTA
 62
     7
370
    15
100
AcDbLine
 10
0.217
 20
0.043
 30
0.0
 11
0.217
 21
0.457
 31
0.0
1001
AcDbBlockRepETag
1070
     1
1071
       22
1005
6F6
  0
LINE
  5
6F7
330
6DC
100
AcDbEntity
  8
PLANTA
 62
     7
370
    15
100
AcDbLine
 10
0.07
 20
0.495
 30
0.0
 11
0.25
 21
0.495
 31
0.0
1001
AcDbBlockRepETag
1070
     1
1071
       23
1005
6F7
  0
LINE
  5
6F8
330
6DC
100
AcDbEntity
  8
PLANTA
 62
     7
370
    15
100
AcDbLine
 10
0.07
 20
0.457
 30
0.0
 11
0.25
 21
0.457
 31
0.0
1001
AcDbBlockRepETag
1070
     1
1071
       24
1005
6F8
  0
LINE
  5
6F9
330
6DC
100
AcDbEntity
  8
PLANTA
 62
     7
370
    15
100
AcDbLine
 10
0.07
 20
0.49
 30
0.0
 11
0.25
 21
0.49
 31
0.0
1001
AcDbBlockRepETag
1070
     1
1071
       25
1005
6F9
  0
LINE
  5
6FA
330
6DC
100
AcDbEntity
  8
PLANTA
 62
     7
100
AcDbLine
 10
0.054
 20
0.5
 30
0.0
 11
0.06
 21
0.5
 31
0.0
1001
AcDbBlockRepETag
1070
     1
1071
       26
1005
6FA
  0
LINE
  5
6FB
330
6DC
100
AcDbEntity
  8
PLANTA
 62
     7
100
AcDbLine
 10
0.06
 20
0.5
 30
0.0
 11
0.06
 21
0.0
 31
0.0
1001
AcDbBlockRepETag
1070
     1
1071
       27
1005
6FB
  0
LINE
  5
6FC
330
6DC
100
AcDbEntity
  8
PLANTA
 62
     7
100
AcDbLine
 10
0.06
 20
0.0
 30
0.0
 11
0.054
 21
0.0
 31
0.0
1001
AcDbBlockRepETag
1070
     1
1071
       28
1005
6FC
  0
LINE
  5
6FD
330
6DC
100
AcDbEntity
  8
PLANTA
 62
     7
100
AcDbLine
 10
0.054
 20
0.0
 30
0.0
 11
0.054
 21
0.5
 31
0.0
1001
AcDbBlockRepETag
1070
     1
1071
       29
1005
6FD
  0
LINE
  5
6FE
330
6DC
100
AcDbEntity
  8
PLANTA
 62
     7
100
AcDbLine
 10
0.266
 20
0.5
 30
0.0
 11
0.26
 21
0.5
 31
0.0
1001
AcDbBlockRepETag
1070
     1
1071
       30
1005
6FE
  0
LINE
  5
6FF
330
6DC
100
AcDbEntity
  8
PLANTA
 62
     7
100
AcDbLine
 10
0.26
 20
0.5
 30
0.0
 11
0.26
 21
0.0
 31
0.0
1001
AcDbBlockRepETag
1070
     1
1071
       31
1005
6FF
  0
LINE
  5
700
330
6DC
100
AcDbEntity
  8
PLANTA
 62
     7
100
AcDbLine
 10
0.26
 20
0.0
 30
0.0
 11
0.266
 21
0.0
 31
0.0
1001
AcDbBlockRepETag
1070
     1
1071
       32
1005
700
  0
LINE
  5
701
330
6DC
100
AcDbEntity
  8
PLANTA
 62
     7
100
AcDbLine
 10
0.266
 20
0.0
 30
0.0
 11
0.266
 21
0.5
 31
0.0
1001
AcDbBlockRepETag
1070
     1
1071
       33
1005
701
  0
LWPOLYLINE
  5
702
330
6DC
100
AcDbEntity
  8
PLANTA
 62
     7
100
AcDbPolyline
 90
        4
 70
     1
 43
0.0
 10
0.0
 20
0.5
 10
0.32
 20
0.5
 10
0.32
 20
0.0
 10
0.0
 20
0.0
1001
AcDbBlockRepETag
1070
     1
1071
       34
1005
702
  0
LINE
  5
703
330
6DC
100
AcDbEntity
  8
PLANTA
 62
     7
100
AcDbLine
 10
0.033
 20
0.0
 30
0.0
 11
0.033
 21
0.5
 31
0.0
1001
AcDbBlockRepETag
1070
     1
1071
       35
1005
703
  0
LINE
  5
704
330
6DC
100
AcDbEntity
  8
PLANTA
 62
     7
100
AcDbLine
 10
0.046879
 20
0.04
 30
0.0
 11
0.019121
 21
0.04
 31
0.0
1001
AcDbBlockRepETag
1070
     1
1071
       36
1005
704
  0
CIRCLE
  5
705
330
6DC
100
AcDbEntity
  8
PLANTA
 62
     7
100
AcDbCircle
 10
0.033
 20
0.46
 30
0.0
 40
0.009
1001
AcDbBlockRepETag
1070
     1
1071
       37
1005
705
  0
CIRCLE
  5
706
330
6DC
100
AcDbEntity
  8
PLANTA
 62
     7
100
AcDbCircle
 10
0.033
 20
0.32
 30
0.0
 40
0.009
1001
AcDbBlockRepETag
1070
     1
1071
       38
1005
706
  0
CIRCLE
  5
707
330
6DC
100
AcDbEntity
  8
PLANTA
 62
     7
100
AcDbCircle
 10
0.033
 20
0.18
 30
0.0
 40
0.009
1001
AcDbBlockRepETag
1070
     1
1071
       39
1005
707
  0
CIRCLE
  5
708
330
6DC
100
AcDbEntity
  8
PLANTA
 62
     7
100
AcDbCircle
 10
0.033
 20
0.04
 30
0.0
 40
0.009
1001
AcDbBlockRepETag
1070
     1
1071
       40
1005
708
  0
LINE
  5
709
330
6DC
100
AcDbEntity
  8
PLANTA
 62
     7
100
AcDbLine
 10
0.046879
 20
0.18
 30
0.0
 11
0.019121
 21
0.18
 31
0.0
1001
AcDbBlockRepETag
1070
     1
1071
       41
1005
709
  0
LINE
  5
70A
330
6DC
100
AcDbEntity
  8
PLANTA
 62
     7
100
AcDbLine
 10
0.046879
 20
0.32
 30
0.0
 11
0.019121
 21
0.32
 31
0.0
1001
AcDbBlockRepETag
1070
     1
1071
       42
1005
70A
  0
LINE
  5
70B
330
6DC
100
AcDbEntity
  8
PLANTA
 62
     7
100
AcDbLine
 10
0.046879
 20
0.46
 30
0.0
 11
0.019121
 21
0.46
 31
0.0
1001
AcDbBlockRepETag
1070
     1
1071
       43
1005
70B
  0
LINE
  5
70C
330
6DC
100
AcDbEntity
  8
PLANTA
 62
     7
100
AcDbLine
 10
0.0105
 20
0.32
 30
0.0
 11
0.0555
 21
0.32
 31
0.0
1001
AcDbBlockRepETag
1070
     1
1071
       44
1005
70C
  0
LINE
  5
70D
330
6DC
100
AcDbEntity
  8
PLANTA
 62
     7
100
AcDbLine
 10
0.033
 20
0.2975
 30
0.0
 11
0.033
 21
0.3425
 31
0.0
1001
AcDbBlockRepETag
1070
     1
1071
       45
1005
70D
  0
LINE
  5
70E
330
6DC
100
AcDbEntity
  8
PLANTA
 62
     7
100
AcDbLine
 10
0.0105
 20
0.46
 30
0.0
 11
0.0555
 21
0.46
 31
0.0
1001
AcDbBlockRepETag
1070
     1
1071
       46
1005
70E
  0
LINE
  5
70F
330
6DC
100
AcDbEntity
  8
PLANTA
 62
     7
100
AcDbLine
 10
0.033
 20
0.4375
 30
0.0
 11
0.033
 21
0.4825
 31
0.0
1001
AcDbBlockRepETag
1070
     1
1071
       47
1005
70F
  0
LINE
  5
710
330
6DC
100
AcDbEntity
  8
PLANTA
 62
     7
100
AcDbLine
 10
0.0105
 20
0.18
 30
0.0
 11
0.0555
 21
0.18
 31
0.0
1001
AcDbBlockRepETag
1070
     1
1071
       48
1005
710
  0
LINE
  5
711
330
6DC
100
AcDbEntity
  8
PLANTA
 62
     7
100
AcDbLine
 10
0.033
 20
0.1575
 30
0.0
 11
0.033
 21
0.2025
 31
0.0
1001
AcDbBlockRepETag
1070
     1
1071
       49
1005
711
  0
LINE
  5
712
330
6DC
100
AcDbEntity
  8
PLANTA
 62
     7
100
AcDbLine
 10
0.0105
 20
0.04
 30
0.0
 11
0.0555
 21
0.04
 31
0.0
1001
AcDbBlockRepETag
1070
     1
1071
       50
1005
712
  0
LINE
  5
713
330
6DC
100
AcDbEntity
  8
PLANTA
 62
     7
100
AcDbLine
 10
0.033
 20
0.0175
 30
0.0
 11
0.033
 21
0.0625
 31
0.0
1001
AcDbBlockRepETag
1070
     1
1071
       51
1005
713
  0
LINE
  5
714
330
6DC
100
AcDbEntity
  8
PLANTA
 62
     7
100
AcDbLine
 10
0.266
 20
0.5
 30
0.0
 11
0.26
 21
0.5
 31
0.0
1001
AcDbBlockRepETag
1070
     1
1071
       52
1005
714
  0
LINE
  5
715
330
6DC
100
AcDbEntity
  8
PLANTA
 62
     7
100
AcDbLine
 10
0.26
 20
0.5
 30
0.0
 11
0.26
 21
0.0
 31
0.0
1001
AcDbBlockRepETag
1070
     1
1071
       53
1005
715
  0
LINE
  5
716
330
6DC
100
AcDbEntity
  8
PLANTA
 62
     7
100
AcDbLine
 10
0.26
 20
0.0
 30
0.0
 11
0.266
 21
0.0
 31
0.0
1001
AcDbBlockRepETag
1070
     1
1071
       54
1005
716
  0
LINE
  5
717
330
6DC
100
AcDbEntity
  8
PLANTA
 62
     7
100
AcDbLine
 10
0.266
 20
0.0
 30
0.0
 11
0.266
 21
0.5
 31
0.0
1001
AcDbBlockRepETag
1070
     1
1071
       55
1005
717
  0
LINE
  5
718
330
6DC
100
AcDbEntity
  8
PLANTA
 62
     7
100
AcDbLine
 10
0.287
 20
0.0
 30
0.0
 11
0.287
 21
0.5
 31
0.0
1001
AcDbBlockRepETag
1070
     1
1071
       56
1005
718
  0
LINE
  5
719
330
6DC
100
AcDbEntity
  8
PLANTA
 62
     7
100
AcDbLine
 10
0.273121
 20
0.04
 30
0.0
 11
0.300879
 21
0.04
 31
0.0
1001
AcDbBlockRepETag
1070
     1
1071
       57
1005
719
  0
CIRCLE
  5
71A
330
6DC
100
AcDbEntity
  8
PLANTA
 62
     7
100
AcDbCircle
 10
0.287
 20
0.46
 30
0.0
 40
0.009
1001
AcDbBlockRepETag
1070
     1
1071
       58
1005
71A
  0
CIRCLE
  5
71B
330
6DC
100
AcDbEntity
  8
PLANTA
 62
     7
100
AcDbCircle
 10
0.287
 20
0.32
 30
0.0
 40
0.009
1001
AcDbBlockRepETag
1070
     1
1071
       59
1005
71B
  0
CIRCLE
  5
71C
330
6DC
100
AcDbEntity
  8
PLANTA
 62
     7
100
AcDbCircle
 10
0.287
 20
0.18
 30
0.0
 40
0.009
1001
AcDbBlockRepETag
1070
     1
1071
       60
1005
71C
  0
CIRCLE
  5
71D
330
6DC
100
AcDbEntity
  8
PLANTA
 62
     7
100
AcDbCircle
 10
0.287
 20
0.04
 30
0.0
 40
0.009
1001
AcDbBlockRepETag
1070
     1
1071
       61
1005
71D
  0
LINE
  5
71E
330
6DC
100
AcDbEntity
  8
PLANTA
 62
     7
100
AcDbLine
 10
0.273121
 20
0.18
 30
0.0
 11
0.300879
 21
0.18
 31
0.0
1001
AcDbBlockRepETag
1070
     1
1071
       62
1005
71E
  0
LINE
  5
71F
330
6DC
100
AcDbEntity
  8
PLANTA
 62
     7
100
AcDbLine
 10
0.273121
 20
0.32
 30
0.0
 11
0.300879
 21
0.32
 31
0.0
1001
AcDbBlockRepETag
1070
     1
1071
       63
1005
71F
  0
LINE
  5
720
330
6DC
100
AcDbEntity
  8
PLANTA
 62
     7
100
AcDbLine
 10
0.273121
 20
0.46
 30
0.0
 11
0.300879
 21
0.46
 31
0.0
1001
AcDbBlockRepETag
1070
     1
1071
       64
1005
720
  0
LINE
  5
721
330
6DC
100
AcDbEntity
  8
PLANTA
 62
     7
100
AcDbLine
 10
0.3095
 20
0.32
 30
0.0
 11
0.2645
 21
0.32
 31
0.0
1001
AcDbBlockRepETag
1070
     1
1071
       65
1005
721
  0
LINE
  5
722
330
6DC
100
AcDbEntity
  8
PLANTA
 62
     7
100
AcDbLine
 10
0.287
 20
0.2975
 30
0.0
 11
0.287
 21
0.3425
 31
0.0
1001
AcDbBlockRepETag
1070
     1
1071
       66
1005
722
  0
LINE
  5
723
330
6DC
100
AcDbEntity
  8
PLANTA
 62
     7
100
AcDbLine
 10
0.3095
 20
0.46
 30
0.0
 11
0.2645
 21
0.46
 31
0.0
1001
AcDbBlockRepETag
1070
     1
1071
       67
1005
723
  0
LINE
  5
724
330
6DC
100
AcDbEntity
  8
PLANTA
 62
     7
100
AcDbLine
 10
0.287
 20
0.4375
 30
0.0
 11
0.287
 21
0.4825
 31
0.0
1001
AcDbBlockRepETag
1070
     1
1071
       68
1005
724
  0
LINE
  5
725
330
6DC
100
AcDbEntity
  8
PLANTA
 62
     7
100
AcDbLine
 10
0.3095
 20
0.18
 30
0.0
 11
0.2645
 21
0.18
 31
0.0
1001
AcDbBlockRepETag
1070
     1
1071
       69
1005
725
  0
LINE
  5
726
330
6DC
100
AcDbEntity
  8
PLANTA
 62
     7
100
AcDbLine
 10
0.287
 20
0.1575
 30
0.0
 11
0.287
 21
0.2025
 31
0.0
1001
AcDbBlockRepETag
1070
     1
1071
       70
1005
726
  0
LINE
  5
727
330
6DC
100
AcDbEntity
  8
PLANTA
 62
     7
100
AcDbLine
 10
0.3095
 20
0.04
 30
0.0
 11
0.2645
 21
0.04
 31
0.0
1001
AcDbBlockRepETag
1070
     1
1071
       71
1005
727
  0
LINE
  5
728
330
6DC
100
AcDbEntity
  8
PLANTA
 62
     7
100
AcDbLine
 10
0.287
 20
0.0175
 30
0.0
 11
0.287
 21
0.0625
 31
0.0
1001
AcDbBlockRepETag
1070
     1
1071
       72
1005
728
  0
ENDBLK
  5
729
330
6DC
100
AcDbEntity
  8
0
100
AcDbBlockEnd
  0
BLOCK
  5
691
330
68C
100
AcDbEntity
  8
0
100
AcDbBlockBegin
  2
A$C1D87127D
 70
     0
 10
0.0
 20
0.0
 30
0.0
  3
A$C1D87127D
  1
A$C1D87127D
  0
LINE
  5
692
330
68C
100
AcDbEntity
  8
PLANTA
 62
     7
100
AcDbLine
 10
0.06
 20
0.5
 30
0.0
 11
0.26
 21
0.5
 31
0.0
1001
AcDbBlockRepETag
1070
     1
1071
        0
1005
692
  0
LINE
  5
693
330
68C
100
AcDbEntity
  8
PLANTA
 62
     7
100
AcDbLine
 10
0.26
 20
0.5
 30
0.0
 11
0.26
 21
0.0
 31
0.0
1001
AcDbBlockRepETag
1070
     1
1071
        1
1005
693
  0
LINE
  5
694
330
68C
100
AcDbEntity
  8
PLANTA
 62
     7
100
AcDbLine
 10
0.26
 20
0.0
 30
0.0
 11
0.06
 21
0.0
 31
0.0
1001
AcDbBlockRepETag
1070
     1
1071
        2
1005
694
  0
LINE
  5
695
330
68C
100
AcDbEntity
  8
PLANTA
 62
     7
100
AcDbLine
 10
0.06
 20
0.0
 30
0.0
 11
0.06
 21
0.5
 31
0.0
1001
AcDbBlockRepETag
1070
     1
1071
        3
1005
695
  0
INSERT
  5
696
330
68C
100
AcDbEntity
  8
PLANTA
 62
     7
100
AcDbBlockReference
  2
VIGA
 10
-152.017828
 20
-226.658527
 30
0.0
1001
AcDbBlockRepETag
1070
     1
1071
        4
1005
696
  0
LINE
  5
697
330
68C
100
AcDbEntity
  8
PLANTA
 62
     7
370
    15
100
AcDbLine
 10
0.25
 20
0.49
 30
0.0
 11
0.255
 21
0.49
 31
0.0
1001
AcDbBlockRepETag
1070
     1
1071
        5
1005
697
  0
LINE
  5
698
330
68C
100
AcDbEntity
  8
PLANTA
 62
     7
370
    15
100
AcDbLine
 10
0.255
 20
0.01
 30
0.0
 11
0.25
 21
0.01
 31
0.0
1001
AcDbBlockRepETag
1070
     1
1071
        6
1005
698
  0
LINE
  5
699
330
68C
100
AcDbEntity
  8
PLANTA
 62
     7
370
    15
100
AcDbLine
 10
0.065
 20
0.01
 30
0.0
 11
0.065
 21
0.49
 31
0.0
1001
AcDbBlockRepETag
1070
     1
1071
        7
1005
699
  0
LINE
  5
69A
330
68C
100
AcDbEntity
  8
PLANTA
 62
     7
370
    15
100
AcDbLine
 10
0.07
 20
0.01
 30
0.0
 11
0.07
 21
0.49
 31
0.0
1001
AcDbBlockRepETag
1070
     1
1071
        8
1005
69A
  0
LINE
  5
69B
330
68C
100
AcDbEntity
  8
PLANTA
 62
     7
370
    15
100
AcDbLine
 10
0.103
 20
0.043
 30
0.0
 11
0.103
 21
0.457
 31
0.0
1001
AcDbBlockRepETag
1070
     1
1071
        9
1005
69B
  0
LINE
  5
69C
330
68C
100
AcDbEntity
  8
PLANTA
 62
     7
370
    15
100
AcDbLine
 10
0.07
 20
0.49
 30
0.0
 11
0.065
 21
0.49
 31
0.0
1001
AcDbBlockRepETag
1070
     1
1071
       10
1005
69C
  0
LINE
  5
69D
330
68C
100
AcDbEntity
  8
PLANTA
 62
     7
370
    15
100
AcDbLine
 10
0.065
 20
0.01
 30
0.0
 11
0.07
 21
0.01
 31
0.0
1001
AcDbBlockRepETag
1070
     1
1071
       11
1005
69D
  0
LINE
  5
69E
330
68C
100
AcDbEntity
  8
PLANTA
 62
     7
370
    15
100
AcDbLine
 10
0.07
 20
0.495
 30
0.0
 11
0.25
 21
0.495
 31
0.0
1001
AcDbBlockRepETag
1070
     1
1071
       12
1005
69E
  0
LINE
  5
69F
330
68C
100
AcDbEntity
  8
PLANTA
 62
     7
370
    15
100
AcDbLine
 10
0.25
 20
0.47
 30
0.0
 11
0.25
 21
0.495
 31
0.0
1001
AcDbBlockRepETag
1070
     1
1071
       13
1005
69F
  0
LINE
  5
6A0
330
68C
100
AcDbEntity
  8
PLANTA
 62
     7
370
    15
100
AcDbLine
 10
0.07
 20
0.47
 30
0.0
 11
0.07
 21
0.495
 31
0.0
1001
AcDbBlockRepETag
1070
     1
1071
       14
1005
6A0
  0
LINE
  5
6A1
330
68C
100
AcDbEntity
  8
PLANTA
 62
     7
370
    15
100
AcDbLine
 10
0.07
 20
0.005
 30
0.0
 11
0.25
 21
0.005
 31
0.0
1001
AcDbBlockRepETag
1070
     1
1071
       15
1005
6A1
  0
LINE
  5
6A2
330
68C
100
AcDbEntity
  8
PLANTA
 62
     7
370
    15
100
AcDbLine
 10
0.07
 20
0.043
 30
0.0
 11
0.25
 21
0.043
 31
0.0
1001
AcDbBlockRepETag
1070
     1
1071
       16
1005
6A2
  0
LINE
  5
6A3
330
68C
100
AcDbEntity
  8
PLANTA
 62
     7
370
    15
100
AcDbLine
 10
0.07
 20
0.01
 30
0.0
 11
0.25
 21
0.01
 31
0.0
1001
AcDbBlockRepETag
1070
     1
1071
       17
1005
6A3
  0
LINE
  5
6A4
330
68C
100
AcDbEntity
  8
PLANTA
 62
     7
370
    15
100
AcDbLine
 10
0.25
 20
0.043
 30
0.0
 11
0.25
 21
0.005
 31
0.0
1001
AcDbBlockRepETag
1070
     1
1071
       18
1005
6A4
  0
LINE
  5
6A5
330
68C
100
AcDbEntity
  8
PLANTA
 62
     7
370
    15
100
AcDbLine
 10
0.07
 20
0.043
 30
0.0
 11
0.07
 21
0.005
 31
0.0
1001
AcDbBlockRepETag
1070
     1
1071
       19
1005
6A5
  0
LINE
  5
6A6
330
68C
100
AcDbEntity
  8
PLANTA
 62
     7
370
    15
100
AcDbLine
 10
0.255
 20
0.01
 30
0.0
 11
0.255
 21
0.49
 31
0.0
1001
AcDbBlockRepETag
1070
     1
1071
       20
1005
6A6
  0
LINE
  5
6A7
330
68C
100
AcDbEntity
  8
PLANTA
 62
     7
370
    15
100
AcDbLine
 10
0.25
 20
0.01
 30
0.0
 11
0.25
 21
0.49
 31
0.0
1001
AcDbBlockRepETag
1070
     1
1071
       21
1005
6A7
  0
LINE
  5
6A8
330
68C
100
AcDbEntity
  8
PLANTA
 62
     7
370
    15
100
AcDbLine
 10
0.217
 20
0.043
 30
0.0
 11
0.217
 21
0.457
 31
0.0
1001
AcDbBlockRepETag
1070
     1
1071
       22
1005
6A8
  0
LINE
  5
6A9
330
68C
100
AcDbEntity
  8
PLANTA
 62
     7
370
    15
100
AcDbLine
 10
0.07
 20
0.495
 30
0.0
 11
0.25
 21
0.495
 31
0.0
1001
AcDbBlockRepETag
1070
     1
1071
       23
1005
6A9
  0
LINE
  5
6AA
330
68C
100
AcDbEntity
  8
PLANTA
 62
     7
370
    15
100
AcDbLine
 10
0.07
 20
0.457
 30
0.0
 11
0.25
 21
0.457
 31
0.0
1001
AcDbBlockRepETag
1070
     1
1071
       24
1005
6AA
  0
LINE
  5
6AB
330
68C
100
AcDbEntity
  8
PLANTA
 62
     7
370
    15
100
AcDbLine
 10
0.07
 20
0.49
 30
0.0
 11
0.25
 21
0.49
 31
0.0
1001
AcDbBlockRepETag
1070
     1
1071
       25
1005
6AB
  0
LINE
  5
6AC
330
68C
100
AcDbEntity
  8
PLANTA
 62
     7
100
AcDbLine
 10
0.054
 20
0.5
 30
0.0
 11
0.06
 21
0.5
 31
0.0
1001
AcDbBlockRepETag
1070
     1
1071
       26
1005
6AC
  0
LINE
  5
6AD
330
68C
100
AcDbEntity
  8
PLANTA
 62
     7
100
AcDbLine
 10
0.06
 20
0.5
 30
0.0
 11
0.06
 21
0.0
 31
0.0
1001
AcDbBlockRepETag
1070
     1
1071
       27
1005
6AD
  0
LINE
  5
6AE
330
68C
100
AcDbEntity
  8
PLANTA
 62
     7
100
AcDbLine
 10
0.06
 20
0.0
 30
0.0
 11
0.054
 21
0.0
 31
0.0
1001
AcDbBlockRepETag
1070
     1
1071
       28
1005
6AE
  0
LINE
  5
6AF
330
68C
100
AcDbEntity
  8
PLANTA
 62
     7
100
AcDbLine
 10
0.054
 20
0.0
 30
0.0
 11
0.054
 21
0.5
 31
0.0
1001
AcDbBlockRepETag
1070
     1
1071
       29
1005
6AF
  0
LINE
  5
6B0
330
68C
100
AcDbEntity
  8
PLANTA
 62
     7
100
AcDbLine
 10
0.266
 20
0.5
 30
0.0
 11
0.26
 21
0.5
 31
0.0
1001
AcDbBlockRepETag
1070
     1
1071
       30
1005
6B0
  0
LINE
  5
6B1
330
68C
100
AcDbEntity
  8
PLANTA
 62
     7
100
AcDbLine
 10
0.26
 20
0.5
 30
0.0
 11
0.26
 21
0.0
 31
0.0
1001
AcDbBlockRepETag
1070
     1
1071
       31
1005
6B1
  0
LINE
  5
6B2
330
68C
100
AcDbEntity
  8
PLANTA
 62
     7
100
AcDbLine
 10
0.26
 20
0.0
 30
0.0
 11
0.266
 21
0.0
 31
0.0
1001
AcDbBlockRepETag
1070
     1
1071
       32
1005
6B2
  0
LINE
  5
6B3
330
68C
100
AcDbEntity
  8
PLANTA
 62
     7
100
AcDbLine
 10
0.266
 20
0.0
 30
0.0
 11
0.266
 21
0.5
 31
0.0
1001
AcDbBlockRepETag
1070
     1
1071
       33
1005
6B3
  0
LWPOLYLINE
  5
6B4
330
68C
100
AcDbEntity
  8
PLANTA
 62
     7
100
AcDbPolyline
 90
        4
 70
     1
 43
0.0
 10
0.0
 20
0.5
 10
0.32
 20
0.5
 10
0.32
 20
0.0
 10
0.0
 20
0.0
1001
AcDbBlockRepETag
1070
     1
1071
       34
1005
6B4
  0
LINE
  5
6B5
330
68C
100
AcDbEntity
  8
PLANTA
 62
     7
100
AcDbLine
 10
0.033
 20
0.0
 30
0.0
 11
0.033
 21
0.5
 31
0.0
1001
AcDbBlockRepETag
1070
     1
1071
       35
1005
6B5
  0
LINE
  5
6B6
330
68C
100
AcDbEntity
  8
PLANTA
 62
     7
100
AcDbLine
 10
0.046879
 20
0.04
 30
0.0
 11
0.019121
 21
0.04
 31
0.0
1001
AcDbBlockRepETag
1070
     1
1071
       36
1005
6B6
  0
CIRCLE
  5
6B7
330
68C
100
AcDbEntity
  8
PLANTA
 62
     7
100
AcDbCircle
 10
0.033
 20
0.46
 30
0.0
 40
0.009
1001
AcDbBlockRepETag
1070
     1
1071
       37
1005
6B7
  0
CIRCLE
  5
6B8
330
68C
100
AcDbEntity
  8
PLANTA
 62
     7
100
AcDbCircle
 10
0.033
 20
0.32
 30
0.0
 40
0.009
1001
AcDbBlockRepETag
1070
     1
1071
       38
1005
6B8
  0
CIRCLE
  5
6B9
330
68C
100
AcDbEntity
  8
PLANTA
 62
     7
100
AcDbCircle
 10
0.033
 20
0.18
 30
0.0
 40
0.009
1001
AcDbBlockRepETag
1070
     1
1071
       39
1005
6B9
  0
CIRCLE
  5
6BA
330
68C
100
AcDbEntity
  8
PLANTA
 62
     7
100
AcDbCircle
 10
0.033
 20
0.04
 30
0.0
 40
0.009
1001
AcDbBlockRepETag
1070
     1
1071
       40
1005
6BA
  0
LINE
  5
6BB
330
68C
100
AcDbEntity
  8
PLANTA
 62
     7
100
AcDbLine
 10
0.046879
 20
0.18
 30
0.0
 11
0.019121
 21
0.18
 31
0.0
1001
AcDbBlockRepETag
1070
     1
1071
       41
1005
6BB
  0
LINE
  5
6BC
330
68C
100
AcDbEntity
  8
PLANTA
 62
     7
100
AcDbLine
 10
0.046879
 20
0.32
 30
0.0
 11
0.019121
 21
0.32
 31
0.0
1001
AcDbBlockRepETag
1070
     1
1071
       42
1005
6BC
  0
LINE
  5
6BD
330
68C
100
AcDbEntity
  8
PLANTA
 62
     7
100
AcDbLine
 10
0.046879
 20
0.46
 30
0.0
 11
0.019121
 21
0.46
 31
0.0
1001
AcDbBlockRepETag
1070
     1
1071
       43
1005
6BD
  0
LINE
  5
6BE
330
68C
100
AcDbEntity
  8
PLANTA
 62
     7
100
AcDbLine
 10
0.0105
 20
0.32
 30
0.0
 11
0.0555
 21
0.32
 31
0.0
1001
AcDbBlockRepETag
1070
     1
1071
       44
1005
6BE
  0
LINE
  5
6BF
330
68C
100
AcDbEntity
  8
PLANTA
 62
     7
100
AcDbLine
 10
0.033
 20
0.2975
 30
0.0
 11
0.033
 21
0.3425
 31
0.0
1001
AcDbBlockRepETag
1070
     1
1071
       45
1005
6BF
  0
LINE
  5
6C0
330
68C
100
AcDbEntity
  8
PLANTA
 62
     7
100
AcDbLine
 10
0.0105
 20
0.46
 30
0.0
 11
0.0555
 21
0.46
 31
0.0
1001
AcDbBlockRepETag
1070
     1
1071
       46
1005
6C0
  0
LINE
  5
6C1
330
68C
100
AcDbEntity
  8
PLANTA
 62
     7
100
AcDbLine
 10
0.033
 20
0.4375
 30
0.0
 11
0.033
 21
0.4825
 31
0.0
1001
AcDbBlockRepETag
1070
     1
1071
       47
1005
6C1
  0
LINE
  5
6C2
330
68C
100
AcDbEntity
  8
PLANTA
 62
     7
100
AcDbLine
 10
0.0105
 20
0.18
 30
0.0
 11
0.0555
 21
0.18
 31
0.0
1001
AcDbBlockRepETag
1070
     1
1071
       48
1005
6C2
  0
LINE
  5
6C3
330
68C
100
AcDbEntity
  8
PLANTA
 62
     7
100
AcDbLine
 10
0.033
 20
0.1575
 30
0.0
 11
0.033
 21
0.2025
 31
0.0
1001
AcDbBlockRepETag
1070
     1
1071
       49
1005
6C3
  0
LINE
  5
6C4
330
68C
100
AcDbEntity
  8
PLANTA
 62
     7
100
AcDbLine
 10
0.0105
 20
0.04
 30
0.0
 11
0.0555
 21
0.04
 31
0.0
1001
AcDbBlockRepETag
1070
     1
1071
       50
1005
6C4
  0
LINE
  5
6C5
330
68C
100
AcDbEntity
  8
PLANTA
 62
     7
100
AcDbLine
 10
0.033
 20
0.0175
 30
0.0
 11
0.033
 21
0.0625
 31
0.0
1001
AcDbBlockRepETag
1070
     1
1071
       51
1005
6C5
  0
LINE
  5
6C6
330
68C
100
AcDbEntity
  8
PLANTA
 62
     7
100
AcDbLine
 10
0.266
 20
0.5
 30
0.0
 11
0.26
 21
0.5
 31
0.0
1001
AcDbBlockRepETag
1070
     1
1071
       52
1005
6C6
  0
LINE
  5
6C7
330
68C
100
AcDbEntity
  8
PLANTA
 62
     7
100
AcDbLine
 10
0.26
 20
0.5
 30
0.0
 11
0.26
 21
0.0
 31
0.0
1001
AcDbBlockRepETag
1070
     1
1071
       53
1005
6C7
  0
LINE
  5
6C8
330
68C
100
AcDbEntity
  8
PLANTA
 62
     7
100
AcDbLine
 10
0.26
 20
0.0
 30
0.0
 11
0.266
 21
0.0
 31
0.0
1001
AcDbBlockRepETag
1070
     1
1071
       54
1005
6C8
  0
LINE
  5
6C9
330
68C
100
AcDbEntity
  8
PLANTA
 62
     7
100
AcDbLine
 10
0.266
 20
0.0
 30
0.0
 11
0.266
 21
0.5
 31
0.0
1001
AcDbBlockRepETag
1070
     1
1071
       55
1005
6C9
  0
LINE
  5
6CA
330
68C
100
AcDbEntity
  8
PLANTA
 62
     7
100
AcDbLine
 10
0.287
 20
0.0
 30
0.0
 11
0.287
 21
0.5
 31
0.0
1001
AcDbBlockRepETag
1070
     1
1071
       56
1005
6CA
  0
LINE
  5
6CB
330
68C
100
AcDbEntity
  8
PLANTA
 62
     7
100
AcDbLine
 10
0.273121
 20
0.04
 30
0.0
 11
0.300879
 21
0.04
 31
0.0
1001
AcDbBlockRepETag
1070
     1
1071
       57
1005
6CB
  0
CIRCLE
  5
6CC
330
68C
100
AcDbEntity
  8
PLANTA
 62
     7
100
AcDbCircle
 10
0.287
 20
0.46
 30
0.0
 40
0.009
1001
AcDbBlockRepETag
1070
     1
1071
       58
1005
6CC
  0
CIRCLE
  5
6CD
330
68C
100
AcDbEntity
  8
PLANTA
 62
     7
100
AcDbCircle
 10
0.287
 20
0.32
 30
0.0
 40
0.009
1001
AcDbBlockRepETag
1070
     1
1071
       59
1005
6CD
  0
CIRCLE
  5
6CE
330
68C
100
AcDbEntity
  8
PLANTA
 62
     7
100
AcDbCircle
 10
0.287
 20
0.18
 30
0.0
 40
0.009
1001
AcDbBlockRepETag
1070
     1
1071
       60
1005
6CE
  0
CIRCLE
  5
6CF
330
68C
100
AcDbEntity
  8
PLANTA
 62
     7
100
AcDbCircle
 10
0.287
 20
0.04
 30
0.0
 40
0.009
1001
AcDbBlockRepETag
1070
     1
1071
       61
1005
6CF
  0
LINE
  5
6D0
330
68C
100
AcDbEntity
  8
PLANTA
 62
     7
100
AcDbLine
 10
0.273121
 20
0.18
 30
0.0
 11
0.300879
 21
0.18
 31
0.0
1001
AcDbBlockRepETag
1070
     1
1071
       62
1005
6D0
  0
LINE
  5
6D1
330
68C
100
AcDbEntity
  8
PLANTA
 62
     7
100
AcDbLine
 10
0.273121
 20
0.32
 30
0.0
 11
0.300879
 21
0.32
 31
0.0
1001
AcDbBlockRepETag
1070
     1
1071
       63
1005
6D1
  0
LINE
  5
6D2
330
68C
100
AcDbEntity
  8
PLANTA
 62
     7
100
AcDbLine
 10
0.273121
 20
0.46
 30
0.0
 11
0.300879
 21
0.46
 31
0.0
1001
AcDbBlockRepETag
1070
     1
1071
       64
1005
6D2
  0
LINE
  5
6D3
330
68C
100
AcDbEntity
  8
PLANTA
 62
     7
100
AcDbLine
 10
0.3095
 20
0.32
 30
0.0
 11
0.2645
 21
0.32
 31
0.0
1001
AcDbBlockRepETag
1070
     1
1071
       65
1005
6D3
  0
LINE
  5
6D4
330
68C
100
AcDbEntity
  8
PLANTA
 62
     7
100
AcDbLine
 10
0.287
 20
0.2975
 30
0.0
 11
0.287
 21
0.3425
 31
0.0
1001
AcDbBlockRepETag
1070
     1
1071
       66
1005
6D4
  0
LINE
  5
6D5
330
68C
100
AcDbEntity
  8
PLANTA
 62
     7
100
AcDbLine
 10
0.3095
 20
0.46
 30
0.0
 11
0.2645
 21
0.46
 31
0.0
1001
AcDbBlockRepETag
1070
     1
1071
       67
1005
6D5
  0
LINE
  5
6D6
330
68C
100
AcDbEntity
  8
PLANTA
 62
     7
100
AcDbLine
 10
0.287
 20
0.4375
 30
0.0
 11
0.287
 21
0.4825
 31
0.0
1001
AcDbBlockRepETag
1070
     1
1071
       68
1005
6D6
  0
LINE
  5
6D7
330
68C
100
AcDbEntity
  8
PLANTA
 62
     7
100
AcDbLine
 10
0.3095
 20
0.18
 30
0.0
 11
0.2645
 21
0.18
 31
0.0
1001
AcDbBlockRepETag
1070
     1
1071
       69
1005
6D7
  0
LINE
  5
6D8
330
68C
100
AcDbEntity
  8
PLANTA
 62
     7
100
AcDbLine
 10
0.287
 20
0.1575
 30
0.0
 11
0.287
 21
0.2025
 31
0.0
1001
AcDbBlockRepETag
1070
     1
1071
       70
1005
6D8
  0
LINE
  5
6D9
330
68C
100
AcDbEntity
  8
PLANTA
 62
     7
100
AcDbLine
 10
0.3095
 20
0.04
 30
0.0
 11
0.2645
 21
0.04
 31
0.0
1001
AcDbBlockRepETag
1070
     1
1071
       71
1005
6D9
  0
LINE
  5
6DA
330
68C
100
AcDbEntity
  8
PLANTA
 62
     7
100
AcDbLine
 10
0.287
 20
0.0175
 30
0.0
 11
0.287
 21
0.0625
 31
0.0
1001
AcDbBlockRepETag
1070
     1
1071
       72
1005
6DA
  0
ENDBLK
  5
6DB
330
68C
100
AcDbEntity
  8
0
100
AcDbBlockEnd
  0
BLOCK
  5
73C
330
73B
100
AcDbEntity
  8
0
100
AcDbBlockBegin
  2
*D26
 70
     1
 10
0.0
 20
0.0
 30
0.0
  3
*D26
  1
*D26
  0
LINE
  5
73D
330
73B
100
AcDbEntity
  8
0
 62
     7
370
    -2
100
AcDbLine
 10
99.184422
 20
85.554129
 30
0.0
 11
99.184422
 21
86.571084
 31
0.0
  0
LINE
  5
73E
330
73B
100
AcDbEntity
  8
0
 62
     7
370
    -2
100
AcDbLine
 10
100.984422
 20
85.554129
 30
0.0
 11
100.984422
 21
86.571084
 31
0.0
  0
LINE
  5
73F
330
73B
100
AcDbEntity
  8
0
 62
     7
370
    -2
100
AcDbLine
 10
99.364422
 20
86.521084
 30
0.0
 11
99.882422
 21
86.521084
 31
0.0
  0
LINE
  5
740
330
73B
100
AcDbEntity
  8
0
 62
     7
370
    -2
100
AcDbLine
 10
100.804422
 20
86.521084
 30
0.0
 11
100.286422
 21
86.521084
 31
0.0
  0
SOLID
  5
741
330
73B
100
AcDbEntity
  8
0
 62
     7
100
AcDbTrace
 10
99.364422
 20
86.551084
 30
0.0
 11
99.364422
 21
86.491084
 31
0.0
 12
99.184422
 22
86.521084
 32
0.0
 13
99.184422
 23
86.521084
 33
0.0
  0
SOLID
  5
742
330
73B
100
AcDbEntity
  8
0
 62
     7
100
AcDbTrace
 10
100.804422
 20
86.491084
 30
0.0
 11
100.804422
 21
86.551084
 31
0.0
 12
100.984422
 22
86.521084
 32
0.0
 13
100.984422
 23
86.521084
 33
0.0
  0
MTEXT
  5
743
330
73B
100
AcDbEntity
  8
0
 62
     7
370
     0
100
AcDbMText
 10
100.084422
 20
86.521084
 30
0.0
 40
0.16
 41
0.0
 46
0.0
 71
     5
 72
     1
  1
\A1;1.80
  7
COTA
 73
     1
 44
1.0
  0
POINT
  5
744
330
73B
100
AcDbEntity
  8
Defpoints
 62
     0
100
AcDbPoint
 10
99.184422
 20
85.554129
 30
0.0
  0
POINT
  5
745
330
73B
100
AcDbEntity
  8
Defpoints
 62
     0
100
AcDbPoint
 10
100.984422
 20
85.554129
 30
0.0
  0
POINT
  5
746
330
73B
100
AcDbEntity
  8
Defpoints
 62
     0
100
AcDbPoint
 10
100.984422
 20
86.521084
 30
0.0
  0
ENDBLK
  5
747
330
73B
100
AcDbEntity
  8
0
100
AcDbBlockEnd
  0
BLOCK
  5
757
330
756
100
AcDbEntity
  8
0
100
AcDbBlockBegin
  2
*D27
 70
     1
 10
0.0
 20
0.0
 30
0.0
  3
*D27
  1
*D27
  0
LINE
  5
758
330
756
100
AcDbEntity
  8
0
 62
     1
370
    -2
100
AcDbLine
 10
87.359422
 20
55.474129
 30
0.0
 11
86.446658
 21
55.474129
 31
0.0
  0
LINE
  5
759
330
756
100
AcDbEntity
  8
0
 62
     1
370
    -2
100
AcDbLine
 10
87.359422
 20
60.474129
 30
0.0
 11
86.446658
 21
60.474129
 31
0.0
  0
LINE
  5
75A
330
756
100
AcDbEntity
  8
0
 62
     1
370
    -2
100
AcDbLine
 10
86.496658
 20
55.654129
 30
0.0
 11
86.496658
 21
57.755796
 31
0.0
  0
LINE
  5
75B
330
756
100
AcDbEntity
  8
0
 62
     1
370
    -2
100
AcDbLine
 10
86.496658
 20
60.294129
 30
0.0
 11
86.496658
 21
58.192462
 31
0.0
  0
SOLID
  5
75C
330
756
100
AcDbEntity
  8
0
 62
     1
100
AcDbTrace
 10
86.466658
 20
55.654129
 30
0.0
 11
86.526658
 21
55.654129
 31
0.0
 12
86.496658
 22
55.474129
 32
0.0
 13
86.496658
 23
55.474129
 33
0.0
  0
SOLID
  5
75D
330
756
100
AcDbEntity
  8
0
 62
     1
100
AcDbTrace
 10
86.526658
 20
60.294129
 30
0.0
 11
86.466658
 21
60.294129
 31
0.0
 12
86.496658
 22
60.474129
 32
0.0
 13
86.496658
 23
60.474129
 33
0.0
  0
MTEXT
  5
75E
330
756
100
AcDbEntity
  8
0
 62
     3
100
AcDbMText
 10
86.496658
 20
57.974129
 30
0.0
 40
0.16
 41
0.0
 46
0.0
 71
     5
 72
     1
  1
\A1;5.00
  7
COTA
 11
0.0
 21
1.0
 31
0.0
 73
     1
 44
1.0
  0
POINT
  5
75F
330
756
100
AcDbEntity
  8
Defpoints
 62
     0
100
AcDbPoint
 10
87.359422
 20
55.474129
 30
0.0
  0
POINT
  5
760
330
756
100
AcDbEntity
  8
Defpoints
 62
     0
100
AcDbPoint
 10
87.359422
 20
60.474129
 30
0.0
  0
POINT
  5
761
330
756
100
AcDbEntity
  8
Defpoints
 62
     0
100
AcDbPoint
 10
86.496658
 20
60.474129
 30
0.0
  0
ENDBLK
  5
762
330
756
100
AcDbEntity
  8
0
100
AcDbBlockEnd
  0
BLOCK
  5
7DD
330
7DA
100
AcDbEntity
  8
0
100
AcDbBlockBegin
  2
A$C72337FE4
 70
     0
 10
0.0
 20
0.0
 30
0.0
  3
A$C72337FE4
  1
A$C72337FE4
  0
LWPOLYLINE
  5
7DE
330
7DA
100
AcDbEntity
  8
0
100
AcDbPolyline
 90
        4
 70
     1
 43
0.0
 10
0.0
 20
1.406141
 10
0.0
 20
0.706141
 10
1.4
 20
0.706141
 10
1.4
 20
1.406141
  0
LINE
  5
7DF
330
7DA
100
AcDbEntity
  8
0
100
AcDbLine
 10
0.53477
 20
1.370186
 30
0.0
 11
0.91577
 21
1.370186
 31
0.0
  0
LINE
  5
7E0
330
7DA
100
AcDbEntity
  8
0
100
AcDbLine
 10
1.040577
 20
0.850845
 30
0.0
 11
0.989777
 21
0.850845
 31
0.0
  0
LINE
  5
7E1
330
7DA
100
AcDbEntity
  8
0
100
AcDbLine
 10
1.053277
 20
0.876245
 30
0.0
 11
0.977077
 21
0.876245
 31
0.0
  0
LINE
  5
7E2
330
7DA
100
AcDbEntity
  8
0
100
AcDbLine
 10
0.86497
 20
1.090785
 30
0.0
 11
0.91577
 21
1.039985
 31
0.0
  0
LINE
  5
7E3
330
7DA
100
AcDbEntity
  8
0
100
AcDbLine
 10
0.989777
 20
0.825445
 30
0.0
 11
1.040577
 21
0.825445
 31
0.0
  0
LINE
  5
7E4
330
7DA
100
AcDbEntity
  8
0
100
AcDbLine
 10
0.977077
 20
0.774645
 30
0.0
 11
1.053277
 21
0.774645
 31
0.0
  0
LINE
  5
7E5
330
7DA
100
AcDbEntity
  8
0
100
AcDbLine
 10
0.875477
 20
0.774645
 30
0.0
 11
0.875477
 21
0.800045
 31
0.0
  0
LINE
  5
7E6
330
7DA
100
AcDbEntity
  8
0
100
AcDbLine
 10
1.015177
 20
0.850845
 30
0.0
 11
1.015177
 21
0.825445
 31
0.0
  0
LINE
  5
7E7
330
7DA
100
AcDbEntity
  8
0
100
AcDbLine
 10
1.040577
 20
0.825445
 30
0.0
 11
1.040577
 21
0.850845
 31
0.0
  0
LINE
  5
7E8
330
7DA
100
AcDbEntity
  8
0
100
AcDbLine
 10
0.989777
 20
0.850845
 30
0.0
 11
0.989777
 21
0.825445
 31
0.0
  0
LINE
  5
7E9
330
7DA
100
AcDbEntity
  8
0
100
AcDbLine
 10
0.977077
 20
0.876245
 30
0.0
 11
0.977077
 21
0.774645
 31
0.0
  0
LINE
  5
7EA
330
7DA
100
AcDbEntity
  8
0
100
AcDbLine
 10
1.053277
 20
0.774645
 30
0.0
 11
1.053277
 21
0.876245
 31
0.0
  0
LINE
  5
7EB
330
7DA
100
AcDbEntity
  8
0
100
AcDbLine
 10
0.926277
 20
0.952445
 30
0.0
 11
0.926277
 21
0.749245
 31
0.0
  0
LINE
  5
7EC
330
7DA
100
AcDbEntity
  8
0
100
AcDbLine
 10
0.875477
 20
0.825445
 30
0.0
 11
0.875477
 21
0.901645
 31
0.0
  0
LINE
  5
7ED
330
7DA
100
AcDbEntity
  8
0
100
AcDbLine
 10
0.53477
 20
1.039985
 30
0.0
 11
0.58557
 21
1.090785
 31
0.0
  0
LINE
  5
7EE
330
7DA
100
AcDbEntity
  8
0
100
AcDbLine
 10
0.596077
 20
0.800045
 30
0.0
 11
0.596077
 21
0.774645
 31
0.0
  0
LINE
  5
7EF
330
7DA
100
AcDbEntity
  8
0
100
AcDbLine
 10
0.545277
 20
0.749245
 30
0.0
 11
0.545277
 21
0.952445
 31
0.0
  0
LINE
  5
7F0
330
7DA
100
AcDbEntity
  8
0
100
AcDbLine
 10
0.596077
 20
0.901645
 30
0.0
 11
0.596077
 21
0.825445
 31
0.0
  0
LINE
  5
7F1
330
7DA
100
AcDbEntity
  8
0
100
AcDbLine
 10
0.875477
 20
0.876245
 30
0.0
 11
0.596077
 21
0.876245
 31
0.0
  0
LINE
  5
7F2
330
7DA
100
AcDbEntity
  8
0
100
AcDbLine
 10
0.596077
 20
0.850845
 30
0.0
 11
0.875477
 21
0.850845
 31
0.0
  0
LINE
  5
7F3
330
7DA
100
AcDbEntity
  8
0
100
AcDbLine
 10
0.875477
 20
0.901645
 30
0.0
 11
0.596077
 21
0.901645
 31
0.0
  0
LINE
  5
7F4
330
7DA
100
AcDbEntity
  8
0
100
AcDbLine
 10
0.596077
 20
0.825445
 30
0.0
 11
0.875477
 21
0.825445
 31
0.0
  0
LINE
  5
7F5
330
7DA
100
AcDbEntity
  8
0
100
AcDbLine
 10
0.875477
 20
0.800045
 30
0.0
 11
0.596077
 21
0.800045
 31
0.0
  0
LINE
  5
7F6
330
7DA
100
AcDbEntity
  8
0
100
AcDbLine
 10
0.596077
 20
0.774645
 30
0.0
 11
0.875477
 21
0.774645
 31
0.0
  0
LINE
  5
7F7
330
7DA
100
AcDbEntity
  8
0
100
AcDbLine
 10
0.545277
 20
0.952445
 30
0.0
 11
0.926277
 21
0.952445
 31
0.0
  0
LINE
  5
7F8
330
7DA
100
AcDbEntity
  8
0
100
AcDbLine
 10
0.926277
 20
0.749245
 30
0.0
 11
0.545277
 21
0.749245
 31
0.0
  0
LINE
  5
7F9
330
7DA
100
AcDbEntity
  8
0
100
AcDbLine
 10
0.86497
 20
1.090785
 30
0.0
 11
0.58557
 21
1.090785
 31
0.0
  0
LINE
  5
7FA
330
7DA
100
AcDbEntity
  8
0
100
AcDbLine
 10
0.91577
 20
1.039985
 30
0.0
 11
0.53477
 21
1.039985
 31
0.0
  0
LINE
  5
7FB
330
7DA
100
AcDbEntity
  8
0
100
AcDbLine
 10
0.58557
 20
1.090785
 30
0.0
 11
0.53477
 21
1.370186
 31
0.0
  0
LINE
  5
7FC
330
7DA
100
AcDbEntity
  8
0
100
AcDbLine
 10
0.91577
 20
1.370186
 30
0.0
 11
0.86497
 21
1.090785
 31
0.0
  0
LINE
  5
7FD
330
7DA
100
AcDbEntity
  8
0
100
AcDbLine
 10
0.53477
 20
1.039985
 30
0.0
 11
0.53477
 21
1.370186
 31
0.0
  0
LINE
  5
7FE
330
7DA
100
AcDbEntity
  8
0
100
AcDbLine
 10
0.91577
 20
1.370186
 30
0.0
 11
0.91577
 21
1.039985
 31
0.0
  0
LINE
  5
7FF
330
7DA
100
AcDbEntity
  8
0
100
AcDbLine
 10
0.512863
 20
0.5523
 30
0.0
 11
0.911163
 21
0.5523
 31
0.0
  0
LINE
  5
800
330
7DA
100
AcDbEntity
  8
0
100
AcDbLine
 10
0.961163
 20
0.5023
 30
0.0
 11
0.961163
 21
0.1049
 31
0.0
  0
LINE
  5
801
330
7DA
100
AcDbEntity
  8
0
100
AcDbLine
 10
0.911163
 20
0.0549
 30
0.0
 11
0.512863
 21
0.0549
 31
0.0
  0
LINE
  5
802
330
7DA
100
AcDbEntity
  8
0
100
AcDbLine
 10
0.462863
 20
0.1049
 30
0.0
 11
0.462863
 21
0.5023
 31
0.0
  0
ARC
  5
803
330
7DA
100
AcDbEntity
  8
0
100
AcDbCircle
 10
0.911163
 20
0.1049
 30
0.0
 40
0.05
100
AcDbArc
 50
270.0
 51
0.0
  0
ARC
  5
804
330
7DA
100
AcDbEntity
  8
0
100
AcDbCircle
 10
0.512863
 20
0.1049
 30
0.0
 40
0.05
100
AcDbArc
 50
180.0
 51
270.0
  0
ARC
  5
805
330
7DA
100
AcDbEntity
  8
0
100
AcDbCircle
 10
0.512863
 20
0.5023
 30
0.0
 40
0.05
100
AcDbArc
 50
90.0
 51
180.0
  0
ARC
  5
806
330
7DA
100
AcDbEntity
  8
0
100
AcDbCircle
 10
0.911163
 20
0.5023
 30
0.0
 40
0.05
100
AcDbArc
 50
0.0
 51
90.0
  0
LWPOLYLINE
  5
807
330
7DA
100
AcDbEntity
  8
0
100
AcDbPolyline
 90
        4
 70
     1
 43
0.0
 10
0.852463
 20
0.0
 10
0.572263
 20
0.0
 10
0.572263
 20
0.0427
 10
0.852463
 20
0.0427
  0
LWPOLYLINE
  5
808
330
7DA
100
AcDbEntity
  8
0
100
AcDbPolyline
 90
        4
 70
     1
 43
0.0
 10
0.940463
 20
0.1681
 10
0.921763
 20
0.1681
 10
0.921763
 20
0.4749
 10
0.940463
 20
0.4749
  0
LWPOLYLINE
  5
809
330
7DA
100
AcDbEntity
  8
0
100
AcDbPolyline
 90
        4
 70
     1
 43
0.0
 10
0.494863
 20
0.1654
 10
0.473563
 20
0.1654
 10
0.473563
 20
0.4749
 10
0.494863
 20
0.4749
  0
ENDBLK
  5
80A
330
7DA
100
AcDbEntity
  8
0
100
AcDbBlockEnd
  0
BLOCK
  5
817
330
816
100
AcDbEntity
  8
0
100
AcDbBlockBegin
  2
*D29
 70
     1
 10
0.0
 20
0.0
 30
0.0
  3
*D29
  1
*D29
  0
LINE
  5
818
330
816
100
AcDbEntity
  8
Carpinteria
 62
     1
370
    -2
100
AcDbLine
 10
104.310809
 20
64.574129
 30
0.0
 11
104.260809
 21
64.574129
 31
0.0
  0
LINE
  5
819
330
816
100
AcDbEntity
  8
Carpinteria
 62
     1
370
    -2
100
AcDbLine
 10
105.179422
 20
60.774129
 30
0.0
 11
104.260809
 21
60.774129
 31
0.0
  0
LINE
  5
81A
330
816
100
AcDbEntity
  8
Carpinteria
 62
     1
370
    -2
100
AcDbLine
 10
104.310809
 20
64.394129
 30
0.0
 11
104.310809
 21
62.905796
 31
0.0
  0
LINE
  5
81B
330
816
100
AcDbEntity
  8
Carpinteria
 62
     1
370
    -2
100
AcDbLine
 10
104.310809
 20
60.954129
 30
0.0
 11
104.310809
 21
62.442462
 31
0.0
  0
SOLID
  5
81C
330
816
100
AcDbEntity
  8
Carpinteria
 62
     1
100
AcDbTrace
 10
104.340809
 20
64.394129
 30
0.0
 11
104.280809
 21
64.394129
 31
0.0
 12
104.310809
 22
64.574129
 32
0.0
 13
104.310809
 23
64.574129
 33
0.0
  0
SOLID
  5
81D
330
816
100
AcDbEntity
  8
Carpinteria
 62
     1
100
AcDbTrace
 10
104.280809
 20
60.954129
 30
0.0
 11
104.340809
 21
60.954129
 31
0.0
 12
104.310809
 22
60.774129
 32
0.0
 13
104.310809
 23
60.774129
 33
0.0
  0
MTEXT
  5
81E
330
816
100
AcDbEntity
  8
Carpinteria
 62
     3
100
AcDbMText
 10
104.310809
 20
62.674129
 30
0.0
 40
0.16
 41
0.0
 46
0.0
 71
     5
 72
     1
  1
\A1;3.80
  7
COTA
 11
0.0
 21
1.0
 31
0.0
 73
     1
 44
1.0
  0
POINT
  5
81F
330
816
100
AcDbEntity
  8
Defpoints
 62
     0
100
AcDbPoint
 10
104.310809
 20
64.574129
 30
0.0
  0
POINT
  5
820
330
816
100
AcDbEntity
  8
Defpoints
 62
     0
100
AcDbPoint
 10
105.179422
 20
60.774129
 30
0.0
  0
POINT
  5
821
330
816
100
AcDbEntity
  8
Defpoints
 62
     0
100
AcDbPoint
 10
104.310809
 20
60.774129
 30
0.0
  0
ENDBLK
  5
822
330
816
100
AcDbEntity
  8
0
100
AcDbBlockEnd
  0
BLOCK
  5
84F
330
84C
100
AcDbEntity
  8
0
100
AcDbBlockBegin
  2
A$C45C053B3
 70
     0
 10
0.0
 20
0.0
 30
0.0
  3
A$C45C053B3
  1
A$C45C053B3
  0
ARC
  5
850
330
84C
100
AcDbEntity
  8
0
100
AcDbCircle
 10
0.27
 20
0.05
 30
0.0
 40
0.02
100
AcDbArc
 50
270.0
 51
0.0
  0
ARC
  5
851
330
84C
100
AcDbEntity
  8
0
100
AcDbCircle
 10
0.27
 20
0.55
 30
0.0
 40
0.02
100
AcDbArc
 50
0.0
 51
90.0
  0
LWPOLYLINE
  5
852
330
84C
100
AcDbEntity
  8
0
100
AcDbPolyline
 90
        2
 70
     0
 43
0.0
 10
0.29
 20
0.55
 10
0.29
 20
0.314589
  0
LWPOLYLINE
  5
853
330
84C
100
AcDbEntity
  8
0
100
AcDbPolyline
 90
        2
 70
     0
 43
0.0
 10
0.29
 20
0.28541
 10
0.29
 20
0.05
  0
ARC
  5
854
330
84C
100
AcDbEntity
  8
0
100
AcDbCircle
 10
0.05
 20
0.05
 30
0.0
 40
0.02
100
AcDbArc
 50
180.0
 51
270.0
  0
ARC
  5
855
330
84C
100
AcDbEntity
  8
0
100
AcDbCircle
 10
0.03
 20
0.03
 30
0.0
 40
0.03
100
AcDbArc
 50
180.0
 51
270.0
  0
ARC
  5
856
330
84C
100
AcDbEntity
  8
0
100
AcDbCircle
 10
0.05
 20
0.55
 30
0.0
 40
0.02
100
AcDbArc
 50
90.0
 51
180.0
  0
ARC
  5
857
330
84C
100
AcDbEntity
  8
0
100
AcDbCircle
 10
0.03
 20
0.57
 30
0.0
 40
0.03
100
AcDbArc
 50
90.0
 51
180.0
  0
LWPOLYLINE
  5
858
330
84C
100
AcDbEntity
  8
0
100
AcDbPolyline
 90
        2
 70
     0
 43
0.0
 10
0.0
 20
0.03
 10
0.0
 20
0.57
  0
LWPOLYLINE
  5
859
330
84C
100
AcDbEntity
  8
0
100
AcDbPolyline
 90
        2
 70
     0
 43
0.0
 10
0.03
 20
0.05
 10
0.03
 20
0.55
  0
LWPOLYLINE
  5
85A
330
84C
100
AcDbEntity
  8
0
100
AcDbPolyline
 90
        2
 70
     0
 43
0.0
 10
0.05
 20
0.57
 10
0.27
 20
0.57
  0
LWPOLYLINE
  5
85B
330
84C
100
AcDbEntity
  8
0
100
AcDbPolyline
 90
        2
 70
     0
 43
0.0
 10
0.27
 20
0.03
 10
0.05
 20
0.03
  0
ARC
  5
85C
330
84C
100
AcDbEntity
  8
0
100
AcDbCircle
 10
0.37
 20
0.03
 30
0.0
 40
0.03
100
AcDbArc
 50
270.0
 51
0.0
  0
LWPOLYLINE
  5
85D
330
84C
100
AcDbEntity
  8
0
100
AcDbPolyline
 90
        2
 70
     0
 43
0.0
 10
0.37
 20
0.0
 10
0.03
 20
0.0
  0
ARC
  5
85E
330
84C
100
AcDbEntity
  8
0
100
AcDbCircle
 10
0.37
 20
0.57
 30
0.0
 40
0.03
100
AcDbArc
 50
0.0
 51
90.0
  0
LWPOLYLINE
  5
85F
330
84C
100
AcDbEntity
  8
0
100
AcDbPolyline
 90
        2
 70
     0
 43
0.0
 10
0.03
 20
0.6
 10
0.37
 20
0.6
  0
LWPOLYLINE
  5
860
330
84C
100
AcDbEntity
  8
0
100
AcDbPolyline
 90
        2
 70
     0
 43
0.0
 10
0.4
 20
0.57
 10
0.4
 20
0.03
  0
LINE
  5
861
330
84C
100
AcDbEntity
  8
0
100
AcDbLine
 10
0.32
 20
0.6
 30
0.0
 11
0.32
 21
0.397628
 31
0.0
  0
LINE
  5
862
330
84C
100
AcDbEntity
  8
0
100
AcDbLine
 10
0.32
 20
0.397628
 30
0.0
 11
0.32
 21
0.314589
 31
0.0
  0
LINE
  5
863
330
84C
100
AcDbEntity
  8
0
100
AcDbLine
 10
0.32
 20
0.28541
 30
0.0
 11
0.32
 21
0.204262
 31
0.0
  0
LINE
  5
864
330
84C
100
AcDbEntity
  8
0
100
AcDbLine
 10
0.32
 20
0.204262
 30
0.0
 11
0.32
 21
0.0
 31
0.0
  0
CIRCLE
  5
865
330
84C
100
AcDbEntity
  8
0
100
AcDbCircle
 10
0.344262
 20
0.374012
 30
0.0
 40
0.0244821753913129
  0
CIRCLE
  5
866
330
84C
100
AcDbEntity
  8
0
100
AcDbCircle
 10
0.344262
 20
0.374012
 30
0.0
 40
0.0200314614467061
  0
CIRCLE
  5
867
330
84C
100
AcDbEntity
  8
0
100
AcDbCircle
 10
0.344262
 20
0.227071
 30
0.0
 40
0.0237057369731701
  0
LINE
  5
868
330
84C
100
AcDbEntity
  8
0
100
AcDbLine
 10
0.344262
 20
0.314589
 30
0.0
 11
0.344262
 21
0.28541
 31
0.0
  0
LINE
  5
869
330
84C
100
AcDbEntity
  8
0
100
AcDbLine
 10
0.344262
 20
0.28541
 30
0.0
 11
0.223124
 21
0.28541
 31
0.0
  0
LINE
  5
86A
330
84C
100
AcDbEntity
  8
0
100
AcDbLine
 10
0.223124
 20
0.314589
 30
0.0
 11
0.344262
 21
0.314589
 31
0.0
  0
ARC
  5
86B
330
84C
100
AcDbEntity
  8
0
100
AcDbCircle
 10
0.344262
 20
0.3
 30
0.0
 40
0.0292508524538562
100
AcDbArc
 50
209.918815
 51
150.081185
  0
CIRCLE
  5
86C
330
84C
100
AcDbEntity
  8
0
100
AcDbCircle
 10
0.344262
 20
0.227071
 30
0.0
 40
0.0200314614467061
  0
ARC
  5
86D
330
84C
100
AcDbEntity
  8
0
100
AcDbCircle
 10
0.223252
 20
0.3
 30
0.0
 40
0.0145900812554072
100
AcDbArc
 50
90.503577
 51
270.503577
  0
ARC
  5
86E
330
84C
100
AcDbEntity
  8
0
100
AcDbCircle
 10
0.186046
 20
0.3
 30
0.0
 40
0.0302364716284342
100
AcDbArc
 50
22.031329
 51
337.968671
  0
ARC
  5
86F
330
84C
100
AcDbEntity
  8
0
100
AcDbCircle
 10
0.186046
 20
0.3
 30
0.0
 40
0.0259091972180197
100
AcDbArc
 50
17.102139
 51
342.897861
  0
CIRCLE
  5
870
330
84C
100
AcDbEntity
  8
0
100
AcDbCircle
 10
0.197442
 20
0.315513
 30
0.0
 40
0.0025321230865201
  0
POINT
  5
871
330
84C
100
AcDbEntity
  8
0
100
AcDbPoint
 10
0.186046
 20
0.280751
 30
0.0
  0
POINT
  5
872
330
84C
100
AcDbEntity
  8
0
100
AcDbPoint
 10
0.197361
 20
0.284427
 30
0.0
  0
POINT
  5
873
330
84C
100
AcDbEntity
  8
0
100
AcDbPoint
 10
0.204353
 20
0.294052
 30
0.0
  0
POINT
  5
874
330
84C
100
AcDbEntity
  8
0
100
AcDbPoint
 10
0.204353
 20
0.305948
 30
0.0
  0
POINT
  5
875
330
84C
100
AcDbEntity
  8
0
100
AcDbPoint
 10
0.197361
 20
0.315573
 30
0.0
  0
POINT
  5
876
330
84C
100
AcDbEntity
  8
0
100
AcDbPoint
 10
0.186046
 20
0.319249
 30
0.0
  0
POINT
  5
877
330
84C
100
AcDbEntity
  8
0
100
AcDbPoint
 10
0.174732
 20
0.315573
 30
0.0
  0
POINT
  5
878
330
84C
100
AcDbEntity
  8
0
100
AcDbPoint
 10
0.167739
 20
0.305948
 30
0.0
  0
POINT
  5
879
330
84C
100
AcDbEntity
  8
0
100
AcDbPoint
 10
0.167739
 20
0.294052
 30
0.0
  0
POINT
  5
87A
330
84C
100
AcDbEntity
  8
0
100
AcDbPoint
 10
0.174732
 20
0.284427
 30
0.0
  0
CIRCLE
  5
87B
330
84C
100
AcDbEntity
  8
0
100
AcDbCircle
 10
0.186049
 20
0.319249
 30
0.0
 40
0.0025321230865201
  0
CIRCLE
  5
87C
330
84C
100
AcDbEntity
  8
0
100
AcDbCircle
 10
0.17473
 20
0.315551
 30
0.0
 40
0.0025321230865201
  0
CIRCLE
  5
87D
330
84C
100
AcDbEntity
  8
0
100
AcDbCircle
 10
0.204355
 20
0.305962
 30
0.0
 40
0.0025321230865201
  0
CIRCLE
  5
87E
330
84C
100
AcDbEntity
  8
0
100
AcDbCircle
 10
0.204352
 20
0.294038
 30
0.0
 40
0.0025321230865201
  0
CIRCLE
  5
87F
330
84C
100
AcDbEntity
  8
0
100
AcDbCircle
 10
0.197338
 20
0.284411
 30
0.0
 40
0.0025321230865201
  0
CIRCLE
  5
880
330
84C
100
AcDbEntity
  8
0
100
AcDbCircle
 10
0.186044
 20
0.280744
 30
0.0
 40
0.0025321230865201
  0
CIRCLE
  5
881
330
84C
100
AcDbEntity
  8
0
100
AcDbCircle
 10
0.174732
 20
0.284427
 30
0.0
 40
0.0025321230865201
  0
CIRCLE
  5
882
330
84C
100
AcDbEntity
  8
0
100
AcDbCircle
 10
0.167739
 20
0.294052
 30
0.0
 40
0.0025321230865201
  0
CIRCLE
  5
883
330
84C
100
AcDbEntity
  8
0
100
AcDbCircle
 10
0.167741
 20
0.305957
 30
0.0
 40
0.0025321230865201
  0
CIRCLE
  5
884
330
84C
100
AcDbEntity
  8
0
100
AcDbCircle
 10
0.186046
 20
0.3
 30
0.0
 40
0.005905880157837
  0
ENDBLK
  5
885
330
84C
100
AcDbEntity
  8
0
100
AcDbBlockEnd
  0
BLOCK
  5
89A
330
897
100
AcDbEntity
  8
0
100
AcDbBlockBegin
  2
A$C2D604A41
 70
     0
 10
0.0
 20
0.0
 30
0.0
  3
A$C2D604A41
  1
A$C2D604A41
  0
LINE
  5
89B
330
897
100
AcDbEntity
  8
0
 62
   252
100
AcDbLine
 10
-1.1
 20
0.152068
 30
0.0
 11
-1.1
 21
1.152068
 31
0.0
  0
LINE
  5
89C
330
897
100
AcDbEntity
  8
0
 62
   252
100
AcDbLine
 10
-1.1
 20
1.152068
 30
0.0
 11
0.1
 21
1.152068
 31
0.0
  0
LINE
  5
89D
330
897
100
AcDbEntity
  8
0
 62
   252
100
AcDbLine
 10
0.1
 20
1.152068
 30
0.0
 11
0.1
 21
0.152068
 31
0.0
  0
LINE
  5
89E
330
897
100
AcDbEntity
  8
0
 62
   252
100
AcDbLine
 10
0.1
 20
0.152068
 30
0.0
 11
-1.1
 21
0.152068
 31
0.0
  0
LINE
  5
89F
330
897
100
AcDbEntity
  8
0
 62
   252
100
AcDbLine
 10
0.1
 20
0.252068
 30
0.0
 11
0.1
 21
0.402068
 31
0.0
  0
LINE
  5
8A0
330
897
100
AcDbEntity
  8
0
 62
   252
100
AcDbLine
 10
-1.1
 20
1.252068
 30
0.0
 11
-1.1
 21
2.252068
 31
0.0
  0
LINE
  5
8A1
330
897
100
AcDbEntity
  8
0
 62
   252
100
AcDbLine
 10
-1.1
 20
2.252068
 30
0.0
 11
0.1
 21
2.252068
 31
0.0
  0
LINE
  5
8A2
330
897
100
AcDbEntity
  8
0
 62
   252
100
AcDbLine
 10
0.1
 20
2.252068
 30
0.0
 11
0.1
 21
1.252068
 31
0.0
  0
LINE
  5
8A3
330
897
100
AcDbEntity
  8
0
 62
   252
100
AcDbLine
 10
0.1
 20
1.252068
 30
0.0
 11
-1.1
 21
1.252068
 31
0.0
  0
LINE
  5
8A4
330
897
100
AcDbEntity
  8
0
 62
   252
100
AcDbLine
 10
0.1
 20
1.352068
 30
0.0
 11
0.1
 21
1.502068
 31
0.0
  0
LINE
  5
8A5
330
897
100
AcDbEntity
  8
Estanterias
100
AcDbLine
 10
-1.0
 20
0.0
 30
0.0
 11
-1.0
 21
2.4
 31
0.0
  0
LINE
  5
8A6
330
897
100
AcDbEntity
  8
Estanterias
100
AcDbLine
 10
-1.0
 20
2.4
 30
0.0
 11
0.0
 21
2.4
 31
0.0
  0
LINE
  5
8A7
330
897
100
AcDbEntity
  8
Estanterias
100
AcDbLine
 10
0.0
 20
2.4
 30
0.0
 11
0.0
 21
0.0
 31
0.0
  0
LINE
  5
8A8
330
897
100
AcDbEntity
  8
Estanterias
100
AcDbLine
 10
-1.0
 20
0.0
 30
0.0
 11
0.0
 21
0.0
 31
0.0
  0
ENDBLK
  5
8A9
330
897
100
AcDbEntity
  8
0
100
AcDbBlockEnd
  0
BLOCK
  5
8B6
330
8B3
100
AcDbEntity
  8
0
100
AcDbBlockBegin
  2
A$C06FD0996
 70
     0
 10
0.0
 20
0.0
 30
0.0
  3
A$C06FD0996
  1
A$C06FD0996
  0
LINE
  5
8B7
330
8B3
100
AcDbEntity
  8
Estanterias
100
AcDbLine
 10
0.1
 20
0.0
 30
0.0
 11
0.1
 21
3.4
 31
0.0
  0
LINE
  5
8B8
330
8B3
100
AcDbEntity
  8
Estanterias
100
AcDbLine
 10
0.1
 20
3.4
 30
0.0
 11
1.1
 21
3.4
 31
0.0
  0
LINE
  5
8B9
330
8B3
100
AcDbEntity
  8
Estanterias
100
AcDbLine
 10
1.1
 20
3.4
 30
0.0
 11
1.1
 21
0.0
 31
0.0
  0
LINE
  5
8BA
330
8B3
100
AcDbEntity
  8
Estanterias
100
AcDbLine
 10
0.1
 20
0.0
 30
0.0
 11
1.1
 21
0.0
 31
0.0
  0
LINE
  5
8BB
330
8B3
100
AcDbEntity
  8
0
 62
   252
100
AcDbLine
 10
0.0
 20
0.101259
 30
0.0
 11
0.0
 21
1.101259
 31
0.0
  0
LINE
  5
8BC
330
8B3
100
AcDbEntity
  8
0
 62
   252
100
AcDbLine
 10
0.0
 20
1.101259
 30
0.0
 11
1.2
 21
1.101259
 31
0.0
  0
LINE
  5
8BD
330
8B3
100
AcDbEntity
  8
0
 62
   252
100
AcDbLine
 10
1.2
 20
1.101259
 30
0.0
 11
1.2
 21
0.101259
 31
0.0
  0
LINE
  5
8BE
330
8B3
100
AcDbEntity
  8
0
 62
   252
100
AcDbLine
 10
1.2
 20
0.101259
 30
0.0
 11
0.0
 21
0.101259
 31
0.0
  0
LINE
  5
8BF
330
8B3
100
AcDbEntity
  8
0
 62
   252
100
AcDbLine
 10
1.2
 20
0.201259
 30
0.0
 11
1.2
 21
0.351259
 31
0.0
  0
LINE
  5
8C0
330
8B3
100
AcDbEntity
  8
0
 62
   252
100
AcDbLine
 10
0.0
 20
1.201259
 30
0.0
 11
0.0
 21
2.201259
 31
0.0
  0
LINE
  5
8C1
330
8B3
100
AcDbEntity
  8
0
 62
   252
100
AcDbLine
 10
0.0
 20
2.201259
 30
0.0
 11
1.2
 21
2.201259
 31
0.0
  0
LINE
  5
8C2
330
8B3
100
AcDbEntity
  8
0
 62
   252
100
AcDbLine
 10
1.2
 20
2.201259
 30
0.0
 11
1.2
 21
1.201259
 31
0.0
  0
LINE
  5
8C3
330
8B3
100
AcDbEntity
  8
0
 62
   252
100
AcDbLine
 10
1.2
 20
1.201259
 30
0.0
 11
0.0
 21
1.201259
 31
0.0
  0
LINE
  5
8C4
330
8B3
100
AcDbEntity
  8
0
 62
   252
100
AcDbLine
 10
1.2
 20
1.301259
 30
0.0
 11
1.2
 21
1.451259
 31
0.0
  0
LINE
  5
8C5
330
8B3
100
AcDbEntity
  8
0
 62
   252
100
AcDbLine
 10
0.0
 20
2.301259
 30
0.0
 11
0.0
 21
3.301259
 31
0.0
  0
LINE
  5
8C6
330
8B3
100
AcDbEntity
  8
0
 62
   252
100
AcDbLine
 10
0.0
 20
3.301259
 30
0.0
 11
1.2
 21
3.301259
 31
0.0
  0
LINE
  5
8C7
330
8B3
100
AcDbEntity
  8
0
 62
   252
100
AcDbLine
 10
1.2
 20
3.301259
 30
0.0
 11
1.2
 21
2.301259
 31
0.0
  0
LINE
  5
8C8
330
8B3
100
AcDbEntity
  8
0
 62
   252
100
AcDbLine
 10
1.2
 20
2.301259
 30
0.0
 11
0.0
 21
2.301259
 31
0.0
  0
LINE
  5
8C9
330
8B3
100
AcDbEntity
  8
0
 62
   252
100
AcDbLine
 10
1.2
 20
2.401259
 30
0.0
 11
1.2
 21
2.551259
 31
0.0
  0
ENDBLK
  5
8CA
330
8B3
100
AcDbEntity
  8
0
100
AcDbBlockEnd
  0
BLOCK
  5
8D7
330
8D6
100
AcDbEntity
  8
0
100
AcDbBlockBegin
  2
Range-Oven - 30 in top
 70
     0
 10
0.0
 20
0.0
 30
0.0
  3
Range-Oven - 30 in top
  1
RANGE_30_INCH_TOP
  4
DesignCenter Kitchen example
  0
CIRCLE
  5
8D8
330
8D6
100
AcDbEntity
  8
0
100
AcDbCircle
 10
24.0
 20
-9.0
 30
0.0
 40
1.0
  0
LINE
  5
8D9
330
8D6
100
AcDbEntity
  8
0
100
AcDbLine
 10
12.0
 20
-6.0
 30
0.0
 11
18.0
 21
-6.0
 31
0.0
  0
CIRCLE
  5
8DA
330
8D6
100
AcDbEntity
  8
0
100
AcDbCircle
 10
6.0
 20
-9.0
 30
0.0
 40
1.0
  0
LINE
  5
8DB
330
8D6
100
AcDbEntity
  8
0
100
AcDbLine
 10
0.0
 20
-3.0
 30
0.0
 11
30.0
 21
-3.0
 31
0.0
  0
CIRCLE
  5
8DC
330
8D6
100
AcDbEntity
  8
0
100
AcDbCircle
 10
24.0
 20
-18.0
 30
0.0
 40
4.0
  0
CIRCLE
  5
8DD
330
8D6
100
AcDbEntity
  8
0
100
AcDbCircle
 10
24.0
 20
-18.0
 30
0.0
 40
3.0
  0
CIRCLE
  5
8DE
330
8D6
100
AcDbEntity
  8
0
100
AcDbCircle
 10
24.0
 20
-18.0
 30
0.0
 40
2.0
  0
CIRCLE
  5
8DF
330
8D6
100
AcDbEntity
  8
0
100
AcDbCircle
 10
24.0
 20
-18.0
 30
0.0
 40
1.0
  0
LINE
  5
8E0
330
8D6
100
AcDbEntity
  8
0
100
AcDbLine
 10
22.0
 20
-24.999996
 30
0.0
 11
22.0
 21
-23.999996
 31
0.0
  0
LINE
  5
8E1
330
8D6
100
AcDbEntity
  8
0
100
AcDbLine
 10
24.0
 20
-23.999996
 30
0.0
 11
24.0
 21
-24.999996
 31
0.0
  0
LINE
  5
8E2
330
8D6
100
AcDbEntity
  8
0
100
AcDbLine
 10
18.0
 20
-19.999996
 30
0.0
 11
12.0
 21
-19.999996
 31
0.0
  0
LINE
  5
8E3
330
8D6
100
AcDbEntity
  8
0
100
AcDbLine
 10
8.0
 20
-24.999996
 30
0.0
 11
8.0
 21
-23.999996
 31
0.0
  0
CIRCLE
  5
8E4
330
8D6
100
AcDbEntity
  8
0
100
AcDbCircle
 10
6.0
 20
-18.0
 30
0.0
 40
1.0
  0
LINE
  5
8E5
330
8D6
100
AcDbEntity
  8
0
100
AcDbLine
 10
6.0
 20
-23.999996
 30
0.0
 11
6.0
 21
-24.999996
 31
0.0
  0
LWPOLYLINE
  5
8E6
330
8D6
100
AcDbEntity
  8
0
100
AcDbPolyline
 90
        4
 70
     1
 43
0.0
 10
2.0
 20
-25.999996
 10
2.0
 20
-24.999996
 10
28.0
 20
-24.999996
 10
28.0
 20
-25.999996
  0
CIRCLE
  5
8E7
330
8D6
100
AcDbEntity
  8
0
100
AcDbCircle
 10
6.0
 20
-18.0
 30
0.0
 40
3.0
  0
CIRCLE
  5
8E8
330
8D6
100
AcDbEntity
  8
0
100
AcDbCircle
 10
6.0
 20
-18.0
 30
0.0
 40
2.0
  0
LINE
  5
8E9
330
8D6
100
AcDbEntity
  8
0
100
AcDbLine
 10
17.0
 20
-19.999996
 30
0.0
 11
17.0
 21
-6.0
 31
0.0
  0
LINE
  5
8EA
330
8D6
100
AcDbEntity
  8
0
100
AcDbLine
 10
16.0
 20
-6.0
 30
0.0
 11
16.0
 21
-19.999996
 31
0.0
  0
LINE
  5
8EB
330
8D6
100
AcDbEntity
  8
0
100
AcDbLine
 10
15.0
 20
-19.999996
 30
0.0
 11
15.0
 21
-6.0
 31
0.0
  0
LINE
  5
8EC
330
8D6
100
AcDbEntity
  8
0
100
AcDbLine
 10
14.0
 20
-6.0
 30
0.0
 11
14.0
 21
-19.999996
 31
0.0
  0
LINE
  5
8ED
330
8D6
100
AcDbEntity
  8
0
100
AcDbLine
 10
13.0
 20
-19.999996
 30
0.0
 11
13.0
 21
-6.0
 31
0.0
  0
LWPOLYLINE
  5
8EE
330
8D6
100
AcDbEntity
  8
0
100
AcDbPolyline
 90
        4
 70
     1
 43
0.0
 10
12.0
 20
-20.999996
 10
12.0
 20
-5.0
 10
18.0
 20
-5.0
 10
18.0
 20
-20.999996
  0
CIRCLE
  5
8EF
330
8D6
100
AcDbEntity
  8
0
100
AcDbCircle
 10
24.0
 20
-9.0
 30
0.0
 40
3.0
  0
CIRCLE
  5
8F0
330
8D6
100
AcDbEntity
  8
0
100
AcDbCircle
 10
24.0
 20
-9.0
 30
0.0
 40
2.0
  0
CIRCLE
  5
8F1
330
8D6
100
AcDbEntity
  8
0
100
AcDbCircle
 10
6.0
 20
-9.0
 30
0.0
 40
4.0
  0
CIRCLE
  5
8F2
330
8D6
100
AcDbEntity
  8
0
100
AcDbCircle
 10
6.0
 20
-9.0
 30
0.0
 40
3.0
  0
CIRCLE
  5
8F3
330
8D6
100
AcDbEntity
  8
0
100
AcDbCircle
 10
6.0
 20
-9.0
 30
0.0
 40
2.0
  0
LWPOLYLINE
  5
8F4
330
8D6
100
AcDbEntity
  8
0
100
AcDbPolyline
 90
        4
 70
     1
 43
0.0
 10
0.0
 20
-23.999996
 10
0.0
 20
0.0
 10
30.0
 20
0.0
 10
30.0
 20
-23.999996
  0
ENDBLK
  5
8F5
330
8D6
100
AcDbEntity
  8
0
100
AcDbBlockEnd
  0
BLOCK
  5
918
330
915
100
AcDbEntity
  8
0
100
AcDbBlockBegin
  2
Mesa de Reuniones
 70
     0
 10
0.0
 20
0.0
 30
0.0
  3
Mesa de Reuniones
  1
Mesa de Reuniones
  0
CIRCLE
  5
919
330
915
100
AcDbEntity
  8
0
100
AcDbCircle
 10
0.0
 20
0.0
 30
0.0
 40
0.6
  0
LINE
  5
91A
330
915
100
AcDbEntity
  8
0
  6
Continuous
100
AcDbLine
 10
-0.599144
 20
0.251044
 30
0.0
 11
-0.996544
 21
0.251044
 31
0.0
  0
LINE
  5
91B
330
915
100
AcDbEntity
  8
0
  6
Continuous
100
AcDbLine
 10
-1.046544
 20
0.201044
 30
0.0
 11
-1.046544
 21
-0.197256
 31
0.0
  0
LINE
  5
91C
330
915
100
AcDbEntity
  8
0
  6
Continuous
100
AcDbLine
 10
-0.996544
 20
-0.247256
 30
0.0
 11
-0.599144
 21
-0.247256
 31
0.0
  0
ARC
  5
91D
330
915
100
AcDbEntity
  8
0
  6
Continuous
100
AcDbCircle
 10
-0.996544
 20
0.201044
 30
0.0
 40
0.05
100
AcDbArc
 50
90.0
 51
180.0
  0
ARC
  5
91E
330
915
100
AcDbEntity
  8
0
  6
Continuous
100
AcDbCircle
 10
-0.996544
 20
-0.197256
 30
0.0
 40
0.05
100
AcDbArc
 50
180.0
 51
270.0
  0
ARC
  5
91F
330
915
100
AcDbEntity
  8
0
  6
Continuous
100
AcDbCircle
 10
-0.599144
 20
-0.197256
 30
0.0
 40
0.05
100
AcDbArc
 50
270.0
 51
328.03123
  0
ARC
  5
920
330
915
100
AcDbEntity
  8
0
  6
Continuous
100
AcDbCircle
 10
-0.599144
 20
0.201044
 30
0.0
 40
0.05
100
AcDbArc
 50
29.930251
 51
90.0
  0
LWPOLYLINE
  5
921
330
915
100
AcDbEntity
  8
0
  6
Continuous
100
AcDbPolyline
 90
        4
 70
     1
 43
0.0
 10
-1.101444
 20
0.142344
 10
-1.101444
 20
-0.137856
 10
-1.058744
 20
-0.137856
 10
-1.058744
 20
0.142344
  0
LWPOLYLINE
  5
922
330
915
100
AcDbEntity
  8
0
  6
Continuous
100
AcDbPolyline
 90
        4
 70
     1
 43
0.0
 10
-0.933344
 20
0.230344
 10
-0.933344
 20
0.211644
 10
-0.626544
 20
0.211644
 10
-0.626544
 20
0.230344
  0
LWPOLYLINE
  5
923
330
915
100
AcDbEntity
  8
0
  6
Continuous
100
AcDbPolyline
 90
        4
 70
     1
 43
0.0
 10
-0.936044
 20
-0.215256
 10
-0.936044
 20
-0.236556
 10
-0.626544
 20
-0.236556
 10
-0.626544
 20
-0.215256
  0
LINE
  5
924
330
915
100
AcDbEntity
  8
0
  6
Continuous
100
AcDbLine
 10
0.586829
 20
-0.254005
 30
0.0
 11
0.984229
 21
-0.254005
 31
0.0
  0
LINE
  5
925
330
915
100
AcDbEntity
  8
0
  6
Continuous
100
AcDbLine
 10
1.034229
 20
-0.204005
 30
0.0
 11
1.034229
 21
0.194295
 31
0.0
  0
LINE
  5
926
330
915
100
AcDbEntity
  8
0
  6
Continuous
100
AcDbLine
 10
0.984229
 20
0.244295
 30
0.0
 11
0.586829
 21
0.244295
 31
0.0
  0
ARC
  5
927
330
915
100
AcDbEntity
  8
0
  6
Continuous
100
AcDbCircle
 10
0.984229
 20
-0.204005
 30
0.0
 40
0.05
100
AcDbArc
 50
270.0
 51
0.0
  0
ARC
  5
928
330
915
100
AcDbEntity
  8
0
  6
Continuous
100
AcDbCircle
 10
0.984229
 20
0.194295
 30
0.0
 40
0.05
100
AcDbArc
 50
0.0
 51
90.0
  0
ARC
  5
929
330
915
100
AcDbEntity
  8
0
  6
Continuous
100
AcDbCircle
 10
0.586829
 20
0.194295
 30
0.0
 40
0.05
100
AcDbArc
 50
90.0
 51
131.789335
  0
ARC
  5
92A
330
915
100
AcDbEntity
  8
0
  6
Continuous
100
AcDbCircle
 10
0.586829
 20
-0.204005
 30
0.0
 40
0.05
100
AcDbArc
 50
223.539107
 51
270.0
  0
LWPOLYLINE
  5
92B
330
915
100
AcDbEntity
  8
0
  6
Continuous
100
AcDbPolyline
 90
        4
 70
     1
 43
0.0
 10
1.089129
 20
-0.145305
 10
1.089129
 20
0.134895
 10
1.046429
 20
0.134895
 10
1.046429
 20
-0.145305
  0
LWPOLYLINE
  5
92C
330
915
100
AcDbEntity
  8
0
  6
Continuous
100
AcDbPolyline
 90
        4
 70
     1
 43
0.0
 10
0.921029
 20
-0.233305
 10
0.921029
 20
-0.214605
 10
0.614229
 20
-0.214605
 10
0.614229
 20
-0.233305
  0
LWPOLYLINE
  5
92D
330
915
100
AcDbEntity
  8
0
  6
Continuous
100
AcDbPolyline
 90
        4
 70
     1
 43
0.0
 10
0.923729
 20
0.212295
 10
0.923729
 20
0.233595
 10
0.614229
 20
0.233595
 10
0.614229
 20
0.212295
  0
LINE
  5
92E
330
915
100
AcDbEntity
  8
0
  6
Continuous
100
AcDbLine
 10
-0.243833
 20
-0.592372
 30
0.0
 11
-0.243833
 21
-0.989772
 31
0.0
  0
LINE
  5
92F
330
915
100
AcDbEntity
  8
0
  6
Continuous
100
AcDbLine
 10
-0.193833
 20
-1.039772
 30
0.0
 11
0.204467
 21
-1.039772
 31
0.0
  0
LINE
  5
930
330
915
100
AcDbEntity
  8
0
  6
Continuous
100
AcDbLine
 10
0.254467
 20
-0.989772
 30
0.0
 11
0.254467
 21
-0.592372
 31
0.0
  0
ARC
  5
931
330
915
100
AcDbEntity
  8
0
  6
Continuous
100
AcDbCircle
 10
-0.193833
 20
-0.989772
 30
0.0
 40
0.05
100
AcDbArc
 50
180.0
 51
270.0
  0
ARC
  5
932
330
915
100
AcDbEntity
  8
0
  6
Continuous
100
AcDbCircle
 10
0.204467
 20
-0.989772
 30
0.0
 40
0.05
100
AcDbArc
 50
270.0
 51
0.0
  0
ARC
  5
933
330
915
100
AcDbEntity
  8
0
  6
Continuous
100
AcDbCircle
 10
0.204467
 20
-0.592372
 30
0.0
 40
0.05
100
AcDbArc
 50
0.0
 51
53.229685
  0
ARC
  5
934
330
915
100
AcDbEntity
  8
0
  6
Continuous
100
AcDbCircle
 10
-0.193833
 20
-0.592372
 30
0.0
 40
0.05
100
AcDbArc
 50
132.080134
 51
180.0
  0
LWPOLYLINE
  5
935
330
915
100
AcDbEntity
  8
0
  6
Continuous
100
AcDbPolyline
 90
        4
 70
     1
 43
0.0
 10
-0.135133
 20
-1.094672
 10
0.145067
 20
-1.094672
 10
0.145067
 20
-1.051972
 10
-0.135133
 20
-1.051972
  0
LWPOLYLINE
  5
936
330
915
100
AcDbEntity
  8
0
  6
Continuous
100
AcDbPolyline
 90
        4
 70
     1
 43
0.0
 10
-0.223133
 20
-0.926572
 10
-0.204433
 20
-0.926572
 10
-0.204433
 20
-0.619772
 10
-0.223133
 20
-0.619772
  0
LWPOLYLINE
  5
937
330
915
100
AcDbEntity
  8
0
  6
Continuous
100
AcDbPolyline
 90
        4
 70
     1
 43
0.0
 10
0.222467
 20
-0.929272
 10
0.243767
 20
-0.929272
 10
0.243767
 20
-0.619772
 10
0.222467
 20
-0.619772
  0
LINE
  5
938
330
915
100
AcDbEntity
  8
0
  6
Continuous
100
AcDbLine
 10
0.261216
 20
0.593601
 30
0.0
 11
0.261216
 21
0.991001
 31
0.0
  0
LINE
  5
939
330
915
100
AcDbEntity
  8
0
  6
Continuous
100
AcDbLine
 10
0.211216
 20
1.041001
 30
0.0
 11
-0.187084
 21
1.041001
 31
0.0
  0
LINE
  5
93A
330
915
100
AcDbEntity
  8
0
  6
Continuous
100
AcDbLine
 10
-0.237084
 20
0.991001
 30
0.0
 11
-0.237084
 21
0.593601
 31
0.0
  0
ARC
  5
93B
330
915
100
AcDbEntity
  8
0
  6
Continuous
100
AcDbCircle
 10
0.211216
 20
0.991001
 30
0.0
 40
0.05
100
AcDbArc
 50
0.0
 51
90.0
  0
ARC
  5
93C
330
915
100
AcDbEntity
  8
0
  6
Continuous
100
AcDbCircle
 10
-0.187084
 20
0.991001
 30
0.0
 40
0.05
100
AcDbArc
 50
90.0
 51
180.0
  0
ARC
  5
93D
330
915
100
AcDbEntity
  8
0
  6
Continuous
100
AcDbCircle
 10
-0.187084
 20
0.593601
 30
0.0
 40
0.05
100
AcDbArc
 50
180.0
 51
226.166294
  0
ARC
  5
93E
330
915
100
AcDbEntity
  8
0
  6
Continuous
100
AcDbCircle
 10
0.211216
 20
0.593601
 30
0.0
 40
0.05
100
AcDbArc
 50
301.619069
 51
0.0
  0
LWPOLYLINE
  5
93F
330
915
100
AcDbEntity
  8
0
  6
Continuous
100
AcDbPolyline
 90
        4
 70
     1
 43
0.0
 10
0.152516
 20
1.095901
 10
-0.127684
 20
1.095901
 10
-0.127684
 20
1.053201
 10
0.152516
 20
1.053201
  0
LWPOLYLINE
  5
940
330
915
100
AcDbEntity
  8
0
  6
Continuous
100
AcDbPolyline
 90
        4
 70
     1
 43
0.0
 10
0.240516
 20
0.927801
 10
0.221816
 20
0.927801
 10
0.221816
 20
0.621001
 10
0.240516
 20
0.621001
  0
LWPOLYLINE
  5
941
330
915
100
AcDbEntity
  8
0
  6
Continuous
100
AcDbPolyline
 90
        4
 70
     1
 43
0.0
 10
-0.205084
 20
0.930501
 10
-0.226384
 20
0.930501
 10
-0.226384
 20
0.621001
 10
-0.205084
 20
0.621001
  0
ENDBLK
  5
942
330
915
100
AcDbEntity
  8
0
100
AcDbBlockEnd
  0
BLOCK
  5
945
330
944
100
AcDbEntity
  8
0
 62
     2
100
AcDbBlockBegin
  2
Silla_1
 70
     0
 10
0.0
 20
0.0
 30
0.0
  3
Silla_1
  1
Silla_1
  0
LINE
  5
946
330
944
100
AcDbEntity
  8
0
  6
Continuous
100
AcDbLine
 10
-0.4474
 20
-0.24915
 30
0.0
 11
-0.05
 21
-0.24915
 31
0.0
  0
LINE
  5
947
330
944
100
AcDbEntity
  8
0
  6
Continuous
100
AcDbLine
 10
0.0
 20
-0.19915
 30
0.0
 11
0.0
 21
0.19915
 31
0.0
  0
LINE
  5
948
330
944
100
AcDbEntity
  8
0
  6
Continuous
100
AcDbLine
 10
-0.05
 20
0.24915
 30
0.0
 11
-0.4474
 21
0.24915
 31
0.0
  0
ARC
  5
949
330
944
100
AcDbEntity
  8
0
  6
Continuous
100
AcDbCircle
 10
-0.05
 20
-0.19915
 30
0.0
 40
0.05
100
AcDbArc
 50
270.0
 51
0.0
  0
ARC
  5
94A
330
944
100
AcDbEntity
  8
0
  6
Continuous
100
AcDbCircle
 10
-0.05
 20
0.19915
 30
0.0
 40
0.05
100
AcDbArc
 50
0.0
 51
90.0
  0
ARC
  5
94B
330
944
100
AcDbEntity
  8
0
  6
Continuous
100
AcDbCircle
 10
-0.4474
 20
0.19915
 30
0.0
 40
0.05
100
AcDbArc
 50
90.0
 51
131.789335
  0
ARC
  5
94C
330
944
100
AcDbEntity
  8
0
  6
Continuous
100
AcDbCircle
 10
-0.4474
 20
-0.19915
 30
0.0
 40
0.05
100
AcDbArc
 50
223.539107
 51
270.0
  0
LWPOLYLINE
  5
94D
330
944
100
AcDbEntity
  8
0
  6
Continuous
100
AcDbPolyline
 90
        4
 70
     1
 43
0.0
 10
0.0549
 20
-0.14045
 10
0.0549
 20
0.13975
 10
0.0122
 20
0.13975
 10
0.0122
 20
-0.14045
  0
LWPOLYLINE
  5
94E
330
944
100
AcDbEntity
  8
0
  6
Continuous
100
AcDbPolyline
 90
        4
 70
     1
 43
0.0
 10
-0.1132
 20
-0.22845
 10
-0.1132
 20
-0.20975
 10
-0.42
 20
-0.20975
 10
-0.42
 20
-0.22845
  0
LWPOLYLINE
  5
94F
330
944
100
AcDbEntity
  8
0
  6
Continuous
100
AcDbPolyline
 90
        4
 70
     1
 43
0.0
 10
-0.1105
 20
0.21715
 10
-0.1105
 20
0.23845
 10
-0.42
 20
0.23845
 10
-0.42
 20
0.21715
  0
LWPOLYLINE
  5
950
330
944
100
AcDbEntity
  8
0
  6
Continuous
100
AcDbPolyline
 90
        2
 70
     0
 43
0.0
 10
-0.483645
 20
-0.233592
 10
-0.48072
 20
0.23643
  0
ENDBLK
  5
951
330
944
100
AcDbEntity
  8
0
 62
     2
100
AcDbBlockEnd
  0
ENDSEC
  0
SECTION
  2
ENTITIES
  0
LWPOLYLINE
  5
39F
330
1F
100
AcDbEntity
  8
Estanterias
100
AcDbPolyline
 90
        4
 70
     1
 43
0.0
 10
96.304737
 20
85.554129
 10
95.704737
 20
85.554129
 10
95.704737
 20
86.454129
 10
96.304737
 20
86.454129
  0
INSERT
  5
3A0
330
1F
100
AcDbEntity
  8
MUEBLES
100
AcDbBlockReference
  2
A$C5AA56A8C
 10
98.389421
 20
77.488076
 30
0.0
  0
LWPOLYLINE
  5
3B1
330
1F
100
AcDbEntity
  8
MUEBLES
100
AcDbPolyline
 90
        4
 70
     1
 43
0.0
 10
102.695321
 20
95.390896
 10
104.495321
 20
95.390896
 10
104.495321
 20
94.690896
 10
102.695321
 20
94.690896
  0
LWPOLYLINE
  5
3B2
330
1F
100
AcDbEntity
  8
MUEBLES
100
AcDbPolyline
 90
        4
 70
     1
 43
0.0
 10
104.495321
 20
95.390896
 10
106.295321
 20
95.390896
 10
106.295321
 20
94.690896
 10
104.495321
 20
94.690896
  0
LWPOLYLINE
  5
3B3
330
1F
100
AcDbEntity
  8
MUEBLES
100
AcDbPolyline
 90
        4
 70
     1
 43
0.0
 10
94.452398
 20
85.254129
 10
95.052398
 20
85.254129
 10
95.052398
 20
84.654129
 10
94.452398
 20
84.654129
  0
LWPOLYLINE
  5
3B4
330
1F
100
AcDbEntity
  8
MUEBLES
100
AcDbPolyline
 90
        4
 70
     1
 43
0.0
 10
94.550838
 20
82.164129
 10
94.209422
 20
82.164129
 10
94.209422
 20
83.064129
 10
94.550838
 20
83.064129
  0
HATCH
  5
3B5
330
1F
100
AcDbEntity
  8
Hormigon
100
AcDbHatch
 10
0.0
 20
0.0
 30
0.0
210
0.0
220
0.0
230
1.0
  2
SOLID
 70
     1
 71
     0
 91
        3
 92
        7
 72
     0
 73
     1
 93
        4
 10
101.5044215430257
 20
92.25412915722771
 10
101.3044215430259
 20
92.25412915722771
 10
101.3044215430259
 20
92.05412915722789
 10
101.5044215430257
 20
92.05412915722789
 97
        0
 92
        7
 72
     0
 73
     1
 93
        4
 10
105.494421543026
 20
92.25412915722771
 10
105.2944215430257
 20
92.25412915722771
 10
105.2944215430257
 20
92.05412915722789
 10
105.494421543026
 20
92.05412915722789
 97
        0
 92
        7
 72
     0
 73
     1
 93
        4
 10
109.4844215430257
 20
92.25412915722771
 10
109.2844215430259
 20
92.25412915722771
 10
109.2844215430259
 20
92.05412915722789
 10
109.4844215430257
 20
92.05412915722789
 97
        0
 75
     0
 76
     1
 47
0.008331
 98
        5
 10
-786.4596835057391
 20
-160.6784900636106
 10
101.4154472960035
 20
89.44163920107783
 10
101.4154472960035
 20
92.14561644443486
 10
105.4142648011848
 20
92.15906908172681
 10
109.4669384781027
 20
92.11871116985188
1001
ACAD
1010
0.0
1020
0.0
1030
0.0
  0
HATCH
  5
3B6
330
1F
100
AcDbEntity
  8
Hormigon
100
AcDbHatch
 10
0.0
 20
0.0
 30
0.0
210
0.0
220
0.0
230
1.0
  2
SOLID
 70
     1
 71
     0
 91
        1
 92
        1
 93
        4
 72
     1
 10
96.28442158115193
 20
110.3534197013808
 11
96.48442158115175
 21
110.3534197013808
 72
     1
 10
96.48442158115175
 20
110.3534197013808
 11
96.48442158115175
 21
110.1534197965339
 72
     1
 10
96.48442158115175
 20
110.1534197965339
 11
96.28442158115193
 21
110.1534197965339
 72
     1
 10
96.28442158115193
 20
110.1534197965339
 11
96.28442158115193
 21
110.3534197013808
 97
        0
 75
     1
 76
     1
 98
        1
 10
-786.4596835057391
 20
-160.6784900636106
1001
ACAD
1010
0.0
1020
0.0
1030
0.0
  0
HATCH
  5
3B7
330
1F
100
AcDbEntity
  8
Hormigon
100
AcDbHatch
 10
0.0
 20
0.0
 30
0.0
210
0.0
220
0.0
230
1.0
  2
SOLID
 70
     1
 71
     0
 91
        1
 92
        1
 93
        4
 72
     1
 10
91.93442159370896
 20
110.3534197013808
 11
92.13442159370878
 21
110.3534197013808
 72
     1
 10
92.13442159370878
 20
110.3534197013808
 11
92.13442159370878
 21
110.1534197965339
 72
     1
 10
92.13442159370878
 20
110.1534197965339
 11
91.93442159370987
 21
110.1534197965339
 72
     1
 10
91.93442159370896
 20
110.1534197965339
 11
91.93442159370896
 21
110.3534197013808
 97
        0
 75
     1
 76
     1
 98
        1
 10
-790.8096834931823
 20
-160.6784900636106
1001
ACAD
1010
0.0
1020
0.0
1030
0.0
  0
HATCH
  5
3B8
330
1F
100
AcDbEntity
  8
Hormigon
100
AcDbHatch
 10
0.0
 20
0.0
 30
0.0
210
0.0
220
0.0
230
1.0
  2
SOLID
 70
     1
 71
     0
 91
        1
 92
        1
 93
        4
 72
     1
 10
87.62440428434455
 20
110.3529565284958
 11
87.82440428434482
 21
110.3529565284958
 72
     1
 10
87.82440428434482
 20
110.3529565284958
 11
87.82440428434482
 21
110.1529566236489
 72
     1
 10
87.82440428434482
 20
110.1529566236477
 11
87.62440428434455
 21
110.1529566236477
 72
     1
 10
87.62440428434455
 20
110.1529566236477
 11
87.62440428434455
 21
110.3529565284948
 97
        0
 75
     1
 76
     1
 98
        1
 10
-795.1197008025463
 20
-160.6789532364957
1001
ACAD
1010
0.0
1020
0.0
1030
0.0
  0
LINE
  5
3B9
330
1F
100
AcDbEntity
  8
0
100
AcDbLine
 10
101.539422
 20
74.624129
 30
0.0
 11
101.539422
 21
74.206972
 31
0.0
  0
LINE
  5
3BA
330
1F
100
AcDbEntity
  8
0
100
AcDbLine
 10
101.539422
 20
71.324129
 30
0.0
 11
101.539422
 21
70.874129
 31
0.0
  0
LINE
  5
3BB
330
1F
100
AcDbEntity
  8
0
100
AcDbLine
 10
101.539422
 20
68.024129
 30
0.0
 11
101.539422
 21
64.574122
 31
0.0
  0
LINE
  5
3BC
330
1F
100
AcDbEntity
  8
0
100
AcDbLine
 10
101.539422
 20
64.574122
 30
0.0
 11
101.539422
 21
61.874129
 31
0.0
  0
LINE
  5
3BD
330
1F
100
AcDbEntity
  8
0
100
AcDbLine
 10
101.539422
 20
61.674129
 30
0.0
 11
101.539422
 21
60.791286
 31
0.0
  0
LINE
  5
3BE
330
1F
100
AcDbEntity
  8
0
100
AcDbLine
 10
101.239422
 20
78.274129
 30
0.0
 11
101.239422
 21
74.954129
 31
0.0
  0
LINE
  5
3BF
330
1F
100
AcDbEntity
  8
0
100
AcDbLine
 10
101.239422
 20
74.624129
 30
0.0
 11
101.239422
 21
74.206972
 31
0.0
  0
LINE
  5
3C0
330
1F
100
AcDbEntity
  8
0
100
AcDbLine
 10
101.239422
 20
71.324129
 30
0.0
 11
101.239422
 21
70.874129
 31
0.0
  0
LINE
  5
3C1
330
1F
100
AcDbEntity
  8
0
100
AcDbLine
 10
101.239422
 20
68.024129
 30
0.0
 11
101.239422
 21
64.574122
 31
0.0
  0
LINE
  5
3C2
330
1F
100
AcDbEntity
  8
0
100
AcDbLine
 10
101.239422
 20
66.974122
 30
0.0
 11
101.239422
 21
65.874122
 31
0.0
  0
LINE
  5
3C3
330
1F
100
AcDbEntity
  8
0
100
AcDbLine
 10
101.239422
 20
64.274122
 30
0.0
 11
101.239422
 21
61.874129
 31
0.0
  0
LINE
  5
3C4
330
1F
100
AcDbEntity
  8
0
100
AcDbLine
 10
101.239422
 20
61.674129
 30
0.0
 11
101.239422
 21
60.491286
 31
0.0
  0
LINE
  5
3C5
330
1F
100
AcDbEntity
  8
0
100
AcDbLine
 10
101.239422
 20
60.474129
 30
0.0
 11
109.484422
 21
60.474129
 31
0.0
  0
LINE
  5
3C6
330
1F
100
AcDbEntity
  8
0
100
AcDbLine
 10
108.029422
 20
74.624129
 30
0.0
 11
105.394422
 21
74.624129
 31
0.0
  0
LINE
  5
3C7
330
1F
100
AcDbEntity
  8
0
100
AcDbLine
 10
105.144422
 20
74.624129
 30
0.0
 11
105.119422
 21
74.624129
 31
0.0
  0
LINE
  5
3C8
330
1F
100
AcDbEntity
  8
0
100
AcDbLine
 10
108.029422
 20
74.954129
 30
0.0
 11
107.797197
 21
74.954129
 31
0.0
  0
LINE
  5
3C9
330
1F
100
AcDbEntity
  8
0
100
AcDbLine
 10
107.697197
 20
74.954129
 30
0.0
 11
105.419422
 21
74.954129
 31
0.0
  0
LINE
  5
3CA
330
1F
100
AcDbEntity
  8
0
100
AcDbLine
 10
103.959422
 20
74.954129
 30
0.0
 11
102.589422
 21
74.954129
 31
0.0
  0
LINE
  5
3CB
330
1F
100
AcDbEntity
  8
0
100
AcDbLine
 10
102.389422
 20
74.954129
 30
0.0
 11
101.539422
 21
74.954129
 31
0.0
  0
LINE
  5
3CC
330
1F
100
AcDbEntity
  8
0
100
AcDbLine
 10
109.259422
 20
77.574129
 30
0.0
 11
109.009422
 21
77.574129
 31
0.0
  0
LINE
  5
3CD
330
1F
100
AcDbEntity
  8
0
100
AcDbLine
 10
107.909422
 20
77.574129
 30
0.0
 11
107.797197
 21
77.574129
 31
0.0
  0
LINE
  5
3CE
330
1F
100
AcDbEntity
  8
0
100
AcDbLine
 10
107.697197
 20
77.574129
 30
0.0
 11
105.419422
 21
77.574129
 31
0.0
  0
LINE
  5
3CF
330
1F
100
AcDbEntity
  8
0
100
AcDbLine
 10
103.959422
 20
77.974129
 30
0.0
 11
102.589422
 21
77.974129
 31
0.0
  0
LINE
  5
3D0
330
1F
100
AcDbEntity
  8
0
100
AcDbLine
 10
102.389422
 20
77.974129
 30
0.0
 11
101.539422
 21
77.974129
 31
0.0
  0
LINE
  5
3D1
330
1F
100
AcDbEntity
  8
0
100
AcDbLine
 10
109.259422
 20
78.074129
 30
0.0
 11
109.009422
 21
78.074129
 31
0.0
  0
LINE
  5
3D2
330
1F
100
AcDbEntity
  8
0
100
AcDbLine
 10
107.909422
 20
78.074129
 30
0.0
 11
105.419422
 21
78.074129
 31
0.0
  0
LINE
  5
3D3
330
1F
100
AcDbEntity
  8
0
100
AcDbLine
 10
104.259422
 20
78.274129
 30
0.0
 11
101.239422
 21
78.274129
 31
0.0
  0
LINE
  5
3D4
330
1F
100
AcDbEntity
  8
0
100
AcDbLine
 10
109.259422
 20
74.954129
 30
0.0
 11
109.259422
 21
77.574129
 31
0.0
  0
LINE
  5
3D5
330
1F
100
AcDbEntity
  8
0
100
AcDbLine
 10
109.259422
 20
78.074129
 30
0.0
 11
109.259422
 21
85.554129
 31
0.0
  0
LINE
  5
3D6
330
1F
100
AcDbEntity
  8
0
100
AcDbLine
 10
109.009422
 20
77.574129
 30
0.0
 11
109.009422
 21
78.074129
 31
0.0
  0
LINE
  5
3D7
330
1F
100
AcDbEntity
  8
0
100
AcDbLine
 10
107.909422
 20
77.574129
 30
0.0
 11
107.909422
 21
78.074129
 31
0.0
  0
LINE
  5
3D8
330
1F
100
AcDbEntity
  8
0
100
AcDbLine
 10
105.419422
 20
74.954129
 30
0.0
 11
105.419422
 21
77.574129
 31
0.0
  0
LINE
  5
3D9
330
1F
100
AcDbEntity
  8
0
100
AcDbLine
 10
105.419422
 20
78.074129
 30
0.0
 11
105.419422
 21
85.054129
 31
0.0
  0
LINE
  5
3DA
330
1F
100
AcDbEntity
  8
0
100
AcDbLine
 10
105.119422
 20
74.624129
 30
0.0
 11
105.119422
 21
77.924129
 31
0.0
  0
LINE
  5
3DB
330
1F
100
AcDbEntity
  8
0
100
AcDbLine
 10
105.119422
 20
78.274129
 30
0.0
 11
105.119422
 21
80.774129
 31
0.0
  0
LINE
  5
3DC
330
1F
100
AcDbEntity
  8
0
100
AcDbLine
 10
104.259422
 20
74.624129
 30
0.0
 11
104.259422
 21
75.764129
 31
0.0
  0
LINE
  5
3DD
330
1F
100
AcDbEntity
  8
0
100
AcDbLine
 10
104.259422
 20
76.464129
 30
0.0
 11
104.259422
 21
77.164129
 31
0.0
  0
LINE
  5
3DE
330
1F
100
AcDbEntity
  8
0
100
AcDbLine
 10
104.259422
 20
77.924129
 30
0.0
 11
104.259422
 21
78.274129
 31
0.0
  0
LINE
  5
3DF
330
1F
100
AcDbEntity
  8
0
100
AcDbLine
 10
103.959422
 20
74.954129
 30
0.0
 11
103.959422
 21
75.764129
 31
0.0
  0
LINE
  5
3E0
330
1F
100
AcDbEntity
  8
0
100
AcDbLine
 10
103.959422
 20
76.464129
 30
0.0
 11
103.959422
 21
76.914129
 31
0.0
  0
LINE
  5
3E1
330
1F
100
AcDbEntity
  8
0
100
AcDbLine
 10
103.959422
 20
77.134129
 30
0.0
 11
103.959422
 21
77.164129
 31
0.0
  0
LINE
  5
3E2
330
1F
100
AcDbEntity
  8
0
100
AcDbLine
 10
103.959422
 20
77.924129
 30
0.0
 11
103.959422
 21
77.974129
 31
0.0
  0
LINE
  5
3E3
330
1F
100
AcDbEntity
  8
0
100
AcDbLine
 10
101.539422
 20
74.954129
 30
0.0
 11
101.539422
 21
77.974129
 31
0.0
  0
LINE
  5
3E4
330
1F
100
AcDbEntity
  8
0
100
AcDbLine
 10
105.119422
 20
80.774129
 30
0.0
 11
103.869422
 21
80.774129
 31
0.0
  0
LINE
  5
3E5
330
1F
100
AcDbEntity
  8
0
100
AcDbLine
 10
103.069422
 20
80.774129
 30
0.0
 11
101.149422
 21
80.774129
 31
0.0
  0
LINE
  5
3E6
330
1F
100
AcDbEntity
  8
0
100
AcDbLine
 10
99.719422
 20
80.774129
 30
0.0
 11
98.389422
 21
80.774129
 31
0.0
  0
LINE
  5
3E7
330
1F
100
AcDbEntity
  8
0
100
AcDbLine
 10
104.919422
 20
81.274129
 30
0.0
 11
103.909422
 21
81.274129
 31
0.0
  0
LINE
  5
3E8
330
1F
100
AcDbEntity
  8
0
100
AcDbLine
 10
103.029422
 20
81.274129
 30
0.0
 11
101.919422
 21
81.274129
 31
0.0
  0
LINE
  5
3E9
330
1F
100
AcDbEntity
  8
0
100
AcDbLine
 10
101.499422
 20
81.274129
 30
0.0
 11
101.149422
 21
81.274129
 31
0.0
  0
LINE
  5
3EA
330
1F
100
AcDbEntity
  8
0
100
AcDbLine
 10
99.719422
 20
81.274129
 30
0.0
 11
98.389422
 21
81.274129
 31
0.0
  0
LINE
  5
3EB
330
1F
100
AcDbEntity
  8
0
100
AcDbLine
 10
98.059422
 20
81.274129
 30
0.0
 11
98.059422
 21
81.274129
 31
0.0
  0
LINE
  5
3EC
330
1F
100
AcDbEntity
  8
0
100
AcDbLine
 10
109.259422
 20
74.954129
 30
0.0
 11
109.259422
 21
74.624129
 31
0.0
  0
LINE
  5
3ED
330
1F
100
AcDbEntity
  8
0
100
AcDbLine
 10
108.029422
 20
74.954129
 30
0.0
 11
108.029422
 21
74.624129
 31
0.0
  0
LINE
  5
3EE
330
1F
100
AcDbEntity
  8
0
100
AcDbLine
 10
98.389422
 20
80.774129
 30
0.0
 11
98.389422
 21
74.954129
 31
0.0
  0
LINE
  5
3EF
330
1F
100
AcDbEntity
  8
0
100
AcDbLine
 10
98.059422
 20
81.274129
 30
0.0
 11
98.059422
 21
80.344129
 31
0.0
  0
LINE
  5
3F0
330
1F
100
AcDbEntity
  8
0
100
AcDbLine
 10
98.059422
 20
80.014129
 30
0.0
 11
98.059422
 21
74.944129
 31
0.0
  0
LINE
  5
3F1
330
1F
100
AcDbEntity
  8
0
100
AcDbLine
 10
104.919422
 20
81.274129
 30
0.0
 11
104.919422
 21
85.054129
 31
0.0
  0
LINE
  5
3F2
330
1F
100
AcDbEntity
  8
0
100
AcDbLine
 10
101.919422
 20
81.274129
 30
0.0
 11
101.919422
 21
85.054129
 31
0.0
  0
LINE
  5
3F3
330
1F
100
AcDbEntity
  8
0
100
AcDbLine
 10
101.499422
 20
81.274129
 30
0.0
 11
101.499422
 21
82.374129
 31
0.0
  0
LINE
  5
3F4
330
1F
100
AcDbEntity
  8
0
100
AcDbLine
 10
101.499422
 20
82.574129
 30
0.0
 11
101.499422
 21
85.254129
 31
0.0
  0
LINE
  5
3F5
330
1F
100
AcDbEntity
  8
0
100
AcDbLine
 10
103.869422
 20
80.774129
 30
0.0
 11
103.909422
 21
81.274129
 31
0.0
  0
LINE
  5
3F6
330
1F
100
AcDbEntity
  8
0
100
AcDbLine
 10
103.069422
 20
80.774129
 30
0.0
 11
103.029422
 21
81.274129
 31
0.0
  0
LINE
  5
3F7
330
1F
100
AcDbEntity
  8
0
100
AcDbLine
 10
104.259422
 20
75.764129
 30
0.0
 11
103.959422
 21
75.764129
 31
0.0
  0
LINE
  5
3F8
330
1F
100
AcDbEntity
  8
0
100
AcDbLine
 10
104.259422
 20
76.464129
 30
0.0
 11
103.959422
 21
76.464129
 31
0.0
  0
LINE
  5
3F9
330
1F
100
AcDbEntity
  8
0
100
AcDbLine
 10
103.959422
 20
76.914129
 30
0.0
 11
102.389422
 21
76.914129
 31
0.0
  0
LINE
  5
3FA
330
1F
100
AcDbEntity
  8
0
100
AcDbLine
 10
103.959422
 20
77.134129
 30
0.0
 11
102.589422
 21
77.134129
 31
0.0
  0
LINE
  5
3FB
330
1F
100
AcDbEntity
  8
0
100
AcDbLine
 10
101.239422
 20
74.954129
 30
0.0
 11
100.989422
 21
74.954129
 31
0.0
  0
LINE
  5
3FC
330
1F
100
AcDbEntity
  8
0
100
AcDbLine
 10
99.589422
 20
74.954129
 30
0.0
 11
98.389422
 21
74.954129
 31
0.0
  0
LINE
  5
3FD
330
1F
100
AcDbEntity
  8
0
100
AcDbLine
 10
101.239422
 20
74.624129
 30
0.0
 11
100.989422
 21
74.624129
 31
0.0
  0
LINE
  5
3FE
330
1F
100
AcDbEntity
  8
0
100
AcDbLine
 10
99.589422
 20
74.624129
 30
0.0
 11
98.059422
 21
74.624129
 31
0.0
  0
LINE
  5
3FF
330
1F
100
AcDbEntity
  8
0
100
AcDbLine
 10
99.719422
 20
80.774129
 30
0.0
 11
99.719422
 21
81.274129
 31
0.0
  0
LINE
  5
400
330
1F
100
AcDbEntity
  8
0
100
AcDbLine
 10
101.149422
 20
80.774129
 30
0.0
 11
101.149422
 21
81.274129
 31
0.0
  0
LINE
  5
401
330
1F
100
AcDbEntity
  8
0
100
AcDbLine
 10
98.389422
 20
81.274129
 30
0.0
 11
98.389422
 21
81.443763
 31
0.0
  0
LINE
  5
402
330
1F
100
AcDbEntity
  8
0
100
AcDbLine
 10
98.389422
 20
82.224129
 30
0.0
 11
98.389422
 21
82.574129
 31
0.0
  0
LINE
  5
403
330
1F
100
AcDbEntity
  8
0
100
AcDbLine
 10
98.389422
 20
82.574129
 30
0.0
 11
98.389422
 21
85.254129
 31
0.0
  0
LINE
  5
404
330
1F
100
AcDbEntity
  8
0
100
AcDbLine
 10
109.259422
 20
85.054129
 30
0.0
 11
105.419422
 21
85.054129
 31
0.0
  0
LINE
  5
405
330
1F
100
AcDbEntity
  8
0
100
AcDbLine
 10
104.919422
 20
85.054129
 30
0.0
 11
101.919422
 21
85.054129
 31
0.0
  0
LINE
  5
406
330
1F
100
AcDbEntity
  8
0
100
AcDbLine
 10
101.499422
 20
85.254129
 30
0.0
 11
100.984422
 21
85.254129
 31
0.0
  0
LINE
  5
407
330
1F
100
AcDbEntity
  8
0
100
AcDbLine
 10
99.184422
 20
85.254129
 30
0.0
 11
98.389422
 21
85.254129
 31
0.0
  0
LINE
  5
408
330
1F
100
AcDbEntity
  8
0
100
AcDbLine
 10
98.059422
 20
85.254129
 30
0.0
 11
95.579422
 21
85.254129
 31
0.0
  0
LINE
  5
409
330
1F
100
AcDbEntity
  8
0
100
AcDbLine
 10
95.579422
 20
85.254129
 30
0.0
 11
94.209422
 21
85.254129
 31
0.0
  0
LINE
  5
40A
330
1F
100
AcDbEntity
  8
0
100
AcDbLine
 10
99.184422
 20
85.554129
 30
0.0
 11
97.499422
 21
85.554129
 31
0.0
  0
LINE
  5
40B
330
1F
100
AcDbEntity
  8
0
100
AcDbLine
 10
96.699422
 20
85.554129
 30
0.0
 11
93.879422
 21
85.554129
 31
0.0
  0
LINE
  5
40C
330
1F
100
AcDbEntity
  8
0
100
AcDbLine
 10
98.059422
 20
81.274129
 30
0.0
 11
98.059422
 21
81.443763
 31
0.0
  0
LINE
  5
40D
330
1F
100
AcDbEntity
  8
0
100
AcDbLine
 10
98.059422
 20
82.224129
 30
0.0
 11
98.059422
 21
85.254129
 31
0.0
  0
LINE
  5
40E
330
1F
100
AcDbEntity
  8
0
100
AcDbLine
 10
98.059422
 20
80.344129
 30
0.0
 11
96.759422
 21
80.344129
 31
0.0
  0
LINE
  5
40F
330
1F
100
AcDbEntity
  8
0
100
AcDbLine
 10
95.899422
 20
80.344129
 30
0.0
 11
94.209422
 21
80.344129
 31
0.0
  0
LINE
  5
410
330
1F
100
AcDbEntity
  8
0
100
AcDbLine
 10
98.059422
 20
80.014129
 30
0.0
 11
96.759422
 21
80.014129
 31
0.0
  0
LINE
  5
411
330
1F
100
AcDbEntity
  8
0
100
AcDbLine
 10
95.899422
 20
80.014129
 30
0.0
 11
93.879422
 21
80.014129
 31
0.0
  0
LINE
  5
412
330
1F
100
AcDbEntity
  8
0
100
AcDbLine
 10
102.389422
 20
76.914129
 30
0.0
 11
102.389422
 21
77.974129
 31
0.0
  0
LINE
  5
413
330
1F
100
AcDbEntity
  8
0
100
AcDbLine
 10
102.589422
 20
77.134129
 30
0.0
 11
102.589422
 21
77.974129
 31
0.0
  0
LINE
  5
414
330
1F
100
AcDbEntity
  8
0
100
AcDbLine
 10
99.589422
 20
74.954129
 30
0.0
 11
99.589422
 21
74.624129
 31
0.0
  0
LINE
  5
415
330
1F
100
AcDbEntity
  8
0
100
AcDbLine
 10
100.989422
 20
74.954129
 30
0.0
 11
100.989422
 21
74.624129
 31
0.0
  0
LWPOLYLINE
  5
416
330
1F
100
AcDbEntity
  8
Carpinteria
100
AcDbPolyline
 90
        4
 70
     1
 43
0.0
 10
103.069422
 20
80.774129
 10
103.069422
 20
79.974129
 10
103.119422
 20
79.974129
 10
103.119422
 20
80.774129
  0
LINE
  5
417
330
1F
100
AcDbEntity
  8
0
100
AcDbLine
 10
103.959422
 20
77.924129
 30
0.0
 11
104.259422
 21
77.924129
 31
0.0
  0
LINE
  5
418
330
1F
100
AcDbEntity
  8
0
100
AcDbLine
 10
103.959422
 20
77.164129
 30
0.0
 11
104.259422
 21
77.164129
 31
0.0
  0
LINE
  5
419
330
1F
100
AcDbEntity
  8
0
100
AcDbLine
 10
94.209422
 20
80.344129
 30
0.0
 11
94.209422
 21
81.414129
 31
0.0
  0
LINE
  5
41A
330
1F
100
AcDbEntity
  8
0
100
AcDbLine
 10
94.209422
 20
82.164129
 30
0.0
 11
94.209422
 21
83.064129
 31
0.0
  0
LINE
  5
41B
330
1F
100
AcDbEntity
  8
0
100
AcDbLine
 10
94.209422
 20
83.234129
 30
0.0
 11
94.209422
 21
85.254129
 31
0.0
  0
LINE
  5
41C
330
1F
100
AcDbEntity
  8
0
100
AcDbLine
 10
93.879422
 20
80.014129
 30
0.0
 11
93.879422
 21
81.414129
 31
0.0
  0
LINE
  5
41D
330
1F
100
AcDbEntity
  8
0
100
AcDbLine
 10
93.879422
 20
82.164129
 30
0.0
 11
93.879422
 21
85.554129
 31
0.0
  0
LINE
  5
41E
330
1F
100
AcDbEntity
  8
0
100
AcDbLine
 10
94.209422
 20
81.414129
 30
0.0
 11
93.879422
 21
81.414129
 31
0.0
  0
LINE
  5
41F
330
1F
100
AcDbEntity
  8
0
100
AcDbLine
 10
94.209422
 20
82.164129
 30
0.0
 11
93.879422
 21
82.164129
 31
0.0
  0
LWPOLYLINE
  5
420
330
1F
100
AcDbEntity
  8
Carpinteria
100
AcDbPolyline
 90
        4
 70
     1
 43
0.0
 10
94.209422
 20
81.414129
 10
94.959422
 20
81.414129
 10
94.959422
 20
81.464129
 10
94.209422
 20
81.464129
  0
LINE
  5
421
330
1F
100
AcDbEntity
  8
0
100
AcDbLine
 10
94.259422
 20
83.234129
 30
0.0
 11
94.209422
 21
83.234129
 31
0.0
  0
LINE
  5
422
330
1F
100
AcDbEntity
  8
0
100
AcDbLine
 10
94.259422
 20
83.064129
 30
0.0
 11
94.209422
 21
83.064129
 31
0.0
  0
LINE
  5
423
330
1F
100
AcDbEntity
  8
0
100
AcDbLine
 10
94.259422
 20
83.234129
 30
0.0
 11
94.259422
 21
83.064129
 31
0.0
  0
LINE
  5
424
330
1F
100
AcDbEntity
  8
0
100
AcDbLine
 10
96.759422
 20
80.344129
 30
0.0
 11
96.759422
 21
80.014129
 31
0.0
  0
LINE
  5
425
330
1F
100
AcDbEntity
  8
0
100
AcDbLine
 10
95.899422
 20
80.344129
 30
0.0
 11
95.899422
 21
80.014129
 31
0.0
  0
LINE
  5
426
330
1F
100
AcDbEntity
  8
MUEBLES
100
AcDbLine
 10
95.899422
 20
80.344129
 30
0.0
 11
96.759422
 21
80.344129
 31
0.0
  0
LINE
  5
427
330
1F
100
AcDbEntity
  8
Carpinteria
100
AcDbLine
 10
95.899422
 20
80.244129
 30
0.0
 11
96.759422
 21
80.244129
 31
0.0
  0
LINE
  5
428
330
1F
100
AcDbEntity
  8
MUEBLES
100
AcDbLine
 10
95.899422
 20
80.014129
 30
0.0
 11
96.759422
 21
80.014129
 31
0.0
  0
LINE
  5
429
330
1F
100
AcDbEntity
  8
Carpinteria
100
AcDbLine
 10
95.899422
 20
80.114129
 30
0.0
 11
96.759422
 21
80.114129
 31
0.0
  0
HATCH
  5
42A
330
1F
100
AcDbEntity
  8
MUEBLES
100
AcDbHatch
 10
0.0
 20
0.0
 30
0.0
210
0.0
220
0.0
230
1.0
  2
ANSI31
 70
     0
 71
     1
 91
        1
 92
        7
 72
     0
 73
     1
 93
        4
 10
105.2394215430258
 20
86.61412915722784
 10
109.0544215430259
 20
86.61412915722784
 10
109.0544215430259
 20
85.55412915722789
 10
105.2394215430258
 20
85.55412915722789
 97
        4
330
42B
330
42C
330
515
330
8B1
 75
     0
 76
     1
 52
45.0
 41
0.1
 77
     0
 78
     1
 53
90.0
 43
-488.9283761127413
 44
-157.2462862250893
 45
-0.3175
 46
0.0000000000000001
 79
     0
 47
0.013915
 98
        1
 10
107.2306109631408
 20
86.12689204687584
  0
LWPOLYLINE
  5
42B
102
{ACAD_REACTORS
330
42A
102
}
330
1F
100
AcDbEntity
  8
MUEBLES
100
AcDbPolyline
 90
        4
 70
     0
 43
0.0
 10
105.009422
 20
85.554129
 10
105.009422
 20
86.614129
 10
105.239422
 20
86.614129
 10
105.239422
 20
85.554129
  0
LWPOLYLINE
  5
42C
102
{ACAD_REACTORS
330
42A
102
}
330
1F
100
AcDbEntity
  8
MUEBLES
100
AcDbPolyline
 90
        4
 70
     0
 43
0.0
 10
109.054422
 20
85.554129
 10
109.054422
 20
86.614129
 10
109.284422
 20
86.614129
 10
109.284422
 20
85.554129
  0
LWPOLYLINE
  5
42D
330
1F
100
AcDbEntity
  8
0
100
AcDbPolyline
 90
        4
 70
     0
 43
0.0
 10
98.059422
 20
74.624129
 10
97.559422
 20
74.624129
 10
97.559422
 20
74.944129
 10
98.059422
 20
74.944129
  0
LWPOLYLINE
  5
42E
330
1F
100
AcDbEntity
  8
Carpinteria
100
AcDbPolyline
 90
        4
 70
     1
 43
0.0
 10
100.989422
 20
74.954129
 10
100.989422
 20
75.654129
 10
100.939422
 20
75.654129
 10
100.939422
 20
74.954129
  0
LWPOLYLINE
  5
42F
330
1F
100
AcDbEntity
  8
Carpinteria
100
AcDbPolyline
 90
        4
 70
     1
 43
0.0
 10
99.639422
 20
74.954129
 10
99.639422
 20
75.654129
 10
99.589422
 20
75.654129
 10
99.589422
 20
74.954129
  0
LWPOLYLINE
  5
430
330
1F
100
AcDbEntity
  8
0
100
AcDbPolyline
 90
        4
 70
     0
 43
0.0
 10
102.389422
 20
74.954129
 10
102.389422
 20
75.654129
 10
102.589422
 20
75.654129
 10
102.589422
 20
74.954129
  0
LWPOLYLINE
  5
431
330
1F
100
AcDbEntity
  8
0
100
AcDbPolyline
 90
        4
 70
     0
 43
0.0
 10
105.144422
 20
74.624129
 10
105.144422
 20
74.574129
 10
105.394422
 20
74.574129
 10
105.394422
 20
74.624129
  0
LWPOLYLINE
  5
432
330
1F
100
AcDbEntity
  8
0
100
AcDbPolyline
 90
        4
 70
     0
 43
0.0
 10
101.499422
 20
82.574129
 10
101.449422
 20
82.574129
 10
101.449422
 20
82.374129
 10
101.499422
 20
82.374129
  0
LINE
  5
433
330
1F
100
AcDbEntity
  8
EJE MEDIANEROS
  6
Continuous
 48
0.1
100
AcDbLine
 10
87.069826
 20
60.474129
 30
0.0
 11
109.459422
 21
60.474129
 31
0.0
  0
LINE
  5
434
330
1F
100
AcDbEntity
  8
0
100
AcDbLine
 10
87.359422
 20
60.474129
 30
0.0
 11
87.359422
 21
87.610429
 31
0.0
  0
LINE
  5
435
330
1F
100
AcDbEntity
  8
0
100
AcDbLine
 10
87.359422
 20
87.728036
 30
0.0
 11
87.359422
 21
93.264846
 31
0.0
  0
LINE
  5
436
330
1F
100
AcDbEntity
  8
0
100
AcDbLine
 10
87.559917
 20
60.674129
 30
0.0
 11
87.559917
 21
87.642677
 31
0.0
  0
LINE
  5
437
330
1F
100
AcDbEntity
  8
0
100
AcDbLine
 10
87.559917
 20
87.760508
 30
0.0
 11
87.559917
 21
93.264846
 31
0.0
  0
LINE
  5
438
330
1F
100
AcDbEntity
  8
0
100
AcDbLine
 10
105.579422
 20
60.474129
 30
0.0
 11
105.179422
 21
60.474129
 31
0.0
  0
LINE
  5
439
330
1F
100
AcDbEntity
  8
0
100
AcDbLine
 10
101.539422
 20
60.474129
 30
0.0
 11
101.239422
 21
60.474129
 31
0.0
  0
LINE
  5
43A
330
1F
100
AcDbEntity
  8
0
100
AcDbLine
 10
105.579422
 20
60.774129
 30
0.0
 11
105.179422
 21
60.774129
 31
0.0
  0
LINE
  5
43B
330
1F
100
AcDbEntity
  8
0
100
AcDbLine
 10
103.589422
 20
60.774129
 30
0.0
 11
103.539422
 21
60.774129
 31
0.0
  0
LINE
  5
43C
330
1F
100
AcDbEntity
  8
0
100
AcDbLine
 10
101.539422
 20
61.674129
 30
0.0
 11
101.539422
 21
60.474129
 31
0.0
  0
LINE
  5
43D
330
1F
100
AcDbEntity
  8
0
100
AcDbLine
 10
101.239422
 20
64.574122
 30
0.0
 11
101.239422
 21
64.574122
 31
0.0
  0
LINE
  5
43E
330
1F
100
AcDbEntity
  8
0
100
AcDbLine
 10
101.239422
 20
61.674129
 30
0.0
 11
101.239422
 21
60.474129
 31
0.0
  0
LINE
  5
43F
330
1F
100
AcDbEntity
  8
0
100
AcDbLine
 10
101.239422
 20
61.874129
 30
0.0
 11
101.239422
 21
61.874129
 31
0.0
  0
LINE
  5
440
330
1F
100
AcDbEntity
  8
0
100
AcDbLine
 10
101.239422
 20
61.674129
 30
0.0
 11
101.239422
 21
60.491286
 31
0.0
  0
LINE
  5
441
330
1F
100
AcDbEntity
  8
0
100
AcDbLine
 10
101.239422
 20
64.574122
 30
0.0
 11
101.039422
 21
64.574122
 31
0.0
  0
LINE
  5
442
330
1F
100
AcDbEntity
  8
0
100
AcDbLine
 10
100.139422
 20
64.574122
 30
0.0
 11
99.439422
 21
64.574122
 31
0.0
  0
LINE
  5
443
330
1F
100
AcDbEntity
  8
0
100
AcDbLine
 10
97.239422
 20
67.274122
 30
0.0
 11
97.239422
 21
66.974122
 31
0.0
  0
LINE
  5
444
330
1F
100
AcDbEntity
  8
0
100
AcDbLine
 10
96.939422
 20
67.274122
 30
0.0
 11
96.939422
 21
66.974122
 31
0.0
  0
LINE
  5
445
330
1F
100
AcDbEntity
  8
0
100
AcDbLine
 10
101.239422
 20
64.274122
 30
0.0
 11
101.039422
 21
64.274122
 31
0.0
  0
LINE
  5
446
330
1F
100
AcDbEntity
  8
0
100
AcDbLine
 10
100.139422
 20
64.274122
 30
0.0
 11
99.439422
 21
64.274122
 31
0.0
  0
LINE
  5
447
330
1F
100
AcDbEntity
  8
0
100
AcDbLine
 10
101.239422
 20
66.974122
 30
0.0
 11
96.939422
 21
66.974122
 31
0.0
  0
LINE
  5
448
330
1F
100
AcDbEntity
  8
0
100
AcDbLine
 10
101.239422
 20
67.274122
 30
0.0
 11
96.939422
 21
67.274122
 31
0.0
  0
LINE
  5
449
330
1F
100
AcDbEntity
  8
0
 62
     2
100
AcDbLine
 10
101.239422
 20
65.874122
 30
0.0
 11
98.339422
 21
65.874122
 31
0.0
  0
LINE
  5
44A
330
1F
100
AcDbEntity
  8
0
 62
     2
100
AcDbLine
 10
99.839422
 20
65.674122
 30
0.0
 11
98.339422
 21
65.674122
 31
0.0
  0
LINE
  5
44B
330
1F
100
AcDbEntity
  8
0
 62
     2
100
AcDbLine
 10
98.339422
 20
66.974122
 30
0.0
 11
98.339422
 21
64.574122
 31
0.0
  0
LINE
  5
44C
330
1F
100
AcDbEntity
  8
0
 62
     2
100
AcDbLine
 10
98.589422
 20
66.974122
 30
0.0
 11
98.589422
 21
65.874122
 31
0.0
  0
LINE
  5
44D
330
1F
100
AcDbEntity
  8
0
 62
     2
100
AcDbLine
 10
98.589422
 20
65.674122
 30
0.0
 11
98.589422
 21
64.574122
 31
0.0
  0
LINE
  5
44E
330
1F
100
AcDbEntity
  8
0
 62
     2
100
AcDbLine
 10
98.839422
 20
66.974122
 30
0.0
 11
98.839422
 21
65.874122
 31
0.0
  0
LINE
  5
44F
330
1F
100
AcDbEntity
  8
0
 62
     2
100
AcDbLine
 10
98.839422
 20
65.674122
 30
0.0
 11
98.839422
 21
64.574122
 31
0.0
  0
LINE
  5
450
330
1F
100
AcDbEntity
  8
0
 62
     2
100
AcDbLine
 10
99.089422
 20
66.974122
 30
0.0
 11
99.089422
 21
65.874122
 31
0.0
  0
LINE
  5
451
330
1F
100
AcDbEntity
  8
0
 62
     2
100
AcDbLine
 10
99.089422
 20
65.674122
 30
0.0
 11
99.089422
 21
64.574122
 31
0.0
  0
LINE
  5
452
330
1F
100
AcDbEntity
  8
0
 62
     2
100
AcDbLine
 10
99.339422
 20
66.974122
 30
0.0
 11
99.339422
 21
65.874122
 31
0.0
  0
LINE
  5
453
330
1F
100
AcDbEntity
  8
0
 62
     2
100
AcDbLine
 10
99.339422
 20
65.674122
 30
0.0
 11
99.339422
 21
64.574122
 31
0.0
  0
LINE
  5
454
330
1F
100
AcDbEntity
  8
0
 62
     2
100
AcDbLine
 10
99.589422
 20
66.974122
 30
0.0
 11
99.589422
 21
65.874122
 31
0.0
  0
LINE
  5
455
330
1F
100
AcDbEntity
  8
0
 62
     2
100
AcDbLine
 10
99.589422
 20
65.674122
 30
0.0
 11
99.589422
 21
64.574122
 31
0.0
  0
LINE
  5
456
330
1F
100
AcDbEntity
  8
0
 62
     2
100
AcDbLine
 10
99.839422
 20
66.974122
 30
0.0
 11
99.839422
 21
65.874122
 31
0.0
  0
LINE
  5
457
330
1F
100
AcDbEntity
  8
0
 62
     2
100
AcDbLine
 10
100.089422
 20
66.974122
 30
0.0
 11
100.089422
 21
65.874122
 31
0.0
  0
LINE
  5
458
330
1F
100
AcDbEntity
  8
0
 62
     2
100
AcDbLine
 10
100.339422
 20
66.974122
 30
0.0
 11
100.339422
 21
65.874122
 31
0.0
  0
LINE
  5
459
330
1F
100
AcDbEntity
  8
0
 62
     2
100
AcDbLine
 10
100.589422
 20
66.974122
 30
0.0
 11
100.589422
 21
65.874122
 31
0.0
  0
LINE
  5
45A
330
1F
100
AcDbEntity
  8
0
 62
     2
100
AcDbLine
 10
100.839422
 20
66.974122
 30
0.0
 11
100.839422
 21
65.874122
 31
0.0
  0
LINE
  5
45B
330
1F
100
AcDbEntity
  8
0
 62
     2
100
AcDbLine
 10
101.089422
 20
66.974122
 30
0.0
 11
101.089422
 21
65.874122
 31
0.0
  0
LINE
  5
45C
330
1F
100
AcDbEntity
  8
0
 62
     2
100
AcDbLine
 10
99.839422
 20
65.674122
 30
0.0
 11
99.839422
 21
64.574122
 31
0.0
  0
LINE
  5
45D
330
1F
100
AcDbEntity
  8
0
100
AcDbLine
 10
101.039422
 20
64.274122
 30
0.0
 11
101.039422
 21
64.574122
 31
0.0
  0
LINE
  5
45E
330
1F
100
AcDbEntity
  8
0
100
AcDbLine
 10
100.139422
 20
64.274122
 30
0.0
 11
100.139422
 21
64.574122
 31
0.0
  0
LINE
  5
45F
330
1F
100
AcDbEntity
  8
0
100
AcDbLine
 10
99.739422
 20
64.574122
 30
0.0
 11
99.739422
 21
64.274122
 31
0.0
  0
LINE
  5
460
330
1F
100
AcDbEntity
  8
0
100
AcDbLine
 10
99.739422
 20
61.674129
 30
0.0
 11
99.739422
 21
60.474129
 31
0.0
  0
LINE
  5
461
330
1F
100
AcDbEntity
  8
0
100
AcDbLine
 10
99.439422
 20
64.574122
 30
0.0
 11
99.439422
 21
64.274122
 31
0.0
  0
LINE
  5
462
330
1F
100
AcDbEntity
  8
0
100
AcDbLine
 10
99.439422
 20
61.874129
 30
0.0
 11
99.439422
 21
60.474129
 31
0.0
  0
LINE
  5
463
330
1F
100
AcDbEntity
  8
0
100
AcDbLine
 10
99.439422
 20
61.874129
 30
0.0
 11
100.139422
 21
61.874129
 31
0.0
  0
LINE
  5
464
330
1F
100
AcDbEntity
  8
0
100
AcDbLine
 10
101.039422
 20
61.874129
 30
0.0
 11
101.239422
 21
61.874129
 31
0.0
  0
LINE
  5
465
330
1F
100
AcDbEntity
  8
0
100
AcDbLine
 10
101.539422
 20
61.874129
 30
0.0
 11
101.589422
 21
61.874129
 31
0.0
  0
LINE
  5
466
330
1F
100
AcDbEntity
  8
0
100
AcDbLine
 10
99.739422
 20
61.674129
 30
0.0
 11
100.139422
 21
61.674129
 31
0.0
  0
LINE
  5
467
330
1F
100
AcDbEntity
  8
0
100
AcDbLine
 10
101.039422
 20
61.674129
 30
0.0
 11
101.239422
 21
61.674129
 31
0.0
  0
LINE
  5
468
330
1F
100
AcDbEntity
  8
0
100
AcDbLine
 10
101.039422
 20
61.674129
 30
0.0
 11
101.039422
 21
61.874129
 31
0.0
  0
LINE
  5
469
330
1F
100
AcDbEntity
  8
0
100
AcDbLine
 10
100.139422
 20
61.674129
 30
0.0
 11
100.139422
 21
61.874129
 31
0.0
  0
LWPOLYLINE
  5
46A
330
1F
100
AcDbEntity
  8
Carpinteria
 62
   252
100
AcDbPolyline
 90
        2
 70
     0
 43
0.0
 10
97.239422
 20
66.974122
 10
97.239422
 20
64.574122
  0
LWPOLYLINE
  5
46B
330
1F
100
AcDbEntity
  8
Carpinteria
 62
   252
100
AcDbPolyline
 90
        2
 70
     0
 43
0.0
 10
97.139422
 20
66.974122
 10
97.139422
 20
64.574122
  0
LWPOLYLINE
  5
46C
330
1F
100
AcDbEntity
  8
Carpinteria
 62
   252
100
AcDbPolyline
 90
        2
 70
     0
 43
0.0
 10
97.039422
 20
66.974122
 10
97.039422
 20
64.574122
  0
LWPOLYLINE
  5
46D
330
1F
100
AcDbEntity
  8
Carpinteria
 62
   252
100
AcDbPolyline
 90
        2
 70
     0
 43
0.0
 10
96.939422
 20
66.974122
 10
96.939422
 20
64.574122
  0
LWPOLYLINE
  5
46E
330
1F
100
AcDbEntity
  8
Carpinteria
 62
   252
100
AcDbPolyline
 90
        2
 70
     0
 43
0.0
 10
99.439422
 20
64.574122
 10
97.239422
 20
64.574122
  0
LWPOLYLINE
  5
46F
330
1F
100
AcDbEntity
  8
Carpinteria
 62
   252
100
AcDbPolyline
 90
        2
 70
     0
 43
0.0
 10
99.439422
 20
64.474122
 10
97.239422
 20
64.474122
  0
LWPOLYLINE
  5
470
330
1F
100
AcDbEntity
  8
Carpinteria
 62
   252
100
AcDbPolyline
 90
        2
 70
     0
 43
0.0
 10
99.439422
 20
64.374122
 10
97.239422
 20
64.374122
  0
LWPOLYLINE
  5
471
330
1F
100
AcDbEntity
  8
Carpinteria
 62
   252
100
AcDbPolyline
 90
        2
 70
     0
 43
0.0
 10
99.439422
 20
64.274122
 10
97.239422
 20
64.274122
  0
LWPOLYLINE
  5
472
330
1F
100
AcDbEntity
  8
0
 62
     3
100
AcDbPolyline
 90
        4
 70
     0
 43
0.0
 10
99.839422
 20
65.124122
 10
97.789422
 20
65.124122
 10
97.789422
 20
66.424122
 10
101.089422
 20
66.424122
  0
INSERT
  5
473
330
1F
100
AcDbEntity
  8
0
100
AcDbBlockReference
  2
A$C2B9F50F0
 10
101.101449
 20
66.278288
 30
0.0
 50
90.0
  0
LINE
  5
47B
330
1F
100
AcDbEntity
  8
0
  6
DASHED2
 62
     2
100
AcDbLine
 10
97.559422
 20
74.624129
 30
0.0
 11
97.559422
 21
67.274122
 31
0.0
  0
LINE
  5
47C
330
1F
100
AcDbEntity
  8
0
100
AcDbLine
 10
103.589422
 20
60.774129
 30
0.0
 11
103.589422
 21
60.474129
 31
0.0
  0
LINE
  5
47D
330
1F
100
AcDbEntity
  8
0
100
AcDbLine
 10
105.179422
 20
60.774129
 30
0.0
 11
105.179422
 21
60.474129
 31
0.0
  0
LINE
  5
47E
330
1F
100
AcDbEntity
  8
0
100
AcDbLine
 10
105.579422
 20
60.774129
 30
0.0
 11
105.579422
 21
60.474129
 31
0.0
  0
LINE
  5
47F
330
1F
100
AcDbEntity
  8
Carpinteria
 62
   252
100
AcDbLine
 10
103.589422
 20
60.774129
 30
0.0
 11
105.179422
 21
60.774129
 31
0.0
  0
LINE
  5
480
330
1F
100
AcDbEntity
  8
Carpinteria
 62
   252
100
AcDbLine
 10
103.589422
 20
60.724129
 30
0.0
 11
105.179422
 21
60.724129
 31
0.0
  0
LINE
  5
481
330
1F
100
AcDbEntity
  8
Carpinteria
 62
   252
100
AcDbLine
 10
103.589422
 20
60.674129
 30
0.0
 11
105.179422
 21
60.674129
 31
0.0
  0
LINE
  5
482
330
1F
100
AcDbEntity
  8
Carpinteria
 62
   252
100
AcDbLine
 10
105.579422
 20
60.774129
 30
0.0
 11
109.259422
 21
60.774129
 31
0.0
  0
LINE
  5
483
330
1F
100
AcDbEntity
  8
Carpinteria
 62
   252
100
AcDbLine
 10
105.579422
 20
60.724129
 30
0.0
 11
109.259422
 21
60.724129
 31
0.0
  0
LINE
  5
484
330
1F
100
AcDbEntity
  8
Carpinteria
 62
   252
100
AcDbLine
 10
105.579422
 20
60.674129
 30
0.0
 11
109.259422
 21
60.674129
 31
0.0
  0
LWPOLYLINE
  5
485
330
1F
100
AcDbEntity
  8
Carpinteria
100
AcDbPolyline
 90
        4
 70
     1
 43
0.0
 10
101.039422
 20
61.674129
 10
101.039422
 20
60.774129
 10
100.989422
 20
60.774129
 10
100.989422
 20
61.674129
  0
LINE
  5
486
330
1F
100
AcDbEntity
  8
0
100
AcDbLine
 10
103.339422
 20
60.774129
 30
0.0
 11
103.339422
 21
60.474129
 31
0.0
  0
LINE
  5
487
330
1F
100
AcDbEntity
  8
0
100
AcDbLine
 10
103.539422
 20
61.874129
 30
0.0
 11
103.539422
 21
61.674129
 31
0.0
  0
LINE
  5
488
330
1F
100
AcDbEntity
  8
0
100
AcDbLine
 10
103.589422
 20
60.474129
 30
0.0
 11
103.339422
 21
60.474129
 31
0.0
  0
LINE
  5
489
330
1F
100
AcDbEntity
  8
0
100
AcDbLine
 10
101.539422
 20
61.674129
 30
0.0
 11
101.589422
 21
61.674129
 31
0.0
  0
LINE
  5
48A
330
1F
100
AcDbEntity
  8
0
100
AcDbLine
 10
103.289422
 20
61.674129
 30
0.0
 11
103.339422
 21
61.674129
 31
0.0
  0
LINE
  5
48B
330
1F
100
AcDbEntity
  8
0
100
AcDbLine
 10
103.289422
 20
61.874129
 30
0.0
 11
103.539422
 21
61.874129
 31
0.0
  0
LINE
  5
48C
330
1F
100
AcDbEntity
  8
0
100
AcDbLine
 10
103.289422
 20
61.874129
 30
0.0
 11
103.289422
 21
61.674129
 31
0.0
  0
LINE
  5
48D
330
1F
100
AcDbEntity
  8
0
100
AcDbLine
 10
101.589422
 20
61.874129
 30
0.0
 11
101.589422
 21
61.674129
 31
0.0
  0
LWPOLYLINE
  5
48E
330
1F
100
AcDbEntity
  8
Carpinteria
100
AcDbPolyline
 90
        4
 70
     1
 43
0.0
 10
103.289422
 20
61.674129
 10
103.289422
 20
60.824129
 10
103.239422
 20
60.824129
 10
103.239422
 20
61.674129
  0
LINE
  5
48F
330
1F
100
AcDbEntity
  8
0
100
AcDbLine
 10
97.239422
 20
64.574122
 30
0.0
 11
97.239422
 21
64.274122
 31
0.0
  0
LINE
  5
490
330
1F
100
AcDbEntity
  8
0
100
AcDbLine
 10
96.939422
 20
64.574122
 30
0.0
 11
96.939422
 21
64.274122
 31
0.0
  0
LINE
  5
491
330
1F
100
AcDbEntity
  8
0
100
AcDbLine
 10
103.339422
 20
61.674129
 30
0.0
 11
103.539422
 21
61.674129
 31
0.0
  0
LINE
  5
492
330
1F
100
AcDbEntity
  8
0
100
AcDbLine
 10
103.539422
 20
60.774129
 30
0.0
 11
103.339422
 21
60.774129
 31
0.0
  0
LINE
  5
493
330
1F
100
AcDbEntity
  8
Carpinteria
100
AcDbLine
 10
103.339422
 20
60.774129
 30
0.0
 11
103.339422
 21
61.674129
 31
0.0
  0
LINE
  5
494
330
1F
100
AcDbEntity
  8
Carpinteria
100
AcDbLine
 10
103.409422
 20
60.774129
 30
0.0
 11
103.409422
 21
61.674129
 31
0.0
  0
LINE
  5
495
330
1F
100
AcDbEntity
  8
Carpinteria
100
AcDbLine
 10
103.539422
 20
61.674129
 30
0.0
 11
103.539422
 21
60.774129
 31
0.0
  0
LINE
  5
496
330
1F
100
AcDbEntity
  8
Carpinteria
100
AcDbLine
 10
103.469422
 20
61.674129
 30
0.0
 11
103.469422
 21
60.774129
 31
0.0
  0
LINE
  5
497
330
1F
100
AcDbEntity
  8
0
100
AcDbLine
 10
101.539422
 20
74.306972
 30
0.0
 11
101.539422
 21
74.206972
 31
0.0
  0
LINE
  5
498
330
1F
100
AcDbEntity
  8
0
100
AcDbLine
 10
101.239422
 20
74.306972
 30
0.0
 11
101.239422
 21
74.206972
 31
0.0
  0
LINE
  5
499
330
1F
100
AcDbEntity
  8
0
100
AcDbLine
 10
101.539422
 20
74.206972
 30
0.0
 11
101.239422
 21
74.206972
 31
0.0
  0
LINE
  5
49A
330
1F
100
AcDbEntity
  8
0
100
AcDbLine
 10
101.239422
 20
70.874129
 30
0.0
 11
101.539422
 21
70.874129
 31
0.0
  0
LINE
  5
49B
330
1F
100
AcDbEntity
  8
0
100
AcDbLine
 10
101.239422
 20
71.324129
 30
0.0
 11
101.539422
 21
71.324129
 31
0.0
  0
LINE
  5
49C
330
1F
100
AcDbEntity
  8
0
100
AcDbLine
 10
101.239422
 20
68.024129
 30
0.0
 11
101.539422
 21
68.024129
 31
0.0
  0
INSERT
  5
49D
330
1F
100
AcDbEntity
  8
0
100
AcDbBlockReference
  2
A$C70672ED6
 10
96.689421
 20
64.024122
 30
0.0
  0
INSERT
  5
4A7
330
1F
100
AcDbEntity
  8
0
100
AcDbBlockReference
  2
A$C70672ED6
 10
99.189421
 20
64.024122
 30
0.0
  0
INSERT
  5
4A8
330
1F
100
AcDbEntity
  8
0
100
AcDbBlockReference
  2
A$C70672ED6
 10
96.689421
 20
66.724122
 30
0.0
  0
INSERT
  5
4A9
330
1F
100
AcDbEntity
  8
0
100
AcDbBlockReference
  2
A$C4EFF447F
 10
97.459421
 20
70.597598
 30
0.0
  0
LINE
  5
4C5
330
1F
100
AcDbEntity
  8
0
  6
DASHED2
 62
     2
100
AcDbLine
 10
97.559422
 20
74.944129
 30
0.0
 11
97.559422
 21
80.014129
 31
0.0
  0
LWPOLYLINE
  5
4C6
330
1F
100
AcDbEntity
  8
0
100
AcDbPolyline
 90
        5
 70
     0
 43
0.0
 10
87.359422
 20
60.474129
 10
87.559917
 20
60.474129
 10
87.609917
 20
60.474129
 10
87.609917
 20
60.674129
 10
87.559917
 20
60.674129
  0
HATCH
  5
4C7
330
1F
100
AcDbEntity
  8
Hormigon
100
AcDbHatch
 10
0.0
 20
0.0
 30
0.0
210
0.0
220
0.0
230
1.0
  2
SOLID
 70
     1
 71
     1
 91
        1
 92
        7
 72
     0
 73
     1
 93
        4
 10
105.2294215430256
 20
64.57412915722787
 10
105.5294215430267
 20
64.57412915722787
 10
105.5294215430267
 20
64.27412915722769
 10
105.2294215430256
 20
64.27412915722769
 97
        1
330
4C8
 75
     0
 76
     1
 47
0.00236
 98
        1
 10
105.4160052877187
 20
64.48414689780478
1001
ACAD
1010
0.0
1020
0.0
1030
0.0
  0
LWPOLYLINE
  5
4C8
102
{ACAD_REACTORS
330
4C7
102
}
330
1F
100
AcDbEntity
  8
0
100
AcDbPolyline
 90
        4
 70
     1
 43
0.0
 10
105.229422
 20
64.274129
 10
105.229422
 20
64.574129
 10
105.529422
 20
64.574129
 10
105.529422
 20
64.274129
  0
HATCH
  5
501
330
1F
100
AcDbEntity
  8
Hormigon
100
AcDbHatch
 10
0.0
 20
0.0
 30
0.0
210
0.0
220
0.0
230
1.0
  2
SOLID
 70
     1
 71
     0
 91
        3
 92
        7
 72
     0
 73
     1
 93
        6
 10
88.10442154302471
 20
85.5541291572288
 10
87.94440428434471
 20
85.5541291572288
 10
87.94440428434471
 20
85.55295425441571
 10
87.9044215430258
 20
85.55295425441571
 10
87.9044215430258
 20
85.35412915722875
 10
88.10442154302471
 20
85.35412915722875
 97
        0
 92
        7
 72
     0
 73
     1
 93
        7
 10
87.82442154302588
 20
85.55295425441571
 10
87.82440428434482
 20
85.55295425441571
 10
87.82440428434482
 20
85.55412915722789
 10
87.6244215430256
 20
85.55412915722789
 10
87.6244215430256
 20
85.38645532199988
 10
87.63655996924079
 20
85.35412915722785
 10
87.82442154302588
 20
85.35412915722785
 97
        0
 92
        7
 72
     0
 73
     1
 93
        4
 10
87.82440428434482
 20
90.35412915722785
 10
87.6244215430256
 20
90.35412915722785
 10
87.6244215430256
 20
90.1541291572278
 10
87.82440428434482
 20
90.1541291572278
 97
        0
 75
     1
 76
     1
 47
0.023627
 98
        3
 10
88.02427044978366
 20
85.43710408626569
 10
87.71685817098067
 20
85.43710408626569
 10
87.71685817098067
 20
90.20976900370968
1001
ACAD
1010
0.0
1020
0.0
1030
0.0
  0
LINE
  5
502
330
1F
100
AcDbEntity
  8
EJE MEDIANEROS
 48
0.1
100
AcDbLine
 10
87.459422
 20
110.352954
 30
0.0
 11
87.459422
 21
60.474129
 31
0.0
  0
LINE
  5
503
330
1F
100
AcDbEntity
  8
Carpinteria
 62
   252
100
AcDbLine
 10
99.739422
 20
64.274122
 30
0.0
 11
99.739422
 21
61.874129
 31
0.0
  0
HATCH
  5
505
330
1F
100
AcDbEntity
  8
Hormigon
100
AcDbHatch
 10
0.0
 20
0.0
 30
0.0
210
0.0
220
0.0
230
1.0
  2
SOLID
 70
     1
 71
     0
 91
        1
 92
        7
 72
     0
 73
     1
 93
        4
 10
101.5044215430257
 20
85.75412915722771
 10
101.3044215430259
 20
85.75412915722771
 10
101.3044215430259
 20
85.55412915722789
 10
101.5044215430257
 20
85.55412915722789
 97
        0
 75
     0
 76
     1
 47
0.000765
 98
        1
 10
101.4444439762119
 20
85.63010060874879
1001
ACAD
1010
0.0
1020
0.0
1030
0.0
  0
HATCH
  5
506
330
1F
100
AcDbEntity
  8
Hormigon
100
AcDbHatch
 10
0.0
 20
0.0
 30
0.0
210
0.0
220
0.0
230
1.0
  2
SOLID
 70
     1
 71
     0
 91
        3
 92
        7
 72
     0
 73
     1
 93
        4
 10
109.4844215430257
 20
94.35412915722785
 10
109.2844215430259
 20
94.35412915722785
 10
109.2844215430259
 20
94.1541291572278
 10
109.4844215430257
 20
94.1541291572278
 97
        0
 92
        7
 72
     0
 73
     1
 93
        4
 10
109.4844215430257
 20
98.35412915722785
 10
109.2844215430259
 20
98.35412915722785
 10
109.2844215430259
 20
98.1541291572278
 10
109.4844215430257
 20
98.1541291572278
 97
        0
 92
        7
 72
     0
 73
     1
 93
        4
 10
109.4844215430257
 20
102.3541291572278
 10
109.2844215430259
 20
102.3541291572278
 10
109.2844215430259
 20
102.1541291572278
 10
109.4844215430257
 20
102.1541291572278
 97
        0
 75
     0
 76
     1
 47
0.005889
 98
        3
 10
109.3796367848499
 20
94.27966150472778
 10
109.4114357416306
 20
98.26639826996782
 10
109.3988501695498
 20
102.2451815359857
1001
ACAD
1010
0.0
1020
0.0
1030
0.0
  0
HATCH
  5
507
330
1F
100
AcDbEntity
  8
Hormigon
100
AcDbHatch
 10
0.0
 20
0.0
 30
0.0
210
0.0
220
0.0
230
1.0
  2
SOLID
 70
     1
 71
     0
 91
        3
 92
        7
 72
     0
 73
     1
 93
        4
 10
109.4844215430257
 20
106.3541291572278
 10
109.2844215430259
 20
106.3541291572278
 10
109.2844215430259
 20
106.1541291572278
 10
109.4844215430257
 20
106.1541291572278
 97
        0
 92
        7
 72
     0
 73
     1
 93
        4
 10
109.4844215430257
 20
110.3541291572278
 10
109.2844215430259
 20
110.3541184078968
 10
109.2844215430259
 20
110.1541291572278
 10
109.4844215430257
 20
110.1541291572278
 97
        0
 92
        7
 72
     0
 73
     1
 93
        4
 10
105.1844215430256
 20
110.3538980466099
 10
104.9844215430257
 20
110.3538872972788
 10
104.9844215430257
 20
110.1541291572278
 10
105.1844215430256
 20
110.1541291572278
 97
        0
 75
     0
 76
     1
 47
0.007413
 98
        3
 10
109.4228006742396
 20
106.2284884705598
 10
109.3887136677267
 20
110.2430432303948
 10
105.0497403013605
 20
110.2507286181149
1001
ACAD
1010
0.0
1020
0.0
1030
0.0
  0
HATCH
  5
508
330
1F
100
AcDbEntity
  8
Hormigon
100
AcDbHatch
 10
0.0
 20
0.0
 30
0.0
210
0.0
220
0.0
230
1.0
  2
SOLID
 70
     1
 71
     0
 91
        1
 92
        7
 72
     0
 73
     1
 93
        4
 10
100.8344215430256
 20
110.3536642486597
 10
100.6344215430258
 20
110.3536534993289
 10
100.6344215430258
 20
110.1541291572278
 10
100.8344215430256
 20
110.1541291572278
 97
        0
 75
     1
 76
     1
 47
0.011144
 98
        1
 10
100.7403113378937
 20
110.2405425812308
1001
ACAD
1010
0.0
1020
0.0
1030
0.0
  0
HATCH
  5
509
330
1F
100
AcDbEntity
  8
Hormigon
100
AcDbHatch
 10
0.0
 20
0.0
 30
0.0
210
0.0
220
0.0
230
1.0
  2
SOLID
 70
     1
 71
     0
 91
        2
 92
        7
 72
     0
 73
     1
 93
        4
 10
93.87942154302571
 20
85.55412915722789
 10
93.6794215430259
 20
85.55412915722789
 10
93.6794215430259
 20
85.35412915722785
 10
93.87942154302571
 20
85.35412915722785
 97
        0
 92
        7
 72
     0
 73
     1
 93
        4
 10
92.72442154302688
 20
85.55412915722789
 10
92.5244215430257
 20
85.55412915722789
 10
92.5244215430266
 20
85.35412915722785
 10
92.72442154302688
 20
85.35412915722785
 97
        0
 75
     1
 76
     1
 47
0.005135
 98
        2
 10
93.78745449955294
 20
85.44320864851377
 10
92.62082217190981
 20
85.42266869624771
1001
ACAD
1010
0.0
1020
0.0
1030
0.0
  0
HATCH
  5
50A
330
1F
100
AcDbEntity
  8
Hormigon
100
AcDbHatch
 10
0.0
 20
0.0
 30
0.0
210
0.0
220
0.0
230
1.0
  2
SOLID
 70
     1
 71
     0
 91
        2
 92
        7
 72
     0
 73
     1
 93
        4
 10
87.82440428434482
 20
106.3541291572278
 10
87.6244215430256
 20
106.3541291572278
 10
87.6244215430256
 20
106.1541291572278
 10
87.82440428434482
 20
106.1541291572278
 97
        0
 92
        7
 72
     0
 73
     1
 93
        4
 10
87.82440428434482
 20
102.3541291572278
 10
87.6244215430256
 20
102.3541291572278
 10
87.6244215430256
 20
102.1541291572278
 10
87.82440428434482
 20
102.1541291572278
 97
        0
 75
     1
 76
     1
 47
0.023627
 98
        2
 10
87.78965767804173
 20
106.2145395121027
 10
87.71871644203792
 20
102.3160755303348
1001
ACAD
1010
0.0
1020
0.0
1030
0.0
  0
HATCH
  5
50B
330
1F
100
AcDbEntity
  8
Hormigon
100
AcDbHatch
 10
0.0
 20
0.0
 30
0.0
210
0.0
220
0.0
230
1.0
  2
SOLID
 70
     1
 71
     0
 91
        2
 92
        7
 72
     0
 73
     1
 93
        4
 10
87.82440428434482
 20
98.35412915722785
 10
87.6244215430256
 20
98.35412915722785
 10
87.6244215430256
 20
98.1541291572278
 10
87.82440428434482
 20
98.1541291572278
 97
        0
 92
        7
 72
     0
 73
     1
 93
        4
 10
87.82440428434482
 20
94.35412915722785
 10
87.6244215430256
 20
94.35412915722785
 10
87.6244215430256
 20
94.1541291572278
 10
87.82440428434482
 20
94.1541291572278
 97
        0
 75
     1
 76
     1
 47
0.037798
 98
        2
 10
87.77613459737175
 20
98.23350981839283
 10
87.73830403531564
 20
94.26467787230675
1001
ACAD
1010
0.0
1020
0.0
1030
0.0
  0
HATCH
  5
50C
330
1F
100
AcDbEntity
  8
Hormigon
100
AcDbHatch
 10
0.0
 20
0.0
 30
0.0
210
0.0
220
0.0
230
1.0
  2
SOLID
 70
     1
 71
     0
 91
        1
 92
        7
 72
     0
 73
     1
 93
        4
 10
101.5044215430257
 20
89.00412915722771
 10
101.3044215430259
 20
89.00412915722771
 10
101.3044215430259
 20
88.80412915722789
 10
101.5044215430257
 20
88.80412915722789
 97
        0
 75
     0
 76
     1
 47
0.016727
 98
        1
 10
101.3813977656709
 20
88.86679021827584
1001
ACAD
1010
0.0
1020
0.0
1030
0.0
  0
LWPOLYLINE
  5
50D
330
1F
100
AcDbEntity
  8
PLANTA
 62
     0
100
AcDbPolyline
 90
        6
 70
     0
 43
0.0
 10
109.284422
 20
92.054129
 10
109.484422
 20
92.054129
 10
109.484422
 20
110.354129
 10
87.624404
 20
110.352954
 10
87.624404
 20
85.352954
 10
88.144404
 20
85.352954
1001
AcDbBlockRepETag
1070
     1
1071
        0
1005
50D
  0
LWPOLYLINE
  5
50E
330
1F
100
AcDbEntity
  8
PLANTA
 62
     0
100
AcDbPolyline
 90
        2
 70
     0
 43
0.0
 10
101.504422
 20
85.554129
 10
101.504422
 20
85.754129
1001
AcDbBlockRepETag
1070
     1
1071
        2
1005
50E
  0
LWPOLYLINE
  5
50F
330
1F
100
AcDbEntity
  8
PLANTA
 62
     0
100
AcDbPolyline
 90
        2
 70
     0
 43
0.0
 10
105.294422
 20
92.054129
 10
105.494422
 20
92.054129
1001
AcDbBlockRepETag
1070
     1
1071
        3
1005
50F
  0
LWPOLYLINE
  5
510
330
1F
100
AcDbEntity
  8
PLANTA
 62
     0
100
AcDbPolyline
 90
        5
 70
     0
 43
0.0
 10
109.284422
 20
85.554129
 10
109.284422
 20
110.154129
 10
87.824404
 20
110.152954
 10
87.824404
 20
85.552954
 10
87.944404
 20
85.552954
1001
AcDbBlockRepETag
1070
     1
1071
        5
1005
510
  0
LWPOLYLINE
  5
511
330
1F
100
AcDbEntity
  8
PLANTA
 62
     0
100
AcDbPolyline
 90
        3
 70
     0
 43
0.0
 10
100.984422
 20
85.554129
 10
101.304422
 20
85.554129
 10
101.304422
 20
85.754129
1001
AcDbBlockRepETag
1070
     1
1071
        7
1005
0
  0
LWPOLYLINE
  5
512
330
1F
100
AcDbEntity
  8
PLANTA
 62
     0
100
AcDbPolyline
 90
        3
 70
     0
 43
0.0
 10
101.304422
 20
92.054129
 10
101.304422
 20
92.254129
 10
101.504422
 20
92.254129
1001
AcDbBlockRepETag
1070
     1
1071
        8
1005
512
  0
LWPOLYLINE
  5
513
330
1F
100
AcDbEntity
  8
PLANTA
 62
     0
100
AcDbPolyline
 90
        2
 70
     0
 43
0.0
 10
105.294422
 20
92.254129
 10
105.494422
 20
92.254129
1001
AcDbBlockRepETag
1070
     1
1071
        9
1005
513
  0
LWPOLYLINE
  5
514
330
1F
100
AcDbEntity
  8
PLANTA
 62
     0
100
AcDbPolyline
 90
        2
 70
     0
 43
0.0
 10
93.879422
 20
85.354129
 10
93.879422
 20
85.554129
1001
AcDbBlockRepETag
1070
     1
1071
       23
1005
514
  0
LWPOLYLINE
  5
515
102
{ACAD_REACTORS
330
42A
102
}
330
1F
100
AcDbEntity
  8
PLANTA
 62
     0
100
AcDbPolyline
 90
        2
 70
     0
 43
0.0
 10
101.304422
 20
85.554129
 10
109.484422
 20
85.554129
1001
AcDbBlockRepETag
1070
     1
1071
       29
1005
515
  0
LWPOLYLINE
  5
516
330
1F
100
AcDbEntity
  8
PLANTA
 62
     0
100
AcDbPolyline
 90
        4
 70
     1
 43
0.0
 10
101.304422
 20
92.054129
 10
101.504422
 20
92.054129
 10
101.504422
 20
92.254129
 10
101.304422
 20
92.254129
1001
AcDbBlockRepETag
1070
     1
1071
       30
1005
516
  0
LWPOLYLINE
  5
517
330
1F
100
AcDbEntity
  8
PLANTA
 62
     0
100
AcDbPolyline
 90
        4
 70
     1
 43
0.0
 10
109.284422
 20
92.054129
 10
109.484422
 20
92.054129
 10
109.484422
 20
92.254129
 10
109.284422
 20
92.254129
1001
AcDbBlockRepETag
1070
     1
1071
       31
1005
517
  0
LWPOLYLINE
  5
518
330
1F
100
AcDbEntity
  8
PLANTA
 62
     0
100
AcDbPolyline
 90
        4
 70
     1
 43
0.0
 10
101.304422
 20
85.554129
 10
101.504422
 20
85.554129
 10
101.504422
 20
85.754129
 10
101.304422
 20
85.754129
1001
AcDbBlockRepETag
1070
     1
1071
       32
1005
518
  0
LWPOLYLINE
  5
519
330
1F
100
AcDbEntity
  8
PLANTA
 62
     0
100
AcDbPolyline
 90
        4
 70
     1
 43
0.0
 10
93.679422
 20
85.354129
 10
93.879422
 20
85.354129
 10
93.879422
 20
85.554129
 10
93.679422
 20
85.554129
1001
AcDbBlockRepETag
1070
     1
1071
       33
1005
519
  0
LWPOLYLINE
  5
51A
330
1F
100
AcDbEntity
  8
PLANTA
 62
     0
100
AcDbPolyline
 90
        4
 70
     1
 43
0.0
 10
87.904422
 20
85.354129
 10
88.104422
 20
85.354129
 10
88.104422
 20
85.554129
 10
87.904422
 20
85.554129
1001
AcDbBlockRepETag
1070
     1
1071
       34
1005
51A
  0
LWPOLYLINE
  5
51B
330
1F
100
AcDbEntity
  8
PLANTA
 62
     0
100
AcDbPolyline
 90
        4
 70
     1
 43
0.0
 10
105.294422
 20
92.054129
 10
105.494422
 20
92.054129
 10
105.494422
 20
92.254129
 10
105.294422
 20
92.254129
1001
AcDbBlockRepETag
1070
     1
1071
       35
1005
51B
  0
LWPOLYLINE
  5
51C
330
1F
100
AcDbEntity
  8
Carpinteria
 62
   252
100
AcDbPolyline
 90
        2
 70
     0
 43
0.0
 10
105.494422
 20
92.254129
 10
109.284422
 20
92.254129
1001
AcDbBlockRepETag
1070
     1
1071
       36
1005
51C
  0
LWPOLYLINE
  5
51D
330
1F
100
AcDbEntity
  8
Carpinteria
 62
   252
100
AcDbPolyline
 90
        2
 70
     0
 43
0.0
 10
109.284422
 20
92.054129
 10
105.494422
 20
92.054129
1001
AcDbBlockRepETag
1070
     1
1071
       37
1005
51D
  0
LWPOLYLINE
  5
51E
330
1F
100
AcDbEntity
  8
Carpinteria
 62
   252
100
AcDbPolyline
 90
        2
 70
     0
 43
0.0
 10
109.284422
 20
92.204129
 10
105.494422
 20
92.204129
1001
AcDbBlockRepETag
1070
     1
1071
       38
1005
51E
  0
LWPOLYLINE
  5
51F
330
1F
100
AcDbEntity
  8
Carpinteria
 62
   252
100
AcDbPolyline
 90
        2
 70
     0
 43
0.0
 10
109.284422
 20
92.154129
 10
105.494422
 20
92.154129
1001
AcDbBlockRepETag
1070
     1
1071
       39
1005
51F
  0
LWPOLYLINE
  5
520
330
1F
100
AcDbEntity
  8
0
100
AcDbPolyline
 90
        2
 70
     0
 43
0.0
 10
101.504422
 20
92.254129
 10
105.294422
 20
92.254129
1001
AcDbBlockRepETag
1070
     1
1071
       40
1005
520
  0
LWPOLYLINE
  5
521
330
1F
100
AcDbEntity
  8
Carpinteria
 62
   252
100
AcDbPolyline
 90
        2
 70
     0
 43
0.0
 10
105.294422
 20
92.054129
 10
101.504422
 20
92.054129
1001
AcDbBlockRepETag
1070
     1
1071
       41
1005
521
  0
LWPOLYLINE
  5
522
330
1F
100
AcDbEntity
  8
Carpinteria
 62
   252
100
AcDbPolyline
 90
        2
 70
     0
 43
0.0
 10
105.294422
 20
92.204129
 10
101.504422
 20
92.204129
1001
AcDbBlockRepETag
1070
     1
1071
       42
1005
522
  0
LWPOLYLINE
  5
523
330
1F
100
AcDbEntity
  8
Carpinteria
 62
   252
100
AcDbPolyline
 90
        2
 70
     0
 43
0.0
 10
105.294422
 20
92.154129
 10
101.504422
 20
92.154129
1001
AcDbBlockRepETag
1070
     1
1071
       43
1005
523
  0
LWPOLYLINE
  5
524
330
1F
100
AcDbEntity
  8
PLANTA
 62
     0
100
AcDbPolyline
 90
        4
 70
     1
 43
0.0
 10
101.304422
 20
88.804129
 10
101.504422
 20
88.804129
 10
101.504422
 20
89.004129
 10
101.304422
 20
89.004129
1001
AcDbBlockRepETag
1070
     1
1071
       44
1005
524
  0
LWPOLYLINE
  5
525
330
1F
100
AcDbEntity
  8
0
100
AcDbPolyline
 90
        2
 70
     0
 43
0.0
 10
101.304422
 20
92.054129
 10
101.304422
 20
91.817986
1001
AcDbBlockRepETag
1070
     1
1071
       45
1005
525
  0
LWPOLYLINE
  5
526
330
1F
100
AcDbEntity
  8
Carpinteria
 62
   252
100
AcDbPolyline
 90
        2
 70
     0
 43
0.0
 10
101.304422
 20
89.167986
 10
101.304422
 20
89.004129
1001
AcDbBlockRepETag
1070
     1
1071
       45
1005
525
  0
LWPOLYLINE
  5
527
330
1F
100
AcDbEntity
  8
Carpinteria
 62
   252
100
AcDbPolyline
 90
        2
 70
     0
 43
0.0
 10
101.504422
 20
89.004129
 10
101.504422
 20
89.167986
1001
AcDbBlockRepETag
1070
     1
1071
       46
1005
527
  0
LWPOLYLINE
  5
528
330
1F
100
AcDbEntity
  8
0
100
AcDbPolyline
 90
        2
 70
     0
 43
0.0
 10
101.504422
 20
91.817986
 10
101.504422
 20
92.054129
1001
AcDbBlockRepETag
1070
     1
1071
       46
1005
527
  0
LWPOLYLINE
  5
529
330
1F
100
AcDbEntity
  8
Carpinteria
 62
   252
100
AcDbPolyline
 90
        2
 70
     0
 43
0.0
 10
101.404422
 20
89.004129
 10
101.404422
 20
89.167986
1001
AcDbBlockRepETag
1070
     1
1071
       47
1005
529
  0
LWPOLYLINE
  5
52A
330
1F
100
AcDbEntity
  8
0
100
AcDbPolyline
 90
        2
 70
     0
 43
0.0
 10
101.404422
 20
91.817986
 10
101.404422
 20
92.054129
1001
AcDbBlockRepETag
1070
     1
1071
       47
1005
529
  0
LWPOLYLINE
  5
52B
330
1F
100
AcDbEntity
  8
Carpinteria
 62
   252
100
AcDbPolyline
 90
        2
 70
     0
 43
0.0
 10
101.354422
 20
89.004129
 10
101.354422
 20
89.167986
1001
AcDbBlockRepETag
1070
     1
1071
       48
1005
52B
  0
LWPOLYLINE
  5
52C
330
1F
100
AcDbEntity
  8
0
100
AcDbPolyline
 90
        2
 70
     0
 43
0.0
 10
101.354422
 20
91.817986
 10
101.354422
 20
92.054129
1001
AcDbBlockRepETag
1070
     1
1071
       48
1005
52B
  0
LWPOLYLINE
  5
52D
330
1F
100
AcDbEntity
  8
Carpinteria
 62
   252
100
AcDbPolyline
 90
        2
 70
     0
 43
0.0
 10
101.304422
 20
88.804129
 10
101.304422
 20
85.754129
1001
AcDbBlockRepETag
1070
     1
1071
       49
1005
52D
  0
LWPOLYLINE
  5
52E
330
1F
100
AcDbEntity
  8
Carpinteria
 62
   252
100
AcDbPolyline
 90
        2
 70
     0
 43
0.0
 10
101.504422
 20
85.754129
 10
101.504422
 20
88.804129
1001
AcDbBlockRepETag
1070
     1
1071
       50
1005
52E
  0
LWPOLYLINE
  5
52F
330
1F
100
AcDbEntity
  8
Carpinteria
 62
   252
100
AcDbPolyline
 90
        2
 70
     0
 43
0.0
 10
101.404422
 20
85.754129
 10
101.404422
 20
88.804129
1001
AcDbBlockRepETag
1070
     1
1071
       51
1005
52F
  0
LWPOLYLINE
  5
530
330
1F
100
AcDbEntity
  8
Carpinteria
 62
   252
100
AcDbPolyline
 90
        2
 70
     0
 43
0.0
 10
101.354422
 20
85.754129
 10
101.354422
 20
88.804129
1001
AcDbBlockRepETag
1070
     1
1071
       52
1005
530
  0
LWPOLYLINE
  5
531
330
1F
100
AcDbEntity
  8
PLANTA
 62
     0
100
AcDbPolyline
 90
        4
 70
     1
 43
0.0
 10
92.524422
 20
85.354129
 10
92.724422
 20
85.354129
 10
92.724422
 20
85.554129
 10
92.524422
 20
85.554129
1001
AcDbBlockRepETag
1070
     1
1071
       53
1005
531
  0
LWPOLYLINE
  5
532
330
1F
100
AcDbEntity
  8
PLANTA
 62
     0
100
AcDbPolyline
 90
        4
 70
     1
 43
0.0
 10
87.624404
 20
110.352954
 10
87.824404
 20
110.352954
 10
87.824404
 20
110.152954
 10
87.624404
 20
110.152954
1001
AcDbBlockRepETag
1070
     1
1071
       57
1005
532
  0
LWPOLYLINE
  5
533
330
1F
100
AcDbEntity
  8
PLANTA
 62
     0
100
AcDbPolyline
 90
        2
 70
     0
 43
0.0
 10
87.359422
 20
85.354129
 10
87.359422
 20
110.352954
1001
AcDbBlockRepETag
1070
     1
1071
       58
1005
533
  0
LWPOLYLINE
  5
534
330
1F
100
AcDbEntity
  8
PLANTA
 62
     0
100
AcDbPolyline
 90
        2
 70
     0
 43
0.0
 10
87.559422
 20
85.354129
 10
87.559422
 20
110.352951
1001
AcDbBlockRepETag
1070
     1
1071
       59
1005
534
  0
LWPOLYLINE
  5
535
330
1F
100
AcDbEntity
  8
PLANTA
 62
     0
100
AcDbPolyline
 90
        4
 70
     1
 43
0.0
 10
91.934422
 20
110.353186
 10
92.134422
 20
110.353186
 10
92.134422
 20
110.153186
 10
91.934422
 20
110.153186
1001
AcDbBlockRepETag
1070
     1
1071
       60
1005
535
  0
LWPOLYLINE
  5
536
330
1F
100
AcDbEntity
  8
PLANTA
 62
     0
100
AcDbPolyline
 90
        4
 70
     1
 43
0.0
 10
96.284422
 20
110.35342
 10
96.484422
 20
110.35342
 10
96.484422
 20
110.15342
 10
96.284422
 20
110.15342
1001
AcDbBlockRepETag
1070
     1
1071
       61
1005
536
  0
LWPOLYLINE
  5
537
330
1F
100
AcDbEntity
  8
PLANTA
 62
     0
100
AcDbPolyline
 90
        4
 70
     1
 43
0.0
 10
100.634422
 20
110.354129
 10
100.834422
 20
110.354129
 10
100.834422
 20
110.154129
 10
100.634422
 20
110.154129
1001
AcDbBlockRepETag
1070
     1
1071
       62
1005
537
  0
LWPOLYLINE
  5
538
330
1F
100
AcDbEntity
  8
PLANTA
 62
     0
100
AcDbPolyline
 90
        4
 70
     1
 43
0.0
 10
104.984422
 20
110.354129
 10
105.184422
 20
110.354129
 10
105.184422
 20
110.154129
 10
104.984422
 20
110.154129
1001
AcDbBlockRepETag
1070
     1
1071
       63
1005
538
  0
LWPOLYLINE
  5
539
330
1F
100
AcDbEntity
  8
PLANTA
 62
     0
100
AcDbPolyline
 90
        4
 70
     1
 43
0.0
 10
109.284422
 20
110.354129
 10
109.484422
 20
110.354129
 10
109.484422
 20
110.154129
 10
109.284422
 20
110.154129
1001
AcDbBlockRepETag
1070
     1
1071
       64
1005
539
  0
INSERT
  5
53A
102
{ACAD_XDICTIONARY
360
53B
102
}
330
1F
100
AcDbEntity
  8
0
100
AcDbBlockReference
  2
A$C32ED78C8
 10
92.524422
 20
85.554129
 30
0.0
1001
AcDbBlockRepETag
1070
     1
1071
       66
1005
53A
  0
INSERT
  5
598
102
{ACAD_XDICTIONARY
360
599
102
}
330
1F
100
AcDbEntity
  8
0
100
AcDbBlockReference
  2
A$C0B4364DB
 10
96.754422
 20
85.554129
 30
0.0
1001
AcDbBlockRepETag
1070
     1
1071
       67
1005
598
  0
INSERT
  5
5E8
102
{ACAD_XDICTIONARY
360
5E9
102
}
330
1F
100
AcDbEntity
  8
0
100
AcDbBlockReference
  2
A$C6BA06BDB
 10
104.974422
 20
92.254129
 30
0.0
1001
AcDbBlockRepETag
1070
     1
1071
       69
1005
5E8
  0
INSERT
  5
638
102
{ACAD_XDICTIONARY
360
639
102
}
330
1F
100
AcDbEntity
  8
0
100
AcDbBlockReference
  2
A$C1A5E3EEB
 10
108.964422
 20
92.254129
 30
0.0
1001
AcDbBlockRepETag
1070
     1
1071
       70
1005
638
  0
INSERT
  5
688
102
{ACAD_XDICTIONARY
360
689
102
}
330
1F
100
AcDbEntity
  8
0
100
AcDbBlockReference
  2
*U24
 10
96.754422
 20
109.654129
 30
0.0
1001
AcDbBlockRepETag
1070
     1
1071
       74
1005
688
  0
LWPOLYLINE
  5
72A
330
1F
100
AcDbEntity
  8
PLANTA
 62
     0
100
AcDbPolyline
 90
        4
 70
     1
 43
0.0
 10
109.284422
 20
106.354129
 10
109.484422
 20
106.354129
 10
109.484422
 20
106.154129
 10
109.284422
 20
106.154129
1001
AcDbBlockRepETag
1070
     1
1071
       77
1005
72A
  0
LWPOLYLINE
  5
72B
330
1F
100
AcDbEntity
  8
PLANTA
 62
     0
100
AcDbPolyline
 90
        4
 70
     1
 43
0.0
 10
109.284422
 20
102.354129
 10
109.484422
 20
102.354129
 10
109.484422
 20
102.154129
 10
109.284422
 20
102.154129
1001
AcDbBlockRepETag
1070
     1
1071
       78
1005
72B
  0
LWPOLYLINE
  5
72C
330
1F
100
AcDbEntity
  8
PLANTA
 62
     0
100
AcDbPolyline
 90
        4
 70
     1
 43
0.0
 10
109.284422
 20
94.354129
 10
109.484422
 20
94.354129
 10
109.484422
 20
94.154129
 10
109.284422
 20
94.154129
1001
AcDbBlockRepETag
1070
     1
1071
       80
1005
72C
  0
LWPOLYLINE
  5
72D
330
1F
100
AcDbEntity
  8
PLANTA
 62
     0
100
AcDbPolyline
 90
        4
 70
     1
 43
0.0
 10
87.624422
 20
106.354129
 10
87.824422
 20
106.354129
 10
87.824422
 20
106.154129
 10
87.624422
 20
106.154129
1001
AcDbBlockRepETag
1070
     1
1071
       81
1005
72D
  0
LWPOLYLINE
  5
72E
330
1F
100
AcDbEntity
  8
PLANTA
 62
     0
100
AcDbPolyline
 90
        4
 70
     1
 43
0.0
 10
87.624422
 20
102.354129
 10
87.824422
 20
102.354129
 10
87.824422
 20
102.154129
 10
87.624422
 20
102.154129
1001
AcDbBlockRepETag
1070
     1
1071
       82
1005
72E
  0
LWPOLYLINE
  5
72F
330
1F
100
AcDbEntity
  8
PLANTA
 62
     0
100
AcDbPolyline
 90
        4
 70
     1
 43
0.0
 10
87.624422
 20
98.354129
 10
87.824422
 20
98.354129
 10
87.824422
 20
98.154129
 10
87.624422
 20
98.154129
1001
AcDbBlockRepETag
1070
     1
1071
       83
1005
72F
  0
LWPOLYLINE
  5
730
330
1F
100
AcDbEntity
  8
PLANTA
 62
     0
100
AcDbPolyline
 90
        4
 70
     1
 43
0.0
 10
87.624422
 20
94.354129
 10
87.824422
 20
94.354129
 10
87.824422
 20
94.154129
 10
87.624422
 20
94.154129
1001
AcDbBlockRepETag
1070
     1
1071
       84
1005
730
  0
LWPOLYLINE
  5
731
330
1F
100
AcDbEntity
  8
PLANTA
 62
     0
100
AcDbPolyline
 90
        4
 70
     1
 43
0.0
 10
87.624422
 20
90.354129
 10
87.824422
 20
90.354129
 10
87.824422
 20
90.154129
 10
87.624422
 20
90.154129
1001
AcDbBlockRepETag
1070
     1
1071
       85
1005
731
  0
LWPOLYLINE
  5
732
330
1F
100
AcDbEntity
  8
PLANTA
 62
     0
100
AcDbPolyline
 90
        4
 70
     1
 43
0.0
 10
87.624422
 20
85.554129
 10
87.824422
 20
85.554129
 10
87.824422
 20
85.354129
 10
87.624422
 20
85.354129
1001
AcDbBlockRepETag
1070
     1
1071
       86
1005
732
  0
LWPOLYLINE
  5
733
330
1F
100
AcDbEntity
  8
Carpinteria
 62
   252
100
AcDbPolyline
 90
        2
 70
     0
 43
0.0
 10
99.439422
 20
64.274122
 10
99.439422
 20
61.874129
  0
LINE
  5
734
330
1F
100
AcDbEntity
  8
Carpinteria
 62
   252
100
AcDbLine
 10
99.559422
 20
64.274122
 30
0.0
 11
99.559422
 21
61.874129
 31
0.0
  0
LINE
  5
735
330
1F
100
AcDbEntity
  8
Carpinteria
 62
   252
100
AcDbLine
 10
99.619422
 20
64.274122
 30
0.0
 11
99.619422
 21
61.874129
 31
0.0
  0
INSERT
  5
748
102
{ACAD_XDICTIONARY
360
749
102
}
330
1F
100
AcDbEntity
  8
0
 62
     7
370
     9
100
AcDbBlockReference
  2
A$C0B4364DB
 10
98.864422
 20
85.554129
 30
0.0
1001
AcDbBlockRepETag
1070
     1
1071
       67
1005
0
  0
LWPOLYLINE
  5
74A
330
1F
100
AcDbEntity
  8
Carpinteria
100
AcDbPolyline
 90
        4
 70
     1
 43
0.0
 10
101.504421
 20
91.817986
 10
102.804421
 20
91.817986
 10
102.804421
 20
91.767986
 10
101.504421
 20
91.767986
  0
LWPOLYLINE
  5
74B
330
1F
100
AcDbEntity
  8
Carpinteria
100
AcDbPolyline
 90
        4
 70
     1
 43
0.0
 10
101.504421
 20
89.217986
 10
102.804421
 20
89.217986
 10
102.804421
 20
89.167986
 10
101.504421
 20
89.167986
  0
LINE
  5
74C
330
1F
100
AcDbEntity
  8
Carpinteria
 62
   252
100
AcDbLine
 10
101.504421
 20
89.167986
 30
0.0
 11
101.304421
 21
89.167986
 31
0.0
  0
LINE
  5
74D
330
1F
100
AcDbEntity
  8
0
100
AcDbLine
 10
101.504421
 20
91.817986
 30
0.0
 11
101.304422
 21
91.817986
 31
0.0
  0
LINE
  5
74E
330
1F
100
AcDbEntity
  8
0
100
AcDbLine
 10
109.484422
 20
92.054129
 30
0.0
 11
109.484422
 21
60.474129
 31
0.0
  0
LINE
  5
74F
330
1F
100
AcDbEntity
  8
0
 62
     2
100
AcDbLine
 10
87.359422
 20
55.474129
 30
0.0
 11
109.509422
 21
55.474129
 31
0.0
  0
LINE
  5
750
330
1F
100
AcDbEntity
  8
0
 62
     2
100
AcDbLine
 10
87.509422
 20
55.624129
 30
0.0
 11
109.509422
 21
55.624129
 31
0.0
  0
LINE
  5
751
330
1F
100
AcDbEntity
  8
0
 62
     2
100
AcDbLine
 10
109.484422
 20
60.474129
 30
0.0
 11
109.484422
 21
55.474129
 31
0.0
  0
LINE
  5
752
330
1F
100
AcDbEntity
  8
0
 62
     2
100
AcDbLine
 10
87.359422
 20
60.474129
 30
0.0
 11
87.359422
 21
55.474129
 31
0.0
  0
LINE
  5
753
330
1F
100
AcDbEntity
  8
0
 62
     2
100
AcDbLine
 10
103.214422
 20
58.474129
 30
0.0
 11
103.214422
 21
56.474129
 31
0.0
  0
LINE
  5
754
330
1F
100
AcDbEntity
  8
0
 62
     2
100
AcDbLine
 10
103.214422
 20
58.474129
 30
0.0
 11
109.484422
 21
58.474129
 31
0.0
  0
LINE
  5
763
330
1F
100
AcDbEntity
  8
0
 62
     2
100
AcDbLine
 10
103.214422
 20
56.474129
 30
0.0
 11
109.484422
 21
56.474129
 31
0.0
  0
LINE
  5
764
330
1F
100
AcDbEntity
  8
0
 62
     2
100
AcDbLine
 10
87.509422
 20
60.474129
 30
0.0
 11
87.509422
 21
55.624129
 31
0.0
  0
INSERT
  5
765
102
{ACAD_XDICTIONARY
360
766
102
}
330
1F
100
AcDbEntity
  8
0
 62
     7
370
     9
100
AcDbBlockReference
  2
A$C0B4364DB
 10
100.984422
 20
85.554129
 30
0.0
1001
AcDbBlockRepETag
1070
     1
1071
       67
1005
0
  0
INSERT
  5
767
102
{ACAD_XDICTIONARY
360
768
102
}
330
1F
100
AcDbEntity
  8
0
 62
     7
370
     9
100
AcDbBlockReference
  2
A$C0B4364DB
 10
87.824404
 20
109.652954
 30
0.0
1001
AcDbBlockRepETag
1070
     1
1071
       67
1005
0
  0
INSERT
  5
769
102
{ACAD_XDICTIONARY
360
76A
102
}
330
1F
100
AcDbEntity
  8
0
 62
     7
370
     9
100
AcDbBlockReference
  2
A$C0B4364DB
 10
92.524422
 20
109.654129
 30
0.0
1001
AcDbBlockRepETag
1070
     1
1071
       67
1005
0
  0
INSERT
  5
76B
102
{ACAD_XDICTIONARY
360
76C
102
}
330
1F
100
AcDbEntity
  8
0
 62
     7
370
     9
100
AcDbBlockReference
  2
A$C0B4364DB
 10
100.984422
 20
109.654129
 30
0.0
1001
AcDbBlockRepETag
1070
     1
1071
       67
1005
0
  0
INSERT
  5
76D
102
{ACAD_XDICTIONARY
360
76E
102
}
330
1F
100
AcDbEntity
  8
0
 62
     7
370
     9
100
AcDbBlockReference
  2
A$C0B4364DB
 10
104.974422
 20
109.654129
 30
0.0
1001
AcDbBlockRepETag
1070
     1
1071
       67
1005
0
  0
INSERT
  5
76F
102
{ACAD_XDICTIONARY
360
770
102
}
330
1F
100
AcDbEntity
  8
0
 62
     7
370
     9
100
AcDbBlockReference
  2
A$C0B4364DB
 10
108.964422
 20
109.654129
 30
0.0
1001
AcDbBlockRepETag
1070
     1
1071
       67
1005
0
  0
INSERT
  5
771
102
{ACAD_XDICTIONARY
360
772
102
}
330
1F
100
AcDbEntity
  8
0
 62
     7
370
     9
100
AcDbBlockReference
  2
A$C0B4364DB
 10
87.824404
 20
85.554129
 30
0.0
1001
AcDbBlockRepETag
1070
     1
1071
       67
1005
0
  0
LWPOLYLINE
  5
773
330
1F
100
AcDbEntity
  8
Estanterias
100
AcDbPolyline
 90
        4
 70
     1
 43
0.0
 10
107.085837
 20
108.607028
 10
106.485837
 20
108.607028
 10
106.485837
 20
109.507028
 10
107.085837
 20
109.507028
  0
LWPOLYLINE
  5
774
330
1F
100
AcDbEntity
  8
Estanterias
100
AcDbPolyline
 90
        4
 70
     1
 43
0.0
 10
107.085837
 20
107.707028
 10
106.485837
 20
107.707028
 10
106.485837
 20
108.607028
 10
107.085837
 20
108.607028
  0
LWPOLYLINE
  5
775
330
1F
100
AcDbEntity
  8
Estanterias
100
AcDbPolyline
 90
        4
 70
     1
 43
0.0
 10
107.085837
 20
106.807028
 10
106.485837
 20
106.807028
 10
106.485837
 20
107.707028
 10
107.085837
 20
107.707028
  0
LWPOLYLINE
  5
776
330
1F
100
AcDbEntity
  8
Estanterias
100
AcDbPolyline
 90
        4
 70
     1
 43
0.0
 10
107.085837
 20
105.907028
 10
106.485837
 20
105.907028
 10
106.485837
 20
106.807028
 10
107.085837
 20
106.807028
  0
LWPOLYLINE
  5
777
330
1F
100
AcDbEntity
  8
Estanterias
100
AcDbPolyline
 90
        4
 70
     1
 43
0.0
 10
107.085837
 20
105.007028
 10
106.485837
 20
105.007028
 10
106.485837
 20
105.907028
 10
107.085837
 20
105.907028
  0
LWPOLYLINE
  5
778
330
1F
100
AcDbEntity
  8
Estanterias
100
AcDbPolyline
 90
        4
 70
     1
 43
0.0
 10
107.085837
 20
104.107028
 10
106.485837
 20
104.107028
 10
106.485837
 20
105.007028
 10
107.085837
 20
105.007028
  0
LWPOLYLINE
  5
779
330
1F
100
AcDbEntity
  8
Estanterias
100
AcDbPolyline
 90
        4
 70
     1
 43
0.0
 10
107.085837
 20
103.207028
 10
106.485837
 20
103.207028
 10
106.485837
 20
104.107028
 10
107.085837
 20
104.107028
  0
LWPOLYLINE
  5
77A
330
1F
100
AcDbEntity
  8
Estanterias
100
AcDbPolyline
 90
        4
 70
     1
 43
0.0
 10
107.085837
 20
102.307028
 10
106.485837
 20
102.307028
 10
106.485837
 20
103.207028
 10
107.085837
 20
103.207028
  0
LWPOLYLINE
  5
77B
330
1F
100
AcDbEntity
  8
Estanterias
100
AcDbPolyline
 90
        4
 70
     1
 43
0.0
 10
107.085837
 20
101.407028
 10
106.485837
 20
101.407028
 10
106.485837
 20
102.307028
 10
107.085837
 20
102.307028
  0
LWPOLYLINE
  5
77C
330
1F
100
AcDbEntity
  8
Estanterias
100
AcDbPolyline
 90
        4
 70
     1
 43
0.0
 10
107.085837
 20
100.507028
 10
106.485837
 20
100.507028
 10
106.485837
 20
101.407028
 10
107.085837
 20
101.407028
  0
LWPOLYLINE
  5
77D
330
1F
100
AcDbEntity
  8
Estanterias
100
AcDbPolyline
 90
        4
 70
     1
 43
0.0
 10
105.585837
 20
108.607028
 10
104.985837
 20
108.607028
 10
104.985837
 20
109.507028
 10
105.585837
 20
109.507028
  0
LWPOLYLINE
  5
77E
330
1F
100
AcDbEntity
  8
Estanterias
100
AcDbPolyline
 90
        4
 70
     1
 43
0.0
 10
105.585837
 20
107.707028
 10
104.985837
 20
107.707028
 10
104.985837
 20
108.607028
 10
105.585837
 20
108.607028
  0
LWPOLYLINE
  5
77F
330
1F
100
AcDbEntity
  8
Estanterias
100
AcDbPolyline
 90
        4
 70
     1
 43
0.0
 10
105.585837
 20
106.807028
 10
104.985837
 20
106.807028
 10
104.985837
 20
107.707028
 10
105.585837
 20
107.707028
  0
LWPOLYLINE
  5
780
330
1F
100
AcDbEntity
  8
Estanterias
100
AcDbPolyline
 90
        4
 70
     1
 43
0.0
 10
105.585837
 20
105.907028
 10
104.985837
 20
105.907028
 10
104.985837
 20
106.807028
 10
105.585837
 20
106.807028
  0
LWPOLYLINE
  5
781
330
1F
100
AcDbEntity
  8
Estanterias
100
AcDbPolyline
 90
        4
 70
     1
 43
0.0
 10
105.585837
 20
105.007028
 10
104.985837
 20
105.007028
 10
104.985837
 20
105.907028
 10
105.585837
 20
105.907028
  0
LWPOLYLINE
  5
782
330
1F
100
AcDbEntity
  8
Estanterias
100
AcDbPolyline
 90
        4
 70
     1
 43
0.0
 10
105.585837
 20
104.107028
 10
104.985837
 20
104.107028
 10
104.985837
 20
105.007028
 10
105.585837
 20
105.007028
  0
LWPOLYLINE
  5
783
330
1F
100
AcDbEntity
  8
Estanterias
100
AcDbPolyline
 90
        4
 70
     1
 43
0.0
 10
105.585837
 20
103.207028
 10
104.985837
 20
103.207028
 10
104.985837
 20
104.107028
 10
105.585837
 20
104.107028
  0
LWPOLYLINE
  5
784
330
1F
100
AcDbEntity
  8
Estanterias
100
AcDbPolyline
 90
        4
 70
     1
 43
0.0
 10
105.585837
 20
102.307028
 10
104.985837
 20
102.307028
 10
104.985837
 20
103.207028
 10
105.585837
 20
103.207028
  0
LWPOLYLINE
  5
785
330
1F
100
AcDbEntity
  8
Estanterias
100
AcDbPolyline
 90
        4
 70
     1
 43
0.0
 10
105.585837
 20
101.407028
 10
104.985837
 20
101.407028
 10
104.985837
 20
102.307028
 10
105.585837
 20
102.307028
  0
LWPOLYLINE
  5
786
330
1F
100
AcDbEntity
  8
Estanterias
100
AcDbPolyline
 90
        4
 70
     1
 43
0.0
 10
105.585837
 20
100.507028
 10
104.985837
 20
100.507028
 10
104.985837
 20
101.407028
 10
105.585837
 20
101.407028
  0
LWPOLYLINE
  5
787
330
1F
100
AcDbEntity
  8
Estanterias
100
AcDbPolyline
 90
        4
 70
     1
 43
0.0
 10
104.985837
 20
108.607028
 10
104.385837
 20
108.607028
 10
104.385837
 20
109.507028
 10
104.985837
 20
109.507028
  0
LWPOLYLINE
  5
788
330
1F
100
AcDbEntity
  8
Estanterias
100
AcDbPolyline
 90
        4
 70
     1
 43
0.0
 10
104.985837
 20
107.707028
 10
104.385837
 20
107.707028
 10
104.385837
 20
108.607028
 10
104.985837
 20
108.607028
  0
LWPOLYLINE
  5
789
330
1F
100
AcDbEntity
  8
Estanterias
100
AcDbPolyline
 90
        4
 70
     1
 43
0.0
 10
104.985837
 20
106.807028
 10
104.385837
 20
106.807028
 10
104.385837
 20
107.707028
 10
104.985837
 20
107.707028
  0
LWPOLYLINE
  5
78A
330
1F
100
AcDbEntity
  8
Estanterias
100
AcDbPolyline
 90
        4
 70
     1
 43
0.0
 10
104.985837
 20
105.907028
 10
104.385837
 20
105.907028
 10
104.385837
 20
106.807028
 10
104.985837
 20
106.807028
  0
LWPOLYLINE
  5
78B
330
1F
100
AcDbEntity
  8
Estanterias
100
AcDbPolyline
 90
        4
 70
     1
 43
0.0
 10
104.985837
 20
105.007028
 10
104.385837
 20
105.007028
 10
104.385837
 20
105.907028
 10
104.985837
 20
105.907028
  0
LWPOLYLINE
  5
78C
330
1F
100
AcDbEntity
  8
Estanterias
100
AcDbPolyline
 90
        4
 70
     1
 43
0.0
 10
104.985837
 20
104.107028
 10
104.385837
 20
104.107028
 10
104.385837
 20
105.007028
 10
104.985837
 20
105.007028
  0
LWPOLYLINE
  5
78D
330
1F
100
AcDbEntity
  8
Estanterias
100
AcDbPolyline
 90
        4
 70
     1
 43
0.0
 10
104.985837
 20
103.207028
 10
104.385837
 20
103.207028
 10
104.385837
 20
104.107028
 10
104.985837
 20
104.107028
  0
LWPOLYLINE
  5
78E
330
1F
100
AcDbEntity
  8
Estanterias
100
AcDbPolyline
 90
        4
 70
     1
 43
0.0
 10
104.985837
 20
102.307028
 10
104.385837
 20
102.307028
 10
104.385837
 20
103.207028
 10
104.985837
 20
103.207028
  0
LWPOLYLINE
  5
78F
330
1F
100
AcDbEntity
  8
Estanterias
100
AcDbPolyline
 90
        4
 70
     1
 43
0.0
 10
104.985837
 20
101.407028
 10
104.385837
 20
101.407028
 10
104.385837
 20
102.307028
 10
104.985837
 20
102.307028
  0
LWPOLYLINE
  5
790
330
1F
100
AcDbEntity
  8
Estanterias
100
AcDbPolyline
 90
        4
 70
     1
 43
0.0
 10
104.985837
 20
100.507028
 10
104.385837
 20
100.507028
 10
104.385837
 20
101.407028
 10
104.985837
 20
101.407028
  0
LWPOLYLINE
  5
791
330
1F
100
AcDbEntity
  8
Estanterias
100
AcDbPolyline
 90
        4
 70
     1
 43
0.0
 10
103.485837
 20
108.607028
 10
102.885837
 20
108.607028
 10
102.885837
 20
109.507028
 10
103.485837
 20
109.507028
  0
LWPOLYLINE
  5
792
330
1F
100
AcDbEntity
  8
Estanterias
100
AcDbPolyline
 90
        4
 70
     1
 43
0.0
 10
103.485837
 20
107.707028
 10
102.885837
 20
107.707028
 10
102.885837
 20
108.607028
 10
103.485837
 20
108.607028
  0
LWPOLYLINE
  5
793
330
1F
100
AcDbEntity
  8
Estanterias
100
AcDbPolyline
 90
        4
 70
     1
 43
0.0
 10
103.485837
 20
106.807028
 10
102.885837
 20
106.807028
 10
102.885837
 20
107.707028
 10
103.485837
 20
107.707028
  0
LWPOLYLINE
  5
794
330
1F
100
AcDbEntity
  8
Estanterias
100
AcDbPolyline
 90
        4
 70
     1
 43
0.0
 10
103.485837
 20
105.907028
 10
102.885837
 20
105.907028
 10
102.885837
 20
106.807028
 10
103.485837
 20
106.807028
  0
LWPOLYLINE
  5
795
330
1F
100
AcDbEntity
  8
Estanterias
100
AcDbPolyline
 90
        4
 70
     1
 43
0.0
 10
103.485837
 20
105.007028
 10
102.885837
 20
105.007028
 10
102.885837
 20
105.907028
 10
103.485837
 20
105.907028
  0
LWPOLYLINE
  5
796
330
1F
100
AcDbEntity
  8
Estanterias
100
AcDbPolyline
 90
        4
 70
     1
 43
0.0
 10
103.485837
 20
104.107028
 10
102.885837
 20
104.107028
 10
102.885837
 20
105.007028
 10
103.485837
 20
105.007028
  0
LWPOLYLINE
  5
797
330
1F
100
AcDbEntity
  8
Estanterias
100
AcDbPolyline
 90
        4
 70
     1
 43
0.0
 10
103.485837
 20
103.207028
 10
102.885837
 20
103.207028
 10
102.885837
 20
104.107028
 10
103.485837
 20
104.107028
  0
LWPOLYLINE
  5
798
330
1F
100
AcDbEntity
  8
Estanterias
100
AcDbPolyline
 90
        4
 70
     1
 43
0.0
 10
103.485837
 20
102.307028
 10
102.885837
 20
102.307028
 10
102.885837
 20
103.207028
 10
103.485837
 20
103.207028
  0
LWPOLYLINE
  5
799
330
1F
100
AcDbEntity
  8
Estanterias
100
AcDbPolyline
 90
        4
 70
     1
 43
0.0
 10
103.485837
 20
101.407028
 10
102.885837
 20
101.407028
 10
102.885837
 20
102.307028
 10
103.485837
 20
102.307028
  0
LWPOLYLINE
  5
79A
330
1F
100
AcDbEntity
  8
Estanterias
100
AcDbPolyline
 90
        4
 70
     1
 43
0.0
 10
103.485837
 20
100.507028
 10
102.885837
 20
100.507028
 10
102.885837
 20
101.407028
 10
103.485837
 20
101.407028
  0
LWPOLYLINE
  5
79B
330
1F
100
AcDbEntity
  8
Estanterias
100
AcDbPolyline
 90
        4
 70
     1
 43
0.0
 10
102.885837
 20
108.607028
 10
102.285837
 20
108.607028
 10
102.285837
 20
109.507028
 10
102.885837
 20
109.507028
  0
LWPOLYLINE
  5
79C
330
1F
100
AcDbEntity
  8
Estanterias
100
AcDbPolyline
 90
        4
 70
     1
 43
0.0
 10
102.885837
 20
107.707028
 10
102.285837
 20
107.707028
 10
102.285837
 20
108.607028
 10
102.885837
 20
108.607028
  0
LWPOLYLINE
  5
79D
330
1F
100
AcDbEntity
  8
Estanterias
100
AcDbPolyline
 90
        4
 70
     1
 43
0.0
 10
102.885837
 20
106.807028
 10
102.285837
 20
106.807028
 10
102.285837
 20
107.707028
 10
102.885837
 20
107.707028
  0
LWPOLYLINE
  5
79E
330
1F
100
AcDbEntity
  8
Estanterias
100
AcDbPolyline
 90
        4
 70
     1
 43
0.0
 10
102.885837
 20
105.907028
 10
102.285837
 20
105.907028
 10
102.285837
 20
106.807028
 10
102.885837
 20
106.807028
  0
LWPOLYLINE
  5
79F
330
1F
100
AcDbEntity
  8
Estanterias
100
AcDbPolyline
 90
        4
 70
     1
 43
0.0
 10
102.885837
 20
105.007028
 10
102.285837
 20
105.007028
 10
102.285837
 20
105.907028
 10
102.885837
 20
105.907028
  0
LWPOLYLINE
  5
7A0
330
1F
100
AcDbEntity
  8
Estanterias
100
AcDbPolyline
 90
        4
 70
     1
 43
0.0
 10
102.885837
 20
104.107028
 10
102.285837
 20
104.107028
 10
102.285837
 20
105.007028
 10
102.885837
 20
105.007028
  0
LWPOLYLINE
  5
7A1
330
1F
100
AcDbEntity
  8
Estanterias
100
AcDbPolyline
 90
        4
 70
     1
 43
0.0
 10
102.885837
 20
103.207028
 10
102.285837
 20
103.207028
 10
102.285837
 20
104.107028
 10
102.885837
 20
104.107028
  0
LWPOLYLINE
  5
7A2
330
1F
100
AcDbEntity
  8
Estanterias
100
AcDbPolyline
 90
        4
 70
     1
 43
0.0
 10
102.885837
 20
102.307028
 10
102.285837
 20
102.307028
 10
102.285837
 20
103.207028
 10
102.885837
 20
103.207028
  0
LWPOLYLINE
  5
7A3
330
1F
100
AcDbEntity
  8
Estanterias
100
AcDbPolyline
 90
        4
 70
     1
 43
0.0
 10
102.885837
 20
101.407028
 10
102.285837
 20
101.407028
 10
102.285837
 20
102.307028
 10
102.885837
 20
102.307028
  0
LWPOLYLINE
  5
7A4
330
1F
100
AcDbEntity
  8
Estanterias
100
AcDbPolyline
 90
        4
 70
     1
 43
0.0
 10
102.885837
 20
100.507028
 10
102.285837
 20
100.507028
 10
102.285837
 20
101.407028
 10
102.885837
 20
101.407028
  0
LWPOLYLINE
  5
7A5
330
1F
100
AcDbEntity
  8
Estanterias
100
AcDbPolyline
 90
        4
 70
     1
 43
0.0
 10
101.385837
 20
108.607028
 10
100.785837
 20
108.607028
 10
100.785837
 20
109.507028
 10
101.385837
 20
109.507028
  0
LWPOLYLINE
  5
7A6
330
1F
100
AcDbEntity
  8
Estanterias
100
AcDbPolyline
 90
        4
 70
     1
 43
0.0
 10
101.385837
 20
107.707028
 10
100.785837
 20
107.707028
 10
100.785837
 20
108.607028
 10
101.385837
 20
108.607028
  0
LWPOLYLINE
  5
7A7
330
1F
100
AcDbEntity
  8
Estanterias
100
AcDbPolyline
 90
        4
 70
     1
 43
0.0
 10
101.385837
 20
106.807028
 10
100.785837
 20
106.807028
 10
100.785837
 20
107.707028
 10
101.385837
 20
107.707028
  0
LWPOLYLINE
  5
7A8
330
1F
100
AcDbEntity
  8
Estanterias
100
AcDbPolyline
 90
        4
 70
     1
 43
0.0
 10
101.385837
 20
105.907028
 10
100.785837
 20
105.907028
 10
100.785837
 20
106.807028
 10
101.385837
 20
106.807028
  0
LWPOLYLINE
  5
7A9
330
1F
100
AcDbEntity
  8
Estanterias
100
AcDbPolyline
 90
        4
 70
     1
 43
0.0
 10
101.385837
 20
105.007028
 10
100.785837
 20
105.007028
 10
100.785837
 20
105.907028
 10
101.385837
 20
105.907028
  0
LWPOLYLINE
  5
7AA
330
1F
100
AcDbEntity
  8
Estanterias
100
AcDbPolyline
 90
        4
 70
     1
 43
0.0
 10
101.385837
 20
104.107028
 10
100.785837
 20
104.107028
 10
100.785837
 20
105.007028
 10
101.385837
 20
105.007028
  0
LWPOLYLINE
  5
7AB
330
1F
100
AcDbEntity
  8
Estanterias
100
AcDbPolyline
 90
        4
 70
     1
 43
0.0
 10
101.385837
 20
103.207028
 10
100.785837
 20
103.207028
 10
100.785837
 20
104.107028
 10
101.385837
 20
104.107028
  0
LWPOLYLINE
  5
7AC
330
1F
100
AcDbEntity
  8
Estanterias
100
AcDbPolyline
 90
        4
 70
     1
 43
0.0
 10
101.385837
 20
102.307028
 10
100.785837
 20
102.307028
 10
100.785837
 20
103.207028
 10
101.385837
 20
103.207028
  0
LWPOLYLINE
  5
7AD
330
1F
100
AcDbEntity
  8
Estanterias
100
AcDbPolyline
 90
        4
 70
     1
 43
0.0
 10
101.385837
 20
101.407028
 10
100.785837
 20
101.407028
 10
100.785837
 20
102.307028
 10
101.385837
 20
102.307028
  0
LWPOLYLINE
  5
7AE
330
1F
100
AcDbEntity
  8
Estanterias
100
AcDbPolyline
 90
        4
 70
     1
 43
0.0
 10
101.385837
 20
100.507028
 10
100.785837
 20
100.507028
 10
100.785837
 20
101.407028
 10
101.385837
 20
101.407028
  0
LWPOLYLINE
  5
7AF
330
1F
100
AcDbEntity
  8
Estanterias
100
AcDbPolyline
 90
        4
 70
     1
 43
0.0
 10
100.785837
 20
108.607028
 10
100.185837
 20
108.607028
 10
100.185837
 20
109.507028
 10
100.785837
 20
109.507028
  0
LWPOLYLINE
  5
7B0
330
1F
100
AcDbEntity
  8
Estanterias
100
AcDbPolyline
 90
        4
 70
     1
 43
0.0
 10
100.785837
 20
107.707028
 10
100.185837
 20
107.707028
 10
100.185837
 20
108.607028
 10
100.785837
 20
108.607028
  0
LWPOLYLINE
  5
7B1
330
1F
100
AcDbEntity
  8
Estanterias
100
AcDbPolyline
 90
        4
 70
     1
 43
0.0
 10
100.785837
 20
106.807028
 10
100.185837
 20
106.807028
 10
100.185837
 20
107.707028
 10
100.785837
 20
107.707028
  0
LWPOLYLINE
  5
7B2
330
1F
100
AcDbEntity
  8
Estanterias
100
AcDbPolyline
 90
        4
 70
     1
 43
0.0
 10
100.785837
 20
105.907028
 10
100.185837
 20
105.907028
 10
100.185837
 20
106.807028
 10
100.785837
 20
106.807028
  0
LWPOLYLINE
  5
7B3
330
1F
100
AcDbEntity
  8
Estanterias
100
AcDbPolyline
 90
        4
 70
     1
 43
0.0
 10
100.785837
 20
105.007028
 10
100.185837
 20
105.007028
 10
100.185837
 20
105.907028
 10
100.785837
 20
105.907028
  0
LWPOLYLINE
  5
7B4
330
1F
100
AcDbEntity
  8
Estanterias
100
AcDbPolyline
 90
        4
 70
     1
 43
0.0
 10
100.785837
 20
104.107028
 10
100.185837
 20
104.107028
 10
100.185837
 20
105.007028
 10
100.785837
 20
105.007028
  0
LWPOLYLINE
  5
7B5
330
1F
100
AcDbEntity
  8
Estanterias
100
AcDbPolyline
 90
        4
 70
     1
 43
0.0
 10
100.785837
 20
103.207028
 10
100.185837
 20
103.207028
 10
100.185837
 20
104.107028
 10
100.785837
 20
104.107028
  0
LWPOLYLINE
  5
7B6
330
1F
100
AcDbEntity
  8
Estanterias
100
AcDbPolyline
 90
        4
 70
     1
 43
0.0
 10
100.785837
 20
102.307028
 10
100.185837
 20
102.307028
 10
100.185837
 20
103.207028
 10
100.785837
 20
103.207028
  0
LWPOLYLINE
  5
7B7
330
1F
100
AcDbEntity
  8
Estanterias
100
AcDbPolyline
 90
        4
 70
     1
 43
0.0
 10
100.785837
 20
101.407028
 10
100.185837
 20
101.407028
 10
100.185837
 20
102.307028
 10
100.785837
 20
102.307028
  0
LWPOLYLINE
  5
7B8
330
1F
100
AcDbEntity
  8
Estanterias
100
AcDbPolyline
 90
        4
 70
     1
 43
0.0
 10
100.785837
 20
100.507028
 10
100.185837
 20
100.507028
 10
100.185837
 20
101.407028
 10
100.785837
 20
101.407028
  0
LWPOLYLINE
  5
7B9
330
1F
100
AcDbEntity
  8
Estanterias
100
AcDbPolyline
 90
        4
 70
     1
 43
0.0
 10
107.685837
 20
99.607028
 10
107.085837
 20
99.607028
 10
107.085837
 20
100.507028
 10
107.685837
 20
100.507028
  0
LWPOLYLINE
  5
7BA
330
1F
100
AcDbEntity
  8
Estanterias
100
AcDbPolyline
 90
        4
 70
     1
 43
0.0
 10
107.685837
 20
98.707028
 10
107.085837
 20
98.707028
 10
107.085837
 20
99.607028
 10
107.685837
 20
99.607028
  0
LWPOLYLINE
  5
7BB
330
1F
100
AcDbEntity
  8
Estanterias
100
AcDbPolyline
 90
        4
 70
     1
 43
0.0
 10
101.385837
 20
99.607028
 10
100.785837
 20
99.607028
 10
100.785837
 20
100.507028
 10
101.385837
 20
100.507028
  0
LWPOLYLINE
  5
7BC
330
1F
100
AcDbEntity
  8
Estanterias
100
AcDbPolyline
 90
        4
 70
     1
 43
0.0
 10
101.385837
 20
98.707028
 10
100.785837
 20
98.707028
 10
100.785837
 20
99.607028
 10
101.385837
 20
99.607028
  0
LWPOLYLINE
  5
7BD
330
1F
100
AcDbEntity
  8
Estanterias
100
AcDbPolyline
 90
        4
 70
     1
 43
0.0
 10
107.085837
 20
99.607028
 10
106.485837
 20
99.607028
 10
106.485837
 20
100.507028
 10
107.085837
 20
100.507028
  0
LWPOLYLINE
  5
7BE
330
1F
100
AcDbEntity
  8
Estanterias
100
AcDbPolyline
 90
        4
 70
     1
 43
0.0
 10
107.085837
 20
98.707028
 10
106.485837
 20
98.707028
 10
106.485837
 20
99.607028
 10
107.085837
 20
99.607028
  0
LWPOLYLINE
  5
7BF
330
1F
100
AcDbEntity
  8
Estanterias
100
AcDbPolyline
 90
        4
 70
     1
 43
0.0
 10
100.785837
 20
99.607028
 10
100.185837
 20
99.607028
 10
100.185837
 20
100.507028
 10
100.785837
 20
100.507028
  0
LWPOLYLINE
  5
7C0
330
1F
100
AcDbEntity
  8
Estanterias
100
AcDbPolyline
 90
        4
 70
     1
 43
0.0
 10
100.785837
 20
98.707028
 10
100.185837
 20
98.707028
 10
100.185837
 20
99.607028
 10
100.785837
 20
99.607028
  0
LWPOLYLINE
  5
7C1
330
1F
100
AcDbEntity
  8
Estanterias
100
AcDbPolyline
 90
        4
 70
     1
 43
0.0
 10
105.585837
 20
99.607028
 10
104.985837
 20
99.607028
 10
104.985837
 20
100.507028
 10
105.585837
 20
100.507028
  0
LWPOLYLINE
  5
7C2
330
1F
100
AcDbEntity
  8
Estanterias
100
AcDbPolyline
 90
        4
 70
     1
 43
0.0
 10
105.585837
 20
98.707028
 10
104.985837
 20
98.707028
 10
104.985837
 20
99.607028
 10
105.585837
 20
99.607028
  0
LWPOLYLINE
  5
7C3
330
1F
100
AcDbEntity
  8
Estanterias
100
AcDbPolyline
 90
        4
 70
     1
 43
0.0
 10
103.485837
 20
99.607028
 10
102.885837
 20
99.607028
 10
102.885837
 20
100.507028
 10
103.485837
 20
100.507028
  0
LWPOLYLINE
  5
7C4
330
1F
100
AcDbEntity
  8
Estanterias
100
AcDbPolyline
 90
        4
 70
     1
 43
0.0
 10
103.485837
 20
98.707028
 10
102.885837
 20
98.707028
 10
102.885837
 20
99.607028
 10
103.485837
 20
99.607028
  0
INSERT
  5
7C5
330
1F
100
AcDbEntity
  8
MUEBLES
100
AcDbBlockReference
  2
A$C5AA56A8C
 10
88.170491
 20
90.197387
 30
0.0
 50
270.0
  0
INSERT
  5
7C6
330
1F
100
AcDbEntity
  8
MUEBLES
100
AcDbBlockReference
  2
A$C5AA56A8C
 10
88.170491
 20
89.097386
 30
0.0
 50
270.0
  0
LWPOLYLINE
  5
7C7
330
1F
100
AcDbEntity
  8
Estanterias
100
AcDbPolyline
 90
        4
 70
     1
 43
0.0
 10
104.985837
 20
99.607028
 10
104.385837
 20
99.607028
 10
104.385837
 20
100.507028
 10
104.985837
 20
100.507028
  0
LWPOLYLINE
  5
7C8
330
1F
100
AcDbEntity
  8
Estanterias
100
AcDbPolyline
 90
        4
 70
     1
 43
0.0
 10
104.985837
 20
98.707028
 10
104.385837
 20
98.707028
 10
104.385837
 20
99.607028
 10
104.985837
 20
99.607028
  0
LWPOLYLINE
  5
7C9
330
1F
100
AcDbEntity
  8
Estanterias
100
AcDbPolyline
 90
        4
 70
     1
 43
0.0
 10
102.885837
 20
99.607028
 10
102.285837
 20
99.607028
 10
102.285837
 20
100.507028
 10
102.885837
 20
100.507028
  0
LWPOLYLINE
  5
7CA
330
1F
100
AcDbEntity
  8
Estanterias
100
AcDbPolyline
 90
        4
 70
     1
 43
0.0
 10
102.885837
 20
98.707028
 10
102.285837
 20
98.707028
 10
102.285837
 20
99.607028
 10
102.885837
 20
99.607028
  0
LWPOLYLINE
  5
7CB
330
1F
100
AcDbEntity
  8
Estanterias
100
AcDbPolyline
 90
        4
 70
     1
 43
0.0
 10
107.685837
 20
108.607028
 10
107.085837
 20
108.607028
 10
107.085837
 20
109.507028
 10
107.685837
 20
109.507028
  0
LWPOLYLINE
  5
7CC
330
1F
100
AcDbEntity
  8
Estanterias
100
AcDbPolyline
 90
        4
 70
     1
 43
0.0
 10
107.685837
 20
107.707028
 10
107.085837
 20
107.707028
 10
107.085837
 20
108.607028
 10
107.685837
 20
108.607028
  0
LWPOLYLINE
  5
7CD
330
1F
100
AcDbEntity
  8
Estanterias
100
AcDbPolyline
 90
        4
 70
     1
 43
0.0
 10
107.685837
 20
106.807028
 10
107.085837
 20
106.807028
 10
107.085837
 20
107.707028
 10
107.685837
 20
107.707028
  0
LWPOLYLINE
  5
7CE
330
1F
100
AcDbEntity
  8
Estanterias
100
AcDbPolyline
 90
        4
 70
     1
 43
0.0
 10
107.685837
 20
105.907028
 10
107.085837
 20
105.907028
 10
107.085837
 20
106.807028
 10
107.685837
 20
106.807028
  0
LWPOLYLINE
  5
7CF
330
1F
100
AcDbEntity
  8
Estanterias
100
AcDbPolyline
 90
        4
 70
     1
 43
0.0
 10
107.685837
 20
105.007028
 10
107.085837
 20
105.007028
 10
107.085837
 20
105.907028
 10
107.685837
 20
105.907028
  0
LWPOLYLINE
  5
7D0
330
1F
100
AcDbEntity
  8
Estanterias
100
AcDbPolyline
 90
        4
 70
     1
 43
0.0
 10
107.685837
 20
104.107028
 10
107.085837
 20
104.107028
 10
107.085837
 20
105.007028
 10
107.685837
 20
105.007028
  0
LWPOLYLINE
  5
7D1
330
1F
100
AcDbEntity
  8
Estanterias
100
AcDbPolyline
 90
        4
 70
     1
 43
0.0
 10
107.685837
 20
103.207028
 10
107.085837
 20
103.207028
 10
107.085837
 20
104.107028
 10
107.685837
 20
104.107028
  0
LWPOLYLINE
  5
7D2
330
1F
100
AcDbEntity
  8
Estanterias
100
AcDbPolyline
 90
        4
 70
     1
 43
0.0
 10
107.685837
 20
102.307028
 10
107.085837
 20
102.307028
 10
107.085837
 20
103.207028
 10
107.685837
 20
103.207028
  0
LWPOLYLINE
  5
7D3
330
1F
100
AcDbEntity
  8
Estanterias
100
AcDbPolyline
 90
        4
 70
     1
 43
0.0
 10
107.685837
 20
101.407028
 10
107.085837
 20
101.407028
 10
107.085837
 20
102.307028
 10
107.685837
 20
102.307028
  0
LWPOLYLINE
  5
7D4
330
1F
100
AcDbEntity
  8
Estanterias
100
AcDbPolyline
 90
        4
 70
     1
 43
0.0
 10
107.685837
 20
100.507028
 10
107.085837
 20
100.507028
 10
107.085837
 20
101.407028
 10
107.685837
 20
101.407028
  0
LINE
  5
7D5
330
1F
100
AcDbEntity
  8
MUEBLES
100
AcDbLine
 10
99.166969
 20
80.649343
 30
0.0
 11
99.166969
 21
78.849343
 31
0.0
  0
LINE
  5
7D6
330
1F
100
AcDbEntity
  8
MUEBLES
100
AcDbLine
 10
99.166969
 20
78.849343
 30
0.0
 11
98.466969
 21
78.849343
 31
0.0
  0
LINE
  5
7D7
330
1F
100
AcDbEntity
  8
MUEBLES
100
AcDbLine
 10
98.466969
 20
78.849343
 30
0.0
 11
98.466969
 21
80.649343
 31
0.0
  0
LINE
  5
7D8
330
1F
100
AcDbEntity
  8
MUEBLES
100
AcDbLine
 10
98.466969
 20
80.649343
 30
0.0
 11
99.166969
 21
80.649343
 31
0.0
  0
INSERT
  5
7D9
330
1F
100
AcDbEntity
  8
MUEBLES
100
AcDbBlockReference
  2
A$C72337FE4
 10
108.181999
 20
64.968013
 30
0.0
 41
-1.0
  0
LINE
  5
80B
330
1F
100
AcDbEntity
  8
0
100
AcDbLine
 10
105.229422
 20
60.774129
 30
0.0
 11
105.229422
 21
63.444763
 31
0.0
  0
LINE
  5
80C
330
1F
100
AcDbEntity
  8
0
100
AcDbLine
 10
105.229422
 20
64.194763
 30
0.0
 11
105.229422
 21
64.374129
 31
0.0
  0
LINE
  5
80D
330
1F
100
AcDbEntity
  8
0
100
AcDbLine
 10
105.329422
 20
60.774129
 30
0.0
 11
105.329422
 21
63.444763
 31
0.0
  0
LINE
  5
80E
330
1F
100
AcDbEntity
  8
0
100
AcDbLine
 10
105.329422
 20
64.194763
 30
0.0
 11
105.329422
 21
64.274129
 31
0.0
  0
LINE
  5
80F
330
1F
100
AcDbEntity
  8
0
100
AcDbLine
 10
105.229422
 20
64.574129
 30
0.0
 11
109.259422
 21
64.574129
 31
0.0
  0
LINE
  5
810
330
1F
100
AcDbEntity
  8
0
100
AcDbLine
 10
105.529422
 20
64.474129
 30
0.0
 11
109.259422
 21
64.474129
 31
0.0
  0
LINE
  5
811
330
1F
100
AcDbEntity
  8
0
100
AcDbLine
 10
105.355211
 20
64.194763
 30
0.0
 11
105.229422
 21
64.194763
 31
0.0
  0
LINE
  5
812
330
1F
100
AcDbEntity
  8
0
100
AcDbLine
 10
105.355211
 20
63.444763
 30
0.0
 11
105.229422
 21
63.444763
 31
0.0
  0
LWPOLYLINE
  5
813
330
1F
100
AcDbEntity
  8
0
100
AcDbPolyline
 90
        4
 70
     1
 43
0.0
 10
105.292316
 20
64.194763
 10
106.042316
 20
64.194763
 10
106.042316
 20
64.144763
 10
105.292316
 20
64.144763
  0
ARC
  5
814
330
1F
100
AcDbEntity
  8
0
100
AcDbCircle
 10
105.292316
 20
64.194763
 30
0.0
 40
0.75
100
AcDbArc
 50
270.0
 51
0.0
  0
LINE
  5
823
330
1F
100
AcDbEntity
  8
Estanterias
100
AcDbLine
 10
92.324493
 20
95.721647
 30
0.0
 11
92.324493
 21
95.721647
 31
0.0
  0
INSERT
  5
824
330
1F
100
AcDbEntity
  8
MUEBLES
100
AcDbBlockReference
  2
A$C72337FE4
 10
108.214957
 20
71.432789
 30
0.0
 50
180.0
  0
INSERT
  5
825
330
1F
100
AcDbEntity
  8
MUEBLES
100
AcDbBlockReference
  2
A$C72337FE4
 10
108.765563
 20
67.528343
 30
0.0
 50
90.0
  0
INSERT
  5
826
330
1F
100
AcDbEntity
  8
MUEBLES
100
AcDbBlockReference
  2
A$C72337FE4
 10
97.45828
 20
86.95413
 30
0.0
 50
270.0
  0
LWPOLYLINE
  5
827
330
1F
100
AcDbEntity
  8
Estanterias
100
AcDbPolyline
 90
        4
 70
     1
 43
0.0
 10
102.066789
 20
82.331722
 10
102.666789
 20
82.331722
 10
102.666789
 20
81.431722
 10
102.066789
 20
81.431722
  0
LWPOLYLINE
  5
828
330
1F
100
AcDbEntity
  8
Estanterias
100
AcDbPolyline
 90
        4
 70
     1
 43
0.0
 10
102.066789
 20
83.231722
 10
102.666789
 20
83.231722
 10
102.666789
 20
82.331722
 10
102.066789
 20
82.331722
  0
LWPOLYLINE
  5
829
330
1F
100
AcDbEntity
  8
Estanterias
100
AcDbPolyline
 90
        4
 70
     1
 43
0.0
 10
102.066789
 20
84.131722
 10
102.666789
 20
84.131722
 10
102.666789
 20
83.231722
 10
102.066789
 20
83.231722
  0
LWPOLYLINE
  5
82A
330
1F
100
AcDbEntity
  8
Estanterias
100
AcDbPolyline
 90
        4
 70
     1
 43
0.0
 10
104.143923
 20
82.37263
 10
104.743923
 20
82.37263
 10
104.743923
 20
81.47263
 10
104.143923
 20
81.47263
  0
LWPOLYLINE
  5
82B
330
1F
100
AcDbEntity
  8
Estanterias
100
AcDbPolyline
 90
        4
 70
     1
 43
0.0
 10
104.143923
 20
83.27263
 10
104.743923
 20
83.27263
 10
104.743923
 20
82.37263
 10
104.143923
 20
82.37263
  0
LWPOLYLINE
  5
82C
330
1F
100
AcDbEntity
  8
Estanterias
100
AcDbPolyline
 90
        4
 70
     1
 43
0.0
 10
104.143923
 20
84.17263
 10
104.743923
 20
84.17263
 10
104.743923
 20
83.27263
 10
104.143923
 20
83.27263
  0
LWPOLYLINE
  5
82D
330
1F
100
AcDbEntity
  8
Estanterias
100
AcDbPolyline
 90
        4
 70
     1
 43
0.0
 10
103.883439
 20
84.347975
 10
103.883439
 20
84.947975
 10
104.783439
 20
84.947975
 10
104.783439
 20
84.347975
  0
LWPOLYLINE
  5
82E
330
1F
100
AcDbEntity
  8
Estanterias
100
AcDbPolyline
 90
        4
 70
     1
 43
0.0
 10
102.983439
 20
84.347975
 10
102.983439
 20
84.947975
 10
103.883439
 20
84.947975
 10
103.883439
 20
84.347975
  0
LWPOLYLINE
  5
82F
330
1F
100
AcDbEntity
  8
Estanterias
100
AcDbPolyline
 90
        4
 70
     1
 43
0.0
 10
102.083439
 20
84.347975
 10
102.083439
 20
84.947975
 10
102.983439
 20
84.947975
 10
102.983439
 20
84.347975
  0
LINE
  5
830
330
1F
100
AcDbEntity
  8
0
 62
   252
370
    50
100
AcDbLine
 10
100.185837
 20
109.507029
 30
0.0
 11
101.385837
 21
109.507029
 31
0.0
  0
LINE
  5
831
330
1F
100
AcDbEntity
  8
0
 62
   252
370
    50
100
AcDbLine
 10
102.285837
 20
109.507029
 30
0.0
 11
103.485837
 21
109.507029
 31
0.0
  0
LINE
  5
832
330
1F
100
AcDbEntity
  8
0
100
AcDbLine
 10
98.059422
 20
82.224129
 30
0.0
 11
98.389422
 21
82.224129
 31
0.0
  0
LINE
  5
833
330
1F
100
AcDbEntity
  8
0
100
AcDbLine
 10
98.389422
 20
81.443763
 30
0.0
 11
98.059421
 21
81.443763
 31
0.0
  0
LWPOLYLINE
  5
834
330
1F
100
AcDbEntity
  8
0
100
AcDbPolyline
 90
        4
 70
     1
 43
0.0
 10
98.122316
 20
82.193763
 10
98.872316
 20
82.193763
 10
98.872316
 20
82.143763
 10
98.122316
 20
82.143763
  0
ARC
  5
835
330
1F
100
AcDbEntity
  8
0
100
AcDbCircle
 10
98.122316
 20
82.193763
 30
0.0
 40
0.75
100
AcDbArc
 50
270.0
 51
0.0
  0
LINE
  5
836
330
1F
100
AcDbEntity
  8
0
100
AcDbLine
 10
105.119422
 20
78.274129
 30
0.0
 11
105.09503
 21
78.274129
 31
0.0
  0
LINE
  5
837
330
1F
100
AcDbEntity
  8
0
100
AcDbLine
 10
105.09503
 20
78.274129
 30
0.0
 11
105.09503
 21
77.924129
 31
0.0
  0
LINE
  5
838
330
1F
100
AcDbEntity
  8
0
100
AcDbLine
 10
105.09503
 20
77.924129
 30
0.0
 11
105.119422
 21
77.924129
 31
0.0
  0
LWPOLYLINE
  5
839
330
1F
100
AcDbEntity
  8
Estanterias
100
AcDbPolyline
 90
        4
 70
     1
 43
0.0
 10
109.185837
 20
99.607028
 10
108.585837
 20
99.607028
 10
108.585837
 20
100.507028
 10
109.185837
 20
100.507028
  0
LWPOLYLINE
  5
83A
330
1F
100
AcDbEntity
  8
Estanterias
100
AcDbPolyline
 90
        4
 70
     1
 43
0.0
 10
109.185837
 20
98.707028
 10
108.585837
 20
98.707028
 10
108.585837
 20
99.607028
 10
109.185837
 20
99.607028
  0
LWPOLYLINE
  5
83B
330
1F
100
AcDbEntity
  8
Estanterias
100
AcDbPolyline
 90
        4
 70
     1
 43
0.0
 10
109.185837
 20
108.607028
 10
108.585837
 20
108.607028
 10
108.585837
 20
109.507028
 10
109.185837
 20
109.507028
  0
LWPOLYLINE
  5
83C
330
1F
100
AcDbEntity
  8
Estanterias
100
AcDbPolyline
 90
        4
 70
     1
 43
0.0
 10
109.185837
 20
107.707028
 10
108.585837
 20
107.707028
 10
108.585837
 20
108.607028
 10
109.185837
 20
108.607028
  0
LWPOLYLINE
  5
83D
330
1F
100
AcDbEntity
  8
Estanterias
100
AcDbPolyline
 90
        4
 70
     1
 43
0.0
 10
109.185837
 20
106.807028
 10
108.585837
 20
106.807028
 10
108.585837
 20
107.707028
 10
109.185837
 20
107.707028
  0
LWPOLYLINE
  5
83E
330
1F
100
AcDbEntity
  8
Estanterias
100
AcDbPolyline
 90
        4
 70
     1
 43
0.0
 10
109.185837
 20
105.907028
 10
108.585837
 20
105.907028
 10
108.585837
 20
106.807028
 10
109.185837
 20
106.807028
  0
LWPOLYLINE
  5
83F
330
1F
100
AcDbEntity
  8
Estanterias
100
AcDbPolyline
 90
        4
 70
     1
 43
0.0
 10
109.185837
 20
105.007028
 10
108.585837
 20
105.007028
 10
108.585837
 20
105.907028
 10
109.185837
 20
105.907028
  0
LWPOLYLINE
  5
840
330
1F
100
AcDbEntity
  8
Estanterias
100
AcDbPolyline
 90
        4
 70
     1
 43
0.0
 10
109.185837
 20
104.107028
 10
108.585837
 20
104.107028
 10
108.585837
 20
105.007028
 10
109.185837
 20
105.007028
  0
LWPOLYLINE
  5
841
330
1F
100
AcDbEntity
  8
Estanterias
100
AcDbPolyline
 90
        4
 70
     1
 43
0.0
 10
109.185837
 20
103.207028
 10
108.585837
 20
103.207028
 10
108.585837
 20
104.107028
 10
109.185837
 20
104.107028
  0
LWPOLYLINE
  5
842
330
1F
100
AcDbEntity
  8
Estanterias
100
AcDbPolyline
 90
        4
 70
     1
 43
0.0
 10
109.185837
 20
102.307028
 10
108.585837
 20
102.307028
 10
108.585837
 20
103.207028
 10
109.185837
 20
103.207028
  0
LWPOLYLINE
  5
843
330
1F
100
AcDbEntity
  8
Estanterias
100
AcDbPolyline
 90
        4
 70
     1
 43
0.0
 10
109.185837
 20
101.407028
 10
108.585837
 20
101.407028
 10
108.585837
 20
102.307028
 10
109.185837
 20
102.307028
  0
LWPOLYLINE
  5
844
330
1F
100
AcDbEntity
  8
Estanterias
100
AcDbPolyline
 90
        4
 70
     1
 43
0.0
 10
109.185837
 20
100.507028
 10
108.585837
 20
100.507028
 10
108.585837
 20
101.407028
 10
109.185837
 20
101.407028
  0
LINE
  5
845
330
1F
100
AcDbEntity
  8
0
 62
   252
370
    50
100
AcDbLine
 10
109.155837
 20
98.707028
 30
0.0
 11
109.155837
 21
109.507028
 31
0.0
  0
LWPOLYLINE
  5
846
330
1F
100
AcDbEntity
  8
Carpinteria
100
AcDbPolyline
 90
        4
 70
     1
 43
0.0
 10
92.746798
 20
85.354129
 10
92.746798
 20
84.504129
 10
92.796798
 20
84.504129
 10
92.796798
 20
85.354129
  0
LINE
  5
847
330
1F
100
AcDbEntity
  8
0
100
AcDbLine
 10
93.679422
 20
85.354129
 30
0.0
 11
93.596798
 21
85.354129
 31
0.0
  0
LINE
  5
848
330
1F
100
AcDbEntity
  8
0
100
AcDbLine
 10
93.596798
 20
85.354129
 30
0.0
 11
93.596798
 21
85.554129
 31
0.0
  0
LINE
  5
849
330
1F
100
AcDbEntity
  8
0
100
AcDbLine
 10
93.596798
 20
85.554129
 30
0.0
 11
93.679422
 21
85.554129
 31
0.0
  0
LINE
  5
84A
330
1F
100
AcDbEntity
  8
0
100
AcDbLine
 10
94.209422
 20
80.344129
 30
0.0
 11
94.209422
 21
80.944129
 31
0.0
  0
INSERT
  5
84B
330
1F
100
AcDbEntity
  8
MUEBLES
100
AcDbBlockReference
  2
A$C45C053B3
 10
94.879277
 20
80.807569
 30
0.0
 50
270.0
  0
LINE
  5
886
330
1F
100
AcDbEntity
  8
0
100
AcDbLine
 10
107.797197
 20
74.954129
 30
0.0
 11
107.797197
 21
76.744763
 31
0.0
  0
LINE
  5
887
330
1F
100
AcDbEntity
  8
0
100
AcDbLine
 10
107.797197
 20
77.494763
 30
0.0
 11
107.797197
 21
77.574129
 31
0.0
  0
LINE
  5
888
330
1F
100
AcDbEntity
  8
0
100
AcDbLine
 10
107.697197
 20
74.954129
 30
0.0
 11
107.697197
 21
76.744763
 31
0.0
  0
LINE
  5
889
330
1F
100
AcDbEntity
  8
0
100
AcDbLine
 10
107.697197
 20
77.494763
 30
0.0
 11
107.697197
 21
77.574129
 31
0.0
  0
LINE
  5
88A
330
1F
100
AcDbEntity
  8
0
100
AcDbLine
 10
107.671407
 20
77.494763
 30
0.0
 11
107.797197
 21
77.494763
 31
0.0
  0
LINE
  5
88B
330
1F
100
AcDbEntity
  8
0
100
AcDbLine
 10
107.671407
 20
76.744763
 30
0.0
 11
107.797197
 21
76.744763
 31
0.0
  0
LWPOLYLINE
  5
88C
330
1F
100
AcDbEntity
  8
0
100
AcDbPolyline
 90
        4
 70
     1
 43
0.0
 10
107.734302
 20
77.494763
 10
106.984302
 20
77.494763
 10
106.984302
 20
77.444763
 10
107.734302
 20
77.444763
  0
ARC
  5
88D
330
1F
100
AcDbEntity
  8
0
100
AcDbCircle
 10
107.734302
 20
77.494763
 30
0.0
 40
0.75
100
AcDbArc
 50
180.0
 51
270.0
  0
LINE
  5
88E
330
1F
100
AcDbEntity
  8
0
100
AcDbLine
 10
105.562812
 20
75.857727
 30
0.0
 11
105.562812
 21
75.257727
 31
0.0
  0
LINE
  5
88F
330
1F
100
AcDbEntity
  8
0
100
AcDbLine
 10
105.562812
 20
75.257727
 30
0.0
 11
106.262812
 21
75.257727
 31
0.0
  0
LINE
  5
890
330
1F
100
AcDbEntity
  8
0
100
AcDbLine
 10
106.262812
 20
75.257727
 30
0.0
 11
106.262812
 21
75.857727
 31
0.0
  0
LINE
  5
891
330
1F
100
AcDbEntity
  8
0
100
AcDbLine
 10
106.262812
 20
75.857727
 30
0.0
 11
105.562812
 21
75.857727
 31
0.0
  0
LINE
  5
892
330
1F
100
AcDbEntity
  8
0
100
AcDbLine
 10
105.562812
 20
77.072031
 30
0.0
 11
105.562812
 21
76.472031
 31
0.0
  0
LINE
  5
893
330
1F
100
AcDbEntity
  8
0
100
AcDbLine
 10
105.562812
 20
76.472031
 30
0.0
 11
106.262812
 21
76.472031
 31
0.0
  0
LINE
  5
894
330
1F
100
AcDbEntity
  8
0
100
AcDbLine
 10
106.262812
 20
76.472031
 30
0.0
 11
106.262812
 21
77.072031
 31
0.0
  0
LINE
  5
895
330
1F
100
AcDbEntity
  8
0
100
AcDbLine
 10
106.262812
 20
77.072031
 30
0.0
 11
105.562812
 21
77.072031
 31
0.0
  0
INSERT
  5
896
330
1F
100
AcDbEntity
  8
0
100
AcDbBlockReference
  2
A$C2D604A41
 10
98.670491
 20
104.470839
 30
0.0
  0
INSERT
  5
8AA
330
1F
100
AcDbEntity
  8
0
100
AcDbBlockReference
  2
A$C2D604A41
 10
98.670491
 20
106.870839
 30
0.0
  0
INSERT
  5
8AB
330
1F
100
AcDbEntity
  8
0
100
AcDbBlockReference
  2
A$C2D604A41
 10
94.670491
 20
104.470839
 30
0.0
  0
INSERT
  5
8AC
330
1F
100
AcDbEntity
  8
0
100
AcDbBlockReference
  2
A$C2D604A41
 10
94.670491
 20
106.870839
 30
0.0
  0
INSERT
  5
8AD
330
1F
100
AcDbEntity
  8
0
100
AcDbBlockReference
  2
A$C2D604A41
 10
93.370491
 20
104.470839
 30
0.0
  0
INSERT
  5
8AE
330
1F
100
AcDbEntity
  8
0
100
AcDbBlockReference
  2
A$C2D604A41
 10
93.370491
 20
106.870839
 30
0.0
  0
INSERT
  5
8AF
330
1F
100
AcDbEntity
  8
0
100
AcDbBlockReference
  2
A$C2D604A41
 10
89.370491
 20
104.470839
 30
0.0
  0
INSERT
  5
8B0
330
1F
100
AcDbEntity
  8
0
100
AcDbBlockReference
  2
A$C2D604A41
 10
89.370491
 20
106.870839
 30
0.0
  0
LINE
  5
8B1
102
{ACAD_REACTORS
330
42A
102
}
330
1F
100
AcDbEntity
  8
MUEBLES
100
AcDbLine
 10
105.239422
 20
86.614129
 30
0.0
 11
109.054422
 21
86.614129
 31
0.0
  0
INSERT
  5
8B2
330
1F
100
AcDbEntity
  8
0
100
AcDbBlockReference
  2
A$C06FD0996
 10
88.270491
 20
97.670839
 30
0.0
  0
INSERT
  5
8CB
330
1F
100
AcDbEntity
  8
0
100
AcDbBlockReference
  2
A$C06FD0996
 10
88.270491
 20
101.070839
 30
0.0
  0
INSERT
  5
8CC
330
1F
100
AcDbEntity
  8
0
100
AcDbBlockReference
  2
A$C06FD0996
 10
92.270491
 20
97.670839
 30
0.0
  0
INSERT
  5
8CD
330
1F
100
AcDbEntity
  8
0
100
AcDbBlockReference
  2
A$C06FD0996
 10
92.270491
 20
101.070839
 30
0.0
  0
INSERT
  5
8CE
330
1F
100
AcDbEntity
  8
0
100
AcDbBlockReference
  2
A$C06FD0996
 10
93.570491
 20
97.670839
 30
0.0
  0
INSERT
  5
8CF
330
1F
100
AcDbEntity
  8
0
100
AcDbBlockReference
  2
A$C06FD0996
 10
93.570491
 20
101.070839
 30
0.0
  0
INSERT
  5
8D0
330
1F
100
AcDbEntity
  8
0
100
AcDbBlockReference
  2
A$C06FD0996
 10
97.570491
 20
97.670839
 30
0.0
  0
INSERT
  5
8D1
330
1F
100
AcDbEntity
  8
0
100
AcDbBlockReference
  2
A$C06FD0996
 10
97.570491
 20
101.070839
 30
0.0
  0
CIRCLE
  5
8D2
330
1F
100
AcDbEntity
  8
MUEBLES
100
AcDbCircle
 10
97.745359
 20
80.701591
 30
0.0
 40
0.2935464115223567
  0
CIRCLE
  5
8D3
330
1F
100
AcDbEntity
  8
MUEBLES
100
AcDbCircle
 10
97.800155
 20
80.582426
 30
0.0
 40
0.0809367921146986
  0
LINE
  5
8D4
330
1F
100
AcDbEntity
  8
MUEBLES
100
AcDbLine
 10
96.509422
 20
80.944129
 30
0.0
 11
96.509422
 21
80.344129
 31
0.0
  0
INSERT
  5
8D5
330
1F
100
AcDbEntity
  8
MUEBLES
100
AcDbBlockReference
  2
Range-Oven - 30 in top
 10
96.57895
 20
80.344129
 30
0.0
 41
-0.026474
 42
0.026474
 43
0.026474
 50
180.0
  0
LINE
  5
8F6
330
1F
100
AcDbEntity
  8
0
100
AcDbLine
 10
101.239422
 20
71.324129
 30
0.0
 11
101.239422
 21
70.874129
 31
0.0
  0
LINE
  5
8F7
330
1F
100
AcDbEntity
  8
0
100
AcDbLine
 10
100.939422
 20
71.324129
 30
0.0
 11
100.939422
 21
70.874129
 31
0.0
  0
LWPOLYLINE
  5
8F8
330
1F
100
AcDbEntity
  8
Carpinteria
100
AcDbPolyline
 90
        4
 70
     1
 43
0.0
 10
101.239422
 20
71.374129
 10
99.789422
 20
71.374129
 10
99.789422
 20
71.324129
 10
101.239422
 20
71.324129
  0
LINE
  5
8F9
330
1F
100
AcDbEntity
  8
0
100
AcDbLine
 10
101.239422
 20
74.206972
 30
0.0
 11
100.939422
 21
74.206972
 31
0.0
  0
LWPOLYLINE
  5
8FA
330
1F
100
AcDbEntity
  8
Carpinteria
100
AcDbPolyline
 90
        4
 70
     1
 43
0.0
 10
101.239422
 20
74.206972
 10
99.789422
 20
74.206972
 10
99.789422
 20
74.156972
 10
101.239422
 20
74.156972
  0
LINE
  5
8FB
330
1F
100
AcDbEntity
  8
0
100
AcDbLine
 10
100.939422
 20
70.874129
 30
0.0
 11
101.239422
 21
70.874129
 31
0.0
  0
LINE
  5
8FC
330
1F
100
AcDbEntity
  8
0
100
AcDbLine
 10
100.939422
 20
71.324129
 30
0.0
 11
101.239422
 21
71.324129
 31
0.0
  0
LINE
  5
8FD
330
1F
100
AcDbEntity
  8
0
100
AcDbLine
 10
100.939422
 20
68.024129
 30
0.0
 11
101.239422
 21
68.024129
 31
0.0
  0
INSERT
  5
8FE
330
1F
100
AcDbEntity
  8
0
100
AcDbBlockReference
  2
A$C2D604A41
 10
94.670491
 20
95.270839
 30
0.0
  0
INSERT
  5
8FF
330
1F
100
AcDbEntity
  8
0
100
AcDbBlockReference
  2
A$C2D604A41
 10
93.370491
 20
95.270839
 30
0.0
  0
INSERT
  5
900
330
1F
100
AcDbEntity
  8
MUEBLES
100
AcDbBlockReference
  2
A$C5AA56A8C
 10
106.671054
 20
92.293296
 30
0.0
  0
INSERT
  5
901
330
1F
100
AcDbEntity
  8
MUEBLES
100
AcDbBlockReference
  2
A$C5AA56A8C
 10
108.274422
 20
92.947575
 30
0.0
  0
LWPOLYLINE
  5
902
330
1F
100
AcDbEntity
  8
MUEBLES
100
AcDbPolyline
 90
        4
 70
     1
 43
0.0
 10
109.284422
 20
94.451054
 10
108.379471
 20
94.451054
 10
108.379471
 20
95.282943
 10
109.284422
 20
95.282943
  0
LWPOLYLINE
  5
903
330
1F
100
AcDbEntity
  8
Estanterias
100
AcDbPolyline
 90
        4
 70
     1
 43
0.0
 10
106.236531
 20
97.041949
 10
106.236531
 20
97.641949
 10
107.136531
 20
97.641949
 10
107.136531
 20
97.041949
  0
LWPOLYLINE
  5
904
330
1F
100
AcDbEntity
  8
Estanterias
100
AcDbPolyline
 90
        4
 70
     1
 43
0.0
 10
105.336531
 20
97.041949
 10
105.336531
 20
97.641949
 10
106.236531
 20
97.641949
 10
106.236531
 20
97.041949
  0
LWPOLYLINE
  5
905
330
1F
100
AcDbEntity
  8
Estanterias
100
AcDbPolyline
 90
        4
 70
     1
 43
0.0
 10
107.136531
 20
97.041949
 10
107.136531
 20
97.641949
 10
108.036531
 20
97.641949
 10
108.036531
 20
97.041949
  0
LWPOLYLINE
  5
906
330
1F
100
AcDbEntity
  8
Estanterias
100
AcDbPolyline
 90
        4
 70
     1
 43
0.0
 10
108.036531
 20
97.041949
 10
108.036531
 20
97.641949
 10
108.936531
 20
97.641949
 10
108.936531
 20
97.041949
  0
LWPOLYLINE
  5
907
330
1F
100
AcDbEntity
  8
Estanterias
100
AcDbPolyline
 90
        4
 70
     1
 43
0.0
 10
106.236531
 20
96.441949
 10
106.236531
 20
97.041949
 10
107.136531
 20
97.041949
 10
107.136531
 20
96.441949
  0
LWPOLYLINE
  5
908
330
1F
100
AcDbEntity
  8
Estanterias
100
AcDbPolyline
 90
        4
 70
     1
 43
0.0
 10
105.336531
 20
96.441949
 10
105.336531
 20
97.041949
 10
106.236531
 20
97.041949
 10
106.236531
 20
96.441949
  0
LWPOLYLINE
  5
909
330
1F
100
AcDbEntity
  8
Estanterias
100
AcDbPolyline
 90
        4
 70
     1
 43
0.0
 10
107.136531
 20
96.441949
 10
107.136531
 20
97.041949
 10
108.036531
 20
97.041949
 10
108.036531
 20
96.441949
  0
LWPOLYLINE
  5
90A
330
1F
100
AcDbEntity
  8
Estanterias
100
AcDbPolyline
 90
        4
 70
     1
 43
0.0
 10
108.036531
 20
96.441949
 10
108.036531
 20
97.041949
 10
108.936531
 20
97.041949
 10
108.936531
 20
96.441949
  0
LWPOLYLINE
  5
90B
330
1F
100
AcDbEntity
  8
Estanterias
100
AcDbPolyline
 90
        4
 70
     1
 43
0.0
 10
108.659422
 20
73.406972
 10
109.259422
 20
73.406972
 10
109.259422
 20
72.506972
 10
108.659422
 20
72.506972
  0
LWPOLYLINE
  5
90C
330
1F
100
AcDbEntity
  8
Estanterias
100
AcDbPolyline
 90
        4
 70
     1
 43
0.0
 10
108.659422
 20
74.306972
 10
109.259422
 20
74.306972
 10
109.259422
 20
73.406972
 10
108.659422
 20
73.406972
  0
LWPOLYLINE
  5
90D
330
1F
100
AcDbEntity
  8
Estanterias
100
AcDbPolyline
 90
        4
 70
     1
 43
0.0
 10
106.711922
 20
74.024129
 10
106.711922
 20
74.624129
 10
107.611922
 20
74.624129
 10
107.611922
 20
74.024129
  0
LWPOLYLINE
  5
90E
330
1F
100
AcDbEntity
  8
Estanterias
100
AcDbPolyline
 90
        4
 70
     1
 43
0.0
 10
105.811922
 20
74.024129
 10
105.811922
 20
74.624129
 10
106.711922
 20
74.624129
 10
106.711922
 20
74.024129
  0
LWPOLYLINE
  5
90F
330
1F
100
AcDbEntity
  8
MUEBLES
100
AcDbPolyline
 90
        4
 70
     1
 43
0.0
 10
102.157915
 20
74.624129
 10
103.613612
 20
74.624129
 10
103.613612
 20
74.289208
 10
102.157915
 20
74.289208
  0
LINE
  5
910
330
1F
100
AcDbEntity
  8
0
100
AcDbLine
 10
104.259422
 20
74.624129
 30
0.0
 11
101.539422
 21
74.624129
 31
0.0
  0
LWPOLYLINE
  5
911
330
1F
100
AcDbEntity
  8
MUEBLES
100
AcDbPolyline
 90
        4
 70
     1
 43
0.0
 10
102.281768
 20
73.884155
 10
102.281768
 20
72.428458
 10
101.539422
 20
72.428458
 10
101.539422
 20
73.884155
  0
LWPOLYLINE
  5
912
330
1F
100
AcDbEntity
  8
Carpinteria
100
AcDbPolyline
 90
        2
 70
     0
 43
0.0
 10
100.643683
 20
73.981343
 10
100.278373
 20
73.981343
  0
LWPOLYLINE
  5
913
330
1F
100
AcDbEntity
  8
MUEBLES
100
AcDbPolyline
 90
        4
 70
     1
 43
0.0
 10
108.659422
 20
67.528343
 10
109.259422
 20
67.528343
 10
109.259422
 20
66.928343
 10
108.659422
 20
66.928343
  0
INSERT
  5
914
330
1F
100
AcDbEntity
  8
MUEBLES
100
AcDbBlockReference
  2
Mesa de Reuniones
 10
107.40035
 20
62.534355
 30
0.0
  0
INSERT
  5
943
330
1F
100
AcDbEntity
  8
MUEBLES
100
AcDbBlockReference
  2
Silla_1
 10
96.975584
 20
85.012937
 30
0.0
 50
90.0
  0
LWPOLYLINE
  5
952
330
1F
100
AcDbEntity
  8
MUEBLES
100
AcDbPolyline
 90
        8
 70
     1
 43
0.0
 10
96.824208
 20
84.48865
 10
97.124208
 20
84.48865
 42
-0.414214
 10
97.374208
 20
84.23865
 10
97.374208
 20
83.23865
 42
-0.414214
 10
97.124208
 20
82.98865
 10
96.824208
 20
82.98865
 42
-0.414214
 10
96.574208
 20
83.23865
 10
96.574208
 20
84.23865
 42
-0.414214
  0
INSERT
  5
953
330
1F
100
AcDbEntity
  8
MUEBLES
100
AcDbBlockReference
  2
Silla_1
 10
96.975584
 20
82.464363
 30
0.0
 41
-1.0
 50
90.0
  0
INSERT
  5
954
330
1F
100
AcDbEntity
  8
MUEBLES
100
AcDbBlockReference
  2
Silla_1
 10
96.034129
 20
84.089799
 30
0.0
 41
-1.0
  0
INSERT
  5
955
330
1F
100
AcDbEntity
  8
MUEBLES
100
AcDbBlockReference
  2
Silla_1
 10
97.92241
 20
84.089799
 30
0.0
  0
INSERT
  5
956
330
1F
100
AcDbEntity
  8
MUEBLES
100
AcDbBlockReference
  2
Silla_1
 10
96.034129
 20
83.425294
 30
0.0
 50
180.0
  0
INSERT
  5
957
330
1F
100
AcDbEntity
  8
MUEBLES
100
AcDbBlockReference
  2
Silla_1
 10
97.92241
 20
83.425294
 30
0.0
 41
-1.0
 50
180.0
  0
LWPOLYLINE
  5
958
330
1F
100
AcDbEntity
  8
MUEBLES
100
AcDbPolyline
 90
        4
 70
     1
 43
0.0
 10
95.429422
 20
83.234129
 10
95.088005
 20
83.234129
 10
95.088005
 20
84.260542
 10
95.429422
 20
84.260542
  0
LWPOLYLINE
  5
959
330
1F
100
AcDbEntity
  8
0
100
AcDbPolyline
 90
        6
 70
     0
 43
0.0
 10
95.579422
 20
85.254129
 10
95.579422
 20
83.064129
 10
95.088005
 20
83.064129
 10
95.088005
 20
83.234129
 10
95.429422
 20
83.234129
 10
95.429422
 20
85.254129
  0
LWPOLYLINE
  5
95A
330
1F
100
AcDbEntity
  8
Estanterias
100
AcDbPolyline
 90
        4
 70
     1
 43
0.0
 10
104.063363
 20
92.254129
 10
103.463363
 20
92.254129
 10
103.463363
 20
93.154129
 10
104.063363
 20
93.154129
  0
LWPOLYLINE
  5
95B
330
1F
100
AcDbEntity
  8
Estanterias
100
AcDbPolyline
 90
        4
 70
     1
 43
0.0
 10
104.063363
 20
93.154129
 10
103.463363
 20
93.154129
 10
103.463363
 20
94.054129
 10
104.063363
 20
94.054129
  0
LWPOLYLINE
  5
95C
330
1F
100
AcDbEntity
  8
MUEBLES
100
AcDbPolyline
 90
        4
 70
     1
 43
0.0
 10
101.304422
 20
91.665698
 10
100.704422
 20
91.665698
 10
100.704422
 20
92.265698
 10
101.304422
 20
92.265698
  0
LWPOLYLINE
  5
95D
330
1F
100
AcDbEntity
  8
MUEBLES
100
AcDbPolyline
 90
        4
 70
     1
 43
0.0
 10
102.488854
 20
92.254129
 10
101.888854
 20
92.254129
 10
101.888854
 20
92.854129
 10
102.488854
 20
92.854129
  0
INSERT
  5
95E
330
1F
100
AcDbEntity
  8
MUEBLES
100
AcDbBlockReference
  2
A$C72337FE4
 10
97.45828
 20
88.31113
 30
0.0
 50
270.0
  0
INSERT
  5
95F
330
1F
100
AcDbEntity
  8
MUEBLES
100
AcDbBlockReference
  2
A$C72337FE4
 10
97.45828
 20
89.66813
 30
0.0
 50
270.0
  0
LWPOLYLINE
  5
960
330
1F
100
AcDbEntity
  8
MUEBLES
100
AcDbPolyline
 90
        4
 70
     1
 43
0.0
 10
96.364422
 20
92.254129
 10
98.164422
 20
92.254129
 10
98.164422
 20
91.554129
 10
96.364422
 20
91.554129
  0
LWPOLYLINE
  5
961
330
1F
100
AcDbEntity
  8
MUEBLES
100
AcDbPolyline
 90
        4
 70
     1
 43
0.0
 10
98.164422
 20
90.454129
 10
98.164422
 20
92.254129
 10
98.864422
 20
92.254129
 10
98.864422
 20
90.454129
  0
INSERT
  5
962
330
1F
100
AcDbEntity
  8
MUEBLES
100
AcDbBlockReference
  2
A$C5AA56A8C
 10
96.310436
 20
87.354129
 30
0.0
 50
90.0
  0
INSERT
  5
963
330
1F
100
AcDbEntity
  8
MUEBLES
100
AcDbBlockReference
  2
A$C5AA56A8C
 10
95.110436
 20
87.354129
 30
0.0
 50
90.0
  0
INSERT
  5
964
330
1F
100
AcDbEntity
  8
MUEBLES
100
AcDbBlockReference
  2
A$C5AA56A8C
 10
96.310436
 20
88.354129
 30
0.0
 50
90.0
  0
INSERT
  5
965
330
1F
100
AcDbEntity
  8
MUEBLES
100
AcDbBlockReference
  2
A$C5AA56A8C
 10
95.110436
 20
88.354129
 30
0.0
 50
90.0
  0
INSERT
  5
966
330
1F
100
AcDbEntity
  8
MUEBLES
100
AcDbBlockReference
  2
A$C5AA56A8C
 10
96.310436
 20
89.354129
 30
0.0
 50
90.0
  0
INSERT
  5
967
330
1F
100
AcDbEntity
  8
MUEBLES
100
AcDbBlockReference
  2
A$C5AA56A8C
 10
95.110436
 20
89.354129
 30
0.0
 50
90.0
  0
LINE
  5
968
330
1F
100
AcDbEntity
  8
MUEBLES
100
AcDbLine
 10
98.046607
 20
90.953261
 30
0.0
 11
98.046607
 21
90.554961
 31
0.0
  0
LINE
  5
969
330
1F
100
AcDbEntity
  8
MUEBLES
100
AcDbLine
 10
97.996607
 20
90.504961
 30
0.0
 11
97.599207
 21
90.504961
 31
0.0
  0
LINE
  5
96A
330
1F
100
AcDbEntity
  8
MUEBLES
100
AcDbLine
 10
97.549207
 20
90.554961
 30
0.0
 11
97.549207
 21
90.953261
 31
0.0
  0
LINE
  5
96B
330
1F
100
AcDbEntity
  8
MUEBLES
100
AcDbLine
 10
97.599207
 20
91.003261
 30
0.0
 11
97.996607
 21
91.003261
 31
0.0
  0
ARC
  5
96C
330
1F
100
AcDbEntity
  8
MUEBLES
100
AcDbCircle
 10
97.599207
 20
90.554961
 30
0.0
 40
0.05
100
AcDbArc
 50
180.0
 51
270.0
  0
ARC
  5
96D
330
1F
100
AcDbEntity
  8
MUEBLES
100
AcDbCircle
 10
97.599207
 20
90.953261
 30
0.0
 40
0.05
100
AcDbArc
 50
90.0
 51
180.0
  0
ARC
  5
96E
330
1F
100
AcDbEntity
  8
MUEBLES
100
AcDbCircle
 10
97.996607
 20
90.953261
 30
0.0
 40
0.05
100
AcDbArc
 50
0.0
 51
90.0
  0
ARC
  5
96F
330
1F
100
AcDbEntity
  8
MUEBLES
100
AcDbCircle
 10
97.996607
 20
90.554961
 30
0.0
 40
0.05
100
AcDbArc
 50
270.0
 51
0.0
  0
LWPOLYLINE
  5
970
330
1F
100
AcDbEntity
  8
MUEBLES
100
AcDbPolyline
 90
        4
 70
     1
 43
0.0
 10
97.494307
 20
90.613661
 10
97.494307
 20
90.893861
 10
97.537007
 20
90.893861
 10
97.537007
 20
90.613661
  0
LWPOLYLINE
  5
971
330
1F
100
AcDbEntity
  8
MUEBLES
100
AcDbPolyline
 90
        4
 70
     1
 43
0.0
 10
97.662407
 20
90.525661
 10
97.662407
 20
90.544361
 10
97.969207
 20
90.544361
 10
97.969207
 20
90.525661
  0
LWPOLYLINE
  5
972
330
1F
100
AcDbEntity
  8
MUEBLES
100
AcDbPolyline
 90
        4
 70
     1
 43
0.0
 10
97.659707
 20
90.971261
 10
97.659707
 20
90.992561
 10
97.969207
 20
90.992561
 10
97.969207
 20
90.971261
  0
LINE
  5
973
330
1F
100
AcDbEntity
  8
MUEBLES
100
AcDbLine
 10
96.663719
 20
91.438978
 30
0.0
 11
97.062019
 21
91.438978
 31
0.0
  0
LINE
  5
974
330
1F
100
AcDbEntity
  8
MUEBLES
100
AcDbLine
 10
97.112019
 20
91.388978
 30
0.0
 11
97.112019
 21
90.991578
 31
0.0
  0
LINE
  5
975
330
1F
100
AcDbEntity
  8
MUEBLES
100
AcDbLine
 10
97.062019
 20
90.941578
 30
0.0
 11
96.663719
 21
90.941578
 31
0.0
  0
LINE
  5
976
330
1F
100
AcDbEntity
  8
MUEBLES
100
AcDbLine
 10
96.613719
 20
90.991578
 30
0.0
 11
96.613719
 21
91.388978
 31
0.0
  0
ARC
  5
977
330
1F
100
AcDbEntity
  8
MUEBLES
100
AcDbCircle
 10
97.062019
 20
90.991578
 30
0.0
 40
0.05
100
AcDbArc
 50
270.0
 51
0.0
  0
ARC
  5
978
330
1F
100
AcDbEntity
  8
MUEBLES
100
AcDbCircle
 10
96.663719
 20
90.991578
 30
0.0
 40
0.05
100
AcDbArc
 50
180.0
 51
270.0
  0
ARC
  5
979
330
1F
100
AcDbEntity
  8
MUEBLES
100
AcDbCircle
 10
96.663719
 20
91.388978
 30
0.0
 40
0.05
100
AcDbArc
 50
90.0
 51
180.0
  0
ARC
  5
97A
330
1F
100
AcDbEntity
  8
MUEBLES
100
AcDbCircle
 10
97.062019
 20
91.388978
 30
0.0
 40
0.05
100
AcDbArc
 50
0.0
 51
90.0
  0
LWPOLYLINE
  5
97B
330
1F
100
AcDbEntity
  8
MUEBLES
100
AcDbPolyline
 90
        4
 70
     1
 43
0.0
 10
97.003319
 20
90.886678
 10
96.723119
 20
90.886678
 10
96.723119
 20
90.929378
 10
97.003319
 20
90.929378
  0
LWPOLYLINE
  5
97C
330
1F
100
AcDbEntity
  8
MUEBLES
100
AcDbPolyline
 90
        4
 70
     1
 43
0.0
 10
97.091319
 20
91.054778
 10
97.072619
 20
91.054778
 10
97.072619
 20
91.361578
 10
97.091319
 20
91.361578
  0
LWPOLYLINE
  5
97D
330
1F
100
AcDbEntity
  8
MUEBLES
100
AcDbPolyline
 90
        4
 70
     1
 43
0.0
 10
96.645719
 20
91.052078
 10
96.624419
 20
91.052078
 10
96.624419
 20
91.361578
 10
96.645719
 20
91.361578
  0
INSERT
  5
97E
330
1F
100
AcDbEntity
  8
0
100
AcDbBlockReference
  2
A$C06FD0996
 10
88.270491
 20
94.270839
 30
0.0
  0
INSERT
  5
97F
330
1F
100
AcDbEntity
  8
0
100
AcDbBlockReference
  2
A$C06FD0996
 10
88.270491
 20
90.870839
 30
0.0
  0
LWPOLYLINE
  5
980
330
1F
100
AcDbEntity
  8
0
  6
HIDDEN2
 62
     2
100
AcDbPolyline
 90
        4
 70
     1
 43
0.0
 10
87.824404
 20
90.197387
 10
89.673476
 20
90.197387
 10
89.695027
 20
88.097386
 10
87.845955
 20
88.097386
  0
INSERT
  5
981
330
1F
100
AcDbEntity
  8
MUEBLES
100
AcDbBlockReference
  2
A$C72337FE4
 10
102.939422
 20
67.080295
 30
0.0
 50
180.0
  0
LWPOLYLINE
  5
982
330
1F
100
AcDbEntity
  8
0
  6
HIDDEN2
 62
     2
100
AcDbPolyline
 90
        4
 70
     1
 43
0.0
 10
98.864422
 20
85.554129
 10
93.910436
 20
85.554129
 10
93.910436
 20
92.254129
 10
98.864422
 20
92.254129
  0
LWPOLYLINE
  5
983
330
1F
100
AcDbEntity
  8
0
  6
HIDDEN2
 62
     2
100
AcDbPolyline
 90
        4
 70
     1
 43
0.0
 10
106.295321
 20
92.254129
 10
101.304422
 20
92.254129
 10
101.304422
 20
95.390896
 10
106.295321
 20
95.390896
  0
INSERT
  5
984
330
1F
100
AcDbEntity
  8
MUEBLES
100
AcDbBlockReference
  2
A$C72337FE4
 10
100.24828
 20
93.65413
 30
0.0
 50
270.0
  0
LWPOLYLINE
  5
985
330
1F
100
AcDbEntity
  8
Estanterias
100
AcDbPolyline
 90
        4
 70
     1
 43
0.0
 10
96.304737
 20
86.454129
 10
95.704737
 20
86.454129
 10
95.704737
 20
87.354129
 10
96.304737
 20
87.354129
  0
LWPOLYLINE
  5
986
330
1F
100
AcDbEntity
  8
MUEBLES
100
AcDbPolyline
 90
        4
 70
     1
 43
0.0
 10
109.139936
 20
71.546419
 10
108.539936
 20
71.546419
 10
108.539936
 20
72.146419
 10
109.139936
 20
72.146419
  0
LINE
  5
987
330
1F
100
AcDbEntity
  8
0
100
AcDbLine
 10
109.259422
 20
60.474129
 30
0.0
 11
109.259422
 21
74.624129
 31
0.0
  0
LWPOLYLINE
  5
988
330
1F
100
AcDbEntity
  8
MUEBLES
100
AcDbPolyline
 90
        4
 70
     1
 43
0.0
 10
101.662348
 20
70.531517
 10
102.662348
 20
70.531517
 10
102.662348
 20
71.531517
 10
101.662348
 20
71.531517
  0
LWPOLYLINE
  5
989
330
1F
100
AcDbEntity
  8
MUEBLES
100
AcDbPolyline
 90
        2
 70
     0
 43
0.0
 10
102.162348
 20
70.531517
 10
102.162348
 20
71.531517
  0
LWPOLYLINE
  5
98A
330
1F
100
AcDbEntity
  8
MUEBLES
100
AcDbPolyline
 90
        2
 70
     0
 43
0.0
 10
101.662348
 20
71.031517
 10
102.662348
 20
71.031517
  0
VIEWPORT
  5
20F
330
D6
100
AcDbEntity
 67
     1
  8
0
 48
100.0
100
AcDbViewport
 10
0.0
 20
0.0
 30
0.0
 40
466.965848
 41
238.196088
 68
     1
 69
     1
 12
128.5
 22
97.5
 13
0.0
 23
0.0
 14
10.0
 24
10.0
 15
10.0
 25
10.0
 16
0.0
 26
0.0
 36
1.0
 17
0.0
 27
0.0
 37
0.0
 42
50.0
 43
0.0
 44
0.0
 45
238.196088
 50
0.0
 51
0.0
 72
   100
 90
   557168
  1

281
     0
 71
     1
 74
     0
110
0.0
120
0.0
130
0.0
111
1.0
121
0.0
131
0.0
112
0.0
122
1.0
132
0.0
 79
     0
146
0.0
170
     0
 61
     5
348
F5
292
     1
282
     1
141
0.0
142
0.0
 63
   256
  0
ENDSEC
  0
SECTION
  2
OBJECTS
  0
DICTIONARY
  5
C
330
0
100
AcDbDictionary
281
     1
  3
ACAD_COLOR
350
6B
  3
ACAD_DETAILVIEWSTYLE
350
991
  3
ACAD_GROUP
350
D
  3
ACAD_IMAGE_DICT
350
351
  3
ACAD_LAYOUT
350
1A
  3
ACAD_MATERIAL
350
6A
  3
ACAD_MLEADERSTYLE
350
12D
  3
ACAD_MLINESTYLE
350
17
  3
ACAD_PLOTSETTINGS
350
19
  3
ACAD_PLOTSTYLENAME
350
E
  3
ACAD_SCALELIST
350
10C
  3
ACAD_SECTIONVIEWSTYLE
350
992
  3
ACAD_TABLESTYLE
350
7E
  3
ACAD_VISUALSTYLE
350
EF
  3
ACDB_RECOMPOSE_DATA
350
990
  3
AcDbVariableDictionary
350
5E
  3
MCS_STREAM_DICT
350
34E
  0
SUN
  5
364
330
EA
100
AcDbSun
 90
        1
290
     0
 63
     7
421
 16777215
 40
1.0
291
     1
 91
  2455826
 92
 54000000
292
     0
 70
     2
 71
   256
280
     1
  0
DICTIONARY
  5
98B
330
2
100
AcDbDictionary
280
     1
281
     1
  3
ACAD_LAYERSTATES
360
98C
  0
DICTIONARY
  5
234
330
1F
100
AcDbDictionary
280
     1
281
     1
  3
ACAD_SORTENTS
360
235
  0
DICTIONARY
  5
475
330
474
100
AcDbDictionary
280
     1
281
     1
  3
ACAD_SORTENTS
360
476
  0
DICTIONARY
  5
49F
330
49E
100
AcDbDictionary
280
     1
281
     1
  3
ACAD_SORTENTS
360
4A0
  0
DICTIONARY
  5
4AB
330
4AA
100
AcDbDictionary
280
     1
281
     1
  3
ACAD_SORTENTS
360
4AC
  0
DICTIONARY
  5
53D
330
53C
100
AcDbDictionary
280
     1
281
     1
  3
ACAD_SORTENTS
360
53E
  0
DICTIONARY
  5
546
330
545
100
AcDbDictionary
280
     1
281
     1
  3
ACAD_SORTENTS
360
547
  3
AcDbBlockTableRecordData
360
548
  0
DICTIONARY
  5
59B
330
59A
100
AcDbDictionary
280
     1
281
     1
  3
ACAD_SORTENTS
360
59C
  0
DICTIONARY
  5
5EB
330
5EA
100
AcDbDictionary
280
     1
281
     1
  3
ACAD_SORTENTS
360
5EC
  0
DICTIONARY
  5
63B
330
63A
100
AcDbDictionary
280
     1
281
     1
  3
ACAD_SORTENTS
360
63C
  0
DICTIONARY
  5
6DD
330
6DC
100
AcDbDictionary
280
     1
281
     1
  3
ACAD_SORTENTS
360
6DE
  0
DICTIONARY
  5
68D
330
68C
100
AcDbDictionary
280
     1
281
     1
  3
ACAD_ENHANCEDBLOCK
360
68E
  3
ACAD_SORTENTS
360
68F
  3
AcDbDynamicBlockRoundTripPurgePreventer
360
690
  0
DICTIONARY
  5
7DB
330
7DA
100
AcDbDictionary
280
     1
281
     1
  3
ACAD_SORTENTS
360
7DC
  0
DICTIONARY
  5
84D
330
84C
100
AcDbDictionary
280
     1
281
     1
  3
ACAD_SORTENTS
360
84E
  0
DICTIONARY
  5
898
330
897
100
AcDbDictionary
280
     1
281
     1
  3
ACAD_SORTENTS
360
899
  0
DICTIONARY
  5
8B4
330
8B3
100
AcDbDictionary
280
     1
281
     1
  3
ACAD_SORTENTS
360
8B5
  0
DICTIONARY
  5
916
330
915
100
AcDbDictionary
280
     1
281
     1
  3
ACAD_SORTENTS
360
917
  0
DICTIONARY
  5
53B
330
53A
100
AcDbDictionary
280
     1
281
     1
  0
DICTIONARY
  5
599
330
598
100
AcDbDictionary
280
     1
281
     1
  0
DICTIONARY
  5
5E9
330
5E8
100
AcDbDictionary
280
     1
281
     1
  0
DICTIONARY
  5
639
330
638
100
AcDbDictionary
280
     1
281
     1
  0
DICTIONARY
  5
689
330
688
100
AcDbDictionary
280
     1
281
     1
  3
AcDbBlockRepresentation
360
68A
  0
DICTIONARY
  5
749
330
748
100
AcDbDictionary
280
     1
281
     1
  0
DICTIONARY
  5
766
330
765
100
AcDbDictionary
280
     1
281
     1
  0
DICTIONARY
  5
768
330
767
100
AcDbDictionary
280
     1
281
     1
  0
DICTIONARY
  5
76A
330
769
100
AcDbDictionary
280
     1
281
     1
  0
DICTIONARY
  5
76C
330
76B
100
AcDbDictionary
280
     1
281
     1
  0
DICTIONARY
  5
76E
330
76D
100
AcDbDictionary
280
     1
281
     1
  0
DICTIONARY
  5
770
330
76F
100
AcDbDictionary
280
     1
281
     1
  0
DICTIONARY
  5
772
330
771
100
AcDbDictionary
280
     1
281
     1
  0
DICTIONARY
  5
6B
102
{ACAD_REACTORS
330
C
102
}
330
C
100
AcDbDictionary
281
     1
  0
DICTIONARY
  5
991
102
{ACAD_REACTORS
330
C
102
}
330
C
100
AcDbDictionary
281
     1
  0
DICTIONARY
  5
D
102
{ACAD_REACTORS
330
C
102
}
330
C
100
AcDbDictionary
281
     1
  0
DICTIONARY
  5
351
102
{ACAD_REACTORS
330
C
102
}
330
C
100
AcDbDictionary
281
     1
  0
DICTIONARY
  5
1A
102
{ACAD_REACTORS
330
C
102
}
330
C
100
AcDbDictionary
281
     1
  3
A0
350
225
  3
A1
350
220
  3
A2
350
21B
  3
A3
350
216
  3
A4
350
211
  3
Layout1
350
D3
  3
Layout2
350
D7
  3
Model
350
22
  0
DICTIONARY
  5
6A
102
{ACAD_REACTORS
330
C
102
}
330
C
100
AcDbDictionary
281
     1
  3
ByBlock
350
ED
  3
ByLayer
350
EC
  3
Global
350
EE
  0
DICTIONARY
  5
12D
102
{ACAD_REACTORS
330
C
102
}
330
C
100
AcDbDictionary
281
     1
  3
Standard
350
12E
  3
Аннотативный
350
13B
  0
DICTIONARY
  5
17
102
{ACAD_REACTORS
330
C
102
}
330
C
100
AcDbDictionary
281
     1
  3
Standard
350
18
  0
DICTIONARY
  5
19
102
{ACAD_REACTORS
330
C
102
}
330
C
100
AcDbDictionary
281
     1
  0
ACDBDICTIONARYWDFLT
  5
E
102
{ACAD_REACTORS
330
C
102
}
330
C
100
AcDbDictionary
281
     1
  3
Normal
350
F
100
AcDbDictionaryWithDefault
340
F
  0
DICTIONARY
  5
10C
102
{ACAD_REACTORS
330
C
102
}
330
C
100
AcDbDictionary
281
     1
  3
A0
350
10D
  3
A1
350
1BE
  3
A2
350
1BF
  3
A3
350
1C0
  3
A4
350
1C1
  3
A5
350
1C2
  3
A6
350
1C3
  3
A7
350
1C4
  3
A8
350
1C5
  3
A9
350
1C6
  3
B0
350
1C7
  3
B1
350
1C8
  3
B2
350
1C9
  3
B3
350
1CA
  3
B4
350
1CB
  3
B5
350
1CC
  3
B6
350
1CD
  0
DICTIONARY
  5
992
102
{ACAD_REACTORS
330
C
102
}
330
C
100
AcDbDictionary
281
     1
  0
DICTIONARY
  5
7E
102
{ACAD_REACTORS
330
C
102
}
330
C
100
AcDbDictionary
281
     1
  3
Standard
350
7F
  0
DICTIONARY
  5
EF
102
{ACAD_REACTORS
330
C
102
}
330
C
100
AcDbDictionary
281
     1
  3
2dWireframe
350
F5
  3
3D Hidden
350
F7
  3
3dWireframe
350
F6
  3
Basic
350
F4
  3
Brighten
350
FB
  3
ColorChange
350
FF
  3
Conceptual
350
F8
  3
Dim
350
FA
  3
EdgeColorOff
350
35E
  3
Facepattern
350
FE
  3
Flat
350
F0
  3
FlatWithEdges
350
F1
  3
Gouraud
350
F2
  3
GouraudWithEdges
350
F3
  3
Hidden
350
35B
  3
JitterOff
350
35C
  3
Linepattern
350
FD
  3
OverhangOff
350
35D
  3
Realistic
350
F9
  3
Shaded
350
363
  3
Shaded with edges
350
362
  3
Shades of Gray
350
35F
  3
Sketchy
350
360
  3
Thicken
350
FC
  3
Wireframe
350
35A
  3
X-Ray
350
361
  0
XRECORD
  5
990
102
{ACAD_REACTORS
330
C
102
}
330
C
100
AcDbXrecord
280
     1
 90
        1
330
7F
  0
DICTIONARY
  5
5E
102
{ACAD_REACTORS
330
C
102
}
330
C
100
AcDbDictionary
281
     1
  3
CANNOSCALE
350
146
  3
CMLEADERSTYLE
350
145
  3
CTABLESTYLE
350
84
  3
DIMASSOC
350
5F
  3
HIDETEXT
350
63
  3
LAYEREVAL
350
1AE
  3
LAYERNOTIFY
350
1AF
  3
XCLIPFRAME
350
356
  0
DICTIONARY
  5
34E
102
{ACAD_REACTORS
330
C
102
}
330
C
100
AcDbDictionary
281
     1
  3
MC_VERSION_DATA
350
98D
  3
MCS_DOCUMENT_ID
350
357
  3
MCS_PARAMS_DATA
350
365
  0
DICTIONARY
  5
98C
102
{ACAD_REACTORS
330
98B
102
}
330
98B
100
AcDbDictionary
281
     1
  0
SORTENTSTABLE
  5
235
102
{ACAD_REACTORS
330
234
102
}
330
234
100
AcDbSortentsTable
330
1F
331
0
  5
237
  0
SORTENTSTABLE
  5
476
102
{ACAD_REACTORS
330
475
102
}
330
475
100
AcDbSortentsTable
330
474
  0
SORTENTSTABLE
  5
4A0
102
{ACAD_REACTORS
330
49F
102
}
330
49F
100
AcDbSortentsTable
330
49E
  0
SORTENTSTABLE
  5
4AC
102
{ACAD_REACTORS
330
4AB
102
}
330
4AB
100
AcDbSortentsTable
330
4AA
  0
SORTENTSTABLE
  5
53E
102
{ACAD_REACTORS
330
53D
102
}
330
53D
100
AcDbSortentsTable
330
53C
  0
SORTENTSTABLE
  5
547
102
{ACAD_REACTORS
330
546
102
}
330
546
100
AcDbSortentsTable
330
545
  0
DICTIONARY
  5
548
102
{ACAD_REACTORS
330
546
102
}
330
546
100
AcDbDictionary
281
     1
  0
SORTENTSTABLE
  5
59C
102
{ACAD_REACTORS
330
59B
102
}
330
59B
100
AcDbSortentsTable
330
59A
  0
SORTENTSTABLE
  5
5EC
102
{ACAD_REACTORS
330
5EB
102
}
330
5EB
100
AcDbSortentsTable
330
5EA
  0
SORTENTSTABLE
  5
63C
102
{ACAD_REACTORS
330
63B
102
}
330
63B
100
AcDbSortentsTable
330
63A
  0
SORTENTSTABLE
  5
6DE
102
{ACAD_REACTORS
330
6DD
102
}
330
6DD
100
AcDbSortentsTable
330
6DC
  0
ACAD_EVALUATION_GRAPH
  5
68E
102
{ACAD_REACTORS
330
68D
102
}
330
68D
100
AcDbEvalGraph
 96
        0
 97
        0
  0
SORTENTSTABLE
  5
68F
102
{ACAD_REACTORS
330
68D
102
}
330
68D
100
AcDbSortentsTable
330
68C
  0
ACDB_DYNAMICBLOCKPURGEPREVENTER_VERSION
  5
690
102
{ACAD_REACTORS
330
68D
102
}
330
68D
100
AcDbDynamicBlockPurgePreventer
 70
     1
  0
SORTENTSTABLE
  5
7DC
102
{ACAD_REACTORS
330
7DB
102
}
330
7DB
100
AcDbSortentsTable
330
7DA
  0
SORTENTSTABLE
  5
84E
102
{ACAD_REACTORS
330
84D
102
}
330
84D
100
AcDbSortentsTable
330
84C
  0
SORTENTSTABLE
  5
899
102
{ACAD_REACTORS
330
898
102
}
330
898
100
AcDbSortentsTable
330
897
  0
SORTENTSTABLE
  5
8B5
102
{ACAD_REACTORS
330
8B4
102
}
330
8B4
100
AcDbSortentsTable
330
8B3
  0
SORTENTSTABLE
  5
917
102
{ACAD_REACTORS
330
916
102
}
330
916
100
AcDbSortentsTable
330
915
  0
DICTIONARY
  5
68A
102
{ACAD_REACTORS
330
689
102
}
330
689
100
AcDbDictionary
280
     1
281
     1
  3
AcDbRepData
360
68B
  0
LAYOUT
  5
225
102
{ACAD_REACTORS
330
1A
102
}
330
1A
100
AcDbPlotSettings
  1

  2
none_device
  4
ISO_A0_(1189.00_x_841.00_MM)
  6

 40
7.5
 41
20.0
 42
7.5
 43
20.0
 44
1189.0
 45
841.0
 46
0.0
 47
0.0
 48
0.0
 49
0.0
140
0.0
141
0.0
142
1.0
143
1.0
 70
   688
 72
     1
 73
     0
 74
     5
  7

 75
    16
 76
     0
 77
     2
 78
   300
147
1.0
148
0.0
149
0.0
100
AcDbLayout
  1
A0
 70
     0
 71
     7
 10
0.0
 20
0.0
 11
0.0
 21
0.0
 12
0.0
 22
0.0
 32
0.0
 14
0.0
 24
0.0
 34
0.0
 15
0.0
 25
0.0
 35
0.0
146
0.0
 13
0.0
 23
0.0
 33
0.0
 16
1.0
 26
0.0
 36
0.0
 17
0.0
 27
1.0
 37
0.0
 76
     0
330
224
331
228
  0
LAYOUT
  5
220
102
{ACAD_REACTORS
330
1A
102
}
330
1A
100
AcDbPlotSettings
  1

  2
none_device
  4
ISO_A1_(841.00_x_594.00_MM)
  6

 40
7.5
 41
20.0
 42
7.5
 43
20.0
 44
841.0
 45
594.0
 46
0.0
 47
0.0
 48
0.0
 49
0.0
140
0.0
141
0.0
142
1.0
143
1.0
 70
   688
 72
     1
 73
     0
 74
     5
  7

 75
    16
 76
     0
 77
     2
 78
   300
147
1.0
148
0.0
149
0.0
100
AcDbLayout
  1
A1
 70
     1
 71
     6
 10
-20.0
 20
-7.5
 11
277.0
 21
202.5
 12
0.0
 22
0.0
 32
0.0
 14
0.0
 24
0.0
 34
0.0
 15
0.0
 25
0.0
 35
0.0
146
0.0
 13
0.0
 23
0.0
 33
0.0
 16
1.0
 26
0.0
 36
0.0
 17
0.0
 27
1.0
 37
0.0
 76
     0
330
21F
331
223
  0
LAYOUT
  5
21B
102
{ACAD_REACTORS
330
1A
102
}
330
1A
100
AcDbPlotSettings
  1

  2
none_device
  4
ISO_A2_(594.00_x_420.00_MM)
  6

 40
7.5
 41
20.0
 42
7.5
 43
20.0
 44
594.0
 45
420.0
 46
0.0
 47
0.0
 48
0.0
 49
0.0
140
0.0
141
0.0
142
1.0
143
1.0
 70
   688
 72
     1
 73
     0
 74
     5
  7

 75
    16
 76
     0
 77
     2
 78
   300
147
1.0
148
0.0
149
0.0
100
AcDbLayout
  1
A2
 70
     1
 71
     5
 10
0.0
 20
0.0
 11
0.0
 21
0.0
 12
0.0
 22
0.0
 32
0.0
 14
0.0
 24
0.0
 34
0.0
 15
0.0
 25
0.0
 35
0.0
146
0.0
 13
0.0
 23
0.0
 33
0.0
 16
1.0
 26
0.0
 36
0.0
 17
0.0
 27
1.0
 37
0.0
 76
     0
330
21A
331
21E
  0
LAYOUT
  5
216
102
{ACAD_REACTORS
330
1A
102
}
330
1A
100
AcDbPlotSettings
  1

  2
none_device
  4
ISO_A3_(420.00_x_297.00_MM)
  6

 40
7.5
 41
20.0
 42
7.5
 43
20.0
 44
420.0
 45
297.0
 46
0.0
 47
0.0
 48
0.0
 49
0.0
140
0.0
141
0.0
142
1.0
143
1.0
 70
   688
 72
     1
 73
     0
 74
     5
  7

 75
    16
 76
     0
 77
     2
 78
   300
147
1.0
148
0.0
149
0.0
100
AcDbLayout
  1
A3
 70
     1
 71
     4
 10
0.0
 20
0.0
 11
0.0
 21
0.0
 12
0.0
 22
0.0
 32
0.0
 14
0.0
 24
0.0
 34
0.0
 15
0.0
 25
0.0
 35
0.0
146
0.0
 13
0.0
 23
0.0
 33
0.0
 16
1.0
 26
0.0
 36
0.0
 17
0.0
 27
1.0
 37
0.0
 76
     0
330
215
331
219
  0
LAYOUT
  5
211
102
{ACAD_REACTORS
330
1A
102
}
330
1A
100
AcDbPlotSettings
  1

  2
none_device
  4
ISO_A4_(210.00_x_297.00_MM)
  6

 40
7.5
 41
20.0
 42
7.5
 43
20.0
 44
210.0
 45
297.0
 46
0.0
 47
0.0
 48
0.0
 49
0.0
140
0.0
141
0.0
142
1.0
143
1.0
 70
   688
 72
     1
 73
     0
 74
     5
  7

 75
    16
 76
     0
 77
     2
 78
   300
147
1.0
148
0.0
149
0.0
100
AcDbLayout
  1
A4
 70
     1
 71
     3
 10
0.0
 20
0.0
 11
0.0
 21
0.0
 12
0.0
 22
0.0
 32
0.0
 14
0.0
 24
0.0
 34
0.0
 15
0.0
 25
0.0
 35
0.0
146
0.0
 13
0.0
 23
0.0
 33
0.0
 16
1.0
 26
0.0
 36
0.0
 17
0.0
 27
1.0
 37
0.0
 76
     0
330
210
331
214
  0
LAYOUT
  5
D3
102
{ACAD_REACTORS
330
1A
102
}
330
1A
100
AcDbPlotSettings
  1

  2
none_device
  4
ISO_A4_(210.00_x_297.00_MM)
  6

 40
7.5
 41
20.0
 42
7.5
 43
20.0
 44
210.0
 45
297.0
 46
0.0
 47
0.0
 48
0.0
 49
0.0
140
0.0
141
0.0
142
1.0
143
1.0
 70
   688
 72
     1
 73
     1
 74
     5
  7

 75
    16
 76
     0
 77
     2
 78
   300
147
1.0
148
0.0
149
0.0
100
AcDbLayout
  1
Layout1
 70
     0
 71
     1
 10
0.0
 20
0.0
 11
12.0
 21
9.0
 12
0.0
 22
0.0
 32
0.0
 14
0.0
 24
0.0
 34
0.0
 15
0.0
 25
0.0
 35
0.0
146
0.0
 13
0.0
 23
0.0
 33
0.0
 16
1.0
 26
0.0
 36
0.0
 17
0.0
 27
1.0
 37
0.0
 76
     0
330
D2
331
229
  0
LAYOUT
  5
D7
102
{ACAD_REACTORS
330
1A
102
}
330
1A
100
AcDbPlotSettings
  1

  2
none_device
  4
ISO_A4_(210.00_x_297.00_MM)
  6

 40
7.5
 41
20.0
 42
7.5
 43
20.0
 44
210.0
 45
297.0
 46
0.0
 47
0.0
 48
0.0
 49
0.0
140
0.0
141
0.0
142
1.0
143
1.0
 70
   688
 72
     1
 73
     1
 74
     5
  7

 75
    16
 76
     0
 77
     2
 78
   300
147
1.0
148
0.0
149
0.0
100
AcDbLayout
  1
Layout2
 70
     0
 71
     2
 10
-20.0
 20
-7.5
 11
277.0
 21
202.5
 12
0.0
 22
0.0
 32
0.0
 14
0.0
 24
0.0
 34
0.0
 15
0.0
 25
0.0
 35
0.0
146
0.0
 13
0.0
 23
0.0
 33
0.0
 16
1.0
 26
0.0
 36
0.0
 17
0.0
 27
1.0
 37
0.0
 76
     0
330
D6
331
20F
  0
LAYOUT
  5
22
102
{ACAD_REACTORS
330
1A
102
}
102
{ACAD_XDICTIONARY
360
358
102
}
330
1A
100
AcDbPlotSettings
  1

  2
none_device
  4
ISO_A4_(210.00_x_297.00_MM)
  6

 40
7.5
 41
20.0
 42
7.5
 43
20.0
 44
210.0
 45
297.0
 46
0.0
 47
0.0
 48
0.0
 49
0.0
140
0.0
141
0.0
142
1.0
143
3.249677
 70
 11952
 72
     1
 73
     0
 74
     0
  7

 75
     0
 76
     0
 77
     2
 78
   300
147
0.307723
148
0.0
149
0.0
100
AcDbLayout
  1
Model
 70
     1
 71
     0
 10
0.0
 20
0.0
 11
420.0
 21
297.0
 12
0.0
 22
0.0
 32
0.0
 14
87.069826
 24
55.474129
 34
0.0
 15
109.509422
 25
110.354129
 35
0.0
146
0.0
 13
0.0
 23
0.0
 33
0.0
 16
1.0
 26
0.0
 36
0.0
 17
0.0
 27
1.0
 37
0.0
 76
     0
330
1F
331
EA
1001
ACAD_PSEXT
1000
None
1000
None
1000
Not applicable
1000
The layout will not be plotted unless a new plotter configuration name is selected.
1070
     0
  0
MATERIAL
  5
ED
102
{ACAD_REACTORS
330
6A
102
}
330
6A
100
AcDbMaterial
  1
ByBlock
 72
     1
 73
     2
 78
     2
172
     2
176
     2
270
     2
274
     2
 94
       63
  0
MATERIAL
  5
EC
102
{ACAD_REACTORS
330
6A
102
}
330
6A
100
AcDbMaterial
  1
ByLayer
 72
     1
 73
     2
 78
     2
172
     2
176
     2
270
     2
274
     2
 94
       63
  0
MATERIAL
  5
EE
102
{ACAD_REACTORS
330
6A
102
}
330
6A
100
AcDbMaterial
  1
Global
 72
     1
 73
     2
 43
0.0008
 43
0.0
 43
0.0
 43
0.0
 43
0.0
 43
0.0008
 43
0.0
 43
0.0
 43
0.0
 43
0.0
 43
1.0
 43
0.0
 43
0.0
 43
0.0
 43
0.0
 43
1.0
 78
     2
172
     2
 49
0.0008
 49
0.0
 49
0.0
 49
0.0
 49
0.0
 49
0.0008
 49
0.0
 49
0.0
 49
0.0
 49
0.0
 49
1.0
 49
0.0
 49
0.0
 49
0.0
 49
0.0
 49
1.0
176
     2
142
0.0008
142
0.0
142
0.0
142
0.0
142
0.0
142
0.0008
142
0.0
142
0.0
142
0.0
142
0.0
142
1.0
142
0.0
142
0.0
142
0.0
142
0.0
142
1.0
270
     2
144
0.0008
144
0.0
144
0.0
144
0.0
144
0.0
144
0.0008
144
0.0
144
0.0
144
0.0
144
0.0
144
1.0
144
0.0
144
0.0
144
0.0
144
0.0
144
1.0
274
     2
 94
       63
1001
ACAD
1070
    -1
1070
     3
1070
     0
1000

1071
        0
1070
     0
  0
MLEADERSTYLE
  5
12E
102
{ACAD_REACTORS
330
12D
102
}
330
12D
100
AcDbMLeaderStyle
179
     2
170
     2
171
     1
172
     0
 90
        2
 40
0.0
 41
0.0
173
     1
 91
-1056964608
340
14
 92
       -2
290
     1
 42
2.0
291
     1
 43
8.0
  3
Standard
341
0
 44
4.0
300

342
11
174
     1
178
     1
175
     1
176
     0
 93
-1056964608
 45
4.0
292
     0
297
     0
 46
4.0
343
0
 94
-1056964608
 47
1.0
 49
1.0
140
1.0
293
     1
141
0.0
294
     1
177
     0
142
1.0
295
     0
296
     0
143
3.75
271
     0
272
     9
273
     9
298
     0
1001
ACAD_MLEADERVER
1070
     2
  0
MLEADERSTYLE
  5
13B
102
{ACAD_REACTORS
330
12D
102
}
330
12D
100
AcDbMLeaderStyle
179
     2
170
     2
171
     1
172
     0
 90
        2
 40
0.0
 41
0.0
173
     1
 91
-1056964608
340
14
 92
       -2
290
     1
 42
2.0
291
     1
 43
8.0
  3
Standard
341
0
 44
4.0
300

342
11
174
     1
178
     1
175
     1
176
     0
 93
-1056964608
 45
4.0
292
     0
297
     0
 46
4.0
343
0
 94
-1056964608
 47
1.0
 49
1.0
140
1.0
293
     1
141
0.0
294
     1
177
     0
142
1.0
295
     1
296
     0
143
3.75
271
     0
272
     9
273
     9
298
     0
1001
ACAD_MLEADERVER
1070
     2
  0
MLINESTYLE
  5
18
102
{ACAD_REACTORS
330
17
102
}
330
17
100
AcDbMlineStyle
  2
STANDARD
 70
     0
  3

 62
   256
 51
90.0
 52
90.0
 71
     2
 49
0.5
 62
   256
  6
BYLAYER
 49
-0.5
 62
   256
  6
BYLAYER
  0
ACDBPLACEHOLDER
  5
F
102
{ACAD_REACTORS
330
E
102
}
330
E
  0
SCALE
  5
10D
102
{ACAD_REACTORS
330
10C
102
}
330
10C
100
AcDbScale
 70
     0
300
1:1
140
1.0
141
1.0
290
     1
  0
SCALE
  5
1BE
102
{ACAD_REACTORS
330
10C
102
}
330
10C
100
AcDbScale
 70
     0
300
1:2
140
1.0
141
2.0
290
     0
  0
SCALE
  5
1BF
102
{ACAD_REACTORS
330
10C
102
}
330
10C
100
AcDbScale
 70
     0
300
1:4
140
1.0
141
4.0
290
     0
  0
SCALE
  5
1C0
102
{ACAD_REACTORS
330
10C
102
}
330
10C
100
AcDbScale
 70
     0
300
1:5
140
1.0
141
5.0
290
     0
  0
SCALE
  5
1C1
102
{ACAD_REACTORS
330
10C
102
}
330
10C
100
AcDbScale
 70
     0
300
1:8
140
1.0
141
8.0
290
     0
  0
SCALE
  5
1C2
102
{ACAD_REACTORS
330
10C
102
}
330
10C
100
AcDbScale
 70
     0
300
1:10
140
1.0
141
10.0
290
     0
  0
SCALE
  5
1C3
102
{ACAD_REACTORS
330
10C
102
}
330
10C
100
AcDbScale
 70
     0
300
1:16
140
1.0
141
16.0
290
     0
  0
SCALE
  5
1C4
102
{ACAD_REACTORS
330
10C
102
}
330
10C
100
AcDbScale
 70
     0
300
1:20
140
1.0
141
20.0
290
     0
  0
SCALE
  5
1C5
102
{ACAD_REACTORS
330
10C
102
}
330
10C
100
AcDbScale
 70
     0
300
1:30
140
1.0
141
30.0
290
     0
  0
SCALE
  5
1C6
102
{ACAD_REACTORS
330
10C
102
}
330
10C
100
AcDbScale
 70
     0
300
1:40
140
1.0
141
40.0
290
     0
  0
SCALE
  5
1C7
102
{ACAD_REACTORS
330
10C
102
}
330
10C
100
AcDbScale
 70
     0
300
1:50
140
1.0
141
50.0
290
     0
  0
SCALE
  5
1C8
102
{ACAD_REACTORS
330
10C
102
}
330
10C
100
AcDbScale
 70
     0
300
1:100
140
1.0
141
100.0
290
     0
  0
SCALE
  5
1C9
102
{ACAD_REACTORS
330
10C
102
}
330
10C
100
AcDbScale
 70
     0
300
2:1
140
2.0
141
1.0
290
     0
  0
SCALE
  5
1CA
102
{ACAD_REACTORS
330
10C
102
}
330
10C
100
AcDbScale
 70
     0
300
4:1
140
4.0
141
1.0
290
     0
  0
SCALE
  5
1CB
102
{ACAD_REACTORS
330
10C
102
}
330
10C
100
AcDbScale
 70
     0
300
8:1
140
8.0
141
1.0
290
     0
  0
SCALE
  5
1CC
102
{ACAD_REACTORS
330
10C
102
}
330
10C
100
AcDbScale
 70
     0
300
10:1
140
10.0
141
1.0
290
     0
  0
SCALE
  5
1CD
102
{ACAD_REACTORS
330
10C
102
}
330
10C
100
AcDbScale
 70
     0
300
100:1
140
100.0
141
1.0
290
     0
  0
TABLESTYLE
  5
7F
102
{ACAD_REACTORS
330
7E
102
}
102
{ACAD_XDICTIONARY
360
98E
102
}
330
7E
100
AcDbTableStyle
  3
Standard
 70
     0
 71
     0
 40
1.5
 41
1.5
280
     0
281
     0
  7
Standard
140
4.5
170
     2
 62
     0
 63
   257
283
     0
 90
      512
 91
        0
  1

274
    -2
284
     1
 64
     0
275
    -2
285
     1
 65
     0
276
    -2
286
     1
 66
     0
277
    -2
287
     1
 67
     0
278
    -2
288
     1
 68
     0
279
    -2
289
     1
 69
     0
  7
Standard
140
6.0
170
     5
 62
     0
 63
   257
283
     0
 90
      512
 91
        0
  1

274
    -2
284
     1
 64
     0
275
    -2
285
     1
 65
     0
276
    -2
286
     1
 66
     0
277
    -2
287
     1
 67
     0
278
    -2
288
     1
 68
     0
279
    -2
289
     1
 69
     0
  7
Standard
140
4.5
170
     5
 62
     0
 63
   257
283
     0
 90
      512
 91
        0
  1

274
    -2
284
     1
 64
     0
275
    -2
285
     1
 65
     0
276
    -2
286
     1
 66
     0
277
    -2
287
     1
 67
     0
278
    -2
288
     1
 68
     0
279
    -2
289
     1
 69
     0
  0
VISUALSTYLE
  5
F5
102
{ACAD_REACTORS
330
EF
102
}
330
EF
100
AcDbVisualStyle
  2
2dWireframe
 70
     4
177
     3
291
     0
 70
    58
 90
        0
176
     1
 90
        2
176
     1
 90
        1
176
     1
 90
        0
176
     1
 40
-0.6
176
     1
 40
-30.0
176
     1
 62
     7
420
 16777215
176
     1
 90
        1
176
     1
 90
        4
176
     1
 62
     7
176
     1
 62
   257
176
     1
 90
        1
176
     1
 90
        1
176
     1
 40
1.0
176
     1
 90
        0
176
     1
 62
   257
176
     1
 40
1.0
176
     1
 90
        1
176
     1
 90
        6
176
     1
 90
        2
176
     1
 62
     7
176
     1
 90
        5
176
     1
 90
        0
176
     1
 90
        0
176
     1
290
     0
176
     1
 90
        1
176
     1
 40
0.0
176
     1
 90
        0
176
     1
290
     1
176
     1
290
     1
176
     1
290
     0
176
     1
290
     0
176
     1
290
     0
176
     1
290
     0
176
     1
290
     0
176
     1
290
     0
176
     1
290
     0
176
     1
 90
       50
176
     1
 40
0.0
176
     1
 40
1.0
176
     1
 90
        0
176
     1
 62
    18
420
        0
176
     1
 90
       50
176
     1
 90
        3
176
     1
 62
     5
420
      255
176
     1
290
     0
176
     1
 90
       50
176
     1
 90
       50
176
     1
 90
       50
176
     1
290
     0
176
     1
 90
       50
176
     1
 62
   256
176
     0
 40
1.0
176
     0
 90
        2
176
     1
  1
strokes_ogs.tif
176
     1
290
     0
176
     1
 40
1.0
176
     1
 40
1.0
176
     1
  0
VISUALSTYLE
  5
F7
102
{ACAD_REACTORS
330
EF
102
}
330
EF
100
AcDbVisualStyle
  2
3D Hidden
 70
     6
177
     3
291
     0
 70
    58
 90
        1
176
     1
 90
        2
176
     1
 90
        2
176
     1
 90
        0
176
     1
 40
-0.6
176
     1
 40
-30.0
176
     1
 62
     7
420
 16777215
176
     1
 90
        2
176
     1
 90
        2
176
     1
 62
     7
176
     1
 62
   257
176
     1
 90
        2
176
     1
 90
        1
176
     1
 40
40.0
176
     1
 90
        0
176
     1
 62
   257
176
     1
 40
1.0
176
     1
 90
        1
176
     1
 90
        6
176
     1
 90
        2
176
     1
 62
     7
176
     1
 90
        3
176
     1
 90
        0
176
     1
 90
        0
176
     1
290
     0
176
     1
 90
        1
176
     1
 40
0.0
176
     1
 90
        0
176
     1
290
     0
176
     1
290
     1
176
     1
290
     1
176
     1
290
     0
176
     1
290
     0
176
     1
290
     0
176
     1
290
     0
176
     1
290
     0
176
     1
290
     0
176
     1
 90
       50
176
     1
 40
0.0
176
     1
 40
1.0
176
     1
 90
        0
176
     1
 62
    18
420
        0
176
     1
 90
       50
176
     1
 90
        3
176
     1
 62
     5
420
      255
176
     1
290
     0
176
     1
 90
       50
176
     1
 90
       50
176
     1
 90
       50
176
     1
290
     0
176
     1
 90
       50
176
     1
 62
   256
176
     0
 40
1.0
176
     0
 90
        2
176
     1
  1
strokes_ogs.tif
176
     1
290
     0
176
     1
 40
1.0
176
     1
 40
1.0
176
     1
  0
VISUALSTYLE
  5
F6
102
{ACAD_REACTORS
330
EF
102
}
330
EF
100
AcDbVisualStyle
  2
3dWireframe
 70
     5
177
     3
291
     0
 70
    58
 90
        0
176
     1
 90
        2
176
     1
 90
        1
176
     1
 90
        0
176
     1
 40
-0.6
176
     1
 40
-30.0
176
     1
 62
     7
420
 16777215
176
     1
 90
        1
176
     1
 90
        4
176
     1
 62
     7
176
     1
 62
   257
176
     1
 90
        1
176
     1
 90
        1
176
     1
 40
1.0
176
     1
 90
        0
176
     1
 62
   257
176
     1
 40
1.0
176
     1
 90
        1
176
     1
 90
        6
176
     1
 90
        2
176
     1
 62
     7
176
     1
 90
        5
176
     1
 90
        0
176
     1
 90
        0
176
     1
290
     0
176
     1
 90
        1
176
     1
 40
0.0
176
     1
 90
        0
176
     1
290
     0
176
     1
290
     1
176
     1
290
     1
176
     1
290
     0
176
     1
290
     0
176
     1
290
     0
176
     1
290
     0
176
     1
290
     0
176
     1
290
     0
176
     1
 90
       50
176
     1
 40
0.0
176
     1
 40
1.0
176
     1
 90
        0
176
     1
 62
    18
420
        0
176
     1
 90
       50
176
     1
 90
        3
176
     1
 62
     5
420
      255
176
     1
290
     0
176
     1
 90
       50
176
     1
 90
       50
176
     1
 90
       50
176
     1
290
     0
176
     1
 90
       50
176
     1
 62
   256
176
     0
 40
1.0
176
     0
 90
        2
176
     1
  1
strokes_ogs.tif
176
     1
290
     0
176
     1
 40
1.0
176
     1
 40
1.0
176
     1
  0
VISUALSTYLE
  5
F4
102
{ACAD_REACTORS
330
EF
102
}
330
EF
100
AcDbVisualStyle
  2
Basic
 70
     7
177
     3
291
     1
 70
    58
 90
        1
176
     1
 90
        0
176
     1
 90
        1
176
     1
 90
        0
176
     1
 40
-0.6
176
     1
 40
-30.0
176
     1
 62
     7
420
 16777215
176
     1
 90
        0
176
     1
 90
        4
176
     1
 62
     7
176
     1
 62
   257
176
     1
 90
        1
176
     1
 90
        1
176
     1
 40
1.0
176
     1
 90
        8
176
     1
 62
     7
176
     1
 40
1.0
176
     1
 90
        1
176
     1
 90
        6
176
     1
 90
        2
176
     1
 62
     7
176
     1
 90
        5
176
     1
 90
        0
176
     1
 90
        0
176
     1
290
     0
176
     1
 90
        1
176
     1
 40
0.0
176
     1
 90
        0
176
     1
290
     0
176
     1
290
     1
176
     1
290
     1
176
     1
290
     0
176
     1
290
     0
176
     1
290
     0
176
     1
290
     0
176
     1
290
     0
176
     1
290
     0
176
     1
 90
       50
176
     1
 40
0.0
176
     1
 40
1.0
176
     1
 90
        0
176
     1
 62
    18
420
        0
176
     1
 90
       50
176
     1
 90
        3
176
     1
 62
     5
420
      255
176
     1
290
     0
176
     1
 90
       50
176
     1
 90
       50
176
     1
 90
       50
176
     1
290
     0
176
     1
 90
       50
176
     1
 62
   256
176
     0
 40
1.0
176
     0
 90
        2
176
     1
  1
strokes_ogs.tif
176
     1
290
     0
176
     1
 40
1.0
176
     1
 40
1.0
176
     1
  0
VISUALSTYLE
  5
FB
102
{ACAD_REACTORS
330
EF
102
}
330
EF
100
AcDbVisualStyle
  2
Brighten
 70
    12
177
     3
291
     1
 70
    58
 90
        2
176
     1
 90
        2
176
     1
 90
        1
176
     1
 90
        0
176
     1
 40
-0.6
176
     1
 40
-30.0
176
     1
 62
     7
420
 16777215
176
     1
 90
        1
176
     1
 90
        4
176
     1
 62
     7
176
     1
 62
   257
176
     1
 90
        1
176
     1
 90
        1
176
     1
 40
1.0
176
     1
 90
        8
176
     1
 62
     7
176
     1
 40
1.0
176
     1
 90
        1
176
     1
 90
        6
176
     1
 90
        2
176
     1
 62
     7
176
     1
 90
        5
176
     1
 90
        0
176
     1
 90
        0
176
     1
290
     0
176
     1
 90
        1
176
     1
 40
50.0
176
     1
 90
        0
176
     1
290
     0
176
     1
290
     1
176
     1
290
     1
176
     1
290
     0
176
     1
290
     0
176
     1
290
     0
176
     1
290
     0
176
     1
290
     0
176
     1
290
     0
176
     1
 90
       50
176
     1
 40
0.0
176
     1
 40
1.0
176
     1
 90
        0
176
     1
 62
    18
420
        0
176
     1
 90
       50
176
     1
 90
        3
176
     1
 62
     5
420
      255
176
     1
290
     0
176
     1
 90
       50
176
     1
 90
       50
176
     1
 90
       50
176
     1
290
     0
176
     1
 90
       50
176
     1
 62
   256
176
     0
 40
1.0
176
     0
 90
        2
176
     1
  1
strokes_ogs.tif
176
     1
290
     0
176
     1
 40
1.0
176
     1
 40
1.0
176
     1
  0
VISUALSTYLE
  5
FF
102
{ACAD_REACTORS
330
EF
102
}
330
EF
100
AcDbVisualStyle
  2
ColorChange
 70
    16
177
     3
291
     1
 70
    58
 90
        2
176
     1
 90
        2
176
     1
 90
        3
176
     1
 90
        0
176
     1
 40
-0.6
176
     1
 40
-30.0
176
     1
 62
     8
420
  8421504
176
     1
 90
        1
176
     1
 90
        4
176
     1
 62
     7
176
     1
 62
   257
176
     1
 90
        1
176
     1
 90
        1
176
     1
 40
1.0
176
     1
 90
        8
176
     1
 62
     8
420
  8421504
176
     1
 40
1.0
176
     1
 90
        1
176
     1
 90
        6
176
     1
 90
        2
176
     1
 62
     7
176
     1
 90
        5
176
     1
 90
        0
176
     1
 90
        0
176
     1
290
     0
176
     1
 90
        1
176
     1
 40
0.0
176
     1
 90
        0
176
     1
290
     0
176
     1
290
     1
176
     1
290
     1
176
     1
290
     0
176
     1
290
     0
176
     1
290
     0
176
     1
290
     0
176
     1
290
     0
176
     1
290
     0
176
     1
 90
       50
176
     1
 40
0.0
176
     1
 40
1.0
176
     1
 90
        0
176
     1
 62
    18
420
        0
176
     1
 90
       50
176
     1
 90
        3
176
     1
 62
     5
420
      255
176
     1
290
     0
176
     1
 90
       50
176
     1
 90
       50
176
     1
 90
       50
176
     1
290
     0
176
     1
 90
       50
176
     1
 62
   256
176
     0
 40
1.0
176
     0
 90
        2
176
     1
  1
strokes_ogs.tif
176
     1
290
     0
176
     1
 40
1.0
176
     1
 40
1.0
176
     1
  0
VISUALSTYLE
  5
F8
102
{ACAD_REACTORS
330
EF
102
}
330
EF
100
AcDbVisualStyle
  2
Conceptual
 70
     9
177
     3
291
     0
 70
    58
 90
        3
176
     1
 90
        2
176
     1
 90
        1
176
     1
 90
        0
176
     1
 40
-0.6
176
     1
 40
-30.0
176
     1
 62
     7
420
 16777215
176
     1
 90
        2
176
     1
 90
        2
176
     1
 62
     7
176
     1
 62
   257
176
     1
 90
        1
176
     1
 90
        1
176
     1
 40
40.0
176
     1
 90
        8
176
     1
 62
     7
176
     1
 40
1.0
176
     1
 90
        1
176
     1
 90
        6
176
     1
 90
        2
176
     1
 62
     7
176
     1
 90
        3
176
     1
 90
        0
176
     1
 90
        0
176
     1
290
     0
176
     1
 90
        1
176
     1
 40
0.0
176
     1
 90
        0
176
     1
290
     0
176
     1
290
     1
176
     1
290
     1
176
     1
290
     0
176
     1
290
     0
176
     1
290
     0
176
     1
290
     0
176
     1
290
     0
176
     1
290
     0
176
     1
 90
       50
176
     1
 40
0.0
176
     1
 40
1.0
176
     1
 90
        0
176
     1
 62
    18
420
        0
176
     1
 90
       50
176
     1
 90
        3
176
     1
 62
     5
420
      255
176
     1
290
     0
176
     1
 90
       50
176
     1
 90
       50
176
     1
 90
       50
176
     1
290
     0
176
     1
 90
       50
176
     1
 62
   256
176
     0
 40
1.0
176
     0
 90
        2
176
     1
  1
strokes_ogs.tif
176
     1
290
     0
176
     1
 40
1.0
176
     1
 40
1.0
176
     1
  0
VISUALSTYLE
  5
FA
102
{ACAD_REACTORS
330
EF
102
}
330
EF
100
AcDbVisualStyle
  2
Dim
 70
    11
177
     3
291
     1
 70
    58
 90
        2
176
     1
 90
        2
176
     1
 90
        1
176
     1
 90
        0
176
     1
 40
-0.6
176
     1
 40
-30.0
176
     1
 62
     7
420
 16777215
176
     1
 90
        1
176
     1
 90
        4
176
     1
 62
     7
176
     1
 62
   257
176
     1
 90
        1
176
     1
 90
        1
176
     1
 40
1.0
176
     1
 90
        8
176
     1
 62
     7
176
     1
 40
1.0
176
     1
 90
        1
176
     1
 90
        6
176
     1
 90
        2
176
     1
 62
     7
176
     1
 90
        5
176
     1
 90
        0
176
     1
 90
        0
176
     1
290
     0
176
     1
 90
        1
176
     1
 40
-50.0
176
     1
 90
        0
176
     1
290
     0
176
     1
290
     1
176
     1
290
     1
176
     1
290
     0
176
     1
290
     0
176
     1
290
     0
176
     1
290
     0
176
     1
290
     0
176
     1
290
     0
176
     1
 90
       50
176
     1
 40
0.0
176
     1
 40
1.0
176
     1
 90
        0
176
     1
 62
    18
420
        0
176
     1
 90
       50
176
     1
 90
        3
176
     1
 62
     5
420
      255
176
     1
290
     0
176
     1
 90
       50
176
     1
 90
       50
176
     1
 90
       50
176
     1
290
     0
176
     1
 90
       50
176
     1
 62
   256
176
     0
 40
1.0
176
     0
 90
        2
176
     1
  1
strokes_ogs.tif
176
     1
290
     0
176
     1
 40
1.0
176
     1
 40
1.0
176
     1
  0
VISUALSTYLE
  5
35E
102
{ACAD_REACTORS
330
EF
102
}
330
EF
100
AcDbVisualStyle
  2
EdgeColorOff
 70
    22
177
     3
291
     1
 70
    58
 90
        2
176
     0
 90
        2
176
     0
 90
        0
176
     0
 90
        0
176
     0
 40
0.6
176
     0
 40
30.0
176
     0
 62
     7
420
 16777215
176
     0
 90
        1
176
     0
 90
        4
176
     0
 62
     7
176
     0
 62
   257
176
     0
 90
        1
176
     0
 90
        1
176
     0
 40
1.0
176
     0
 90
        8
176
     2
 62
     7
176
     0
 40
1.0
176
     0
 90
        1
176
     0
 90
        6
176
     0
 90
        2
176
     0
 62
     7
176
     0
 90
        5
176
     0
 90
        0
176
     0
 90
        0
176
     0
290
     0
176
     0
 90
        1
176
     0
 40
0.0
176
     0
 90
        0
176
     0
290
     0
176
     0
290
     1
176
     0
290
     1
176
     0
290
     0
176
     0
290
     0
176
     0
290
     0
176
     0
290
     0
176
     0
290
     0
176
     0
290
     0
176
     0
 90
       50
176
     0
 40
0.0
176
     0
 40
1.0
176
     0
 90
        0
176
     0
 62
    18
420
        0
176
     0
 90
       50
176
     0
 90
        3
176
     0
 62
     5
420
      255
176
     0
290
     0
176
     0
 90
       50
176
     0
 90
       50
176
     0
 90
       50
176
     0
290
     0
176
     0
 90
       50
176
     0
 62
   256
176
     0
 40
1.0
176
     0
 90
        2
176
     0
  1
strokes_ogs.tif
176
     0
290
     0
176
     0
 40
1.0
176
     0
 40
1.0
176
     0
  0
VISUALSTYLE
  5
FE
102
{ACAD_REACTORS
330
EF
102
}
330
EF
100
AcDbVisualStyle
  2
Facepattern
 70
    15
177
     3
291
     1
 70
    58
 90
        2
176
     1
 90
        2
176
     1
 90
        1
176
     1
 90
        0
176
     1
 40
-0.6
176
     1
 40
-30.0
176
     1
 62
     7
420
 16777215
176
     1
 90
        1
176
     1
 90
        4
176
     1
 62
     7
176
     1
 62
   257
176
     1
 90
        1
176
     1
 90
        1
176
     1
 40
1.0
176
     1
 90
        8
176
     1
 62
     7
176
     1
 40
1.0
176
     1
 90
        1
176
     1
 90
        6
176
     1
 90
        2
176
     1
 62
     7
176
     1
 90
        5
176
     1
 90
        0
176
     1
 90
        0
176
     1
290
     0
176
     1
 90
        1
176
     1
 40
0.0
176
     1
 90
        0
176
     1
290
     0
176
     1
290
     1
176
     1
290
     1
176
     1
290
     0
176
     1
290
     0
176
     1
290
     0
176
     1
290
     0
176
     1
290
     0
176
     1
290
     0
176
     1
 90
       50
176
     1
 40
0.0
176
     1
 40
1.0
176
     1
 90
        0
176
     1
 62
    18
420
        0
176
     1
 90
       50
176
     1
 90
        3
176
     1
 62
     5
420
      255
176
     1
290
     0
176
     1
 90
       50
176
     1
 90
       50
176
     1
 90
       50
176
     1
290
     0
176
     1
 90
       50
176
     1
 62
   256
176
     0
 40
1.0
176
     0
 90
        2
176
     1
  1
strokes_ogs.tif
176
     1
290
     0
176
     1
 40
1.0
176
     1
 40
1.0
176
     1
  0
VISUALSTYLE
  5
F0
102
{ACAD_REACTORS
330
EF
102
}
330
EF
100
AcDbVisualStyle
  2
Flat
 70
     0
177
     3
291
     1
 70
    58
 90
        2
176
     1
 90
        1
176
     1
 90
        1
176
     1
 90
        2
176
     1
 40
-0.6
176
     1
 40
30.0
176
     1
 62
     7
420
 16777215
176
     1
 90
        0
176
     1
 90
        4
176
     1
 62
     7
176
     1
 62
   257
176
     1
 90
        1
176
     1
 90
        1
176
     1
 40
1.0
176
     1
 90
        8
176
     1
 62
     7
176
     1
 40
1.0
176
     1
 90
        1
176
     1
 90
        6
176
     1
 90
        2
176
     1
 62
     7
176
     1
 90
        5
176
     1
 90
        0
176
     1
 90
        0
176
     1
290
     0
176
     1
 90
        1
176
     1
 40
0.0
176
     1
 90
        0
176
     1
290
     0
176
     1
290
     1
176
     1
290
     1
176
     1
290
     0
176
     1
290
     0
176
     1
290
     0
176
     1
290
     0
176
     1
290
     0
176
     1
290
     0
176
     1
 90
       50
176
     1
 40
0.0
176
     1
 40
1.0
176
     1
 90
        0
176
     1
 62
    18
420
        0
176
     1
 90
       50
176
     1
 90
        3
176
     1
 62
     5
420
      255
176
     1
290
     0
176
     1
 90
       50
176
     1
 90
       50
176
     1
 90
       50
176
     1
290
     0
176
     1
 90
       50
176
     1
 62
   256
176
     0
 40
1.0
176
     0
 90
        2
176
     1
  1
strokes_ogs.tif
176
     1
290
     0
176
     1
 40
1.0
176
     1
 40
1.0
176
     1
  0
VISUALSTYLE
  5
F1
102
{ACAD_REACTORS
330
EF
102
}
330
EF
100
AcDbVisualStyle
  2
FlatWithEdges
 70
     1
177
     3
291
     1
 70
    58
 90
        2
176
     1
 90
        1
176
     1
 90
        1
176
     1
 90
        2
176
     1
 40
-0.6
176
     1
 40
30.0
176
     1
 62
     7
420
 16777215
176
     1
 90
        1
176
     1
 90
        4
176
     1
 62
     7
176
     1
 62
   257
176
     1
 90
        1
176
     1
 90
        1
176
     1
 40
1.0
176
     1
 90
        0
176
     1
 62
   257
176
     1
 40
1.0
176
     1
 90
        1
176
     1
 90
        6
176
     1
 90
        2
176
     1
 62
     7
176
     1
 90
        5
176
     1
 90
        0
176
     1
 90
        0
176
     1
290
     0
176
     1
 90
        1
176
     1
 40
0.0
176
     1
 90
        0
176
     1
290
     0
176
     1
290
     1
176
     1
290
     1
176
     1
290
     0
176
     1
290
     0
176
     1
290
     0
176
     1
290
     0
176
     1
290
     0
176
     1
290
     0
176
     1
 90
       50
176
     1
 40
0.0
176
     1
 40
1.0
176
     1
 90
        0
176
     1
 62
    18
420
        0
176
     1
 90
       50
176
     1
 90
        3
176
     1
 62
     5
420
      255
176
     1
290
     0
176
     1
 90
       50
176
     1
 90
       50
176
     1
 90
       50
176
     1
290
     0
176
     1
 90
       50
176
     1
 62
   256
176
     0
 40
1.0
176
     0
 90
        2
176
     1
  1
strokes_ogs.tif
176
     1
290
     0
176
     1
 40
1.0
176
     1
 40
1.0
176
     1
  0
VISUALSTYLE
  5
F2
102
{ACAD_REACTORS
330
EF
102
}
330
EF
100
AcDbVisualStyle
  2
Gouraud
 70
     2
177
     3
291
     1
 70
    58
 90
        2
176
     1
 90
        2
176
     1
 90
        1
176
     1
 90
        2
176
     1
 40
-0.6
176
     1
 40
30.0
176
     1
 62
     7
420
 16777215
176
     1
 90
        0
176
     1
 90
        4
176
     1
 62
     7
176
     1
 62
   257
176
     1
 90
        1
176
     1
 90
        1
176
     1
 40
1.0
176
     1
 90
        0
176
     1
 62
     7
176
     1
 40
1.0
176
     1
 90
        1
176
     1
 90
        6
176
     1
 90
        2
176
     1
 62
     7
176
     1
 90
        5
176
     1
 90
        0
176
     1
 90
        0
176
     1
290
     0
176
     1
 90
        1
176
     1
 40
0.0
176
     1
 90
        0
176
     1
290
     0
176
     1
290
     1
176
     1
290
     1
176
     1
290
     0
176
     1
290
     0
176
     1
290
     0
176
     1
290
     0
176
     1
290
     0
176
     1
290
     0
176
     1
 90
       50
176
     1
 40
0.0
176
     1
 40
1.0
176
     1
 90
        0
176
     1
 62
    18
420
        0
176
     1
 90
       50
176
     1
 90
        3
176
     1
 62
     5
420
      255
176
     1
290
     0
176
     1
 90
       50
176
     1
 90
       50
176
     1
 90
       50
176
     1
290
     0
176
     1
 90
       50
176
     1
 62
   256
176
     0
 40
1.0
176
     0
 90
        2
176
     1
  1
strokes_ogs.tif
176
     1
290
     0
176
     1
 40
1.0
176
     1
 40
1.0
176
     1
  0
VISUALSTYLE
  5
F3
102
{ACAD_REACTORS
330
EF
102
}
330
EF
100
AcDbVisualStyle
  2
GouraudWithEdges
 70
     3
177
     3
291
     1
 70
    58
 90
        2
176
     1
 90
        2
176
     1
 90
        1
176
     1
 90
        2
176
     1
 40
-0.6
176
     1
 40
30.0
176
     1
 62
     7
420
 16777215
176
     1
 90
        1
176
     1
 90
        4
176
     1
 62
     7
176
     1
 62
   257
176
     1
 90
        1
176
     1
 90
        1
176
     1
 40
1.0
176
     1
 90
        0
176
     1
 62
   257
176
     1
 40
1.0
176
     1
 90
        1
176
     1
 90
        6
176
     1
 90
        2
176
     1
 62
     7
176
     1
 90
        5
176
     1
 90
        0
176
     1
 90
        0
176
     1
290
     0
176
     1
 90
        1
176
     1
 40
0.0
176
     1
 90
        0
176
     1
290
     0
176
     1
290
     1
176
     1
290
     1
176
     1
290
     0
176
     1
290
     0
176
     1
290
     0
176
     1
290
     0
176
     1
290
     0
176
     1
290
     0
176
     1
 90
       50
176
     1
 40
0.0
176
     1
 40
1.0
176
     1
 90
        0
176
     1
 62
    18
420
        0
176
     1
 90
       50
176
     1
 90
        3
176
     1
 62
     5
420
      255
176
     1
290
     0
176
     1
 90
       50
176
     1
 90
       50
176
     1
 90
       50
176
     1
290
     0
176
     1
 90
       50
176
     1
 62
   256
176
     0
 40
1.0
176
     0
 90
        2
176
     1
  1
strokes_ogs.tif
176
     1
290
     0
176
     1
 40
1.0
176
     1
 40
1.0
176
     1
  0
VISUALSTYLE
  5
35B
102
{ACAD_REACTORS
330
EF
102
}
330
EF
100
AcDbVisualStyle
  2
Hidden
 70
     6
177
     3
291
     0
 70
    58
 90
        1
176
     1
 90
        2
176
     1
 90
        2
176
     1
 90
        0
176
     1
 40
0.6
176
     1
 40
30.0
176
     1
 62
     7
420
 16777215
176
     1
 90
        2
176
     1
 90
        2
176
     1
 62
     7
176
     1
 62
   257
176
     1
 90
        2
176
     1
 90
        1
176
     1
 40
40.0
176
     1
 90
        0
176
     1
 62
   257
176
     1
 40
1.0
176
     1
 90
        1
176
     1
 90
        6
176
     1
 90
        2
176
     1
 62
     7
176
     1
 90
        3
176
     1
 90
        0
176
     1
 90
        0
176
     1
290
     0
176
     1
 90
        1
176
     1
 40
0.0
176
     1
 90
        0
176
     1
290
     0
176
     1
290
     1
176
     1
290
     1
176
     1
290
     0
176
     1
290
     0
176
     1
290
     0
176
     1
290
     0
176
     1
290
     0
176
     1
290
     0
176
     1
 90
       50
176
     1
 40
0.0
176
     1
 40
1.0
176
     1
 90
        0
176
     1
 62
    18
420
        0
176
     1
 90
       50
176
     1
 90
        3
176
     1
 62
     5
420
      255
176
     1
290
     0
176
     1
 90
       50
176
     1
 90
       50
176
     1
 90
       50
176
     1
290
     0
176
     1
 90
       50
176
     1
 62
   256
176
     0
 40
1.0
176
     0
 90
        2
176
     1
  1
strokes_ogs.tif
176
     1
290
     0
176
     1
 40
1.0
176
     1
 40
1.0
176
     1
  0
VISUALSTYLE
  5
35C
102
{ACAD_REACTORS
330
EF
102
}
330
EF
100
AcDbVisualStyle
  2
JitterOff
 70
    20
177
     3
291
     1
 70
    58
 90
        2
176
     0
 90
        2
176
     0
 90
        0
176
     0
 90
        0
176
     0
 40
0.6
176
     0
 40
30.0
176
     0
 62
     7
420
 16777215
176
     0
 90
        1
176
     0
 90
        4
176
     0
 62
     7
176
     0
 62
   257
176
     0
 90
        1
176
     0
 90
        1
176
     0
 40
1.0
176
     0
 90
       10
176
     2
 62
     7
176
     0
 40
1.0
176
     0
 90
        1
176
     0
 90
        6
176
     0
 90
        2
176
     0
 62
     7
176
     0
 90
        5
176
     0
 90
        0
176
     0
 90
        0
176
     0
290
     0
176
     0
 90
        1
176
     0
 40
0.0
176
     0
 90
        0
176
     0
290
     0
176
     0
290
     1
176
     0
290
     1
176
     0
290
     0
176
     0
290
     0
176
     0
290
     0
176
     0
290
     0
176
     0
290
     0
176
     0
290
     0
176
     0
 90
       50
176
     0
 40
0.0
176
     0
 40
1.0
176
     0
 90
        0
176
     0
 62
    18
420
        0
176
     0
 90
       50
176
     0
 90
        3
176
     0
 62
     5
420
      255
176
     0
290
     0
176
     0
 90
       50
176
     0
 90
       50
176
     0
 90
       50
176
     0
290
     0
176
     0
 90
       50
176
     0
 62
   256
176
     0
 40
1.0
176
     0
 90
        2
176
     0
  1
strokes_ogs.tif
176
     0
290
     0
176
     0
 40
1.0
176
     0
 40
1.0
176
     0
  0
VISUALSTYLE
  5
FD
102
{ACAD_REACTORS
330
EF
102
}
330
EF
100
AcDbVisualStyle
  2
Linepattern
 70
    14
177
     3
291
     1
 70
    58
 90
        2
176
     1
 90
        2
176
     1
 90
        1
176
     1
 90
        0
176
     1
 40
-0.6
176
     1
 40
-30.0
176
     1
 62
     7
420
 16777215
176
     1
 90
        1
176
     1
 90
        4
176
     1
 62
     7
176
     1
 62
   257
176
     1
 90
        7
176
     1
 90
        7
176
     1
 40
1.0
176
     1
 90
        8
176
     1
 62
     7
176
     1
 40
1.0
176
     1
 90
        1
176
     1
 90
        6
176
     1
 90
        2
176
     1
 62
     7
176
     1
 90
        5
176
     1
 90
        0
176
     1
 90
        0
176
     1
290
     0
176
     1
 90
        1
176
     1
 40
0.0
176
     1
 90
        0
176
     1
290
     0
176
     1
290
     1
176
     1
290
     1
176
     1
290
     0
176
     1
290
     0
176
     1
290
     0
176
     1
290
     0
176
     1
290
     0
176
     1
290
     0
176
     1
 90
       50
176
     1
 40
0.0
176
     1
 40
1.0
176
     1
 90
        0
176
     1
 62
    18
420
        0
176
     1
 90
       50
176
     1
 90
        3
176
     1
 62
     5
420
      255
176
     1
290
     0
176
     1
 90
       50
176
     1
 90
       50
176
     1
 90
       50
176
     1
290
     0
176
     1
 90
       50
176
     1
 62
   256
176
     0
 40
1.0
176
     0
 90
        2
176
     1
  1
strokes_ogs.tif
176
     1
290
     0
176
     1
 40
1.0
176
     1
 40
1.0
176
     1
  0
VISUALSTYLE
  5
35D
102
{ACAD_REACTORS
330
EF
102
}
330
EF
100
AcDbVisualStyle
  2
OverhangOff
 70
    21
177
     3
291
     1
 70
    58
 90
        2
176
     0
 90
        2
176
     0
 90
        0
176
     0
 90
        0
176
     0
 40
0.6
176
     0
 40
30.0
176
     0
 62
     7
420
 16777215
176
     0
 90
        1
176
     0
 90
        4
176
     0
 62
     7
176
     0
 62
   257
176
     0
 90
        1
176
     0
 90
        1
176
     0
 40
1.0
176
     0
 90
        9
176
     2
 62
     7
176
     0
 40
1.0
176
     0
 90
        1
176
     0
 90
        6
176
     0
 90
        2
176
     0
 62
     7
176
     0
 90
        5
176
     0
 90
        0
176
     0
 90
        0
176
     0
290
     0
176
     0
 90
        1
176
     0
 40
0.0
176
     0
 90
        0
176
     0
290
     0
176
     0
290
     1
176
     0
290
     1
176
     0
290
     0
176
     0
290
     0
176
     0
290
     0
176
     0
290
     0
176
     0
290
     0
176
     0
290
     0
176
     0
 90
       50
176
     0
 40
0.0
176
     0
 40
1.0
176
     0
 90
        0
176
     0
 62
    18
420
        0
176
     0
 90
       50
176
     0
 90
        3
176
     0
 62
     5
420
      255
176
     0
290
     0
176
     0
 90
       50
176
     0
 90
       50
176
     0
 90
       50
176
     0
290
     0
176
     0
 90
       50
176
     0
 62
   256
176
     0
 40
1.0
176
     0
 90
        2
176
     0
  1
strokes_ogs.tif
176
     0
290
     0
176
     0
 40
1.0
176
     0
 40
1.0
176
     0
  0
VISUALSTYLE
  5
F9
102
{ACAD_REACTORS
330
EF
102
}
330
EF
100
AcDbVisualStyle
  2
Realistic
 70
     8
177
     3
291
     0
 70
    58
 90
        2
176
     1
 90
        2
176
     1
 90
        1
176
     1
 90
        0
176
     1
 40
-0.6
176
     1
 40
-30.0
176
     1
 62
     7
420
 16777215
176
     1
 90
        1
176
     1
 90
        0
176
     1
 62
     7
176
     1
 62
   257
176
     1
 90
        1
176
     1
 90
        1
176
     1
 40
1.0
176
     1
 90
        8
176
     1
 62
     8
420
  7895160
176
     1
 40
1.0
176
     1
 90
        1
176
     1
 90
        6
176
     1
 90
        2
176
     1
 62
     7
176
     1
 90
        5
176
     1
 90
        0
176
     1
 90
        0
176
     1
290
     0
176
     1
 90
       13
176
     1
 40
0.0
176
     1
 90
        0
176
     1
290
     0
176
     1
290
     1
176
     1
290
     1
176
     1
290
     0
176
     1
290
     0
176
     1
290
     0
176
     1
290
     0
176
     1
290
     0
176
     1
290
     0
176
     1
 90
       50
176
     1
 40
0.0
176
     1
 40
1.0
176
     1
 90
        0
176
     1
 62
    18
420
        0
176
     1
 90
       50
176
     1
 90
        3
176
     1
 62
     5
420
      255
176
     1
290
     0
176
     1
 90
       50
176
     1
 90
       50
176
     1
 90
       50
176
     1
290
     0
176
     1
 90
       50
176
     1
 62
   256
176
     0
 40
1.0
176
     0
 90
        2
176
     1
  1
strokes_ogs.tif
176
     1
290
     0
176
     1
 40
1.0
176
     1
 40
1.0
176
     1
  0
VISUALSTYLE
  5
363
102
{ACAD_REACTORS
330
EF
102
}
330
EF
100
AcDbVisualStyle
  2
Shaded
 70
    27
177
     3
291
     0
 70
    58
 90
        2
176
     1
 90
        2
176
     1
 90
        1
176
     1
 90
        2
176
     1
 40
0.6
176
     1
 40
30.0
176
     1
 62
     7
420
 16777215
176
     1
 90
        0
176
     1
 90
        4
176
     1
 62
     7
176
     1
 62
   257
176
     1
 90
        1
176
     1
 90
        1
176
     1
 40
1.0
176
     1
 90
        8
176
     1
 62
   257
176
     1
 40
1.0
176
     1
 90
        1
176
     1
 90
        6
176
     1
 90
        2
176
     1
 62
     8
420
  7895160
176
     1
 90
        3
176
     1
 90
        0
176
     1
 90
        0
176
     1
290
     0
176
     1
 90
        5
176
     1
 40
0.0
176
     1
 90
        0
176
     1
290
     0
176
     1
290
     1
176
     1
290
     1
176
     1
290
     0
176
     1
290
     0
176
     1
290
     0
176
     1
290
     0
176
     1
290
     0
176
     1
290
     0
176
     1
 90
       50
176
     1
 40
0.0
176
     1
 40
1.0
176
     1
 90
        0
176
     1
 62
    18
420
        0
176
     1
 90
       50
176
     1
 90
        3
176
     1
 62
     5
420
      255
176
     1
290
     0
176
     1
 90
       50
176
     1
 90
       50
176
     1
 90
       50
176
     1
290
     0
176
     1
 90
       50
176
     1
 62
   256
176
     0
 40
1.0
176
     0
 90
        2
176
     1
  1
strokes_ogs.tif
176
     1
290
     0
176
     1
 40
1.0
176
     1
 40
1.0
176
     1
  0
VISUALSTYLE
  5
362
102
{ACAD_REACTORS
330
EF
102
}
330
EF
100
AcDbVisualStyle
  2
Shaded with edges
 70
    26
177
     3
291
     0
 70
    58
 90
        2
176
     1
 90
        2
176
     1
 90
        1
176
     1
 90
        2
176
     1
 40
0.6
176
     1
 40
30.0
176
     1
 62
     7
420
 16777215
176
     1
 90
        1
176
     1
 90
       10
176
     1
 62
     7
176
     1
 62
   257
176
     1
 90
        2
176
     1
 90
        1
176
     1
 40
1.0
176
     1
 90
        8
176
     1
 62
   257
176
     1
 40
1.0
176
     1
 90
        1
176
     1
 90
        6
176
     1
 90
        2
176
     1
 62
     7
176
     1
 90
        3
176
     1
 90
        0
176
     1
 90
        0
176
     1
290
     0
176
     1
 90
        5
176
     1
 40
0.0
176
     1
 90
        0
176
     1
290
     0
176
     1
290
     1
176
     1
290
     1
176
     1
290
     0
176
     1
290
     0
176
     1
290
     0
176
     1
290
     0
176
     1
290
     0
176
     1
290
     0
176
     1
 90
       50
176
     1
 40
0.0
176
     1
 40
1.0
176
     1
 90
        0
176
     1
 62
    18
420
        0
176
     1
 90
       50
176
     1
 90
        3
176
     1
 62
     5
420
      255
176
     1
290
     0
176
     1
 90
       50
176
     1
 90
       50
176
     1
 90
       50
176
     1
290
     0
176
     1
 90
       50
176
     1
 62
   256
176
     0
 40
1.0
176
     0
 90
        2
176
     1
  1
strokes_ogs.tif
176
     1
290
     0
176
     1
 40
1.0
176
     1
 40
1.0
176
     1
  0
VISUALSTYLE
  5
35F
102
{ACAD_REACTORS
330
EF
102
}
330
EF
100
AcDbVisualStyle
  2
Shades of Gray
 70
    23
177
     3
291
     0
 70
    58
 90
        2
176
     1
 90
        2
176
     1
 90
        3
176
     1
 90
        0
176
     1
 40
0.6
176
     1
 40
30.0
176
     1
 62
     7
420
 16777215
176
     1
 90
        2
176
     1
 90
        2
176
     1
 62
     7
176
     1
 62
     7
176
     1
 90
        1
176
     1
 90
        1
176
     1
 40
40.0
176
     1
 90
        8
176
     1
 62
     7
176
     1
 40
1.0
176
     1
 90
        1
176
     1
 90
        6
176
     1
 90
        2
176
     1
 62
     7
176
     1
 90
        3
176
     1
 90
        0
176
     1
 90
        0
176
     1
290
     0
176
     1
 90
        1
176
     1
 40
0.0
176
     1
 90
        0
176
     1
290
     0
176
     1
290
     1
176
     1
290
     1
176
     1
290
     0
176
     1
290
     0
176
     1
290
     0
176
     1
290
     0
176
     1
290
     0
176
     1
290
     0
176
     1
 90
       50
176
     1
 40
0.0
176
     1
 40
1.0
176
     1
 90
        0
176
     1
 62
    18
420
        0
176
     1
 90
       50
176
     1
 90
        3
176
     1
 62
     5
420
      255
176
     1
290
     0
176
     1
 90
       50
176
     1
 90
       50
176
     1
 90
       50
176
     1
290
     0
176
     1
 90
       50
176
     1
 62
   256
176
     0
 40
1.0
176
     0
 90
        2
176
     1
  1
strokes_ogs.tif
176
     1
290
     0
176
     1
 40
1.0
176
     1
 40
1.0
176
     1
  0
VISUALSTYLE
  5
360
102
{ACAD_REACTORS
330
EF
102
}
330
EF
100
AcDbVisualStyle
  2
Sketchy
 70
    24
177
     3
291
     0
 70
    58
 90
        1
176
     1
 90
        2
176
     1
 90
        2
176
     1
 90
        0
176
     1
 40
0.6
176
     1
 40
30.0
176
     1
 62
     7
420
 16777215
176
     1
 90
        2
176
     1
 90
        2
176
     1
 62
     7
176
     1
 62
     7
176
     1
 90
        1
176
     1
 90
        1
176
     1
 40
40.0
176
     1
 90
       11
176
     1
 62
     7
176
     1
 40
1.0
176
     1
 90
        1
176
     1
 90
        6
176
     1
 90
        2
176
     1
 62
     7
176
     1
 90
        6
176
     1
 90
        0
176
     1
 90
        0
176
     1
290
     0
176
     1
 90
        1
176
     1
 40
0.0
176
     1
 90
        0
176
     1
290
     0
176
     1
290
     1
176
     1
290
     1
176
     1
290
     0
176
     1
290
     0
176
     1
290
     0
176
     1
290
     0
176
     1
290
     0
176
     1
290
     0
176
     1
 90
       50
176
     1
 40
0.0
176
     1
 40
1.0
176
     1
 90
        0
176
     1
 62
    18
420
        0
176
     1
 90
       50
176
     1
 90
        3
176
     1
 62
     5
420
      255
176
     1
290
     0
176
     1
 90
       50
176
     1
 90
       50
176
     1
 90
       50
176
     1
290
     0
176
     1
 90
       50
176
     1
 62
   256
176
     0
 40
1.0
176
     0
 90
        2
176
     1
  1
strokes_ogs.tif
176
     1
290
     0
176
     1
 40
1.0
176
     1
 40
1.0
176
     1
  0
VISUALSTYLE
  5
FC
102
{ACAD_REACTORS
330
EF
102
}
330
EF
100
AcDbVisualStyle
  2
Thicken
 70
    13
177
     3
291
     1
 70
    58
 90
        2
176
     1
 90
        2
176
     1
 90
        1
176
     1
 90
        0
176
     1
 40
-0.6
176
     1
 40
-30.0
176
     1
 62
     7
420
 16777215
176
     1
 90
        1
176
     1
 90
        4
176
     1
 62
     7
176
     1
 62
   257
176
     1
 90
        1
176
     1
 90
        1
176
     1
 40
1.0
176
     1
 90
       12
176
     1
 62
     7
176
     1
 40
1.0
176
     1
 90
        1
176
     1
 90
        6
176
     1
 90
        2
176
     1
 62
     7
176
     1
 90
        5
176
     1
 90
        0
176
     1
 90
        0
176
     1
290
     0
176
     1
 90
        1
176
     1
 40
0.0
176
     1
 90
        0
176
     1
290
     0
176
     1
290
     1
176
     1
290
     1
176
     1
290
     0
176
     1
290
     0
176
     1
290
     0
176
     1
290
     0
176
     1
290
     0
176
     1
290
     0
176
     1
 90
       50
176
     1
 40
0.0
176
     1
 40
1.0
176
     1
 90
        0
176
     1
 62
    18
420
        0
176
     1
 90
       50
176
     1
 90
        3
176
     1
 62
     5
420
      255
176
     1
290
     0
176
     1
 90
       50
176
     1
 90
       50
176
     1
 90
       50
176
     1
290
     0
176
     1
 90
       50
176
     1
 62
   256
176
     0
 40
1.0
176
     0
 90
        2
176
     1
  1
strokes_ogs.tif
176
     1
290
     0
176
     1
 40
1.0
176
     1
 40
1.0
176
     1
  0
VISUALSTYLE
  5
35A
102
{ACAD_REACTORS
330
EF
102
}
330
EF
100
AcDbVisualStyle
  2
Wireframe
 70
     5
177
     3
291
     0
 70
    58
 90
        0
176
     1
 90
        2
176
     1
 90
        0
176
     1
 90
        0
176
     1
 40
0.6
176
     1
 40
30.0
176
     1
 62
     7
420
 16777215
176
     1
 90
        1
176
     1
 90
        4
176
     1
 62
     7
176
     1
 62
   257
176
     1
 90
        1
176
     1
 90
        1
176
     1
 40
1.0
176
     1
 90
        0
176
     1
 62
   257
176
     1
 40
1.0
176
     1
 90
        1
176
     1
 90
        6
176
     1
 90
        2
176
     1
 62
     7
176
     1
 90
        3
176
     1
 90
        0
176
     1
 90
        0
176
     1
290
     0
176
     1
 90
        1
176
     1
 40
0.0
176
     1
 90
        0
176
     1
290
     0
176
     1
290
     1
176
     1
290
     1
176
     1
290
     0
176
     1
290
     0
176
     1
290
     0
176
     1
290
     0
176
     1
290
     0
176
     1
290
     0
176
     1
 90
       50
176
     1
 40
0.0
176
     1
 40
1.0
176
     1
 90
        0
176
     1
 62
    18
420
        0
176
     1
 90
       50
176
     1
 90
        3
176
     1
 62
     5
420
      255
176
     1
290
     0
176
     1
 90
       50
176
     1
 90
       50
176
     1
 90
       50
176
     1
290
     0
176
     1
 90
       50
176
     1
 62
   256
176
     0
 40
1.0
176
     0
 90
        2
176
     1
  1
strokes_ogs.tif
176
     1
290
     0
176
     1
 40
1.0
176
     1
 40
1.0
176
     1
  0
VISUALSTYLE
  5
361
102
{ACAD_REACTORS
330
EF
102
}
330
EF
100
AcDbVisualStyle
  2
X-Ray
 70
    25
177
     3
291
     0
 70
    58
 90
        2
176
     1
 90
        2
176
     1
 90
        1
176
     1
 90
        1
176
     1
 40
0.5
176
     1
 40
30.0
176
     1
 62
     7
420
 16777215
176
     1
 90
        1
176
     1
 90
        0
176
     1
 62
     7
176
     1
 62
   257
176
     1
 90
        1
176
     1
 90
        1
176
     1
 40
1.0
176
     1
 90
        8
176
     1
 62
     7
176
     1
 40
1.0
176
     1
 90
        1
176
     1
 90
        6
176
     1
 90
        2
176
     1
 62
     7
176
     1
 90
        3
176
     1
 90
        0
176
     1
 90
        0
176
     1
290
     0
176
     1
 90
       13
176
     1
 40
0.0
176
     1
 90
        0
176
     1
290
     0
176
     1
290
     1
176
     1
290
     1
176
     1
290
     0
176
     1
290
     0
176
     1
290
     0
176
     1
290
     0
176
     1
290
     0
176
     1
290
     0
176
     1
 90
       50
176
     1
 40
0.0
176
     1
 40
1.0
176
     1
 90
        0
176
     1
 62
    18
420
        0
176
     1
 90
       50
176
     1
 90
        3
176
     1
 62
     5
420
      255
176
     1
290
     0
176
     1
 90
       50
176
     1
 90
       50
176
     1
 90
       50
176
     1
290
     0
176
     1
 90
       50
176
     1
 62
   256
176
     0
 40
1.0
176
     0
 90
        2
176
     1
  1
strokes_ogs.tif
176
     1
290
     0
176
     1
 40
1.0
176
     1
 40
1.0
176
     1
  0
DICTIONARYVAR
  5
146
102
{ACAD_REACTORS
330
5E
102
}
330
5E
100
DictionaryVariables
280
     0
  1
1:1
  0
DICTIONARYVAR
  5
145
102
{ACAD_REACTORS
330
5E
102
}
330
5E
100
DictionaryVariables
280
     0
  1
Standard
  0
DICTIONARYVAR
  5
84
102
{ACAD_REACTORS
330
5E
102
}
330
5E
100
DictionaryVariables
280
     0
  1
Standard
  0
DICTIONARYVAR
  5
5F
102
{ACAD_REACTORS
330
5E
102
}
330
5E
100
DictionaryVariables
280
     0
  1
2
  0
DICTIONARYVAR
  5
63
102
{ACAD_REACTORS
330
5E
102
}
330
5E
100
DictionaryVariables
280
     0
  1
1
  0
DICTIONARYVAR
  5
1AE
102
{ACAD_REACTORS
330
5E
102
}
330
5E
100
DictionaryVariables
280
     0
  1
0
  0
DICTIONARYVAR
  5
1AF
102
{ACAD_REACTORS
330
5E
102
}
330
5E
100
DictionaryVariables
280
     0
  1
0
  0
DICTIONARYVAR
  5
356
102
{ACAD_REACTORS
330
5E
102
}
330
5E
100
DictionaryVariables
280
     0
  1
0
  0
XRECORD
  5
98D
102
{ACAD_REACTORS
330
34E
102
}
330
34E
100
AcDbXrecord
280
     1
300
MC_VERSION_DATA
 90
       95
310
0600000002000000570000001C000000E404000000000000000000007801936764E5D8CFFA9993818115C460606066E0646662626666706006F218793899F8DE3171E725E6E53B3BBA2878E6951050AF75FEFFFFFF520036E40F2657000000
  0
XRECORD
  5
357
102
{ACAD_REACTORS
330
34E
102
}
330
34E
100
AcDbXrecord
280
     1
300
MCS_DOCUMENT_ID
 90
       60
310
0600000002000000150000001C000000E404000000000000000000007801E395BEC62DD9EAE2E83ECD6FB1F9F17EF7E3FF810000555B0A9215000000
  0
XRECORD
  5
365
102
{ACAD_REACTORS
330
34E
102
}
330
34E
100
AcDbXrecord
280
     1
300
MCS_PARAMS_DATA
 90
     3313
310
0600000002000000F64B00001C000000E404000000000000000000007801C55C5B6C5CC519DE9D595FD6B9DF494B53970A1A6F4A58DF92A6426A1A1210527090E23EF0543976A2BA75E25CAC160A6DA92AF5A55255A96AD556551F4A49A0CF15A03EC0438190865E482021147221409310B6900B3826B1FB7F7366CEFC73E6
310
1CAFBDDE3D9B07D8FF3F73CEF7DFE6FB67E6ECBA757EA3143929F767A4FCCE8636299AA49C90529036BB402C105929F279912F89C6DEAF6FD8BC69AB14A46C51EAC2B9898909BA39945F872C1FCD848A834A91A13B1AD51D6D5266E8A9FAF627E9AABE92BD45CA6F03BD81A3CFC24D59D990C96408C7E066656E0232E13A03
310
14B0AB01724443F05CC3F08780DFC8F19B03FC710A073DC8486413411B49060E3311A05C24C45064703B01D7CCE196A818E5C59C9268B967CBD6DED68ED59DC52EEB78BEF08E09F8223D745649346F1DE9DB35D0B777C089FC5FC3C8EB60BF1A286CF47FE3467F17CC59C5CD990B0CD948C1A77FB9F5CA0E4F479188EA541E
310
3C25A2E22BC99C8892456878B2821857F6B05492C2AD881B41409C21325211340605C9C6DC6006EC49AC088A0CCBB25B1159B72248E415019155047D5453031360047082A7405D92B72AB0F03379693EAB50870260AC609E2C6F6510BB3D081DFE4EF5EFECD71494A7B3590EC7F12C5B25CB32539229914732934ECE22AF1D
310
D259AC8B7B7649E437DE7BDFA69EADF76EE95186E95A7ED74C032DBFA66A9BF1CEF341B19B78E45DDED9EF56FE29189043E4814BF734E1FF34659991678231F23A51010DA578E8294D435524988818E84710A7B2643B4F7C134F5CC6936D1E4176D01398C4D0A83AE0A6BDC86B0BB5C3E1E8299D70A5A945AC12322FE697C4
310
9C8DC3BBBE34D2BA77FBEEA1BEFEED79D15C120DF70F0FEE1A093EF60C8FF47F4BCAB3B0ED666EDB17F5733E2B445B5E2C298985C507BB8BEBBA3A3A3774178B1D777FA5B36B9D327BBE1ED84C030BC74C9EDAB5B64D88BC405AEF1E1CD9D73A34B88F70838775AD5DDBD1B9B6BBABBB73A0ABA37F5D7BE0E757F57D1DB80F
310
037BFBB60D6D6F1DDED1DA3B3CB47D6FDF2EF8A0AD5933506CEF2FF6F7ADD9D6B56D5DFF9A60D6A95222FF670B51F8295953F8455019945B7EE9315C7A8AFEC352DE9D4B4A5050256AA6D1B42D5F0C265BEED4473538E9811F770DEFDCDD3732B86D706870E4A1D69DC303E45F6349C807B6EFCB8B8692103DC352AE816545
310
9E9E798813B5E9A692C86DD9B1A355A5424F8E0BF018466AF90D150136590E2905AA568F782650907D5A7180140B84AD0159F8156902B8F63BDA8BE1A72E29AF48322EA98B5F578631B6F5489B26184C63434803DB221A328E6B58DEAED6DB808FEB6DC068BD0DF8A4DE065CABB7018B3045EB390B3EAD7704C6EA6DC07518
310
10B79C17773A0DB6C361F03BDD064B22C8C7303844629E5064B47323116EB9039777E096BB70247238880C6E39831B9F221C81B3E543C57019D4736C30574EE2DD4AD73B12B9771099772B997713E97A974DF4CECD5D9582B938116EC00926492C777A7F676A8F441E4C882C98032C983211AE26DE8974E196022EC7174366
310
F9AE62C95769E105B5C4B012E2E82ED8CD3516C5E34D519CF0D1F6765A8551C6CC0505130A3E8ABEC46EF81CED54DC1DA04AB7BC4DB0CA082453194AB29B82400C2B438BA6322032B88FE093B3E13470C11297490C8EEF78E88158D51A8AD42283A38F61044E78707A57F8BBDFE2DF2167F36975041D1DA7FCF59430C35792
310
05112533A905D5D3CAAB4759DBB4CA160F3E9309466F934A1794E7E1154C402D3088858048DCDF7EA3E7FECD5B7A7B376D5480CBF43A7E5E49CCBE6BEB37D945B2402FC65F52AB73B67E7F3A58AE93F37A04F6B7011D680556EBCCA2819BC8A21C320F385BBDB4EE56E6E32CE2CB18E358AD7676B4C7C096B1674BAF7B1278
310
1E906198B0DF8681EA696AF34D20563061CAB731C0DB01185B8B0DCA46538BD880EB0E2C6FC3120B40E62289BC162112587895C11513E18290E892090EBF46A9321968C513E0BB89A0AE8F2431B88A7DFC9E07A7BD0A8E668E3AF3CDEA083A3A8ECFB770A00AB53712018F2859D8DB3D93C2E4D422CB77A40BB73A5DB807A7
310
0857A5727AC8838BE45965D0D3D5B29CBEEF99145F4E558AC0C3E9C23D922EDC0FD285FBA107E7958EEDE721E98018A3E3AAC64E7F5C166D7ABA81B65C437BB31D766C74A6ED6E1FBC2766B7AFDAD87156F9771BF44A2A724C461AB43EE729AAFB710D63E2111810BBA3ABC9AE6037E09AB9BF3AB40BE8309F8736AB64CAB2
310
BE7E3364E5AC569CA6976081AF5A311628A8EF68C5B3A4609E3E86AC3AA156E3E83562F4B5A292099A878C61EB3B549CF92354989982613F016CE7AD5A4D09AA1F5126387AAD451EE384D9C035A925859E39C1AA865EE9A9B8DA21CEE289167F7CF1D4C4BC7A125EC5AED5D8BB0B5A9D9144D134CFA71BF85A8D44BE568348
310
F6AA55A2F3CAEACF6982FD29118CC249D3CBF852A586F278BA70FBD3853B90085793EDE51E143F0AD06C6B4CB2242BDDBDD1419166C2865E85F9CE1648F3CBF54B2E655D5432557AB8C599EEE6E763403914E55050D879E2BFFA30F366F009F0CB378371CA9B99D05949929DD07465EA8797A3808B6B06B9536E64AF9C844C
310
903AF2F3709D3783A318A078E4F37AEBBCEC2DD1B228B722F785DC2DB9D64C476675A63353CC74E937B1FA39BFA7DB58A6AFC19E49583A4A9B6110A6BA038D3C80418F79D091B18A763C1D8524AA5361F194EC4CC4B23EDBA3192533E95398E41423EB6DCA1C239B4DBF91D13F6D762A6897D7013D496371DC8BECCAA7D45E
310
0C251095ABC98AA38E1B6540CD3DACF829EF15C38D27C2B92DA64A071D13897001094F16523EC1C9E5A99FF465029665AB5B13C49AF8984D174EA40B273D389D33BB29A272F6749622C2719C22AC925104534E7A8CF33714555C6B3CF3BE4BE0AF28994CA9B8353E0F28878DD26D8D2F007FBAAD11BD305CEB4EAB35BE08B8
310
B8D678FEB81BD9134AB6ADF10A644BBEF9C2334A81E4EAA6772450D87DD2AF49C178F020A0EBD3055FF292CC5B8AB3FC4114C86BA708ACDB15F49C43C04EBBE7FCBD0CA8A1CB2AF59CC3897035E1E39713E16AD873FE91085A131FFF19C04DBEDBF8D75406FD3B3A2842E56C8ABE82A171BC3BF89ECB0E0F287926BC7B0450
310
75E4DDA3C09F2EEF56BE2579157071BCBBE7881BD93E255BDE7D04B225A07C61BD5230DE1DBA8C1158736B225E412358525F03747D78F79897E472BCCBAF5BAF2BA0DDE3804E9B765F2F035A65DA3D910857134A7A2311AE52DA8D6E0E9C1341735A873DD47F12A16BE2E99BE9C275792B70532835F1AEDB838B7404B509F7
310
74C449519D9AA19EB28205FF5B08785CE3F9307262735AC933693C270155C7C6730AF8E9359ED3808B6B3CA387DDC6734EC9B6F1C897238DE72006D89713F9C2E58B91C6F3388D608DE70CA0A7DA7866D30F8008DC16BEAA2D26A2AAB848F4108A0CF46D0F54D7A73989E2C56D75B6B8431D2F6EAB64C5CD94644C04869974
310
1626C5B6A280378D1BEE62BCE2C3917700E714386FAA719B1D7E7D464DF7DD444F8317374E8CAA75BEF65E19D0F8F0523EC21D7470DCC60B8CAEF29753FC38EF4760CFDBF99B4673F680D0869F6742513F06849341B61DF57EE3400A02734628D75C0DBC8B68A868B98655ECA330208EA3C6F1B52E3DF1E8849E2433679564
310
431A886148B568E62C4406F75F64308EFD2F9D7039EA6D259B5B2BF91AD8396F72B01004EFC5CD6C88F911E8CCDF849C077E5C64E9488747967101058B73015D99FA9B900B808B63FFB117DCC85E50324556799F2F34BC086EC70CD18A4318C0D9FF2AB6807CDB718046B0A4BE0FE8B4D9FFA207EA504E3D7E65FA014C7226
310
B329B0E8D703AAFEBAA304E869379E693123CD68457958A4FF2F11AE86ECFF6119D078F6E7138AD87FF2370F86D6E1E34789702D76FED2134932CCA824CB8C811832A3160D33426421BD940847AF6F0C11D33DEECB1CFE9B7175D1F926045DE5BD8DBFBDBE9C081764D0049324E6DDB40A8607F34A225C4D16463974B5B836
310
F3B3A32E193EACE499B49986C93A780A6DA631A981D7A6CD34012EAECDFCF23937B23F51B26D337F80CCDBCC36A5C0ECD07DE7E7A7236D663D8D6033A419D0536D33E07F56B8C4CA7C0D48229F9610695A461A0883CE7B494E8DD95B004DF38E8247AB09FE45AC1A52EDAC32A0861DD8DA85D8A76276989D08579353913989
310
700119397510D9BB4CAB9DF096393711B4263ECE4B176E7EBA700B3C389DB3F0B5335AA6A7234288EA142D784A9083AFB414616018456CF64C3293C4CD2F49D3E5A5F0410CEE3E0F2E6A6FEA11580893E29AEE529C2FC11C4DF48D4AA628982DB44A422820F8563073C8F989CF2240392BED74F7768B819FDEDE6E09E0E29A
310
EE0AFA030B3CB273954C91D5916E83CC9BEE074FAB1E6B73B11CFB6CBEB73B4C23589D2D05F4CC9AAE2E4C768646F0614DBB4BD40606BDCC4B726A4DF72640A7DD749797013521AB4ED3C5971C1BF2225712D922FD192CAA82F186C253F467B664EED8B163100EA1787299890C1D4314EEF90B040C236113FD72905624B8F0
310
99FF03A92412CEF64B0000
  0
ACDB_BLOCKREPRESENTATION_DATA
  5
68B
102
{ACAD_REACTORS
330
68A
102
}
330
68A
100
AcDbBlockRepresentationData
 70
     1
340
68C
  0
DICTIONARY
  5
358
330
22
100
AcDbDictionary
280
     1
281
     1
  3
CSD_PLOT_CONFIG
360
359
  0
DICTIONARY
  5
98E
330
7F
100
AcDbDictionary
280
     1
281
     1
  3
ACAD_ROUNDTRIP_2008_TABLESTYLE_CELLSTYLEMAP
360
98F
  0
LAYOUTPRINTCONFIG
  5
359
102
{ACAD_REACTORS
330
358
102
}
330
358
100
AcDbEntity
  8
0
160
                 8
310
0800000000000000
100
CAcLayoutPrintConfig
 93
        0
  0
CELLSTYLEMAP
  5
98F
102
{ACAD_REACTORS
330
98E
102
}
330
98E
100
AcDbCellStyleMap
 90
        3
300
CELLSTYLE
  1
TABLEFORMAT_BEGIN
 90
        5
170
     1
 91
        0
 92
    32768
 62
   257
 93
        1
300
CONTENTFORMAT
  1
CONTENTFORMAT_BEGIN
 90
        0
 91
        0
 92
      512
 93
        0
300

 40
0.0
140
1.0
 94
        5
 62
     0
340
11
144
6.0
309
CONTENTFORMAT_END
171
     1
301
MARGIN
  1
CELLMARGIN_BEGIN
 40
1.5
 40
1.5
 40
1.5
 40
1.5
 40
4.5
 40
4.5
309
CELLMARGIN_END
 94
        6
 95
        1
302
GRIDFORMAT
  1
GRIDFORMAT_BEGIN
 90
        0
 91
        1
 62
     0
 92
       -2
340
14
 93
        0
 40
1.125
309
GRIDFORMAT_END
 95
        2
302
GRIDFORMAT
  1
GRIDFORMAT_BEGIN
 90
        0
 91
        1
 62
     0
 92
       -2
340
14
 93
        0
 40
1.125
309
GRIDFORMAT_END
 95
        4
302
GRIDFORMAT
  1
GRIDFORMAT_BEGIN
 90
        0
 91
        1
 62
     0
 92
       -2
340
14
 93
        0
 40
1.125
309
GRIDFORMAT_END
 95
        8
302
GRIDFORMAT
  1
GRIDFORMAT_BEGIN
 90
        0
 91
        1
 62
     0
 92
       -2
340
14
 93
        0
 40
1.125
309
GRIDFORMAT_END
 95
       16
302
GRIDFORMAT
  1
GRIDFORMAT_BEGIN
 90
        0
 91
        1
 62
     0
 92
       -2
340
14
 93
        0
 40
1.125
309
GRIDFORMAT_END
 95
       32
302
GRIDFORMAT
  1
GRIDFORMAT_BEGIN
 90
        0
 91
        1
 62
     0
 92
       -2
340
14
 93
        0
 40
1.125
309
GRIDFORMAT_END
309
TABLEFORMAT_END
  1
CELLSTYLE_BEGIN
 90
        1
 91
        1
300
_TITLE
309
CELLSTYLE_END
300
CELLSTYLE
  1
TABLEFORMAT_BEGIN
 90
        5
170
     1
 91
        0
 92
        0
 62
   257
 93
        1
300
CONTENTFORMAT
  1
CONTENTFORMAT_BEGIN
 90
        0
 91
        0
 92
      512
 93
        0
300

 40
0.0
140
1.0
 94
        5
 62
     0
340
11
144
4.5
309
CONTENTFORMAT_END
171
     1
301
MARGIN
  1
CELLMARGIN_BEGIN
 40
1.5
 40
1.5
 40
1.5
 40
1.5
 40
4.5
 40
4.5
309
CELLMARGIN_END
 94
        6
 95
        1
302
GRIDFORMAT
  1
GRIDFORMAT_BEGIN
 90
        0
 91
        1
 62
     0
 92
       -2
340
14
 93
        0
 40
1.125
309
GRIDFORMAT_END
 95
        2
302
GRIDFORMAT
  1
GRIDFORMAT_BEGIN
 90
        0
 91
        1
 62
     0
 92
       -2
340
14
 93
        0
 40
1.125
309
GRIDFORMAT_END
 95
        4
302
GRIDFORMAT
  1
GRIDFORMAT_BEGIN
 90
        0
 91
        1
 62
     0
 92
       -2
340
14
 93
        0
 40
1.125
309
GRIDFORMAT_END
 95
        8
302
GRIDFORMAT
  1
GRIDFORMAT_BEGIN
 90
        0
 91
        1
 62
     0
 92
       -2
340
14
 93
        0
 40
1.125
309
GRIDFORMAT_END
 95
       16
302
GRIDFORMAT
  1
GRIDFORMAT_BEGIN
 90
        0
 91
        1
 62
     0
 92
       -2
340
14
 93
        0
 40
1.125
309
GRIDFORMAT_END
 95
       32
302
GRIDFORMAT
  1
GRIDFORMAT_BEGIN
 90
        0
 91
        1
 62
     0
 92
       -2
340
14
 93
        0
 40
1.125
309
GRIDFORMAT_END
309
TABLEFORMAT_END
  1
CELLSTYLE_BEGIN
 90
        2
 91
        1
300
_HEADER
309
CELLSTYLE_END
300
CELLSTYLE
  1
TABLEFORMAT_BEGIN
 90
        5
170
     1
 91
        0
 92
        0
 62
   257
 93
        1
300
CONTENTFORMAT
  1
CONTENTFORMAT_BEGIN
 90
        0
 91
        0
 92
      512
 93
        0
300

 40
0.0
140
1.0
 94
        2
 62
     0
340
11
144
4.5
309
CONTENTFORMAT_END
171
     1
301
MARGIN
  1
CELLMARGIN_BEGIN
 40
1.5
 40
1.5
 40
1.5
 40
1.5
 40
4.5
 40
4.5
309
CELLMARGIN_END
 94
        6
 95
        1
302
GRIDFORMAT
  1
GRIDFORMAT_BEGIN
 90
        0
 91
        1
 62
     0
 92
       -2
340
14
 93
        0
 40
1.125
309
GRIDFORMAT_END
 95
        2
302
GRIDFORMAT
  1
GRIDFORMAT_BEGIN
 90
        0
 91
        1
 62
     0
 92
       -2
340
14
 93
        0
 40
1.125
309
GRIDFORMAT_END
 95
        4
302
GRIDFORMAT
  1
GRIDFORMAT_BEGIN
 90
        0
 91
        1
 62
     0
 92
       -2
340
14
 93
        0
 40
1.125
309
GRIDFORMAT_END
 95
        8
302
GRIDFORMAT
  1
GRIDFORMAT_BEGIN
 90
        0
 91
        1
 62
     0
 92
       -2
340
14
 93
        0
 40
1.125
309
GRIDFORMAT_END
 95
       16
302
GRIDFORMAT
  1
GRIDFORMAT_BEGIN
 90
        0
 91
        1
 62
     0
 92
       -2
340
14
 93
        0
 40
1.125
309
GRIDFORMAT_END
 95
       32
302
GRIDFORMAT
  1
GRIDFORMAT_BEGIN
 90
        0
 91
        1
 62
     0
 92
       -2
340
14
 93
        0
 40
1.125
309
GRIDFORMAT_END
309
TABLEFORMAT_END
  1
CELLSTYLE_BEGIN
 90
        3
 91
        2
300
_DATA
309
CELLSTYLE_END
  0
ENDSEC
  0
SECTION
  2
ACDSDATA
 70
     2
 71
     2
  0
ACDSSCHEMA
 90
        0
  1
AcDb3DSolid_ASM_Data
  2
AcDbDs::ID
280
    10
 91
        0
  2
ASM_Data
280
    15
 91
        0
101
ACDSRECORD
 95
        0
 90
        1
  2
AcDbDs::TreatedAsObjectData
280
     1
291
     1
101
ACDSRECORD
 95
        0
 90
        2
  2
AcDbDs::Legacy
280
     1
291
     1
101
ACDSRECORD
  1
AcDbDs::ID
 90
        3
  2
AcDs:Indexable
280
     1
291
     1
101
ACDSRECORD
  1
AcDbDs::ID
 90
        4
  2
AcDbDs::HandleAttribute
280
     7
282
     1
  0
ACDSSCHEMA
 90
        1
  1
AcDbDs::TreatedAsObjectDataSchema
  2
AcDbDs::TreatedAsObjectData
280
     1
 91
        0
  0
ACDSSCHEMA
 90
        2
  1
AcDbDs::LegacySchema
  2
AcDbDs::Legacy
280
     1
 91
        0
  0
ACDSSCHEMA
 90
        3
  1
AcDbDs::IndexedPropertySchema
  2
AcDs:Indexable
280
     1
 91
        0
  0
ACDSSCHEMA
 90
        4
  1
AcDbDs::HandleAttributeSchema
  2
AcDbDs::HandleAttribute
280
     7
 91
        8
  0
ACDSRECORD
 90
        0
  2
AcDbDs::ID
280
    10
320
54A
  2
ASM_Data
280
    15
 94
     3635
310
414349532042696E61727946696C652855000000000000020000000C00000007214F70656E2044657369676E20416C6C69616E63652041434953204275696C646572070E41434953203231382E3030204E540718546875204D61792032312031333A32343A3035203230323606000000000000F03F068DEDB5A0F7C6B03E06
310
BBBDD7D9DF7CDB3D0D0961736D6865616465720CFFFFFFFF04FFFFFFFF070C3231392E302E302E35363030110D04626F64790C0200000004FFFFFFFF0CFFFFFFFF0C030000000CFFFFFFFF0CFFFFFFFF110E067265665F76740E036579650D066174747269620CFFFFFFFF04FFFFFFFF0CFFFFFFFF0CFFFFFFFF0C01000000
310
0C040000000C05000000110D046C756D700C0600000004FFFFFFFF0CFFFFFFFF0CFFFFFFFF0C070000000C01000000110D0E6579655F726566696E656D656E740CFFFFFFFF04FFFFFFFF070567726964200401000000070374726904010000000704737572660400000000070361646A040000000007046772616404000000
310
000709706F7374636865636B0400000000070473746F6C06000000A06BC07C3F07046E746F6C060000000000003E4007046473696C0600000000000000000708666C61746E6573730600000000000000000707706978617265610600000000000000000704686D617806000000000000000007066772696461720600000000
310
0000000007056D6772696404B80B0000070575677269640400000000070576677269640400000000070A656E645F6669656C6473110D0F7665727465785F74656D706C6174650CFFFFFFFF04FFFFFFFF0403000000040000000004010000000408000000110E067265665F76740E036579650D066174747269620CFFFFFFFF
310
04FFFFFFFF0CFFFFFFFF0CFFFFFFFF0C030000000C040000000C05000000110D057368656C6C0C0800000004FFFFFFFF0CFFFFFFFF0CFFFFFFFF0CFFFFFFFF0C090000000CFFFFFFFF0C03000000110E067265665F76740E036579650D066174747269620CFFFFFFFF04FFFFFFFF0CFFFFFFFF0CFFFFFFFF0C070000000C04
310
0000000C05000000110D04666163650C0A00000004FFFFFFFF0CFFFFFFFF0CFFFFFFFF0C0B0000000C070000000CFFFFFFFF0C0C0000000B0A0B110E05666D6573680E036579650D066174747269620CFFFFFFFF04FFFFFFFF0C0D0000000CFFFFFFFF0C09000000110D046C6F6F700CFFFFFFFF04FFFFFFFF0CFFFFFFFF0C
310
FFFFFFFF0C0E0000000C09000000110E05706C616E650D07737572666163650CFFFFFFFF04FFFFFFFF0CFFFFFFFF139E334B5F11036340A3CAABC87C646C4000000000000000001400000000000000000000000000000000000000000000F03F14000000000000F03F000000000000000000000000000000000B0B0B0B0B11
310
0E067265665F76740E036579650D066174747269620CFFFFFFFF04FFFFFFFF0CFFFFFFFF0C0A0000000C090000000C040000000C05000000110D06636F656467650CFFFFFFFF04FFFFFFFF0CFFFFFFFF0C0F0000000C100000000CFFFFFFFF0C110000000B0C0B00000004000000000CFFFFFFFF110D06636F656467650CFF
310
FFFFFF04FFFFFFFF0CFFFFFFFF0C120000000C0E0000000CFFFFFFFF0C130000000A0C0B00000004000000000CFFFFFFFF110D06636F656467650CFFFFFFFF04FFFFFFFF0CFFFFFFFF0C0E0000000C140000000CFFFFFFFF0C150000000B0C0B00000004000000000CFFFFFFFF110D04656467650C1600000004FFFFFFFF0C
310
FFFFFFFF0C1700000006182D4454FB21F9BF0C180000000600000000000000000C0E0000000C190000000B0707756E6B6E6F776E110D06636F656467650CFFFFFFFF04FFFFFFFF0CFFFFFFFF0C1A0000000C0F0000000CFFFFFFFF0C1B0000000A0C0B00000004000000000CFFFFFFFF110D04656467650C1C00000004FFFF
310
FFFF0CFFFFFFFF0C1D0000000600000000000000000C180000000600B04B378941B03F0C0F0000000C1E0000000B0707756E6B6E6F776E110D06636F656467650CFFFFFFFF04FFFFFFFF0CFFFFFFFF0C100000000C1F0000000CFFFFFFFF0C200000000A0C0B00000004000000000CFFFFFFFF110D04656467650C21000000
310
04FFFFFFFF0CFFFFFFFF0C220000000600000000000000000C17000000060010B6F3FDD4A83F0C100000000C230000000B0707756E6B6E6F776E110E0670746C6973740E036579650D066174747269620CFFFFFFFF04FFFFFFFF0CFFFFFFFF0CFFFFFFFF0C11000000110D067665727465780CFFFFFFFF04FFFFFFFF0CFFFF
310
FFFF0C1100000004020000000C24000000110D067665727465780CFFFFFFFF04FFFFFFFF0CFFFFFFFF0C1100000004020000000C25000000110E07656C6C697073650D0563757276650CFFFFFFFF04FFFFFFFF0CFFFFFFFF13AEE387CC5C046340FCFBA3A712656C4000000000000000001400000000000000000000000000
310
000000000000000000F03F147B14AE47E17A743F0000000000000000000000000000000006000000000000F03F0B0B110D06636F656467650CFFFFFFFF04FFFFFFFF0CFFFFFFFF0C1F0000000C120000000CFFFFFFFF0C260000000B0C0B00000004000000000CFFFFFFFF110D04656467650C2700000004FFFFFFFF0CFFFF
310
FFFF0C280000000600000000000000000C1D0000000600A8F1D24D62B03F0C120000000C290000000B0707756E6B6E6F776E110E0670746C6973740E036579650D066174747269620CFFFFFFFF04FFFFFFFF0CFFFFFFFF0CFFFFFFFF0C13000000110D067665727465780CFFFFFFFF04FFFFFFFF0CFFFFFFFF0C1300000004
310
020000000C2A000000110E0873747261696768740D0563757276650CFFFFFFFF04FFFFFFFF0CFFFFFFFF13948923917D026340FCFBA3A712656C40000000000000000014000000000000F03F000000000000000000000000000000000B0B110D06636F656467650CFFFFFFFF04FFFFFFFF0CFFFFFFFF0C140000000C1A0000
310
000CFFFFFFFF0C2B0000000B0C0B00000004000000000CFFFFFFFF110D04656467650C2C00000004FFFFFFFF0CFFFFFFFF0C2200000006182D4454FB21F93F0C2D00000006182D4454FB2109400C140000000C2E0000000B0707756E6B6E6F776E110E0670746C6973740E036579650D066174747269620CFFFFFFFF04FFFF
310
FFFF0CFFFFFFFF0CFFFFFFFF0C15000000110D067665727465780CFFFFFFFF04FFFFFFFF0CFFFFFFFF0C2000000004020000000C2F000000110E0873747261696768740D0563757276650CFFFFFFFF04FFFFFFFF0CFFFFFFFF134DA8A87CCF026340A16CE1B1E9646C40000000000000000014000000000000F03F00000000
310
000065BD00000000000000000B0B110D05706F696E740CFFFFFFFF04FFFFFFFF0CFFFFFFFF13AEE387CC5C046340A06CE1B1E9646C400000000000000000110D05706F696E740CFFFFFFFF04FFFFFFFF0CFFFFFFFF130A734AC285046340FCFBA3A712656C400000000000000000110D04656467650C3000000004FFFFFFFF
310
0CFFFFFFFF0C2800000006182D4454FB21F9BF0C310000000600000000000000000C1A0000000C320000000B0707756E6B6E6F776E110E0670746C6973740E036579650D066174747269620CFFFFFFFF04FFFFFFFF0CFFFFFFFF0CFFFFFFFF0C1B000000110D067665727465780CFFFFFFFF04FFFFFFFF0CFFFFFFFF0C1B00
310
000004020000000C33000000110E0873747261696768740D0563757276650CFFFFFFFF04FFFFFFFF0CFFFFFFFF13948923917D026340C79DE95D06636C400000000000000000140000000000000000000000000000F03F00000000000000000B0B110D05706F696E740CFFFFFFFF04FFFFFFFF0CFFFFFFFF13948923917D02
310
6340FCFBA3A712656C400000000000000000110D04656467650C3400000004FFFFFFFF0CFFFFFFFF0C310000000600000000000000000C2D000000060040022B8716A93F0C1F0000000C350000000B0707756E6B6E6F776E110E0670746C6973740E036579650D066174747269620CFFFFFFFF04FFFFFFFF0CFFFFFFFF0CFF
310
FFFFFF0C20000000110D067665727465780CFFFFFFFF04FFFFFFFF0CFFFFFFFF0C2B00000004020000000C36000000110E07656C6C697073650D0563757276650CFFFFFFFF04FFFFFFFF0CFFFFFFFF134DA8A87CCF02634045DD1EBCC0646C4000000000000000001400000000000000000000000000000000000000000000
310
F03F147B14AE47E17A743F0000000000000000000000000000000006000000000000F03F0B0B110D05706F696E740CFFFFFFFF04FFFFFFFF0CFFFFFFFF134DA8A87CCF026340A16CE1B1E9646C400000000000000000110E0670746C6973740E036579650D066174747269620CFFFFFFFF04FFFFFFFF0CFFFFFFFF0CFFFFFF
310
FF0C26000000110D067665727465780CFFFFFFFF04FFFFFFFF0CFFFFFFFF0C2600000004020000000C37000000110E07656C6C697073650D0563757276650CFFFFFFFF04FFFFFFFF0CFFFFFFFF13948923917D026340212DAC532F636C4000000000000000001400000000000000000000000000000000000000000000F03F
310
147B14AE47E17A743F0000000000000000000000000000000006000000000000F03F0B0B110D05706F696E740CFFFFFFFF04FFFFFFFF0CFFFFFFFF13948923917D026340C79DE95D06636C400000000000000000110E0670746C6973740E036579650D066174747269620CFFFFFFFF04FFFFFFFF0CFFFFFFFF0CFFFFFFFF0C
310
2B000000110E0873747261696768740D0563757276650CFFFFFFFF04FFFFFFFF0CFFFFFFFF13F018E686A6026340212DAC532F636C40000000000000000014000000000000643D000000000000F03F00000000000000000B0B110D05706F696E740CFFFFFFFF04FFFFFFFF0CFFFFFFFF13F118E686A602634045DD1EBCC064
310
6C400000000000000000110D05706F696E740CFFFFFFFF04FFFFFFFF0CFFFFFFFF13F018E686A6026340212DAC532F636C400000000000000000110E03456E640E026F660E0341534D0D0464617461
  0
ACDSRECORD
 90
        0
  2
AcDbDs::ID
280
    10
320
54B
  2
ASM_Data
280
    15
 94
     3635
310
414349532042696E61727946696C652855000000000000020000000C00000007214F70656E2044657369676E20416C6C69616E63652041434953204275696C646572070E41434953203231382E3030204E540718546875204D61792032312031333A32343A3035203230323606000000000000F03F068DEDB5A0F7C6B03E06
310
BBBDD7D9DF7CDB3D0D0961736D6865616465720CFFFFFFFF04FFFFFFFF070C3231392E302E302E35363030110D04626F64790C0200000004FFFFFFFF0CFFFFFFFF0C030000000CFFFFFFFF0CFFFFFFFF110E067265665F76740E036579650D066174747269620CFFFFFFFF04FFFFFFFF0CFFFFFFFF0CFFFFFFFF0C01000000
310
0C040000000C05000000110D046C756D700C0600000004FFFFFFFF0CFFFFFFFF0CFFFFFFFF0C070000000C01000000110D0E6579655F726566696E656D656E740CFFFFFFFF04FFFFFFFF070567726964200401000000070374726904010000000704737572660400000000070361646A040000000007046772616404000000
310
000709706F7374636865636B0400000000070473746F6C06000000A06BC07C3F07046E746F6C060000000000003E4007046473696C0600000000000000000708666C61746E6573730600000000000000000707706978617265610600000000000000000704686D617806000000000000000007066772696461720600000000
310
0000000007056D6772696404B80B0000070575677269640400000000070576677269640400000000070A656E645F6669656C6473110D0F7665727465785F74656D706C6174650CFFFFFFFF04FFFFFFFF0403000000040000000004010000000408000000110E067265665F76740E036579650D066174747269620CFFFFFFFF
310
04FFFFFFFF0CFFFFFFFF0CFFFFFFFF0C030000000C040000000C05000000110D057368656C6C0C0800000004FFFFFFFF0CFFFFFFFF0CFFFFFFFF0CFFFFFFFF0C090000000CFFFFFFFF0C03000000110E067265665F76740E036579650D066174747269620CFFFFFFFF04FFFFFFFF0CFFFFFFFF0CFFFFFFFF0C070000000C04
310
0000000C05000000110D04666163650C0A00000004FFFFFFFF0CFFFFFFFF0CFFFFFFFF0C0B0000000C070000000CFFFFFFFF0C0C0000000B0A0B110E05666D6573680E036579650D066174747269620CFFFFFFFF04FFFFFFFF0C0D0000000CFFFFFFFF0C09000000110D046C6F6F700CFFFFFFFF04FFFFFFFF0CFFFFFFFF0C
310
FFFFFFFF0C0E0000000C09000000110E05706C616E650D07737572666163650CFFFFFFFF04FFFFFFFF0CFFFFFFFF13F045622950086340A3CAABC87C646C4000000000000000001400000000000000000000000000000000000000000000F03F14000000000000F0BF000000000000000000000000000000000A0B0B0B0B11
310
0E067265665F76740E036579650D066174747269620CFFFFFFFF04FFFFFFFF0CFFFFFFFF0C0A0000000C090000000C040000000C05000000110D06636F656467650CFFFFFFFF04FFFFFFFF0CFFFFFFFF0C0F0000000C100000000CFFFFFFFF0C110000000A0C0B00000004000000000CFFFFFFFF110D06636F656467650CFF
310
FFFFFF04FFFFFFFF0CFFFFFFFF0C120000000C0E0000000CFFFFFFFF0C130000000A0C0B00000004000000000CFFFFFFFF110D06636F656467650CFFFFFFFF04FFFFFFFF0CFFFFFFFF0C0E0000000C140000000CFFFFFFFF0C150000000B0C0B00000004000000000CFFFFFFFF110D04656467650C1600000004FFFFFFFF0C
310
FFFFFFFF0C1700000006182D4454FB21F9BF0C180000000600000000000000000C0E0000000C190000000B0707756E6B6E6F776E110D06636F656467650CFFFFFFFF04FFFFFFFF0CFFFFFFFF0C1A0000000C0F0000000CFFFFFFFF0C1B0000000B0C0B00000004000000000CFFFFFFFF110D04656467650C1C00000004FFFF
310
FFFF0CFFFFFFFF0C1D0000000600000000000000000C17000000060010B6F3FDD4A83F0C0F0000000C1E0000000B0707756E6B6E6F776E110D06636F656467650CFFFFFFFF04FFFFFFFF0CFFFFFFFF0C100000000C1F0000000CFFFFFFFF0C200000000B0C0B00000004000000000CFFFFFFFF110D04656467650C21000000
310
04FFFFFFFF0CFFFFFFFF0C220000000600000000000000000C180000000600B04B378941B03F0C100000000C230000000B0707756E6B6E6F776E110E0670746C6973740E036579650D066174747269620CFFFFFFFF04FFFFFFFF0CFFFFFFFF0CFFFFFFFF0C11000000110D067665727465780CFFFFFFFF04FFFFFFFF0CFFFF
310
FFFF0C1100000004020000000C24000000110D067665727465780CFFFFFFFF04FFFFFFFF0CFFFFFFFF0C1100000004020000000C25000000110E07656C6C697073650D0563757276650CFFFFFFFF04FFFFFFFF0CFFFFFFFF13E09525BC04076340FCFBA3A712656C4000000000000000001400000000000000000000000000
310
000000000000000000F0BF147B14AE47E17A74BF0000000000000000000000000000000006000000000000F03F0B0B110D06636F656467650CFFFFFFFF04FFFFFFFF0CFFFFFFFF0C1F0000000C120000000CFFFFFFFF0C260000000A0C0B00000004000000000CFFFFFFFF110D04656467650C2700000004FFFFFFFF0CFFFF
310
FFFF0C1D00000006182D4454FB21F93F0C2800000006182D4454FB2109400C120000000C290000000B0707756E6B6E6F776E110E0670746C6973740E036579650D066174747269620CFFFFFFFF04FFFFFFFF0CFFFFFFFF0CFFFFFFFF0C13000000110D067665727465780CFFFFFFFF04FFFFFFFF0CFFFFFFFF0C1B00000004
310
020000000C2A000000110E0873747261696768740D0563757276650CFFFFFFFF04FFFFFFFF0CFFFFFFFF1341D1040C92086340A16CE1B1E9646C40000000000000000014000000000000F0BF00000000000065BD00000000000000000B0B110D06636F656467650CFFFFFFFF04FFFFFFFF0CFFFFFFFF0C140000000C1A0000
310
000CFFFFFFFF0C2B0000000A0C0B00000004000000000CFFFFFFFF110D04656467650C2C00000004FFFFFFFF0CFFFFFFFF0C2D0000000600000000000000000C220000000600A8F1D24D62B03F0C140000000C2E0000000B0707756E6B6E6F776E110E0670746C6973740E036579650D066174747269620CFFFFFFFF04FFFF
310
FFFF0CFFFFFFFF0CFFFFFFFF0C15000000110D067665727465780CFFFFFFFF04FFFFFFFF0CFFFFFFFF0C1500000004020000000C2F000000110E0873747261696768740D0563757276650CFFFFFFFF04FFFFFFFF0CFFFFFFFF13FAEF89F7E3086340FCFBA3A712656C40000000000000000014000000000000F0BF00000000
310
0000000000000000000000000B0B110D05706F696E740CFFFFFFFF04FFFFFFFF0CFFFFFFFF13E09525BC04076340A06CE1B1E9646C400000000000000000110D05706F696E740CFFFFFFFF04FFFFFFFF0CFFFFFFFF13840663C6DB066340FCFBA3A712656C400000000000000000110D04656467650C3000000004FFFFFFFF
310
0CFFFFFFFF0C310000000600000000000000000C28000000060040022B8716A93F0C1A0000000C320000000B0707756E6B6E6F776E110E0670746C6973740E036579650D066174747269620CFFFFFFFF04FFFFFFFF0CFFFFFFFF0CFFFFFFFF0C1B000000110D067665727465780CFFFFFFFF04FFFFFFFF0CFFFFFFFF0C2600
310
000004020000000C33000000110E07656C6C697073650D0563757276650CFFFFFFFF04FFFFFFFF0CFFFFFFFF1341D1040C9208634045DD1EBCC0646C4000000000000000001400000000000000000000000000000000000000000000F0BF147B14AE47E17A74BF0000000000000000000000000000000006000000000000F0
310
3F0B0B110D05706F696E740CFFFFFFFF04FFFFFFFF0CFFFFFFFF1341D1040C92086340A16CE1B1E9646C400000000000000000110D04656467650C3400000004FFFFFFFF0CFFFFFFFF0C2D00000006182D4454FB21F9BF0C310000000600000000000000000C1F0000000C350000000B0707756E6B6E6F776E110E0670746C
310
6973740E036579650D066174747269620CFFFFFFFF04FFFFFFFF0CFFFFFFFF0CFFFFFFFF0C20000000110D067665727465780CFFFFFFFF04FFFFFFFF0CFFFFFFFF0C2000000004020000000C36000000110E0873747261696768740D0563757276650CFFFFFFFF04FFFFFFFF0CFFFFFFFF13FAEF89F7E3086340C79DE95D06
310
636C400000000000000000140000000000000000000000000000F03F00000000000000000B0B110D05706F696E740CFFFFFFFF04FFFFFFFF0CFFFFFFFF13FAEF89F7E3086340FCFBA3A712656C400000000000000000110E0670746C6973740E036579650D066174747269620CFFFFFFFF04FFFFFFFF0CFFFFFFFF0CFFFFFF
310
FF0C26000000110D067665727465780CFFFFFFFF04FFFFFFFF0CFFFFFFFF0C2B00000004020000000C37000000110E0873747261696768740D0563757276650CFFFFFFFF04FFFFFFFF0CFFFFFFFF139E60C701BB086340212DAC532F636C4000000000000000001400000000000064BD000000000000F03F00000000000000
310
000B0B110D05706F696E740CFFFFFFFF04FFFFFFFF0CFFFFFFFF139D60C701BB08634045DD1EBCC0646C400000000000000000110E0670746C6973740E036579650D066174747269620CFFFFFFFF04FFFFFFFF0CFFFFFFFF0CFFFFFFFF0C2B000000110E07656C6C697073650D0563757276650CFFFFFFFF04FFFFFFFF0CFF
310
FFFFFF13FAEF89F7E3086340212DAC532F636C4000000000000000001400000000000000000000000000000000000000000000F0BF147B14AE47E17A74BF0000000000000000000000000000000006000000000000F03F0B0B110D05706F696E740CFFFFFFFF04FFFFFFFF0CFFFFFFFF13FAEF89F7E3086340C79DE95D0663
310
6C400000000000000000110D05706F696E740CFFFFFFFF04FFFFFFFF0CFFFFFFFF139E60C701BB086340212DAC532F636C400000000000000000110E03456E640E026F660E0341534D0D0464617461
  0
ACDSRECORD
 90
        0
  2
AcDbDs::ID
280
    10
320
54C
  2
ASM_Data
280
    15
 94
     3635
310
414349532042696E61727946696C652855000000000000020000000C00000007214F70656E2044657369676E20416C6C69616E63652041434953204275696C646572070E41434953203231382E3030204E540718546875204D61792032312031333A32343A3035203230323606000000000000F03F068DEDB5A0F7C6B03E06
310
BBBDD7D9DF7CDB3D0D0961736D6865616465720CFFFFFFFF04FFFFFFFF070C3231392E302E302E35363030110D04626F64790C0200000004FFFFFFFF0CFFFFFFFF0C030000000CFFFFFFFF0CFFFFFFFF110E067265665F76740E036579650D066174747269620CFFFFFFFF04FFFFFFFF0CFFFFFFFF0CFFFFFFFF0C01000000
310
0C040000000C05000000110D046C756D700C0600000004FFFFFFFF0CFFFFFFFF0CFFFFFFFF0C070000000C01000000110D0E6579655F726566696E656D656E740CFFFFFFFF04FFFFFFFF070567726964200401000000070374726904010000000704737572660400000000070361646A040000000007046772616404000000
310
000709706F7374636865636B0400000000070473746F6C06000000A06BC07C3F07046E746F6C060000000000003E4007046473696C0600000000000000000708666C61746E6573730600000000000000000707706978617265610600000000000000000704686D617806000000000000000007066772696461720600000000
310
0000000007056D6772696404B80B0000070575677269640400000000070576677269640400000000070A656E645F6669656C6473110D0F7665727465785F74656D706C6174650CFFFFFFFF04FFFFFFFF0403000000040000000004010000000408000000110E067265665F76740E036579650D066174747269620CFFFFFFFF
310
04FFFFFFFF0CFFFFFFFF0CFFFFFFFF0C030000000C040000000C05000000110D057368656C6C0C0800000004FFFFFFFF0CFFFFFFFF0CFFFFFFFF0CFFFFFFFF0C090000000CFFFFFFFF0C03000000110E067265665F76740E036579650D066174747269620CFFFFFFFF04FFFFFFFF0CFFFFFFFF0CFFFFFFFF0C070000000C04
310
0000000C05000000110D04666163650C0A00000004FFFFFFFF0CFFFFFFFF0CFFFFFFFF0C0B0000000C070000000CFFFFFFFF0C0C0000000B0A0B110E05666D6573680E036579650D066174747269620CFFFFFFFF04FFFFFFFF0C0D0000000CFFFFFFFF0C09000000110D046C6F6F700CFFFFFFFF04FFFFFFFF0CFFFFFFFF0C
310
FFFFFFFF0C0E0000000C09000000110E05706C616E650D07737572666163650CFFFFFFFF04FFFFFFFF0CFFFFFFFF139E334B5F11036340552D9C86A8556C4000000000000000001400000000000000000000000000000000000000000000F03F14000000000000F03F000000000000000000000000000000000A0B0B0B0B11
310
0E067265665F76740E036579650D066174747269620CFFFFFFFF04FFFFFFFF0CFFFFFFFF0C0A0000000C090000000C040000000C05000000110D06636F656467650CFFFFFFFF04FFFFFFFF0CFFFFFFFF0C0F0000000C100000000CFFFFFFFF0C110000000A0C0B00000004000000000CFFFFFFFF110D06636F656467650CFF
310
FFFFFF04FFFFFFFF0CFFFFFFFF0C120000000C0E0000000CFFFFFFFF0C130000000A0C0B00000004000000000CFFFFFFFF110D06636F656467650CFFFFFFFF04FFFFFFFF0CFFFFFFFF0C0E0000000C140000000CFFFFFFFF0C150000000B0C0B00000004000000000CFFFFFFFF110D04656467650C1600000004FFFFFFFF0C
310
FFFFFFFF0C1700000006182D4454FB21F9BF0C180000000600000000000000000C0E0000000C190000000B0707756E6B6E6F776E110D06636F656467650CFFFFFFFF04FFFFFFFF0CFFFFFFFF0C1A0000000C0F0000000CFFFFFFFF0C1B0000000B0C0B00000004000000000CFFFFFFFF110D04656467650C1C00000004FFFF
310
FFFF0CFFFFFFFF0C1D0000000600000000000000000C17000000060010B6F3FDD4A83F0C0F0000000C1E0000000B0707756E6B6E6F776E110D06636F656467650CFFFFFFFF04FFFFFFFF0CFFFFFFFF0C100000000C1F0000000CFFFFFFFF0C200000000B0C0B00000004000000000CFFFFFFFF110D04656467650C21000000
310
04FFFFFFFF0CFFFFFFFF0C220000000600000000000000000C180000000600B04B378941B03F0C100000000C230000000B0707756E6B6E6F776E110E0670746C6973740E036579650D066174747269620CFFFFFFFF04FFFFFFFF0CFFFFFFFF0CFFFFFFFF0C11000000110D067665727465780CFFFFFFFF04FFFFFFFF0CFFFF
310
FFFF0C1100000004020000000C24000000110D067665727465780CFFFFFFFF04FFFFFFFF0CFFFFFFFF0C1100000004020000000C25000000110E07656C6C697073650D0563757276650CFFFFFFFF04FFFFFFFF0CFFFFFFFF13AEE387CC5C046340FCFBA3A712556C4000000000000000001400000000000000000000000000
310
000000000000000000F0BF147B14AE47E17A743F0000000000000000000000000000000006000000000000F03F0B0B110D06636F656467650CFFFFFFFF04FFFFFFFF0CFFFFFFFF0C1F0000000C120000000CFFFFFFFF0C260000000A0C0B00000004000000000CFFFFFFFF110D04656467650C2700000004FFFFFFFF0CFFFF
310
FFFF0C1D00000006182D4454FB21F93F0C2800000006182D4454FB2109400C120000000C290000000B0707756E6B6E6F776E110E0670746C6973740E036579650D066174747269620CFFFFFFFF04FFFFFFFF0CFFFFFFFF0CFFFFFFFF0C13000000110D067665727465780CFFFFFFFF04FFFFFFFF0CFFFFFFFF0C1B00000004
310
020000000C2A000000110E0873747261696768740D0563757276650CFFFFFFFF04FFFFFFFF0CFFFFFFFF134DA8A87CCF026340578B669D3B556C40000000000000000014000000000000F03F000000000000653D00000000000000000B0B110D06636F656467650CFFFFFFFF04FFFFFFFF0CFFFFFFFF0C140000000C1A0000
310
000CFFFFFFFF0C2B0000000A0C0B00000004000000000CFFFFFFFF110D04656467650C2C00000004FFFFFFFF0CFFFFFFFF0C2D0000000600000000000000000C220000000600A8F1D24D62B03F0C140000000C2E0000000B0707756E6B6E6F776E110E0670746C6973740E036579650D066174747269620CFFFFFFFF04FFFF
310
FFFF0CFFFFFFFF0CFFFFFFFF0C15000000110D067665727465780CFFFFFFFF04FFFFFFFF0CFFFFFFFF0C1500000004020000000C2F000000110E0873747261696768740D0563757276650CFFFFFFFF04FFFFFFFF0CFFFFFFFF13948923917D026340FCFBA3A712556C40000000000000000014000000000000F03F00000000
310
0000000000000000000000000B0B110D05706F696E740CFFFFFFFF04FFFFFFFF0CFFFFFFFF13AEE387CC5C046340588B669D3B556C400000000000000000110D05706F696E740CFFFFFFFF04FFFFFFFF0CFFFFFFFF130A734AC285046340FCFBA3A712556C400000000000000000110D04656467650C3000000004FFFFFFFF
310
0CFFFFFFFF0C310000000600000000000000000C28000000060040022B8716A93F0C1A0000000C320000000B0707756E6B6E6F776E110E0670746C6973740E036579650D066174747269620CFFFFFFFF04FFFFFFFF0CFFFFFFFF0CFFFFFFFF0C1B000000110D067665727465780CFFFFFFFF04FFFFFFFF0CFFFFFFFF0C2600
310
000004020000000C33000000110E07656C6C697073650D0563757276650CFFFFFFFF04FFFFFFFF0CFFFFFFFF134DA8A87CCF026340B31A299364556C4000000000000000001400000000000000000000000000000000000000000000F0BF147B14AE47E17A743F0000000000000000000000000000000006000000000000F0
310
3F0B0B110D05706F696E740CFFFFFFFF04FFFFFFFF0CFFFFFFFF134DA8A87CCF026340578B669D3B556C400000000000000000110D04656467650C3400000004FFFFFFFF0CFFFFFFFF0C2D00000006182D4454FB21F9BF0C310000000600000000000000000C1F0000000C350000000B0707756E6B6E6F776E110E0670746C
310
6973740E036579650D066174747269620CFFFFFFFF04FFFFFFFF0CFFFFFFFF0CFFFFFFFF0C20000000110D067665727465780CFFFFFFFF04FFFFFFFF0CFFFFFFFF0C2000000004020000000C36000000110E0873747261696768740D0563757276650CFFFFFFFF04FFFFFFFF0CFFFFFFFF13948923917D026340315A5EF11E
310
576C400000000000000000140000000000000000000000000000F0BF00000000000000000B0B110D05706F696E740CFFFFFFFF04FFFFFFFF0CFFFFFFFF13948923917D026340FCFBA3A712556C400000000000000000110E0670746C6973740E036579650D066174747269620CFFFFFFFF04FFFFFFFF0CFFFFFFFF0CFFFFFF
310
FF0C26000000110D067665727465780CFFFFFFFF04FFFFFFFF0CFFFFFFFF0C2B00000004020000000C37000000110E0873747261696768740D0563757276650CFFFFFFFF04FFFFFFFF0CFFFFFFFF13F018E686A6026340D7CA9BFBF5566C40000000000000000014000000000000643D000000000000F0BF00000000000000
310
000B0B110D05706F696E740CFFFFFFFF04FFFFFFFF0CFFFFFFFF13F118E686A6026340B31A299364556C400000000000000000110E0670746C6973740E036579650D066174747269620CFFFFFFFF04FFFFFFFF0CFFFFFFFF0CFFFFFFFF0C2B000000110E07656C6C697073650D0563757276650CFFFFFFFF04FFFFFFFF0CFF
310
FFFFFF13948923917D026340D7CA9BFBF5566C4000000000000000001400000000000000000000000000000000000000000000F0BF147B14AE47E17A743F0000000000000000000000000000000006000000000000F03F0B0B110D05706F696E740CFFFFFFFF04FFFFFFFF0CFFFFFFFF13948923917D026340315A5EF11E57
310
6C400000000000000000110D05706F696E740CFFFFFFFF04FFFFFFFF0CFFFFFFFF13F018E686A6026340D7CA9BFBF5566C400000000000000000110E03456E640E026F660E0341534D0D0464617461
  0
ACDSRECORD
 90
        0
  2
AcDbDs::ID
280
    10
320
54D
  2
ASM_Data
280
    15
 94
     3635
310
414349532042696E61727946696C652855000000000000020000000C00000007214F70656E2044657369676E20416C6C69616E63652041434953204275696C646572070E41434953203231382E3030204E540718546875204D61792032312031333A32343A3035203230323606000000000000F03F068DEDB5A0F7C6B03E06
310
BBBDD7D9DF7CDB3D0D0961736D6865616465720CFFFFFFFF04FFFFFFFF070C3231392E302E302E35363030110D04626F64790C0200000004FFFFFFFF0CFFFFFFFF0C030000000CFFFFFFFF0CFFFFFFFF110E067265665F76740E036579650D066174747269620CFFFFFFFF04FFFFFFFF0CFFFFFFFF0CFFFFFFFF0C01000000
310
0C040000000C05000000110D046C756D700C0600000004FFFFFFFF0CFFFFFFFF0CFFFFFFFF0C070000000C01000000110D0E6579655F726566696E656D656E740CFFFFFFFF04FFFFFFFF070567726964200401000000070374726904010000000704737572660400000000070361646A040000000007046772616404000000
310
000709706F7374636865636B0400000000070473746F6C06000000A06BC07C3F07046E746F6C060000000000003E4007046473696C0600000000000000000708666C61746E6573730600000000000000000707706978617265610600000000000000000704686D617806000000000000000007066772696461720600000000
310
0000000007056D6772696404B80B0000070575677269640400000000070576677269640400000000070A656E645F6669656C6473110D0F7665727465785F74656D706C6174650CFFFFFFFF04FFFFFFFF0403000000040000000004010000000408000000110E067265665F76740E036579650D066174747269620CFFFFFFFF
310
04FFFFFFFF0CFFFFFFFF0CFFFFFFFF0C030000000C040000000C05000000110D057368656C6C0C0800000004FFFFFFFF0CFFFFFFFF0CFFFFFFFF0CFFFFFFFF0C090000000CFFFFFFFF0C03000000110E067265665F76740E036579650D066174747269620CFFFFFFFF04FFFFFFFF0CFFFFFFFF0CFFFFFFFF0C070000000C04
310
0000000C05000000110D04666163650C0A00000004FFFFFFFF0CFFFFFFFF0CFFFFFFFF0C0B0000000C070000000CFFFFFFFF0C0C0000000B0A0B110E05666D6573680E036579650D066174747269620CFFFFFFFF04FFFFFFFF0C0D0000000CFFFFFFFF0C09000000110D046C6F6F700CFFFFFFFF04FFFFFFFF0CFFFFFFFF0C
310
FFFFFFFF0C0E0000000C09000000110E05706C616E650D07737572666163650CFFFFFFFF04FFFFFFFF0CFFFFFFFF13F045622950086340552D9C86A8556C4000000000000000001400000000000000000000000000000000000000000000F03F14000000000000F0BF000000000000000000000000000000000B0B0B0B0B11
310
0E067265665F76740E036579650D066174747269620CFFFFFFFF04FFFFFFFF0CFFFFFFFF0C0A0000000C090000000C040000000C05000000110D06636F656467650CFFFFFFFF04FFFFFFFF0CFFFFFFFF0C0F0000000C100000000CFFFFFFFF0C110000000B0C0B00000004000000000CFFFFFFFF110D06636F656467650CFF
310
FFFFFF04FFFFFFFF0CFFFFFFFF0C120000000C0E0000000CFFFFFFFF0C130000000A0C0B00000004000000000CFFFFFFFF110D06636F656467650CFFFFFFFF04FFFFFFFF0CFFFFFFFF0C0E0000000C140000000CFFFFFFFF0C150000000B0C0B00000004000000000CFFFFFFFF110D04656467650C1600000004FFFFFFFF0C
310
FFFFFFFF0C1700000006182D4454FB21F9BF0C180000000600000000000000000C0E0000000C190000000B0707756E6B6E6F776E110D06636F656467650CFFFFFFFF04FFFFFFFF0CFFFFFFFF0C1A0000000C0F0000000CFFFFFFFF0C1B0000000A0C0B00000004000000000CFFFFFFFF110D04656467650C1C00000004FFFF
310
FFFF0CFFFFFFFF0C1D0000000600000000000000000C180000000600B04B378941B03F0C0F0000000C1E0000000B0707756E6B6E6F776E110D06636F656467650CFFFFFFFF04FFFFFFFF0CFFFFFFFF0C100000000C1F0000000CFFFFFFFF0C200000000A0C0B00000004000000000CFFFFFFFF110D04656467650C21000000
310
04FFFFFFFF0CFFFFFFFF0C220000000600000000000000000C17000000060010B6F3FDD4A83F0C100000000C230000000B0707756E6B6E6F776E110E0670746C6973740E036579650D066174747269620CFFFFFFFF04FFFFFFFF0CFFFFFFFF0CFFFFFFFF0C11000000110D067665727465780CFFFFFFFF04FFFFFFFF0CFFFF
310
FFFF0C1100000004020000000C24000000110D067665727465780CFFFFFFFF04FFFFFFFF0CFFFFFFFF0C1100000004020000000C25000000110E07656C6C697073650D0563757276650CFFFFFFFF04FFFFFFFF0CFFFFFFFF13E09525BC04076340FCFBA3A712556C4000000000000000001400000000000000000000000000
310
000000000000000000F03F147B14AE47E17A74BF0000000000000000000000000000000006000000000000F03F0B0B110D06636F656467650CFFFFFFFF04FFFFFFFF0CFFFFFFFF0C1F0000000C120000000CFFFFFFFF0C260000000B0C0B00000004000000000CFFFFFFFF110D04656467650C2700000004FFFFFFFF0CFFFF
310
FFFF0C280000000600000000000000000C1D0000000600A8F1D24D62B03F0C120000000C290000000B0707756E6B6E6F776E110E0670746C6973740E036579650D066174747269620CFFFFFFFF04FFFFFFFF0CFFFFFFFF0CFFFFFFFF0C13000000110D067665727465780CFFFFFFFF04FFFFFFFF0CFFFFFFFF0C1300000004
310
020000000C2A000000110E0873747261696768740D0563757276650CFFFFFFFF04FFFFFFFF0CFFFFFFFF13FAEF89F7E3086340FCFBA3A712556C40000000000000000014000000000000F0BF000000000000000000000000000000000B0B110D06636F656467650CFFFFFFFF04FFFFFFFF0CFFFFFFFF0C140000000C1A0000
310
000CFFFFFFFF0C2B0000000B0C0B00000004000000000CFFFFFFFF110D04656467650C2C00000004FFFFFFFF0CFFFFFFFF0C2200000006182D4454FB21F93F0C2D00000006182D4454FB2109400C140000000C2E0000000B0707756E6B6E6F776E110E0670746C6973740E036579650D066174747269620CFFFFFFFF04FFFF
310
FFFF0CFFFFFFFF0CFFFFFFFF0C15000000110D067665727465780CFFFFFFFF04FFFFFFFF0CFFFFFFFF0C2000000004020000000C2F000000110E0873747261696768740D0563757276650CFFFFFFFF04FFFFFFFF0CFFFFFFFF1341D1040C92086340578B669D3B556C40000000000000000014000000000000F0BF00000000
310
0000653D00000000000000000B0B110D05706F696E740CFFFFFFFF04FFFFFFFF0CFFFFFFFF13E09525BC04076340588B669D3B556C400000000000000000110D05706F696E740CFFFFFFFF04FFFFFFFF0CFFFFFFFF13840663C6DB066340FCFBA3A712556C400000000000000000110D04656467650C3000000004FFFFFFFF
310
0CFFFFFFFF0C2800000006182D4454FB21F9BF0C310000000600000000000000000C1A0000000C320000000B0707756E6B6E6F776E110E0670746C6973740E036579650D066174747269620CFFFFFFFF04FFFFFFFF0CFFFFFFFF0CFFFFFFFF0C1B000000110D067665727465780CFFFFFFFF04FFFFFFFF0CFFFFFFFF0C1B00
310
000004020000000C33000000110E0873747261696768740D0563757276650CFFFFFFFF04FFFFFFFF0CFFFFFFFF13FAEF89F7E3086340315A5EF11E576C400000000000000000140000000000000000000000000000F0BF00000000000000000B0B110D05706F696E740CFFFFFFFF04FFFFFFFF0CFFFFFFFF13FAEF89F7E308
310
6340FCFBA3A712556C400000000000000000110D04656467650C3400000004FFFFFFFF0CFFFFFFFF0C310000000600000000000000000C2D000000060040022B8716A93F0C1F0000000C350000000B0707756E6B6E6F776E110E0670746C6973740E036579650D066174747269620CFFFFFFFF04FFFFFFFF0CFFFFFFFF0CFF
310
FFFFFF0C20000000110D067665727465780CFFFFFFFF04FFFFFFFF0CFFFFFFFF0C2B00000004020000000C36000000110E07656C6C697073650D0563757276650CFFFFFFFF04FFFFFFFF0CFFFFFFFF1341D1040C92086340B31A299364556C4000000000000000001400000000000000000000000000000000000000000000
310
F03F147B14AE47E17A74BF0000000000000000000000000000000006000000000000F03F0B0B110D05706F696E740CFFFFFFFF04FFFFFFFF0CFFFFFFFF1341D1040C92086340578B669D3B556C400000000000000000110E0670746C6973740E036579650D066174747269620CFFFFFFFF04FFFFFFFF0CFFFFFFFF0CFFFFFF
310
FF0C26000000110D067665727465780CFFFFFFFF04FFFFFFFF0CFFFFFFFF0C2600000004020000000C37000000110E07656C6C697073650D0563757276650CFFFFFFFF04FFFFFFFF0CFFFFFFFF13FAEF89F7E3086340D7CA9BFBF5566C4000000000000000001400000000000000000000000000000000000000000000F03F
310
147B14AE47E17A74BF0000000000000000000000000000000006000000000000F03F0B0B110D05706F696E740CFFFFFFFF04FFFFFFFF0CFFFFFFFF13FAEF89F7E3086340315A5EF11E576C400000000000000000110E0670746C6973740E036579650D066174747269620CFFFFFFFF04FFFFFFFF0CFFFFFFFF0CFFFFFFFF0C
310
2B000000110E0873747261696768740D0563757276650CFFFFFFFF04FFFFFFFF0CFFFFFFFF139E60C701BB086340D7CA9BFBF5566C4000000000000000001400000000000064BD000000000000F0BF00000000000000000B0B110D05706F696E740CFFFFFFFF04FFFFFFFF0CFFFFFFFF139D60C701BB086340B31A29936455
310
6C400000000000000000110D05706F696E740CFFFFFFFF04FFFFFFFF0CFFFFFFFF139E60C701BB086340D7CA9BFBF5566C400000000000000000110E03456E640E026F660E0341534D0D0464617461
  0
ENDSEC
  0
EOF
