  0
SECTION
  2
HEADER
  9
$ACADVER
  1
AC1027
  9
$ACADMAINTVER
 70
     8
  9
$DWGCODEPAGE
  3
ANSI_1251
  9
$REQUIREDVERSIONS
160
                 0
  9
$LASTSAVEDBY
  1
Autodesk
  9
$INSBASE
 10
0.0
 20
0.0
 30
0.0
  9
$EXTMIN
 10
126.621612
 20
140.201677
 30
0.0
  9
$EXTMAX
 10
164.821612
 20
215.979181
 30
3.76699
  9
$LIMMIN
 10
0.0
 20
0.0
  9
$LIMMAX
 10
420.0
 20
297.0
  9
$ORTHOMODE
 70
     0
  9
$REGENMODE
 70
     1
  9
$FILLMODE
 70
     1
  9
$QTEXTMODE
 70
     0
  9
$MIRRTEXT
 70
     0
  9
$LTSCALE
 40
1.0
  9
$ATTMODE
 70
     1
  9
$TEXTSIZE
 40
2.5
  9
$TRACEWID
 40
1.0
  9
$TEXTSTYLE
  7
Standard
  9
$CLAYER
  8
0
  9
$CELTYPE
  6
ByLayer
  9
$CECOLOR
 62
   256
  9
$CELTSCALE
 40
1.0
  9
$DISPSILH
 70
     0
  9
$DIMSCALE
 40
1.0
  9
$DIMASZ
 40
2.5
  9
$DIMEXO
 40
0.5
  9
$DIMDLI
 40
6.0
  9
$DIMRND
 40
0.0
  9
$DIMDLE
 40
0.0
  9
$DIMEXE
 40
0.0
  9
$DIMTP
 40
0.0
  9
$DIMTM
 40
0.0
  9
$DIMTXT
 40
2.5
  9
$DIMCEN
 40
2.5
  9
$DIMTSZ
 40
0.0
  9
$DIMTOL
 70
     0
  9
$DIMLIM
 70
     0
  9
$DIMTIH
 70
     0
  9
$DIMTOH
 70
     1
  9
$DIMSE1
 70
     0
  9
$DIMSE2
 70
     0
  9
$DIMTAD
 70
     0
  9
$DIMZIN
 70
     0
  9
$DIMBLK
  1

  9
$DIMASO
 70
     1
  9
$DIMSHO
 70
     1
  9
$DIMPOST
  1

  9
$DIMAPOST
  1

  9
$DIMALT
 70
     0
  9
$DIMALTD
 70
     2
  9
$DIMALTF
 40
25.4
  9
$DIMLFAC
 40
1.0
  9
$DIMTOFL
 70
     0
  9
$DIMTVP
 40
0.0
  9
$DIMTIX
 70
     0
  9
$DIMSOXD
 70
     0
  9
$DIMSAH
 70
     0
  9
$DIMBLK1
  1

  9
$DIMBLK2
  1

  9
$DIMSTYLE
  2
Standard
  9
$DIMCLRD
 70
     0
  9
$DIMCLRE
 70
     0
  9
$DIMCLRT
 70
     0
  9
$DIMTFAC
 40
1.0
  9
$DIMGAP
 40
1.0
  9
$DIMJUST
 70
     0
  9
$DIMSD1
 70
     0
  9
$DIMSD2
 70
     0
  9
$DIMTOLJ
 70
     1
  9
$DIMTZIN
 70
     0
  9
$DIMALTZ
 70
     0
  9
$DIMALTTZ
 70
     0
  9
$DIMUPT
 70
     0
  9
$DIMDEC
 70
     4
  9
$DIMTDEC
 70
     4
  9
$DIMALTU
 70
     2
  9
$DIMALTTD
 70
     2
  9
$DIMTXSTY
  7
Standard
  9
$DIMAUNIT
 70
     0
  9
$DIMADEC
 70
     0
  9
$DIMALTRND
 40
0.0
  9
$DIMAZIN
 70
     0
  9
$DIMDSEP
 70
    46
  9
$DIMATFIT
 70
     3
  9
$DIMFRAC
 70
     0
  9
$DIMLDRBLK
  1

  9
$DIMLUNIT
 70
     2
  9
$DIMLWD
 70
    -2
  9
$DIMLWE
 70
    -2
  9
$DIMTMOVE
 70
     0
  9
$DIMFXL
 40
1.0
  9
$DIMFXLON
 70
     0
  9
$DIMJOGANG
 40
0.785398
  9
$DIMTFILL
 70
     0
  9
$DIMTFILLCLR
 70
     0
  9
$DIMARCSYM
 70
     0
  9
$DIMLTYPE
  6
ByLayer
  9
$DIMLTEX1
  6
ByLayer
  9
$DIMLTEX2
  6
ByLayer
  9
$DIMTXTDIRECTION
 70
     0
  9
$LUNITS
 70
     2
  9
$LUPREC
 70
     4
  9
$SKETCHINC
 40
1.0
  9
$FILLETRAD
 40
0.0
  9
$AUNITS
 70
     0
  9
$AUPREC
 70
     0
  9
$MENU
  1
.
  9
$ELEVATION
 40
0.0
  9
$PELEVATION
 40
0.0
  9
$THICKNESS
 40
0.0
  9
$LIMCHECK
 70
     0
  9
$CHAMFERA
 40
0.0
  9
$CHAMFERB
 40
0.0
  9
$CHAMFERC
 40
0.0
  9
$CHAMFERD
 40
0.0
  9
$SKPOLY
 70
     0
  9
$TDCREATE
 40
2454082.78338338
  9
$TDUCREATE
 40
2454082.90838338
  9
$TDUPDATE
 40
2461295.492560648
  9
$TDUUPDATE
 40
2461295.617560648
  9
$TDINDWG
 40
0.0105753588
  9
$TDUSRTIMER
 40
0.0105751736
  9
$USRTIMER
 70
     1
  9
$ANGBASE
 50
0.0
  9
$ANGDIR
 70
     0
  9
$PDMODE
 70
     0
  9
$PDSIZE
 40
0.0
  9
$PLINEWID
 40
0.0
  9
$SPLFRAME
 70
     0
  9
$SPLINETYPE
 70
     6
  9
$SPLINESEGS
 70
     8
  9
$HANDSEED
  5
780
  9
$SURFTAB1
 70
     6
  9
$SURFTAB2
 70
     6
  9
$SURFTYPE
 70
     6
  9
$SURFU
 70
     6
  9
$SURFV
 70
     6
  9
$UCSBASE
  2

  9
$UCSNAME
  2

  9
$UCSORG
 10
0.0
 20
0.0
 30
0.0
  9
$UCSXDIR
 10
1.0
 20
0.0
 30
0.0
  9
$UCSYDIR
 10
0.0
 20
1.0
 30
0.0
  9
$UCSORTHOREF
  2

  9
$UCSORTHOVIEW
 70
     0
  9
$UCSORGTOP
 10
0.0
 20
0.0
 30
0.0
  9
$UCSORGBOTTOM
 10
0.0
 20
0.0
 30
0.0
  9
$UCSORGLEFT
 10
0.0
 20
0.0
 30
0.0
  9
$UCSORGRIGHT
 10
0.0
 20
0.0
 30
0.0
  9
$UCSORGFRONT
 10
0.0
 20
0.0
 30
0.0
  9
$UCSORGBACK
 10
0.0
 20
0.0
 30
0.0
  9
$PUCSBASE
  2

  9
$PUCSNAME
  2

  9
$PUCSORG
 10
0.0
 20
0.0
 30
0.0
  9
$PUCSXDIR
 10
1.0
 20
0.0
 30
0.0
  9
$PUCSYDIR
 10
0.0
 20
1.0
 30
0.0
  9
$PUCSORTHOREF
  2

  9
$PUCSORTHOVIEW
 70
     0
  9
$PUCSORGTOP
 10
0.0
 20
0.0
 30
0.0
  9
$PUCSORGBOTTOM
 10
0.0
 20
0.0
 30
0.0
  9
$PUCSORGLEFT
 10
0.0
 20
0.0
 30
0.0
  9
$PUCSORGRIGHT
 10
0.0
 20
0.0
 30
0.0
  9
$PUCSORGFRONT
 10
0.0
 20
0.0
 30
0.0
  9
$PUCSORGBACK
 10
0.0
 20
0.0
 30
0.0
  9
$USERI1
 70
     0
  9
$USERI2
 70
     0
  9
$USERI3
 70
     0
  9
$USERI4
 70
     0
  9
$USERI5
 70
     0
  9
$USERR1
 40
0.0
  9
$USERR2
 40
0.0
  9
$USERR3
 40
0.0
  9
$USERR4
 40
0.0
  9
$USERR5
 40
0.0
  9
$WORLDVIEW
 70
     1
  9
$SHADEDGE
 70
     3
  9
$SHADEDIF
 70
    70
  9
$TILEMODE
 70
     1
  9
$MAXACTVP
 70
    64
  9
$PINSBASE
 10
0.0
 20
0.0
 30
0.0
  9
$PLIMCHECK
 70
     0
  9
$PEXTMIN
 10
0.0
 20
0.0
 30
0.0
  9
$PEXTMAX
 10
0.0
 20
0.0
 30
0.0
  9
$PLIMMIN
 10
-20.0
 20
-7.5
  9
$PLIMMAX
 10
277.0
 20
202.5
  9
$UNITMODE
 70
     0
  9
$VISRETAIN
 70
     1
  9
$PLINEGEN
 70
     0
  9
$PSLTSCALE
 70
     0
  9
$TREEDEPTH
 70
  3020
  9
$CMLSTYLE
  2
Standard
  9
$CMLJUST
 70
     0
  9
$CMLSCALE
 40
20.0
  9
$PROXYGRAPHICS
 70
     1
  9
$MEASUREMENT
 70
     1
  9
$CELWEIGHT
370
    -1
  9
$ENDCAPS
280
     0
  9
$JOINSTYLE
280
     0
  9
$LWDISPLAY
290
     1
  9
$INSUNITS
 70
     4
  9
$HYPERLINKBASE
  1

  9
$STYLESHEET
  1

  9
$XEDIT
290
     1
  9
$CEPSNTYPE
380
     0
  9
$PSTYLEMODE
290
     1
  9
$FINGERPRINTGUID
  2
{78B0F746-B111-4909-95E5-2EF5CBA97683}
  9
$VERSIONGUID
  2
{88884FFE-1838-4093-901C-E4DA6EFB818F}
  9
$EXTNAMES
290
     1
  9
$PSVPSCALE
 40
0.0
  9
$OLESTARTUP
290
     0
  9
$SORTENTS
280
   127
  9
$INDEXCTL
280
     0
  9
$HIDETEXT
280
     1
  9
$XCLIPFRAME
280
     0
  9
$HALOGAP
280
     0
  9
$OBSCOLOR
 70
   257
  9
$OBSLTYPE
280
     0
  9
$INTERSECTIONDISPLAY
280
     0
  9
$INTERSECTIONCOLOR
 70
   257
  9
$DIMASSOC
280
     2
  9
$PROJECTNAME
  1

  9
$CAMERADISPLAY
290
     0
  9
$LENSLENGTH
 40
50.0
  9
$CAMERAHEIGHT
 40
0.0
  9
$STEPSPERSEC
 40
2.0
  9
$STEPSIZE
 40
6.0
  9
$3DDWFPREC
 40
2.0
  9
$PSOLWIDTH
 40
5.0
  9
$PSOLHEIGHT
 40
80.0
  9
$LOFTANG1
 40
1.570796
  9
$LOFTANG2
 40
1.570796
  9
$LOFTMAG1
 40
0.0
  9
$LOFTMAG2
 40
0.0
  9
$LOFTPARAM
 70
     7
  9
$LOFTNORMALS
280
     1
  9
$LATITUDE
 40
37.795
  9
$LONGITUDE
 40
-122.394
  9
$NORTHDIRECTION
 40
0.0
  9
$TIMEZONE
 70
 -8000
  9
$LIGHTGLYPHDISPLAY
280
     1
  9
$TILEMODELIGHTSYNCH
280
     1
  9
$CMATERIAL
347
EC
  9
$SOLIDHIST
280
     1
  9
$SHOWHIST
280
     1
  9
$DWFFRAME
280
     2
  9
$DGNFRAME
280
     0
  9
$REALWORLDSCALE
290
     1
  9
$INTERFERECOLOR
 62
     1
  9
$CSHADOW
280
     0
  9
$SHADOWPLANELOCATION
 40
0.0
  0
ENDSEC
  0
SECTION
  2
CLASSES
  0
CLASS
  1
ACDBDICTIONARYWDFLT
  2
AcDbDictionaryWithDefault
  3
ObjectDBX Classes
 90
        0
 91
       17
280
     0
281
     0
  0
CLASS
  1
ACDBPLACEHOLDER
  2
AcDbPlaceHolder
  3
ObjectDBX Classes
 90
        0
 91
        1
280
     0
281
     0
  0
CLASS
  1
LAYOUT
  2
AcDbLayout
  3
ObjectDBX Classes
 90
        0
 91
        1
280
     0
281
     0
  0
CLASS
  1
DICTIONARYVAR
  2
AcDbDictionaryVar
  3
ObjectDBX Classes
 90
        0
 91
       10
280
     0
281
     0
  0
CLASS
  1
TABLESTYLE
  2
AcDbTableStyle
  3
ObjectDBX Classes
 90
     4095
 91
       10
280
     0
281
     0
  0
CLASS
  1
MATERIAL
  2
AcDbMaterial
  3
ObjectDBX Classes
 90
     1153
 91
       16
280
     0
281
     0
  0
CLASS
  1
VISUALSTYLE
  2
AcDbVisualStyle
  3
ObjectDBX Classes
 90
     4095
 91
       15
280
     0
281
     0
  0
CLASS
  1
SCALE
  2
AcDbScale
  3
ObjectDBX Classes
 90
     1153
 91
       16
280
     0
281
     0
  0
CLASS
  1
MLEADERSTYLE
  2
AcDbMLeaderStyle
  3
ACDB_MLEADERSTYLE_CLASS
 90
     4095
 91
        9
280
     0
281
     0
  0
CLASS
  1
CELLSTYLEMAP
  2
AcDbCellStyleMap
  3
ObjectDBX Classes
 90
     1152
 91
        9
280
     0
281
     0
  0
CLASS
  1
EXACXREFPANELOBJECT
  2
ExAcXREFPanelObject
  3
EXAC_ESW
 90
     1025
 91
        1
280
     1
281
     0
  0
CLASS
  1
NPOCOLLECTION
  2
AcDbImpNonPersistentObjectsCollection
  3
ObjectDBX Classes
 90
     1153
 91
        1
280
     1
281
     0
  0
CLASS
  1
LAYER_INDEX
  2
AcDbLayerIndex
  3
ObjectDBX Classes
 90
        0
 91
        8
280
     0
281
     0
  0
CLASS
  1
SPATIAL_INDEX
  2
AcDbSpatialIndex
  3
AutoCAD 2000
 90
        0
 91
        8
280
     0
281
     0
  0
CLASS
  1
IDBUFFER
  2
AcDbIdBuffer
  3
ObjectDBX Classes
 90
        0
 91
        8
280
     0
281
     0
  0
CLASS
  1
Wall
  2
PtDbWall
  3
NanoSPDS
 90
      893
 91
        1
280
     1
281
     1
  0
CLASS
  1
SORTENTSTABLE
  2
AcDbSortentsTable
  3
ObjectDBX Classes
 90
        0
 91
       10
280
     0
281
     0
  0
CLASS
  1
Format
  2
mcsDbObjectFormat
  3
NanoSPDS
 90
      893
 91
        1
280
     1
281
     1
  0
CLASS
  1
NOTEPOSITION
  2
mcsDbObjectNotePosition
  3
NanoSPDS
 90
      893
 91
        7
280
     0
281
     1
  0
CLASS
  1
mcsDbObject
  2
mcsDbObject
  3
NanoSPDS
 90
      893
 91
       24
280
     0
281
     1
  0
CLASS
  1
McDbContainer2
  2
McDbContainer2
  3
NanoSPDS
 90
      893
 91
        8
280
     0
281
     0
  0
CLASS
  1
spdsLevelMark
  2
mcsDbObjectLevelMark
  3
NanoSPDS
 90
      893
 91
        1
280
     1
281
     1
  0
CLASS
  1
spdsRelationMark
  2
mcsDbObjectRelationMark
  3
NanoSPDS
 90
      893
 91
        1
280
     1
281
     1
  0
CLASS
  1
LAYOUTPRINTCONFIG
  2
CAcLayoutPrintConfig
  3
"CSD_APP"
 90
     4095
 91
        8
280
     0
281
     1
  0
CLASS
  1
SUN
  2
AcDbSun
  3
SCENEOE
 90
     1153
 91
       16
280
     0
281
     0
  0
ENDSEC
  0
SECTION
  2
TABLES
  0
TABLE
  2
VPORT
  5
8
330
0
100
AcDbSymbolTable
 70
     1
  0
VPORT
  5
EA
330
8
100
AcDbSymbolTableRecord
100
AcDbViewportTableRecord
  2
*Active
 70
     0
 10
0.0
 20
0.0
 11
1.0
 21
1.0
 12
-64.278388
 22
29.590429
 13
0.0
 23
0.0
 14
10.0
 24
10.0
 15
10.0
 25
10.0
 16
0.0
 26
0.0
 36
1.0
 17
210.0
 27
148.5
 37
0.0
 40
77.293054
 41
2.276284
 42
50.0
 43
0.0
 44
0.0
 50
0.0
 51
0.0
 71
    16
 72
  1000
 73
     1
 74
     3
 75
     0
 76
     0
 77
     0
 78
     0
281
     0
 65
     1
110
0.0
120
0.0
130
0.0
111
1.0
121
0.0
131
0.0
112
0.0
122
1.0
132
0.0
 79
     0
146
0.0
 60
     2
 61
     5
292
     1
282
     1
141
0.0
142
0.0
 63
   250
421
  3355443
361
364
  0
ENDTAB
  0
TABLE
  2
LTYPE
  5
5
330
0
100
AcDbSymbolTable
 70
     2
  0
LTYPE
  5
14
330
5
100
AcDbSymbolTableRecord
100
AcDbLinetypeTableRecord
  2
ByBlock
 70
     0
  3

 72
    65
 73
     0
 40
0.0
  0
LTYPE
  5
15
330
5
100
AcDbSymbolTableRecord
100
AcDbLinetypeTableRecord
  2
ByLayer
 70
     0
  3

 72
    65
 73
     0
 40
0.0
  0
LTYPE
  5
16
330
5
100
AcDbSymbolTableRecord
100
AcDbLinetypeTableRecord
  2
Continuous
 70
     0
  3
Solid line
 72
    65
 73
     0
 40
0.0
  0
LTYPE
  5
377
330
5
100
AcDbSymbolTableRecord
100
AcDbLinetypeTableRecord
  2
DASHED2
 70
     0
  3
_ _ _ _ _ _ _ _ _ _ _ _ _ _ _ _ _ _ _ _ _ _ _ _
 72
    65
 73
     2
 40
0.375
 49
0.25
 74
     0
 49
-0.125
 74
     0
  0
ENDTAB
  0
TABLE
  2
LAYER
  5
2
102
{ACAD_XDICTIONARY
360
778
102
}
330
0
100
AcDbSymbolTable
 70
    10
  0
LAYER
  5
10
330
2
100
AcDbSymbolTableRecord
100
AcDbLayerTableRecord
  2
0
 70
     0
 62
     7
  6
Continuous
370
    -3
390
F
347
EE
348
0
  0
LAYER
  5
22D
330
2
100
AcDbSymbolTableRecord
100
AcDbLayerTableRecord
  2
Defpoints
 70
     0
 62
     7
  6
Continuous
290
     0
370
    -3
390
F
347
EE
348
0
  0
LAYER
  5
366
102
{ACAD_XDICTIONARY
360
367
102
}
330
2
100
AcDbSymbolTableRecord
100
AcDbLayerTableRecord
  2
C-0.4N
 70
     0
 62
     7
  6
Continuous
370
    -3
390
F
347
EE
348
0
1001
RAK
1000
{ACET-LAYISO
1070
     0
1070
     4
1000
Continuous
1070
     1
1071
       -3
1071
        1
1005
F
1000
ACET-LAYISO}
  0
LAYER
  5
36D
102
{ACAD_XDICTIONARY
360
36E
102
}
330
2
100
AcDbSymbolTableRecord
100
AcDbLayerTableRecord
  2
H-0.1G250
 70
     0
 62
    30
  6
Continuous
370
    -3
390
F
347
EE
348
0
1001
RAK
1000
{ACET-LAYISO
1070
     0
1070
    30
1000
Continuous
1071
       -3
1071
        1
1005
F
1000
ACET-LAYISO}
  0
LAYER
  5
370
330
2
100
AcDbSymbolTableRecord
100
AcDbLayerTableRecord
  2
Mobiliario
 70
     0
 62
   251
  6
Continuous
370
    -3
390
F
347
EE
348
0
1001
AcAecLayerStandard
1000

1000

  0
LAYER
  5
372
330
2
100
AcDbSymbolTableRecord
100
AcDbLayerTableRecord
  2
000 - MUROS EXISTENTES
 70
     0
 62
     6
  6
Continuous
370
    -3
390
F
347
EE
348
0
1001
AcAecLayerStandard
1000

1000

1001
AcCmTransparency
1071
        0
  0
LAYER
  5
374
330
2
100
AcDbSymbolTableRecord
100
AcDbLayerTableRecord
  2
000 ALE CARPINTERIAS
 70
     0
 62
    32
  6
Continuous
370
     9
390
F
347
EE
348
0
1001
AcAecLayerStandard
1000

1000

1001
AcCmTransparency
1071
        0
  0
LAYER
  5
375
330
2
100
AcDbSymbolTableRecord
100
AcDbLayerTableRecord
  2
000 ALE HATCH MUROS
 70
     0
 62
   252
  6
Continuous
370
     0
390
F
347
EE
348
0
1001
AcAecLayerStandard
1000

1000

1001
AcCmTransparency
1071
        0
  0
LAYER
  5
376
330
2
100
AcDbSymbolTableRecord
100
AcDbLayerTableRecord
  2
000 ALE PROYECCIONES
 70
     0
 62
    32
  6
DASHED2
370
     9
390
F
347
EE
348
0
1001
AcAecLayerStandard
1000

1000

1001
AcCmTransparency
1071
        0
  0
LAYER
  5
378
330
2
100
AcDbSymbolTableRecord
100
AcDbLayerTableRecord
  2
000 ALE MUROS NUEVOS
 70
     0
 62
    20
  6
Continuous
370
     5
390
F
347
EE
348
0
1001
AcAecLayerStandard
1000

1000

1001
AcCmTransparency
1071
        0
  0
ENDTAB
  0
TABLE
  2
STYLE
  5
3
330
0
100
AcDbSymbolTable
 70
     5
  0
STYLE
  5
11
330
3
100
AcDbSymbolTableRecord
100
AcDbTextStyleTableRecord
  2
Standard
 70
     0
 40
0.0
 41
1.0
 50
0.0
 71
     0
 42
2.5
  3
txt.shx
  4

  0
STYLE
  5
1E3
330
3
100
AcDbSymbolTableRecord
100
AcDbTextStyleTableRecord
  2

 70
     1
 40
0.0
 41
1.0
 50
0.0
 71
     0
 42
0.2
  3
GOST 2.303-68.shx
  4

  0
STYLE
  5
37A
330
3
100
AcDbSymbolTableRecord
100
AcDbTextStyleTableRecord
  2
RR
 70
     0
 40
0.0
 41
0.8
 50
0.0
 71
     0
 42
2.5
  3
ROMANS.shx
  4

  0
STYLE
  5
38F
330
3
100
AcDbSymbolTableRecord
100
AcDbTextStyleTableRecord
  2
ARIAL
 70
     0
 40
0.0
 41
1.0
 50
0.0
 71
     0
 42
2.5
  3
verdana.ttf
  4

1001
ACAD
1000
Verdana
1071
       34
  0
ENDTAB
  0
TABLE
  2
VIEW
  5
6
330
0
100
AcDbSymbolTable
 70
     0
  0
ENDTAB
  0
TABLE
  2
UCS
  5
7
330
0
100
AcDbSymbolTable
 70
     0
  0
ENDTAB
  0
TABLE
  2
APPID
  5
9
330
0
100
AcDbSymbolTable
 70
    25
  0
APPID
  5
12
330
9
100
AcDbSymbolTableRecord
100
AcDbRegAppTableRecord
  2
ACAD
 70
     0
  0
APPID
  5
9E
330
9
100
AcDbSymbolTableRecord
100
AcDbRegAppTableRecord
  2
ACAD_PSEXT
 70
     0
  0
APPID
  5
133
330
9
100
AcDbSymbolTableRecord
100
AcDbRegAppTableRecord
  2
AcadAnnoPO
 70
     0
  0
APPID
  5
134
330
9
100
AcDbSymbolTableRecord
100
AcDbRegAppTableRecord
  2
AcadAnnotative
 70
     0
  0
APPID
  5
135
330
9
100
AcDbSymbolTableRecord
100
AcDbRegAppTableRecord
  2
ACAD_DSTYLE_DIMJAG
 70
     0
  0
APPID
  5
136
330
9
100
AcDbSymbolTableRecord
100
AcDbRegAppTableRecord
  2
ACAD_DSTYLE_DIMTALN
 70
     0
  0
APPID
  5
165
330
9
100
AcDbSymbolTableRecord
100
AcDbRegAppTableRecord
  2
ACAD_MLEADERVER
 70
     0
  0
APPID
  5
1E1
330
9
100
AcDbSymbolTableRecord
100
AcDbRegAppTableRecord
  2
MCS_DIM1
 70
     0
  0
APPID
  5
1E2
330
9
100
AcDbSymbolTableRecord
100
AcDbRegAppTableRecord
  2
McsXdata5
 70
     0
  0
APPID
  5
209
330
9
100
AcDbSymbolTableRecord
100
AcDbRegAppTableRecord
  2
MCS_PARAMS_DATA
 70
     0
  0
APPID
  5
20C
330
9
100
AcDbSymbolTableRecord
100
AcDbRegAppTableRecord
  2
MCS_PARAMS_HIDDEN_DATA
 70
     0
  0
APPID
  5
34D
330
9
100
AcDbSymbolTableRecord
100
AcDbRegAppTableRecord
  2
MCS_DOCUMENT_ID
 70
     0
  0
APPID
  5
353
330
9
100
AcDbSymbolTableRecord
100
AcDbRegAppTableRecord
  2
McSubentIdentification
 70
     0
  0
APPID
  5
355
330
9
100
AcDbSymbolTableRecord
100
AcDbRegAppTableRecord
  2
MC_VERSION_DATA
 70
     0
  0
APPID
  5
36C
330
9
100
AcDbSymbolTableRecord
100
AcDbRegAppTableRecord
  2
RAK
 70
     0
  0
APPID
  5
371
330
9
100
AcDbSymbolTableRecord
100
AcDbRegAppTableRecord
  2
AcAecLayerStandard
 70
     0
  0
APPID
  5
373
330
9
100
AcDbSymbolTableRecord
100
AcDbRegAppTableRecord
  2
AcCmTransparency
 70
     0
  0
APPID
  5
386
330
9
100
AcDbSymbolTableRecord
100
AcDbRegAppTableRecord
  2
ACAD_DSTYLE_DIMBREAK
 70
     0
  0
APPID
  5
384
330
9
100
AcDbSymbolTableRecord
100
AcDbRegAppTableRecord
  2
AcDbDynamicBlockGUID
 70
     0
  0
APPID
  5
380
330
9
100
AcDbSymbolTableRecord
100
AcDbRegAppTableRecord
  2
AcDbBlockRepETag
 70
     0
  0
APPID
  5
389
330
9
100
AcDbSymbolTableRecord
100
AcDbRegAppTableRecord
  2
AcLayerTools
 70
     0
  0
APPID
  5
38A
330
9
100
AcDbSymbolTableRecord
100
AcDbRegAppTableRecord
  2
ACAD_NAV_VCDISPLAY
 70
     0
  0
APPID
  5
38B
330
9
100
AcDbSymbolTableRecord
100
AcDbRegAppTableRecord
  2
GradientColor1ACI
 70
     0
  0
APPID
  5
38C
330
9
100
AcDbSymbolTableRecord
100
AcDbRegAppTableRecord
  2
GradientColor2ACI
 70
     0
  0
APPID
  5
38D
330
9
100
AcDbSymbolTableRecord
100
AcDbRegAppTableRecord
  2
PLOTTRANSPARENCY
 70
     0
  0
ENDTAB
  0
TABLE
  2
DIMSTYLE
  5
A
330
0
100
AcDbSymbolTable
 70
     2
100
AcDbDimStyleTable
  0
DIMSTYLE
105
1B0
330
A
100
AcDbSymbolTableRecord
100
AcDbDimStyleTableRecord
  2
Standard
 70
     0
 40
100.0
 41
2.5
 42
0.5
 43
6.0
 44
0.0
 50
45.000001
 73
     0
140
2.5
141
2.5
143
25.4
147
1.0
178
     0
340
11
345
15
346
15
347
15
  0
DIMSTYLE
105
379
330
A
100
AcDbSymbolTableRecord
100
AcDbDimStyleTableRecord
  2
Copy of ALE cota 200
 70
     0
 40
2.0
 41
0.2
 42
0.1
 43
0.1
 44
0.0
 73
     0
 74
     0
 77
     1
 78
     4
140
0.2
147
0.1
172
     1
173
     1
174
     1
176
   256
177
   256
271
     2
178
   256
271
     2
272
     2
340
37A
341
37B
343
37B
344
37B
1001
ACAD_DSTYLE_DIMJAG
1070
   388
1040
1.5
1001
ACAD_DSTYLE_DIMBREAK
1070
   391
1040
0.2
1001
ACAD_DSTYLE_DIMTALN
1070
   392
1070
     0
  0
ENDTAB
  0
TABLE
  2
BLOCK_RECORD
  5
1
330
0
100
AcDbSymbolTable
 70
    16
  0
BLOCK_RECORD
  5
1F
102
{ACAD_XDICTIONARY
360
234
102
}
330
1
100
AcDbSymbolTableRecord
100
AcDbBlockTableRecord
  2
*Model_Space
340
22
 70
     0
280
     1
281
     0
  0
BLOCK_RECORD
  5
D6
330
1
100
AcDbSymbolTableRecord
100
AcDbBlockTableRecord
  2
*Paper_Space
340
D7
 70
     0
280
     1
281
     0
  0
BLOCK_RECORD
  5
21A
330
1
100
AcDbSymbolTableRecord
100
AcDbBlockTableRecord
  2
*Paper_Space0
340
21B
 70
     0
280
     1
281
     0
  0
BLOCK_RECORD
  5
1EC
330
1
100
AcDbSymbolTableRecord
100
AcDbBlockTableRecord
  2
_ARCHTICK
340
0
 70
     0
280
     1
281
     0
  0
BLOCK_RECORD
  5
1F4
330
1
100
AcDbSymbolTableRecord
100
AcDbBlockTableRecord
  2
_OPEN30
340
0
 70
     0
280
     1
281
     0
  0
BLOCK_RECORD
  5
1FC
330
1
100
AcDbSymbolTableRecord
100
AcDbBlockTableRecord
  2
_DOT
340
0
 70
     0
280
     1
281
     0
  0
BLOCK_RECORD
  5
224
330
1
100
AcDbSymbolTableRecord
100
AcDbBlockTableRecord
  2
*Paper_Space4
340
225
 70
     0
280
     1
281
     0
  0
BLOCK_RECORD
  5
D2
330
1
100
AcDbSymbolTableRecord
100
AcDbBlockTableRecord
  2
*Paper_Space5
340
D3
 70
     0
280
     1
281
     0
  0
BLOCK_RECORD
  5
21F
330
1
100
AcDbSymbolTableRecord
100
AcDbBlockTableRecord
  2
*Paper_Space6
340
220
 70
     0
280
     1
281
     0
  0
BLOCK_RECORD
  5
210
330
1
100
AcDbSymbolTableRecord
100
AcDbBlockTableRecord
  2
*Paper_Space7
340
211
 70
     0
280
     1
281
     0
  0
BLOCK_RECORD
  5
215
330
1
100
AcDbSymbolTableRecord
100
AcDbBlockTableRecord
  2
*Paper_Space8
340
216
 70
     0
280
     1
281
     0
  0
BLOCK_RECORD
  5
37B
102
{ACAD_XDICTIONARY
360
37C
102
}
330
1
100
AcDbSymbolTableRecord
100
AcDbBlockTableRecord
  2
COTA_N
340
0
 70
     0
280
     1
281
     0
1001
AcDbDynamicBlockGUID
1000
{A2A4B894-A3EF-4AA8-B9D8-326EDB85D48A}
1001
AcDbBlockRepETag
1070
     1
1071
        3
  0
BLOCK_RECORD
  5
44A
102
{ACAD_XDICTIONARY
360
44B
102
}
330
1
100
AcDbSymbolTableRecord
100
AcDbBlockTableRecord
  2
BIND
340
0
310
2800000020000000200000000100200000000000001000000100000001000000000000000000000000000000302821FF302821FF302821FF302821FF302821FF302821FF302821FF302821FF302821FF302821FF302821FF302821FF302821FF302821FF302821FF302821FF302821FF302821FF302821FF302821FF302821
310
FF302821FF302821FF302821FF302821FF302821FF302821FF302821FF302821FF302821FF302821FF302821FF302821FF302821FF302821FF302821FF302821FF302821FF302821FF302821FF302821FF302821FF302821FF302821FF302821FF302821FF302821FF302821FF302821FF302821FF302821FF302821FF3028
310
21FF302821FF302821FF302821FF302821FF302821FF302821FF302821FF302821FF302821FF302821FF302821FF302821FF302821FF302821FF302821FF302821FF302821FF302821FF302821FF302821FF302821FF302821FF302821FF302821FF302821FF302821FF302821FF302821FF302821FF302821FF302821FF30
310
2821FF302821FF302821FF302821FF302821FF302821FF302821FF302821FF302821FF302821FF302821FF302821FF302821FF302821FF302821FF302821FF302821FF302821FF302821FF302821FF302821FF302821FF302821FF302821FF302821FF302821FF302821FF302821FF302821FF302821FF302821FF302821FF
310
302821FF302821FF302821FF302821FF302821FF302821FF302821FF302821FF302821FF302821FF302821FF302821FF302821FF302821FF302821FF808080FF808080FF808080FF808080FF808080FF808080FF808080FF808080FF808080FF808080FF808080FF808080FF808080FF808080FF808080FF808080FF808080
310
FF808080FF808080FF808080FF808080FF808080FF808080FF808080FF808080FF808080FF302821FF302821FF302821FF302821FF302821FF808080FF808080FF302821FF302821FF302821FF302821FF302821FF302821FF302821FF302821FF302821FF302821FF302821FF302821FF302821FF302821FF302821FF3028
310
21FF302821FF302821FF302821FF302821FF302821FF302821FF302821FF302821FF808080FF808080FF302821FF302821FF302821FF302821FF808080FF302821FF302821FF302821FF302821FF302821FF302821FF302821FF302821FF302821FF302821FF302821FF302821FF302821FF302821FF302821FF302821FF30
310
2821FF302821FF302821FF302821FF302821FF302821FF302821FF302821FF302821FF302821FF808080FF302821FF302821FF302821FF808080FF302821FF302821FF302821FF302821FF302821FF302821FF302821FF302821FF302821FF302821FF302821FF302821FF302821FF302821FF302821FF302821FF302821FF
310
302821FF302821FF302821FF302821FF302821FF302821FF302821FF302821FF302821FF302821FF302821FF808080FF302821FF302821FF808080FF302821FF302821FF302821FF302821FF302821FF302821FF302821FF302821FF302821FF302821FF302821FF302821FF302821FF302821FF302821FF302821FF302821
310
FF302821FF302821FF302821FF302821FF302821FF302821FF302821FF302821FF302821FF302821FF302821FF808080FF302821FF302821FF808080FF302821FF302821FF302821FF302821FF302821FF302821FF302821FF302821FF302821FF302821FF302821FF302821FF302821FF302821FF302821FF302821FF3028
310
21FF302821FF302821FF302821FF302821FF302821FF302821FF302821FF302821FF302821FF302821FF302821FF808080FF302821FF302821FF808080FF302821FF302821FF302821FF302821FF302821FF302821FF302821FF302821FF302821FF302821FF302821FF302821FF302821FF302821FF302821FF302821FF30
310
2821FF302821FF302821FF302821FF302821FF302821FF302821FF302821FF302821FF302821FF302821FF302821FF808080FF302821FF302821FF808080FF302821FF302821FF302821FF302821FF302821FF302821FF302821FF302821FF302821FF302821FF302821FF302821FF302821FF302821FF302821FF302821FF
310
302821FF302821FF302821FF302821FF302821FF302821FF302821FF302821FF302821FF302821FF302821FF302821FF808080FF302821FF302821FF808080FF302821FF302821FF302821FF302821FF302821FF302821FF302821FF302821FF302821FF302821FF302821FF302821FF302821FF302821FF302821FF302821
310
FF302821FF302821FF302821FF302821FF302821FF302821FF302821FF302821FF302821FF302821FF302821FF302821FF808080FF302821FF302821FF808080FF302821FF302821FF302821FF302821FF302821FF302821FF302821FF302821FF302821FF302821FF302821FF302821FF302821FF302821FF302821FF3028
310
21FF302821FF302821FF302821FF302821FF302821FF302821FF302821FF302821FF302821FF302821FF302821FF302821FF808080FF302821FF302821FF808080FF302821FF302821FF302821FF302821FF302821FF302821FF302821FF302821FF302821FF302821FF302821FF302821FF302821FF302821FF302821FF30
310
2821FF302821FF302821FF302821FF302821FF302821FF302821FF302821FF302821FF302821FF302821FF302821FF302821FF808080FF302821FF302821FF808080FF302821FF302821FF302821FF302821FF302821FF302821FF302821FF302821FF302821FF302821FF302821FF302821FF302821FF302821FF302821FF
310
302821FF302821FF302821FF302821FF302821FF302821FF302821FF302821FF302821FF302821FF302821FF302821FF302821FF808080FF302821FF302821FF808080FF302821FF302821FF302821FF302821FF302821FF302821FF302821FF302821FF302821FF302821FF302821FF302821FF302821FF302821FF302821
310
FF302821FF302821FF302821FF302821FF302821FF302821FF302821FF302821FF302821FF302821FF302821FF302821FF302821FF808080FF302821FF302821FF808080FF302821FF302821FF302821FF302821FF302821FF302821FF302821FF302821FF302821FF302821FF302821FF302821FF302821FF302821FF3028
310
21FF302821FF302821FF302821FF302821FF302821FF302821FF302821FF302821FF302821FF302821FF302821FF302821FF302821FF808080FF302821FF302821FF808080FF302821FF302821FF302821FF302821FF302821FF302821FF302821FF302821FF302821FF302821FF302821FF302821FF302821FF302821FF30
310
2821FF302821FF302821FF302821FF302821FF302821FF302821FF302821FF302821FF302821FF302821FF302821FF302821FF302821FF808080FF302821FF302821FF808080FF302821FF302821FF302821FF302821FF302821FF302821FF302821FF302821FF302821FF302821FF302821FF302821FF302821FF302821FF
310
302821FF302821FF302821FF302821FF302821FF302821FF302821FF302821FF302821FF302821FF302821FF302821FF302821FF302821FF808080FF302821FF302821FF808080FF302821FF302821FF302821FF302821FF302821FF302821FF302821FF302821FF302821FF302821FF302821FF302821FF302821FF302821
310
FF302821FF302821FF302821FF302821FF302821FF302821FF302821FF302821FF302821FF302821FF302821FF302821FF302821FF302821FF808080FF302821FF302821FF808080FF302821FF302821FF302821FF302821FF302821FF302821FF302821FF302821FF302821FF302821FF302821FF302821FF302821FF3028
310
21FF302821FF302821FF302821FF302821FF302821FF302821FF302821FF302821FF302821FF302821FF302821FF302821FF302821FF302821FF808080FF302821FF302821FF808080FF302821FF302821FF302821FF302821FF302821FF302821FF302821FF302821FF302821FF302821FF302821FF302821FF302821FF30
310
2821FF302821FF302821FF302821FF302821FF302821FF302821FF302821FF302821FF302821FF302821FF302821FF302821FF302821FF302821FF808080FF302821FF302821FF808080FF302821FF302821FF302821FF302821FF302821FF302821FF302821FF302821FF302821FF302821FF302821FF302821FF302821FF
310
302821FF302821FF302821FF302821FF302821FF302821FF302821FF302821FF302821FF302821FF302821FF302821FF302821FF302821FF302821FF808080FF302821FF302821FF808080FF302821FF302821FF302821FF302821FF302821FF302821FF302821FF302821FF302821FF302821FF302821FF302821FF302821
310
FF302821FF302821FF302821FF302821FF302821FF302821FF302821FF302821FF302821FF302821FF302821FF302821FF302821FF302821FF302821FF808080FF302821FF302821FF302821FF808080FF302821FF302821FF302821FF302821FF302821FF302821FF302821FF302821FF302821FF302821FF302821FF3028
310
21FF302821FF302821FF302821FF302821FF302821FF302821FF302821FF302821FF302821FF302821FF302821FF302821FF302821FF302821FF808080FF302821FF302821FF302821FF302821FF808080FF808080FF302821FF302821FF302821FF302821FF302821FF302821FF302821FF302821FF302821FF302821FF30
310
2821FF302821FF302821FF302821FF302821FF302821FF302821FF302821FF302821FF302821FF302821FF302821FF302821FF302821FF808080FF808080FF302821FF302821FF302821FF302821FF302821FF808080FF808080FF808080FF808080FF808080FF808080FF808080FF808080FF808080FF808080FF808080FF
310
808080FF808080FF808080FF808080FF808080FF808080FF808080FF808080FF808080FF808080FF808080FF808080FF808080FF808080FF808080FF302821FF302821FF302821FF302821FF302821FF302821FF302821FF302821FF302821FF302821FF302821FF302821FF302821FF302821FF302821FF302821FF302821
310
FF302821FF302821FF302821FF302821FF302821FF302821FF302821FF302821FF302821FF302821FF302821FF302821FF302821FF302821FF302821FF302821FF302821FF302821FF302821FF302821FF302821FF302821FF302821FF302821FF302821FF302821FF302821FF302821FF302821FF302821FF302821FF3028
310
21FF302821FF302821FF302821FF302821FF302821FF302821FF302821FF302821FF302821FF302821FF302821FF302821FF302821FF302821FF302821FF302821FF302821FF302821FF302821FF302821FF302821FF302821FF302821FF302821FF302821FF302821FF302821FF302821FF302821FF302821FF302821FF30
310
2821FF302821FF302821FF302821FF302821FF302821FF302821FF302821FF302821FF302821FF302821FF302821FF302821FF302821FF302821FF302821FF302821FF302821FF302821FF302821FF302821FF302821FF302821FF302821FF302821FF302821FF302821FF302821FF302821FF302821FF302821FF302821FF
310
302821FF302821FF302821FF302821FF302821FF302821FF302821FF302821FF302821FF302821FF302821FF302821FF302821FF302821FF302821FF302821FF302821FF302821FF
102
{BLKREFS
331
449
331
457
331
458
331
459
331
45A
331
45B
331
45C
331
45D
331
45E
331
45F
331
460
331
461
331
67E
331
67F
331
680
331
681
331
682
331
683
331
684
331
685
331
686
331
687
331
688
331
689
331
68A
331
68B
331
68C
331
68D
331
68E
331
68F
331
690
331
691
331
692
331
693
331
694
331
695
331
696
331
697
331
698
331
699
331
69A
331
69B
331
69C
331
69D
331
69E
331
69F
331
6A0
331
6A1
331
6A2
331
6FC
331
6FD
331
6FE
331
6FF
331
700
331
701
331
6A3
331
6A4
331
6A5
331
6A6
331
6A7
331
6A8
331
6A9
331
6AA
331
6AB
331
6AC
331
6AD
331
6AE
331
6AF
331
6B0
331
6B1
331
6B2
331
6B3
331
6B4
331
6B5
331
6B6
331
6B7
331
6B8
331
6B9
331
6BA
331
6BB
331
6BC
331
6BD
331
6BE
331
6BF
331
6C0
331
6C1
331
6C2
331
6C3
331
6C4
331
6C5
331
6C6
331
6C7
331
6C8
331
6C9
331
6CA
331
6CB
331
6CC
331
6CD
331
6CE
331
6CF
331
6D0
331
6D1
331
6D2
331
6D3
331
6D4
331
6D5
331
6D6
331
6D7
331
6D8
331
6D9
331
6DA
331
6DB
331
6DC
331
6DD
331
6DE
331
6DF
331
6E0
331
6E1
331
6E2
331
6E3
331
6E4
331
6E5
331
6E6
331
6E7
331
6E8
331
6E9
331
6EA
331
6EB
331
6EC
331
6ED
331
6EE
331
6EF
331
6F0
331
6F1
331
6F2
331
6F3
331
6F4
331
6F5
331
6F6
331
6F7
331
6F8
331
6F9
331
6FA
331
6FB
102
}
 70
     4
280
     1
281
     1
1001
AcDbDynamicBlockGUID
1000
{567F972E-FC18-8745-8E52-BA2398DCB9F1}
1001
ACAD
1000
DesignCenter Data
1002
{
1070
     1
1070
     4
1002
}
  0
BLOCK_RECORD
  5
61D
330
1
100
AcDbSymbolTableRecord
100
AcDbBlockTableRecord
  2
PURTA 760
340
0
310
28000000300000003000000001002000000000000024000001000000010000000000000000000000000000FF000000FF000000FF000000FF000000FF000000FF000000FF000000FF000000FF000000FF000000FF000000FF000000FF000000FF000000FF000000FF000000FF000000FF000000FF000000FF000000FF000000
310
FF000000FF000000FF000000FF000000FF000000FF000000FF000000FF000000FF000000FF000000FF000000FF000000FF000000FF000000FF000000FF000000FF000000FF000000FF000000FF000000FF000000FF000000FF000000FF000000FF000000FF000000FF000000FF000000FF000000FF000000FF000000FF0000
310
00FF000000FF000000FF000000FF000000FF000000FF000000FF000000FF000000FF000000FF000000FF000000FF000000FF000000FF000000FF000000FF000000FF000000FF000000FF000000FF000000FF000000FF000000FF000000FF000000FF000000FF000000FF000000FF000000FF000000FF000000FF000000FF00
310
0000FF000000FF000000FF000000FF000000FF000000FF000000FF000000FF000000FF000000FF000000FF000000FF000000FF0066CCFF000000FF000000FF000000FF000000FF000000FF0066CCFF000000FF000000FF000000FF000000FF000000FF000000FF000000FF000000FF000000FF000000FF000000FF000000FF
310
000000FF000000FF000000FF000000FF000000FF000000FF000000FF000000FF000000FF000000FF000000FF000000FF000000FF000000FF000000FF000000FF000000FF000000FF000000FF000000FF000000FF000000FF000000FF000000FF000000FF000000FF000000FF000000FF000000FF0066CCFF000000FF000000
310
FF000000FF000000FF000000FF0066CCFF000000FF000000FF000000FF000000FF000000FF000000FF000000FF000000FF000000FF000000FF000000FF000000FF000000FF000000FF000000FF000000FF000000FF000000FF000000FF000000FF000000FF000000FF000000FF000000FF000000FF000000FF000000FF0000
310
00FF000000FF000000FF000000FF000000FF000000FF000000FF000000FF000000FF000000FF000000FF000000FF000000FF000000FF0066CCFF000000FF000000FF000000FF000000FF000000FF0066CCFF000000FF000000FF000000FF000000FF000000FF000000FF000000FF000000FF000000FF000000FF000000FF00
310
0000FF000000FF000000FF000000FF000000FF000000FF000000FF000000FF000000FF000000FF000000FF000000FF000000FF000000FF000000FF000000FF000000FF000000FF000000FF000000FF000000FF000000FF000000FF000000FF000000FF000000FF000000FF000000FF000000FF000000FF0066CCFF0066CCFF
310
0066CCFF0066CCFF0066CCFF0066CCFF0066CCFF0066CCFF0066CCFF0066CCFF0066CCFF0066CCFF0066CCFF0066CCFF0066CCFF0066CCFF0066CCFF0066CCFF0066CCFF0066CCFF0066CCFF0066CCFF0066CCFF0066CCFF0066CCFF0066CCFF0066CCFF0066CCFF0066CCFF0066CCFF0066CCFF0066CCFF0066CCFF0066CC
310
FF0066CCFF0066CCFF0066CCFF0066CCFF0066CCFF0066CCFF0066CCFF0066CCFF0066CCFF0066CCFF000000FF000000FF000000FF000000FF000000FF000000FF000000FF000000FF000000FF000000FF0066CCFF000000FF000000FF000000FF000000FF000000FF000000FF000000FF000000FF000000FF000000FF0000
310
00FF000000FF000000FF000000FF000000FF000000FF000000FF000000FF000000FF000000FF000000FF000000FF000000FF000000FF000000FF000000FF000000FF000000FF000000FF000000FF000000FF000000FF000000FF000000FF000000FF000000FF0066CCFF000000FF000000FF000000FF000000FF000000FF00
310
0000FF000000FF000000FF000000FF000000FF0066CCFF000000FF000000FF000000FF000000FF000000FF000000FF000000FF000000FF000000FF000000FF000000FF000000FF000000FF000000FF000000FF000000FF000000FF000000FF000000FF000000FF000000FF000000FF000000FF000000FF000000FF000000FF
310
000000FF000000FF000000FF000000FF000000FF000000FF000000FF000000FF000000FF000000FF0066CCFF000000FF000000FF000000FF000000FF000000FF000000FF000000FF000000FF000000FF000000FF0066CCFF0066CCFF0066CCFF0066CCFF0066CCFF0066CCFF0066CCFF0066CCFF0066CCFF0066CCFF0066CC
310
FF0066CCFF0066CCFF0066CCFF0066CCFF0066CCFF0066CCFF0066CCFF0066CCFF0066CCFF0066CCFF0066CCFF0066CCFF0066CCFF0066CCFF0066CCFF0066CCFF0066CCFF0066CCFF0066CCFF0066CCFF0066CCFF0066CCFF0066CCFF0066CCFF0066CCFF0066CCFF0066CCFF000000FF000000FF000000FF000000FF0000
310
00FF000000FF000000FF000000FF000000FF000000FF000000FF000000FF000000FF000000FF000000FF000000FF000000FF000000FF000000FF000000FF000000FF000000FF000000FF000000FF000000FF000000FF000000FF000000FF000000FF000000FF000000FF000000FF000000FF000000FF000000FF000000FF00
310
0000FF000000FF000000FF000000FF000000FF000000FF000000FF000000FF000000FF000000FF0066CCFF000000FF000000FF000000FF000000FF000000FF000000FF000000FF000000FF000000FF000000FF000000FF000000FF000000FF000000FF000000FF000000FF000000FF000000FF000000FF000000FF000000FF
310
000000FF000000FF000000FF000000FF000000FF000000FF000000FF000000FF000000FF000000FF000000FF000000FF000000FF000000FF000000FF000000FF000000FF000000FF000000FF000000FF000000FF000000FF000000FF000000FF000000FF000000FF0066CCFF000000FF000000FF000000FF000000FF000000
310
FF000000FF000000FF000000FF000000FF000000FF000000FF000000FF000000FF000000FF000000FF000000FF000000FF000000FF000000FF000000FF000000FF000000FF000000FF000000FF000000FF000000FF000000FF000000FF000000FF000000FF000000FF000000FF000000FF000000FF000000FF000000FF0000
310
00FF000000FF000000FF000000FF000000FF000000FF000000FF000000FF000000FF000000FF000000FF0066CCFF000000FF000000FF000000FF000000FF000000FF000000FF000000FF000000FF000000FF000000FF000000FF000000FF000000FF000000FF000000FF000000FF000000FF000000FF000000FF000000FF00
310
0000FF000000FF000000FF000000FF000000FF000000FF000000FF000000FF000000FF000000FF000000FF000000FF000000FF000000FF000000FF000000FF000000FF000000FF000000FF000000FF000000FF000000FF000000FF000000FF000000FF000000FF000000FF0066CCFF000000FF000000FF000000FF000000FF
310
000000FF000000FF000000FF000000FF000000FF000000FF000000FF000000FF000000FF000000FF000000FF000000FF000000FF000000FF000000FF000000FF000000FF000000FF000000FF000000FF000000FF000000FF000000FF000000FF000000FF000000FF000000FF000000FF000000FF000000FF000000FF000000
310
FF000000FF000000FF000000FF000000FF000000FF000000FF000000FF000000FF000000FF000000FF0066CCFF000000FF000000FF000000FF000000FF000000FF000000FF000000FF000000FF000000FF000000FF000000FF000000FF000000FF000000FF000000FF000000FF000000FF000000FF000000FF000000FF0000
310
00FF000000FF000000FF000000FF000000FF000000FF000000FF000000FF000000FF000000FF000000FF000000FF000000FF000000FF000000FF000000FF000000FF000000FF000000FF000000FF000000FF000000FF000000FF000000FF000000FF000000FF000000FF0066CCFF000000FF000000FF000000FF000000FF00
310
0000FF000000FF000000FF000000FF000000FF000000FF000000FF000000FF000000FF000000FF000000FF000000FF000000FF000000FF000000FF000000FF000000FF000000FF000000FF000000FF000000FF000000FF000000FF000000FF000000FF000000FF000000FF000000FF000000FF000000FF000000FF000000FF
310
000000FF000000FF000000FF000000FF000000FF000000FF000000FF000000FF000000FF000000FF000000FF0066CCFF000000FF000000FF000000FF000000FF000000FF000000FF000000FF000000FF000000FF000000FF000000FF000000FF000000FF000000FF000000FF000000FF000000FF000000FF000000FF000000
310
FF000000FF000000FF000000FF000000FF000000FF000000FF000000FF000000FF000000FF000000FF000000FF000000FF000000FF000000FF000000FF000000FF000000FF000000FF000000FF000000FF000000FF000000FF000000FF000000FF000000FF000000FF000000FF0066CCFF000000FF000000FF000000FF0000
310
00FF000000FF000000FF000000FF000000FF000000FF000000FF000000FF000000FF000000FF000000FF000000FF000000FF000000FF000000FF000000FF000000FF000000FF000000FF000000FF000000FF000000FF000000FF000000FF000000FF000000FF000000FF000000FF000000FF000000FF000000FF000000FF00
310
0000FF000000FF000000FF000000FF000000FF000000FF000000FF000000FF000000FF000000FF000000FF000000FF0066CCFF000000FF000000FF000000FF000000FF000000FF000000FF000000FF000000FF000000FF000000FF000000FF000000FF000000FF000000FF000000FF000000FF000000FF000000FF000000FF
310
000000FF000000FF000000FF000000FF000000FF000000FF000000FF000000FF000000FF000000FF000000FF000000FF000000FF000000FF000000FF000000FF000000FF000000FF000000FF000000FF000000FF000000FF000000FF000000FF000000FF000000FF000000FF0066CCFF000000FF000000FF000000FF000000
310
FF000000FF000000FF000000FF000000FF000000FF000000FF000000FF000000FF000000FF000000FF000000FF000000FF000000FF000000FF000000FF000000FF000000FF000000FF000000FF000000FF000000FF000000FF000000FF000000FF000000FF000000FF000000FF000000FF000000FF000000FF000000FF0000
310
00FF000000FF000000FF000000FF000000FF000000FF000000FF000000FF000000FF000000FF000000FF000000FF0066CCFF000000FF000000FF000000FF000000FF000000FF000000FF000000FF000000FF000000FF000000FF000000FF000000FF000000FF000000FF000000FF000000FF000000FF000000FF000000FF00
310
0000FF000000FF000000FF000000FF000000FF000000FF000000FF000000FF000000FF000000FF000000FF000000FF000000FF000000FF000000FF000000FF000000FF000000FF000000FF000000FF000000FF000000FF000000FF000000FF000000FF000000FF000000FF000000FF0066CCFF000000FF000000FF000000FF
310
000000FF000000FF000000FF000000FF000000FF000000FF000000FF000000FF000000FF000000FF000000FF000000FF000000FF000000FF000000FF000000FF000000FF000000FF000000FF000000FF000000FF000000FF000000FF000000FF000000FF000000FF000000FF000000FF000000FF000000FF000000FF000000
310
FF000000FF000000FF000000FF000000FF000000FF000000FF000000FF000000FF000000FF000000FF000000FF0066CCFF000000FF000000FF000000FF000000FF000000FF000000FF000000FF000000FF000000FF000000FF000000FF000000FF000000FF000000FF000000FF000000FF000000FF000000FF000000FF0000
310
00FF000000FF000000FF000000FF000000FF000000FF000000FF000000FF000000FF000000FF000000FF000000FF000000FF000000FF000000FF000000FF000000FF000000FF000000FF000000FF000000FF000000FF000000FF000000FF000000FF000000FF000000FF000000FF0066CCFF000000FF000000FF000000FF00
310
0000FF000000FF000000FF000000FF000000FF000000FF000000FF000000FF000000FF000000FF000000FF000000FF000000FF000000FF000000FF000000FF000000FF000000FF000000FF000000FF000000FF000000FF000000FF000000FF000000FF000000FF000000FF000000FF000000FF000000FF000000FF000000FF
310
000000FF000000FF000000FF000000FF000000FF000000FF000000FF000000FF000000FF000000FF000000FF0066CCFF000000FF000000FF000000FF000000FF000000FF000000FF000000FF000000FF000000FF000000FF000000FF000000FF000000FF000000FF000000FF000000FF000000FF000000FF000000FF000000
310
FF000000FF000000FF000000FF000000FF000000FF000000FF000000FF000000FF000000FF000000FF000000FF000000FF000000FF000000FF000000FF000000FF000000FF000000FF000000FF000000FF000000FF000000FF000000FF000000FF000000FF000000FF000000FF0066CCFF000000FF000000FF000000FF0000
310
00FF000000FF000000FF000000FF000000FF000000FF000000FF000000FF000000FF000000FF000000FF000000FF000000FF000000FF000000FF000000FF000000FF000000FF000000FF000000FF000000FF000000FF000000FF000000FF000000FF000000FF000000FF000000FF000000FF000000FF000000FF000000FF00
310
0000FF000000FF000000FF000000FF000000FF000000FF000000FF000000FF000000FF000000FF000000FF0066CCFF000000FF000000FF000000FF000000FF000000FF000000FF000000FF000000FF000000FF000000FF000000FF000000FF000000FF000000FF000000FF000000FF000000FF000000FF000000FF000000FF
310
000000FF000000FF000000FF000000FF000000FF000000FF000000FF000000FF000000FF000000FF000000FF000000FF000000FF000000FF000000FF000000FF000000FF000000FF000000FF000000FF000000FF000000FF000000FF000000FF000000FF000000FF0066CCFF000000FF000000FF000000FF000000FF000000
310
FF000000FF000000FF000000FF000000FF000000FF000000FF000000FF000000FF000000FF000000FF000000FF000000FF000000FF000000FF000000FF000000FF000000FF000000FF000000FF000000FF000000FF000000FF000000FF000000FF000000FF000000FF000000FF000000FF000000FF000000FF000000FF0000
310
00FF000000FF000000FF000000FF000000FF000000FF000000FF000000FF000000FF000000FF000000FF0066CCFF000000FF000000FF000000FF000000FF000000FF000000FF000000FF000000FF000000FF000000FF000000FF000000FF000000FF000000FF000000FF000000FF000000FF000000FF000000FF000000FF00
310
0000FF000000FF000000FF000000FF000000FF000000FF000000FF000000FF000000FF000000FF000000FF000000FF000000FF000000FF000000FF000000FF000000FF000000FF000000FF000000FF000000FF000000FF000000FF000000FF000000FF000000FF0066CCFF000000FF000000FF000000FF000000FF000000FF
310
000000FF000000FF000000FF000000FF000000FF000000FF000000FF000000FF000000FF000000FF000000FF000000FF000000FF000000FF000000FF000000FF000000FF000000FF000000FF000000FF000000FF000000FF000000FF000000FF000000FF000000FF000000FF000000FF000000FF000000FF000000FF000000
310
FF000000FF000000FF000000FF000000FF000000FF000000FF000000FF000000FF000000FF0066CCFF000000FF000000FF000000FF000000FF000000FF000000FF000000FF000000FF000000FF000000FF000000FF000000FF000000FF000000FF000000FF000000FF000000FF000000FF000000FF000000FF000000FF0000
310
00FF000000FF000000FF000000FF000000FF000000FF000000FF000000FF000000FF000000FF000000FF000000FF000000FF000000FF000000FF000000FF000000FF000000FF000000FF000000FF000000FF000000FF000000FF000000FF000000FF0066CCFF000000FF000000FF000000FF000000FF000000FF000000FF00
310
0000FF000000FF000000FF000000FF000000FF000000FF000000FF000000FF000000FF000000FF000000FF000000FF000000FF000000FF000000FF000000FF000000FF000000FF000000FF000000FF000000FF000000FF000000FF000000FF000000FF000000FF000000FF000000FF000000FF000000FF000000FF000000FF
310
000000FF000000FF000000FF000000FF000000FF000000FF000000FF000000FF0066CCFF000000FF000000FF000000FF000000FF000000FF000000FF000000FF000000FF000000FF000000FF000000FF000000FF000000FF000000FF000000FF000000FF000000FF000000FF000000FF000000FF000000FF000000FF000000
310
FF000000FF000000FF000000FF000000FF000000FF000000FF000000FF000000FF000000FF000000FF000000FF000000FF000000FF000000FF000000FF000000FF000000FF000000FF000000FF000000FF000000FF000000FF000000FF0066CCFF000000FF000000FF000000FF000000FF000000FF000000FF000000FF0000
310
00FF000000FF000000FF000000FF000000FF000000FF000000FF000000FF000000FF000000FF000000FF000000FF000000FF000000FF000000FF000000FF000000FF000000FF000000FF000000FF000000FF000000FF000000FF000000FF000000FF000000FF000000FF000000FF000000FF000000FF000000FF000000FF00
310
0000FF000000FF000000FF000000FF000000FF000000FF000000FF0066CCFF000000FF000000FF000000FF000000FF000000FF000000FF000000FF000000FF000000FF000000FF000000FF000000FF000000FF000000FF000000FF000000FF000000FF000000FF000000FF000000FF000000FF000000FF000000FF000000FF
310
000000FF000000FF000000FF000000FF000000FF000000FF000000FF000000FF000000FF000000FF000000FF000000FF000000FF000000FF000000FF000000FF000000FF000000FF000000FF000000FF000000FF000000FF0066CCFF000000FF000000FF000000FF000000FF000000FF000000FF000000FF000000FF000000
310
FF000000FF000000FF000000FF000000FF000000FF000000FF000000FF000000FF000000FF000000FF000000FF000000FF000000FF000000FF000000FF000000FF000000FF000000FF000000FF000000FF000000FF000000FF000000FF000000FF000000FF000000FF000000FF000000FF000000FF000000FF000000FF0000
310
00FF000000FF000000FF000000FF000000FF0066CCFF0066CCFF000000FF000000FF000000FF000000FF000000FF000000FF000000FF000000FF000000FF000000FF000000FF000000FF000000FF000000FF000000FF000000FF000000FF000000FF000000FF000000FF000000FF000000FF000000FF000000FF000000FF00
310
0000FF000000FF000000FF000000FF000000FF000000FF000000FF000000FF000000FF000000FF000000FF000000FF000000FF000000FF000000FF000000FF000000FF000000FF000000FF000000FF0066CCFF000000FF000000FF000000FF000000FF000000FF000000FF000000FF000000FF000000FF000000FF000000FF
310
000000FF000000FF000000FF000000FF000000FF000000FF000000FF000000FF000000FF000000FF000000FF000000FF000000FF000000FF000000FF000000FF000000FF000000FF000000FF000000FF000000FF000000FF000000FF000000FF000000FF000000FF000000FF000000FF000000FF000000FF000000FF000000
310
FF000000FF000000FF0066CCFF0066CCFF000000FF000000FF000000FF000000FF000000FF000000FF000000FF000000FF000000FF000000FF000000FF000000FF000000FF000000FF000000FF000000FF000000FF000000FF000000FF000000FF000000FF000000FF000000FF000000FF000000FF000000FF000000FF0000
310
00FF000000FF000000FF000000FF000000FF000000FF000000FF000000FF000000FF000000FF000000FF000000FF000000FF000000FF000000FF000000FF000000FF0066CCFF0066CCFF000000FF000000FF000000FF000000FF000000FF000000FF000000FF000000FF000000FF000000FF000000FF000000FF000000FF00
310
0000FF000000FF000000FF000000FF000000FF000000FF000000FF000000FF000000FF000000FF000000FF000000FF000000FF000000FF000000FF000000FF000000FF000000FF000000FF000000FF000000FF000000FF000000FF000000FF000000FF000000FF000000FF000000FF000000FF000000FF000000FF0066CCFF
310
0066CCFF000000FF000000FF000000FF000000FF000000FF000000FF000000FF000000FF000000FF000000FF000000FF000000FF000000FF000000FF000000FF000000FF000000FF000000FF000000FF000000FF000000FF000000FF000000FF000000FF000000FF000000FF000000FF000000FF000000FF000000FF000000
310
FF000000FF000000FF000000FF000000FF000000FF000000FF000000FF000000FF000000FF000000FF000000FF000000FF000000FF0066CCFF0066CCFF000000FF000000FF000000FF000000FF000000FF000000FF000000FF000000FF000000FF000000FF000000FF000000FF000000FF000000FF000000FF000000FF0000
310
00FF000000FF000000FF000000FF000000FF000000FF000000FF000000FF000000FF000000FF000000FF000000FF000000FF000000FF000000FF000000FF000000FF000000FF000000FF000000FF000000FF000000FF000000FF000000FF000000FF000000FF0066CCFF0066CCFF0066CCFF0066CCFF000000FF000000FF00
310
0000FF000000FF000000FF000000FF000000FF000000FF000000FF000000FF000000FF000000FF000000FF000000FF000000FF000000FF000000FF000000FF000000FF000000FF000000FF000000FF000000FF000000FF000000FF000000FF000000FF000000FF000000FF000000FF0066CCFF0066CCFF0066CCFF0066CCFF
310
0066CCFF0066CCFF0066CCFF0066CCFF0066CCFF0066CCFF0066CCFF0066CCFF0066CCFF0066CCFF000000FF000000FF000000FF000000FF000000FF000000FF000000FF000000FF000000FF000000FF000000FF000000FF000000FF000000FF000000FF000000FF000000FF000000FF000000FF000000FF000000FF000000
310
FF000000FF000000FF000000FF000000FF000000FF000000FF000000FF000000FF000000FF000000FF000000FF000000FF0066CCFF000000FF000000FF000000FF000000FF000000FF0066CCFF000000FF000000FF000000FF000000FF000000FF000000FF000000FF000000FF000000FF000000FF000000FF000000FF0000
310
00FF000000FF000000FF000000FF000000FF000000FF000000FF000000FF000000FF000000FF000000FF000000FF000000FF000000FF000000FF000000FF000000FF000000FF000000FF000000FF000000FF000000FF000000FF000000FF000000FF000000FF000000FF000000FF000000FF0066CCFF000000FF000000FF00
310
0000FF000000FF000000FF0066CCFF000000FF000000FF000000FF000000FF000000FF000000FF000000FF000000FF000000FF000000FF000000FF000000FF000000FF000000FF000000FF000000FF000000FF000000FF000000FF000000FF000000FF000000FF000000FF000000FF000000FF000000FF000000FF000000FF
310
000000FF000000FF000000FF000000FF000000FF000000FF000000FF000000FF000000FF000000FF000000FF000000FF000000FF0066CCFF000000FF000000FF000000FF000000FF000000FF0066CCFF000000FF000000FF000000FF000000FF000000FF000000FF000000FF000000FF000000FF000000FF000000FF000000
310
FF000000FF000000FF000000FF000000FF000000FF000000FF000000FF000000FF000000FF000000FF000000FF000000FF000000FF000000FF000000FF000000FF000000FF000000FF000000FF000000FF000000FF000000FF000000FF000000FF000000FF000000FF000000FF000000FF000000FF000000FF000000FF0000
310
00FF000000FF000000FF000000FF000000FF000000FF000000FF000000FF000000FF000000FF000000FF000000FF000000FF000000FF000000FF000000FF000000FF000000FF000000FF000000FF000000FF000000FF000000FF000000FF000000FF000000FF000000FF000000FF000000FF000000FF000000FF000000FF00
310
0000FF000000FF000000FF000000FF000000FF000000FF000000FF000000FF000000FF000000FF000000FF000000FF000000FF000000FF000000FF000000FF000000FF000000FF000000FF000000FF000000FF000000FF000000FF000000FF000000FF000000FF000000FF000000FF000000FF000000FF000000FF000000FF
310
000000FF000000FF000000FF000000FF000000FF000000FF000000FF000000FF000000FF000000FF000000FF000000FF000000FF000000FF000000FF000000FF000000FF000000FF000000FF000000FF000000FF000000FF000000FF000000FF000000FF000000FF000000FF000000FF
102
{BLKREFS
331
658
331
659
331
65A
331
65B
331
61C
331
628
331
629
331
62A
331
62B
331
630
102
}
 70
     4
280
     1
281
     0
1001
ACAD
1000
DesignCenter Data
1002
{
1070
     1
1070
     4
1002
}
  0
BLOCK_RECORD
  5
704
330
1
100
AcDbSymbolTableRecord
100
AcDbBlockTableRecord
  2
1.4x0.7
340
0
310
2800000020000000200000000100080000000000000400000000000000000000000000000000000000000000000080000080000000808000800000008000800080800000C0C0C000C0DCC000F0CAA6000020400000206000002080000020A0000020C0000020E00000400000004020000040400000406000004080000040A0
310
000040C0000040E00000600000006020000060400000606000006080000060A0000060C0000060E00000800000008020000080400000806000008080000080A0000080C0000080E00000A0000000A0200000A0400000A0600000A0800000A0A00000A0C00000A0E00000C0000000C0200000C0400000C0600000C0800000C0
310
A00000C0C00000C0E00000E0000000E0200000E0400000E0600000E0800000E0A00000E0C00000E0E00040000000400020004000400040006000400080004000A0004000C0004000E00040200000402020004020400040206000402080004020A0004020C0004020E000404000004040200040404000404060004040800040
310
40A0004040C0004040E00040600000406020004060400040606000406080004060A0004060C0004060E00040800000408020004080400040806000408080004080A0004080C0004080E00040A0000040A0200040A0400040A0600040A0800040A0A00040A0C00040A0E00040C0000040C0200040C0400040C0600040C08000
310
40C0A00040C0C00040C0E00040E0000040E0200040E0400040E0600040E0800040E0A00040E0C00040E0E00080000000800020008000400080006000800080008000A0008000C0008000E00080200000802020008020400080206000802080008020A0008020C0008020E00080400000804020008040400080406000804080
310
008040A0008040C0008040E00080600000806020008060400080606000806080008060A0008060C0008060E00080800000808020008080400080806000808080008080A0008080C0008080E00080A0000080A0200080A0400080A0600080A0800080A0A00080A0C00080A0E00080C0000080C0200080C0400080C0600080C0
310
800080C0A00080C0C00080C0E00080E0000080E0200080E0400080E0600080E0800080E0A00080E0C00080E0E000C0000000C0002000C0004000C0006000C0008000C000A000C000C000C000E000C0200000C0202000C0204000C0206000C0208000C020A000C020C000C020E000C0400000C0402000C0404000C0406000C0
310
408000C040A000C040C000C040E000C0600000C0602000C0604000C0606000C0608000C060A000C060C000C060E000C0800000C0802000C0804000C0806000C0808000C080A000C080C000C080E000C0A00000C0A02000C0A04000C0A06000C0A08000C0A0A000C0A0C000C0A0E000C0C00000C0C02000C0C04000C0C06000
310
C0C08000C0C0A000F0FBFF00A4A0A000808080000000FF0000FF000000FFFF00FF000000FF00FF00FFFF0000FFFFFF0049494949494949494949494949494949494949494949494949494949494949494949494949494949494949494949494949494949494949494949494949494949494949494949494949494949494949
310
494949494949494949494949494949494949494949494949494949494949A4A4A4A4A44949494949494949494949494949494949494949494949494949A4A4A4A4A4A4A4A4494949494949494949494949494949494949494949494949A4A4A4A4A4A4A4A4A4A44949494949494949494949494949494949494949A4A4A449
310
4949494949A4A4A44949494949494949494949494949494949494949A4A4A449494949494949A4A44949494949494949494949494949494949494949A4A44949494949494949A4A449494949494949494949494949494949494949A4A4A44949494949494949A4A44949494949494949494949494949494949494949A4A449
310
49494949494949A4A44949494949494949494949494949494949494949A4A44949494949494949A4A44949494949494949494949494949494949494949A4A4A4494949494949A4A4A449494949494949494949494949494949494949494949A4A4A4A4A4A4A4A4A4494949494949494949494949A4A4A4A4A4A4A4A4A4A4A4
310
A4A4A4A4A4A4A4A4A4A4A4A4A4A4A4A4A4A4A44949A44949494949494949494949A4A4494949494949494949494949494949A44949A449494949494949494949494949494949494949494949494949494949A44949A449494949494949494949494949494949494949494949494949494949A44949A4494949494949494949
310
49494949494949494949494949494949494949A44949A449494949494949494949494949494949494949494949494949494949A44949A449494949494949494949494949494949494949494949494949494949A44949A449494949494949494949494949494949494949494949494949494949A44949A44949494949494949
310
4949494949494949494949494949494949494949A44949A449494949494949494949494949494949494949494949494949494949A44949A449494949494949494949494949494949494949494949494949494949A44949A449494949494949494949494949494949494949494949494949494949A44949A449494949494949
310
494949494949494949494949494949494949494949A44949A449494949494949494949494949494949494949494949494949494949A44949A4A4A4A4A4A4A4A4A4A4A4A4A4A4A4A4A4A4A4A4A4A4A4A4A4A4A4A4A4A44949494949494949494949494949494949494949494949494949494949494949494949494949494949
310
4949494949494949494949494949494949494949494949494949494949494949494949494949494949494949494949494949494949494949
102
{BLKREFS
331
703
331
727
331
72A
331
72D
102
}
 70
     4
280
     1
281
     0
1001
AcDbDynamicBlockGUID
1000
{6904CA8F-25A4-6249-89D9-C88EDC2AD085}
1001
ACAD
1000
DesignCenter Data
1002
{
1070
     1
1070
     4
1002
}
  0
BLOCK_RECORD
  5
708
102
{ACAD_XDICTIONARY
360
709
102
}
330
1
100
AcDbSymbolTableRecord
100
AcDbBlockTableRecord
  2
A$C6E4A3011
340
0
102
{BLKREFS
331
707
331
707
102
}
 70
     4
280
     1
281
     0
1001
AcDbDynamicBlockGUID
1000
{07A27203-64A5-F747-BCDD-D7E998699464}
1001
ACAD
1000
DesignCenter Data
1002
{
1070
     1
1070
     4
1002
}
  0
BLOCK_RECORD
  5
735
102
{ACAD_XDICTIONARY
360
736
102
}
330
1
100
AcDbSymbolTableRecord
100
AcDbBlockTableRecord
  2
mesa_comedor_1.40x0.90
340
0
310
2800000020000000200000000100080000000000000400000000000000000000000000000000000000000000000080000080000000808000800000008000800080800000C0C0C000C0DCC000F0CAA6000020400000206000002080000020A0000020C0000020E00000400000004020000040400000406000004080000040A0
310
000040C0000040E00000600000006020000060400000606000006080000060A0000060C0000060E00000800000008020000080400000806000008080000080A0000080C0000080E00000A0000000A0200000A0400000A0600000A0800000A0A00000A0C00000A0E00000C0000000C0200000C0400000C0600000C0800000C0
310
A00000C0C00000C0E00000E0000000E0200000E0400000E0600000E0800000E0A00000E0C00000E0E00040000000400020004000400040006000400080004000A0004000C0004000E00040200000402020004020400040206000402080004020A0004020C0004020E000404000004040200040404000404060004040800040
310
40A0004040C0004040E00040600000406020004060400040606000406080004060A0004060C0004060E00040800000408020004080400040806000408080004080A0004080C0004080E00040A0000040A0200040A0400040A0600040A0800040A0A00040A0C00040A0E00040C0000040C0200040C0400040C0600040C08000
310
40C0A00040C0C00040C0E00040E0000040E0200040E0400040E0600040E0800040E0A00040E0C00040E0E00080000000800020008000400080006000800080008000A0008000C0008000E00080200000802020008020400080206000802080008020A0008020C0008020E00080400000804020008040400080406000804080
310
008040A0008040C0008040E00080600000806020008060400080606000806080008060A0008060C0008060E00080800000808020008080400080806000808080008080A0008080C0008080E00080A0000080A0200080A0400080A0600080A0800080A0A00080A0C00080A0E00080C0000080C0200080C0400080C0600080C0
310
800080C0A00080C0C00080C0E00080E0000080E0200080E0400080E0600080E0800080E0A00080E0C00080E0E000C0000000C0002000C0004000C0006000C0008000C000A000C000C000C000E000C0200000C0202000C0204000C0206000C0208000C020A000C020C000C020E000C0400000C0402000C0404000C0406000C0
310
408000C040A000C040C000C040E000C0600000C0602000C0604000C0606000C0608000C060A000C060C000C060E000C0800000C0802000C0804000C0806000C0808000C080A000C080C000C080E000C0A00000C0A02000C0A04000C0A06000C0A08000C0A0A000C0A0C000C0A0E000C0C00000C0C02000C0C04000C0C06000
310
C0C08000C0C0A000F0FBFF00A4A0A000808080000000FF0000FF000000FFFF00FF000000FF00FF00FFFF0000FFFFFF00494949494949494949494949494949494949494949494949494949494949494949494949494949494949494949FFFFFFFFFFFF4949494949494949494949494949494949494949494949494949FFFF
310
FFFFFFFF4949494949494949494949494949494949494949494949494949FF49494949FF4949494949494949494949494949494949494949494949494949FF49494949FF4949494949494949494949494949494949494949494949494949FF49494949FF4949494949494949494949494949494949494949494949494949FF
310
49494949FF494949494949494949494949494949494949FFFFFFFFFFFFFFFFFFFFFFFFFFFFFFFFFFFFFFFFFFFF49494949494949494949FF49494949FF49494949494949494949FF49494949FF49494949494949494949FF49494949FF49494949494949494949FF49494949FF49494949494949494949FF49494949FF4949
310
4949494949494949FF49494949FF49494949494949494949FF49494949FF49494949494949494949FF49494949FF49494949494949494949FFFFFFFFFFFF49494949494949494949FFFFFFFFFFFF49494949494949494949FFFFFFFFFFFF49494949494949494949FFFFFFFFFFFF49494949494949494949FF49494949FF49
310
494949494949494949FF49494949FF49494949494949494949FF49494949FF49494949494949494949FF49494949FF49494949494949494949FF49494949FF49494949494949494949FF49494949FF49494949494949494949FF49494949FF49494949494949494949FF49494949FF49494949494949494949FFFFFFFFFFFF
310
49494949494949494949FFFFFFFFFFFF49494949494949494949FFFFFFFFFFFF49494949494949494949FFFFFFFFFFFF49494949494949494949FF49494949FF49494949494949494949FF49494949FF49494949494949494949FF49494949FF49494949494949494949FF49494949FF49494949494949494949FF49494949
310
FF49494949494949494949FF49494949FF49494949494949494949FF49494949FF49494949494949494949FF49494949FF49494949494949494949FFFFFFFFFFFFFFFFFFFFFFFFFFFFFFFFFFFFFFFFFFFF494949494949494949494949494949494949FF49494949FF49494949494949494949494949494949494949494949
310
49494949FF49494949FF4949494949494949494949494949494949494949494949494949FF49494949FF4949494949494949494949494949494949494949494949494949FF49494949FF4949494949494949494949494949494949494949494949494949FFFFFFFFFFFF494949494949494949494949494949494949494949
310
4949494949FFFFFFFFFFFF494949494949494949494949494949494949494949494949494949494949494949494949494949494949494949
102
{BLKREFS
331
734
331
753
331
754
331
755
102
}
 70
     4
280
     1
281
     0
1001
ACAD
1000
DesignCenter Data
1002
{
1070
     1
1070
     4
1002
}
  0
BLOCK_RECORD
  5
75C
330
1
100
AcDbSymbolTableRecord
100
AcDbBlockTableRecord
  2
VENTILADOR DOMINO
340
0
310
28000000300000003000000001002000000000000024000001000000010000000000000000000000000000FF000000FF000000FF000000FF000000FF000000FF000000FF000000FF000000FF000000FF000000FF000000FF000000FF000000FF000000FF000000FF000000FF000000FF000000FF000000FF000000FF000000
310
FF000000FF000000FF000000FF000000FF000000FF000000FF000000FF000000FF000000FF000000FF000000FF000000FF000000FF000000FF000000FF000000FF000000FF000000FF000000FF000000FF000000FF000000FF000000FF000000FF000000FF000000FF000000FF000000FF000000FF000000FF000000FF0000
310
00FF000000FF000000FF000000FF000000FF000000FF000000FF000000FF000000FF000000FF000000FF000000FF000000FF000000FF000000FF000000FF000000FF000000FF000000FF000000FF000000FF000000FF000000FF000000FF000000FF000000FF000000FF000000FF000000FF000000FF000000FF000000FF00
310
0000FF000000FF000000FF000000FF000000FF000000FF000000FF000000FF000000FF000000FF000000FF000000FF000000FF000000FF000000FF000000FF000000FF000000FF000000FF000000FF000000FF000000FF000000FF000000FF000000FF000000FF000000FF000000FF000000FF000000FF000000FF000000FF
310
000000FF000000FF000000FF000000FF000000FF000000FF000000FF000000FF000000FF000000FF000000FF000000FF000000FF000000FF000000FF000000FF000000FF000000FF000000FF000000FF000000FF000000FF000000FF000000FF000000FF000000FF000000FF000000FF000000FF000000FF000000FF000000
310
FF000000FF000000FF000000FF000000FF000000FF000000FF000000FF000000FF000000FF000000FF000000FF000000FF000000FF000000FF000000FF000000FF000000FF000000FF000000FF000000FF000000FF000000FF000000FF000000FF000000FF000000FF000000FF000000FF000000FF000000FF000000FF0000
310
00FF000000FF000000FF000000FF000000FF000000FF000000FF000000FF000000FF000000FF000000FF000000FF000000FF000000FF000000FF000000FF000000FF000000FF000000FF000000FF000000FF000000FF000000FF000000FF000000FF000000FF000000FF000000FF000000FF000000FF000000FF000000FF00
310
0000FF000000FF000000FF000000FF000000FF000000FF000000FF000000FF000000FF000000FF000000FF000000FF000000FF000000FF000000FF000000FF000000FF000000FF000000FF000000FF000000FF000000FF000000FF000000FF000000FF000000FF000000FF000000FF000000FF000000FF000000FF000000FF
310
000000FF000000FF000000FF000000FF000000FF000000FF000000FF000000FF000000FF000000FF000000FF000000FF000000FF000000FF000000FF000000FF000000FF000000FF000000FF000000FF000000FF000000FF000000FF000000FF000000FF000000FF000000FF000000FF000000FF000000FF000000FF000000
310
FF000000FF000000FF000000FF000000FF000000FF000000FF000000FF000000FF000000FF000000FF000000FF000000FF000000FF000000FF000000FF000000FF000000FF000000FF000000FF000000FF000000FF000000FF000000FF000000FF000000FF000000FF000000FF000000FF000000FF000000FF000000FF0000
310
00FF000000FF000000FF000000FF000000FF000000FF000000FF000000FF000000FF000000FF000000FF000000FF000000FF000000FF000000FF000000FF000000FF000000FF000000FF000000FF000000FF000000FF000000FF000000FF000000FF000000FF000000FF000000FF000000FF000000FF000000FF000000FF00
310
0000FF000000FF000000FF000000FF000000FF000000FF000000FF000000FF000000FF000000FF000000FF000000FF000000FF000000FF000000FF000000FF000000FF000000FF000000FF000000FF000000FF000000FF000000FF000000FF000000FF000000FF000000FF000000FF000000FF000000FF000000FF000000FF
310
000000FF000000FF000000FF000000FF000000FF000000FF000000FF000000FF000000FF000000FF000000FF000000FF000000FF000000FF000000FF000000FF000000FF000000FF000000FF000000FF000000FF000000FF000000FF000000FF000000FF000000FF000000FF000000FF000000FF000000FF000000FF000000
310
FF000000FF000000FF000000FF000000FF000000FF000000FF000000FF000000FF000000FF000000FF000000FF000000FF000000FF000000FF000000FF000000FF000000FF000000FF000000FF000000FF000000FF000000FF000000FF000000FF000000FF000000FF000000FF000000FF000000FF000000FF000000FF0000
310
00FF000000FF000000FF000000FF000000FF000000FF000000FF000000FF000000FF000000FF000000FF000000FF000000FF000000FF000000FF000000FF000000FF000000FF000000FF000000FF000000FF000000FF000000FF000000FF000000FF000000FF000000FF000000FF000000FF000000FF000000FF000000FF00
310
0000FF000000FF000000FF000000FF000000FF000000FF000000FF000000FF000000FF000000FF000000FF000000FF000000FF000000FF000000FF000000FF000000FF000000FF000000FF000000FF000000FF000000FF000000FF000000FF000000FF000000FF000000FF000000FF000000FF000000FF000000FF000000FF
310
000000FF000000FF000000FF000000FF000000FF000000FF000000FF000000FF000000FF000000FF000000FF000000FF000000FF000000FF000000FF000000FF000000FF000000FF000000FF000000FF000000FF000000FF000000FF000000FF000000FF000000FF000000FF000000FF000000FF000000FF000000FF000000
310
FF000000FF000000FF000000FF000000FF000000FF000000FF000000FF000000FF000000FF000000FF000000FF000000FF000000FF000000FF000000FF000000FF000000FF000000FF000000FF000000FF000000FF000000FF000000FF000000FF000000FF000000FF000000FF000000FF000000FF000000FF000000FF0000
310
00FF000000FF000000FF000000FF000000FF000000FF000000FF000000FF000000FF000000FF000000FF000000FF000000FF000000FF000000FF000000FF000000FF000000FF000000FF000000FF000000FF000000FF000000FF000000FF000000FF000000FF000000FF000000FF000000FF000000FF000000FF000000FF00
310
0000FF000000FF000000FF000000FF000000FF000000FF000000FF000000FF000000FF000000FF000000FF000000FF000000FF000000FF000000FF000000FF000000FF000000FF000000FF000000FF000000FF000000FF000000FF000000FF000000FF000000FF000000FF000000FF000000FF000000FF000000FF000000FF
310
000000FF000000FF000000FF000000FF000000FF000000FF000000FF000000FF000000FF000000FF000000FF000000FF000000FF000000FF000000FF000000FF000000FF000000FF000000FF000000FF000000FF000000FF000000FF000000FF000000FF000000FF000000FF000000FF000000FF000000FF000000FF000000
310
FF000000FF000000FF000000FF000000FF000000FF000000FF000000FF000000FF000000FF000000FF000000FF000000FF000000FF000000FF000000FF000000FF000000FF000000FF000000FF000000FF000000FF000000FF000000FF000000FF000000FF000000FF000000FF000000FF000000FF000000FF000000FF0000
310
00FF000000FF000000FF000000FF000000FF000000FF000000FF000000FF000000FF000000FF000000FF000000FF000000FF000000FF000000FF000000FF000000FF000000FF000000FF000000FF000000FF000000FF000000FF000000FF000000FF000000FF000000FF000000FF000000FF000000FF000000FF000000FF00
310
0000FF000000FF000000FF000000FF000000FF000000FF000000FF000000FF000000FF000000FF000000FF000000FF000000FF000000FF000000FF000000FF000000FF000000FF000000FF000000FF000000FF000000FF000000FF000000FF000000FF000000FF000000FF000000FF000000FF000000FF000000FF000000FF
310
000000FF000000FF000000FF000000FF000000FF000000FF000000FF000000FF000000FF000000FF000000FF000000FF000000FF000000FF000000FF000000FF000000FF000000FF000000FF000000FF000000FF000000FF000000FF000000FF000000FF000000FF000000FF000000FF000000FF000000FF000000FF000000
310
FF000000FF000000FF000000FF000000FF000000FF000000FF000000FF000000FF000000FF000000FF000000FF000000FF000000FF000000FF000000FF000000FF000000FF000000FF000000FF000000FF000000FF000000FF000000FF000000FF000000FF000000FF000000FF000000FF000000FF000000FF000000FF0000
310
00FF000000FF000000FF000000FF000000FF000000FF000000FF000000FF000000FF000000FF000000FF000000FF000000FF000000FF000000FF000000FF000000FF000000FF000000FF000000FF000000FF000000FF000000FF000000FF000000FF000000FF000000FF000000FF000000FF000000FF000000FF000000FF00
310
0000FF000000FF000000FF000000FF000000FF000000FF000000FF000000FF000000FF000000FF000000FF000000FF000000FF000000FF000000FF000000FF000000FF000000FF000000FF000000FF000000FF000000FF000000FF000000FF000000FF000000FF000000FF000000FF000000FF000000FF000000FF000000FF
310
000000FF000000FF000000FF000000FF000000FF000000FF000000FF000000FF000000FF000000FF000000FF000000FF000000FF000000FF000000FF000000FF000000FF000000FF000000FF000000FF000000FF000000FF000000FF000000FF000000FF000000FF000000FF000000FF000000FF000000FF000000FF000000
310
FF000000FF000000FF000000FF000000FF000000FF000000FF000000FF000000FF000000FF000000FF000000FF000000FF000000FF000000FF000000FF000000FF000000FF000000FF000000FF000000FF000000FF000000FF000000FF000000FF000000FF000000FF000000FF000000FF000000FF000000FF000000FF0000
310
00FF000000FF000000FF000000FF000000FF000000FF000000FF000000FF000000FF000000FF000000FF000000FF000000FF000000FF000000FF000000FF000000FF000000FF000000FF000000FF000000FF000000FF000000FF000000FF000000FF000000FF000000FF000000FF000000FF000000FF000000FF000000FF00
310
0000FF000000FF000000FF000000FF000000FF000000FF000000FF000000FF000000FF000000FF000000FF000000FF000000FF000000FF000000FF000000FF000000FF000000FF000000FF000000FF000000FF000000FF000000FF000000FF000000FF000000FF000000FF000000FF000000FF000000FF000000FF000000FF
310
000000FF000000FF000000FF000000FF000000FF000000FF000000FF000000FF000000FF000000FF5B5B5BFF5B5B5BFF5B5B5BFF5B5B5BFF5B5B5BFF5B5B5BFF5B5B5BFF5B5B5BFF000000FF000000FF000000FF000000FF000000FF000000FF000000FF5B5B5BFF5B5B5BFF000000FF000000FF000000FF000000FF000000
310
FF000000FF000000FF5B5B5BFF5B5B5BFF5B5B5BFF5B5B5BFF5B5B5BFF5B5B5BFF5B5B5BFF5B5B5BFF000000FF000000FF000000FF000000FF000000FF000000FF000000FF000000FF000000FF000000FF000000FF5B5B5BFF5B5B5BFF5B5B5BFF5B5B5BFF5B5B5BFF000000FF000000FF000000FF000000FF000000FF0000
310
00FF000000FF000000FF5B5B5BFF5B5B5BFF5B5B5BFF5B5B5BFF5B5B5BFF5B5B5BFF5B5B5BFF000000FF000000FF5B5B5BFF5B5B5BFF5B5B5BFF5B5B5BFF5B5B5BFF5B5B5BFF5B5B5BFF000000FF000000FF000000FF000000FF000000FF000000FF000000FF000000FF5B5B5BFF5B5B5BFF5B5B5BFF5B5B5BFF5B5B5BFF00
310
0000FF000000FF000000FF000000FF000000FF5B5B5BFF5B5B5BFF000000FF000000FF000000FF000000FF000000FF000000FF000000FF000000FF000000FF000000FF000000FF000000FF000000FF000000FF000000FF000000FF5B5B5BFF5B5B5BFF000000FF000000FF000000FF000000FF5B5B5BFF5B5B5BFF000000FF
310
000000FF000000FF000000FF000000FF000000FF000000FF000000FF000000FF000000FF000000FF000000FF000000FF000000FF000000FF000000FF5B5B5BFF5B5B5BFF000000FF000000FF000000FF000000FF5B5B5BFF5B5B5BFF000000FF000000FF000000FF000000FF000000FF000000FF000000FF000000FF000000
310
FF000000FF000000FF000000FF000000FF000000FF000000FF000000FF5B5B5BFF5B5B5BFF000000FF000000FF000000FF000000FF5B5B5BFF5B5B5BFF000000FF000000FF000000FF000000FF000000FF000000FF000000FF000000FF000000FF000000FF000000FF000000FF000000FF000000FF000000FF000000FF5B5B
310
5BFF5B5B5BFF000000FF000000FF000000FF000000FF000000FF5B5B5BFF5B5B5BFF5B5B5BFF5B5B5BFF5B5B5BFF000000FF000000FF000000FF000000FF000000FF000000FF000000FF000000FF5B5B5BFF5B5B5BFF5B5B5BFF5B5B5BFF5B5B5BFF5B5B5BFF5B5B5BFF000000FF000000FF5B5B5BFF5B5B5BFF5B5B5BFF5B
310
5B5BFF5B5B5BFF5B5B5BFF5B5B5BFF000000FF000000FF000000FF000000FF000000FF000000FF000000FF000000FF5B5B5BFF5B5B5BFF5B5B5BFF5B5B5BFF5B5B5BFF000000FF000000FF000000FF000000FF000000FF000000FF000000FF000000FF000000FF000000FF000000FF5B5B5BFF5B5B5BFF5B5B5BFF5B5B5BFF
310
5B5B5BFF5B5B5BFF5B5B5BFF5B5B5BFF000000FF000000FF000000FF000000FF000000FF000000FF000000FF5B5B5BFF5B5B5BFF000000FF000000FF000000FF000000FF000000FF000000FF000000FF5B5B5BFF5B5B5BFF5B5B5BFF5B5B5BFF5B5B5BFF5B5B5BFF5B5B5BFF5B5B5BFF000000FF000000FF000000FF000000
310
FF000000FF000000FF000000FF000000FF000000FF000000FF000000FF000000FF000000FF000000FF000000FF000000FF000000FF000000FF000000FF000000FF000000FF000000FF000000FF000000FF000000FF000000FF000000FF000000FF000000FF000000FF000000FF000000FF000000FF000000FF000000FF0000
310
00FF000000FF000000FF000000FF000000FF000000FF000000FF000000FF000000FF000000FF000000FF000000FF000000FF000000FF000000FF000000FF000000FF000000FF000000FF000000FF000000FF000000FF000000FF000000FF000000FF000000FF000000FF000000FF000000FF000000FF000000FF000000FF00
310
0000FF000000FF000000FF000000FF000000FF000000FF000000FF000000FF000000FF000000FF000000FF000000FF000000FF000000FF000000FF000000FF000000FF000000FF000000FF000000FF000000FF000000FF000000FF000000FF000000FF000000FF000000FF000000FF000000FF000000FF000000FF000000FF
310
000000FF000000FF000000FF000000FF000000FF000000FF000000FF000000FF000000FF000000FF000000FF000000FF000000FF000000FF000000FF000000FF000000FF000000FF000000FF000000FF000000FF000000FF000000FF000000FF000000FF000000FF000000FF000000FF000000FF000000FF000000FF000000
310
FF000000FF000000FF000000FF000000FF000000FF000000FF000000FF000000FF000000FF000000FF000000FF000000FF000000FF000000FF000000FF000000FF000000FF000000FF000000FF000000FF000000FF000000FF000000FF000000FF000000FF000000FF000000FF000000FF000000FF000000FF000000FF0000
310
00FF000000FF000000FF000000FF000000FF000000FF000000FF000000FF000000FF000000FF000000FF000000FF000000FF000000FF000000FF000000FF000000FF000000FF000000FF000000FF000000FF000000FF000000FF000000FF000000FF000000FF000000FF000000FF000000FF000000FF000000FF000000FF00
310
0000FF000000FF000000FF000000FF000000FF000000FF000000FF000000FF000000FF000000FF000000FF000000FF000000FF000000FF000000FF000000FF000000FF000000FF000000FF000000FF000000FF000000FF000000FF000000FF000000FF000000FF000000FF000000FF000000FF000000FF000000FF000000FF
310
000000FF000000FF000000FF000000FF000000FF000000FF000000FF000000FF000000FF000000FF000000FF000000FF000000FF000000FF000000FF000000FF000000FF000000FF000000FF000000FF000000FF000000FF000000FF000000FF000000FF000000FF000000FF000000FF000000FF000000FF000000FF000000
310
FF000000FF000000FF000000FF000000FF000000FF000000FF000000FF000000FF000000FF000000FF000000FF000000FF000000FF000000FF000000FF000000FF000000FF000000FF000000FF000000FF000000FF000000FF000000FF000000FF000000FF000000FF000000FF000000FF000000FF000000FF000000FF0000
310
00FF000000FF000000FF000000FF000000FF000000FF000000FF000000FF000000FF000000FF000000FF000000FF000000FF000000FF000000FF000000FF000000FF000000FF000000FF000000FF000000FF000000FF000000FF000000FF000000FF000000FF000000FF000000FF000000FF000000FF000000FF000000FF00
310
0000FF000000FF000000FF000000FF000000FF000000FF000000FF000000FF000000FF000000FF000000FF000000FF000000FF000000FF000000FF000000FF000000FF000000FF000000FF000000FF000000FF000000FF000000FF000000FF000000FF000000FF000000FF000000FF000000FF000000FF000000FF000000FF
310
000000FF000000FF000000FF000000FF000000FF000000FF000000FF000000FF000000FF000000FF000000FF000000FF000000FF000000FF000000FF000000FF000000FF000000FF000000FF000000FF000000FF000000FF000000FF000000FF000000FF000000FF000000FF000000FF000000FF000000FF000000FF000000
310
FF000000FF000000FF000000FF000000FF000000FF000000FF000000FF000000FF000000FF000000FF000000FF000000FF000000FF000000FF000000FF000000FF000000FF000000FF000000FF000000FF000000FF000000FF000000FF000000FF000000FF000000FF000000FF000000FF000000FF000000FF000000FF0000
310
00FF000000FF000000FF000000FF000000FF000000FF000000FF000000FF000000FF000000FF000000FF000000FF000000FF000000FF000000FF000000FF000000FF000000FF000000FF000000FF000000FF000000FF000000FF000000FF000000FF000000FF000000FF000000FF000000FF000000FF000000FF000000FF00
310
0000FF000000FF000000FF000000FF000000FF000000FF000000FF000000FF000000FF000000FF000000FF000000FF000000FF000000FF000000FF000000FF000000FF000000FF000000FF000000FF000000FF000000FF000000FF000000FF000000FF000000FF000000FF000000FF000000FF000000FF000000FF000000FF
310
000000FF000000FF000000FF000000FF000000FF000000FF000000FF000000FF000000FF000000FF000000FF000000FF000000FF000000FF000000FF000000FF000000FF000000FF000000FF000000FF000000FF000000FF000000FF000000FF000000FF000000FF000000FF000000FF000000FF000000FF000000FF000000
310
FF000000FF000000FF000000FF000000FF000000FF000000FF000000FF000000FF000000FF000000FF000000FF000000FF000000FF000000FF000000FF000000FF000000FF000000FF000000FF000000FF000000FF000000FF000000FF000000FF000000FF000000FF000000FF000000FF000000FF000000FF000000FF0000
310
00FF000000FF000000FF000000FF000000FF000000FF000000FF000000FF000000FF000000FF000000FF000000FF000000FF000000FF000000FF000000FF000000FF000000FF000000FF000000FF000000FF000000FF000000FF000000FF000000FF000000FF000000FF000000FF000000FF000000FF000000FF000000FF00
310
0000FF000000FF000000FF000000FF000000FF000000FF000000FF000000FF000000FF000000FF000000FF000000FF000000FF000000FF000000FF000000FF000000FF000000FF000000FF000000FF000000FF000000FF000000FF000000FF000000FF000000FF000000FF000000FF000000FF000000FF000000FF000000FF
310
000000FF000000FF000000FF000000FF000000FF000000FF000000FF000000FF000000FF000000FF000000FF000000FF000000FF000000FF000000FF000000FF000000FF000000FF000000FF000000FF000000FF000000FF000000FF000000FF000000FF000000FF000000FF000000FF000000FF000000FF000000FF000000
310
FF000000FF000000FF000000FF000000FF000000FF000000FF000000FF000000FF000000FF000000FF000000FF000000FF000000FF000000FF000000FF000000FF000000FF000000FF000000FF000000FF000000FF000000FF000000FF000000FF000000FF000000FF000000FF000000FF000000FF000000FF000000FF0000
310
00FF000000FF000000FF000000FF000000FF000000FF000000FF000000FF000000FF000000FF000000FF000000FF000000FF000000FF000000FF000000FF000000FF000000FF000000FF000000FF000000FF000000FF000000FF000000FF000000FF000000FF000000FF000000FF000000FF000000FF000000FF000000FF00
310
0000FF000000FF000000FF000000FF000000FF000000FF000000FF000000FF000000FF000000FF000000FF000000FF000000FF000000FF000000FF000000FF000000FF000000FF000000FF000000FF000000FF000000FF000000FF000000FF000000FF000000FF000000FF000000FF000000FF000000FF000000FF000000FF
310
000000FF000000FF000000FF000000FF000000FF000000FF000000FF000000FF000000FF000000FF000000FF000000FF000000FF000000FF000000FF000000FF000000FF000000FF000000FF000000FF000000FF000000FF000000FF000000FF000000FF000000FF000000FF000000FF000000FF000000FF000000FF000000
310
FF000000FF000000FF000000FF000000FF000000FF000000FF000000FF000000FF000000FF000000FF000000FF000000FF000000FF000000FF000000FF000000FF000000FF000000FF000000FF000000FF000000FF000000FF000000FF000000FF000000FF000000FF000000FF000000FF000000FF000000FF000000FF0000
310
00FF000000FF000000FF000000FF000000FF000000FF000000FF000000FF000000FF000000FF000000FF000000FF000000FF000000FF000000FF000000FF000000FF000000FF000000FF000000FF000000FF000000FF000000FF000000FF000000FF000000FF000000FF000000FF000000FF000000FF000000FF000000FF00
310
0000FF000000FF000000FF000000FF000000FF000000FF000000FF000000FF000000FF000000FF000000FF000000FF000000FF000000FF000000FF000000FF000000FF000000FF000000FF000000FF000000FF000000FF000000FF000000FF000000FF000000FF000000FF000000FF000000FF000000FF000000FF000000FF
310
000000FF000000FF000000FF000000FF000000FF000000FF000000FF000000FF000000FF000000FF000000FF000000FF000000FF000000FF000000FF000000FF000000FF000000FF000000FF000000FF000000FF000000FF000000FF000000FF000000FF000000FF000000FF000000FF000000FF000000FF000000FF000000
310
FF000000FF000000FF000000FF000000FF000000FF000000FF000000FF000000FF000000FF000000FF000000FF000000FF000000FF000000FF000000FF000000FF000000FF000000FF000000FF000000FF000000FF000000FF000000FF000000FF000000FF000000FF000000FF000000FF000000FF000000FF000000FF0000
310
00FF000000FF000000FF000000FF000000FF000000FF000000FF000000FF000000FF000000FF000000FF000000FF000000FF000000FF000000FF000000FF000000FF000000FF000000FF000000FF000000FF000000FF000000FF000000FF000000FF000000FF000000FF000000FF000000FF000000FF000000FF000000FF00
310
0000FF000000FF000000FF000000FF000000FF000000FF000000FF000000FF000000FF000000FF000000FF000000FF000000FF000000FF000000FF000000FF000000FF000000FF000000FF000000FF000000FF000000FF000000FF000000FF000000FF000000FF000000FF000000FF000000FF000000FF000000FF000000FF
310
000000FF000000FF000000FF000000FF000000FF000000FF000000FF000000FF000000FF000000FF000000FF000000FF000000FF000000FF000000FF000000FF000000FF000000FF000000FF000000FF000000FF000000FF000000FF000000FF000000FF000000FF000000FF000000FF
102
{BLKREFS
331
75B
331
762
331
766
331
767
331
768
331
769
331
76A
331
76B
331
76C
331
76D
102
}
 70
     4
280
     1
281
     0
1001
AcDbDynamicBlockGUID
1000
{0FB060B8-8E27-F84A-9C1B-CCBB7D3B9E4B}
1001
ACAD
1000
DesignCenter Data
1002
{
1070
     1
1070
     4
1002
}
  0
ENDTAB
  0
ENDSEC
  0
SECTION
  2
BLOCKS
  0
BLOCK
  5
20
330
1F
100
AcDbEntity
  8
0
100
AcDbBlockBegin
  2
*Model_Space
 70
     0
 10
0.0
 20
0.0
 30
0.0
  3
*Model_Space
  1
*Model_Space
  0
ENDBLK
  5
21
330
1F
100
AcDbEntity
  8
0
100
AcDbBlockEnd
  0
BLOCK
  5
D8
330
D6
100
AcDbEntity
 67
     1
  8
0
100
AcDbBlockBegin
  2
*Paper_Space
 70
     0
 10
0.0
 20
0.0
 30
0.0
  3
*Paper_Space
  1
*Paper_Space
  0
ENDBLK
  5
D9
330
D6
100
AcDbEntity
 67
     1
  8
0
100
AcDbBlockEnd
  0
BLOCK
  5
21C
330
21A
100
AcDbEntity
  8
0
100
AcDbBlockBegin
  2
*Paper_Space0
 70
     0
 10
0.0
 20
0.0
 30
0.0
  3
*Paper_Space0
  1
*Paper_Space0
  0
VIEWPORT
  5
21E
330
21A
100
AcDbEntity
  8
0
 48
100.0
100
AcDbViewport
 10
0.0
 20
0.0
 30
0.0
 40
840.779612
 41
486.114466
 68
     1
 69
     1
 12
328.692132
 22
196.71883
 13
0.0
 23
0.0
 14
10.0
 24
10.0
 15
10.0
 25
10.0
 16
0.0
 26
0.0
 36
1.0
 17
0.0
 27
0.0
 37
0.0
 42
50.0
 43
0.0
 44
0.0
 45
486.114466
 50
0.0
 51
0.0
 72
   100
 90
   557168
  1

281
     0
 71
     1
 74
     0
110
0.0
120
0.0
130
0.0
111
1.0
121
0.0
131
0.0
112
0.0
122
1.0
132
0.0
 79
     0
146
0.0
170
     0
 61
     5
348
F5
292
     1
282
     1
141
0.0
142
0.0
 63
   256
  0
ENDBLK
  5
21D
330
21A
100
AcDbEntity
  8
0
100
AcDbBlockEnd
  0
BLOCK
  5
1ED
330
1EC
100
AcDbEntity
  8
0
100
AcDbBlockBegin
  2
_ARCHTICK
 70
     0
 10
0.0
 20
0.0
 30
0.0
  3
_ARCHTICK
  1
_ARCHTICK
  0
POLYLINE
  5
1EF
330
1EC
100
AcDbEntity
  8
0
  6
ByBlock
 62
     0
100
AcDb2dPolyline
 66
     1
 10
0.0
 20
0.0
 30
0.0
 40
0.15
 41
0.15
  0
VERTEX
  5
1F0
330
1EF
100
AcDbEntity
  8
0
  6
ByBlock
 62
     0
100
AcDbVertex
100
AcDb2dVertex
 10
-0.5
 20
-0.5
 30
0.0
  0
VERTEX
  5
1F1
330
1EF
100
AcDbEntity
  8
0
  6
ByBlock
 62
     0
100
AcDbVertex
100
AcDb2dVertex
 10
0.5
 20
0.5
 30
0.0
  0
SEQEND
  5
1F2
330
1EF
100
AcDbEntity
  8
0
  6
ByBlock
 62
     0
  0
ENDBLK
  5
1EE
330
1EC
100
AcDbEntity
  8
0
100
AcDbBlockEnd
  0
BLOCK
  5
1F5
330
1F4
100
AcDbEntity
  8
0
100
AcDbBlockBegin
  2
_OPEN30
 70
     0
 10
0.0
 20
0.0
 30
0.0
  3
_OPEN30
  1
_OPEN30
  0
LINE
  5
1F7
330
1F4
100
AcDbEntity
  8
0
  6
ByBlock
 62
     0
370
    -2
100
AcDbLine
 10
-1.0
 20
0.267949
 30
0.0
 11
0.0
 21
0.0
 31
0.0
  0
LINE
  5
1F8
330
1F4
100
AcDbEntity
  8
0
  6
ByBlock
 62
     0
370
    -2
100
AcDbLine
 10
0.0
 20
0.0
 30
0.0
 11
-1.0
 21
-0.267949
 31
0.0
  0
LINE
  5
1F9
330
1F4
100
AcDbEntity
  8
0
  6
ByBlock
 62
     0
370
    -2
100
AcDbLine
 10
0.0
 20
0.0
 30
0.0
 11
-1.0
 21
0.0
 31
0.0
  0
ENDBLK
  5
1F6
330
1F4
100
AcDbEntity
  8
0
100
AcDbBlockEnd
  0
BLOCK
  5
1FD
330
1FC
100
AcDbEntity
  8
0
100
AcDbBlockBegin
  2
_DOT
 70
     0
 10
0.0
 20
0.0
 30
0.0
  3
_DOT
  1
_DOT
  0
POLYLINE
  5
1FF
330
1FC
100
AcDbEntity
  8
0
  6
ByBlock
 62
     0
100
AcDb2dPolyline
 66
     1
 10
0.0
 20
0.0
 30
0.0
 70
     1
 40
0.5
 41
0.5
  0
VERTEX
  5
201
330
1FF
100
AcDbEntity
  8
0
  6
ByBlock
 62
     0
100
AcDbVertex
100
AcDb2dVertex
 10
-0.25
 20
0.0
 30
0.0
 42
1.0
  0
VERTEX
  5
202
330
1FF
100
AcDbEntity
  8
0
  6
ByBlock
 62
     0
100
AcDbVertex
100
AcDb2dVertex
 10
0.25
 20
0.0
 30
0.0
 42
1.0
  0
SEQEND
  5
203
330
1FF
100
AcDbEntity
  8
0
  6
ByBlock
 62
     0
  0
LINE
  5
200
330
1FC
100
AcDbEntity
  8
0
  6
ByBlock
 62
     0
370
    -2
100
AcDbLine
 10
-0.5
 20
0.0
 30
0.0
 11
-1.0
 21
0.0
 31
0.0
  0
ENDBLK
  5
1FE
330
1FC
100
AcDbEntity
  8
0
100
AcDbBlockEnd
  0
BLOCK
  5
226
330
224
100
AcDbEntity
  8
0
100
AcDbBlockBegin
  2
*Paper_Space4
 70
     0
 10
0.0
 20
0.0
 30
0.0
  3
*Paper_Space4
  1
*Paper_Space4
  0
VIEWPORT
  5
228
330
224
100
AcDbEntity
  8
0
 48
100.0
100
AcDbViewport
 10
0.0
 20
0.0
 30
0.0
 40
1715.87676
 41
992.070339
 68
     1
 69
     1
 12
497.20797
 22
380.27835
 13
0.0
 23
0.0
 14
10.0
 24
10.0
 15
10.0
 25
10.0
 16
0.0
 26
0.0
 36
1.0
 17
0.0
 27
0.0
 37
0.0
 42
50.0
 43
0.0
 44
0.0
 45
992.070339
 50
0.0
 51
0.0
 72
   100
 90
   557168
  1

281
     0
 71
     1
 74
     0
110
0.0
120
0.0
130
0.0
111
1.0
121
0.0
131
0.0
112
0.0
122
1.0
132
0.0
 79
     0
146
0.0
170
     0
 61
     5
348
F5
292
     1
282
     1
141
0.0
142
0.0
 63
   256
  0
ENDBLK
  5
227
330
224
100
AcDbEntity
  8
0
100
AcDbBlockEnd
  0
BLOCK
  5
D4
330
D2
100
AcDbEntity
  8
0
100
AcDbBlockBegin
  2
*Paper_Space5
 70
     0
 10
0.0
 20
0.0
 30
0.0
  3
*Paper_Space5
  1
*Paper_Space5
  0
VIEWPORT
  5
229
330
D2
100
AcDbEntity
  8
0
 48
100.0
100
AcDbViewport
 10
0.0
 20
0.0
 30
0.0
 40
460.802478
 41
238.196088
 68
     1
 69
     1
 12
128.5
 22
97.5
 13
0.0
 23
0.0
 14
10.0
 24
10.0
 15
10.0
 25
10.0
 16
0.0
 26
0.0
 36
1.0
 17
0.0
 27
0.0
 37
0.0
 42
50.0
 43
0.0
 44
0.0
 45
238.196088
 50
0.0
 51
0.0
 72
   100
 90
   557168
  1

281
     0
 71
     1
 74
     0
110
0.0
120
0.0
130
0.0
111
1.0
121
0.0
131
0.0
112
0.0
122
1.0
132
0.0
 79
     0
146
0.0
170
     0
 61
     5
348
F5
292
     1
282
     1
141
0.0
142
0.0
 63
   256
  0
ENDBLK
  5
D5
330
D2
100
AcDbEntity
  8
0
100
AcDbBlockEnd
  0
BLOCK
  5
221
330
21F
100
AcDbEntity
  8
0
100
AcDbBlockBegin
  2
*Paper_Space6
 70
     0
 10
0.0
 20
0.0
 30
0.0
  3
*Paper_Space6
  1
*Paper_Space6
  0
VIEWPORT
  5
223
330
21F
100
AcDbEntity
  8
0
 48
100.0
100
AcDbViewport
 10
0.0
 20
0.0
 30
0.0
 40
1201.113732
 41
694.449237
 68
     1
 69
     1
 12
454.893705
 22
285.342469
 13
0.0
 23
0.0
 14
10.0
 24
10.0
 15
10.0
 25
10.0
 16
0.0
 26
0.0
 36
1.0
 17
0.0
 27
0.0
 37
0.0
 42
50.0
 43
0.0
 44
0.0
 45
694.449237
 50
0.0
 51
0.0
 72
   100
 90
   557168
  1

281
     0
 71
     1
 74
     0
110
0.0
120
0.0
130
0.0
111
1.0
121
0.0
131
0.0
112
0.0
122
1.0
132
0.0
 79
     0
146
0.0
170
     0
 61
     5
348
F5
292
     1
282
     1
141
0.0
142
0.0
 63
   256
  0
ENDBLK
  5
222
330
21F
100
AcDbEntity
  8
0
100
AcDbBlockEnd
  0
BLOCK
  5
212
330
210
100
AcDbEntity
  8
0
100
AcDbBlockBegin
  2
*Paper_Space7
 70
     0
 10
0.0
 20
0.0
 30
0.0
  3
*Paper_Space7
  1
*Paper_Space7
  0
VIEWPORT
  5
214
330
210
100
AcDbEntity
  8
0
 48
100.0
100
AcDbViewport
 10
0.0
 20
0.0
 30
0.0
 40
588.545729
 41
340.280126
 68
     1
 69
     1
 12
151.627136
 22
129.479246
 13
0.0
 23
0.0
 14
10.0
 24
10.0
 15
10.0
 25
10.0
 16
0.0
 26
0.0
 36
1.0
 17
0.0
 27
0.0
 37
0.0
 42
50.0
 43
0.0
 44
0.0
 45
340.280126
 50
0.0
 51
0.0
 72
   100
 90
   557168
  1

281
     0
 71
     1
 74
     0
110
0.0
120
0.0
130
0.0
111
1.0
121
0.0
131
0.0
112
0.0
122
1.0
132
0.0
 79
     0
146
0.0
170
     0
 61
     5
348
F5
292
     1
282
     1
141
0.0
142
0.0
 63
   256
  0
ENDBLK
  5
213
330
210
100
AcDbEntity
  8
0
100
AcDbBlockEnd
  0
BLOCK
  5
217
330
215
100
AcDbEntity
  8
0
100
AcDbBlockBegin
  2
*Paper_Space8
 70
     0
 10
0.0
 20
0.0
 30
0.0
  3
*Paper_Space8
  1
*Paper_Space8
  0
VIEWPORT
  5
219
330
215
100
AcDbEntity
  8
0
 48
100.0
100
AcDbViewport
 10
0.0
 20
0.0
 30
0.0
 40
588.545729
 41
340.280126
 68
     1
 69
     1
 12
213.910905
 22
130.914724
 13
0.0
 23
0.0
 14
10.0
 24
10.0
 15
10.0
 25
10.0
 16
0.0
 26
0.0
 36
1.0
 17
0.0
 27
0.0
 37
0.0
 42
50.0
 43
0.0
 44
0.0
 45
340.280126
 50
0.0
 51
0.0
 72
   100
 90
   557168
  1

281
     0
 71
     1
 74
     0
110
0.0
120
0.0
130
0.0
111
1.0
121
0.0
131
0.0
112
0.0
122
1.0
132
0.0
 79
     0
146
0.0
170
     0
 61
     5
348
F5
292
     1
282
     1
141
0.0
142
0.0
 63
   256
  0
ENDBLK
  5
218
330
215
100
AcDbEntity
  8
0
100
AcDbBlockEnd
  0
BLOCK
  5
37E
330
37B
100
AcDbEntity
  8
0
100
AcDbBlockBegin
  2
COTA_N
 70
     0
 10
0.0
 20
0.0
 30
0.0
  3
COTA_N
  1
COTA_N
  0
LINE
  5
37F
330
37B
100
AcDbEntity
  8
0
100
AcDbLine
 10
-1.0
 20
0.0
 30
0.0
 11
0.0
 21
0.0
 31
0.0
1001
AcDbBlockRepETag
1070
     1
1071
        0
1005
37F
  0
LWPOLYLINE
  5
381
330
37B
100
AcDbEntity
  8
0
100
AcDbPolyline
 90
        5
 70
     0
 43
0.065
 10
0.141421
 20
0.141421
 10
0.282843
 20
0.282843
 10
0.0
 20
0.0
 10
-0.141421
 20
-0.141421
 10
-0.282843
 20
-0.282843
1001
AcDbBlockRepETag
1070
     1
1071
        1
1005
381
  0
LINE
  5
382
330
37B
100
AcDbEntity
  8
0
100
AcDbLine
 10
0.0
 20
0.5
 30
0.0
 11
0.0
 21
-0.5
 31
0.0
1001
AcDbBlockRepETag
1070
     1
1071
        2
1005
382
  0
ENDBLK
  5
383
330
37B
100
AcDbEntity
  8
0
100
AcDbBlockEnd
  0
BLOCK
  5
44D
330
44A
100
AcDbEntity
  8
0
100
AcDbBlockBegin
  2
BIND
 70
     0
 10
0.0
 20
0.0
 30
0.0
  3
BIND
  1
BIND
  0
LINE
  5
44E
330
44A
100
AcDbEntity
  8
Mobiliario
100
AcDbLine
 10
275629.498674
 20
112304.127984
 30
0.0
 11
275630.398674
 21
112304.127984
 31
0.0
  0
ARC
  5
44F
330
44A
100
AcDbEntity
  8
Mobiliario
100
AcDbCircle
 10
275629.498674
 20
112303.977984
 30
0.0
 40
0.15
100
AcDbArc
 50
90.0
 51
180.0
  0
LINE
  5
450
330
44A
100
AcDbEntity
  8
Mobiliario
100
AcDbLine
 10
275630.548674
 20
112303.977984
 30
0.0
 11
275630.548674
 21
112303.277984
 31
0.0
  0
ARC
  5
451
330
44A
100
AcDbEntity
  8
Mobiliario
100
AcDbCircle
 10
275630.398674
 20
112303.277984
 30
0.0
 40
0.15
100
AcDbArc
 50
270.0
 51
0.0
  0
ARC
  5
452
330
44A
100
AcDbEntity
  8
Mobiliario
100
AcDbCircle
 10
275630.398674
 20
112303.977984
 30
0.0
 40
0.15
100
AcDbArc
 50
0.0
 51
90.0
  0
LINE
  5
453
330
44A
100
AcDbEntity
  8
Mobiliario
100
AcDbLine
 10
275630.398674
 20
112303.127984
 30
0.0
 11
275629.498674
 21
112303.127984
 31
0.0
  0
ARC
  5
454
330
44A
100
AcDbEntity
  8
Mobiliario
100
AcDbCircle
 10
275629.498674
 20
112303.277984
 30
0.0
 40
0.15
100
AcDbArc
 50
180.0
 51
270.0
  0
LINE
  5
455
330
44A
100
AcDbEntity
  8
Mobiliario
100
AcDbLine
 10
275629.348674
 20
112303.277984
 30
0.0
 11
275629.348674
 21
112303.977984
 31
0.0
  0
ENDBLK
  5
456
330
44A
100
AcDbEntity
  8
0
100
AcDbBlockEnd
  0
BLOCK
  5
61E
330
61D
100
AcDbEntity
  8
0
100
AcDbBlockBegin
  2
PURTA 760
 70
     0
 10
0.0
 20
0.0
 30
0.0
  3
PURTA 760
  1
PURTA 760
  0
LINE
  5
61F
330
61D
100
AcDbEntity
  8
000 ALE CARPINTERIAS
100
AcDbLine
 10
0.0
 20
0.0
 30
0.0
 11
0.0
 21
0.05
 31
0.0
  0
LINE
  5
620
330
61D
100
AcDbEntity
  8
000 ALE CARPINTERIAS
100
AcDbLine
 10
0.0
 20
0.05
 30
0.0
 11
-0.1
 21
0.05
 31
0.0
  0
LINE
  5
621
330
61D
100
AcDbEntity
  8
000 ALE CARPINTERIAS
100
AcDbLine
 10
-0.1
 20
0.05
 30
0.0
 11
-0.1
 21
0.0
 31
0.0
  0
LINE
  5
622
330
61D
100
AcDbEntity
  8
000 ALE CARPINTERIAS
100
AcDbLine
 10
0.0
 20
0.76
 30
0.0
 11
0.0
 21
0.71
 31
0.0
  0
LINE
  5
623
330
61D
100
AcDbEntity
  8
000 ALE CARPINTERIAS
100
AcDbLine
 10
0.0
 20
0.71
 30
0.0
 11
-0.1
 21
0.71
 31
0.0
  0
LINE
  5
624
330
61D
100
AcDbEntity
  8
000 ALE CARPINTERIAS
100
AcDbLine
 10
-0.1
 20
0.71
 30
0.0
 11
-0.1
 21
0.76
 31
0.0
  0
LWPOLYLINE
  5
625
330
61D
100
AcDbEntity
  8
000 ALE CARPINTERIAS
100
AcDbPolyline
 90
        4
 70
     1
 43
0.0
 10
0.66
 20
0.05
 10
0.66
 20
0.1
 10
0.0
 20
0.1
 10
0.0
 20
0.05
  0
ARC
  5
626
330
61D
100
AcDbEntity
  8
000 ALE CARPINTERIAS
100
AcDbCircle
 10
0.0
 20
0.05
 30
0.0
 40
0.6599999999999682
100
AcDbArc
 50
0.0
 51
90.0
  0
ENDBLK
  5
627
330
61D
100
AcDbEntity
  8
0
100
AcDbBlockEnd
  0
BLOCK
  5
705
330
704
100
AcDbEntity
  8
0
 62
     2
100
AcDbBlockBegin
  2
1.4x0.7
 70
     0
 10
0.0
 20
0.0
 30
0.0
  3
1.4x0.7
  1
1.4x0.7
  0
LWPOLYLINE
  5
706
330
704
100
AcDbEntity
  8
0
100
AcDbPolyline
 90
        5
 70
     0
 43
0.0
 10
-1.4
 20
0.0
 10
0.0
 20
0.0
 10
0.0
 20
0.7
 10
-1.4
 20
0.7
 10
-1.4
 20
0.0
  0
INSERT
  5
707
330
704
100
AcDbEntity
  8
0
100
AcDbBlockReference
  2
A$C6E4A3011
 10
0.585878
 20
0.047655
 30
0.0
 43
-1.0
 50
270.0
210
0.0
220
0.0
230
-1.0
  0
ENDBLK
  5
724
330
704
100
AcDbEntity
  8
0
 62
     2
100
AcDbBlockEnd
  0
BLOCK
  5
70B
330
708
100
AcDbEntity
  8
0
100
AcDbBlockBegin
  2
A$C6E4A3011
 70
     0
 10
0.0
 20
0.0
 30
0.0
  3
A$C6E4A3011
  1
A$C6E4A3011
  0
LWPOLYLINE
  5
70C
330
708
100
AcDbEntity
  8
0
100
AcDbPolyline
 90
        3
 70
     0
 43
0.0
 10
0.527655
 20
0.295
 10
0.527655
 20
0.32
 42
0.178789
 10
0.477228
 20
0.456515
  0
LWPOLYLINE
  5
70D
330
708
100
AcDbEntity
  8
0
100
AcDbPolyline
 90
        3
 70
     0
 43
0.0
 10
0.597655
 20
0.295
 10
0.597655
 20
0.32
 42
0.207449
 10
0.4998
 20
0.479424
  0
LWPOLYLINE
  5
70E
330
708
100
AcDbEntity
  8
0
100
AcDbPolyline
 90
        8
 70
     1
 43
0.0
 10
0.317655
 20
0.52
 10
0.217655
 20
0.52
 42
0.414214
 10
0.097655
 20
0.4
 10
0.097655
 20
0.19
 42
0.414214
 10
0.217655
 20
0.07
 10
0.317655
 20
0.07
 42
0.414214
 10
0.517655
 20
0.27
 10
0.517655
 20
0.32
 42
0.414214
  0
LINE
  5
70F
330
708
100
AcDbEntity
  8
0
100
AcDbLine
 10
0.196254
 20
0.59
 30
0.0
 11
0.436254
 21
0.59
 31
0.0
  0
ARC
  5
710
330
708
100
AcDbEntity
  8
0
100
AcDbCircle
 10
0.436254
 20
0.57
 30
0.0
 40
0.02
100
AcDbArc
 50
0.0
 51
90.0
  0
LINE
  5
711
330
708
100
AcDbEntity
  8
0
100
AcDbLine
 10
0.456254
 20
0.57
 30
0.0
 11
0.456254
 21
0.55
 31
0.0
  0
LINE
  5
712
330
708
100
AcDbEntity
  8
0
100
AcDbLine
 10
0.196254
 20
0.53
 30
0.0
 11
0.436254
 21
0.53
 31
0.0
  0
ARC
  5
713
330
708
100
AcDbEntity
  8
0
100
AcDbCircle
 10
0.436254
 20
0.55
 30
0.0
 40
0.02
100
AcDbArc
 50
270.0
 51
0.0
  0
ARC
  5
714
330
708
100
AcDbEntity
  8
0
100
AcDbCircle
 10
0.196254
 20
0.57
 30
0.0
 40
0.02
100
AcDbArc
 50
90.0
 51
180.0
  0
LINE
  5
715
330
708
100
AcDbEntity
  8
0
100
AcDbLine
 10
0.176254
 20
0.57
 30
0.0
 11
0.176254
 21
0.55
 31
0.0
  0
ARC
  5
716
330
708
100
AcDbEntity
  8
0
100
AcDbCircle
 10
0.196254
 20
0.55
 30
0.0
 40
0.02
100
AcDbArc
 50
180.0
 51
270.0
  0
ARC
  5
717
330
708
100
AcDbEntity
  8
0
100
AcDbCircle
 10
0.492137
 20
0.464399
 30
0.0
 40
0.0168656815347899
100
AcDbArc
 50
62.979511
 51
207.872446
  0
LINE
  5
718
330
708
100
AcDbEntity
  8
0
100
AcDbLine
 10
0.196254
 20
0.06
 30
0.0
 11
0.436254
 21
0.06
 31
0.0
  0
LINE
  5
719
330
708
100
AcDbEntity
  8
0
100
AcDbLine
 10
0.196254
 20
0.0
 30
0.0
 11
0.436254
 21
0.0
 31
0.0
  0
ARC
  5
71A
330
708
100
AcDbEntity
  8
0
100
AcDbCircle
 10
0.196254
 20
0.04
 30
0.0
 40
0.02
100
AcDbArc
 50
90.0
 51
180.0
  0
ARC
  5
71B
330
708
100
AcDbEntity
  8
0
100
AcDbCircle
 10
0.196254
 20
0.02
 30
0.0
 40
0.02
100
AcDbArc
 50
180.0
 51
270.0
  0
LINE
  5
71C
330
708
100
AcDbEntity
  8
0
100
AcDbLine
 10
0.176254
 20
0.02
 30
0.0
 11
0.176254
 21
0.04
 31
0.0
  0
LINE
  5
71D
330
708
100
AcDbEntity
  8
0
100
AcDbLine
 10
0.456254
 20
0.02
 30
0.0
 11
0.456254
 21
0.04
 31
0.0
  0
ARC
  5
71E
330
708
100
AcDbEntity
  8
0
100
AcDbCircle
 10
0.436254
 20
0.02
 30
0.0
 40
0.02
100
AcDbArc
 50
270.0
 51
0.0
  0
ARC
  5
71F
330
708
100
AcDbEntity
  8
0
100
AcDbCircle
 10
0.436254
 20
0.04
 30
0.0
 40
0.02
100
AcDbArc
 50
0.0
 51
90.0
  0
ARC
  5
720
330
708
100
AcDbEntity
  8
0
100
AcDbCircle
 10
0.492137
 20
0.1256
 30
0.0
 40
0.0168656815347899
100
AcDbArc
 50
152.127554
 51
297.020489
  0
LWPOLYLINE
  5
721
330
708
100
AcDbEntity
  8
0
100
AcDbPolyline
 90
        3
 70
     0
 43
0.0
 10
0.597655
 20
0.295
 10
0.597655
 20
0.27
 42
-0.207449
 10
0.4998
 20
0.110575
  0
LWPOLYLINE
  5
722
330
708
100
AcDbEntity
  8
0
100
AcDbPolyline
 90
        3
 70
     0
 43
0.0
 10
0.527655
 20
0.295
 10
0.527655
 20
0.27
 42
-0.178789
 10
0.477228
 20
0.133485
  0
ENDBLK
  5
723
330
708
100
AcDbEntity
  8
0
100
AcDbBlockEnd
  0
BLOCK
  5
738
330
735
100
AcDbEntity
  8
0
 62
   253
100
AcDbBlockBegin
  2
mesa_comedor_1.40x0.90
 70
     0
 10
0.0
 20
0.0
 30
0.0
  3
mesa_comedor_1.40x0.90
  1
mesa_comedor_1.40x0.90
  0
LWPOLYLINE
  5
739
330
735
100
AcDbEntity
  8
0
100
AcDbPolyline
 90
        4
 70
     1
 43
0.0
 10
-0.9
 20
0.0
 10
0.0
 20
0.0
 10
0.0
 20
1.4
 10
-0.9
 20
1.4
  0
LWPOLYLINE
  5
73A
330
735
100
AcDbEntity
  8
0
100
AcDbPolyline
 90
        4
 70
     0
 43
0.0
 10
-0.9
 20
1.258358
 10
-1.3
 20
1.283358
 10
-1.3
 20
0.883358
 10
-0.9
 20
0.908358
  0
LINE
  5
73B
330
735
100
AcDbEntity
  8
0
100
AcDbLine
 10
-1.275
 20
1.281796
 30
0.0
 11
-1.275
 21
0.884921
 31
3.76699
  0
LWPOLYLINE
  5
73C
330
735
100
AcDbEntity
  8
0
100
AcDbPolyline
 90
        4
 70
     0
 43
0.0
 10
-0.9
 20
1.258358
 10
-1.3
 20
1.283358
 10
-1.3
 20
0.883358
 10
-0.9
 20
0.908358
  0
LINE
  5
73D
330
735
100
AcDbEntity
  8
0
100
AcDbLine
 10
-1.275
 20
1.281796
 30
0.0
 11
-1.275
 21
0.884921
 31
3.76699
  0
LWPOLYLINE
  5
73E
330
735
100
AcDbEntity
  8
0
100
AcDbPolyline
 90
        4
 70
     0
 43
0.0
 10
-0.9
 20
1.258358
 10
-1.3
 20
1.283358
 10
-1.3
 20
0.883358
 10
-0.9
 20
0.908358
  0
LINE
  5
73F
330
735
100
AcDbEntity
  8
0
100
AcDbLine
 10
-1.275
 20
1.281796
 30
0.0
 11
-1.275
 21
0.884921
 31
3.76699
  0
LWPOLYLINE
  5
740
330
735
100
AcDbEntity
  8
0
100
AcDbPolyline
 90
        4
 70
     0
 43
0.0
 10
-0.9
 20
0.141642
 10
-1.3
 20
0.116642
 10
-1.3
 20
0.516642
 10
-0.9
 20
0.491642
  0
LINE
  5
741
330
735
100
AcDbEntity
  8
0
100
AcDbLine
 10
-1.275
 20
0.118204
 30
0.0
 11
-1.275
 21
0.515079
 31
3.76699
  0
LWPOLYLINE
  5
742
330
735
100
AcDbEntity
  8
0
100
AcDbPolyline
 90
        4
 70
     0
 43
0.0
 10
-0.9
 20
0.141642
 10
-1.3
 20
0.116642
 10
-1.3
 20
0.516642
 10
-0.9
 20
0.491642
  0
LINE
  5
743
330
735
100
AcDbEntity
  8
0
100
AcDbLine
 10
-1.275
 20
0.118204
 30
0.0
 11
-1.275
 21
0.515079
 31
3.76699
  0
LWPOLYLINE
  5
744
330
735
100
AcDbEntity
  8
0
100
AcDbPolyline
 90
        4
 70
     0
 43
0.0
 10
-0.9
 20
0.141642
 10
-1.3
 20
0.116642
 10
-1.3
 20
0.516642
 10
-0.9
 20
0.491642
  0
LINE
  5
745
330
735
100
AcDbEntity
  8
0
100
AcDbLine
 10
-1.275
 20
0.118204
 30
0.0
 11
-1.275
 21
0.515079
 31
3.76699
  0
LWPOLYLINE
  5
746
330
735
100
AcDbEntity
  8
0
100
AcDbPolyline
 90
        4
 70
     0
 43
0.0
 10
0.0
 20
1.258358
 10
0.4
 20
1.283358
 10
0.4
 20
0.883358
 10
0.0
 20
0.908358
  0
LINE
  5
747
330
735
100
AcDbEntity
  8
0
100
AcDbLine
 10
0.375
 20
1.281796
 30
0.0
 11
0.375
 21
0.884921
 31
3.76699
  0
LWPOLYLINE
  5
748
330
735
100
AcDbEntity
  8
0
100
AcDbPolyline
 90
        4
 70
     0
 43
0.0
 10
0.0
 20
1.258358
 10
0.4
 20
1.283358
 10
0.4
 20
0.883358
 10
0.0
 20
0.908358
  0
LINE
  5
749
330
735
100
AcDbEntity
  8
0
100
AcDbLine
 10
0.375
 20
1.281796
 30
0.0
 11
0.375
 21
0.884921
 31
3.76699
  0
LWPOLYLINE
  5
74A
330
735
100
AcDbEntity
  8
0
100
AcDbPolyline
 90
        4
 70
     0
 43
0.0
 10
0.0
 20
1.258358
 10
0.4
 20
1.283358
 10
0.4
 20
0.883358
 10
0.0
 20
0.908358
  0
LINE
  5
74B
330
735
100
AcDbEntity
  8
0
100
AcDbLine
 10
0.375
 20
1.281796
 30
0.0
 11
0.375
 21
0.884921
 31
3.76699
  0
LWPOLYLINE
  5
74C
330
735
100
AcDbEntity
  8
0
100
AcDbPolyline
 90
        4
 70
     0
 43
0.0
 10
0.0
 20
0.141642
 10
0.4
 20
0.116642
 10
0.4
 20
0.516642
 10
0.0
 20
0.491642
  0
LINE
  5
74D
330
735
100
AcDbEntity
  8
0
100
AcDbLine
 10
0.375
 20
0.118204
 30
0.0
 11
0.375
 21
0.515079
 31
3.76699
  0
LWPOLYLINE
  5
74E
330
735
100
AcDbEntity
  8
0
100
AcDbPolyline
 90
        4
 70
     0
 43
0.0
 10
0.0
 20
0.141642
 10
0.4
 20
0.116642
 10
0.4
 20
0.516642
 10
0.0
 20
0.491642
  0
LINE
  5
74F
330
735
100
AcDbEntity
  8
0
100
AcDbLine
 10
0.375
 20
0.118204
 30
0.0
 11
0.375
 21
0.515079
 31
3.76699
  0
LWPOLYLINE
  5
750
330
735
100
AcDbEntity
  8
0
100
AcDbPolyline
 90
        4
 70
     0
 43
0.0
 10
0.0
 20
0.141642
 10
0.4
 20
0.116642
 10
0.4
 20
0.516642
 10
0.0
 20
0.491642
  0
LINE
  5
751
330
735
100
AcDbEntity
  8
0
100
AcDbLine
 10
0.375
 20
0.118204
 30
0.0
 11
0.375
 21
0.515079
 31
3.76699
  0
ENDBLK
  5
752
330
735
100
AcDbEntity
  8
0
 62
   253
100
AcDbBlockEnd
  0
BLOCK
  5
75D
330
75C
100
AcDbEntity
  8
0
100
AcDbBlockBegin
  2
VENTILADOR DOMINO
 70
     0
 10
0.0
 20
0.0
 30
0.0
  3
VENTILADOR DOMINO
  1
VENTILADOR DOMINO
  0
ELLIPSE
  5
75E
330
75C
100
AcDbEntity
  8
0
100
AcDbEllipse
 10
0.0
 20
0.0
 30
0.0
 11
0.06351379699844983
 21
0.0
 31
0.0
210
0.0
220
0.0
230
1.0
 40
0.855776
 41
0.0
 42
6.283185307179586
  0
ELLIPSE
  5
75F
330
75C
100
AcDbEntity
  8
0
100
AcDbEllipse
 10
0.296525
 20
0.0
 30
0.0
 11
-0.2330112320764783
 21
0.0
 31
0.0
210
0.0
220
0.0
230
1.0
 40
0.229169
 41
0.0
 42
6.283185307179586
  0
ELLIPSE
  5
760
330
75C
100
AcDbEntity
  8
0
100
AcDbEllipse
 10
-0.296525
 20
0.0
 30
0.0
 11
0.2330112320764783
 21
0.0
 31
0.0
210
0.0
220
0.0
230
-1.0
 40
0.229169
 41
0.0
 42
6.283185307179586
  0
ENDBLK
  5
761
330
75C
100
AcDbEntity
  8
0
100
AcDbBlockEnd
  0
ENDSEC
  0
SECTION
  2
ENTITIES
  0
HATCH
  5
3AC
330
1F
100
AcDbEntity
  8
000 ALE HATCH MUROS
100
AcDbHatch
 10
0.0
 20
0.0
 30
0.0
210
0.0
220
0.0
230
1.0
  2
SOLID
 70
     1
 71
     1
 91
        1
 92
        1
 93
       16
 72
     1
 10
129.5216123144735
 20
205.3791814186968
 11
129.5216123144735
 21
202.8791814186968
 72
     1
 10
129.5216123144735
 20
202.8791814186968
 11
129.4216123144736
 21
202.8791814186968
 72
     1
 10
129.4216123144736
 20
202.8791814186968
 11
129.4216123144736
 21
203.3191814186969
 72
     2
 10
129.3916123144735
 20
203.3191814186968
 40
0.0300000000000882
 50
0.0000000002205847
 51
90.00000000021367
 73
     1
 72
     1
 10
129.3916123144734
 20
203.3491814186968
 11
129.2216123144738
 21
203.3491814186968
 72
     1
 10
129.2216123144738
 20
203.3491814186968
 11
129.2216123144738
 21
203.4091814186966
 72
     1
 10
129.2216123144738
 20
203.4091814186966
 11
129.3916123144752
 21
203.4091814186966
 72
     2
 10
129.3916123144753
 20
203.4391814186966
 40
0.0300000000000864
 50
269.9999999997829
 51
359.9999999997829
 73
     1
 72
     1
 10
129.4216123144754
 20
203.4391814186965
 11
129.4216123144754
 21
204.8191814186966
 72
     2
 10
129.3916123144753
 20
204.8191814186965
 40
0.0300000000000864
 50
0.0000000002171259
 51
90.00000000021713
 73
     1
 72
     1
 10
129.3916123144752
 20
204.8491814186966
 11
129.2216123144735
 21
204.8491814186966
 72
     1
 10
129.2216123144735
 20
204.8491814186966
 11
129.2216123144738
 21
204.9091814186968
 72
     1
 10
129.2216123144738
 20
204.9091814186968
 11
129.3916123144752
 21
204.9091814186966
 72
     2
 10
129.3916123144753
 20
204.9391814186966
 40
0.0300000000000875
 50
269.9999999997849
 51
359.9999999997808
 73
     1
 72
     1
 10
129.4216123144754
 20
204.9391814186965
 11
129.4216123144759
 21
205.3791814186968
 72
     1
 10
129.4216123144759
 20
205.3791814186968
 11
129.5216123144735
 21
205.3791814186968
 97
        1
330
585
 75
     1
 76
     1
 98
        1
 10
-322.9372156504708
 20
2161.547393772095
1001
GradientColor1ACI
1070
     5
1001
GradientColor2ACI
1070
     2
1001
ACAD
1010
0.0
1020
0.0
1030
0.0
  0
HATCH
  5
3AD
330
1F
100
AcDbEntity
  8
000 ALE HATCH MUROS
100
AcDbHatch
 10
0.0
 20
0.0
 30
0.0
210
0.0
220
0.0
230
1.0
  2
SOLID
 70
     1
 71
     1
 91
        1
 92
        1
 93
       16
 72
     1
 10
129.5216123144735
 20
207.8791814186968
 11
129.5216123144735
 21
205.3791814186968
 72
     1
 10
129.5216123144735
 20
205.3791814186968
 11
129.4216123144736
 21
205.3791814186968
 72
     1
 10
129.4216123144736
 20
205.3791814186968
 11
129.4216123144736
 21
205.8191814186968
 72
     2
 10
129.3916123144735
 20
205.8191814186967
 40
0.0300000000000882
 50
0.0000000002205847
 51
90.00000000021367
 73
     1
 72
     1
 10
129.3916123144734
 20
205.8491814186968
 11
129.2216123144738
 21
205.8491814186968
 72
     1
 10
129.2216123144738
 20
205.8491814186968
 11
129.2216123144738
 21
205.9091814186965
 72
     1
 10
129.2216123144738
 20
205.9091814186965
 11
129.3916123144752
 21
205.9091814186965
 72
     2
 10
129.3916123144753
 20
205.9391814186966
 40
0.0300000000000864
 50
269.9999999997829
 51
359.9999999997829
 73
     1
 72
     1
 10
129.4216123144754
 20
205.9391814186965
 11
129.4216123144754
 21
207.3191814186966
 72
     2
 10
129.3916123144753
 20
207.3191814186965
 40
0.0300000000000864
 50
0.0000000002171259
 51
90.00000000021713
 73
     1
 72
     1
 10
129.3916123144752
 20
207.3491814186966
 11
129.2216123144735
 21
207.3491814186966
 72
     1
 10
129.2216123144735
 20
207.3491814186966
 11
129.2216123144738
 21
207.4091814186967
 72
     1
 10
129.2216123144738
 20
207.4091814186967
 11
129.3916123144752
 21
207.4091814186965
 72
     2
 10
129.3916123144753
 20
207.4391814186966
 40
0.0300000000000875
 50
269.9999999997849
 51
359.9999999997808
 73
     1
 72
     1
 10
129.4216123144754
 20
207.4391814186965
 11
129.4216123144759
 21
207.8791814186968
 72
     1
 10
129.4216123144759
 20
207.8791814186968
 11
129.5216123144735
 21
207.8791814186968
 97
        1
330
586
 75
     1
 76
     1
 98
        1
 10
-322.9372156504708
 20
2164.047393772095
1001
GradientColor1ACI
1070
     5
1001
GradientColor2ACI
1070
     2
1001
ACAD
1010
0.0
1020
0.0
1030
0.0
  0
HATCH
  5
3AE
330
1F
100
AcDbEntity
  8
000 ALE HATCH MUROS
100
AcDbHatch
 10
0.0
 20
0.0
 30
0.0
210
0.0
220
0.0
230
1.0
  2
SOLID
 70
     1
 71
     1
 91
        1
 92
        1
 93
       16
 72
     1
 10
129.5216123144739
 20
210.3791814186968
 11
129.5216123144739
 21
207.8791814186968
 72
     1
 10
129.5216123144739
 20
207.8791814186968
 11
129.421612314474
 21
207.8791814186968
 72
     1
 10
129.421612314474
 20
207.8791814186968
 11
129.421612314474
 21
208.3191814186968
 72
     2
 10
129.3916123144739
 20
208.3191814186967
 40
0.0300000000000882
 50
0.0000000002205847
 51
90.00000000021367
 73
     1
 72
     1
 10
129.3916123144738
 20
208.3491814186968
 11
129.2216123144742
 21
208.3491814186968
 72
     1
 10
129.2216123144742
 20
208.3491814186968
 11
129.2216123144742
 21
208.4091814186965
 72
     1
 10
129.2216123144742
 20
208.4091814186965
 11
129.3916123144757
 21
208.4091814186965
 72
     2
 10
129.3916123144758
 20
208.4391814186966
 40
0.0300000000000864
 50
269.9999999997829
 51
359.9999999997829
 73
     1
 72
     1
 10
129.4216123144759
 20
208.4391814186965
 11
129.4216123144759
 21
209.8191814186966
 72
     2
 10
129.3916123144758
 20
209.8191814186965
 40
0.0300000000000864
 50
0.0000000002171259
 51
90.00000000021713
 73
     1
 72
     1
 10
129.3916123144757
 20
209.8491814186966
 11
129.221612314474
 21
209.8491814186966
 72
     1
 10
129.221612314474
 20
209.8491814186966
 11
129.2216123144742
 21
209.9091814186967
 72
     1
 10
129.2216123144742
 20
209.9091814186967
 11
129.3916123144757
 21
209.9091814186965
 72
     2
 10
129.3916123144758
 20
209.9391814186966
 40
0.0300000000000875
 50
269.9999999997849
 51
359.9999999997808
 73
     1
 72
     1
 10
129.4216123144759
 20
209.9391814186965
 11
129.4216123144763
 21
210.3791814186968
 72
     1
 10
129.4216123144763
 20
210.3791814186968
 11
129.5216123144739
 21
210.3791814186968
 97
        1
330
587
 75
     1
 76
     1
 98
        1
 10
-322.9372156504703
 20
2166.547393772095
1001
GradientColor1ACI
1070
     5
1001
GradientColor2ACI
1070
     2
1001
ACAD
1010
0.0
1020
0.0
1030
0.0
  0
HATCH
  5
3AF
330
1F
100
AcDbEntity
  8
000 ALE HATCH MUROS
100
AcDbHatch
 10
0.0
 20
0.0
 30
0.0
210
0.0
220
0.0
230
1.0
  2
SOLID
 70
     1
 71
     1
 91
        1
 92
        1
 93
       16
 72
     1
 10
129.5216123144735
 20
212.8791814186968
 11
129.5216123144735
 21
210.3791814186968
 72
     1
 10
129.5216123144735
 20
210.3791814186968
 11
129.4216123144736
 21
210.3791814186968
 72
     1
 10
129.4216123144736
 20
210.3791814186968
 11
129.4216123144736
 21
210.8191814186968
 72
     2
 10
129.3916123144735
 20
210.8191814186967
 40
0.0300000000000882
 50
0.0000000002205847
 51
90.00000000021367
 73
     1
 72
     1
 10
129.3916123144734
 20
210.8491814186968
 11
129.2216123144738
 21
210.8491814186968
 72
     1
 10
129.2216123144738
 20
210.8491814186968
 11
129.2216123144738
 21
210.9091814186965
 72
     1
 10
129.2216123144738
 20
210.9091814186965
 11
129.3916123144752
 21
210.9091814186965
 72
     2
 10
129.3916123144753
 20
210.9391814186966
 40
0.0300000000000864
 50
269.9999999997829
 51
359.9999999997829
 73
     1
 72
     1
 10
129.4216123144754
 20
210.9391814186965
 11
129.4216123144754
 21
212.3191814186966
 72
     2
 10
129.3916123144753
 20
212.3191814186965
 40
0.0300000000000864
 50
0.0000000002171259
 51
90.00000000021713
 73
     1
 72
     1
 10
129.3916123144752
 20
212.3491814186966
 11
129.2216123144735
 21
212.3491814186966
 72
     1
 10
129.2216123144735
 20
212.3491814186966
 11
129.2216123144738
 21
212.4091814186967
 72
     1
 10
129.2216123144738
 20
212.4091814186967
 11
129.3916123144752
 21
212.4091814186965
 72
     2
 10
129.3916123144753
 20
212.4391814186966
 40
0.0300000000000875
 50
269.9999999997849
 51
359.9999999997808
 73
     1
 72
     1
 10
129.4216123144754
 20
212.4391814186965
 11
129.4216123144759
 21
212.8791814186968
 72
     1
 10
129.4216123144759
 20
212.8791814186968
 11
129.5216123144735
 21
212.8791814186968
 97
        1
330
588
 75
     1
 76
     1
 98
        1
 10
-322.9372156504708
 20
2169.047393772095
1001
GradientColor1ACI
1070
     5
1001
GradientColor2ACI
1070
     2
1001
ACAD
1010
0.0
1020
0.0
1030
0.0
  0
HATCH
  5
3B0
330
1F
100
AcDbEntity
  8
000 ALE HATCH MUROS
100
AcDbHatch
 10
0.0
 20
0.0
 30
0.0
210
0.0
220
0.0
230
1.0
  2
SOLID
 70
     1
 71
     1
 91
        1
 92
        1
 93
       16
 72
     1
 10
129.521612314473
 20
202.8791814186968
 11
129.521612314473
 21
200.3791814186969
 72
     1
 10
129.521612314473
 20
200.3791814186969
 11
129.4216123144731
 21
200.3791814186969
 72
     1
 10
129.4216123144731
 20
200.3791814186969
 11
129.4216123144731
 21
200.8191814186969
 72
     2
 10
129.391612314473
 20
200.8191814186968
 40
0.0300000000000882
 50
0.0000000002205847
 51
90.00000000021367
 73
     1
 72
     1
 10
129.3916123144729
 20
200.8491814186969
 11
129.2216123144733
 21
200.8491814186969
 72
     1
 10
129.2216123144733
 20
200.8491814186969
 11
129.2216123144733
 21
200.9091814186966
 72
     1
 10
129.2216123144733
 20
200.9091814186966
 11
129.3916123144747
 21
200.9091814186966
 72
     2
 10
129.3916123144749
 20
200.9391814186967
 40
0.0300000000000864
 50
269.9999999997829
 51
359.9999999997829
 73
     1
 72
     1
 10
129.4216123144749
 20
200.9391814186966
 11
129.4216123144749
 21
202.3191814186967
 72
     2
 10
129.3916123144749
 20
202.3191814186966
 40
0.0300000000000864
 50
0.0000000002171259
 51
90.00000000021713
 73
     1
 72
     1
 10
129.3916123144747
 20
202.3491814186967
 11
129.2216123144731
 21
202.3491814186967
 72
     1
 10
129.2216123144731
 20
202.3491814186967
 11
129.2216123144733
 21
202.4091814186968
 72
     1
 10
129.2216123144733
 20
202.4091814186968
 11
129.3916123144747
 21
202.4091814186966
 72
     2
 10
129.3916123144749
 20
202.4391814186967
 40
0.0300000000000875
 50
269.9999999997849
 51
359.9999999997808
 73
     1
 72
     1
 10
129.4216123144749
 20
202.4391814186966
 11
129.4216123144754
 21
202.8791814186968
 72
     1
 10
129.4216123144754
 20
202.8791814186968
 11
129.521612314473
 21
202.8791814186968
 97
        1
330
589
 75
     1
 76
     1
 98
        1
 10
-322.9372156504712
 20
2159.047393772095
1001
GradientColor1ACI
1070
     5
1001
GradientColor2ACI
1070
     2
1001
ACAD
1010
0.0
1020
0.0
1030
0.0
  0
HATCH
  5
3B1
330
1F
100
AcDbEntity
  8
000 ALE HATCH MUROS
100
AcDbHatch
 10
0.0
 20
0.0
 30
0.0
210
0.0
220
0.0
230
1.0
  2
SOLID
 70
     1
 71
     1
 91
        1
 92
        1
 93
       16
 72
     1
 10
129.5216123144735
 20
200.3791814186969
 11
129.5216123144735
 21
197.8791814186969
 72
     1
 10
129.5216123144735
 20
197.8791814186969
 11
129.4216123144736
 21
197.8791814186969
 72
     1
 10
129.4216123144736
 20
197.8791814186969
 11
129.4216123144736
 21
198.319181418697
 72
     2
 10
129.3916123144735
 20
198.3191814186969
 40
0.0300000000000882
 50
0.0000000002205847
 51
90.00000000021367
 73
     1
 72
     1
 10
129.3916123144734
 20
198.349181418697
 11
129.2216123144738
 21
198.349181418697
 72
     1
 10
129.2216123144738
 20
198.349181418697
 11
129.2216123144738
 21
198.4091814186967
 72
     1
 10
129.2216123144738
 20
198.4091814186967
 11
129.3916123144752
 21
198.4091814186967
 72
     2
 10
129.3916123144753
 20
198.4391814186968
 40
0.0300000000000864
 50
269.9999999997829
 51
359.9999999997829
 73
     1
 72
     1
 10
129.4216123144754
 20
198.4391814186966
 11
129.4216123144754
 21
199.8191814186968
 72
     2
 10
129.3916123144753
 20
199.8191814186966
 40
0.0300000000000864
 50
0.0000000002171259
 51
90.00000000021713
 73
     1
 72
     1
 10
129.3916123144752
 20
199.8491814186967
 11
129.2216123144735
 21
199.8491814186967
 72
     1
 10
129.2216123144735
 20
199.8491814186967
 11
129.2216123144738
 21
199.9091814186969
 72
     1
 10
129.2216123144738
 20
199.9091814186969
 11
129.3916123144752
 21
199.9091814186967
 72
     2
 10
129.3916123144753
 20
199.9391814186968
 40
0.0300000000000875
 50
269.9999999997849
 51
359.9999999997808
 73
     1
 72
     1
 10
129.4216123144754
 20
199.9391814186966
 11
129.4216123144759
 21
200.3791814186969
 72
     1
 10
129.4216123144759
 20
200.3791814186969
 11
129.5216123144735
 21
200.3791814186969
 97
        1
330
58A
 75
     1
 76
     1
 98
        1
 10
-322.9372156504708
 20
2156.547393772095
1001
GradientColor1ACI
1070
     5
1001
GradientColor2ACI
1070
     2
1001
ACAD
1010
0.0
1020
0.0
1030
0.0
  0
HATCH
  5
3B2
330
1F
100
AcDbEntity
  8
000 ALE HATCH MUROS
100
AcDbHatch
 10
0.0
 20
0.0
 30
0.0
210
0.0
220
0.0
230
1.0
  2
SOLID
 70
     1
 71
     1
 91
        1
 92
        1
 93
       16
 72
     1
 10
129.5216123144735
 20
197.8791814186969
 11
129.5216123144735
 21
195.379181418697
 72
     1
 10
129.5216123144735
 20
195.379181418697
 11
129.4216123144736
 21
195.379181418697
 72
     1
 10
129.4216123144736
 20
195.379181418697
 11
129.4216123144736
 21
195.819181418697
 72
     2
 10
129.3916123144735
 20
195.8191814186969
 40
0.0300000000000882
 50
0.0000000002205847
 51
90.00000000021367
 73
     1
 72
     1
 10
129.3916123144734
 20
195.849181418697
 11
129.2216123144738
 21
195.849181418697
 72
     1
 10
129.2216123144738
 20
195.849181418697
 11
129.2216123144738
 21
195.9091814186967
 72
     1
 10
129.2216123144738
 20
195.9091814186967
 11
129.3916123144752
 21
195.9091814186967
 72
     2
 10
129.3916123144753
 20
195.9391814186968
 40
0.0300000000000864
 50
269.9999999997829
 51
359.9999999997829
 73
     1
 72
     1
 10
129.4216123144754
 20
195.9391814186967
 11
129.4216123144754
 21
197.3191814186968
 72
     2
 10
129.3916123144753
 20
197.3191814186967
 40
0.0300000000000864
 50
0.0000000002171259
 51
90.00000000021713
 73
     1
 72
     1
 10
129.3916123144752
 20
197.3491814186968
 11
129.2216123144735
 21
197.3491814186968
 72
     1
 10
129.2216123144735
 20
197.3491814186968
 11
129.2216123144738
 21
197.409181418697
 72
     1
 10
129.2216123144738
 20
197.409181418697
 11
129.3916123144752
 21
197.4091814186967
 72
     2
 10
129.3916123144753
 20
197.4391814186968
 40
0.0300000000000875
 50
269.9999999997849
 51
359.9999999997808
 73
     1
 72
     1
 10
129.4216123144754
 20
197.4391814186967
 11
129.4216123144759
 21
197.8791814186969
 72
     1
 10
129.4216123144759
 20
197.8791814186969
 11
129.5216123144735
 21
197.8791814186969
 97
        1
330
58B
 75
     1
 76
     1
 98
        1
 10
-322.9372156504708
 20
2154.047393772095
1001
GradientColor1ACI
1070
     5
1001
GradientColor2ACI
1070
     2
1001
ACAD
1010
0.0
1020
0.0
1030
0.0
  0
HATCH
  5
3B3
330
1F
100
AcDbEntity
  8
000 ALE HATCH MUROS
100
AcDbHatch
 10
0.0
 20
0.0
 30
0.0
210
0.0
220
0.0
230
1.0
  2
SOLID
 70
     1
 71
     1
 91
        1
 92
        1
 93
       16
 72
     1
 10
129.521612314473
 20
195.379181418697
 11
129.521612314473
 21
192.879181418697
 72
     1
 10
129.521612314473
 20
192.879181418697
 11
129.4216123144731
 21
192.879181418697
 72
     1
 10
129.4216123144731
 20
192.879181418697
 11
129.4216123144731
 21
193.3191814186971
 72
     2
 10
129.391612314473
 20
193.319181418697
 40
0.0300000000000882
 50
0.0000000002205847
 51
90.00000000021367
 73
     1
 72
     1
 10
129.3916123144729
 20
193.3491814186971
 11
129.2216123144733
 21
193.3491814186971
 72
     1
 10
129.2216123144733
 20
193.3491814186971
 11
129.2216123144733
 21
193.4091814186968
 72
     1
 10
129.2216123144733
 20
193.4091814186968
 11
129.3916123144747
 21
193.4091814186968
 72
     2
 10
129.3916123144749
 20
193.4391814186969
 40
0.0300000000000864
 50
269.9999999997829
 51
359.9999999997829
 73
     1
 72
     1
 10
129.4216123144749
 20
193.4391814186968
 11
129.4216123144749
 21
194.8191814186969
 72
     2
 10
129.3916123144749
 20
194.8191814186968
 40
0.0300000000000864
 50
0.0000000002171259
 51
90.00000000021713
 73
     1
 72
     1
 10
129.3916123144747
 20
194.8491814186968
 11
129.2216123144731
 21
194.8491814186968
 72
     1
 10
129.2216123144731
 20
194.8491814186968
 11
129.2216123144733
 21
194.909181418697
 72
     1
 10
129.2216123144733
 20
194.909181418697
 11
129.3916123144747
 21
194.9091814186968
 72
     2
 10
129.3916123144749
 20
194.9391814186969
 40
0.0300000000000875
 50
269.9999999997849
 51
359.9999999997808
 73
     1
 72
     1
 10
129.4216123144749
 20
194.9391814186968
 11
129.4216123144754
 21
195.379181418697
 72
     1
 10
129.4216123144754
 20
195.379181418697
 11
129.521612314473
 21
195.379181418697
 97
        1
330
58C
 75
     1
 76
     1
 98
        1
 10
-322.9372156504712
 20
2151.547393772095
1001
GradientColor1ACI
1070
     5
1001
GradientColor2ACI
1070
     2
1001
ACAD
1010
0.0
1020
0.0
1030
0.0
  0
HATCH
  5
3B4
330
1F
100
AcDbEntity
  8
000 ALE HATCH MUROS
100
AcDbHatch
 10
0.0
 20
0.0
 30
0.0
210
0.0
220
0.0
230
1.0
  2
SOLID
 70
     1
 71
     1
 91
        1
 92
        1
 93
       16
 72
     1
 10
129.5216123144739
 20
192.8791814186969
 11
129.5216123144739
 21
190.3791814186969
 72
     1
 10
129.5216123144739
 20
190.3791814186969
 11
129.421612314474
 21
190.3791814186969
 72
     1
 10
129.421612314474
 20
190.3791814186969
 11
129.421612314474
 21
190.819181418697
 72
     2
 10
129.3916123144739
 20
190.8191814186969
 40
0.0300000000000882
 50
0.0000000002205847
 51
90.00000000021367
 73
     1
 72
     1
 10
129.3916123144738
 20
190.849181418697
 11
129.2216123144742
 21
190.849181418697
 72
     1
 10
129.2216123144742
 20
190.849181418697
 11
129.2216123144742
 21
190.9091814186967
 72
     1
 10
129.2216123144742
 20
190.9091814186967
 11
129.3916123144757
 21
190.9091814186967
 72
     2
 10
129.3916123144758
 20
190.9391814186968
 40
0.0300000000000864
 50
269.9999999997829
 51
359.9999999997829
 73
     1
 72
     1
 10
129.4216123144759
 20
190.9391814186966
 11
129.4216123144759
 21
192.3191814186968
 72
     2
 10
129.3916123144758
 20
192.3191814186966
 40
0.0300000000000864
 50
0.0000000002171259
 51
90.00000000021713
 73
     1
 72
     1
 10
129.3916123144757
 20
192.3491814186967
 11
129.221612314474
 21
192.3491814186967
 72
     1
 10
129.221612314474
 20
192.3491814186967
 11
129.2216123144742
 21
192.4091814186969
 72
     1
 10
129.2216123144742
 20
192.4091814186969
 11
129.3916123144757
 21
192.4091814186967
 72
     2
 10
129.3916123144758
 20
192.4391814186968
 40
0.0300000000000875
 50
269.9999999997849
 51
359.9999999997808
 73
     1
 72
     1
 10
129.4216123144759
 20
192.4391814186966
 11
129.4216123144763
 21
192.8791814186969
 72
     1
 10
129.4216123144763
 20
192.8791814186969
 11
129.5216123144739
 21
192.8791814186969
 97
        1
330
58D
 75
     1
 76
     1
 98
        1
 10
-322.9372156504703
 20
2149.047393772095
1001
GradientColor1ACI
1070
     5
1001
GradientColor2ACI
1070
     2
1001
ACAD
1010
0.0
1020
0.0
1030
0.0
  0
HATCH
  5
3B5
330
1F
100
AcDbEntity
  8
000 ALE HATCH MUROS
100
AcDbHatch
 10
0.0
 20
0.0
 30
0.0
210
0.0
220
0.0
230
1.0
  2
SOLID
 70
     1
 71
     1
 91
        1
 92
        1
 93
       16
 72
     1
 10
129.5216123144744
 20
190.3791814186969
 11
129.5216123144744
 21
187.879181418697
 72
     1
 10
129.5216123144744
 20
187.879181418697
 11
129.4216123144745
 21
187.879181418697
 72
     1
 10
129.4216123144745
 20
187.879181418697
 11
129.4216123144745
 21
188.319181418697
 72
     2
 10
129.3916123144744
 20
188.3191814186969
 40
0.0300000000000882
 50
0.0000000002205847
 51
90.00000000021367
 73
     1
 72
     1
 10
129.3916123144743
 20
188.349181418697
 11
129.2216123144747
 21
188.349181418697
 72
     1
 10
129.2216123144747
 20
188.349181418697
 11
129.2216123144747
 21
188.4091814186967
 72
     1
 10
129.2216123144747
 20
188.4091814186967
 11
129.3916123144761
 21
188.4091814186967
 72
     2
 10
129.3916123144762
 20
188.4391814186968
 40
0.0300000000000864
 50
269.9999999997829
 51
359.9999999997829
 73
     1
 72
     1
 10
129.4216123144763
 20
188.4391814186967
 11
129.4216123144763
 21
189.8191814186968
 72
     2
 10
129.3916123144762
 20
189.8191814186967
 40
0.0300000000000864
 50
0.0000000002171259
 51
90.00000000021713
 73
     1
 72
     1
 10
129.3916123144761
 20
189.8491814186968
 11
129.2216123144744
 21
189.8491814186968
 72
     1
 10
129.2216123144744
 20
189.8491814186968
 11
129.2216123144747
 21
189.909181418697
 72
     1
 10
129.2216123144747
 20
189.909181418697
 11
129.3916123144761
 21
189.9091814186967
 72
     2
 10
129.3916123144762
 20
189.9391814186968
 40
0.0300000000000875
 50
269.9999999997849
 51
359.9999999997808
 73
     1
 72
     1
 10
129.4216123144763
 20
189.9391814186967
 11
129.4216123144768
 21
190.3791814186969
 72
     1
 10
129.4216123144768
 20
190.3791814186969
 11
129.5216123144744
 21
190.3791814186969
 97
        1
330
58E
 75
     1
 76
     1
 98
        1
 10
-322.9372156504699
 20
2146.547393772095
1001
GradientColor1ACI
1070
     5
1001
GradientColor2ACI
1070
     2
1001
ACAD
1010
0.0
1020
0.0
1030
0.0
  0
HATCH
  5
3B6
330
1F
100
AcDbEntity
  8
000 ALE HATCH MUROS
100
AcDbHatch
 10
0.0
 20
0.0
 30
0.0
210
0.0
220
0.0
230
1.0
  2
SOLID
 70
     1
 71
     1
 91
        1
 92
        1
 93
       16
 72
     1
 10
129.5216123144744
 20
187.879181418697
 11
129.5216123144744
 21
185.379181418697
 72
     1
 10
129.5216123144744
 20
185.379181418697
 11
129.4216123144745
 21
185.379181418697
 72
     1
 10
129.4216123144745
 20
185.379181418697
 11
129.4216123144745
 21
185.8191814186971
 72
     2
 10
129.3916123144744
 20
185.819181418697
 40
0.0300000000000882
 50
0.0000000002205847
 51
90.00000000021367
 73
     1
 72
     1
 10
129.3916123144743
 20
185.8491814186971
 11
129.2216123144747
 21
185.8491814186971
 72
     1
 10
129.2216123144747
 20
185.8491814186971
 11
129.2216123144747
 21
185.9091814186968
 72
     1
 10
129.2216123144747
 20
185.9091814186968
 11
129.3916123144761
 21
185.9091814186968
 72
     2
 10
129.3916123144762
 20
185.9391814186969
 40
0.0300000000000864
 50
269.9999999997829
 51
359.9999999997829
 73
     1
 72
     1
 10
129.4216123144763
 20
185.9391814186968
 11
129.4216123144763
 21
187.3191814186969
 72
     2
 10
129.3916123144762
 20
187.3191814186968
 40
0.0300000000000864
 50
0.0000000002171259
 51
90.00000000021713
 73
     1
 72
     1
 10
129.3916123144761
 20
187.3491814186968
 11
129.2216123144744
 21
187.3491814186968
 72
     1
 10
129.2216123144744
 20
187.3491814186968
 11
129.2216123144747
 21
187.409181418697
 72
     1
 10
129.2216123144747
 20
187.409181418697
 11
129.3916123144761
 21
187.4091814186968
 72
     2
 10
129.3916123144762
 20
187.4391814186969
 40
0.0300000000000875
 50
269.9999999997849
 51
359.9999999997808
 73
     1
 72
     1
 10
129.4216123144763
 20
187.4391814186968
 11
129.4216123144768
 21
187.879181418697
 72
     1
 10
129.4216123144768
 20
187.879181418697
 11
129.5216123144744
 21
187.879181418697
 97
        1
330
58F
 75
     1
 76
     1
 98
        1
 10
-322.9372156504699
 20
2144.047393772095
1001
GradientColor1ACI
1070
     5
1001
GradientColor2ACI
1070
     2
1001
ACAD
1010
0.0
1020
0.0
1030
0.0
  0
HATCH
  5
3B7
330
1F
100
AcDbEntity
  8
000 ALE HATCH MUROS
100
AcDbHatch
 10
0.0
 20
0.0
 30
0.0
210
0.0
220
0.0
230
1.0
  2
SOLID
 70
     1
 71
     1
 91
        1
 92
        1
 93
       16
 72
     1
 10
129.5216123144739
 20
185.379181418697
 11
129.5216123144739
 21
182.8791814186971
 72
     1
 10
129.5216123144739
 20
182.8791814186971
 11
129.421612314474
 21
182.8791814186971
 72
     1
 10
129.421612314474
 20
182.8791814186971
 11
129.421612314474
 21
183.3191814186972
 72
     2
 10
129.3916123144739
 20
183.319181418697
 40
0.0300000000000882
 50
0.0000000002205847
 51
90.00000000021367
 73
     1
 72
     1
 10
129.3916123144738
 20
183.3491814186971
 11
129.2216123144742
 21
183.3491814186971
 72
     1
 10
129.2216123144742
 20
183.3491814186971
 11
129.2216123144742
 21
183.4091814186968
 72
     1
 10
129.2216123144742
 20
183.4091814186968
 11
129.3916123144757
 21
183.4091814186968
 72
     2
 10
129.3916123144758
 20
183.4391814186969
 40
0.0300000000000864
 50
269.9999999997829
 51
359.9999999997829
 73
     1
 72
     1
 10
129.4216123144759
 20
183.4391814186968
 11
129.4216123144759
 21
184.8191814186969
 72
     2
 10
129.3916123144758
 20
184.8191814186968
 40
0.0300000000000864
 50
0.0000000002171259
 51
90.00000000021713
 73
     1
 72
     1
 10
129.3916123144757
 20
184.8491814186969
 11
129.221612314474
 21
184.8491814186969
 72
     1
 10
129.221612314474
 20
184.8491814186969
 11
129.2216123144742
 21
184.9091814186971
 72
     1
 10
129.2216123144742
 20
184.9091814186971
 11
129.3916123144757
 21
184.9091814186968
 72
     2
 10
129.3916123144758
 20
184.9391814186969
 40
0.0300000000000875
 50
269.9999999997849
 51
359.9999999997808
 73
     1
 72
     1
 10
129.4216123144759
 20
184.9391814186968
 11
129.4216123144763
 21
185.379181418697
 72
     1
 10
129.4216123144763
 20
185.379181418697
 11
129.5216123144739
 21
185.379181418697
 97
        1
330
590
 75
     1
 76
     1
 98
        1
 10
-322.9372156504703
 20
2141.547393772095
1001
GradientColor1ACI
1070
     5
1001
GradientColor2ACI
1070
     2
1001
ACAD
1010
0.0
1020
0.0
1030
0.0
  0
HATCH
  5
3B8
330
1F
100
AcDbEntity
  8
000 ALE HATCH MUROS
100
AcDbHatch
 10
0.0
 20
0.0
 30
0.0
210
0.0
220
0.0
230
1.0
  2
SOLID
 70
     1
 71
     1
 91
        1
 92
        1
 93
       16
 72
     1
 10
129.521612314473
 20
182.8791814186971
 11
129.521612314473
 21
180.3791814186972
 72
     1
 10
129.521612314473
 20
180.3791814186972
 11
129.4216123144731
 21
180.3791814186972
 72
     1
 10
129.4216123144731
 20
180.3791814186972
 11
129.4216123144731
 21
180.8191814186972
 72
     2
 10
129.391612314473
 20
180.8191814186971
 40
0.0300000000000882
 50
0.0000000002205847
 51
90.00000000021367
 73
     1
 72
     1
 10
129.3916123144729
 20
180.8491814186972
 11
129.2216123144733
 21
180.8491814186972
 72
     1
 10
129.2216123144733
 20
180.8491814186972
 11
129.2216123144733
 21
180.9091814186969
 72
     1
 10
129.2216123144733
 20
180.9091814186969
 11
129.3916123144747
 21
180.9091814186969
 72
     2
 10
129.3916123144749
 20
180.939181418697
 40
0.0300000000000864
 50
269.9999999997829
 51
359.9999999997829
 73
     1
 72
     1
 10
129.4216123144749
 20
180.9391814186969
 11
129.4216123144749
 21
182.319181418697
 72
     2
 10
129.3916123144749
 20
182.3191814186969
 40
0.0300000000000864
 50
0.0000000002171259
 51
90.00000000021713
 73
     1
 72
     1
 10
129.3916123144747
 20
182.349181418697
 11
129.2216123144731
 21
182.349181418697
 72
     1
 10
129.2216123144731
 20
182.349181418697
 11
129.2216123144733
 21
182.4091814186971
 72
     1
 10
129.2216123144733
 20
182.4091814186971
 11
129.3916123144747
 21
182.4091814186969
 72
     2
 10
129.3916123144749
 20
182.439181418697
 40
0.0300000000000875
 50
269.9999999997849
 51
359.9999999997808
 73
     1
 72
     1
 10
129.4216123144749
 20
182.4391814186969
 11
129.4216123144754
 21
182.8791814186971
 72
     1
 10
129.4216123144754
 20
182.8791814186971
 11
129.521612314473
 21
182.8791814186971
 97
        1
330
591
 75
     1
 76
     1
 98
        1
 10
-322.9372156504712
 20
2139.047393772095
1001
GradientColor1ACI
1070
     5
1001
GradientColor2ACI
1070
     2
1001
ACAD
1010
0.0
1020
0.0
1030
0.0
  0
HATCH
  5
3B9
330
1F
100
AcDbEntity
  8
000 ALE HATCH MUROS
100
AcDbHatch
 10
0.0
 20
0.0
 30
0.0
210
0.0
220
0.0
230
1.0
  2
SOLID
 70
     1
 71
     1
 91
        1
 92
        1
 93
       16
 72
     1
 10
129.521612314473
 20
175.3791814186973
 11
129.521612314473
 21
172.8791814186973
 72
     1
 10
129.521612314473
 20
172.8791814186973
 11
129.4216123144731
 21
172.8791814186973
 72
     1
 10
129.4216123144731
 20
172.8791814186973
 11
129.4216123144731
 21
173.3191814186974
 72
     2
 10
129.391612314473
 20
173.3191814186973
 40
0.0300000000000882
 50
0.0000000002205847
 51
90.00000000021367
 73
     1
 72
     1
 10
129.3916123144729
 20
173.3491814186974
 11
129.2216123144733
 21
173.3491814186974
 72
     1
 10
129.2216123144733
 20
173.3491814186974
 11
129.2216123144733
 21
173.4091814186971
 72
     1
 10
129.2216123144733
 20
173.4091814186971
 11
129.3916123144747
 21
173.4091814186971
 72
     2
 10
129.3916123144749
 20
173.4391814186972
 40
0.0300000000000864
 50
269.9999999997829
 51
359.9999999997829
 73
     1
 72
     1
 10
129.4216123144749
 20
173.439181418697
 11
129.4216123144749
 21
174.8191814186972
 72
     2
 10
129.3916123144749
 20
174.819181418697
 40
0.0300000000000864
 50
0.0000000002171259
 51
90.00000000021713
 73
     1
 72
     1
 10
129.3916123144747
 20
174.8491814186971
 11
129.2216123144731
 21
174.8491814186971
 72
     1
 10
129.2216123144731
 20
174.8491814186971
 11
129.2216123144733
 21
174.9091814186973
 72
     1
 10
129.2216123144733
 20
174.9091814186973
 11
129.3916123144747
 21
174.9091814186971
 72
     2
 10
129.3916123144749
 20
174.9391814186972
 40
0.0300000000000875
 50
269.9999999997849
 51
359.9999999997808
 73
     1
 72
     1
 10
129.4216123144749
 20
174.939181418697
 11
129.4216123144754
 21
175.3791814186973
 72
     1
 10
129.4216123144754
 20
175.3791814186973
 11
129.521612314473
 21
175.3791814186973
 97
        1
330
592
 75
     1
 76
     1
 98
        1
 10
-322.9372156504712
 20
2131.547393772096
1001
GradientColor1ACI
1070
     5
1001
GradientColor2ACI
1070
     2
1001
ACAD
1010
0.0
1020
0.0
1030
0.0
  0
HATCH
  5
3BA
330
1F
100
AcDbEntity
  8
000 ALE HATCH MUROS
100
AcDbHatch
 10
0.0
 20
0.0
 30
0.0
210
0.0
220
0.0
230
1.0
  2
SOLID
 70
     1
 71
     1
 91
        1
 92
        1
 93
       16
 72
     1
 10
129.5216123144735
 20
172.879181418697
 11
129.5216123144735
 21
170.379181418697
 72
     1
 10
129.5216123144735
 20
170.379181418697
 11
129.4216123144736
 21
170.379181418697
 72
     1
 10
129.4216123144736
 20
170.379181418697
 11
129.4216123144736
 21
170.8191814186971
 72
     2
 10
129.3916123144735
 20
170.819181418697
 40
0.0300000000000882
 50
0.0000000002205847
 51
90.00000000021367
 73
     1
 72
     1
 10
129.3916123144734
 20
170.8491814186971
 11
129.2216123144738
 21
170.8491814186971
 72
     1
 10
129.2216123144738
 20
170.8491814186971
 11
129.2216123144738
 21
170.9091814186968
 72
     1
 10
129.2216123144738
 20
170.9091814186968
 11
129.3916123144752
 21
170.9091814186968
 72
     2
 10
129.3916123144753
 20
170.9391814186969
 40
0.0300000000000864
 50
269.9999999997829
 51
359.9999999997829
 73
     1
 72
     1
 10
129.4216123144754
 20
170.9391814186968
 11
129.4216123144754
 21
172.3191814186969
 72
     2
 10
129.3916123144753
 20
172.3191814186968
 40
0.0300000000000864
 50
0.0000000002171259
 51
90.00000000021713
 73
     1
 72
     1
 10
129.3916123144752
 20
172.3491814186968
 11
129.2216123144735
 21
172.3491814186968
 72
     1
 10
129.2216123144735
 20
172.3491814186968
 11
129.2216123144738
 21
172.409181418697
 72
     1
 10
129.2216123144738
 20
172.409181418697
 11
129.3916123144752
 21
172.4091814186968
 72
     2
 10
129.3916123144753
 20
172.4391814186969
 40
0.0300000000000875
 50
269.9999999997849
 51
359.9999999997808
 73
     1
 72
     1
 10
129.4216123144754
 20
172.4391814186968
 11
129.4216123144759
 21
172.879181418697
 72
     1
 10
129.4216123144759
 20
172.879181418697
 11
129.5216123144735
 21
172.879181418697
 97
        1
330
593
 75
     1
 76
     1
 98
        1
 10
-322.9372156504708
 20
2129.047393772095
1001
GradientColor1ACI
1070
     5
1001
GradientColor2ACI
1070
     2
1001
ACAD
1010
0.0
1020
0.0
1030
0.0
  0
HATCH
  5
3BB
330
1F
100
AcDbEntity
  8
000 ALE HATCH MUROS
100
AcDbHatch
 10
0.0
 20
0.0
 30
0.0
210
0.0
220
0.0
230
1.0
  2
SOLID
 70
     1
 71
     1
 91
        1
 92
        1
 93
       16
 72
     1
 10
129.5216123144739
 20
170.379181418697
 11
129.5216123144739
 21
167.8791814186971
 72
     1
 10
129.5216123144739
 20
167.8791814186971
 11
129.421612314474
 21
167.8791814186971
 72
     1
 10
129.421612314474
 20
167.8791814186971
 11
129.421612314474
 21
168.3191814186972
 72
     2
 10
129.3916123144739
 20
168.319181418697
 40
0.0300000000000882
 50
0.0000000002205847
 51
90.00000000021367
 73
     1
 72
     1
 10
129.3916123144738
 20
168.3491814186971
 11
129.2216123144742
 21
168.3491814186971
 72
     1
 10
129.2216123144742
 20
168.3491814186971
 11
129.2216123144742
 21
168.4091814186968
 72
     1
 10
129.2216123144742
 20
168.4091814186968
 11
129.3916123144757
 21
168.4091814186968
 72
     2
 10
129.3916123144758
 20
168.4391814186969
 40
0.0300000000000864
 50
269.9999999997829
 51
359.9999999997829
 73
     1
 72
     1
 10
129.4216123144759
 20
168.4391814186968
 11
129.4216123144759
 21
169.8191814186969
 72
     2
 10
129.3916123144758
 20
169.8191814186968
 40
0.0300000000000864
 50
0.0000000002171259
 51
90.00000000021713
 73
     1
 72
     1
 10
129.3916123144757
 20
169.8491814186969
 11
129.221612314474
 21
169.8491814186969
 72
     1
 10
129.221612314474
 20
169.8491814186969
 11
129.2216123144742
 21
169.9091814186971
 72
     1
 10
129.2216123144742
 20
169.9091814186971
 11
129.3916123144757
 21
169.9091814186968
 72
     2
 10
129.3916123144758
 20
169.9391814186969
 40
0.0300000000000875
 50
269.9999999997849
 51
359.9999999997808
 73
     1
 72
     1
 10
129.4216123144759
 20
169.9391814186968
 11
129.4216123144763
 21
170.379181418697
 72
     1
 10
129.4216123144763
 20
170.379181418697
 11
129.5216123144739
 21
170.379181418697
 97
        1
330
594
 75
     1
 76
     1
 98
        1
 10
-322.9372156504703
 20
2126.547393772095
1001
GradientColor1ACI
1070
     5
1001
GradientColor2ACI
1070
     2
1001
ACAD
1010
0.0
1020
0.0
1030
0.0
  0
HATCH
  5
3BC
330
1F
100
AcDbEntity
  8
000 ALE HATCH MUROS
100
AcDbHatch
 10
0.0
 20
0.0
 30
0.0
210
0.0
220
0.0
230
1.0
  2
SOLID
 70
     1
 71
     1
 91
        1
 92
        1
 93
       16
 72
     1
 10
129.5216123144739
 20
167.8791814186971
 11
129.5216123144739
 21
165.3791814186972
 72
     1
 10
129.5216123144739
 20
165.3791814186972
 11
129.421612314474
 21
165.3791814186972
 72
     1
 10
129.421612314474
 20
165.3791814186972
 11
129.421612314474
 21
165.8191814186972
 72
     2
 10
129.3916123144739
 20
165.8191814186971
 40
0.0300000000000882
 50
0.0000000002205847
 51
90.00000000021367
 73
     1
 72
     1
 10
129.3916123144738
 20
165.8491814186972
 11
129.2216123144742
 21
165.8491814186972
 72
     1
 10
129.2216123144742
 20
165.8491814186972
 11
129.2216123144742
 21
165.9091814186969
 72
     1
 10
129.2216123144742
 20
165.9091814186969
 11
129.3916123144757
 21
165.9091814186969
 72
     2
 10
129.3916123144758
 20
165.939181418697
 40
0.0300000000000864
 50
269.9999999997829
 51
359.9999999997829
 73
     1
 72
     1
 10
129.4216123144759
 20
165.9391814186969
 11
129.4216123144759
 21
167.319181418697
 72
     2
 10
129.3916123144758
 20
167.3191814186969
 40
0.0300000000000864
 50
0.0000000002171259
 51
90.00000000021713
 73
     1
 72
     1
 10
129.3916123144757
 20
167.349181418697
 11
129.221612314474
 21
167.349181418697
 72
     1
 10
129.221612314474
 20
167.349181418697
 11
129.2216123144742
 21
167.4091814186971
 72
     1
 10
129.2216123144742
 20
167.4091814186971
 11
129.3916123144757
 21
167.4091814186969
 72
     2
 10
129.3916123144758
 20
167.439181418697
 40
0.0300000000000875
 50
269.9999999997849
 51
359.9999999997808
 73
     1
 72
     1
 10
129.4216123144759
 20
167.4391814186969
 11
129.4216123144763
 21
167.8791814186971
 72
     1
 10
129.4216123144763
 20
167.8791814186971
 11
129.5216123144739
 21
167.8791814186971
 97
        1
330
595
 75
     1
 76
     1
 98
        1
 10
-322.9372156504703
 20
2124.047393772095
1001
GradientColor1ACI
1070
     5
1001
GradientColor2ACI
1070
     2
1001
ACAD
1010
0.0
1020
0.0
1030
0.0
  0
HATCH
  5
3BD
330
1F
100
AcDbEntity
  8
000 ALE HATCH MUROS
100
AcDbHatch
 10
0.0
 20
0.0
 30
0.0
210
0.0
220
0.0
230
1.0
  2
SOLID
 70
     1
 71
     1
 91
        1
 92
        1
 93
       16
 72
     1
 10
129.5216123144735
 20
165.3791814186972
 11
129.5216123144735
 21
162.8791814186972
 72
     1
 10
129.5216123144735
 20
162.8791814186972
 11
129.4216123144736
 21
162.8791814186972
 72
     1
 10
129.4216123144736
 20
162.8791814186972
 11
129.4216123144736
 21
163.3191814186973
 72
     2
 10
129.3916123144735
 20
163.3191814186972
 40
0.0300000000000882
 50
0.0000000002205847
 51
90.00000000021367
 73
     1
 72
     1
 10
129.3916123144734
 20
163.3491814186972
 11
129.2216123144738
 21
163.3491814186972
 72
     1
 10
129.2216123144738
 20
163.3491814186972
 11
129.2216123144738
 21
163.409181418697
 72
     1
 10
129.2216123144738
 20
163.409181418697
 11
129.3916123144752
 21
163.409181418697
 72
     2
 10
129.3916123144753
 20
163.439181418697
 40
0.0300000000000864
 50
269.9999999997829
 51
359.9999999997829
 73
     1
 72
     1
 10
129.4216123144754
 20
163.4391814186969
 11
129.4216123144754
 21
164.819181418697
 72
     2
 10
129.3916123144753
 20
164.8191814186969
 40
0.0300000000000864
 50
0.0000000002171259
 51
90.00000000021713
 73
     1
 72
     1
 10
129.3916123144752
 20
164.849181418697
 11
129.2216123144735
 21
164.849181418697
 72
     1
 10
129.2216123144735
 20
164.849181418697
 11
129.2216123144738
 21
164.9091814186972
 72
     1
 10
129.2216123144738
 20
164.9091814186972
 11
129.3916123144752
 21
164.909181418697
 72
     2
 10
129.3916123144753
 20
164.939181418697
 40
0.0300000000000875
 50
269.9999999997849
 51
359.9999999997808
 73
     1
 72
     1
 10
129.4216123144754
 20
164.9391814186969
 11
129.4216123144759
 21
165.3791814186972
 72
     1
 10
129.4216123144759
 20
165.3791814186972
 11
129.5216123144735
 21
165.3791814186972
 97
        1
330
596
 75
     1
 76
     1
 98
        1
 10
-322.9372156504708
 20
2121.547393772095
1001
GradientColor1ACI
1070
     5
1001
GradientColor2ACI
1070
     2
1001
ACAD
1010
0.0
1020
0.0
1030
0.0
  0
HATCH
  5
3BE
330
1F
100
AcDbEntity
  8
000 ALE HATCH MUROS
100
AcDbHatch
 10
0.0
 20
0.0
 30
0.0
210
0.0
220
0.0
230
1.0
  2
SOLID
 70
     1
 71
     1
 91
        1
 92
        1
 93
       16
 72
     1
 10
129.5216123144735
 20
162.879181418697
 11
129.5216123144735
 21
160.3791814186971
 72
     1
 10
129.5216123144735
 20
160.3791814186971
 11
129.4216123144736
 21
160.3791814186971
 72
     1
 10
129.4216123144736
 20
160.3791814186971
 11
129.4216123144736
 21
160.8191814186972
 72
     2
 10
129.3916123144735
 20
160.819181418697
 40
0.0300000000000882
 50
0.0000000002205847
 51
90.00000000021367
 73
     1
 72
     1
 10
129.3916123144734
 20
160.8491814186971
 11
129.2216123144738
 21
160.8491814186971
 72
     1
 10
129.2216123144738
 20
160.8491814186971
 11
129.2216123144738
 21
160.9091814186968
 72
     1
 10
129.2216123144738
 20
160.9091814186968
 11
129.3916123144752
 21
160.9091814186968
 72
     2
 10
129.3916123144753
 20
160.9391814186969
 40
0.0300000000000864
 50
269.9999999997829
 51
359.9999999997829
 73
     1
 72
     1
 10
129.4216123144754
 20
160.9391814186968
 11
129.4216123144754
 21
162.3191814186969
 72
     2
 10
129.3916123144753
 20
162.3191814186968
 40
0.0300000000000864
 50
0.0000000002171259
 51
90.00000000021713
 73
     1
 72
     1
 10
129.3916123144752
 20
162.3491814186969
 11
129.2216123144735
 21
162.3491814186969
 72
     1
 10
129.2216123144735
 20
162.3491814186969
 11
129.2216123144738
 21
162.4091814186971
 72
     1
 10
129.2216123144738
 20
162.4091814186971
 11
129.3916123144752
 21
162.4091814186968
 72
     2
 10
129.3916123144753
 20
162.4391814186969
 40
0.0300000000000875
 50
269.9999999997849
 51
359.9999999997808
 73
     1
 72
     1
 10
129.4216123144754
 20
162.4391814186968
 11
129.4216123144759
 21
162.879181418697
 72
     1
 10
129.4216123144759
 20
162.879181418697
 11
129.5216123144735
 21
162.879181418697
 97
        1
330
597
 75
     1
 76
     1
 98
        1
 10
-322.9372156504708
 20
2119.047393772095
1001
GradientColor1ACI
1070
     5
1001
GradientColor2ACI
1070
     2
1001
ACAD
1010
0.0
1020
0.0
1030
0.0
  0
HATCH
  5
3BF
330
1F
100
AcDbEntity
  8
000 ALE HATCH MUROS
100
AcDbHatch
 10
0.0
 20
0.0
 30
0.0
210
0.0
220
0.0
230
1.0
  2
SOLID
 70
     1
 71
     1
 91
        1
 92
        1
 93
       16
 72
     1
 10
129.5216123144739
 20
160.3791814186971
 11
129.5216123144739
 21
157.8791814186972
 72
     1
 10
129.5216123144739
 20
157.8791814186972
 11
129.421612314474
 21
157.8791814186972
 72
     1
 10
129.421612314474
 20
157.8791814186972
 11
129.421612314474
 21
158.3191814186972
 72
     2
 10
129.3916123144739
 20
158.3191814186971
 40
0.0300000000000882
 50
0.0000000002205847
 51
90.00000000021367
 73
     1
 72
     1
 10
129.3916123144738
 20
158.3491814186972
 11
129.2216123144742
 21
158.3491814186972
 72
     1
 10
129.2216123144742
 20
158.3491814186972
 11
129.2216123144742
 21
158.4091814186969
 72
     1
 10
129.2216123144742
 20
158.4091814186969
 11
129.3916123144757
 21
158.4091814186969
 72
     2
 10
129.3916123144758
 20
158.439181418697
 40
0.0300000000000864
 50
269.9999999997829
 51
359.9999999997829
 73
     1
 72
     1
 10
129.4216123144759
 20
158.4391814186969
 11
129.4216123144759
 21
159.819181418697
 72
     2
 10
129.3916123144758
 20
159.8191814186969
 40
0.0300000000000864
 50
0.0000000002171259
 51
90.00000000021713
 73
     1
 72
     1
 10
129.3916123144757
 20
159.849181418697
 11
129.221612314474
 21
159.849181418697
 72
     1
 10
129.221612314474
 20
159.849181418697
 11
129.2216123144742
 21
159.9091814186971
 72
     1
 10
129.2216123144742
 20
159.9091814186971
 11
129.3916123144757
 21
159.9091814186969
 72
     2
 10
129.3916123144758
 20
159.939181418697
 40
0.0300000000000875
 50
269.9999999997849
 51
359.9999999997808
 73
     1
 72
     1
 10
129.4216123144759
 20
159.9391814186969
 11
129.4216123144763
 21
160.3791814186971
 72
     1
 10
129.4216123144763
 20
160.3791814186971
 11
129.5216123144739
 21
160.3791814186971
 97
        1
330
598
 75
     1
 76
     1
 98
        1
 10
-322.9372156504703
 20
2116.547393772095
1001
GradientColor1ACI
1070
     5
1001
GradientColor2ACI
1070
     2
1001
ACAD
1010
0.0
1020
0.0
1030
0.0
  0
HATCH
  5
3C0
330
1F
100
AcDbEntity
  8
000 ALE HATCH MUROS
100
AcDbHatch
 10
0.0
 20
0.0
 30
0.0
210
0.0
220
0.0
230
1.0
  2
SOLID
 70
     1
 71
     1
 91
        1
 92
        1
 93
       16
 72
     1
 10
129.5216123144739
 20
157.8791814186972
 11
129.5216123144739
 21
155.3791814186972
 72
     1
 10
129.5216123144739
 20
155.3791814186972
 11
129.421612314474
 21
155.3791814186972
 72
     1
 10
129.421612314474
 20
155.3791814186972
 11
129.421612314474
 21
155.8191814186973
 72
     2
 10
129.3916123144739
 20
155.8191814186972
 40
0.0300000000000882
 50
0.0000000002205847
 51
90.00000000021367
 73
     1
 72
     1
 10
129.3916123144738
 20
155.8491814186972
 11
129.2216123144742
 21
155.8491814186972
 72
     1
 10
129.2216123144742
 20
155.8491814186972
 11
129.2216123144742
 21
155.909181418697
 72
     1
 10
129.2216123144742
 20
155.909181418697
 11
129.3916123144757
 21
155.909181418697
 72
     2
 10
129.3916123144758
 20
155.939181418697
 40
0.0300000000000864
 50
269.9999999997829
 51
359.9999999997829
 73
     1
 72
     1
 10
129.4216123144759
 20
155.9391814186969
 11
129.4216123144759
 21
157.319181418697
 72
     2
 10
129.3916123144758
 20
157.3191814186969
 40
0.0300000000000864
 50
0.0000000002171259
 51
90.00000000021713
 73
     1
 72
     1
 10
129.3916123144757
 20
157.349181418697
 11
129.221612314474
 21
157.349181418697
 72
     1
 10
129.221612314474
 20
157.349181418697
 11
129.2216123144742
 21
157.4091814186972
 72
     1
 10
129.2216123144742
 20
157.4091814186972
 11
129.3916123144757
 21
157.409181418697
 72
     2
 10
129.3916123144758
 20
157.439181418697
 40
0.0300000000000875
 50
269.9999999997849
 51
359.9999999997808
 73
     1
 72
     1
 10
129.4216123144759
 20
157.4391814186969
 11
129.4216123144763
 21
157.8791814186972
 72
     1
 10
129.4216123144763
 20
157.8791814186972
 11
129.5216123144739
 21
157.8791814186972
 97
        1
330
599
 75
     1
 76
     1
 98
        1
 10
-322.9372156504703
 20
2114.047393772095
1001
GradientColor1ACI
1070
     5
1001
GradientColor2ACI
1070
     2
1001
ACAD
1010
0.0
1020
0.0
1030
0.0
  0
HATCH
  5
3C1
330
1F
100
AcDbEntity
  8
000 ALE HATCH MUROS
100
AcDbHatch
 10
0.0
 20
0.0
 30
0.0
210
0.0
220
0.0
230
1.0
  2
SOLID
 70
     1
 71
     1
 91
        1
 92
        1
 93
       16
 72
     1
 10
129.5216123144735
 20
155.3791814186972
 11
129.5216123144735
 21
152.8791814186973
 72
     1
 10
129.5216123144735
 20
152.8791814186973
 11
129.4216123144736
 21
152.8791814186973
 72
     1
 10
129.4216123144736
 20
152.8791814186973
 11
129.4216123144736
 21
153.3191814186973
 72
     2
 10
129.3916123144735
 20
153.3191814186972
 40
0.0300000000000882
 50
0.0000000002205847
 51
90.00000000021367
 73
     1
 72
     1
 10
129.3916123144734
 20
153.3491814186973
 11
129.2216123144738
 21
153.3491814186973
 72
     1
 10
129.2216123144738
 20
153.3491814186973
 11
129.2216123144738
 21
153.409181418697
 72
     1
 10
129.2216123144738
 20
153.409181418697
 11
129.3916123144752
 21
153.409181418697
 72
     2
 10
129.3916123144753
 20
153.4391814186971
 40
0.0300000000000864
 50
269.9999999997829
 51
359.9999999997829
 73
     1
 72
     1
 10
129.4216123144754
 20
153.439181418697
 11
129.4216123144754
 21
154.8191814186971
 72
     2
 10
129.3916123144753
 20
154.819181418697
 40
0.0300000000000864
 50
0.0000000002171259
 51
90.00000000021713
 73
     1
 72
     1
 10
129.3916123144752
 20
154.8491814186971
 11
129.2216123144735
 21
154.8491814186971
 72
     1
 10
129.2216123144735
 20
154.8491814186971
 11
129.2216123144738
 21
154.9091814186972
 72
     1
 10
129.2216123144738
 20
154.9091814186972
 11
129.3916123144752
 21
154.909181418697
 72
     2
 10
129.3916123144753
 20
154.9391814186971
 40
0.0300000000000875
 50
269.9999999997849
 51
359.9999999997808
 73
     1
 72
     1
 10
129.4216123144754
 20
154.939181418697
 11
129.4216123144759
 21
155.3791814186972
 72
     1
 10
129.4216123144759
 20
155.3791814186972
 11
129.5216123144735
 21
155.3791814186972
 97
        1
330
59A
 75
     1
 76
     1
 98
        1
 10
-322.9372156504708
 20
2111.547393772095
1001
GradientColor1ACI
1070
     5
1001
GradientColor2ACI
1070
     2
1001
ACAD
1010
0.0
1020
0.0
1030
0.0
  0
HATCH
  5
3C2
330
1F
100
AcDbEntity
  8
000 ALE HATCH MUROS
100
AcDbHatch
 10
0.0
 20
0.0
 30
0.0
210
0.0
220
0.0
230
1.0
  2
SOLID
 70
     1
 71
     1
 91
        1
 92
        1
 93
       16
 72
     1
 10
144.5216129185051
 20
152.6791815646285
 11
147.0216129185051
 21
152.6791815646285
 72
     1
 10
147.0216129185051
 20
152.6791815646285
 11
147.0216129185051
 21
152.5791815646286
 72
     1
 10
147.0216129185051
 20
152.5791815646286
 11
146.581612918505
 21
152.5791815646286
 72
     2
 10
146.5816129185051
 20
152.5491815646286
 40
0.0300000000000882
 50
90.00000000022058
 51
180.0000000002137
 73
     1
 72
     1
 10
146.551612918505
 20
152.5491815646284
 11
146.551612918505
 21
152.3791815646288
 72
     1
 10
146.551612918505
 20
152.3791815646288
 11
146.4916129185053
 21
152.3791815646288
 72
     1
 10
146.4916129185053
 20
152.3791815646288
 11
146.4916129185053
 21
152.5491815646303
 72
     2
 10
146.4616129185052
 20
152.5491815646304
 40
0.0300000000000864
 50
359.9999999997829
 51
449.9999999997829
 73
     1
 72
     1
 10
146.4616129185054
 20
152.5791815646305
 11
145.0816129185052
 21
152.5791815646305
 72
     2
 10
145.0816129185054
 20
152.5491815646304
 40
0.0300000000000864
 50
90.00000000021713
 51
180.0000000002171
 73
     1
 72
     1
 10
145.0516129185053
 20
152.5491815646303
 11
145.0516129185053
 21
152.3791815646286
 72
     1
 10
145.0516129185053
 20
152.3791815646286
 11
144.9916129185051
 21
152.3791815646288
 72
     1
 10
144.9916129185051
 20
152.3791815646288
 11
144.9916129185053
 21
152.5491815646303
 72
     2
 10
144.9616129185052
 20
152.5491815646304
 40
0.0300000000000875
 50
359.9999999997849
 51
449.9999999997808
 73
     1
 72
     1
 10
144.9616129185054
 20
152.5791815646305
 11
144.5216129185051
 21
152.5791815646309
 72
     1
 10
144.5216129185051
 20
152.5791815646309
 11
144.5216129185051
 21
152.6791815646285
 97
        1
330
59B
 75
     1
 76
     1
 98
        1
 10
-1811.646599434893
 20
-299.7796464003155
1001
GradientColor1ACI
1070
     5
1001
GradientColor2ACI
1070
     2
1001
ACAD
1010
0.0
1020
0.0
1030
0.0
  0
HATCH
  5
3C3
330
1F
100
AcDbEntity
  8
000 ALE HATCH MUROS
100
AcDbHatch
 10
0.0
 20
0.0
 30
0.0
210
0.0
220
0.0
230
1.0
  2
SOLID
 70
     1
 71
     1
 91
        1
 92
        1
 93
       16
 72
     1
 10
142.0216135225369
 20
152.6791817105594
 11
144.5216135225369
 21
152.6791817105594
 72
     1
 10
144.5216135225369
 20
152.6791817105594
 11
144.5216135225369
 21
152.5791817105595
 72
     1
 10
144.5216135225369
 20
152.5791817105595
 11
144.0816135225368
 21
152.5791817105595
 72
     2
 10
144.0816135225369
 20
152.5491817105594
 40
0.0300000000000882
 50
90.00000000022058
 51
180.0000000002137
 73
     1
 72
     1
 10
144.0516135225369
 20
152.5491817105593
 11
144.0516135225369
 21
152.3791817105596
 72
     1
 10
144.0516135225369
 20
152.3791817105596
 11
143.9916135225371
 21
152.3791817105596
 72
     1
 10
143.9916135225371
 20
152.3791817105596
 11
143.9916135225371
 21
152.5491817105611
 72
     2
 10
143.961613522537
 20
152.5491817105612
 40
0.0300000000000864
 50
359.9999999997829
 51
449.9999999997829
 73
     1
 72
     1
 10
143.9616135225372
 20
152.5791817105613
 11
142.5816135225371
 21
152.5791817105613
 72
     2
 10
142.5816135225372
 20
152.5491817105612
 40
0.0300000000000864
 50
90.00000000021713
 51
180.0000000002171
 73
     1
 72
     1
 10
142.5516135225371
 20
152.5491817105611
 11
142.5516135225371
 21
152.3791817105594
 72
     1
 10
142.5516135225371
 20
152.3791817105594
 11
142.4916135225369
 21
152.3791817105596
 72
     1
 10
142.4916135225369
 20
152.3791817105596
 11
142.4916135225371
 21
152.5491817105611
 72
     2
 10
142.461613522537
 20
152.5491817105612
 40
0.0300000000000875
 50
359.9999999997849
 51
449.9999999997808
 73
     1
 72
     1
 10
142.4616135225372
 20
152.5791817105613
 11
142.0216135225369
 21
152.5791817105617
 72
     1
 10
142.0216135225369
 20
152.5791817105617
 11
142.0216135225369
 21
152.6791817105594
 97
        1
330
59C
 75
     1
 76
     1
 98
        1
 10
-1814.146598830861
 20
-299.7796462543847
1001
GradientColor1ACI
1070
     5
1001
GradientColor2ACI
1070
     2
1001
ACAD
1010
0.0
1020
0.0
1030
0.0
  0
HATCH
  5
3C4
330
1F
100
AcDbEntity
  8
000 ALE HATCH MUROS
100
AcDbHatch
 10
0.0
 20
0.0
 30
0.0
210
0.0
220
0.0
230
1.0
  2
SOLID
 70
     1
 71
     1
 91
        1
 92
        1
 93
       16
 72
     1
 10
139.5216141265687
 20
152.6791818564902
 11
142.0216141265687
 21
152.6791818564902
 72
     1
 10
142.0216141265687
 20
152.6791818564902
 11
142.0216141265687
 21
152.5791818564903
 72
     1
 10
142.0216141265687
 20
152.5791818564903
 11
141.5816141265686
 21
152.5791818564903
 72
     2
 10
141.5816141265688
 20
152.5491818564902
 40
0.0300000000000882
 50
90.00000000022058
 51
180.0000000002137
 73
     1
 72
     1
 10
141.5516141265687
 20
152.5491818564901
 11
141.5516141265687
 21
152.3791818564904
 72
     1
 10
141.5516141265687
 20
152.3791818564904
 11
141.4916141265689
 21
152.3791818564904
 72
     1
 10
141.4916141265689
 20
152.3791818564904
 11
141.4916141265689
 21
152.5491818564919
 72
     2
 10
141.4616141265689
 20
152.549181856492
 40
0.0300000000000864
 50
359.9999999997829
 51
449.9999999997829
 73
     1
 72
     1
 10
141.461614126569
 20
152.5791818564921
 11
140.0816141265689
 21
152.5791818564921
 72
     2
 10
140.081614126569
 20
152.549181856492
 40
0.0300000000000864
 50
90.00000000021713
 51
180.0000000002171
 73
     1
 72
     1
 10
140.0516141265689
 20
152.5491818564919
 11
140.0516141265689
 21
152.3791818564902
 72
     1
 10
140.0516141265689
 20
152.3791818564902
 11
139.9916141265687
 21
152.3791818564904
 72
     1
 10
139.9916141265687
 20
152.3791818564904
 11
139.9916141265689
 21
152.5491818564919
 72
     2
 10
139.9616141265689
 20
152.549181856492
 40
0.0300000000000875
 50
359.9999999997849
 51
449.9999999997808
 73
     1
 72
     1
 10
139.961614126569
 20
152.5791818564921
 11
139.5216141265687
 21
152.5791818564925
 72
     1
 10
139.5216141265687
 20
152.5791818564925
 11
139.5216141265687
 21
152.6791818564902
 97
        1
330
59D
 75
     1
 76
     1
 98
        1
 10
-1816.64659822683
 20
-299.7796461084538
1001
GradientColor1ACI
1070
     5
1001
GradientColor2ACI
1070
     2
1001
ACAD
1010
0.0
1020
0.0
1030
0.0
  0
HATCH
  5
3C5
330
1F
100
AcDbEntity
  8
000 ALE HATCH MUROS
100
AcDbHatch
 10
0.0
 20
0.0
 30
0.0
210
0.0
220
0.0
230
1.0
  2
SOLID
 70
     1
 71
     1
 91
        1
 92
        1
 93
       16
 72
     1
 10
137.0216147306005
 20
152.679182002421
 11
139.5216147306005
 21
152.679182002421
 72
     1
 10
139.5216147306005
 20
152.679182002421
 11
139.5216147306005
 21
152.5791820024211
 72
     1
 10
139.5216147306005
 20
152.5791820024211
 11
139.0816147306004
 21
152.5791820024211
 72
     2
 10
139.0816147306006
 20
152.549182002421
 40
0.0300000000000882
 50
90.00000000022058
 51
180.0000000002137
 73
     1
 72
     1
 10
139.0516147306005
 20
152.5491820024209
 11
139.0516147306005
 21
152.3791820024213
 72
     1
 10
139.0516147306005
 20
152.3791820024213
 11
138.9916147306008
 21
152.3791820024213
 72
     1
 10
138.9916147306008
 20
152.3791820024213
 11
138.9916147306008
 21
152.5491820024227
 72
     2
 10
138.9616147306007
 20
152.5491820024228
 40
0.0300000000000864
 50
359.9999999997829
 51
449.9999999997829
 73
     1
 72
     1
 10
138.9616147306008
 20
152.5791820024229
 11
137.5816147306007
 21
152.5791820024229
 72
     2
 10
137.5816147306008
 20
152.5491820024228
 40
0.0300000000000864
 50
90.00000000021713
 51
180.0000000002171
 73
     1
 72
     1
 10
137.5516147306007
 20
152.5491820024227
 11
137.5516147306007
 21
152.379182002421
 72
     1
 10
137.5516147306007
 20
152.379182002421
 11
137.4916147306005
 21
152.3791820024213
 72
     1
 10
137.4916147306005
 20
152.3791820024213
 11
137.4916147306008
 21
152.5491820024227
 72
     2
 10
137.4616147306007
 20
152.5491820024228
 40
0.0300000000000875
 50
359.9999999997849
 51
449.9999999997808
 73
     1
 72
     1
 10
137.4616147306008
 20
152.5791820024229
 11
137.0216147306005
 21
152.5791820024234
 72
     1
 10
137.0216147306005
 20
152.5791820024234
 11
137.0216147306005
 21
152.679182002421
 97
        1
330
59E
 75
     1
 76
     1
 98
        1
 10
-1819.146597622798
 20
-299.779645962523
1001
GradientColor1ACI
1070
     5
1001
GradientColor2ACI
1070
     2
1001
ACAD
1010
0.0
1020
0.0
1030
0.0
  0
HATCH
  5
3C6
330
1F
100
AcDbEntity
  8
000 ALE HATCH MUROS
100
AcDbHatch
 10
0.0
 20
0.0
 30
0.0
210
0.0
220
0.0
230
1.0
  2
SOLID
 70
     1
 71
     1
 91
        1
 92
        1
 93
       16
 72
     1
 10
134.5216153346323
 20
152.6791815646285
 11
137.0216153346323
 21
152.6791815646285
 72
     1
 10
137.0216153346323
 20
152.6791815646285
 11
137.0216153346323
 21
152.5791815646286
 72
     1
 10
137.0216153346323
 20
152.5791815646286
 11
136.5816153346323
 21
152.5791815646286
 72
     2
 10
136.5816153346324
 20
152.5491815646286
 40
0.0300000000000882
 50
90.00000000022058
 51
180.0000000002137
 73
     1
 72
     1
 10
136.5516153346323
 20
152.5491815646284
 11
136.5516153346323
 21
152.3791815646288
 72
     1
 10
136.5516153346323
 20
152.3791815646288
 11
136.4916153346326
 21
152.3791815646288
 72
     1
 10
136.4916153346326
 20
152.3791815646288
 11
136.4916153346326
 21
152.5491815646303
 72
     2
 10
136.4616153346325
 20
152.5491815646304
 40
0.0300000000000864
 50
359.9999999997829
 51
449.9999999997829
 73
     1
 72
     1
 10
136.4616153346326
 20
152.5791815646305
 11
135.0816153346325
 21
152.5791815646305
 72
     2
 10
135.0816153346326
 20
152.5491815646304
 40
0.0300000000000864
 50
90.00000000021713
 51
180.0000000002171
 73
     1
 72
     1
 10
135.0516153346325
 20
152.5491815646303
 11
135.0516153346325
 21
152.3791815646286
 72
     1
 10
135.0516153346325
 20
152.3791815646286
 11
134.9916153346323
 21
152.3791815646288
 72
     1
 10
134.9916153346323
 20
152.3791815646288
 11
134.9916153346326
 21
152.5491815646303
 72
     2
 10
134.9616153346325
 20
152.5491815646304
 40
0.0300000000000875
 50
359.9999999997849
 51
449.9999999997808
 73
     1
 72
     1
 10
134.9616153346326
 20
152.5791815646305
 11
134.5216153346323
 21
152.5791815646309
 72
     1
 10
134.5216153346323
 20
152.5791815646309
 11
134.5216153346323
 21
152.6791815646285
 97
        1
330
59F
 75
     1
 76
     1
 98
        1
 10
-1821.646597018766
 20
-299.7796464003155
1001
GradientColor1ACI
1070
     5
1001
GradientColor2ACI
1070
     2
1001
ACAD
1010
0.0
1020
0.0
1030
0.0
  0
HATCH
  5
3C7
330
1F
100
AcDbEntity
  8
000 ALE HATCH MUROS
100
AcDbHatch
 10
0.0
 20
0.0
 30
0.0
210
0.0
220
0.0
230
1.0
  2
SOLID
 70
     1
 71
     0
 91
        2
 92
        5
 93
       10
 72
     1
 10
133.8216159386641
 20
152.6791815646285
 11
133.8216159386641
 21
152.5791815646305
 72
     1
 10
133.8216159386641
 20
152.5791815646305
 11
133.9616159386642
 21
152.5791815646306
 72
     2
 10
133.961615938664
 20
152.5491815646301
 40
0.0300000000004275
 50
270.0000000006514
 51
360.0
 73
     0
 72
     1
 10
133.9916159386644
 20
152.5491815646303
 11
133.9916159386644
 21
152.3791815646288
 72
     1
 10
133.9916159386644
 20
152.3791815646288
 11
134.0516159386641
 21
152.3791815646288
 72
     1
 10
134.0516159386641
 20
152.3791815646288
 11
134.0516159386641
 21
152.5491815646284
 72
     2
 10
134.0816159386641
 20
152.5491815646287
 40
0.0299999999999159
 50
179.9999999994571
 51
270.0
 73
     0
 72
     1
 10
134.0816159386641
 20
152.5791815646286
 11
134.5216159386641
 21
152.5791815646286
 72
     1
 10
134.5216159386641
 20
152.5791815646286
 11
134.5216159386641
 21
152.6791815646285
 72
     1
 10
134.5216159386641
 20
152.6791815646285
 11
133.8216159386641
 21
152.6791815646285
 97
        0
 92
        5
 93
       10
 72
     1
 10
132.7216159386642
 20
152.5791815646305
 11
132.7216159386639
 21
152.6791815646285
 72
     1
 10
132.7216159386639
 20
152.6791815646285
 11
132.0216159386641
 21
152.6791815646285
 72
     1
 10
132.0216159386641
 20
152.6791815646285
 11
132.0216159386641
 21
152.5791815646309
 72
     1
 10
132.0216159386641
 20
152.5791815646309
 11
132.4616159386642
 21
152.5791815646306
 72
     2
 10
132.461615938664
 20
152.5491815646301
 40
0.0300000000004275
 50
270.0000000006514
 51
360.0
 73
     0
 72
     1
 10
132.4916159386644
 20
152.5491815646303
 11
132.4916159386642
 21
152.3791815646288
 72
     1
 10
132.4916159386642
 20
152.3791815646288
 11
132.5516159386643
 21
152.3791815646286
 72
     1
 10
132.5516159386643
 20
152.3791815646286
 11
132.5516159386643
 21
152.5491815646303
 72
     2
 10
132.5816159386638
 20
152.5491815646308
 40
0.0299999999996317
 50
179.9999999989143
 51
270.0000000008685
 73
     0
 72
     1
 10
132.5816159386643
 20
152.5791815646305
 11
132.7216159386642
 21
152.5791815646305
 97
        0
 75
     1
 76
     1
 47
0.0
 98
        2
 10
133.2716159386696
 20
152.6070674141737
 10
133.2716159386696
 20
152.6070674141737
1001
GradientColor1ACI
1070
     5
1001
GradientColor2ACI
1070
     2
1001
ACAD
1010
0.0
1020
0.0
1030
0.0
  0
HATCH
  5
3C8
330
1F
100
AcDbEntity
  8
000 ALE HATCH MUROS
100
AcDbHatch
 10
0.0
 20
0.0
 30
0.0
210
0.0
220
0.0
230
1.0
  2
SOLID
 70
     1
 71
     0
 91
        2
 92
        5
 93
       10
 72
     1
 10
131.3216165426963
 20
152.6791817105594
 11
131.3216165426959
 21
152.5791817105612
 72
     1
 10
131.3216165426959
 20
152.5791817105612
 11
131.461616542696
 21
152.5791817105614
 72
     2
 10
131.4616165426958
 20
152.549181710561
 40
0.0300000000004275
 50
270.0000000006514
 51
360.0
 73
     0
 72
     1
 10
131.4916165426962
 20
152.5491817105611
 11
131.4916165426962
 21
152.3791817105596
 72
     1
 10
131.4916165426962
 20
152.3791817105596
 11
131.5516165426959
 21
152.3791817105596
 72
     1
 10
131.5516165426959
 20
152.3791817105596
 11
131.5516165426959
 21
152.5491817105593
 72
     2
 10
131.5816165426959
 20
152.5491817105595
 40
0.0299999999999159
 50
179.9999999994571
 51
270.0
 73
     0
 72
     1
 10
131.5816165426959
 20
152.5791817105595
 11
132.0216165426959
 21
152.5791817105595
 72
     1
 10
132.0216165426959
 20
152.5791817105595
 11
132.0216165426959
 21
152.6791817105594
 72
     1
 10
132.0216165426959
 20
152.6791817105594
 11
131.3216165426963
 21
152.6791817105594
 97
        0
 92
        5
 93
       10
 72
     1
 10
130.2216165426962
 20
152.5791817105613
 11
130.2216165426962
 21
152.6791817105594
 72
     1
 10
130.2216165426962
 20
152.6791817105594
 11
129.5216165426959
 21
152.6791817105594
 72
     1
 10
129.5216165426959
 20
152.6791817105594
 11
129.5216165426959
 21
152.5791817105617
 72
     1
 10
129.5216165426959
 20
152.5791817105617
 11
129.961616542696
 21
152.5791817105614
 72
     2
 10
129.9616165426958
 20
152.549181710561
 40
0.0300000000004275
 50
270.0000000006514
 51
360.0
 73
     0
 72
     1
 10
129.9916165426962
 20
152.5491817105611
 11
129.991616542696
 21
152.3791817105596
 72
     1
 10
129.991616542696
 20
152.3791817105596
 11
130.0516165426961
 21
152.3791817105594
 72
     1
 10
130.0516165426961
 20
152.3791817105594
 11
130.0516165426961
 21
152.5491817105611
 72
     2
 10
130.0816165426957
 20
152.5491817105616
 40
0.0299999999996317
 50
179.9999999989143
 51
270.0000000008685
 73
     0
 72
     1
 10
130.0816165426961
 20
152.5791817105613
 11
130.2216165426962
 21
152.5791817105613
 97
        0
 75
     1
 76
     1
 47
0.0
 98
        2
 10
130.7716165427016
 20
152.6070675601046
 10
130.7716165427016
 20
152.6070675601046
1001
GradientColor1ACI
1070
     5
1001
GradientColor2ACI
1070
     2
1001
ACAD
1010
0.0
1020
0.0
1030
0.0
  0
HATCH
  5
3C9
330
1F
100
AcDbEntity
  8
000 ALE HATCH MUROS
100
AcDbHatch
 10
0.0
 20
0.0
 30
0.0
210
0.0
220
0.0
230
1.0
  2
SOLID
 70
     1
 71
     0
 91
        2
 92
        5
 93
       10
 72
     1
 10
150.2216117104419
 20
152.5791814186996
 11
150.2216117104422
 21
152.6791814186977
 72
     1
 10
150.2216117104422
 20
152.6791814186977
 11
149.5216117104414
 21
152.6791814186977
 72
     1
 10
149.5216117104414
 20
152.6791814186977
 11
149.5216117104414
 21
152.5791814187001
 72
     1
 10
149.5216117104414
 20
152.5791814187001
 11
149.9616117104415
 21
152.5791814186998
 72
     2
 10
149.9616117104413
 20
152.5491814186993
 40
0.0300000000004275
 50
270.0000000006514
 51
360.0
 73
     0
 72
     1
 10
149.9916117104417
 20
152.5491814186994
 11
149.9916117104415
 21
152.379181418698
 72
     1
 10
149.9916117104415
 20
152.379181418698
 11
150.0516117104416
 21
152.3791814186978
 72
     1
 10
150.0516117104416
 20
152.3791814186978
 11
150.0516117104416
 21
152.5491814186994
 72
     2
 10
150.0816117104412
 20
152.5491814187
 40
0.0299999999996317
 50
179.9999999989143
 51
270.0000000008685
 73
     0
 72
     1
 10
150.0816117104416
 20
152.5791814186996
 11
150.2216117104419
 21
152.5791814186996
 97
        0
 92
        5
 93
       10
 72
     1
 10
151.3216117104416
 20
152.6791814186977
 11
151.3216117104416
 21
152.5791814186996
 72
     1
 10
151.3216117104416
 20
152.5791814186996
 11
151.4616117104415
 21
152.5791814186998
 72
     2
 10
151.4616117104413
 20
152.5491814186993
 40
0.0300000000004275
 50
270.0000000006514
 51
360.0
 73
     0
 72
     1
 10
151.4916117104417
 20
152.5491814186994
 11
151.4916117104417
 21
152.379181418698
 72
     1
 10
151.4916117104417
 20
152.379181418698
 11
151.5516117104414
 21
152.379181418698
 72
     1
 10
151.5516117104414
 20
152.379181418698
 11
151.5516117104414
 21
152.5491814186976
 72
     2
 10
151.5816117104414
 20
152.5491814186979
 40
0.0299999999999159
 50
179.9999999994571
 51
270.0
 73
     0
 72
     1
 10
151.5816117104414
 20
152.5791814186978
 11
152.0216117104414
 21
152.5791814186978
 72
     1
 10
152.0216117104414
 20
152.5791814186978
 11
152.0216117104414
 21
152.6791814186977
 72
     1
 10
152.0216117104414
 20
152.6791814186977
 11
151.3216117104416
 21
152.6791814186977
 97
        0
 75
     1
 76
     1
 47
0.0
 98
        2
 10
150.7716117104467
 20
152.6070672682429
 10
150.7716117104467
 20
152.6070672682429
1001
GradientColor1ACI
1070
     5
1001
GradientColor2ACI
1070
     2
1001
ACAD
1010
0.0
1020
0.0
1030
0.0
  0
HATCH
  5
3CA
330
1F
100
AcDbEntity
  8
000 ALE HATCH MUROS
100
AcDbHatch
 10
0.0
 20
0.0
 30
0.0
210
0.0
220
0.0
230
1.0
  2
SOLID
 70
     1
 71
     1
 91
        1
 92
        1
 93
       16
 72
     1
 10
147.0216123144733
 20
152.6791815646285
 11
149.5216123144733
 21
152.6791815646285
 72
     1
 10
149.5216123144733
 20
152.6791815646285
 11
149.5216123144733
 21
152.5791815646286
 72
     1
 10
149.5216123144733
 20
152.5791815646286
 11
149.0816123144732
 21
152.5791815646286
 72
     2
 10
149.0816123144733
 20
152.5491815646286
 40
0.0300000000000882
 50
90.00000000022058
 51
180.0000000002137
 73
     1
 72
     1
 10
149.0516123144732
 20
152.5491815646284
 11
149.0516123144732
 21
152.3791815646288
 72
     1
 10
149.0516123144732
 20
152.3791815646288
 11
148.9916123144735
 21
152.3791815646288
 72
     1
 10
148.9916123144735
 20
152.3791815646288
 11
148.9916123144735
 21
152.5491815646303
 72
     2
 10
148.9616123144734
 20
152.5491815646304
 40
0.0300000000000864
 50
359.9999999997829
 51
449.9999999997829
 73
     1
 72
     1
 10
148.9616123144735
 20
152.5791815646305
 11
147.5816123144734
 21
152.5791815646305
 72
     2
 10
147.5816123144735
 20
152.5491815646304
 40
0.0300000000000864
 50
90.00000000021713
 51
180.0000000002171
 73
     1
 72
     1
 10
147.5516123144735
 20
152.5491815646303
 11
147.5516123144735
 21
152.3791815646286
 72
     1
 10
147.5516123144735
 20
152.3791815646286
 11
147.4916123144733
 21
152.3791815646288
 72
     1
 10
147.4916123144733
 20
152.3791815646288
 11
147.4916123144735
 21
152.5491815646303
 72
     2
 10
147.4616123144734
 20
152.5491815646304
 40
0.0300000000000875
 50
359.9999999997849
 51
449.9999999997808
 73
     1
 72
     1
 10
147.4616123144735
 20
152.5791815646305
 11
147.0216123144733
 21
152.5791815646309
 72
     1
 10
147.0216123144733
 20
152.5791815646309
 11
147.0216123144733
 21
152.6791815646285
 97
        1
330
5A9
 75
     1
 76
     1
 98
        1
 10
-1809.146600038925
 20
-299.7796464003155
1001
GradientColor1ACI
1070
     5
1001
GradientColor2ACI
1070
     2
1001
ACAD
1010
0.0
1020
0.0
1030
0.0
  0
HATCH
  5
3CB
330
1F
100
AcDbEntity
  8
000 ALE HATCH MUROS
100
AcDbHatch
 10
0.0
 20
0.0
 30
0.0
210
0.0
220
0.0
230
1.0
  2
SOLID
 70
     1
 71
     1
 91
        1
 92
        1
 93
       16
 72
     1
 10
154.5216105023778
 20
152.6791815646285
 11
157.0216105023778
 21
152.6791815646285
 72
     1
 10
157.0216105023778
 20
152.6791815646285
 11
157.0216105023778
 21
152.5791815646286
 72
     1
 10
157.0216105023778
 20
152.5791815646286
 11
156.5816105023778
 21
152.5791815646286
 72
     2
 10
156.5816105023779
 20
152.5491815646286
 40
0.0300000000000882
 50
90.00000000022058
 51
180.0000000002137
 73
     1
 72
     1
 10
156.5516105023778
 20
152.5491815646284
 11
156.5516105023778
 21
152.3791815646288
 72
     1
 10
156.5516105023778
 20
152.3791815646288
 11
156.4916105023781
 21
152.3791815646288
 72
     1
 10
156.4916105023781
 20
152.3791815646288
 11
156.4916105023781
 21
152.5491815646303
 72
     2
 10
156.461610502378
 20
152.5491815646304
 40
0.0300000000000864
 50
359.9999999997829
 51
449.9999999997829
 73
     1
 72
     1
 10
156.4616105023781
 20
152.5791815646305
 11
155.081610502378
 21
152.5791815646305
 72
     2
 10
155.0816105023781
 20
152.5491815646304
 40
0.0300000000000864
 50
90.00000000021713
 51
180.0000000002171
 73
     1
 72
     1
 10
155.051610502378
 20
152.5491815646303
 11
155.051610502378
 21
152.3791815646286
 72
     1
 10
155.051610502378
 20
152.3791815646286
 11
154.9916105023779
 21
152.3791815646288
 72
     1
 10
154.9916105023779
 20
152.3791815646288
 11
154.9916105023781
 21
152.5491815646303
 72
     2
 10
154.961610502378
 20
152.5491815646304
 40
0.0300000000000875
 50
359.9999999997849
 51
449.9999999997808
 73
     1
 72
     1
 10
154.9616105023781
 20
152.5791815646305
 11
154.5216105023778
 21
152.5791815646309
 72
     1
 10
154.5216105023778
 20
152.5791815646309
 11
154.5216105023778
 21
152.6791815646285
 97
        1
330
5AB
 75
     1
 76
     1
 98
        1
 10
-1801.64660185102
 20
-299.7796464003155
1001
GradientColor1ACI
1070
     5
1001
GradientColor2ACI
1070
     2
1001
ACAD
1010
0.0
1020
0.0
1030
0.0
  0
HATCH
  5
3CC
330
1F
100
AcDbEntity
  8
000 ALE HATCH MUROS
100
AcDbHatch
 10
0.0
 20
0.0
 30
0.0
210
0.0
220
0.0
230
1.0
  2
SOLID
 70
     1
 71
     1
 91
        1
 92
        1
 93
       16
 72
     1
 10
152.0216111064096
 20
152.6791817105594
 11
154.5216111064096
 21
152.6791817105594
 72
     1
 10
154.5216111064096
 20
152.6791817105594
 11
154.5216111064096
 21
152.5791817105595
 72
     1
 10
154.5216111064096
 20
152.5791817105595
 11
154.0816111064096
 21
152.5791817105595
 72
     2
 10
154.0816111064097
 20
152.5491817105594
 40
0.0300000000000882
 50
90.00000000022058
 51
180.0000000002137
 73
     1
 72
     1
 10
154.0516111064096
 20
152.5491817105593
 11
154.0516111064096
 21
152.3791817105596
 72
     1
 10
154.0516111064096
 20
152.3791817105596
 11
153.9916111064099
 21
152.3791817105596
 72
     1
 10
153.9916111064099
 20
152.3791817105596
 11
153.9916111064099
 21
152.5491817105611
 72
     2
 10
153.9616111064098
 20
152.5491817105612
 40
0.0300000000000864
 50
359.9999999997829
 51
449.9999999997829
 73
     1
 72
     1
 10
153.9616111064099
 20
152.5791817105613
 11
152.5816111064098
 21
152.5791817105613
 72
     2
 10
152.5816111064099
 20
152.5491817105612
 40
0.0300000000000864
 50
90.00000000021713
 51
180.0000000002171
 73
     1
 72
     1
 10
152.5516111064098
 20
152.5491817105611
 11
152.5516111064098
 21
152.3791817105594
 72
     1
 10
152.5516111064098
 20
152.3791817105594
 11
152.4916111064097
 21
152.3791817105596
 72
     1
 10
152.4916111064097
 20
152.3791817105596
 11
152.4916111064099
 21
152.5491817105611
 72
     2
 10
152.4616111064098
 20
152.5491817105612
 40
0.0300000000000875
 50
359.9999999997849
 51
449.9999999997808
 73
     1
 72
     1
 10
152.4616111064099
 20
152.5791817105613
 11
152.0216111064096
 21
152.5791817105617
 72
     1
 10
152.0216111064096
 20
152.5791817105617
 11
152.0216111064096
 21
152.6791817105594
 97
        1
330
5AD
 75
     1
 76
     1
 98
        1
 10
-1804.146601246989
 20
-299.7796462543847
1001
GradientColor1ACI
1070
     5
1001
GradientColor2ACI
1070
     2
1001
ACAD
1010
0.0
1020
0.0
1030
0.0
  0
HATCH
  5
3CD
330
1F
100
AcDbEntity
  8
000 ALE HATCH MUROS
100
AcDbHatch
 10
0.0
 20
0.0
 30
0.0
210
0.0
220
0.0
230
1.0
  2
SOLID
 70
     1
 71
     1
 91
        1
 92
        1
 93
       16
 72
     1
 10
159.5216092943142
 20
152.6791815646285
 11
162.0216092943142
 21
152.6791815646285
 72
     1
 10
162.0216092943142
 20
152.6791815646285
 11
162.0216092943142
 21
152.5791815646286
 72
     1
 10
162.0216092943142
 20
152.5791815646286
 11
161.5816092943141
 21
152.5791815646286
 72
     2
 10
161.5816092943143
 20
152.5491815646286
 40
0.0300000000000882
 50
90.00000000022058
 51
180.0000000002137
 73
     1
 72
     1
 10
161.5516092943142
 20
152.5491815646284
 11
161.5516092943142
 21
152.3791815646288
 72
     1
 10
161.5516092943142
 20
152.3791815646288
 11
161.4916092943145
 21
152.3791815646288
 72
     1
 10
161.4916092943145
 20
152.3791815646288
 11
161.4916092943145
 21
152.5491815646303
 72
     2
 10
161.4616092943144
 20
152.5491815646304
 40
0.0300000000000864
 50
359.9999999997829
 51
449.9999999997829
 73
     1
 72
     1
 10
161.4616092943145
 20
152.5791815646305
 11
160.0816092943144
 21
152.5791815646305
 72
     2
 10
160.0816092943145
 20
152.5491815646304
 40
0.0300000000000864
 50
90.00000000021713
 51
180.0000000002171
 73
     1
 72
     1
 10
160.0516092943144
 20
152.5491815646303
 11
160.0516092943144
 21
152.3791815646286
 72
     1
 10
160.0516092943144
 20
152.3791815646286
 11
159.9916092943142
 21
152.3791815646288
 72
     1
 10
159.9916092943142
 20
152.3791815646288
 11
159.9916092943145
 21
152.5491815646303
 72
     2
 10
159.9616092943144
 20
152.5491815646304
 40
0.0300000000000875
 50
359.9999999997849
 51
449.9999999997808
 73
     1
 72
     1
 10
159.9616092943145
 20
152.5791815646305
 11
159.5216092943142
 21
152.5791815646309
 72
     1
 10
159.5216092943142
 20
152.5791815646309
 11
159.5216092943142
 21
152.6791815646285
 97
        1
330
5AF
 75
     1
 76
     1
 98
        1
 10
-1796.646603059084
 20
-299.7796464003155
1001
GradientColor1ACI
1070
     5
1001
GradientColor2ACI
1070
     2
1001
ACAD
1010
0.0
1020
0.0
1030
0.0
  0
HATCH
  5
3CE
330
1F
100
AcDbEntity
  8
000 ALE HATCH MUROS
100
AcDbHatch
 10
0.0
 20
0.0
 30
0.0
210
0.0
220
0.0
230
1.0
  2
SOLID
 70
     1
 71
     0
 91
        2
 92
        5
 93
       10
 72
     1
 10
157.7216098983465
 20
152.5791817105613
 11
157.7216098983467
 21
152.6791817105593
 72
     1
 10
157.7216098983467
 20
152.6791817105593
 11
157.021609898346
 21
152.6791817105594
 72
     1
 10
157.021609898346
 20
152.6791817105594
 11
157.021609898346
 21
152.5791817105617
 72
     1
 10
157.021609898346
 20
152.5791817105617
 11
157.4616098983461
 21
152.5791817105614
 72
     2
 10
157.4616098983458
 20
152.549181710561
 40
0.0300000000004275
 50
270.0000000006514
 51
360.0
 73
     0
 72
     1
 10
157.4916098983463
 20
152.5491817105611
 11
157.491609898346
 21
152.3791817105596
 72
     1
 10
157.491609898346
 20
152.3791817105596
 11
157.5516098983462
 21
152.3791817105594
 72
     1
 10
157.5516098983462
 20
152.3791817105594
 11
157.5516098983462
 21
152.5491817105611
 72
     2
 10
157.5816098983457
 20
152.5491817105616
 40
0.0299999999996317
 50
179.9999999989143
 51
270.0000000008685
 73
     0
 72
     1
 10
157.5816098983462
 20
152.5791817105613
 11
157.7216098983465
 21
152.5791817105613
 97
        0
 92
        5
 93
       10
 72
     1
 10
158.821609898346
 20
152.6791817105594
 11
158.8216098983462
 21
152.5791817105613
 72
     1
 10
158.8216098983462
 20
152.5791817105613
 11
158.9616098983461
 21
152.5791817105614
 72
     2
 10
158.9616098983458
 20
152.549181710561
 40
0.0300000000004275
 50
270.0000000006514
 51
360.0
 73
     0
 72
     1
 10
158.9916098983463
 20
152.5491817105611
 11
158.9916098983463
 21
152.3791817105596
 72
     1
 10
158.9916098983463
 20
152.3791817105596
 11
159.051609898346
 21
152.3791817105596
 72
     1
 10
159.051609898346
 20
152.3791817105596
 11
159.051609898346
 21
152.5491817105593
 72
     2
 10
159.081609898346
 20
152.5491817105595
 40
0.0299999999999159
 50
179.9999999994571
 51
270.0
 73
     0
 72
     1
 10
159.081609898346
 20
152.5791817105595
 11
159.521609898346
 21
152.5791817105595
 72
     1
 10
159.521609898346
 20
152.5791817105595
 11
159.521609898346
 21
152.6791817105594
 72
     1
 10
159.521609898346
 20
152.6791817105594
 11
158.821609898346
 21
152.6791817105594
 97
        0
 75
     1
 76
     1
 47
0.0
 98
        2
 10
158.2716098983517
 20
152.6070675601046
 10
158.2716098983517
 20
152.6070675601046
1001
GradientColor1ACI
1070
     5
1001
GradientColor2ACI
1070
     2
1001
ACAD
1010
0.0
1020
0.0
1030
0.0
  0
HATCH
  5
3CF
330
1F
100
AcDbEntity
  8
000 ALE HATCH MUROS
100
AcDbHatch
 10
0.0
 20
0.0
 30
0.0
210
0.0
220
0.0
230
1.0
  2
SOLID
 70
     1
 71
     1
 91
        1
 92
        1
 93
       16
 72
     1
 10
162.0216086902824
 20
152.6791815646285
 11
164.5216086902824
 21
152.6791815646285
 72
     1
 10
164.5216086902824
 20
152.6791815646285
 11
164.5216086902824
 21
152.5791815646286
 72
     1
 10
164.5216086902824
 20
152.5791815646286
 11
164.0816086902823
 21
152.5791815646286
 72
     2
 10
164.0816086902825
 20
152.5491815646286
 40
0.0300000000000882
 50
90.00000000022058
 51
180.0000000002137
 73
     1
 72
     1
 10
164.0516086902824
 20
152.5491815646284
 11
164.0516086902824
 21
152.3791815646288
 72
     1
 10
164.0516086902824
 20
152.3791815646288
 11
163.9916086902826
 21
152.3791815646288
 72
     1
 10
163.9916086902826
 20
152.3791815646288
 11
163.9916086902826
 21
152.5491815646303
 72
     2
 10
163.9616086902826
 20
152.5491815646304
 40
0.0300000000000864
 50
359.9999999997829
 51
449.9999999997829
 73
     1
 72
     1
 10
163.9616086902827
 20
152.5791815646305
 11
162.5816086902826
 21
152.5791815646305
 72
     2
 10
162.5816086902827
 20
152.5491815646304
 40
0.0300000000000864
 50
90.00000000021713
 51
180.0000000002171
 73
     1
 72
     1
 10
162.5516086902826
 20
152.5491815646303
 11
162.5516086902826
 21
152.3791815646286
 72
     1
 10
162.5516086902826
 20
152.3791815646286
 11
162.4916086902824
 21
152.3791815646288
 72
     1
 10
162.4916086902824
 20
152.3791815646288
 11
162.4916086902826
 21
152.5491815646303
 72
     2
 10
162.4616086902826
 20
152.5491815646304
 40
0.0300000000000875
 50
359.9999999997849
 51
449.9999999997808
 73
     1
 72
     1
 10
162.4616086902827
 20
152.5791815646305
 11
162.0216086902824
 21
152.5791815646309
 72
     1
 10
162.0216086902824
 20
152.5791815646309
 11
162.0216086902824
 21
152.6791815646285
 97
        1
330
5B4
 75
     1
 76
     1
 98
        1
 10
-1794.146603663116
 20
-299.7796464003155
1001
GradientColor1ACI
1070
     5
1001
GradientColor2ACI
1070
     2
1001
ACAD
1010
0.0
1020
0.0
1030
0.0
  0
HATCH
  5
3D0
330
1F
100
AcDbEntity
  8
000 ALE HATCH MUROS
100
AcDbHatch
 10
0.0
 20
0.0
 30
0.0
210
0.0
220
0.0
230
1.0
  2
SOLID
 70
     1
 71
     1
 91
        1
 92
        1
 93
       16
 72
     1
 10
164.5216123144737
 20
205.3791814186968
 11
164.5216123144737
 21
202.8791814186968
 72
     1
 10
164.5216123144737
 20
202.8791814186968
 11
164.6216123144736
 21
202.8791814186968
 72
     1
 10
164.6216123144736
 20
202.8791814186968
 11
164.6216123144736
 21
203.3191814186969
 72
     2
 10
164.6516123144737
 20
203.3191814186968
 40
0.0300000000000882
 50
180.0000000002206
 51
270.0000000002136
 73
     0
 72
     1
 10
164.6516123144738
 20
203.3491814186968
 11
164.8216123144734
 21
203.3491814186968
 72
     1
 10
164.8216123144734
 20
203.3491814186968
 11
164.8216123144734
 21
203.4091814186966
 72
     1
 10
164.8216123144734
 20
203.4091814186966
 11
164.651612314472
 21
203.4091814186966
 72
     2
 10
164.6516123144719
 20
203.4391814186966
 40
0.0300000000000864
 50
89.99999999978286
 51
179.9999999997829
 73
     0
 72
     1
 10
164.6216123144718
 20
203.4391814186965
 11
164.6216123144718
 21
204.8191814186966
 72
     2
 10
164.6516123144719
 20
204.8191814186965
 40
0.0300000000000864
 50
180.0000000002171
 51
270.0000000002171
 73
     0
 72
     1
 10
164.651612314472
 20
204.8491814186966
 11
164.8216123144737
 21
204.8491814186966
 72
     1
 10
164.8216123144737
 20
204.8491814186966
 11
164.8216123144734
 21
204.9091814186968
 72
     1
 10
164.8216123144734
 20
204.9091814186968
 11
164.651612314472
 21
204.9091814186966
 72
     2
 10
164.6516123144719
 20
204.9391814186966
 40
0.0300000000000875
 50
89.99999999978495
 51
179.9999999997808
 73
     0
 72
     1
 10
164.6216123144718
 20
204.9391814186965
 11
164.6216123144713
 21
205.3791814186968
 72
     1
 10
164.6216123144713
 20
205.3791814186968
 11
164.5216123144737
 21
205.3791814186968
 97
        1
330
5B5
 75
     1
 76
     1
 98
        1
 10
616.980440279418
 20
2161.547393772095
1001
GradientColor1ACI
1070
     5
1001
GradientColor2ACI
1070
     2
1001
ACAD
1010
0.0
1020
0.0
1030
0.0
  0
HATCH
  5
3D1
330
1F
100
AcDbEntity
  8
000 ALE HATCH MUROS
100
AcDbHatch
 10
0.0
 20
0.0
 30
0.0
210
0.0
220
0.0
230
1.0
  2
SOLID
 70
     1
 71
     1
 91
        1
 92
        1
 93
       16
 72
     1
 10
164.5216123144737
 20
207.8791814186968
 11
164.5216123144737
 21
205.3791814186968
 72
     1
 10
164.5216123144737
 20
205.3791814186968
 11
164.6216123144736
 21
205.3791814186968
 72
     1
 10
164.6216123144736
 20
205.3791814186968
 11
164.6216123144736
 21
205.8191814186968
 72
     2
 10
164.6516123144737
 20
205.8191814186967
 40
0.0300000000000882
 50
180.0000000002206
 51
270.0000000002136
 73
     0
 72
     1
 10
164.6516123144738
 20
205.8491814186968
 11
164.8216123144734
 21
205.8491814186968
 72
     1
 10
164.8216123144734
 20
205.8491814186968
 11
164.8216123144734
 21
205.9091814186965
 72
     1
 10
164.8216123144734
 20
205.9091814186965
 11
164.651612314472
 21
205.9091814186965
 72
     2
 10
164.6516123144719
 20
205.9391814186966
 40
0.0300000000000864
 50
89.99999999978286
 51
179.9999999997829
 73
     0
 72
     1
 10
164.6216123144718
 20
205.9391814186965
 11
164.6216123144718
 21
207.3191814186966
 72
     2
 10
164.6516123144719
 20
207.3191814186965
 40
0.0300000000000864
 50
180.0000000002171
 51
270.0000000002171
 73
     0
 72
     1
 10
164.651612314472
 20
207.3491814186966
 11
164.8216123144737
 21
207.3491814186966
 72
     1
 10
164.8216123144737
 20
207.3491814186966
 11
164.8216123144734
 21
207.4091814186967
 72
     1
 10
164.8216123144734
 20
207.4091814186967
 11
164.651612314472
 21
207.4091814186965
 72
     2
 10
164.6516123144719
 20
207.4391814186966
 40
0.0300000000000875
 50
89.99999999978495
 51
179.9999999997808
 73
     0
 72
     1
 10
164.6216123144718
 20
207.4391814186965
 11
164.6216123144713
 21
207.8791814186968
 72
     1
 10
164.6216123144713
 20
207.8791814186968
 11
164.5216123144737
 21
207.8791814186968
 97
        1
330
5B6
 75
     1
 76
     1
 98
        1
 10
616.980440279418
 20
2164.047393772095
1001
GradientColor1ACI
1070
     5
1001
GradientColor2ACI
1070
     2
1001
ACAD
1010
0.0
1020
0.0
1030
0.0
  0
HATCH
  5
3D2
330
1F
100
AcDbEntity
  8
000 ALE HATCH MUROS
100
AcDbHatch
 10
0.0
 20
0.0
 30
0.0
210
0.0
220
0.0
230
1.0
  2
SOLID
 70
     1
 71
     1
 91
        1
 92
        1
 93
       16
 72
     1
 10
164.5216123144733
 20
210.3791814186968
 11
164.5216123144733
 21
207.8791814186968
 72
     1
 10
164.5216123144733
 20
207.8791814186968
 11
164.6216123144732
 21
207.8791814186968
 72
     1
 10
164.6216123144732
 20
207.8791814186968
 11
164.6216123144732
 21
208.3191814186968
 72
     2
 10
164.6516123144733
 20
208.3191814186967
 40
0.0300000000000882
 50
180.0000000002206
 51
270.0000000002136
 73
     0
 72
     1
 10
164.6516123144734
 20
208.3491814186968
 11
164.821612314473
 21
208.3491814186968
 72
     1
 10
164.821612314473
 20
208.3491814186968
 11
164.821612314473
 21
208.4091814186965
 72
     1
 10
164.821612314473
 20
208.4091814186965
 11
164.6516123144715
 21
208.4091814186965
 72
     2
 10
164.6516123144714
 20
208.4391814186966
 40
0.0300000000000864
 50
89.99999999978286
 51
179.9999999997829
 73
     0
 72
     1
 10
164.6216123144713
 20
208.4391814186965
 11
164.6216123144713
 21
209.8191814186966
 72
     2
 10
164.6516123144714
 20
209.8191814186965
 40
0.0300000000000864
 50
180.0000000002171
 51
270.0000000002171
 73
     0
 72
     1
 10
164.6516123144715
 20
209.8491814186966
 11
164.8216123144732
 21
209.8491814186966
 72
     1
 10
164.8216123144732
 20
209.8491814186966
 11
164.821612314473
 21
209.9091814186967
 72
     1
 10
164.821612314473
 20
209.9091814186967
 11
164.6516123144715
 21
209.9091814186965
 72
     2
 10
164.6516123144714
 20
209.9391814186966
 40
0.0300000000000875
 50
89.99999999978495
 51
179.9999999997808
 73
     0
 72
     1
 10
164.6216123144713
 20
209.9391814186965
 11
164.6216123144709
 21
210.3791814186968
 72
     1
 10
164.6216123144709
 20
210.3791814186968
 11
164.5216123144733
 21
210.3791814186968
 97
        1
330
5B7
 75
     1
 76
     1
 98
        1
 10
616.9804402794175
 20
2166.547393772095
1001
GradientColor1ACI
1070
     5
1001
GradientColor2ACI
1070
     2
1001
ACAD
1010
0.0
1020
0.0
1030
0.0
  0
HATCH
  5
3D3
330
1F
100
AcDbEntity
  8
000 ALE HATCH MUROS
100
AcDbHatch
 10
0.0
 20
0.0
 30
0.0
210
0.0
220
0.0
230
1.0
  2
SOLID
 70
     1
 71
     1
 91
        1
 92
        1
 93
       16
 72
     1
 10
164.5216123144737
 20
212.8791814186968
 11
164.5216123144737
 21
210.3791814186968
 72
     1
 10
164.5216123144737
 20
210.3791814186968
 11
164.6216123144736
 21
210.3791814186968
 72
     1
 10
164.6216123144736
 20
210.3791814186968
 11
164.6216123144736
 21
210.8191814186968
 72
     2
 10
164.6516123144737
 20
210.8191814186967
 40
0.0300000000000882
 50
180.0000000002206
 51
270.0000000002136
 73
     0
 72
     1
 10
164.6516123144738
 20
210.8491814186968
 11
164.8216123144734
 21
210.8491814186968
 72
     1
 10
164.8216123144734
 20
210.8491814186968
 11
164.8216123144734
 21
210.9091814186965
 72
     1
 10
164.8216123144734
 20
210.9091814186965
 11
164.651612314472
 21
210.9091814186965
 72
     2
 10
164.6516123144719
 20
210.9391814186966
 40
0.0300000000000864
 50
89.99999999978286
 51
179.9999999997829
 73
     0
 72
     1
 10
164.6216123144718
 20
210.9391814186965
 11
164.6216123144718
 21
212.3191814186966
 72
     2
 10
164.6516123144719
 20
212.3191814186965
 40
0.0300000000000864
 50
180.0000000002171
 51
270.0000000002171
 73
     0
 72
     1
 10
164.651612314472
 20
212.3491814186966
 11
164.8216123144737
 21
212.3491814186966
 72
     1
 10
164.8216123144737
 20
212.3491814186966
 11
164.8216123144734
 21
212.4091814186967
 72
     1
 10
164.8216123144734
 20
212.4091814186967
 11
164.651612314472
 21
212.4091814186965
 72
     2
 10
164.6516123144719
 20
212.4391814186966
 40
0.0300000000000875
 50
89.99999999978495
 51
179.9999999997808
 73
     0
 72
     1
 10
164.6216123144718
 20
212.4391814186965
 11
164.6216123144713
 21
212.8791814186968
 72
     1
 10
164.6216123144713
 20
212.8791814186968
 11
164.5216123144737
 21
212.8791814186968
 97
        1
330
5B8
 75
     1
 76
     1
 98
        1
 10
616.980440279418
 20
2169.047393772095
1001
GradientColor1ACI
1070
     5
1001
GradientColor2ACI
1070
     2
1001
ACAD
1010
0.0
1020
0.0
1030
0.0
  0
HATCH
  5
3D4
330
1F
100
AcDbEntity
  8
000 ALE HATCH MUROS
100
AcDbHatch
 10
0.0
 20
0.0
 30
0.0
210
0.0
220
0.0
230
1.0
  2
SOLID
 70
     1
 71
     1
 91
        1
 92
        1
 93
       16
 72
     1
 10
164.5216123144742
 20
202.8791814186968
 11
164.5216123144742
 21
200.3791814186969
 72
     1
 10
164.5216123144742
 20
200.3791814186969
 11
164.6216123144741
 21
200.3791814186969
 72
     1
 10
164.6216123144741
 20
200.3791814186969
 11
164.6216123144741
 21
200.8191814186969
 72
     2
 10
164.6516123144742
 20
200.8191814186968
 40
0.0300000000000882
 50
180.0000000002206
 51
270.0000000002136
 73
     0
 72
     1
 10
164.6516123144743
 20
200.8491814186969
 11
164.8216123144739
 21
200.8491814186969
 72
     1
 10
164.8216123144739
 20
200.8491814186969
 11
164.8216123144739
 21
200.9091814186966
 72
     1
 10
164.8216123144739
 20
200.9091814186966
 11
164.6516123144725
 21
200.9091814186966
 72
     2
 10
164.6516123144723
 20
200.9391814186967
 40
0.0300000000000864
 50
89.99999999978286
 51
179.9999999997829
 73
     0
 72
     1
 10
164.6216123144723
 20
200.9391814186966
 11
164.6216123144723
 21
202.3191814186967
 72
     2
 10
164.6516123144723
 20
202.3191814186966
 40
0.0300000000000864
 50
180.0000000002171
 51
270.0000000002171
 73
     0
 72
     1
 10
164.6516123144725
 20
202.3491814186967
 11
164.8216123144741
 21
202.3491814186967
 72
     1
 10
164.8216123144741
 20
202.3491814186967
 11
164.8216123144739
 21
202.4091814186968
 72
     1
 10
164.8216123144739
 20
202.4091814186968
 11
164.6516123144725
 21
202.4091814186966
 72
     2
 10
164.6516123144723
 20
202.4391814186967
 40
0.0300000000000875
 50
89.99999999978495
 51
179.9999999997808
 73
     0
 72
     1
 10
164.6216123144723
 20
202.4391814186966
 11
164.6216123144718
 21
202.8791814186968
 72
     1
 10
164.6216123144718
 20
202.8791814186968
 11
164.5216123144742
 21
202.8791814186968
 97
        1
330
5B9
 75
     1
 76
     1
 98
        1
 10
616.9804402794184
 20
2159.047393772095
1001
GradientColor1ACI
1070
     5
1001
GradientColor2ACI
1070
     2
1001
ACAD
1010
0.0
1020
0.0
1030
0.0
  0
HATCH
  5
3D5
330
1F
100
AcDbEntity
  8
000 ALE HATCH MUROS
100
AcDbHatch
 10
0.0
 20
0.0
 30
0.0
210
0.0
220
0.0
230
1.0
  2
SOLID
 70
     1
 71
     1
 91
        1
 92
        1
 93
       16
 72
     1
 10
164.5216123144737
 20
200.3791814186969
 11
164.5216123144737
 21
197.8791814186969
 72
     1
 10
164.5216123144737
 20
197.8791814186969
 11
164.6216123144736
 21
197.8791814186969
 72
     1
 10
164.6216123144736
 20
197.8791814186969
 11
164.6216123144736
 21
198.319181418697
 72
     2
 10
164.6516123144737
 20
198.3191814186969
 40
0.0300000000000882
 50
180.0000000002206
 51
270.0000000002136
 73
     0
 72
     1
 10
164.6516123144738
 20
198.349181418697
 11
164.8216123144734
 21
198.349181418697
 72
     1
 10
164.8216123144734
 20
198.349181418697
 11
164.8216123144734
 21
198.4091814186967
 72
     1
 10
164.8216123144734
 20
198.4091814186967
 11
164.651612314472
 21
198.4091814186967
 72
     2
 10
164.6516123144719
 20
198.4391814186968
 40
0.0300000000000864
 50
89.99999999978286
 51
179.9999999997829
 73
     0
 72
     1
 10
164.6216123144718
 20
198.4391814186966
 11
164.6216123144718
 21
199.8191814186968
 72
     2
 10
164.6516123144719
 20
199.8191814186966
 40
0.0300000000000864
 50
180.0000000002171
 51
270.0000000002171
 73
     0
 72
     1
 10
164.651612314472
 20
199.8491814186967
 11
164.8216123144737
 21
199.8491814186967
 72
     1
 10
164.8216123144737
 20
199.8491814186967
 11
164.8216123144734
 21
199.9091814186969
 72
     1
 10
164.8216123144734
 20
199.9091814186969
 11
164.651612314472
 21
199.9091814186967
 72
     2
 10
164.6516123144719
 20
199.9391814186968
 40
0.0300000000000875
 50
89.99999999978495
 51
179.9999999997808
 73
     0
 72
     1
 10
164.6216123144718
 20
199.9391814186966
 11
164.6216123144713
 21
200.3791814186969
 72
     1
 10
164.6216123144713
 20
200.3791814186969
 11
164.5216123144737
 21
200.3791814186969
 97
        1
330
5BA
 75
     1
 76
     1
 98
        1
 10
616.980440279418
 20
2156.547393772095
1001
GradientColor1ACI
1070
     5
1001
GradientColor2ACI
1070
     2
1001
ACAD
1010
0.0
1020
0.0
1030
0.0
  0
HATCH
  5
3D6
330
1F
100
AcDbEntity
  8
000 ALE HATCH MUROS
100
AcDbHatch
 10
0.0
 20
0.0
 30
0.0
210
0.0
220
0.0
230
1.0
  2
SOLID
 70
     1
 71
     1
 91
        1
 92
        1
 93
       16
 72
     1
 10
164.5216123144737
 20
197.8791814186969
 11
164.5216123144737
 21
195.379181418697
 72
     1
 10
164.5216123144737
 20
195.379181418697
 11
164.6216123144736
 21
195.379181418697
 72
     1
 10
164.6216123144736
 20
195.379181418697
 11
164.6216123144736
 21
195.819181418697
 72
     2
 10
164.6516123144737
 20
195.8191814186969
 40
0.0300000000000882
 50
180.0000000002206
 51
270.0000000002136
 73
     0
 72
     1
 10
164.6516123144738
 20
195.849181418697
 11
164.8216123144734
 21
195.849181418697
 72
     1
 10
164.8216123144734
 20
195.849181418697
 11
164.8216123144734
 21
195.9091814186967
 72
     1
 10
164.8216123144734
 20
195.9091814186967
 11
164.651612314472
 21
195.9091814186967
 72
     2
 10
164.6516123144719
 20
195.9391814186968
 40
0.0300000000000864
 50
89.99999999978286
 51
179.9999999997829
 73
     0
 72
     1
 10
164.6216123144718
 20
195.9391814186967
 11
164.6216123144718
 21
197.3191814186968
 72
     2
 10
164.6516123144719
 20
197.3191814186967
 40
0.0300000000000864
 50
180.0000000002171
 51
270.0000000002171
 73
     0
 72
     1
 10
164.651612314472
 20
197.3491814186968
 11
164.8216123144737
 21
197.3491814186968
 72
     1
 10
164.8216123144737
 20
197.3491814186968
 11
164.8216123144734
 21
197.409181418697
 72
     1
 10
164.8216123144734
 20
197.409181418697
 11
164.651612314472
 21
197.4091814186967
 72
     2
 10
164.6516123144719
 20
197.4391814186968
 40
0.0300000000000875
 50
89.99999999978495
 51
179.9999999997808
 73
     0
 72
     1
 10
164.6216123144718
 20
197.4391814186967
 11
164.6216123144713
 21
197.8791814186969
 72
     1
 10
164.6216123144713
 20
197.8791814186969
 11
164.5216123144737
 21
197.8791814186969
 97
        1
330
5BB
 75
     1
 76
     1
 98
        1
 10
616.980440279418
 20
2154.047393772095
1001
GradientColor1ACI
1070
     5
1001
GradientColor2ACI
1070
     2
1001
ACAD
1010
0.0
1020
0.0
1030
0.0
  0
HATCH
  5
3D7
330
1F
100
AcDbEntity
  8
000 ALE HATCH MUROS
100
AcDbHatch
 10
0.0
 20
0.0
 30
0.0
210
0.0
220
0.0
230
1.0
  2
SOLID
 70
     1
 71
     1
 91
        1
 92
        1
 93
       16
 72
     1
 10
164.5216123144742
 20
195.379181418697
 11
164.5216123144742
 21
192.879181418697
 72
     1
 10
164.5216123144742
 20
192.879181418697
 11
164.6216123144741
 21
192.879181418697
 72
     1
 10
164.6216123144741
 20
192.879181418697
 11
164.6216123144741
 21
193.3191814186971
 72
     2
 10
164.6516123144742
 20
193.319181418697
 40
0.0300000000000882
 50
180.0000000002206
 51
270.0000000002136
 73
     0
 72
     1
 10
164.6516123144743
 20
193.3491814186971
 11
164.8216123144739
 21
193.3491814186971
 72
     1
 10
164.8216123144739
 20
193.3491814186971
 11
164.8216123144739
 21
193.4091814186968
 72
     1
 10
164.8216123144739
 20
193.4091814186968
 11
164.6516123144725
 21
193.4091814186968
 72
     2
 10
164.6516123144723
 20
193.4391814186969
 40
0.0300000000000864
 50
89.99999999978286
 51
179.9999999997829
 73
     0
 72
     1
 10
164.6216123144723
 20
193.4391814186968
 11
164.6216123144723
 21
194.8191814186969
 72
     2
 10
164.6516123144723
 20
194.8191814186968
 40
0.0300000000000864
 50
180.0000000002171
 51
270.0000000002171
 73
     0
 72
     1
 10
164.6516123144725
 20
194.8491814186968
 11
164.8216123144741
 21
194.8491814186968
 72
     1
 10
164.8216123144741
 20
194.8491814186968
 11
164.8216123144739
 21
194.909181418697
 72
     1
 10
164.8216123144739
 20
194.909181418697
 11
164.6516123144725
 21
194.9091814186968
 72
     2
 10
164.6516123144723
 20
194.9391814186969
 40
0.0300000000000875
 50
89.99999999978495
 51
179.9999999997808
 73
     0
 72
     1
 10
164.6216123144723
 20
194.9391814186968
 11
164.6216123144718
 21
195.379181418697
 72
     1
 10
164.6216123144718
 20
195.379181418697
 11
164.5216123144742
 21
195.379181418697
 97
        1
330
5BC
 75
     1
 76
     1
 98
        1
 10
616.9804402794184
 20
2151.547393772095
1001
GradientColor1ACI
1070
     5
1001
GradientColor2ACI
1070
     2
1001
ACAD
1010
0.0
1020
0.0
1030
0.0
  0
HATCH
  5
3D8
330
1F
100
AcDbEntity
  8
000 ALE HATCH MUROS
100
AcDbHatch
 10
0.0
 20
0.0
 30
0.0
210
0.0
220
0.0
230
1.0
  2
SOLID
 70
     1
 71
     1
 91
        1
 92
        1
 93
       16
 72
     1
 10
164.5216123144733
 20
192.8791814186969
 11
164.5216123144733
 21
190.3791814186969
 72
     1
 10
164.5216123144733
 20
190.3791814186969
 11
164.6216123144732
 21
190.3791814186969
 72
     1
 10
164.6216123144732
 20
190.3791814186969
 11
164.6216123144732
 21
190.819181418697
 72
     2
 10
164.6516123144733
 20
190.8191814186969
 40
0.0300000000000882
 50
180.0000000002206
 51
270.0000000002136
 73
     0
 72
     1
 10
164.6516123144734
 20
190.849181418697
 11
164.821612314473
 21
190.849181418697
 72
     1
 10
164.821612314473
 20
190.849181418697
 11
164.821612314473
 21
190.9091814186967
 72
     1
 10
164.821612314473
 20
190.9091814186967
 11
164.6516123144715
 21
190.9091814186967
 72
     2
 10
164.6516123144714
 20
190.9391814186968
 40
0.0300000000000864
 50
89.99999999978286
 51
179.9999999997829
 73
     0
 72
     1
 10
164.6216123144713
 20
190.9391814186966
 11
164.6216123144713
 21
192.3191814186968
 72
     2
 10
164.6516123144714
 20
192.3191814186966
 40
0.0300000000000864
 50
180.0000000002171
 51
270.0000000002171
 73
     0
 72
     1
 10
164.6516123144715
 20
192.3491814186967
 11
164.8216123144732
 21
192.3491814186967
 72
     1
 10
164.8216123144732
 20
192.3491814186967
 11
164.821612314473
 21
192.4091814186969
 72
     1
 10
164.821612314473
 20
192.4091814186969
 11
164.6516123144715
 21
192.4091814186967
 72
     2
 10
164.6516123144714
 20
192.4391814186968
 40
0.0300000000000875
 50
89.99999999978495
 51
179.9999999997808
 73
     0
 72
     1
 10
164.6216123144713
 20
192.4391814186966
 11
164.6216123144709
 21
192.8791814186969
 72
     1
 10
164.6216123144709
 20
192.8791814186969
 11
164.5216123144733
 21
192.8791814186969
 97
        1
330
5BD
 75
     1
 76
     1
 98
        1
 10
616.9804402794175
 20
2149.047393772095
1001
GradientColor1ACI
1070
     5
1001
GradientColor2ACI
1070
     2
1001
ACAD
1010
0.0
1020
0.0
1030
0.0
  0
HATCH
  5
3D9
330
1F
100
AcDbEntity
  8
000 ALE HATCH MUROS
100
AcDbHatch
 10
0.0
 20
0.0
 30
0.0
210
0.0
220
0.0
230
1.0
  2
SOLID
 70
     1
 71
     1
 91
        1
 92
        1
 93
       16
 72
     1
 10
164.5216123144728
 20
190.3791814186969
 11
164.5216123144728
 21
187.879181418697
 72
     1
 10
164.5216123144728
 20
187.879181418697
 11
164.6216123144727
 21
187.879181418697
 72
     1
 10
164.6216123144727
 20
187.879181418697
 11
164.6216123144727
 21
188.319181418697
 72
     2
 10
164.6516123144728
 20
188.3191814186969
 40
0.0300000000000882
 50
180.0000000002206
 51
270.0000000002136
 73
     0
 72
     1
 10
164.6516123144729
 20
188.349181418697
 11
164.8216123144725
 21
188.349181418697
 72
     1
 10
164.8216123144725
 20
188.349181418697
 11
164.8216123144725
 21
188.4091814186967
 72
     1
 10
164.8216123144725
 20
188.4091814186967
 11
164.6516123144711
 21
188.4091814186967
 72
     2
 10
164.651612314471
 20
188.4391814186968
 40
0.0300000000000864
 50
89.99999999978286
 51
179.9999999997829
 73
     0
 72
     1
 10
164.6216123144709
 20
188.4391814186967
 11
164.6216123144709
 21
189.8191814186968
 72
     2
 10
164.651612314471
 20
189.8191814186967
 40
0.0300000000000864
 50
180.0000000002171
 51
270.0000000002171
 73
     0
 72
     1
 10
164.6516123144711
 20
189.8491814186968
 11
164.8216123144728
 21
189.8491814186968
 72
     1
 10
164.8216123144728
 20
189.8491814186968
 11
164.8216123144725
 21
189.909181418697
 72
     1
 10
164.8216123144725
 20
189.909181418697
 11
164.6516123144711
 21
189.9091814186967
 72
     2
 10
164.651612314471
 20
189.9391814186968
 40
0.0300000000000875
 50
89.99999999978495
 51
179.9999999997808
 73
     0
 72
     1
 10
164.6216123144709
 20
189.9391814186967
 11
164.6216123144704
 21
190.3791814186969
 72
     1
 10
164.6216123144704
 20
190.3791814186969
 11
164.5216123144728
 21
190.3791814186969
 97
        1
330
5BE
 75
     1
 76
     1
 98
        1
 10
616.980440279417
 20
2146.547393772095
1001
GradientColor1ACI
1070
     5
1001
GradientColor2ACI
1070
     2
1001
ACAD
1010
0.0
1020
0.0
1030
0.0
  0
HATCH
  5
3DA
330
1F
100
AcDbEntity
  8
000 ALE HATCH MUROS
100
AcDbHatch
 10
0.0
 20
0.0
 30
0.0
210
0.0
220
0.0
230
1.0
  2
SOLID
 70
     1
 71
     1
 91
        1
 92
        1
 93
       16
 72
     1
 10
164.5216123144728
 20
187.879181418697
 11
164.5216123144728
 21
185.379181418697
 72
     1
 10
164.5216123144728
 20
185.379181418697
 11
164.6216123144727
 21
185.379181418697
 72
     1
 10
164.6216123144727
 20
185.379181418697
 11
164.6216123144727
 21
185.8191814186971
 72
     2
 10
164.6516123144728
 20
185.819181418697
 40
0.0300000000000882
 50
180.0000000002206
 51
270.0000000002136
 73
     0
 72
     1
 10
164.6516123144729
 20
185.8491814186971
 11
164.8216123144725
 21
185.8491814186971
 72
     1
 10
164.8216123144725
 20
185.8491814186971
 11
164.8216123144725
 21
185.9091814186968
 72
     1
 10
164.8216123144725
 20
185.9091814186968
 11
164.6516123144711
 21
185.9091814186968
 72
     2
 10
164.651612314471
 20
185.9391814186969
 40
0.0300000000000864
 50
89.99999999978286
 51
179.9999999997829
 73
     0
 72
     1
 10
164.6216123144709
 20
185.9391814186968
 11
164.6216123144709
 21
187.3191814186969
 72
     2
 10
164.651612314471
 20
187.3191814186968
 40
0.0300000000000864
 50
180.0000000002171
 51
270.0000000002171
 73
     0
 72
     1
 10
164.6516123144711
 20
187.3491814186968
 11
164.8216123144728
 21
187.3491814186968
 72
     1
 10
164.8216123144728
 20
187.3491814186968
 11
164.8216123144725
 21
187.409181418697
 72
     1
 10
164.8216123144725
 20
187.409181418697
 11
164.6516123144711
 21
187.4091814186968
 72
     2
 10
164.651612314471
 20
187.4391814186969
 40
0.0300000000000875
 50
89.99999999978495
 51
179.9999999997808
 73
     0
 72
     1
 10
164.6216123144709
 20
187.4391814186968
 11
164.6216123144704
 21
187.879181418697
 72
     1
 10
164.6216123144704
 20
187.879181418697
 11
164.5216123144728
 21
187.879181418697
 97
        1
330
5BF
 75
     1
 76
     1
 98
        1
 10
616.980440279417
 20
2144.047393772095
1001
GradientColor1ACI
1070
     5
1001
GradientColor2ACI
1070
     2
1001
ACAD
1010
0.0
1020
0.0
1030
0.0
  0
HATCH
  5
3DB
330
1F
100
AcDbEntity
  8
000 ALE HATCH MUROS
100
AcDbHatch
 10
0.0
 20
0.0
 30
0.0
210
0.0
220
0.0
230
1.0
  2
SOLID
 70
     1
 71
     1
 91
        1
 92
        1
 93
       16
 72
     1
 10
164.5216123144733
 20
185.379181418697
 11
164.5216123144733
 21
182.8791814186971
 72
     1
 10
164.5216123144733
 20
182.8791814186971
 11
164.6216123144732
 21
182.8791814186971
 72
     1
 10
164.6216123144732
 20
182.8791814186971
 11
164.6216123144732
 21
183.3191814186972
 72
     2
 10
164.6516123144733
 20
183.319181418697
 40
0.0300000000000882
 50
180.0000000002206
 51
270.0000000002136
 73
     0
 72
     1
 10
164.6516123144734
 20
183.3491814186971
 11
164.821612314473
 21
183.3491814186971
 72
     1
 10
164.821612314473
 20
183.3491814186971
 11
164.821612314473
 21
183.4091814186968
 72
     1
 10
164.821612314473
 20
183.4091814186968
 11
164.6516123144715
 21
183.4091814186968
 72
     2
 10
164.6516123144714
 20
183.4391814186969
 40
0.0300000000000864
 50
89.99999999978286
 51
179.9999999997829
 73
     0
 72
     1
 10
164.6216123144713
 20
183.4391814186968
 11
164.6216123144713
 21
184.8191814186969
 72
     2
 10
164.6516123144714
 20
184.8191814186968
 40
0.0300000000000864
 50
180.0000000002171
 51
270.0000000002171
 73
     0
 72
     1
 10
164.6516123144715
 20
184.8491814186969
 11
164.8216123144732
 21
184.8491814186969
 72
     1
 10
164.8216123144732
 20
184.8491814186969
 11
164.821612314473
 21
184.9091814186971
 72
     1
 10
164.821612314473
 20
184.9091814186971
 11
164.6516123144715
 21
184.9091814186968
 72
     2
 10
164.6516123144714
 20
184.9391814186969
 40
0.0300000000000875
 50
89.99999999978495
 51
179.9999999997808
 73
     0
 72
     1
 10
164.6216123144713
 20
184.9391814186968
 11
164.6216123144709
 21
185.379181418697
 72
     1
 10
164.6216123144709
 20
185.379181418697
 11
164.5216123144733
 21
185.379181418697
 97
        1
330
5C0
 75
     1
 76
     1
 98
        1
 10
616.9804402794175
 20
2141.547393772095
1001
GradientColor1ACI
1070
     5
1001
GradientColor2ACI
1070
     2
1001
ACAD
1010
0.0
1020
0.0
1030
0.0
  0
HATCH
  5
3DC
330
1F
100
AcDbEntity
  8
000 ALE HATCH MUROS
100
AcDbHatch
 10
0.0
 20
0.0
 30
0.0
210
0.0
220
0.0
230
1.0
  2
SOLID
 70
     1
 71
     1
 91
        1
 92
        1
 93
       16
 72
     1
 10
164.5216123144742
 20
182.8791814186971
 11
164.5216123144742
 21
180.3791814186972
 72
     1
 10
164.5216123144742
 20
180.3791814186972
 11
164.6216123144741
 21
180.3791814186972
 72
     1
 10
164.6216123144741
 20
180.3791814186972
 11
164.6216123144741
 21
180.8191814186972
 72
     2
 10
164.6516123144742
 20
180.8191814186971
 40
0.0300000000000882
 50
180.0000000002206
 51
270.0000000002136
 73
     0
 72
     1
 10
164.6516123144743
 20
180.8491814186972
 11
164.8216123144739
 21
180.8491814186972
 72
     1
 10
164.8216123144739
 20
180.8491814186972
 11
164.8216123144739
 21
180.9091814186969
 72
     1
 10
164.8216123144739
 20
180.9091814186969
 11
164.6516123144725
 21
180.9091814186969
 72
     2
 10
164.6516123144723
 20
180.939181418697
 40
0.0300000000000864
 50
89.99999999978286
 51
179.9999999997829
 73
     0
 72
     1
 10
164.6216123144723
 20
180.9391814186969
 11
164.6216123144723
 21
182.319181418697
 72
     2
 10
164.6516123144723
 20
182.3191814186969
 40
0.0300000000000864
 50
180.0000000002171
 51
270.0000000002171
 73
     0
 72
     1
 10
164.6516123144725
 20
182.349181418697
 11
164.8216123144741
 21
182.349181418697
 72
     1
 10
164.8216123144741
 20
182.349181418697
 11
164.8216123144739
 21
182.4091814186971
 72
     1
 10
164.8216123144739
 20
182.4091814186971
 11
164.6516123144725
 21
182.4091814186969
 72
     2
 10
164.6516123144723
 20
182.439181418697
 40
0.0300000000000875
 50
89.99999999978495
 51
179.9999999997808
 73
     0
 72
     1
 10
164.6216123144723
 20
182.4391814186969
 11
164.6216123144718
 21
182.8791814186971
 72
     1
 10
164.6216123144718
 20
182.8791814186971
 11
164.5216123144742
 21
182.8791814186971
 97
        1
330
5C1
 75
     1
 76
     1
 98
        1
 10
616.9804402794184
 20
2139.047393772095
1001
GradientColor1ACI
1070
     5
1001
GradientColor2ACI
1070
     2
1001
ACAD
1010
0.0
1020
0.0
1030
0.0
  0
HATCH
  5
3DD
330
1F
100
AcDbEntity
  8
000 ALE HATCH MUROS
100
AcDbHatch
 10
0.0
 20
0.0
 30
0.0
210
0.0
220
0.0
230
1.0
  2
SOLID
 70
     1
 71
     1
 91
        1
 92
        1
 93
       16
 72
     1
 10
164.5216123144737
 20
180.3791814186972
 11
164.5216123144737
 21
177.8791814186972
 72
     1
 10
164.5216123144737
 20
177.8791814186972
 11
164.6216123144736
 21
177.8791814186972
 72
     1
 10
164.6216123144736
 20
177.8791814186972
 11
164.6216123144736
 21
178.3191814186973
 72
     2
 10
164.6516123144737
 20
178.3191814186972
 40
0.0300000000000882
 50
180.0000000002206
 51
270.0000000002136
 73
     0
 72
     1
 10
164.6516123144738
 20
178.3491814186972
 11
164.8216123144734
 21
178.3491814186972
 72
     1
 10
164.8216123144734
 20
178.3491814186972
 11
164.8216123144734
 21
178.409181418697
 72
     1
 10
164.8216123144734
 20
178.409181418697
 11
164.651612314472
 21
178.409181418697
 72
     2
 10
164.6516123144719
 20
178.439181418697
 40
0.0300000000000864
 50
89.99999999978286
 51
179.9999999997829
 73
     0
 72
     1
 10
164.6216123144718
 20
178.4391814186969
 11
164.6216123144718
 21
179.819181418697
 72
     2
 10
164.6516123144719
 20
179.8191814186969
 40
0.0300000000000864
 50
180.0000000002171
 51
270.0000000002171
 73
     0
 72
     1
 10
164.651612314472
 20
179.849181418697
 11
164.8216123144737
 21
179.849181418697
 72
     1
 10
164.8216123144737
 20
179.849181418697
 11
164.8216123144734
 21
179.9091814186972
 72
     1
 10
164.8216123144734
 20
179.9091814186972
 11
164.651612314472
 21
179.909181418697
 72
     2
 10
164.6516123144719
 20
179.939181418697
 40
0.0300000000000875
 50
89.99999999978495
 51
179.9999999997808
 73
     0
 72
     1
 10
164.6216123144718
 20
179.9391814186969
 11
164.6216123144713
 21
180.3791814186972
 72
     1
 10
164.6216123144713
 20
180.3791814186972
 11
164.5216123144737
 21
180.3791814186972
 97
        1
330
5C2
 75
     1
 76
     1
 98
        1
 10
616.980440279418
 20
2136.547393772095
1001
GradientColor1ACI
1070
     5
1001
GradientColor2ACI
1070
     2
1001
ACAD
1010
0.0
1020
0.0
1030
0.0
  0
HATCH
  5
3DE
330
1F
100
AcDbEntity
  8
000 ALE HATCH MUROS
100
AcDbHatch
 10
0.0
 20
0.0
 30
0.0
210
0.0
220
0.0
230
1.0
  2
SOLID
 70
     1
 71
     1
 91
        1
 92
        1
 93
       16
 72
     1
 10
164.5216123144737
 20
177.8791814186972
 11
164.5216123144737
 21
175.3791814186973
 72
     1
 10
164.5216123144737
 20
175.3791814186973
 11
164.6216123144736
 21
175.3791814186973
 72
     1
 10
164.6216123144736
 20
175.3791814186973
 11
164.6216123144736
 21
175.8191814186973
 72
     2
 10
164.6516123144737
 20
175.8191814186972
 40
0.0300000000000882
 50
180.0000000002206
 51
270.0000000002136
 73
     0
 72
     1
 10
164.6516123144738
 20
175.8491814186973
 11
164.8216123144734
 21
175.8491814186973
 72
     1
 10
164.8216123144734
 20
175.8491814186973
 11
164.8216123144734
 21
175.909181418697
 72
     1
 10
164.8216123144734
 20
175.909181418697
 11
164.651612314472
 21
175.909181418697
 72
     2
 10
164.6516123144719
 20
175.9391814186971
 40
0.0300000000000864
 50
89.99999999978286
 51
179.9999999997829
 73
     0
 72
     1
 10
164.6216123144718
 20
175.939181418697
 11
164.6216123144718
 21
177.3191814186971
 72
     2
 10
164.6516123144719
 20
177.319181418697
 40
0.0300000000000864
 50
180.0000000002171
 51
270.0000000002171
 73
     0
 72
     1
 10
164.651612314472
 20
177.3491814186971
 11
164.8216123144737
 21
177.3491814186971
 72
     1
 10
164.8216123144737
 20
177.3491814186971
 11
164.8216123144734
 21
177.4091814186972
 72
     1
 10
164.8216123144734
 20
177.4091814186972
 11
164.651612314472
 21
177.409181418697
 72
     2
 10
164.6516123144719
 20
177.4391814186971
 40
0.0300000000000875
 50
89.99999999978495
 51
179.9999999997808
 73
     0
 72
     1
 10
164.6216123144718
 20
177.439181418697
 11
164.6216123144713
 21
177.8791814186972
 72
     1
 10
164.6216123144713
 20
177.8791814186972
 11
164.5216123144737
 21
177.8791814186972
 97
        1
330
5C3
 75
     1
 76
     1
 98
        1
 10
616.980440279418
 20
2134.047393772095
1001
GradientColor1ACI
1070
     5
1001
GradientColor2ACI
1070
     2
1001
ACAD
1010
0.0
1020
0.0
1030
0.0
  0
HATCH
  5
3DF
330
1F
100
AcDbEntity
  8
000 ALE HATCH MUROS
100
AcDbHatch
 10
0.0
 20
0.0
 30
0.0
210
0.0
220
0.0
230
1.0
  2
SOLID
 70
     1
 71
     1
 91
        1
 92
        1
 93
       16
 72
     1
 10
164.5216123144742
 20
175.3791814186973
 11
164.5216123144742
 21
172.8791814186973
 72
     1
 10
164.5216123144742
 20
172.8791814186973
 11
164.6216123144741
 21
172.8791814186973
 72
     1
 10
164.6216123144741
 20
172.8791814186973
 11
164.6216123144741
 21
173.3191814186974
 72
     2
 10
164.6516123144742
 20
173.3191814186973
 40
0.0300000000000882
 50
180.0000000002206
 51
270.0000000002136
 73
     0
 72
     1
 10
164.6516123144743
 20
173.3491814186974
 11
164.8216123144739
 21
173.3491814186974
 72
     1
 10
164.8216123144739
 20
173.3491814186974
 11
164.8216123144739
 21
173.4091814186971
 72
     1
 10
164.8216123144739
 20
173.4091814186971
 11
164.6516123144725
 21
173.4091814186971
 72
     2
 10
164.6516123144723
 20
173.4391814186972
 40
0.0300000000000864
 50
89.99999999978286
 51
179.9999999997829
 73
     0
 72
     1
 10
164.6216123144723
 20
173.439181418697
 11
164.6216123144723
 21
174.8191814186972
 72
     2
 10
164.6516123144723
 20
174.819181418697
 40
0.0300000000000864
 50
180.0000000002171
 51
270.0000000002171
 73
     0
 72
     1
 10
164.6516123144725
 20
174.8491814186971
 11
164.8216123144741
 21
174.8491814186971
 72
     1
 10
164.8216123144741
 20
174.8491814186971
 11
164.8216123144739
 21
174.9091814186973
 72
     1
 10
164.8216123144739
 20
174.9091814186973
 11
164.6516123144725
 21
174.9091814186971
 72
     2
 10
164.6516123144723
 20
174.9391814186972
 40
0.0300000000000875
 50
89.99999999978495
 51
179.9999999997808
 73
     0
 72
     1
 10
164.6216123144723
 20
174.939181418697
 11
164.6216123144718
 21
175.3791814186973
 72
     1
 10
164.6216123144718
 20
175.3791814186973
 11
164.5216123144742
 21
175.3791814186973
 97
        1
330
5C4
 75
     1
 76
     1
 98
        1
 10
616.9804402794184
 20
2131.547393772096
1001
GradientColor1ACI
1070
     5
1001
GradientColor2ACI
1070
     2
1001
ACAD
1010
0.0
1020
0.0
1030
0.0
  0
HATCH
  5
3E0
330
1F
100
AcDbEntity
  8
000 ALE HATCH MUROS
100
AcDbHatch
 10
0.0
 20
0.0
 30
0.0
210
0.0
220
0.0
230
1.0
  2
SOLID
 70
     1
 71
     1
 91
        1
 92
        1
 93
       16
 72
     1
 10
164.5216123144737
 20
172.879181418697
 11
164.5216123144737
 21
170.379181418697
 72
     1
 10
164.5216123144737
 20
170.379181418697
 11
164.6216123144736
 21
170.379181418697
 72
     1
 10
164.6216123144736
 20
170.379181418697
 11
164.6216123144736
 21
170.8191814186971
 72
     2
 10
164.6516123144737
 20
170.819181418697
 40
0.0300000000000882
 50
180.0000000002206
 51
270.0000000002136
 73
     0
 72
     1
 10
164.6516123144738
 20
170.8491814186971
 11
164.8216123144734
 21
170.8491814186971
 72
     1
 10
164.8216123144734
 20
170.8491814186971
 11
164.8216123144734
 21
170.9091814186968
 72
     1
 10
164.8216123144734
 20
170.9091814186968
 11
164.651612314472
 21
170.9091814186968
 72
     2
 10
164.6516123144719
 20
170.9391814186969
 40
0.0300000000000864
 50
89.99999999978286
 51
179.9999999997829
 73
     0
 72
     1
 10
164.6216123144718
 20
170.9391814186968
 11
164.6216123144718
 21
172.3191814186969
 72
     2
 10
164.6516123144719
 20
172.3191814186968
 40
0.0300000000000864
 50
180.0000000002171
 51
270.0000000002171
 73
     0
 72
     1
 10
164.651612314472
 20
172.3491814186968
 11
164.8216123144737
 21
172.3491814186968
 72
     1
 10
164.8216123144737
 20
172.3491814186968
 11
164.8216123144734
 21
172.409181418697
 72
     1
 10
164.8216123144734
 20
172.409181418697
 11
164.651612314472
 21
172.4091814186968
 72
     2
 10
164.6516123144719
 20
172.4391814186969
 40
0.0300000000000875
 50
89.99999999978495
 51
179.9999999997808
 73
     0
 72
     1
 10
164.6216123144718
 20
172.4391814186968
 11
164.6216123144713
 21
172.879181418697
 72
     1
 10
164.6216123144713
 20
172.879181418697
 11
164.5216123144737
 21
172.879181418697
 97
        1
330
5C5
 75
     1
 76
     1
 98
        1
 10
616.980440279418
 20
2129.047393772095
1001
GradientColor1ACI
1070
     5
1001
GradientColor2ACI
1070
     2
1001
ACAD
1010
0.0
1020
0.0
1030
0.0
  0
HATCH
  5
3E1
330
1F
100
AcDbEntity
  8
000 ALE HATCH MUROS
100
AcDbHatch
 10
0.0
 20
0.0
 30
0.0
210
0.0
220
0.0
230
1.0
  2
SOLID
 70
     1
 71
     1
 91
        1
 92
        1
 93
       16
 72
     1
 10
164.5216123144733
 20
170.379181418697
 11
164.5216123144733
 21
167.8791814186971
 72
     1
 10
164.5216123144733
 20
167.8791814186971
 11
164.6216123144732
 21
167.8791814186971
 72
     1
 10
164.6216123144732
 20
167.8791814186971
 11
164.6216123144732
 21
168.3191814186972
 72
     2
 10
164.6516123144733
 20
168.319181418697
 40
0.0300000000000882
 50
180.0000000002206
 51
270.0000000002136
 73
     0
 72
     1
 10
164.6516123144734
 20
168.3491814186971
 11
164.821612314473
 21
168.3491814186971
 72
     1
 10
164.821612314473
 20
168.3491814186971
 11
164.821612314473
 21
168.4091814186968
 72
     1
 10
164.821612314473
 20
168.4091814186968
 11
164.6516123144715
 21
168.4091814186968
 72
     2
 10
164.6516123144714
 20
168.4391814186969
 40
0.0300000000000864
 50
89.99999999978286
 51
179.9999999997829
 73
     0
 72
     1
 10
164.6216123144713
 20
168.4391814186968
 11
164.6216123144713
 21
169.8191814186969
 72
     2
 10
164.6516123144714
 20
169.8191814186968
 40
0.0300000000000864
 50
180.0000000002171
 51
270.0000000002171
 73
     0
 72
     1
 10
164.6516123144715
 20
169.8491814186969
 11
164.8216123144732
 21
169.8491814186969
 72
     1
 10
164.8216123144732
 20
169.8491814186969
 11
164.821612314473
 21
169.9091814186971
 72
     1
 10
164.821612314473
 20
169.9091814186971
 11
164.6516123144715
 21
169.9091814186968
 72
     2
 10
164.6516123144714
 20
169.9391814186969
 40
0.0300000000000875
 50
89.99999999978495
 51
179.9999999997808
 73
     0
 72
     1
 10
164.6216123144713
 20
169.9391814186968
 11
164.6216123144709
 21
170.379181418697
 72
     1
 10
164.6216123144709
 20
170.379181418697
 11
164.5216123144733
 21
170.379181418697
 97
        1
330
5C6
 75
     1
 76
     1
 98
        1
 10
616.9804402794175
 20
2126.547393772095
1001
GradientColor1ACI
1070
     5
1001
GradientColor2ACI
1070
     2
1001
ACAD
1010
0.0
1020
0.0
1030
0.0
  0
HATCH
  5
3E2
330
1F
100
AcDbEntity
  8
000 ALE HATCH MUROS
100
AcDbHatch
 10
0.0
 20
0.0
 30
0.0
210
0.0
220
0.0
230
1.0
  2
SOLID
 70
     1
 71
     1
 91
        1
 92
        1
 93
       16
 72
     1
 10
164.5216123144733
 20
167.8791814186971
 11
164.5216123144733
 21
165.3791814186972
 72
     1
 10
164.5216123144733
 20
165.3791814186972
 11
164.6216123144732
 21
165.3791814186972
 72
     1
 10
164.6216123144732
 20
165.3791814186972
 11
164.6216123144732
 21
165.8191814186972
 72
     2
 10
164.6516123144733
 20
165.8191814186971
 40
0.0300000000000882
 50
180.0000000002206
 51
270.0000000002136
 73
     0
 72
     1
 10
164.6516123144734
 20
165.8491814186972
 11
164.821612314473
 21
165.8491814186972
 72
     1
 10
164.821612314473
 20
165.8491814186972
 11
164.821612314473
 21
165.9091814186969
 72
     1
 10
164.821612314473
 20
165.9091814186969
 11
164.6516123144715
 21
165.9091814186969
 72
     2
 10
164.6516123144714
 20
165.939181418697
 40
0.0300000000000864
 50
89.99999999978286
 51
179.9999999997829
 73
     0
 72
     1
 10
164.6216123144713
 20
165.9391814186969
 11
164.6216123144713
 21
167.319181418697
 72
     2
 10
164.6516123144714
 20
167.3191814186969
 40
0.0300000000000864
 50
180.0000000002171
 51
270.0000000002171
 73
     0
 72
     1
 10
164.6516123144715
 20
167.349181418697
 11
164.8216123144732
 21
167.349181418697
 72
     1
 10
164.8216123144732
 20
167.349181418697
 11
164.821612314473
 21
167.4091814186971
 72
     1
 10
164.821612314473
 20
167.4091814186971
 11
164.6516123144715
 21
167.4091814186969
 72
     2
 10
164.6516123144714
 20
167.439181418697
 40
0.0300000000000875
 50
89.99999999978495
 51
179.9999999997808
 73
     0
 72
     1
 10
164.6216123144713
 20
167.4391814186969
 11
164.6216123144709
 21
167.8791814186971
 72
     1
 10
164.6216123144709
 20
167.8791814186971
 11
164.5216123144733
 21
167.8791814186971
 97
        1
330
5C7
 75
     1
 76
     1
 98
        1
 10
616.9804402794175
 20
2124.047393772095
1001
GradientColor1ACI
1070
     5
1001
GradientColor2ACI
1070
     2
1001
ACAD
1010
0.0
1020
0.0
1030
0.0
  0
HATCH
  5
3E3
330
1F
100
AcDbEntity
  8
000 ALE HATCH MUROS
100
AcDbHatch
 10
0.0
 20
0.0
 30
0.0
210
0.0
220
0.0
230
1.0
  2
SOLID
 70
     1
 71
     1
 91
        1
 92
        1
 93
       16
 72
     1
 10
164.5216123144737
 20
165.3791814186972
 11
164.5216123144737
 21
162.8791814186972
 72
     1
 10
164.5216123144737
 20
162.8791814186972
 11
164.6216123144736
 21
162.8791814186972
 72
     1
 10
164.6216123144736
 20
162.8791814186972
 11
164.6216123144736
 21
163.3191814186973
 72
     2
 10
164.6516123144737
 20
163.3191814186972
 40
0.0300000000000882
 50
180.0000000002206
 51
270.0000000002136
 73
     0
 72
     1
 10
164.6516123144738
 20
163.3491814186972
 11
164.8216123144734
 21
163.3491814186972
 72
     1
 10
164.8216123144734
 20
163.3491814186972
 11
164.8216123144734
 21
163.409181418697
 72
     1
 10
164.8216123144734
 20
163.409181418697
 11
164.651612314472
 21
163.409181418697
 72
     2
 10
164.6516123144719
 20
163.439181418697
 40
0.0300000000000864
 50
89.99999999978286
 51
179.9999999997829
 73
     0
 72
     1
 10
164.6216123144718
 20
163.4391814186969
 11
164.6216123144718
 21
164.819181418697
 72
     2
 10
164.6516123144719
 20
164.8191814186969
 40
0.0300000000000864
 50
180.0000000002171
 51
270.0000000002171
 73
     0
 72
     1
 10
164.651612314472
 20
164.849181418697
 11
164.8216123144737
 21
164.849181418697
 72
     1
 10
164.8216123144737
 20
164.849181418697
 11
164.8216123144734
 21
164.9091814186972
 72
     1
 10
164.8216123144734
 20
164.9091814186972
 11
164.651612314472
 21
164.909181418697
 72
     2
 10
164.6516123144719
 20
164.939181418697
 40
0.0300000000000875
 50
89.99999999978495
 51
179.9999999997808
 73
     0
 72
     1
 10
164.6216123144718
 20
164.9391814186969
 11
164.6216123144713
 21
165.3791814186972
 72
     1
 10
164.6216123144713
 20
165.3791814186972
 11
164.5216123144737
 21
165.3791814186972
 97
        1
330
5C8
 75
     1
 76
     1
 98
        1
 10
616.980440279418
 20
2121.547393772095
1001
GradientColor1ACI
1070
     5
1001
GradientColor2ACI
1070
     2
1001
ACAD
1010
0.0
1020
0.0
1030
0.0
  0
HATCH
  5
3E4
330
1F
100
AcDbEntity
  8
000 ALE HATCH MUROS
100
AcDbHatch
 10
0.0
 20
0.0
 30
0.0
210
0.0
220
0.0
230
1.0
  2
SOLID
 70
     1
 71
     1
 91
        1
 92
        1
 93
       16
 72
     1
 10
164.5216123144737
 20
162.879181418697
 11
164.5216123144737
 21
160.3791814186971
 72
     1
 10
164.5216123144737
 20
160.3791814186971
 11
164.6216123144736
 21
160.3791814186971
 72
     1
 10
164.6216123144736
 20
160.3791814186971
 11
164.6216123144736
 21
160.8191814186972
 72
     2
 10
164.6516123144737
 20
160.819181418697
 40
0.0300000000000882
 50
180.0000000002206
 51
270.0000000002136
 73
     0
 72
     1
 10
164.6516123144738
 20
160.8491814186971
 11
164.8216123144734
 21
160.8491814186971
 72
     1
 10
164.8216123144734
 20
160.8491814186971
 11
164.8216123144734
 21
160.9091814186968
 72
     1
 10
164.8216123144734
 20
160.9091814186968
 11
164.651612314472
 21
160.9091814186968
 72
     2
 10
164.6516123144719
 20
160.9391814186969
 40
0.0300000000000864
 50
89.99999999978286
 51
179.9999999997829
 73
     0
 72
     1
 10
164.6216123144718
 20
160.9391814186968
 11
164.6216123144718
 21
162.3191814186969
 72
     2
 10
164.6516123144719
 20
162.3191814186968
 40
0.0300000000000864
 50
180.0000000002171
 51
270.0000000002171
 73
     0
 72
     1
 10
164.651612314472
 20
162.3491814186969
 11
164.8216123144737
 21
162.3491814186969
 72
     1
 10
164.8216123144737
 20
162.3491814186969
 11
164.8216123144734
 21
162.4091814186971
 72
     1
 10
164.8216123144734
 20
162.4091814186971
 11
164.651612314472
 21
162.4091814186968
 72
     2
 10
164.6516123144719
 20
162.4391814186969
 40
0.0300000000000875
 50
89.99999999978495
 51
179.9999999997808
 73
     0
 72
     1
 10
164.6216123144718
 20
162.4391814186968
 11
164.6216123144713
 21
162.879181418697
 72
     1
 10
164.6216123144713
 20
162.879181418697
 11
164.5216123144737
 21
162.879181418697
 97
        1
330
5C9
 75
     1
 76
     1
 98
        1
 10
616.980440279418
 20
2119.047393772095
1001
GradientColor1ACI
1070
     5
1001
GradientColor2ACI
1070
     2
1001
ACAD
1010
0.0
1020
0.0
1030
0.0
  0
HATCH
  5
3E5
330
1F
100
AcDbEntity
  8
000 ALE HATCH MUROS
100
AcDbHatch
 10
0.0
 20
0.0
 30
0.0
210
0.0
220
0.0
230
1.0
  2
SOLID
 70
     1
 71
     1
 91
        1
 92
        1
 93
       16
 72
     1
 10
164.5216123144733
 20
160.3791814186971
 11
164.5216123144733
 21
157.8791814186972
 72
     1
 10
164.5216123144733
 20
157.8791814186972
 11
164.6216123144732
 21
157.8791814186972
 72
     1
 10
164.6216123144732
 20
157.8791814186972
 11
164.6216123144732
 21
158.3191814186972
 72
     2
 10
164.6516123144733
 20
158.3191814186971
 40
0.0300000000000882
 50
180.0000000002206
 51
270.0000000002136
 73
     0
 72
     1
 10
164.6516123144734
 20
158.3491814186972
 11
164.821612314473
 21
158.3491814186972
 72
     1
 10
164.821612314473
 20
158.3491814186972
 11
164.821612314473
 21
158.4091814186969
 72
     1
 10
164.821612314473
 20
158.4091814186969
 11
164.6516123144715
 21
158.4091814186969
 72
     2
 10
164.6516123144714
 20
158.439181418697
 40
0.0300000000000864
 50
89.99999999978286
 51
179.9999999997829
 73
     0
 72
     1
 10
164.6216123144713
 20
158.4391814186969
 11
164.6216123144713
 21
159.819181418697
 72
     2
 10
164.6516123144714
 20
159.8191814186969
 40
0.0300000000000864
 50
180.0000000002171
 51
270.0000000002171
 73
     0
 72
     1
 10
164.6516123144715
 20
159.849181418697
 11
164.8216123144732
 21
159.849181418697
 72
     1
 10
164.8216123144732
 20
159.849181418697
 11
164.821612314473
 21
159.9091814186971
 72
     1
 10
164.821612314473
 20
159.9091814186971
 11
164.6516123144715
 21
159.9091814186969
 72
     2
 10
164.6516123144714
 20
159.939181418697
 40
0.0300000000000875
 50
89.99999999978495
 51
179.9999999997808
 73
     0
 72
     1
 10
164.6216123144713
 20
159.9391814186969
 11
164.6216123144709
 21
160.3791814186971
 72
     1
 10
164.6216123144709
 20
160.3791814186971
 11
164.5216123144733
 21
160.3791814186971
 97
        1
330
5CA
 75
     1
 76
     1
 98
        1
 10
616.9804402794175
 20
2116.547393772095
1001
GradientColor1ACI
1070
     5
1001
GradientColor2ACI
1070
     2
1001
ACAD
1010
0.0
1020
0.0
1030
0.0
  0
HATCH
  5
3E6
330
1F
100
AcDbEntity
  8
000 ALE HATCH MUROS
100
AcDbHatch
 10
0.0
 20
0.0
 30
0.0
210
0.0
220
0.0
230
1.0
  2
SOLID
 70
     1
 71
     1
 91
        1
 92
        1
 93
       16
 72
     1
 10
164.5216123144733
 20
157.8791814186972
 11
164.5216123144733
 21
155.3791814186972
 72
     1
 10
164.5216123144733
 20
155.3791814186972
 11
164.6216123144732
 21
155.3791814186972
 72
     1
 10
164.6216123144732
 20
155.3791814186972
 11
164.6216123144732
 21
155.8191814186973
 72
     2
 10
164.6516123144733
 20
155.8191814186972
 40
0.0300000000000882
 50
180.0000000002206
 51
270.0000000002136
 73
     0
 72
     1
 10
164.6516123144734
 20
155.8491814186972
 11
164.821612314473
 21
155.8491814186972
 72
     1
 10
164.821612314473
 20
155.8491814186972
 11
164.821612314473
 21
155.909181418697
 72
     1
 10
164.821612314473
 20
155.909181418697
 11
164.6516123144715
 21
155.909181418697
 72
     2
 10
164.6516123144714
 20
155.939181418697
 40
0.0300000000000864
 50
89.99999999978286
 51
179.9999999997829
 73
     0
 72
     1
 10
164.6216123144713
 20
155.9391814186969
 11
164.6216123144713
 21
157.319181418697
 72
     2
 10
164.6516123144714
 20
157.3191814186969
 40
0.0300000000000864
 50
180.0000000002171
 51
270.0000000002171
 73
     0
 72
     1
 10
164.6516123144715
 20
157.349181418697
 11
164.8216123144732
 21
157.349181418697
 72
     1
 10
164.8216123144732
 20
157.349181418697
 11
164.821612314473
 21
157.4091814186972
 72
     1
 10
164.821612314473
 20
157.4091814186972
 11
164.6516123144715
 21
157.409181418697
 72
     2
 10
164.6516123144714
 20
157.439181418697
 40
0.0300000000000875
 50
89.99999999978495
 51
179.9999999997808
 73
     0
 72
     1
 10
164.6216123144713
 20
157.4391814186969
 11
164.6216123144709
 21
157.8791814186972
 72
     1
 10
164.6216123144709
 20
157.8791814186972
 11
164.5216123144733
 21
157.8791814186972
 97
        1
330
5CC
 75
     1
 76
     1
 98
        1
 10
616.9804402794175
 20
2114.047393772095
1001
GradientColor1ACI
1070
     5
1001
GradientColor2ACI
1070
     2
1001
ACAD
1010
0.0
1020
0.0
1030
0.0
  0
HATCH
  5
3E7
330
1F
100
AcDbEntity
  8
000 ALE HATCH MUROS
100
AcDbHatch
 10
0.0
 20
0.0
 30
0.0
210
0.0
220
0.0
230
1.0
  2
SOLID
 70
     1
 71
     1
 91
        1
 92
        1
 93
       16
 72
     1
 10
164.5216123144737
 20
155.3791814186972
 11
164.5216123144737
 21
152.8791814186973
 72
     1
 10
164.5216123144737
 20
152.8791814186973
 11
164.6216123144736
 21
152.8791814186973
 72
     1
 10
164.6216123144736
 20
152.8791814186973
 11
164.6216123144736
 21
153.3191814186973
 72
     2
 10
164.6516123144737
 20
153.3191814186972
 40
0.0300000000000882
 50
180.0000000002206
 51
270.0000000002136
 73
     0
 72
     1
 10
164.6516123144738
 20
153.3491814186973
 11
164.8216123144734
 21
153.3491814186973
 72
     1
 10
164.8216123144734
 20
153.3491814186973
 11
164.8216123144734
 21
153.409181418697
 72
     1
 10
164.8216123144734
 20
153.409181418697
 11
164.651612314472
 21
153.409181418697
 72
     2
 10
164.6516123144719
 20
153.4391814186971
 40
0.0300000000000864
 50
89.99999999978286
 51
179.9999999997829
 73
     0
 72
     1
 10
164.6216123144718
 20
153.439181418697
 11
164.6216123144718
 21
154.8191814186971
 72
     2
 10
164.6516123144719
 20
154.819181418697
 40
0.0300000000000864
 50
180.0000000002171
 51
270.0000000002171
 73
     0
 72
     1
 10
164.651612314472
 20
154.8491814186971
 11
164.8216123144737
 21
154.8491814186971
 72
     1
 10
164.8216123144737
 20
154.8491814186971
 11
164.8216123144734
 21
154.9091814186972
 72
     1
 10
164.8216123144734
 20
154.9091814186972
 11
164.651612314472
 21
154.909181418697
 72
     2
 10
164.6516123144719
 20
154.9391814186971
 40
0.0300000000000875
 50
89.99999999978495
 51
179.9999999997808
 73
     0
 72
     1
 10
164.6216123144718
 20
154.939181418697
 11
164.6216123144713
 21
155.3791814186972
 72
     1
 10
164.6216123144713
 20
155.3791814186972
 11
164.5216123144737
 21
155.3791814186972
 97
        1
330
5CD
 75
     1
 76
     1
 98
        1
 10
616.980440279418
 20
2111.547393772095
1001
GradientColor1ACI
1070
     5
1001
GradientColor2ACI
1070
     2
1001
ACAD
1010
0.0
1020
0.0
1030
0.0
  0
HATCH
  5
3E8
330
1F
100
AcDbEntity
  8
000 ALE HATCH MUROS
100
AcDbHatch
 10
0.0
 20
0.0
 30
0.0
210
0.0
220
0.0
230
1.0
  2
SOLID
 70
     1
 71
     1
 91
        1
 92
        1
 93
       16
 72
     1
 10
144.5216129185051
 20
213.0791815646276
 11
147.0216129185051
 21
213.0791815646276
 72
     1
 10
147.0216129185051
 20
213.0791815646276
 11
147.0216129185051
 21
213.1791815646275
 72
     1
 10
147.0216129185051
 20
213.1791815646275
 11
146.581612918505
 21
213.1791815646275
 72
     2
 10
146.5816129185051
 20
213.2091815646276
 40
0.0300000000000882
 50
90.00000000022061
 51
180.0000000002137
 73
     0
 72
     1
 10
146.551612918505
 20
213.2091815646277
 11
146.551612918505
 21
213.3791815646273
 72
     1
 10
146.551612918505
 20
213.3791815646273
 11
146.4916129185053
 21
213.3791815646273
 72
     1
 10
146.4916129185053
 20
213.3791815646273
 11
146.4916129185053
 21
213.2091815646259
 72
     2
 10
146.4616129185052
 20
213.2091815646258
 40
0.0300000000000864
 50
359.9999999997829
 51
449.9999999997829
 73
     0
 72
     1
 10
146.4616129185054
 20
213.1791815646257
 11
145.0816129185052
 21
213.1791815646257
 72
     2
 10
145.0816129185054
 20
213.2091815646258
 40
0.0300000000000864
 50
90.00000000021714
 51
180.0000000002171
 73
     0
 72
     1
 10
145.0516129185053
 20
213.2091815646259
 11
145.0516129185053
 21
213.3791815646276
 72
     1
 10
145.0516129185053
 20
213.3791815646276
 11
144.9916129185051
 21
213.3791815646273
 72
     1
 10
144.9916129185051
 20
213.3791815646273
 11
144.9916129185053
 21
213.2091815646259
 72
     2
 10
144.9616129185052
 20
213.2091815646258
 40
0.0300000000000875
 50
359.9999999997849
 51
449.9999999997808
 73
     0
 72
     1
 10
144.9616129185054
 20
213.1791815646257
 11
144.5216129185051
 21
213.1791815646253
 72
     1
 10
144.5216129185051
 20
213.1791815646253
 11
144.5216129185051
 21
213.0791815646276
 97
        1
330
5CE
 75
     1
 76
     1
 98
        1
 10
-1811.646599434893
 20
665.5380095295716
1001
GradientColor1ACI
1070
     5
1001
GradientColor2ACI
1070
     2
1001
ACAD
1010
0.0
1020
0.0
1030
0.0
  0
HATCH
  5
3E9
330
1F
100
AcDbEntity
  8
000 ALE HATCH MUROS
100
AcDbHatch
 10
0.0
 20
0.0
 30
0.0
210
0.0
220
0.0
230
1.0
  2
SOLID
 70
     1
 71
     1
 91
        1
 92
        1
 93
       16
 72
     1
 10
142.0216135225369
 20
213.0791814186968
 11
144.5216135225369
 21
213.0791814186968
 72
     1
 10
144.5216135225369
 20
213.0791814186968
 11
144.5216135225369
 21
213.1791814186967
 72
     1
 10
144.5216135225369
 20
213.1791814186967
 11
144.0816135225368
 21
213.1791814186967
 72
     2
 10
144.0816135225369
 20
213.2091814186968
 40
0.0300000000000882
 50
90.00000000022061
 51
180.0000000002137
 73
     0
 72
     1
 10
144.0516135225369
 20
213.2091814186969
 11
144.0516135225369
 21
213.3791814186965
 72
     1
 10
144.0516135225369
 20
213.3791814186965
 11
143.9916135225371
 21
213.3791814186965
 72
     1
 10
143.9916135225371
 20
213.3791814186965
 11
143.9916135225371
 21
213.2091814186951
 72
     2
 10
143.961613522537
 20
213.209181418695
 40
0.0300000000000864
 50
359.9999999997829
 51
449.9999999997829
 73
     0
 72
     1
 10
143.9616135225372
 20
213.1791814186949
 11
142.5816135225371
 21
213.1791814186949
 72
     2
 10
142.5816135225372
 20
213.209181418695
 40
0.0300000000000864
 50
90.00000000021714
 51
180.0000000002171
 73
     0
 72
     1
 10
142.5516135225371
 20
213.2091814186951
 11
142.5516135225371
 21
213.3791814186968
 72
     1
 10
142.5516135225371
 20
213.3791814186968
 11
142.4916135225369
 21
213.3791814186965
 72
     1
 10
142.4916135225369
 20
213.3791814186965
 11
142.4916135225371
 21
213.2091814186951
 72
     2
 10
142.461613522537
 20
213.209181418695
 40
0.0300000000000875
 50
359.9999999997849
 51
449.9999999997808
 73
     0
 72
     1
 10
142.4616135225372
 20
213.1791814186949
 11
142.0216135225369
 21
213.1791814186944
 72
     1
 10
142.0216135225369
 20
213.1791814186944
 11
142.0216135225369
 21
213.0791814186968
 97
        1
330
5CF
 75
     1
 76
     1
 98
        1
 10
-1814.146598830861
 20
665.5380093836409
1001
GradientColor1ACI
1070
     5
1001
GradientColor2ACI
1070
     2
1001
ACAD
1010
0.0
1020
0.0
1030
0.0
  0
HATCH
  5
3EA
330
1F
100
AcDbEntity
  8
000 ALE HATCH MUROS
100
AcDbHatch
 10
0.0
 20
0.0
 30
0.0
210
0.0
220
0.0
230
1.0
  2
SOLID
 70
     1
 71
     1
 91
        1
 92
        1
 93
       16
 72
     1
 10
139.5216141265687
 20
213.079181272766
 11
142.0216141265687
 21
213.079181272766
 72
     1
 10
142.0216141265687
 20
213.079181272766
 11
142.0216141265687
 21
213.1791812727659
 72
     1
 10
142.0216141265687
 20
213.1791812727659
 11
141.5816141265686
 21
213.1791812727659
 72
     2
 10
141.5816141265688
 20
213.209181272766
 40
0.0300000000000882
 50
90.00000000022061
 51
180.0000000002137
 73
     0
 72
     1
 10
141.5516141265687
 20
213.2091812727661
 11
141.5516141265687
 21
213.3791812727657
 72
     1
 10
141.5516141265687
 20
213.3791812727657
 11
141.4916141265689
 21
213.3791812727657
 72
     1
 10
141.4916141265689
 20
213.3791812727657
 11
141.4916141265689
 21
213.2091812727643
 72
     2
 10
141.4616141265689
 20
213.2091812727642
 40
0.0300000000000864
 50
359.9999999997829
 51
449.9999999997829
 73
     0
 72
     1
 10
141.461614126569
 20
213.1791812727641
 11
140.0816141265689
 21
213.1791812727641
 72
     2
 10
140.081614126569
 20
213.2091812727642
 40
0.0300000000000864
 50
90.00000000021714
 51
180.0000000002171
 73
     0
 72
     1
 10
140.0516141265689
 20
213.2091812727643
 11
140.0516141265689
 21
213.3791812727659
 72
     1
 10
140.0516141265689
 20
213.3791812727659
 11
139.9916141265687
 21
213.3791812727657
 72
     1
 10
139.9916141265687
 20
213.3791812727657
 11
139.9916141265689
 21
213.2091812727643
 72
     2
 10
139.9616141265689
 20
213.2091812727642
 40
0.0300000000000875
 50
359.9999999997849
 51
449.9999999997808
 73
     0
 72
     1
 10
139.961614126569
 20
213.1791812727641
 11
139.5216141265687
 21
213.1791812727636
 72
     1
 10
139.5216141265687
 20
213.1791812727636
 11
139.5216141265687
 21
213.079181272766
 97
        1
330
5D0
 75
     1
 76
     1
 98
        1
 10
-1816.64659822683
 20
665.53800923771
1001
GradientColor1ACI
1070
     5
1001
GradientColor2ACI
1070
     2
1001
ACAD
1010
0.0
1020
0.0
1030
0.0
  0
HATCH
  5
3EB
330
1F
100
AcDbEntity
  8
000 ALE HATCH MUROS
100
AcDbHatch
 10
0.0
 20
0.0
 30
0.0
210
0.0
220
0.0
230
1.0
  2
SOLID
 70
     1
 71
     0
 91
        2
 92
        5
 93
       10
 72
     1
 10
133.821612314473
 20
213.1791815646257
 11
133.821612314473
 21
213.0791815646276
 72
     1
 10
133.821612314473
 20
213.0791815646276
 11
134.5216159386641
 21
213.0791815646276
 72
     1
 10
134.5216159386641
 20
213.0791815646276
 11
134.5216159386641
 21
213.1791815646275
 72
     1
 10
134.5216159386641
 20
213.1791815646275
 11
134.0816159386641
 21
213.1791815646275
 72
     2
 10
134.0816159386641
 20
213.2091815646276
 40
0.0300000000000864
 50
90.0
 51
180.0000000002171
 73
     0
 72
     1
 10
134.0516159386639
 20
213.2091815646277
 11
134.0516159386641
 21
213.3791815646273
 72
     1
 10
134.0516159386641
 20
213.3791815646273
 11
133.9916159386644
 21
213.3791815646273
 72
     1
 10
133.9916159386644
 20
213.3791815646273
 11
133.9916159386644
 21
213.2091815646259
 72
     2
 10
133.9616159386642
 20
213.2091815646258
 40
0.0300000000002001
 50
0.0
 51
89.9999999997829
 73
     0
 72
     1
 10
133.9616159386642
 20
213.1791815646256
 11
133.821612314473
 21
213.1791815646257
 97
        0
 92
        5
 93
       10
 72
     1
 10
132.7216123144733
 20
213.0791815646276
 11
132.7216123144733
 21
213.1791815646257
 72
     1
 10
132.7216123144733
 20
213.1791815646257
 11
132.5816159386643
 21
213.1791815646257
 72
     2
 10
132.5816159386641
 20
213.2091815646255
 40
0.0299999999997453
 50
89.99999999956572
 51
180.0000000008685
 73
     0
 72
     1
 10
132.5516159386643
 20
213.2091815646259
 11
132.5516159386643
 21
213.3791815646276
 72
     1
 10
132.5516159386643
 20
213.3791815646276
 11
132.4916159386642
 21
213.3791815646273
 72
     1
 10
132.4916159386642
 20
213.3791815646273
 11
132.4916159386644
 21
213.2091815646259
 72
     2
 10
132.4616159386642
 20
213.2091815646258
 40
0.0300000000002001
 50
0.0
 51
89.9999999997829
 73
     0
 72
     1
 10
132.4616159386642
 20
213.1791815646256
 11
132.0216159386641
 21
213.1791815646253
 72
     1
 10
132.0216159386641
 20
213.1791815646253
 11
132.0216159386641
 21
213.0791815646276
 72
     1
 10
132.0216159386641
 20
213.0791815646276
 11
132.7216123144733
 21
213.0791815646276
 97
        0
 75
     1
 76
     1
 47
0.0
 98
        2
 10
133.2716183581317
 20
213.1512957150824
 10
133.2716183581317
 20
213.1512957150824
1001
GradientColor1ACI
1070
     5
1001
GradientColor2ACI
1070
     2
1001
ACAD
1010
0.0
1020
0.0
1030
0.0
  0
HATCH
  5
3EC
330
1F
100
AcDbEntity
  8
000 ALE HATCH MUROS
100
AcDbHatch
 10
0.0
 20
0.0
 30
0.0
210
0.0
220
0.0
230
1.0
  2
SOLID
 70
     1
 71
     1
 91
        1
 92
        1
 93
       16
 72
     1
 10
129.5216165426959
 20
213.0791814186968
 11
132.0216165426959
 21
213.0791814186968
 72
     1
 10
132.0216165426959
 20
213.0791814186968
 11
132.0216165426959
 21
213.1791814186967
 72
     1
 10
132.0216165426959
 20
213.1791814186967
 11
131.5816165426959
 21
213.1791814186967
 72
     2
 10
131.581616542696
 20
213.2091814186968
 40
0.0300000000000882
 50
90.00000000022061
 51
180.0000000002137
 73
     0
 72
     1
 10
131.5516165426959
 20
213.2091814186969
 11
131.5516165426959
 21
213.3791814186965
 72
     1
 10
131.5516165426959
 20
213.3791814186965
 11
131.4916165426962
 21
213.3791814186965
 72
     1
 10
131.4916165426962
 20
213.3791814186965
 11
131.4916165426962
 21
213.2091814186951
 72
     2
 10
131.4616165426961
 20
213.209181418695
 40
0.0300000000000864
 50
359.9999999997829
 51
449.9999999997829
 73
     0
 72
     1
 10
131.4616165426962
 20
213.1791814186949
 11
130.0816165426961
 21
213.1791814186949
 72
     2
 10
130.0816165426962
 20
213.209181418695
 40
0.0300000000000864
 50
90.00000000021714
 51
180.0000000002171
 73
     0
 72
     1
 10
130.0516165426961
 20
213.2091814186951
 11
130.0516165426961
 21
213.3791814186968
 72
     1
 10
130.0516165426961
 20
213.3791814186968
 11
129.991616542696
 21
213.3791814186965
 72
     1
 10
129.991616542696
 20
213.3791814186965
 11
129.9916165426962
 21
213.2091814186951
 72
     2
 10
129.9616165426961
 20
213.209181418695
 40
0.0300000000000875
 50
359.9999999997849
 51
449.9999999997808
 73
     0
 72
     1
 10
129.9616165426962
 20
213.1791814186949
 11
129.5216165426959
 21
213.1791814186944
 72
     1
 10
129.5216165426959
 20
213.1791814186944
 11
129.5216165426959
 21
213.0791814186968
 97
        1
330
5D4
 75
     1
 76
     1
 98
        1
 10
-1826.646595810702
 20
665.5380093836409
1001
GradientColor1ACI
1070
     5
1001
GradientColor2ACI
1070
     2
1001
ACAD
1010
0.0
1020
0.0
1030
0.0
  0
HATCH
  5
3ED
330
1F
100
AcDbEntity
  8
000 ALE HATCH MUROS
100
AcDbHatch
 10
0.0
 20
0.0
 30
0.0
210
0.0
220
0.0
230
1.0
  2
SOLID
 70
     1
 71
     1
 91
        1
 92
        1
 93
       16
 72
     1
 10
149.5216117104414
 20
213.0791817105584
 11
152.0216117104414
 21
213.0791817105584
 72
     1
 10
152.0216117104414
 20
213.0791817105584
 11
152.0216117104414
 21
213.1791817105583
 72
     1
 10
152.0216117104414
 20
213.1791817105583
 11
151.5816117104414
 21
213.1791817105583
 72
     2
 10
151.5816117104415
 20
213.2091817105584
 40
0.0300000000000882
 50
90.00000000022061
 51
180.0000000002137
 73
     0
 72
     1
 10
151.5516117104414
 20
213.2091817105585
 11
151.5516117104414
 21
213.3791817105582
 72
     1
 10
151.5516117104414
 20
213.3791817105582
 11
151.4916117104417
 21
213.3791817105582
 72
     1
 10
151.4916117104417
 20
213.3791817105582
 11
151.4916117104417
 21
213.2091817105567
 72
     2
 10
151.4616117104416
 20
213.2091817105566
 40
0.0300000000000864
 50
359.9999999997829
 51
449.9999999997829
 73
     0
 72
     1
 10
151.4616117104417
 20
213.1791817105565
 11
150.0816117104416
 21
213.1791817105565
 72
     2
 10
150.0816117104417
 20
213.2091817105566
 40
0.0300000000000864
 50
90.00000000021714
 51
180.0000000002171
 73
     0
 72
     1
 10
150.0516117104416
 20
213.2091817105567
 11
150.0516117104416
 21
213.3791817105584
 72
     1
 10
150.0516117104416
 20
213.3791817105584
 11
149.9916117104415
 21
213.3791817105582
 72
     1
 10
149.9916117104415
 20
213.3791817105582
 11
149.9916117104417
 21
213.2091817105567
 72
     2
 10
149.9616117104416
 20
213.2091817105566
 40
0.0300000000000875
 50
359.9999999997849
 51
449.9999999997808
 73
     0
 72
     1
 10
149.9616117104417
 20
213.1791817105565
 11
149.5216117104414
 21
213.1791817105561
 72
     1
 10
149.5216117104414
 20
213.1791817105561
 11
149.5216117104414
 21
213.0791817105584
 97
        1
330
5D5
 75
     1
 76
     1
 98
        1
 10
-1806.646600642957
 20
665.5380096755025
1001
GradientColor1ACI
1070
     5
1001
GradientColor2ACI
1070
     2
1001
ACAD
1010
0.0
1020
0.0
1030
0.0
  0
HATCH
  5
3EE
330
1F
100
AcDbEntity
  8
000 ALE HATCH MUROS
100
AcDbHatch
 10
0.0
 20
0.0
 30
0.0
210
0.0
220
0.0
230
1.0
  2
SOLID
 70
     1
 71
     1
 91
        1
 92
        1
 93
       16
 72
     1
 10
147.0216123144733
 20
213.0791815646276
 11
149.5216123144733
 21
213.0791815646276
 72
     1
 10
149.5216123144733
 20
213.0791815646276
 11
149.5216123144733
 21
213.1791815646275
 72
     1
 10
149.5216123144733
 20
213.1791815646275
 11
149.0816123144732
 21
213.1791815646275
 72
     2
 10
149.0816123144733
 20
213.2091815646276
 40
0.0300000000000882
 50
90.00000000022061
 51
180.0000000002137
 73
     0
 72
     1
 10
149.0516123144732
 20
213.2091815646277
 11
149.0516123144732
 21
213.3791815646273
 72
     1
 10
149.0516123144732
 20
213.3791815646273
 11
148.9916123144735
 21
213.3791815646273
 72
     1
 10
148.9916123144735
 20
213.3791815646273
 11
148.9916123144735
 21
213.2091815646259
 72
     2
 10
148.9616123144734
 20
213.2091815646258
 40
0.0300000000000864
 50
359.9999999997829
 51
449.9999999997829
 73
     0
 72
     1
 10
148.9616123144735
 20
213.1791815646257
 11
147.5816123144734
 21
213.1791815646257
 72
     2
 10
147.5816123144735
 20
213.2091815646258
 40
0.0300000000000864
 50
90.00000000021714
 51
180.0000000002171
 73
     0
 72
     1
 10
147.5516123144735
 20
213.2091815646259
 11
147.5516123144735
 21
213.3791815646276
 72
     1
 10
147.5516123144735
 20
213.3791815646276
 11
147.4916123144733
 21
213.3791815646273
 72
     1
 10
147.4916123144733
 20
213.3791815646273
 11
147.4916123144735
 21
213.2091815646259
 72
     2
 10
147.4616123144734
 20
213.2091815646258
 40
0.0300000000000875
 50
359.9999999997849
 51
449.9999999997808
 73
     0
 72
     1
 10
147.4616123144735
 20
213.1791815646257
 11
147.0216123144733
 21
213.1791815646253
 72
     1
 10
147.0216123144733
 20
213.1791815646253
 11
147.0216123144733
 21
213.0791815646276
 97
        1
330
5D6
 75
     1
 76
     1
 98
        1
 10
-1809.146600038925
 20
665.5380095295716
1001
GradientColor1ACI
1070
     5
1001
GradientColor2ACI
1070
     2
1001
ACAD
1010
0.0
1020
0.0
1030
0.0
  0
HATCH
  5
3EF
330
1F
100
AcDbEntity
  8
000 ALE HATCH MUROS
100
AcDbHatch
 10
0.0
 20
0.0
 30
0.0
210
0.0
220
0.0
230
1.0
  2
SOLID
 70
     1
 71
     1
 91
        1
 92
        1
 93
       16
 72
     1
 10
159.5216092943142
 20
213.0791815646276
 11
162.0216092943142
 21
213.0791815646276
 72
     1
 10
162.0216092943142
 20
213.0791815646276
 11
162.0216092943142
 21
213.1791815646275
 72
     1
 10
162.0216092943142
 20
213.1791815646275
 11
161.5816092943141
 21
213.1791815646275
 72
     2
 10
161.5816092943143
 20
213.2091815646276
 40
0.0300000000000882
 50
90.00000000022061
 51
180.0000000002137
 73
     0
 72
     1
 10
161.5516092943142
 20
213.2091815646277
 11
161.5516092943142
 21
213.3791815646273
 72
     1
 10
161.5516092943142
 20
213.3791815646273
 11
161.4916092943145
 21
213.3791815646273
 72
     1
 10
161.4916092943145
 20
213.3791815646273
 11
161.4916092943145
 21
213.2091815646259
 72
     2
 10
161.4616092943144
 20
213.2091815646258
 40
0.0300000000000864
 50
359.9999999997829
 51
449.9999999997829
 73
     0
 72
     1
 10
161.4616092943145
 20
213.1791815646257
 11
160.0816092943144
 21
213.1791815646257
 72
     2
 10
160.0816092943145
 20
213.2091815646258
 40
0.0300000000000864
 50
90.00000000021714
 51
180.0000000002171
 73
     0
 72
     1
 10
160.0516092943144
 20
213.2091815646259
 11
160.0516092943144
 21
213.3791815646276
 72
     1
 10
160.0516092943144
 20
213.3791815646276
 11
159.9916092943142
 21
213.3791815646273
 72
     1
 10
159.9916092943142
 20
213.3791815646273
 11
159.9916092943145
 21
213.2091815646259
 72
     2
 10
159.9616092943144
 20
213.2091815646258
 40
0.0300000000000875
 50
359.9999999997849
 51
449.9999999997808
 73
     0
 72
     1
 10
159.9616092943145
 20
213.1791815646257
 11
159.5216092943142
 21
213.1791815646253
 72
     1
 10
159.5216092943142
 20
213.1791815646253
 11
159.5216092943142
 21
213.0791815646276
 97
        1
330
5D7
 75
     1
 76
     1
 98
        1
 10
-1796.646603059084
 20
665.5380095295716
1001
GradientColor1ACI
1070
     5
1001
GradientColor2ACI
1070
     2
1001
ACAD
1010
0.0
1020
0.0
1030
0.0
  0
HATCH
  5
3F0
330
1F
100
AcDbEntity
  8
000 ALE HATCH MUROS
100
AcDbHatch
 10
0.0
 20
0.0
 30
0.0
210
0.0
220
0.0
230
1.0
  2
SOLID
 70
     1
 71
     0
 91
        2
 92
        5
 93
       10
 72
     1
 10
157.7216123144733
 20
213.0791814186969
 11
157.7216123144735
 21
213.1791814186949
 72
     1
 10
157.7216123144735
 20
213.1791814186949
 11
157.5816098983462
 21
213.1791814186949
 72
     2
 10
157.581609898346
 20
213.2091814186946
 40
0.0299999999997453
 50
89.99999999956572
 51
180.0000000008685
 73
     0
 72
     1
 10
157.5516098983462
 20
213.2091814186951
 11
157.5516098983462
 21
213.3791814186968
 72
     1
 10
157.5516098983462
 20
213.3791814186968
 11
157.491609898346
 21
213.3791814186965
 72
     1
 10
157.491609898346
 20
213.3791814186965
 11
157.4916098983463
 21
213.2091814186951
 72
     2
 10
157.4616098983461
 20
213.209181418695
 40
0.0300000000002001
 50
0.0
 51
89.9999999997829
 73
     0
 72
     1
 10
157.4616098983461
 20
213.1791814186948
 11
157.021609898346
 21
213.1791814186944
 72
     1
 10
157.021609898346
 20
213.1791814186944
 11
157.021609898346
 21
213.0791814186968
 72
     1
 10
157.021609898346
 20
213.0791814186968
 11
157.7216123144733
 21
213.0791814186969
 97
        0
 92
        5
 93
       10
 72
     1
 10
158.8216123144734
 20
213.1791814186949
 11
158.821612314473
 21
213.0791814186968
 72
     1
 10
158.821612314473
 20
213.0791814186968
 11
159.521609898346
 21
213.0791814186968
 72
     1
 10
159.521609898346
 20
213.0791814186968
 11
159.521609898346
 21
213.1791814186967
 72
     1
 10
159.521609898346
 20
213.1791814186967
 11
159.081609898346
 21
213.1791814186967
 72
     2
 10
159.081609898346
 20
213.2091814186967
 40
0.0299999999999727
 50
90.0
 51
180.0000000004343
 73
     0
 72
     1
 10
159.051609898346
 20
213.2091814186969
 11
159.051609898346
 21
213.3791814186965
 72
     1
 10
159.051609898346
 20
213.3791814186965
 11
158.9916098983463
 21
213.3791814186965
 72
     1
 10
158.9916098983463
 20
213.3791814186965
 11
158.9916098983463
 21
213.2091814186951
 72
     2
 10
158.9616098983461
 20
213.209181418695
 40
0.0300000000002001
 50
0.0
 51
89.9999999997829
 73
     0
 72
     1
 10
158.9616098983461
 20
213.1791814186948
 11
158.8216123144734
 21
213.1791814186949
 97
        0
 75
     1
 76
     1
 47
0.0
 98
        2
 10
158.2716082853765
 20
213.1512955691516
 10
158.2716082853765
 20
213.1512955691516
1001
GradientColor1ACI
1070
     5
1001
GradientColor2ACI
1070
     2
1001
ACAD
1010
0.0
1020
0.0
1030
0.0
  0
HATCH
  5
3F1
330
1F
100
AcDbEntity
  8
000 ALE HATCH MUROS
100
AcDbHatch
 10
0.0
 20
0.0
 30
0.0
210
0.0
220
0.0
230
1.0
  2
SOLID
 70
     1
 71
     1
 91
        1
 92
        1
 93
       16
 72
     1
 10
162.0216086902824
 20
213.0791815646276
 11
164.5216086902824
 21
213.0791815646276
 72
     1
 10
164.5216086902824
 20
213.0791815646276
 11
164.5216086902824
 21
213.1791815646275
 72
     1
 10
164.5216086902824
 20
213.1791815646275
 11
164.0816086902823
 21
213.1791815646275
 72
     2
 10
164.0816086902825
 20
213.2091815646276
 40
0.0300000000000882
 50
90.00000000022061
 51
180.0000000002137
 73
     0
 72
     1
 10
164.0516086902824
 20
213.2091815646277
 11
164.0516086902824
 21
213.3791815646273
 72
     1
 10
164.0516086902824
 20
213.3791815646273
 11
163.9916086902826
 21
213.3791815646273
 72
     1
 10
163.9916086902826
 20
213.3791815646273
 11
163.9916086902826
 21
213.2091815646259
 72
     2
 10
163.9616086902826
 20
213.2091815646258
 40
0.0300000000000864
 50
359.9999999997829
 51
449.9999999997829
 73
     0
 72
     1
 10
163.9616086902827
 20
213.1791815646257
 11
162.5816086902826
 21
213.1791815646257
 72
     2
 10
162.5816086902827
 20
213.2091815646258
 40
0.0300000000000864
 50
90.00000000021714
 51
180.0000000002171
 73
     0
 72
     1
 10
162.5516086902826
 20
213.2091815646259
 11
162.5516086902826
 21
213.3791815646276
 72
     1
 10
162.5516086902826
 20
213.3791815646276
 11
162.4916086902824
 21
213.3791815646273
 72
     1
 10
162.4916086902824
 20
213.3791815646273
 11
162.4916086902826
 21
213.2091815646259
 72
     2
 10
162.4616086902826
 20
213.2091815646258
 40
0.0300000000000875
 50
359.9999999997849
 51
449.9999999997808
 73
     0
 72
     1
 10
162.4616086902827
 20
213.1791815646257
 11
162.0216086902824
 21
213.1791815646253
 72
     1
 10
162.0216086902824
 20
213.1791815646253
 11
162.0216086902824
 21
213.0791815646276
 97
        1
330
5DB
 75
     1
 76
     1
 98
        1
 10
-1794.146603663116
 20
665.5380095295716
1001
GradientColor1ACI
1070
     5
1001
GradientColor2ACI
1070
     2
1001
ACAD
1010
0.0
1020
0.0
1030
0.0
  0
HATCH
  5
3F2
330
1F
100
AcDbEntity
  8
H-0.1G250
100
AcDbHatch
 10
0.0
 20
0.0
 30
0.0
210
0.0
220
0.0
230
1.0
  2
LINE
 70
     0
 71
     0
 91
        1
 92
        7
 72
     0
 73
     1
 93
        4
 10
130.0216123144733
 20
203.0791814186968
 10
129.5216123144735
 20
203.0791814186968
 10
129.5216123144733
 20
202.6791814186968
 10
130.0216123144733
 20
202.6791814186968
 97
        0
 75
     0
 76
     1
 52
45.0
 41
0.01
 77
     0
 78
     1
 53
44.99999999999994
 43
-528.9008370934864
 44
-156.929265156568
 45
-0.0224506403026729
 46
0.0224506403026729
 79
     0
 47
0.007755
 98
        1
 10
129.8325011322711
 20
202.8869225295937
1001
ACAD
1010
0.0
1020
0.0
1030
0.0
  0
LWPOLYLINE
  5
3F3
330
1F
100
AcDbEntity
  8
C-0.4N
100
AcDbPolyline
 90
        4
 70
     1
 43
0.0
 10
130.021612
 20
203.079181
 10
129.521612
 20
203.079181
 10
129.521612
 20
202.679181
 10
130.021612
 20
202.679181
  0
HATCH
  5
3F4
330
1F
100
AcDbEntity
  8
H-0.1G250
100
AcDbHatch
 10
0.0
 20
0.0
 30
0.0
210
0.0
220
0.0
230
1.0
  2
LINE
 70
     0
 71
     0
 91
        1
 92
        7
 72
     0
 73
     1
 93
        4
 10
130.0216123144737
 20
193.0791814186969
 10
129.5216123144739
 20
193.0791814186969
 10
129.5216123144737
 20
192.6791814186969
 10
130.0216123144737
 20
192.6791814186968
 97
        0
 75
     0
 76
     1
 52
45.0
 41
0.01
 77
     0
 78
     1
 53
44.99999999999994
 43
-528.900837093486
 44
-166.929265156568
 45
-0.0224506403026729
 46
0.0224506403026729
 79
     0
 47
0.007755
 98
        1
 10
129.8325011322715
 20
192.8869225295938
1001
ACAD
1010
0.0
1020
0.0
1030
0.0
  0
LWPOLYLINE
  5
3F5
330
1F
100
AcDbEntity
  8
C-0.4N
100
AcDbPolyline
 90
        4
 70
     1
 43
0.0
 10
130.021612
 20
193.079181
 10
129.521612
 20
193.079181
 10
129.521612
 20
192.679181
 10
130.021612
 20
192.679181
  0
HATCH
  5
3F6
330
1F
100
AcDbEntity
  8
H-0.1G250
100
AcDbHatch
 10
0.0
 20
0.0
 30
0.0
210
0.0
220
0.0
230
1.0
  2
LINE
 70
     0
 71
     0
 91
        1
 92
        7
 72
     0
 73
     1
 93
        4
 10
130.0216123144737
 20
183.0791814186969
 10
129.5216123144739
 20
183.0791814186969
 10
129.5216123144737
 20
182.6791814186969
 10
130.0216123144737
 20
182.6791814186969
 97
        0
 75
     0
 76
     1
 52
45.0
 41
0.01
 77
     0
 78
     1
 53
44.99999999999994
 43
-528.900837093486
 44
-176.9292651565679
 45
-0.0224506403026729
 46
0.0224506403026729
 79
     0
 47
0.007755
 98
        1
 10
129.8325011322715
 20
182.8869225295938
1001
ACAD
1010
0.0
1020
0.0
1030
0.0
  0
LWPOLYLINE
  5
3F7
330
1F
100
AcDbEntity
  8
C-0.4N
100
AcDbPolyline
 90
        4
 70
     1
 43
0.0
 10
130.021612
 20
183.079181
 10
129.521612
 20
183.079181
 10
129.521612
 20
182.679181
 10
130.021612
 20
182.679181
  0
HATCH
  5
3F8
330
1F
100
AcDbEntity
  8
H-0.1G250
100
AcDbHatch
 10
0.0
 20
0.0
 30
0.0
210
0.0
220
0.0
230
1.0
  2
LINE
 70
     0
 71
     0
 91
        1
 92
        7
 72
     0
 73
     1
 93
        4
 10
130.0216123144733
 20
173.079181418697
 10
129.5216123144735
 20
173.079181418697
 10
129.5216123144733
 20
172.679181418697
 10
130.0216123144733
 20
172.6791814186969
 97
        0
 75
     0
 76
     1
 52
45.0
 41
0.01
 77
     0
 78
     1
 53
44.99999999999994
 43
-528.9008370934864
 44
-186.9292651565679
 45
-0.0224506403026729
 46
0.0224506403026729
 79
     0
 47
0.007755
 98
        1
 10
129.8325011322711
 20
172.8869225295939
1001
ACAD
1010
0.0
1020
0.0
1030
0.0
  0
LWPOLYLINE
  5
3F9
330
1F
100
AcDbEntity
  8
C-0.4N
100
AcDbPolyline
 90
        4
 70
     1
 43
0.0
 10
130.021612
 20
173.079181
 10
129.521612
 20
173.079181
 10
129.521612
 20
172.679181
 10
130.021612
 20
172.679181
  0
HATCH
  5
3FA
330
1F
100
AcDbEntity
  8
H-0.1G250
100
AcDbHatch
 10
0.0
 20
0.0
 30
0.0
210
0.0
220
0.0
230
1.0
  2
LINE
 70
     0
 71
     0
 91
        1
 92
        7
 72
     0
 73
     1
 93
        4
 10
130.0216123144733
 20
163.079181418697
 10
129.5216123144735
 20
163.079181418697
 10
129.5216123144733
 20
162.6791814186971
 10
130.0216123144733
 20
162.679181418697
 97
        0
 75
     0
 76
     1
 52
45.0
 41
0.01
 77
     0
 78
     1
 53
44.99999999999994
 43
-528.9008370934864
 44
-196.9292651565678
 45
-0.0224506403026729
 46
0.0224506403026729
 79
     0
 47
0.007755
 98
        1
 10
129.8325011322711
 20
162.886922529594
1001
ACAD
1010
0.0
1020
0.0
1030
0.0
  0
LWPOLYLINE
  5
3FB
330
1F
100
AcDbEntity
  8
C-0.4N
100
AcDbPolyline
 90
        4
 70
     1
 43
0.0
 10
130.021612
 20
163.079181
 10
129.521612
 20
163.079181
 10
129.521612
 20
162.679181
 10
130.021612
 20
162.679181
  0
HATCH
  5
3FC
330
1F
100
AcDbEntity
  8
H-0.1G250
100
AcDbHatch
 10
0.0
 20
0.0
 30
0.0
210
0.0
220
0.0
230
1.0
  2
LINE
 70
     0
 71
     0
 91
        1
 92
        7
 72
     0
 73
     1
 93
        4
 10
164.0216123144737
 20
203.0791814186968
 10
164.5216123144735
 20
203.0791814186968
 10
164.5216123144737
 20
202.6791814186968
 10
164.0216123144737
 20
202.6791814186968
 97
        0
 75
     0
 76
     1
 52
45.0
 41
0.01
 77
     0
 78
     1
 53
44.99999999999994
 43
-531.2008370934857
 44
-156.929265156568
 45
-0.0224506403026729
 46
0.0224506403026729
 79
     0
 47
0.007755
 98
        1
 10
164.2107234966759
 20
202.8869225295937
1001
ACAD
1010
0.0
1020
0.0
1030
0.0
  0
LWPOLYLINE
  5
3FD
330
1F
100
AcDbEntity
  8
C-0.4N
100
AcDbPolyline
 90
        4
 70
     1
 43
0.0
 10
164.021612
 20
203.079181
 10
164.521612
 20
203.079181
 10
164.521612
 20
202.679181
 10
164.021612
 20
202.679181
  0
HATCH
  5
3FE
330
1F
100
AcDbEntity
  8
H-0.1G250
100
AcDbHatch
 10
0.0
 20
0.0
 30
0.0
210
0.0
220
0.0
230
1.0
  2
LINE
 70
     0
 71
     0
 91
        1
 92
        7
 72
     0
 73
     1
 93
        4
 10
164.0216123144733
 20
193.0791814186969
 10
164.521612314473
 20
193.0791814186969
 10
164.5216123144733
 20
192.6791814186969
 10
164.0216123144733
 20
192.6791814186968
 97
        0
 75
     0
 76
     1
 52
45.0
 41
0.01
 77
     0
 78
     1
 53
44.99999999999994
 43
-531.2008370934852
 44
-166.929265156568
 45
-0.0224506403026729
 46
0.0224506403026729
 79
     0
 47
0.007755
 98
        1
 10
164.2107234966754
 20
192.8869225295938
1001
ACAD
1010
0.0
1020
0.0
1030
0.0
  0
LWPOLYLINE
  5
3FF
330
1F
100
AcDbEntity
  8
C-0.4N
100
AcDbPolyline
 90
        4
 70
     1
 43
0.0
 10
164.021612
 20
193.079181
 10
164.521612
 20
193.079181
 10
164.521612
 20
192.679181
 10
164.021612
 20
192.679181
  0
HATCH
  5
400
330
1F
100
AcDbEntity
  8
H-0.1G250
100
AcDbHatch
 10
0.0
 20
0.0
 30
0.0
210
0.0
220
0.0
230
1.0
  2
LINE
 70
     0
 71
     0
 91
        1
 92
        7
 72
     0
 73
     1
 93
        4
 10
164.0216123144733
 20
183.0791814186969
 10
164.521612314473
 20
183.0791814186969
 10
164.5216123144733
 20
182.6791814186969
 10
164.0216123144733
 20
182.6791814186969
 97
        0
 75
     0
 76
     1
 52
45.0
 41
0.01
 77
     0
 78
     1
 53
44.99999999999994
 43
-531.2008370934852
 44
-176.9292651565679
 45
-0.0224506403026729
 46
0.0224506403026729
 79
     0
 47
0.007755
 98
        1
 10
164.2107234966754
 20
182.8869225295938
1001
ACAD
1010
0.0
1020
0.0
1030
0.0
  0
LWPOLYLINE
  5
401
330
1F
100
AcDbEntity
  8
C-0.4N
100
AcDbPolyline
 90
        4
 70
     1
 43
0.0
 10
164.021612
 20
183.079181
 10
164.521612
 20
183.079181
 10
164.521612
 20
182.679181
 10
164.021612
 20
182.679181
  0
HATCH
  5
402
330
1F
100
AcDbEntity
  8
H-0.1G250
100
AcDbHatch
 10
0.0
 20
0.0
 30
0.0
210
0.0
220
0.0
230
1.0
  2
LINE
 70
     0
 71
     0
 91
        1
 92
        7
 72
     0
 73
     1
 93
        4
 10
164.0216123144737
 20
173.079181418697
 10
164.5216123144735
 20
173.079181418697
 10
164.5216123144737
 20
172.679181418697
 10
164.0216123144737
 20
172.6791814186969
 97
        0
 75
     0
 76
     1
 52
45.0
 41
0.01
 77
     0
 78
     1
 53
44.99999999999994
 43
-531.2008370934857
 44
-186.9292651565679
 45
-0.0224506403026729
 46
0.0224506403026729
 79
     0
 47
0.007755
 98
        1
 10
164.2107234966759
 20
172.8869225295939
1001
ACAD
1010
0.0
1020
0.0
1030
0.0
  0
LWPOLYLINE
  5
403
330
1F
100
AcDbEntity
  8
C-0.4N
100
AcDbPolyline
 90
        4
 70
     1
 43
0.0
 10
164.021612
 20
173.079181
 10
164.521612
 20
173.079181
 10
164.521612
 20
172.679181
 10
164.021612
 20
172.679181
  0
HATCH
  5
404
330
1F
100
AcDbEntity
  8
H-0.1G250
100
AcDbHatch
 10
0.0
 20
0.0
 30
0.0
210
0.0
220
0.0
230
1.0
  2
LINE
 70
     0
 71
     0
 91
        1
 92
        7
 72
     0
 73
     1
 93
        4
 10
164.0216123144737
 20
163.079181418697
 10
164.5216123144735
 20
163.079181418697
 10
164.5216123144737
 20
162.6791814186971
 10
164.0216123144737
 20
162.679181418697
 97
        0
 75
     0
 76
     1
 52
45.0
 41
0.01
 77
     0
 78
     1
 53
44.99999999999994
 43
-531.2008370934857
 44
-196.9292651565678
 45
-0.0224506403026729
 46
0.0224506403026729
 79
     0
 47
0.007755
 98
        1
 10
164.2107234966759
 20
162.886922529594
1001
ACAD
1010
0.0
1020
0.0
1030
0.0
  0
LWPOLYLINE
  5
405
330
1F
100
AcDbEntity
  8
C-0.4N
100
AcDbPolyline
 90
        4
 70
     1
 43
0.0
 10
164.021612
 20
163.079181
 10
164.521612
 20
163.079181
 10
164.521612
 20
162.679181
 10
164.021612
 20
162.679181
  0
HATCH
  5
406
330
1F
100
AcDbEntity
  8
H-0.1G250
100
AcDbHatch
 10
0.0
 20
0.0
 30
0.0
210
0.0
220
0.0
230
1.0
  2
LINE
 70
     0
 71
     0
 91
        1
 92
        7
 72
     0
 73
     1
 93
        4
 10
130.0216123144733
 20
213.0791814186968
 10
129.5216123144735
 20
213.0791814186968
 10
129.5216123144733
 20
212.6791814186967
 10
130.0216123144733
 20
212.6791814186967
 97
        0
 75
     0
 76
     1
 52
45.0
 41
0.01
 77
     0
 78
     1
 53
44.99999999999994
 43
-528.9008370934864
 44
-146.9292651565681
 45
-0.0224506403026729
 46
0.0224506403026729
 79
     0
 47
0.007755
 98
        1
 10
129.8325011322711
 20
212.8869225295936
1001
ACAD
1010
0.0
1020
0.0
1030
0.0
  0
LWPOLYLINE
  5
407
330
1F
100
AcDbEntity
  8
C-0.4N
100
AcDbPolyline
 90
        4
 70
     1
 43
0.0
 10
130.021612
 20
213.079181
 10
129.521612
 20
213.079181
 10
129.521612
 20
212.679181
 10
130.021612
 20
212.679181
  0
HATCH
  5
408
330
1F
100
AcDbEntity
  8
H-0.1G250
100
AcDbHatch
 10
0.0
 20
0.0
 30
0.0
210
0.0
220
0.0
230
1.0
  2
LINE
 70
     0
 71
     0
 91
        1
 92
        7
 72
     0
 73
     1
 93
        4
 10
164.0216123144737
 20
213.0791814186968
 10
164.5216123144735
 20
213.0791814186968
 10
164.5216123144737
 20
212.6791814186967
 10
164.0216123144737
 20
212.6791814186967
 97
        0
 75
     0
 76
     1
 52
45.0
 41
0.01
 77
     0
 78
     1
 53
44.99999999999994
 43
-531.2008370934857
 44
-146.9292651565681
 45
-0.0224506403026729
 46
0.0224506403026729
 79
     0
 47
0.007755
 98
        1
 10
164.2107234966759
 20
212.8869225295936
1001
ACAD
1010
0.0
1020
0.0
1030
0.0
  0
LWPOLYLINE
  5
409
330
1F
100
AcDbEntity
  8
C-0.4N
100
AcDbPolyline
 90
        4
 70
     1
 43
0.0
 10
164.021612
 20
213.079181
 10
164.521612
 20
213.079181
 10
164.521612
 20
212.679181
 10
164.021612
 20
212.679181
  0
HATCH
  5
40A
330
1F
100
AcDbEntity
  8
H-0.1G250
100
AcDbHatch
 10
0.0
 20
0.0
 30
0.0
210
0.0
220
0.0
230
1.0
  2
LINE
 70
     0
 71
     0
 91
        1
 92
        7
 72
     0
 73
     1
 93
        4
 10
130.0216123144733
 20
153.0791814186971
 10
129.5216123144735
 20
153.0791814186971
 10
129.5216123144733
 20
152.6791814186971
 10
130.0216123144733
 20
152.6791814186971
 97
        0
 75
     0
 76
     1
 52
45.0
 41
0.01
 77
     0
 78
     1
 53
44.99999999999994
 43
-528.9008370934864
 44
-206.9292651565677
 45
-0.0224506403026729
 46
0.0224506403026729
 79
     0
 47
0.007755
 98
        1
 10
129.8325011322711
 20
152.886922529594
1001
ACAD
1010
0.0
1020
0.0
1030
0.0
  0
LWPOLYLINE
  5
40B
330
1F
100
AcDbEntity
  8
C-0.4N
100
AcDbPolyline
 90
        4
 70
     1
 43
0.0
 10
130.021612
 20
153.079181
 10
129.521612
 20
153.079181
 10
129.521612
 20
152.679181
 10
130.021612
 20
152.679181
  0
HATCH
  5
40C
330
1F
100
AcDbEntity
  8
H-0.1G250
100
AcDbHatch
 10
0.0
 20
0.0
 30
0.0
210
0.0
220
0.0
230
1.0
  2
LINE
 70
     0
 71
     0
 91
        1
 92
        7
 72
     0
 73
     1
 93
        4
 10
164.0216123144737
 20
153.0791814186971
 10
164.5216123144735
 20
153.0791814186971
 10
164.5216123144737
 20
152.6791814186971
 10
164.0216123144737
 20
152.6791814186971
 97
        0
 75
     0
 76
     1
 52
45.0
 41
0.01
 77
     0
 78
     1
 53
44.99999999999994
 43
-531.2008370934857
 44
-206.9292651565677
 45
-0.0224506403026729
 46
0.0224506403026729
 79
     0
 47
0.007755
 98
        1
 10
164.2107234966759
 20
152.886922529594
1001
ACAD
1010
0.0
1020
0.0
1030
0.0
  0
LWPOLYLINE
  5
40D
330
1F
100
AcDbEntity
  8
C-0.4N
100
AcDbPolyline
 90
        4
 70
     1
 43
0.0
 10
164.021612
 20
153.079181
 10
164.521612
 20
153.079181
 10
164.521612
 20
152.679181
 10
164.021612
 20
152.679181
  0
HATCH
  5
40E
330
1F
100
AcDbEntity
  8
H-0.1G250
100
AcDbHatch
 10
0.0
 20
0.0
 30
0.0
210
0.0
220
0.0
230
1.0
  2
LINE
 70
     0
 71
     0
 91
        1
 92
        7
 72
     0
 73
     1
 93
        4
 10
147.2716129185048
 20
203.0791815646282
 10
146.7716129185051
 20
203.0791815646282
 10
146.7716129185048
 20
202.6791815646283
 10
147.2716129185048
 20
202.6791815646282
 97
        0
 75
     0
 76
     1
 52
45.0
 41
0.01
 77
     0
 78
     1
 53
44.99999999999994
 43
-511.6508364894548
 44
-156.9292650106366
 45
-0.0224506403026729
 46
0.0224506403026729
 79
     0
 47
0.007755
 98
        1
 10
147.0825017363027
 20
202.8869226755252
1001
ACAD
1010
0.0
1020
0.0
1030
0.0
  0
LWPOLYLINE
  5
40F
330
1F
100
AcDbEntity
  8
C-0.4N
100
AcDbPolyline
 90
        4
 70
     1
 43
0.0
 10
147.271613
 20
203.079182
 10
146.771613
 20
203.079182
 10
146.771613
 20
202.679182
 10
147.271613
 20
202.679182
  0
HATCH
  5
410
330
1F
100
AcDbEntity
  8
H-0.1G250
100
AcDbHatch
 10
0.0
 20
0.0
 30
0.0
210
0.0
220
0.0
230
1.0
  2
LINE
 70
     0
 71
     0
 91
        1
 92
        7
 72
     0
 73
     1
 93
        4
 10
147.2716129185053
 20
193.0791815646283
 10
146.7716129185055
 20
193.0791815646283
 10
146.7716129185053
 20
192.6791815646283
 10
147.2716129185053
 20
192.6791815646283
 97
        0
 75
     0
 76
     1
 52
45.0
 41
0.01
 77
     0
 78
     1
 53
44.99999999999994
 43
-511.6508364894544
 44
-166.9292650106365
 45
-0.0224506403026729
 46
0.0224506403026729
 79
     0
 47
0.007755
 98
        1
 10
147.0825017363031
 20
192.8869226755252
1001
ACAD
1010
0.0
1020
0.0
1030
0.0
  0
LWPOLYLINE
  5
411
330
1F
100
AcDbEntity
  8
C-0.4N
100
AcDbPolyline
 90
        4
 70
     1
 43
0.0
 10
147.271613
 20
193.079182
 10
146.771613
 20
193.079182
 10
146.771613
 20
192.679182
 10
147.271613
 20
192.679182
  0
HATCH
  5
412
330
1F
100
AcDbEntity
  8
H-0.1G250
100
AcDbHatch
 10
0.0
 20
0.0
 30
0.0
210
0.0
220
0.0
230
1.0
  2
LINE
 70
     0
 71
     0
 91
        1
 92
        7
 72
     0
 73
     1
 93
        4
 10
147.2716129185053
 20
183.0791815646284
 10
146.7716129185055
 20
183.0791815646284
 10
146.7716129185053
 20
182.6791815646284
 10
147.2716129185053
 20
182.6791815646283
 97
        0
 75
     0
 76
     1
 52
45.0
 41
0.01
 77
     0
 78
     1
 53
44.99999999999994
 43
-511.6508364894544
 44
-176.9292650106365
 45
-0.0224506403026729
 46
0.0224506403026729
 79
     0
 47
0.007755
 98
        1
 10
147.0825017363031
 20
182.8869226755253
1001
ACAD
1010
0.0
1020
0.0
1030
0.0
  0
LWPOLYLINE
  5
413
330
1F
100
AcDbEntity
  8
C-0.4N
100
AcDbPolyline
 90
        4
 70
     1
 43
0.0
 10
147.271613
 20
183.079182
 10
146.771613
 20
183.079182
 10
146.771613
 20
182.679182
 10
147.271613
 20
182.679182
  0
HATCH
  5
414
330
1F
100
AcDbEntity
  8
H-0.1G250
100
AcDbHatch
 10
0.0
 20
0.0
 30
0.0
210
0.0
220
0.0
230
1.0
  2
LINE
 70
     0
 71
     0
 91
        1
 92
        7
 72
     0
 73
     1
 93
        4
 10
147.2716129185048
 20
173.0791815646284
 10
146.7716129185051
 20
173.0791815646284
 10
146.7716129185048
 20
172.6791815646284
 10
147.2716129185048
 20
172.6791815646284
 97
        0
 75
     0
 76
     1
 52
45.0
 41
0.01
 77
     0
 78
     1
 53
44.99999999999994
 43
-511.6508364894548
 44
-186.9292650106364
 45
-0.0224506403026729
 46
0.0224506403026729
 79
     0
 47
0.007755
 98
        1
 10
147.0825017363027
 20
172.8869226755253
1001
ACAD
1010
0.0
1020
0.0
1030
0.0
  0
LWPOLYLINE
  5
415
330
1F
100
AcDbEntity
  8
C-0.4N
100
AcDbPolyline
 90
        4
 70
     1
 43
0.0
 10
147.271613
 20
173.079182
 10
146.771613
 20
173.079182
 10
146.771613
 20
172.679182
 10
147.271613
 20
172.679182
  0
HATCH
  5
416
330
1F
100
AcDbEntity
  8
H-0.1G250
100
AcDbHatch
 10
0.0
 20
0.0
 30
0.0
210
0.0
220
0.0
230
1.0
  2
LINE
 70
     0
 71
     0
 91
        1
 92
        7
 72
     0
 73
     1
 93
        4
 10
147.2716129185048
 20
163.0791815646285
 10
146.7716129185051
 20
163.0791815646285
 10
146.7716129185048
 20
162.6791815646285
 10
147.2716129185048
 20
162.6791815646284
 97
        0
 75
     0
 76
     1
 52
45.0
 41
0.01
 77
     0
 78
     1
 53
44.99999999999994
 43
-511.6508364894548
 44
-196.9292650106364
 45
-0.0224506403026729
 46
0.0224506403026729
 79
     0
 47
0.007755
 98
        1
 10
147.0825017363027
 20
162.8869226755254
1001
ACAD
1010
0.0
1020
0.0
1030
0.0
  0
LWPOLYLINE
  5
417
330
1F
100
AcDbEntity
  8
C-0.4N
100
AcDbPolyline
 90
        4
 70
     1
 43
0.0
 10
147.271613
 20
163.079182
 10
146.771613
 20
163.079182
 10
146.771613
 20
162.679182
 10
147.271613
 20
162.679182
  0
HATCH
  5
418
330
1F
100
AcDbEntity
  8
H-0.1G250
100
AcDbHatch
 10
0.0
 20
0.0
 30
0.0
210
0.0
220
0.0
230
1.0
  2
LINE
 70
     0
 71
     0
 91
        1
 92
        7
 72
     0
 73
     1
 93
        4
 10
147.2716129185048
 20
213.0791815646282
 10
146.7716129185051
 20
213.0791815646282
 10
146.7716129185048
 20
212.6791815646281
 10
147.2716129185048
 20
212.6791815646281
 97
        0
 75
     0
 76
     1
 52
45.0
 41
0.01
 77
     0
 78
     1
 53
44.99999999999994
 43
-511.6508364894548
 44
-146.9292650106366
 45
-0.0224506403026729
 46
0.0224506403026729
 79
     0
 47
0.007755
 98
        1
 10
147.0825017363027
 20
212.886922675525
1001
ACAD
1010
0.0
1020
0.0
1030
0.0
  0
LWPOLYLINE
  5
419
330
1F
100
AcDbEntity
  8
C-0.4N
100
AcDbPolyline
 90
        4
 70
     1
 43
0.0
 10
147.271613
 20
213.079182
 10
146.771613
 20
213.079182
 10
146.771613
 20
212.679182
 10
147.271613
 20
212.679182
  0
HATCH
  5
41A
330
1F
100
AcDbEntity
  8
H-0.1G250
100
AcDbHatch
 10
0.0
 20
0.0
 30
0.0
210
0.0
220
0.0
230
1.0
  2
LINE
 70
     0
 71
     0
 91
        1
 92
        7
 72
     0
 73
     1
 93
        4
 10
147.2716129185048
 20
153.0791815646285
 10
146.7716129185051
 20
153.0791815646285
 10
146.7716129185048
 20
152.6791815646285
 10
147.2716129185048
 20
152.6791815646285
 97
        0
 75
     0
 76
     1
 52
45.0
 41
0.01
 77
     0
 78
     1
 53
44.99999999999994
 43
-511.6508364894548
 44
-206.9292650106363
 45
-0.0224506403026729
 46
0.0224506403026729
 79
     0
 47
0.007755
 98
        1
 10
147.0825017363027
 20
152.8869226755255
1001
ACAD
1010
0.0
1020
0.0
1030
0.0
  0
LWPOLYLINE
  5
41B
330
1F
100
AcDbEntity
  8
C-0.4N
100
AcDbPolyline
 90
        4
 70
     1
 43
0.0
 10
147.271613
 20
153.079182
 10
146.771613
 20
153.079182
 10
146.771613
 20
152.679182
 10
147.271613
 20
152.679182
  0
LWPOLYLINE
  5
41C
330
1F
100
AcDbEntity
  8
C-0.4N
100
AcDbPolyline
 90
        4
 70
     1
 43
0.0
 10
164.621612
 20
162.129181
 10
164.521612
 20
162.129181
 10
164.521612
 20
161.129181
 10
164.621612
 20
161.129181
  0
LWPOLYLINE
  5
41D
330
1F
100
AcDbEntity
  8
C-0.4N
100
AcDbPolyline
 90
        4
 70
     1
 43
0.0
 10
164.621612
 20
159.629181
 10
164.521612
 20
159.629181
 10
164.521612
 20
158.629181
 10
164.621612
 20
158.629181
  0
LWPOLYLINE
  5
41E
330
1F
100
AcDbEntity
  8
C-0.4N
100
AcDbPolyline
 90
        4
 70
     1
 43
0.0
 10
164.621612
 20
157.129181
 10
164.521612
 20
157.129181
 10
164.521612
 20
156.129181
 10
164.621612
 20
156.129181
  0
LWPOLYLINE
  5
41F
330
1F
100
AcDbEntity
  8
C-0.4N
100
AcDbPolyline
 90
        4
 70
     1
 43
0.0
 10
164.621612
 20
154.629181
 10
164.521612
 20
154.629181
 10
164.521612
 20
153.629181
 10
164.621612
 20
153.629181
  0
LINE
  5
420
330
1F
100
AcDbEntity
  8
000 ALE CARPINTERIAS
100
AcDbLine
 10
133.821612
 20
213.079181
 30
0.0
 11
133.771612
 21
213.079181
 31
0.0
  0
LINE
  5
421
330
1F
100
AcDbEntity
  8
000 ALE CARPINTERIAS
100
AcDbLine
 10
133.771612
 20
213.079181
 30
0.0
 11
133.771612
 21
213.179181
 31
0.0
  0
LINE
  5
422
330
1F
100
AcDbEntity
  8
000 ALE CARPINTERIAS
100
AcDbLine
 10
133.771612
 20
213.179181
 30
0.0
 11
133.821612
 21
213.179181
 31
0.0
  0
LINE
  5
423
330
1F
100
AcDbEntity
  8
000 ALE CARPINTERIAS
100
AcDbLine
 10
132.721612
 20
213.079181
 30
0.0
 11
132.771612
 21
213.079181
 31
0.0
  0
LINE
  5
424
330
1F
100
AcDbEntity
  8
000 ALE CARPINTERIAS
100
AcDbLine
 10
132.771612
 20
213.079181
 30
0.0
 11
132.771612
 21
213.179181
 31
0.0
  0
LINE
  5
425
330
1F
100
AcDbEntity
  8
000 ALE CARPINTERIAS
100
AcDbLine
 10
132.771612
 20
213.179181
 30
0.0
 11
132.721612
 21
213.179181
 31
0.0
  0
LWPOLYLINE
  5
426
330
1F
100
AcDbEntity
  8
000 ALE CARPINTERIAS
100
AcDbPolyline
 90
        4
 70
     1
 43
0.0
 10
132.771612
 20
213.179181
 10
133.771612
 20
213.179181
 10
133.771612
 20
213.129181
 10
132.771612
 20
213.129181
  0
ARC
  5
427
330
1F
100
AcDbEntity
  8
000 ALE CARPINTERIAS
100
AcDbCircle
 10
133.771612
 20
213.179181
 30
0.0
 40
1.0
100
AcDbArc
 50
92.865984
 51
180.0
  0
LINE
  5
428
330
1F
100
AcDbEntity
  8
000 ALE CARPINTERIAS
100
AcDbLine
 10
133.821612
 20
213.079181
 30
0.0
 11
133.821612
 21
213.179181
 31
0.0
  0
LINE
  5
429
330
1F
100
AcDbEntity
  8
000 ALE CARPINTERIAS
100
AcDbLine
 10
132.721612
 20
213.179181
 30
0.0
 11
132.721612
 21
213.079181
 31
0.0
  0
LINE
  5
42A
330
1F
100
AcDbEntity
  8
000 ALE CARPINTERIAS
100
AcDbLine
 10
158.821612
 20
213.079181
 30
0.0
 11
158.771612
 21
213.079181
 31
0.0
  0
LINE
  5
42B
330
1F
100
AcDbEntity
  8
000 ALE CARPINTERIAS
100
AcDbLine
 10
158.771612
 20
213.079181
 30
0.0
 11
158.771612
 21
213.179181
 31
0.0
  0
LINE
  5
42C
330
1F
100
AcDbEntity
  8
000 ALE CARPINTERIAS
100
AcDbLine
 10
158.771612
 20
213.179181
 30
0.0
 11
158.821612
 21
213.179181
 31
0.0
  0
LINE
  5
42D
330
1F
100
AcDbEntity
  8
000 ALE CARPINTERIAS
100
AcDbLine
 10
157.721612
 20
213.079181
 30
0.0
 11
157.771612
 21
213.079181
 31
0.0
  0
LINE
  5
42E
330
1F
100
AcDbEntity
  8
000 ALE CARPINTERIAS
100
AcDbLine
 10
157.771612
 20
213.079181
 30
0.0
 11
157.771612
 21
213.179181
 31
0.0
  0
LINE
  5
42F
330
1F
100
AcDbEntity
  8
000 ALE CARPINTERIAS
100
AcDbLine
 10
157.771612
 20
213.179181
 30
0.0
 11
157.721612
 21
213.179181
 31
0.0
  0
LWPOLYLINE
  5
430
330
1F
100
AcDbEntity
  8
000 ALE CARPINTERIAS
100
AcDbPolyline
 90
        4
 70
     1
 43
0.0
 10
157.771612
 20
213.179181
 10
158.771612
 20
213.179181
 10
158.771612
 20
213.129181
 10
157.771612
 20
213.129181
  0
ARC
  5
431
330
1F
100
AcDbEntity
  8
000 ALE CARPINTERIAS
100
AcDbCircle
 10
158.771612
 20
213.179181
 30
0.0
 40
1.0
100
AcDbArc
 50
92.865984
 51
180.0
  0
LINE
  5
432
330
1F
100
AcDbEntity
  8
000 ALE CARPINTERIAS
100
AcDbLine
 10
158.821612
 20
213.179181
 30
0.0
 11
158.821612
 21
213.079181
 31
0.0
  0
LINE
  5
433
330
1F
100
AcDbEntity
  8
000 ALE CARPINTERIAS
100
AcDbLine
 10
157.721612
 20
213.179181
 30
0.0
 11
157.721612
 21
213.079181
 31
0.0
  0
LINE
  5
434
330
1F
100
AcDbEntity
  8
000 ALE CARPINTERIAS
100
AcDbLine
 10
134.521612
 20
213.079181
 30
0.0
 11
134.571612
 21
213.079181
 31
0.0
  0
LINE
  5
435
330
1F
100
AcDbEntity
  8
000 ALE CARPINTERIAS
100
AcDbLine
 10
134.571612
 20
213.079181
 30
0.0
 11
134.571612
 21
213.179181
 31
0.0
  0
LINE
  5
436
330
1F
100
AcDbEntity
  8
000 ALE CARPINTERIAS
100
AcDbLine
 10
134.571612
 20
213.179181
 30
0.0
 11
134.521612
 21
213.179181
 31
0.0
  0
LINE
  5
437
330
1F
100
AcDbEntity
  8
000 ALE CARPINTERIAS
100
AcDbLine
 10
139.521612
 20
213.179181
 30
0.0
 11
139.471612
 21
213.179181
 31
0.0
  0
LINE
  5
438
330
1F
100
AcDbEntity
  8
000 ALE CARPINTERIAS
100
AcDbLine
 10
139.471612
 20
213.179181
 30
0.0
 11
139.471612
 21
213.079181
 31
0.0
  0
LINE
  5
439
330
1F
100
AcDbEntity
  8
000 ALE CARPINTERIAS
100
AcDbLine
 10
139.471612
 20
213.079181
 30
0.0
 11
139.521612
 21
213.079181
 31
0.0
  0
LINE
  5
43A
330
1F
100
AcDbEntity
  8
000 ALE CARPINTERIAS
100
AcDbLine
 10
139.471612
 20
213.079181
 30
0.0
 11
134.571612
 21
213.079181
 31
0.0
  0
LINE
  5
43B
330
1F
100
AcDbEntity
  8
000 ALE CARPINTERIAS
100
AcDbLine
 10
152.021612
 20
213.079181
 30
0.0
 11
152.071612
 21
213.079181
 31
0.0
  0
LINE
  5
43C
330
1F
100
AcDbEntity
  8
000 ALE CARPINTERIAS
100
AcDbLine
 10
152.071612
 20
213.079181
 30
0.0
 11
152.071612
 21
213.179181
 31
0.0
  0
LINE
  5
43D
330
1F
100
AcDbEntity
  8
000 ALE CARPINTERIAS
100
AcDbLine
 10
152.071612
 20
213.179181
 30
0.0
 11
152.021612
 21
213.179181
 31
0.0
  0
LINE
  5
43E
330
1F
100
AcDbEntity
  8
000 ALE CARPINTERIAS
100
AcDbLine
 10
157.021612
 20
213.179181
 30
0.0
 11
156.971612
 21
213.179181
 31
0.0
  0
LINE
  5
43F
330
1F
100
AcDbEntity
  8
000 ALE CARPINTERIAS
100
AcDbLine
 10
156.971612
 20
213.179181
 30
0.0
 11
156.971612
 21
213.079181
 31
0.0
  0
LINE
  5
440
330
1F
100
AcDbEntity
  8
000 ALE CARPINTERIAS
100
AcDbLine
 10
156.971612
 20
213.079181
 30
0.0
 11
157.021612
 21
213.079181
 31
0.0
  0
LINE
  5
441
330
1F
100
AcDbEntity
  8
000 ALE CARPINTERIAS
100
AcDbLine
 10
156.971612
 20
213.079181
 30
0.0
 11
152.071612
 21
213.079181
 31
0.0
  0
LINE
  5
442
330
1F
100
AcDbEntity
  8
000 ALE CARPINTERIAS
100
AcDbLine
 10
129.521612
 20
175.379181
 30
0.0
 11
129.521612
 21
175.429181
 31
0.0
  0
LINE
  5
443
330
1F
100
AcDbEntity
  8
000 ALE CARPINTERIAS
100
AcDbLine
 10
129.521612
 20
175.429181
 30
0.0
 11
129.421612
 21
175.429181
 31
0.0
  0
LINE
  5
444
330
1F
100
AcDbEntity
  8
000 ALE CARPINTERIAS
100
AcDbLine
 10
129.421612
 20
175.429181
 30
0.0
 11
129.421612
 21
175.379181
 31
0.0
  0
LINE
  5
445
330
1F
100
AcDbEntity
  8
000 ALE CARPINTERIAS
100
AcDbLine
 10
129.421612
 20
180.379181
 30
0.0
 11
129.421612
 21
180.329181
 31
0.0
  0
LINE
  5
446
330
1F
100
AcDbEntity
  8
000 ALE CARPINTERIAS
100
AcDbLine
 10
129.421612
 20
180.329181
 30
0.0
 11
129.521612
 21
180.329181
 31
0.0
  0
LINE
  5
447
330
1F
100
AcDbEntity
  8
000 ALE CARPINTERIAS
100
AcDbLine
 10
129.521612
 20
180.329181
 30
0.0
 11
129.521612
 21
180.379181
 31
0.0
  0
LINE
  5
448
330
1F
100
AcDbEntity
  8
000 ALE CARPINTERIAS
100
AcDbLine
 10
129.521612
 20
180.329181
 30
0.0
 11
129.521612
 21
175.429181
 31
0.0
  0
INSERT
  5
449
330
1F
100
AcDbEntity
  8
Mobiliario
100
AcDbBlockReference
  2
BIND
 10
-275475.677062
 20
-112124.588802
 30
0.0
  0
INSERT
  5
457
330
1F
100
AcDbEntity
  8
Mobiliario
100
AcDbBlockReference
  2
BIND
 10
-275476.927062
 20
-112124.588802
 30
0.0
  0
INSERT
  5
458
330
1F
100
AcDbEntity
  8
Mobiliario
100
AcDbBlockReference
  2
BIND
 10
-275478.177062
 20
-112124.588802
 30
0.0
  0
INSERT
  5
459
330
1F
100
AcDbEntity
  8
Mobiliario
100
AcDbBlockReference
  2
BIND
 10
-275475.677062
 20
-112123.538802
 30
0.0
  0
INSERT
  5
45A
330
1F
100
AcDbEntity
  8
Mobiliario
100
AcDbBlockReference
  2
BIND
 10
-275476.927062
 20
-112123.538802
 30
0.0
  0
INSERT
  5
45B
330
1F
100
AcDbEntity
  8
Mobiliario
100
AcDbBlockReference
  2
BIND
 10
-275478.177062
 20
-112123.538802
 30
0.0
  0
INSERT
  5
45C
330
1F
100
AcDbEntity
  8
Mobiliario
100
AcDbBlockReference
  2
BIND
 10
275788.270287
 20
-112124.588802
 30
0.0
 41
-1.0
  0
INSERT
  5
45D
330
1F
100
AcDbEntity
  8
Mobiliario
100
AcDbBlockReference
  2
BIND
 10
275789.520287
 20
-112124.588802
 30
0.0
 41
-1.0
  0
INSERT
  5
45E
330
1F
100
AcDbEntity
  8
Mobiliario
100
AcDbBlockReference
  2
BIND
 10
275790.770287
 20
-112124.588802
 30
0.0
 41
-1.0
  0
INSERT
  5
45F
330
1F
100
AcDbEntity
  8
Mobiliario
100
AcDbBlockReference
  2
BIND
 10
275788.270287
 20
-112123.538802
 30
0.0
 41
-1.0
  0
INSERT
  5
460
330
1F
100
AcDbEntity
  8
Mobiliario
100
AcDbBlockReference
  2
BIND
 10
275789.520287
 20
-112123.538802
 30
0.0
 41
-1.0
  0
INSERT
  5
461
330
1F
100
AcDbEntity
  8
Mobiliario
100
AcDbBlockReference
  2
BIND
 10
275790.770287
 20
-112123.538802
 30
0.0
 41
-1.0
  0
HATCH
  5
462
330
1F
100
AcDbEntity
  8
000 ALE HATCH MUROS
100
AcDbHatch
 10
0.0
 20
0.0
 30
0.0
210
0.0
220
0.0
230
1.0
  2
SOLID
 70
     1
 71
     0
 91
        2
 92
        7
 72
     0
 73
     1
 93
       43
 10
161.5516092943142
 20
150.4391814186969
 10
158.8716092943143
 20
150.439181418697
 10
158.8716092943143
 20
150.239181418697
 10
161.3516092943141
 20
150.2391814186969
 10
161.3516092943141
 20
148.339531780252
 10
159.3916092943143
 20
148.339531780252
 10
159.3916092943143
 20
148.139531780252
 10
161.3516092943141
 20
148.139531780252
 10
161.3516092943141
 20
144.489531780252
 10
157.3516092943141
 20
144.4895317802521
 10
157.3516092943141
 20
148.139531780252
 10
158.5716092943144
 20
148.139531780252
 10
158.5716092943144
 20
148.339531780252
 10
157.3516092943144
 20
148.339531780252
 10
157.3516092943144
 20
150.2391814186969
 10
157.6716092943143
 20
150.239181418697
 10
157.6716092943145
 20
150.339181418697
 10
157.6716092943143
 20
150.439181418697
 10
151.3916092943136
 20
150.439181418697
 10
151.3916092943136
 20
150.2391814186969
 10
151.5516092943142
 20
150.2391814186969
 10
151.5516092943144
 20
150.1391814186969
 10
151.6516092943145
 20
150.1391814186969
 10
151.6516092943141
 20
150.2391814186969
 10
157.1516092943143
 20
150.2391814186968
 10
157.1516092943141
 20
143.3795317802521
 10
157.3516092943141
 20
143.3795317802521
 10
157.3516092943141
 20
144.2895317802521
 10
161.3516092943141
 20
144.289531780252
 10
161.3516092943141
 20
142.5295317802521
 10
157.3516092943141
 20
142.5295317802521
 10
157.3516092943144
 20
142.6195317802521
 10
157.1516092943136
 20
142.6195317802521
 10
157.1516092943141
 20
141.4195317802522
 10
157.3516092943144
 20
141.4195317802522
 10
157.3516092943141
 20
142.3295317802521
 10
161.3516092943141
 20
142.3295317802521
 10
161.3516092943141
 20
140.5595317802521
 10
157.3516092943141
 20
140.5595317802521
 10
157.3516092943144
 20
140.6595317802522
 10
157.1516092943141
 20
140.6595317802522
 10
157.1516092943141
 20
140.3595317802529
 10
161.5516092943142
 20
140.3595317802521
 97
        0
 92
       25
 93
        4
 72
     1
 10
157.4697866192469
 20
149.5102043263112
 11
158.3250247144847
 21
149.5102043263112
 72
     1
 10
158.3250247144847
 20
149.5102043263112
 11
158.3250247144847
 21
150.1102043263112
 72
     1
 10
158.3250247144847
 20
150.1102043263112
 11
157.4697866192469
 21
150.1102043263112
 72
     1
 10
157.4697866192469
 20
150.1102043263112
 11
157.4697866192469
 21
149.5102043263112
 97
        0
 75
     1
 76
     1
 47
0.021663
 98
        1
 10
161.5361178953526
 20
150.3345366308419
1001
GradientColor1ACI
1070
     5
1001
GradientColor2ACI
1070
     2
1001
ACAD
1010
0.0
1020
0.0
1030
0.0
  0
LINE
  5
463
102
{ACAD_REACTORS
330
462
102
}
330
1F
100
AcDbEntity
  8
000 - MUROS EXISTENTES
100
AcDbLine
 10
161.351609
 20
148.339532
 30
0.0
 11
159.391609
 21
148.339532
 31
0.0
  0
LINE
  5
464
102
{ACAD_REACTORS
330
462
102
}
330
1F
100
AcDbEntity
  8
000 - MUROS EXISTENTES
100
AcDbLine
 10
158.571609
 20
148.339532
 30
0.0
 11
157.351609
 21
148.339532
 31
0.0
  0
LINE
  5
465
102
{ACAD_REACTORS
330
462
102
}
330
1F
100
AcDbEntity
  8
000 - MUROS EXISTENTES
100
AcDbLine
 10
161.351609
 20
148.139532
 30
0.0
 11
159.391609
 21
148.139532
 31
0.0
  0
LINE
  5
466
102
{ACAD_REACTORS
330
462
102
}
330
1F
100
AcDbEntity
  8
000 - MUROS EXISTENTES
100
AcDbLine
 10
158.571609
 20
148.139532
 30
0.0
 11
157.351609
 21
148.139532
 31
0.0
  0
LINE
  5
467
102
{ACAD_REACTORS
330
462
102
}
330
1F
100
AcDbEntity
  8
000 - MUROS EXISTENTES
100
AcDbLine
 10
161.351609
 20
148.139532
 30
0.0
 11
161.351609
 21
144.489532
 31
0.0
  0
LINE
  5
468
102
{ACAD_REACTORS
330
462
102
}
330
1F
100
AcDbEntity
  8
000 - MUROS EXISTENTES
100
AcDbLine
 10
161.351609
 20
144.489532
 30
0.0
 11
157.351609
 21
144.489532
 31
0.0
  0
LINE
  5
469
102
{ACAD_REACTORS
330
462
102
}
330
1F
100
AcDbEntity
  8
000 - MUROS EXISTENTES
100
AcDbLine
 10
157.351609
 20
144.489532
 30
0.0
 11
157.351609
 21
148.139532
 31
0.0
  0
LINE
  5
46A
102
{ACAD_REACTORS
330
462
102
}
330
1F
100
AcDbEntity
  8
000 - MUROS EXISTENTES
100
AcDbLine
 10
161.351609
 20
150.239181
 30
0.0
 11
158.871609
 21
150.239181
 31
0.0
  0
LINE
  5
46B
102
{ACAD_REACTORS
330
462
102
}
330
1F
100
AcDbEntity
  8
000 - MUROS EXISTENTES
100
AcDbLine
 10
157.671609
 20
150.239181
 30
0.0
 11
157.351609
 21
150.239181
 31
0.0
  0
LINE
  5
46C
102
{ACAD_REACTORS
330
462
102
}
330
1F
100
AcDbEntity
  8
000 - MUROS EXISTENTES
100
AcDbLine
 10
157.351609
 20
150.239181
 30
0.0
 11
157.351609
 21
148.339532
 31
0.0
  0
LINE
  5
46D
102
{ACAD_REACTORS
330
462
102
}
330
1F
100
AcDbEntity
  8
000 - MUROS EXISTENTES
100
AcDbLine
 10
157.151609
 20
142.619532
 30
0.0
 11
157.151609
 21
141.419532
 31
0.0
  0
LINE
  5
46E
102
{ACAD_REACTORS
330
462
102
}
330
1F
100
AcDbEntity
  8
000 - MUROS EXISTENTES
100
AcDbLine
 10
157.151609
 20
140.659532
 30
0.0
 11
157.151609
 21
140.359532
 31
0.0
  0
LINE
  5
46F
102
{ACAD_REACTORS
330
462
102
}
330
1F
100
AcDbEntity
  8
000 - MUROS EXISTENTES
100
AcDbLine
 10
161.351609
 20
144.289532
 30
0.0
 11
157.351609
 21
144.289532
 31
0.0
  0
LINE
  5
470
102
{ACAD_REACTORS
330
462
102
}
330
1F
100
AcDbEntity
  8
000 - MUROS EXISTENTES
100
AcDbLine
 10
161.351609
 20
142.529532
 30
0.0
 11
157.351609
 21
142.529532
 31
0.0
  0
LINE
  5
471
102
{ACAD_REACTORS
330
462
102
}
330
1F
100
AcDbEntity
  8
000 - MUROS EXISTENTES
100
AcDbLine
 10
161.351609
 20
142.329532
 30
0.0
 11
157.351609
 21
142.329532
 31
0.0
  0
LINE
  5
472
102
{ACAD_REACTORS
330
462
102
}
330
1F
100
AcDbEntity
  8
000 - MUROS EXISTENTES
100
AcDbLine
 10
161.351609
 20
140.559532
 30
0.0
 11
157.351609
 21
140.559532
 31
0.0
  0
LINE
  5
473
102
{ACAD_REACTORS
330
462
102
}
330
1F
100
AcDbEntity
  8
000 - MUROS EXISTENTES
100
AcDbLine
 10
161.551609
 20
140.359532
 30
0.0
 11
157.151609
 21
140.359532
 31
0.0
  0
LINE
  5
474
102
{ACAD_REACTORS
330
462
102
}
330
1F
100
AcDbEntity
  8
000 - MUROS EXISTENTES
100
AcDbLine
 10
161.351609
 20
144.289532
 30
0.0
 11
161.351609
 21
142.529532
 31
0.0
  0
LINE
  5
475
102
{ACAD_REACTORS
330
462
102
}
330
1F
100
AcDbEntity
  8
000 - MUROS EXISTENTES
100
AcDbLine
 10
161.351609
 20
142.329532
 30
0.0
 11
161.351609
 21
140.559532
 31
0.0
  0
LINE
  5
476
102
{ACAD_REACTORS
330
462
102
}
330
1F
100
AcDbEntity
  8
000 - MUROS EXISTENTES
100
AcDbLine
 10
157.351609
 20
142.619532
 30
0.0
 11
157.351609
 21
142.529532
 31
0.0
  0
LINE
  5
477
102
{ACAD_REACTORS
330
462
102
}
330
1F
100
AcDbEntity
  8
000 - MUROS EXISTENTES
100
AcDbLine
 10
157.351609
 20
142.329532
 30
0.0
 11
157.351609
 21
141.419532
 31
0.0
  0
LINE
  5
478
102
{ACAD_REACTORS
330
462
102
}
330
1F
100
AcDbEntity
  8
000 - MUROS EXISTENTES
100
AcDbLine
 10
157.351609
 20
140.659532
 30
0.0
 11
157.351609
 21
140.559532
 31
0.0
  0
HATCH
  5
479
330
1F
100
AcDbEntity
  8
000 ALE HATCH MUROS
100
AcDbHatch
 10
0.0
 20
0.0
 30
0.0
210
0.0
220
0.0
230
1.0
  2
SOLID
 70
     1
 71
     1
 91
        1
 92
        7
 72
     0
 73
     1
 93
        4
 10
161.3516092943141
 20
152.3791814186971
 10
161.5516092943142
 20
152.3791814186971
 10
161.5516092943142
 20
150.4391814186969
 10
161.3516092943141
 20
150.4391814186969
 97
        4
330
47A
330
57D
330
57B
330
57C
 75
     1
 76
     1
 47
0.009154
 98
        1
 10
161.4675597086052
 20
151.304258802332
1001
GradientColor1ACI
1070
     5
1001
GradientColor2ACI
1070
     2
1001
ACAD
1010
0.0
1020
0.0
1030
0.0
  0
LINE
  5
47A
102
{ACAD_REACTORS
330
462
330
479
102
}
330
1F
100
AcDbEntity
  8
000 - MUROS EXISTENTES
100
AcDbLine
 10
161.551609
 20
150.439181
 30
0.0
 11
158.871609
 21
150.439181
 31
0.0
  0
LINE
  5
47B
102
{ACAD_REACTORS
330
462
102
}
330
1F
100
AcDbEntity
  8
000 - MUROS EXISTENTES
100
AcDbLine
 10
157.671609
 20
150.439181
 30
0.0
 11
151.391609
 21
150.439181
 31
0.0
  0
HATCH
  5
47C
330
1F
100
AcDbEntity
  8
000 ALE HATCH MUROS
100
AcDbHatch
 10
0.0
 20
0.0
 30
0.0
210
0.0
220
0.0
230
1.0
  2
SOLID
 70
     1
 71
     1
 91
        1
 92
        7
 72
     0
 73
     1
 93
       22
 10
141.6316092943146
 20
150.4391814186969
 10
150.2916092943144
 20
150.439181418697
 10
150.291609294314
 20
150.2391814186972
 10
150.2416092943142
 20
150.2391814186969
 10
150.2416092943142
 20
146.6391814186969
 10
150.0416092943142
 20
146.639181418697
 10
150.0416092943144
 20
146.7391814186969
 10
150.1416092943143
 20
146.7391814186969
 10
150.1416092943143
 20
150.2391814186969
 10
145.5316092943146
 20
150.2391814186969
 10
145.5316092943144
 20
146.7391814186969
 10
146.0916092943141
 20
146.7391814186969
 10
146.0916092943139
 20
146.6391814186969
 10
145.7316092943149
 20
146.6391814186969
 10
145.7316092943149
 20
146.5391814186973
 10
145.631609294315
 20
146.5391814186973
 10
145.631609294315
 20
146.6391814186969
 10
145.4316092943145
 20
146.6391814186969
 10
145.4316092943147
 20
150.2391814186969
 10
141.8316092943148
 20
150.2391814186972
 10
141.8316092943146
 20
148.5491814186972
 10
141.6316092943146
 20
148.5491814186972
 97
       22
330
47D
330
4E6
330
4EB
330
4E4
330
4E3
330
4E5
330
4F3
330
4F0
330
4F1
330
4FB
330
4EF
330
4F4
330
4FD
330
4FA
330
4EC
330
4F2
330
4FC
330
4F9
330
526
330
524
330
525
330
583
 75
     1
 76
     1
 47
0.013628
 98
        1
 10
150.1851557301334
 20
147.1976541414689
1001
GradientColor1ACI
1070
     5
1001
GradientColor2ACI
1070
     2
1001
ACAD
1010
0.0
1020
0.0
1030
0.0
  0
LINE
  5
47D
102
{ACAD_REACTORS
330
47C
102
}
330
1F
100
AcDbEntity
  8
000 - MUROS EXISTENTES
100
AcDbLine
 10
150.291609
 20
150.439181
 30
0.0
 11
141.631609
 21
150.439181
 31
0.0
  0
LINE
  5
47E
102
{ACAD_REACTORS
330
462
102
}
330
1F
100
AcDbEntity
  8
000 - MUROS EXISTENTES
100
AcDbLine
 10
157.671609
 20
150.239181
 30
0.0
 11
157.671609
 21
150.439181
 31
0.0
  0
LINE
  5
47F
102
{ACAD_REACTORS
330
462
102
}
330
1F
100
AcDbEntity
  8
000 - MUROS EXISTENTES
100
AcDbLine
 10
158.871609
 20
150.239181
 30
0.0
 11
158.871609
 21
150.439181
 31
0.0
  0
LINE
  5
480
102
{ACAD_REACTORS
330
462
102
}
330
1F
100
AcDbEntity
  8
000 - MUROS EXISTENTES
100
AcDbLine
 10
158.571609
 20
148.339532
 30
0.0
 11
158.571609
 21
148.139532
 31
0.0
  0
LINE
  5
481
102
{ACAD_REACTORS
330
462
102
}
330
1F
100
AcDbEntity
  8
000 - MUROS EXISTENTES
100
AcDbLine
 10
159.391609
 20
148.339532
 30
0.0
 11
159.391609
 21
148.139532
 31
0.0
  0
LINE
  5
482
330
1F
100
AcDbEntity
  8
000 - MUROS EXISTENTES
100
AcDbLine
 10
158.351609
 20
144.489532
 30
0.0
 11
158.351609
 21
144.689532
 31
0.0
  0
LINE
  5
483
330
1F
100
AcDbEntity
  8
000 - MUROS EXISTENTES
100
AcDbLine
 10
158.351609
 20
144.689532
 30
0.0
 11
158.371609
 21
144.689532
 31
0.0
  0
LINE
  5
484
330
1F
100
AcDbEntity
  8
000 - MUROS EXISTENTES
100
AcDbLine
 10
158.371609
 20
144.689532
 30
0.0
 11
158.371609
 21
144.489532
 31
0.0
  0
LINE
  5
485
330
1F
100
AcDbEntity
  8
000 - MUROS EXISTENTES
100
AcDbLine
 10
158.351609
 20
144.689532
 30
0.0
 11
158.351609
 21
145.189532
 31
0.0
  0
LINE
  5
486
330
1F
100
AcDbEntity
  8
000 - MUROS EXISTENTES
100
AcDbLine
 10
158.351609
 20
145.189532
 30
0.0
 11
158.371609
 21
145.189532
 31
0.0
  0
LINE
  5
487
330
1F
100
AcDbEntity
  8
000 - MUROS EXISTENTES
100
AcDbLine
 10
158.371609
 20
145.189532
 30
0.0
 11
158.371609
 21
144.689532
 31
0.0
  0
LINE
  5
488
330
1F
100
AcDbEntity
  8
000 - MUROS EXISTENTES
100
AcDbLine
 10
158.351609
 20
145.189532
 30
0.0
 11
158.351609
 21
145.489532
 31
0.0
  0
LINE
  5
489
330
1F
100
AcDbEntity
  8
000 - MUROS EXISTENTES
100
AcDbLine
 10
158.351609
 20
145.489532
 30
0.0
 11
158.371609
 21
145.489532
 31
0.0
  0
LINE
  5
48A
330
1F
100
AcDbEntity
  8
000 - MUROS EXISTENTES
100
AcDbLine
 10
158.371609
 20
145.489532
 30
0.0
 11
158.371609
 21
145.189532
 31
0.0
  0
LINE
  5
48B
330
1F
100
AcDbEntity
  8
000 - MUROS EXISTENTES
100
AcDbLine
 10
158.351609
 20
145.489532
 30
0.0
 11
158.351609
 21
145.989532
 31
0.0
  0
LINE
  5
48C
330
1F
100
AcDbEntity
  8
000 - MUROS EXISTENTES
100
AcDbLine
 10
158.351609
 20
145.989532
 30
0.0
 11
158.371609
 21
145.989532
 31
0.0
  0
LINE
  5
48D
330
1F
100
AcDbEntity
  8
000 - MUROS EXISTENTES
100
AcDbLine
 10
158.371609
 20
145.989532
 30
0.0
 11
158.371609
 21
145.489532
 31
0.0
  0
LINE
  5
48E
330
1F
100
AcDbEntity
  8
000 - MUROS EXISTENTES
100
AcDbLine
 10
158.371609
 20
145.989532
 30
0.0
 11
158.371609
 21
146.249532
 31
0.0
  0
LINE
  5
48F
330
1F
100
AcDbEntity
  8
000 - MUROS EXISTENTES
100
AcDbLine
 10
158.371609
 20
146.249532
 30
0.0
 11
158.351609
 21
146.249532
 31
0.0
  0
LINE
  5
490
330
1F
100
AcDbEntity
  8
000 - MUROS EXISTENTES
100
AcDbLine
 10
158.351609
 20
146.249532
 30
0.0
 11
158.351609
 21
145.989532
 31
0.0
  0
LINE
  5
491
330
1F
100
AcDbEntity
  8
000 - MUROS EXISTENTES
100
AcDbLine
 10
158.351609
 20
146.249532
 30
0.0
 11
157.351609
 21
146.249532
 31
0.0
  0
LINE
  5
492
330
1F
100
AcDbEntity
  8
000 - MUROS EXISTENTES
100
AcDbLine
 10
158.351609
 20
146.229532
 30
0.0
 11
157.351609
 21
146.229532
 31
0.0
  0
LINE
  5
493
330
1F
100
AcDbEntity
  8
000 - MUROS EXISTENTES
100
AcDbLine
 10
158.351609
 20
145.349532
 30
0.0
 11
157.351609
 21
145.349532
 31
0.0
  0
LINE
  5
494
330
1F
100
AcDbEntity
  8
000 - MUROS EXISTENTES
100
AcDbLine
 10
158.351609
 20
145.329532
 30
0.0
 11
157.351609
 21
145.329532
 31
0.0
  0
LINE
  5
495
330
1F
100
AcDbEntity
  8
000 - MUROS EXISTENTES
100
AcDbLine
 10
157.951609
 20
146.249532
 30
0.0
 11
157.951609
 21
148.139532
 31
0.0
  0
LINE
  5
496
330
1F
100
AcDbEntity
  8
000 - MUROS EXISTENTES
100
AcDbLine
 10
160.226609
 20
148.139532
 30
0.0
 11
160.226609
 21
147.839532
 31
0.0
  0
LINE
  5
497
330
1F
100
AcDbEntity
  8
000 - MUROS EXISTENTES
100
AcDbLine
 10
160.226609
 20
147.839532
 30
0.0
 11
160.206609
 21
147.839532
 31
0.0
  0
LINE
  5
498
330
1F
100
AcDbEntity
  8
000 - MUROS EXISTENTES
100
AcDbLine
 10
160.206609
 20
147.839532
 30
0.0
 11
160.206609
 21
148.139532
 31
0.0
  0
LINE
  5
499
330
1F
100
AcDbEntity
  8
000 - MUROS EXISTENTES
100
AcDbLine
 10
160.226609
 20
147.839532
 30
0.0
 11
160.226609
 21
147.339532
 31
0.0
  0
LINE
  5
49A
330
1F
100
AcDbEntity
  8
000 - MUROS EXISTENTES
100
AcDbLine
 10
160.226609
 20
147.339532
 30
0.0
 11
160.206609
 21
147.339532
 31
0.0
  0
LINE
  5
49B
330
1F
100
AcDbEntity
  8
000 - MUROS EXISTENTES
100
AcDbLine
 10
160.206609
 20
147.339532
 30
0.0
 11
160.206609
 21
147.839532
 31
0.0
  0
LINE
  5
49C
330
1F
100
AcDbEntity
  8
000 - MUROS EXISTENTES
100
AcDbLine
 10
160.226609
 20
147.339532
 30
0.0
 11
160.226609
 21
147.009532
 31
0.0
  0
LINE
  5
49D
330
1F
100
AcDbEntity
  8
000 - MUROS EXISTENTES
100
AcDbLine
 10
160.226609
 20
147.009532
 30
0.0
 11
160.206609
 21
147.009532
 31
0.0
  0
LINE
  5
49E
330
1F
100
AcDbEntity
  8
000 - MUROS EXISTENTES
100
AcDbLine
 10
160.206609
 20
147.009532
 30
0.0
 11
160.206609
 21
147.339532
 31
0.0
  0
LINE
  5
49F
330
1F
100
AcDbEntity
  8
000 - MUROS EXISTENTES
100
AcDbLine
 10
160.226609
 20
147.009532
 30
0.0
 11
160.226609
 21
146.509532
 31
0.0
  0
LINE
  5
4A0
330
1F
100
AcDbEntity
  8
000 - MUROS EXISTENTES
100
AcDbLine
 10
160.226609
 20
146.509532
 30
0.0
 11
160.206609
 21
146.509532
 31
0.0
  0
LINE
  5
4A1
330
1F
100
AcDbEntity
  8
000 - MUROS EXISTENTES
100
AcDbLine
 10
160.206609
 20
146.509532
 30
0.0
 11
160.206609
 21
147.009532
 31
0.0
  0
LINE
  5
4A2
330
1F
100
AcDbEntity
  8
000 - MUROS EXISTENTES
100
AcDbLine
 10
160.226609
 20
146.509532
 30
0.0
 11
160.226609
 21
146.179532
 31
0.0
  0
LINE
  5
4A3
330
1F
100
AcDbEntity
  8
000 - MUROS EXISTENTES
100
AcDbLine
 10
160.226609
 20
146.179532
 30
0.0
 11
160.206609
 21
146.179532
 31
0.0
  0
LINE
  5
4A4
330
1F
100
AcDbEntity
  8
000 - MUROS EXISTENTES
100
AcDbLine
 10
160.206609
 20
146.179532
 30
0.0
 11
160.206609
 21
146.509532
 31
0.0
  0
LINE
  5
4A5
330
1F
100
AcDbEntity
  8
000 - MUROS EXISTENTES
100
AcDbLine
 10
160.226609
 20
146.179532
 30
0.0
 11
160.226609
 21
145.679532
 31
0.0
  0
LINE
  5
4A6
330
1F
100
AcDbEntity
  8
000 - MUROS EXISTENTES
100
AcDbLine
 10
160.226609
 20
145.679532
 30
0.0
 11
160.206609
 21
145.679532
 31
0.0
  0
LINE
  5
4A7
330
1F
100
AcDbEntity
  8
000 - MUROS EXISTENTES
100
AcDbLine
 10
160.206609
 20
145.679532
 30
0.0
 11
160.206609
 21
146.179532
 31
0.0
  0
LINE
  5
4A8
330
1F
100
AcDbEntity
  8
000 - MUROS EXISTENTES
100
AcDbLine
 10
160.226609
 20
145.679532
 30
0.0
 11
160.226609
 21
145.349532
 31
0.0
  0
LINE
  5
4A9
330
1F
100
AcDbEntity
  8
000 - MUROS EXISTENTES
100
AcDbLine
 10
160.226609
 20
145.349532
 30
0.0
 11
160.206609
 21
145.349532
 31
0.0
  0
LINE
  5
4AA
330
1F
100
AcDbEntity
  8
000 - MUROS EXISTENTES
100
AcDbLine
 10
160.206609
 20
145.349532
 30
0.0
 11
160.206609
 21
145.679532
 31
0.0
  0
LINE
  5
4AB
330
1F
100
AcDbEntity
  8
000 - MUROS EXISTENTES
100
AcDbLine
 10
160.226609
 20
145.349532
 30
0.0
 11
160.226609
 21
144.799532
 31
0.0
  0
LINE
  5
4AC
330
1F
100
AcDbEntity
  8
000 - MUROS EXISTENTES
100
AcDbLine
 10
160.226609
 20
144.799532
 30
0.0
 11
160.206609
 21
144.799532
 31
0.0
  0
LINE
  5
4AD
330
1F
100
AcDbEntity
  8
000 - MUROS EXISTENTES
100
AcDbLine
 10
160.206609
 20
144.799532
 30
0.0
 11
160.206609
 21
145.349532
 31
0.0
  0
LINE
  5
4AE
330
1F
100
AcDbEntity
  8
000 - MUROS EXISTENTES
100
AcDbLine
 10
160.226609
 20
144.799532
 30
0.0
 11
160.226609
 21
144.489532
 31
0.0
  0
LINE
  5
4AF
330
1F
100
AcDbEntity
  8
000 - MUROS EXISTENTES
100
AcDbLine
 10
160.206609
 20
144.799532
 30
0.0
 11
160.206609
 21
144.489532
 31
0.0
  0
LINE
  5
4B0
330
1F
100
AcDbEntity
  8
000 - MUROS EXISTENTES
100
AcDbLine
 10
161.351609
 20
147.239532
 30
0.0
 11
160.226609
 21
147.239532
 31
0.0
  0
LINE
  5
4B1
330
1F
100
AcDbEntity
  8
000 - MUROS EXISTENTES
100
AcDbLine
 10
161.351609
 20
147.219532
 30
0.0
 11
160.226609
 21
147.219532
 31
0.0
  0
LINE
  5
4B2
330
1F
100
AcDbEntity
  8
000 - MUROS EXISTENTES
100
AcDbLine
 10
161.351609
 20
146.299532
 30
0.0
 11
160.226609
 21
146.299532
 31
0.0
  0
LINE
  5
4B3
330
1F
100
AcDbEntity
  8
000 - MUROS EXISTENTES
100
AcDbLine
 10
161.351609
 20
146.279532
 30
0.0
 11
160.226609
 21
146.279532
 31
0.0
  0
LINE
  5
4B4
330
1F
100
AcDbEntity
  8
000 - MUROS EXISTENTES
100
AcDbLine
 10
161.351609
 20
145.409532
 30
0.0
 11
160.226609
 21
145.409532
 31
0.0
  0
LINE
  5
4B5
330
1F
100
AcDbEntity
  8
000 - MUROS EXISTENTES
100
AcDbLine
 10
161.351609
 20
145.389532
 30
0.0
 11
160.226609
 21
145.389532
 31
0.0
  0
LINE
  5
4B6
330
1F
100
AcDbEntity
  8
000 - MUROS EXISTENTES
100
AcDbLine
 10
157.351609
 20
143.689532
 30
0.0
 11
158.551609
 21
143.689532
 31
0.0
  0
LINE
  5
4B7
330
1F
100
AcDbEntity
  8
000 - MUROS EXISTENTES
100
AcDbLine
 10
158.551609
 20
143.689532
 30
0.0
 11
158.551609
 21
144.289532
 31
0.0
  0
LINE
  5
4B8
330
1F
100
AcDbEntity
  8
000 - MUROS EXISTENTES
100
AcDbLine
 10
160.251609
 20
144.289532
 30
0.0
 11
160.251609
 21
144.049532
 31
0.0
  0
LINE
  5
4B9
330
1F
100
AcDbEntity
  8
000 - MUROS EXISTENTES
100
AcDbLine
 10
160.251609
 20
144.049532
 30
0.0
 11
160.231609
 21
144.049532
 31
0.0
  0
LINE
  5
4BA
330
1F
100
AcDbEntity
  8
000 - MUROS EXISTENTES
100
AcDbLine
 10
160.231609
 20
144.049532
 30
0.0
 11
160.231609
 21
144.289532
 31
0.0
  0
LINE
  5
4BB
330
1F
100
AcDbEntity
  8
000 - MUROS EXISTENTES
100
AcDbLine
 10
160.251609
 20
143.549532
 30
0.0
 11
160.251609
 21
144.049532
 31
0.0
  0
LINE
  5
4BC
330
1F
100
AcDbEntity
  8
000 - MUROS EXISTENTES
100
AcDbLine
 10
160.231609
 20
144.049532
 30
0.0
 11
160.231609
 21
143.549532
 31
0.0
  0
LINE
  5
4BD
330
1F
100
AcDbEntity
  8
000 - MUROS EXISTENTES
100
AcDbLine
 10
160.231609
 20
143.549532
 30
0.0
 11
160.251609
 21
143.549532
 31
0.0
  0
LINE
  5
4BE
330
1F
100
AcDbEntity
  8
000 - MUROS EXISTENTES
100
AcDbLine
 10
160.251609
 20
143.549532
 30
0.0
 11
160.251609
 21
143.299532
 31
0.0
  0
LINE
  5
4BF
330
1F
100
AcDbEntity
  8
000 - MUROS EXISTENTES
100
AcDbLine
 10
160.251609
 20
143.299532
 30
0.0
 11
160.231609
 21
143.299532
 31
0.0
  0
LINE
  5
4C0
330
1F
100
AcDbEntity
  8
000 - MUROS EXISTENTES
100
AcDbLine
 10
160.231609
 20
143.299532
 30
0.0
 11
160.231609
 21
143.549532
 31
0.0
  0
LINE
  5
4C1
330
1F
100
AcDbEntity
  8
000 - MUROS EXISTENTES
100
AcDbLine
 10
160.251609
 20
143.299532
 30
0.0
 11
160.251609
 21
142.799532
 31
0.0
  0
LINE
  5
4C2
330
1F
100
AcDbEntity
  8
000 - MUROS EXISTENTES
100
AcDbLine
 10
160.251609
 20
142.799532
 30
0.0
 11
160.231609
 21
142.799532
 31
0.0
  0
LINE
  5
4C3
330
1F
100
AcDbEntity
  8
000 - MUROS EXISTENTES
100
AcDbLine
 10
160.231609
 20
142.799532
 30
0.0
 11
160.231609
 21
143.299532
 31
0.0
  0
LINE
  5
4C4
330
1F
100
AcDbEntity
  8
000 - MUROS EXISTENTES
100
AcDbLine
 10
160.231609
 20
142.799532
 30
0.0
 11
160.231609
 21
142.529532
 31
0.0
  0
LINE
  5
4C5
330
1F
100
AcDbEntity
  8
000 - MUROS EXISTENTES
100
AcDbLine
 10
160.251609
 20
142.799532
 30
0.0
 11
160.251609
 21
142.529532
 31
0.0
  0
LINE
  5
4C6
330
1F
100
AcDbEntity
  8
000 - MUROS EXISTENTES
100
AcDbLine
 10
160.251609
 20
142.329532
 30
0.0
 11
160.251609
 21
142.089532
 31
0.0
  0
LINE
  5
4C7
330
1F
100
AcDbEntity
  8
000 - MUROS EXISTENTES
100
AcDbLine
 10
160.251609
 20
142.089532
 30
0.0
 11
160.231609
 21
142.089532
 31
0.0
  0
LINE
  5
4C8
330
1F
100
AcDbEntity
  8
000 - MUROS EXISTENTES
100
AcDbLine
 10
160.231609
 20
142.089532
 30
0.0
 11
160.231609
 21
142.329532
 31
0.0
  0
LINE
  5
4C9
330
1F
100
AcDbEntity
  8
000 - MUROS EXISTENTES
100
AcDbLine
 10
160.251609
 20
141.589532
 30
0.0
 11
160.251609
 21
142.089532
 31
0.0
  0
LINE
  5
4CA
330
1F
100
AcDbEntity
  8
000 - MUROS EXISTENTES
100
AcDbLine
 10
160.231609
 20
142.089532
 30
0.0
 11
160.231609
 21
141.589532
 31
0.0
  0
LINE
  5
4CB
330
1F
100
AcDbEntity
  8
000 - MUROS EXISTENTES
100
AcDbLine
 10
160.231609
 20
141.589532
 30
0.0
 11
160.251609
 21
141.589532
 31
0.0
  0
LINE
  5
4CC
330
1F
100
AcDbEntity
  8
000 - MUROS EXISTENTES
100
AcDbLine
 10
160.251609
 20
141.589532
 30
0.0
 11
160.251609
 21
141.339532
 31
0.0
  0
LINE
  5
4CD
330
1F
100
AcDbEntity
  8
000 - MUROS EXISTENTES
100
AcDbLine
 10
160.251609
 20
141.339532
 30
0.0
 11
160.231609
 21
141.339532
 31
0.0
  0
LINE
  5
4CE
330
1F
100
AcDbEntity
  8
000 - MUROS EXISTENTES
100
AcDbLine
 10
160.231609
 20
141.339532
 30
0.0
 11
160.231609
 21
141.589532
 31
0.0
  0
LINE
  5
4CF
330
1F
100
AcDbEntity
  8
000 - MUROS EXISTENTES
100
AcDbLine
 10
160.251609
 20
141.339532
 30
0.0
 11
160.251609
 21
140.839532
 31
0.0
  0
LINE
  5
4D0
330
1F
100
AcDbEntity
  8
000 - MUROS EXISTENTES
100
AcDbLine
 10
160.251609
 20
140.839532
 30
0.0
 11
160.231609
 21
140.839532
 31
0.0
  0
LINE
  5
4D1
330
1F
100
AcDbEntity
  8
000 - MUROS EXISTENTES
100
AcDbLine
 10
160.231609
 20
140.839532
 30
0.0
 11
160.231609
 21
141.339532
 31
0.0
  0
LINE
  5
4D2
330
1F
100
AcDbEntity
  8
000 - MUROS EXISTENTES
100
AcDbLine
 10
160.231609
 20
140.839532
 30
0.0
 11
160.231609
 21
140.559532
 31
0.0
  0
LINE
  5
4D3
330
1F
100
AcDbEntity
  8
000 - MUROS EXISTENTES
100
AcDbLine
 10
160.251609
 20
140.839532
 30
0.0
 11
160.251609
 21
140.559532
 31
0.0
  0
LINE
  5
4D4
102
{ACAD_REACTORS
330
462
102
}
330
1F
100
AcDbEntity
  8
000 - MUROS EXISTENTES
100
AcDbLine
 10
157.351609
 20
140.659532
 30
0.0
 11
157.151609
 21
140.659532
 31
0.0
  0
LINE
  5
4D5
102
{ACAD_REACTORS
330
462
102
}
330
1F
100
AcDbEntity
  8
000 - MUROS EXISTENTES
100
AcDbLine
 10
157.351609
 20
141.419532
 30
0.0
 11
157.151609
 21
141.419532
 31
0.0
  0
LINE
  5
4D6
102
{ACAD_REACTORS
330
462
102
}
330
1F
100
AcDbEntity
  8
000 - MUROS EXISTENTES
100
AcDbLine
 10
157.151609
 20
142.619532
 30
0.0
 11
157.351609
 21
142.619532
 31
0.0
  0
LINE
  5
4D7
102
{ACAD_REACTORS
330
462
102
}
330
1F
100
AcDbEntity
  8
000 - MUROS EXISTENTES
100
AcDbLine
 10
157.151609
 20
143.379532
 30
0.0
 11
157.351609
 21
143.379532
 31
0.0
  0
HATCH
  5
4D8
330
1F
100
AcDbEntity
  8
000 ALE HATCH MUROS
100
AcDbHatch
 10
0.0
 20
0.0
 30
0.0
210
0.0
220
0.0
230
1.0
  2
SOLID
 70
     1
 71
     1
 91
        1
 92
        7
 72
     0
 73
     1
 93
        6
 10
151.5516092943144
 20
149.3791814186969
 10
151.6516092943145
 20
149.3791814186969
 10
151.6516092943143
 20
145.6391814186969
 10
157.1516092943142
 20
145.6391814186969
 10
157.1516092943142
 20
145.5391814186969
 10
151.5516092943144
 20
145.5391814186969
 97
        6
330
4DA
330
4DB
330
4DD
330
4E1
330
4D9
330
565
 75
     1
 76
     1
 47
0.008491
 98
        1
 10
151.5940696787138
 20
146.3716575995779
1001
GradientColor1ACI
1070
     5
1001
GradientColor2ACI
1070
     2
1001
ACAD
1010
0.0
1020
0.0
1030
0.0
  0
LINE
  5
4D9
102
{ACAD_REACTORS
330
4D8
102
}
330
1F
100
AcDbEntity
  8
000 - MUROS EXISTENTES
100
AcDbLine
 10
157.151609
 20
145.639181
 30
0.0
 11
151.651609
 21
145.639181
 31
0.0
  0
LINE
  5
4DA
102
{ACAD_REACTORS
330
4D8
102
}
330
1F
100
AcDbEntity
  8
000 - MUROS EXISTENTES
100
AcDbLine
 10
157.151609
 20
145.539181
 30
0.0
 11
151.551609
 21
145.539181
 31
0.0
  0
LINE
  5
4DB
102
{ACAD_REACTORS
330
4D8
102
}
330
1F
100
AcDbEntity
  8
000 - MUROS EXISTENTES
100
AcDbLine
 10
151.651609
 20
145.639181
 30
0.0
 11
151.651609
 21
149.379181
 31
0.0
  0
LINE
  5
4DC
102
{ACAD_REACTORS
330
462
102
}
330
1F
100
AcDbEntity
  8
000 - MUROS EXISTENTES
100
AcDbLine
 10
151.651609
 20
150.139181
 30
0.0
 11
151.651609
 21
150.239181
 31
0.0
  0
LINE
  5
4DD
102
{ACAD_REACTORS
330
4D8
102
}
330
1F
100
AcDbEntity
  8
000 - MUROS EXISTENTES
100
AcDbLine
 10
151.551609
 20
145.539181
 30
0.0
 11
151.551609
 21
149.379181
 31
0.0
  0
LINE
  5
4DE
102
{ACAD_REACTORS
330
462
102
}
330
1F
100
AcDbEntity
  8
000 - MUROS EXISTENTES
100
AcDbLine
 10
151.551609
 20
150.139181
 30
0.0
 11
151.551609
 21
150.239181
 31
0.0
  0
LINE
  5
4DF
102
{ACAD_REACTORS
330
462
102
}
330
1F
100
AcDbEntity
  8
000 - MUROS EXISTENTES
100
AcDbLine
 10
151.651609
 20
150.239181
 30
0.0
 11
157.151609
 21
150.239181
 31
0.0
  0
LINE
  5
4E0
102
{ACAD_REACTORS
330
462
102
}
330
1F
100
AcDbEntity
  8
000 - MUROS EXISTENTES
100
AcDbLine
 10
151.651609
 20
150.139181
 30
0.0
 11
151.551609
 21
150.139181
 31
0.0
  0
LINE
  5
4E1
102
{ACAD_REACTORS
330
4D8
102
}
330
1F
100
AcDbEntity
  8
000 - MUROS EXISTENTES
100
AcDbLine
 10
151.651609
 20
149.379181
 30
0.0
 11
151.551609
 21
149.379181
 31
0.0
  0
LINE
  5
4E2
102
{ACAD_REACTORS
330
462
102
}
330
1F
100
AcDbEntity
  8
000 - MUROS EXISTENTES
100
AcDbLine
 10
151.551609
 20
150.239181
 30
0.0
 11
151.391609
 21
150.239181
 31
0.0
  0
LINE
  5
4E3
102
{ACAD_REACTORS
330
47C
102
}
330
1F
100
AcDbEntity
  8
000 - MUROS EXISTENTES
100
AcDbLine
 10
150.291609
 20
150.239181
 30
0.0
 11
150.241609
 21
150.239181
 31
0.0
  0
LINE
  5
4E4
102
{ACAD_REACTORS
330
47C
102
}
330
1F
100
AcDbEntity
  8
000 - MUROS EXISTENTES
100
AcDbLine
 10
150.241609
 20
150.239181
 30
0.0
 11
150.241609
 21
146.639181
 31
0.0
  0
LINE
  5
4E5
102
{ACAD_REACTORS
330
47C
102
}
330
1F
100
AcDbEntity
  8
000 - MUROS EXISTENTES
100
AcDbLine
 10
150.141609
 20
150.239181
 30
0.0
 11
150.141609
 21
146.739181
 31
0.0
  0
LINE
  5
4E6
102
{ACAD_REACTORS
330
47C
102
}
330
1F
100
AcDbEntity
  8
000 - MUROS EXISTENTES
100
AcDbLine
 10
150.141609
 20
146.739181
 30
0.0
 11
150.041609
 21
146.739181
 31
0.0
  0
HATCH
  5
4E7
330
1F
100
AcDbEntity
  8
000 ALE HATCH MUROS
100
AcDbHatch
 10
0.0
 20
0.0
 30
0.0
210
0.0
220
0.0
230
1.0
  2
SOLID
 70
     1
 71
     1
 91
        1
 92
        7
 72
     0
 73
     1
 93
        4
 10
148.6516092943143
 20
146.7391814186969
 10
149.2816092943144
 20
146.7391814186969
 10
149.2816092943142
 20
146.639181418697
 10
148.6516092943143
 20
146.6391814186969
 97
        4
330
4E8
330
4ED
330
4F7
330
4F8
 75
     1
 76
     1
 47
0.008531
 98
        1
 10
148.8997775750422
 20
146.6985714343561
1001
GradientColor1ACI
1070
     5
1001
GradientColor2ACI
1070
     2
1001
ACAD
1010
0.0
1020
0.0
1030
0.0
  0
LINE
  5
4E8
102
{ACAD_REACTORS
330
4E7
102
}
330
1F
100
AcDbEntity
  8
000 - MUROS EXISTENTES
100
AcDbLine
 10
149.281609
 20
146.739181
 30
0.0
 11
148.651609
 21
146.739181
 31
0.0
  0
HATCH
  5
4E9
330
1F
100
AcDbEntity
  8
000 ALE HATCH MUROS
100
AcDbHatch
 10
0.0
 20
0.0
 30
0.0
210
0.0
220
0.0
230
1.0
  2
SOLID
 70
     1
 71
     1
 91
        1
 92
        7
 72
     0
 73
     1
 93
        4
 10
147.0516092943142
 20
146.7391814186969
 10
147.6916092943143
 20
146.7391814186969
 10
147.6916092943143
 20
146.6391814186969
 10
147.0516092943142
 20
146.639181418697
 97
        4
330
4EA
330
4F5
330
4F6
330
4EE
 75
     1
 76
     1
 47
0.008531
 98
        1
 10
147.319643852411
 20
146.7156343969615
1001
GradientColor1ACI
1070
     5
1001
GradientColor2ACI
1070
     2
1001
ACAD
1010
0.0
1020
0.0
1030
0.0
  0
LINE
  5
4EA
102
{ACAD_REACTORS
330
4E9
102
}
330
1F
100
AcDbEntity
  8
000 - MUROS EXISTENTES
100
AcDbLine
 10
147.691609
 20
146.739181
 30
0.0
 11
147.051609
 21
146.739181
 31
0.0
  0
LINE
  5
4EB
102
{ACAD_REACTORS
330
47C
102
}
330
1F
100
AcDbEntity
  8
000 - MUROS EXISTENTES
100
AcDbLine
 10
146.091609
 20
146.739181
 30
0.0
 11
145.531609
 21
146.739181
 31
0.0
  0
LINE
  5
4EC
102
{ACAD_REACTORS
330
47C
102
}
330
1F
100
AcDbEntity
  8
000 - MUROS EXISTENTES
100
AcDbLine
 10
150.241609
 20
146.639181
 30
0.0
 11
150.041609
 21
146.639181
 31
0.0
  0
LINE
  5
4ED
102
{ACAD_REACTORS
330
4E7
102
}
330
1F
100
AcDbEntity
  8
000 - MUROS EXISTENTES
100
AcDbLine
 10
149.281609
 20
146.639181
 30
0.0
 11
148.651609
 21
146.639181
 31
0.0
  0
LINE
  5
4EE
102
{ACAD_REACTORS
330
4E9
102
}
330
1F
100
AcDbEntity
  8
000 - MUROS EXISTENTES
100
AcDbLine
 10
147.691609
 20
146.639181
 30
0.0
 11
147.051609
 21
146.639181
 31
0.0
  0
LINE
  5
4EF
102
{ACAD_REACTORS
330
47C
102
}
330
1F
100
AcDbEntity
  8
000 - MUROS EXISTENTES
100
AcDbLine
 10
146.091609
 20
146.639181
 30
0.0
 11
145.731609
 21
146.639181
 31
0.0
  0
LINE
  5
4F0
102
{ACAD_REACTORS
330
47C
102
}
330
1F
100
AcDbEntity
  8
000 - MUROS EXISTENTES
100
AcDbLine
 10
145.631609
 20
146.639181
 30
0.0
 11
145.431609
 21
146.639181
 31
0.0
  0
LINE
  5
4F1
102
{ACAD_REACTORS
330
47C
102
}
330
1F
100
AcDbEntity
  8
000 - MUROS EXISTENTES
100
AcDbLine
 10
145.531609
 20
146.739181
 30
0.0
 11
145.531609
 21
150.239181
 31
0.0
  0
LINE
  5
4F2
102
{ACAD_REACTORS
330
47C
102
}
330
1F
100
AcDbEntity
  8
000 - MUROS EXISTENTES
100
AcDbLine
 10
145.431609
 20
146.639181
 30
0.0
 11
145.431609
 21
150.239181
 31
0.0
  0
LINE
  5
4F3
102
{ACAD_REACTORS
330
47C
102
}
330
1F
100
AcDbEntity
  8
000 - MUROS EXISTENTES
100
AcDbLine
 10
145.531609
 20
150.239181
 30
0.0
 11
150.141609
 21
150.239181
 31
0.0
  0
LINE
  5
4F4
102
{ACAD_REACTORS
330
47C
102
}
330
1F
100
AcDbEntity
  8
000 - MUROS EXISTENTES
100
AcDbLine
 10
146.091609
 20
146.739181
 30
0.0
 11
146.091609
 21
146.639181
 31
0.0
  0
LINE
  5
4F5
102
{ACAD_REACTORS
330
4E9
102
}
330
1F
100
AcDbEntity
  8
000 - MUROS EXISTENTES
100
AcDbLine
 10
147.051609
 20
146.739181
 30
0.0
 11
147.051609
 21
146.639181
 31
0.0
  0
LINE
  5
4F6
102
{ACAD_REACTORS
330
4E9
102
}
330
1F
100
AcDbEntity
  8
000 - MUROS EXISTENTES
100
AcDbLine
 10
147.691609
 20
146.739181
 30
0.0
 11
147.691609
 21
146.639181
 31
0.0
  0
LINE
  5
4F7
102
{ACAD_REACTORS
330
4E7
102
}
330
1F
100
AcDbEntity
  8
000 - MUROS EXISTENTES
100
AcDbLine
 10
148.651609
 20
146.739181
 30
0.0
 11
148.651609
 21
146.639181
 31
0.0
  0
LINE
  5
4F8
102
{ACAD_REACTORS
330
4E7
102
}
330
1F
100
AcDbEntity
  8
000 - MUROS EXISTENTES
100
AcDbLine
 10
149.281609
 20
146.739181
 30
0.0
 11
149.281609
 21
146.639181
 31
0.0
  0
LINE
  5
4F9
102
{ACAD_REACTORS
330
47C
102
}
330
1F
100
AcDbEntity
  8
000 - MUROS EXISTENTES
100
AcDbLine
 10
150.041609
 20
146.739181
 30
0.0
 11
150.041609
 21
146.639181
 31
0.0
  0
LINE
  5
4FA
102
{ACAD_REACTORS
330
47C
102
}
330
1F
100
AcDbEntity
  8
000 - MUROS EXISTENTES
100
AcDbLine
 10
145.431609
 20
150.239181
 30
0.0
 11
141.831609
 21
150.239181
 31
0.0
  0
LINE
  5
4FB
102
{ACAD_REACTORS
330
47C
102
}
330
1F
100
AcDbEntity
  8
000 - MUROS EXISTENTES
100
AcDbLine
 10
141.831609
 20
150.239181
 30
0.0
 11
141.831609
 21
148.549181
 31
0.0
  0
LINE
  5
4FC
102
{ACAD_REACTORS
330
47C
102
}
330
1F
100
AcDbEntity
  8
000 - MUROS EXISTENTES
100
AcDbLine
 10
141.831609
 20
148.549181
 30
0.0
 11
141.631609
 21
148.549181
 31
0.0
  0
LINE
  5
4FD
102
{ACAD_REACTORS
330
47C
102
}
330
1F
100
AcDbEntity
  8
000 - MUROS EXISTENTES
100
AcDbLine
 10
141.631609
 20
148.549181
 30
0.0
 11
141.631609
 21
150.439181
 31
0.0
  0
LINE
  5
4FE
330
1F
100
AcDbEntity
  8
000 ALE CARPINTERIAS
100
AcDbLine
 10
141.631609
 20
148.589181
 30
0.0
 11
141.631609
 21
140.359532
 31
0.0
  0
LINE
  5
4FF
330
1F
100
AcDbEntity
  8
000 ALE CARPINTERIAS
100
AcDbLine
 10
141.621609
 20
148.589181
 30
0.0
 11
141.621609
 21
140.359532
 31
0.0
  0
LINE
  5
500
330
1F
100
AcDbEntity
  8
000 ALE CARPINTERIAS
100
AcDbLine
 10
141.631609
 20
140.359532
 30
0.0
 11
148.511609
 21
140.359532
 31
0.0
  0
LINE
  5
501
330
1F
100
AcDbEntity
  8
000 ALE CARPINTERIAS
100
AcDbLine
 10
150.011609
 20
140.359532
 30
0.0
 11
157.151609
 21
140.359532
 31
0.0
  0
LINE
  5
502
330
1F
100
AcDbEntity
  8
000 ALE CARPINTERIAS
100
AcDbLine
 10
141.631609
 20
140.349532
 30
0.0
 11
148.511609
 21
140.349532
 31
0.0
  0
LINE
  5
503
330
1F
100
AcDbEntity
  8
000 ALE CARPINTERIAS
100
AcDbLine
 10
150.011609
 20
140.349532
 30
0.0
 11
157.151609
 21
140.349532
 31
0.0
  0
LINE
  5
504
330
1F
100
AcDbEntity
  8
000 ALE CARPINTERIAS
100
AcDbLine
 10
141.631609
 20
148.589181
 30
0.0
 11
141.621609
 21
148.589181
 31
0.0
  0
LINE
  5
505
330
1F
100
AcDbEntity
  8
000 - MUROS EXISTENTES
100
AcDbLine
 10
141.631609
 20
147.569181
 30
0.0
 11
141.621609
 21
147.569181
 31
0.0
  0
LINE
  5
506
330
1F
100
AcDbEntity
  8
000 ALE CARPINTERIAS
100
AcDbLine
 10
141.631609
 20
146.539181
 30
0.0
 11
141.621609
 21
146.539181
 31
0.0
  0
LINE
  5
507
330
1F
100
AcDbEntity
  8
000 ALE CARPINTERIAS
100
AcDbLine
 10
141.631609
 20
145.539181
 30
0.0
 11
141.621609
 21
145.539181
 31
0.0
  0
LINE
  5
508
330
1F
100
AcDbEntity
  8
000 - MUROS EXISTENTES
100
AcDbLine
 10
141.631609
 20
144.539181
 30
0.0
 11
141.621609
 21
144.539181
 31
0.0
  0
LINE
  5
509
330
1F
100
AcDbEntity
  8
000 ALE CARPINTERIAS
100
AcDbLine
 10
141.631609
 20
143.539181
 30
0.0
 11
141.621609
 21
143.539181
 31
0.0
  0
LINE
  5
50A
330
1F
100
AcDbEntity
  8
000 ALE CARPINTERIAS
100
AcDbLine
 10
141.631609
 20
142.539181
 30
0.0
 11
141.621609
 21
142.539181
 31
0.0
  0
LINE
  5
50B
330
1F
100
AcDbEntity
  8
000 - MUROS EXISTENTES
100
AcDbLine
 10
141.631609
 20
141.509181
 30
0.0
 11
141.621609
 21
141.509181
 31
0.0
  0
LINE
  5
50C
330
1F
100
AcDbEntity
  8
000 ALE CARPINTERIAS
100
AcDbLine
 10
141.711609
 20
146.619181
 30
0.0
 11
141.711609
 21
146.539181
 31
0.0
  0
LINE
  5
50D
330
1F
100
AcDbEntity
  8
000 ALE CARPINTERIAS
100
AcDbLine
 10
141.711609
 20
146.539181
 30
0.0
 11
141.631609
 21
146.539181
 31
0.0
  0
LINE
  5
50E
330
1F
100
AcDbEntity
  8
000 ALE CARPINTERIAS
100
AcDbLine
 10
141.631609
 20
146.539181
 30
0.0
 11
141.631609
 21
146.619181
 31
0.0
  0
LINE
  5
50F
330
1F
100
AcDbEntity
  8
000 ALE CARPINTERIAS
100
AcDbLine
 10
141.631609
 20
146.619181
 30
0.0
 11
141.711609
 21
146.619181
 31
0.0
  0
LWPOLYLINE
  5
510
330
1F
100
AcDbEntity
  8
000 ALE CARPINTERIAS
100
AcDbPolyline
 90
        4
 70
     1
 43
0.0
 10
141.631609
 20
146.619181
 10
141.711609
 20
146.619181
 10
141.711609
 20
146.539181
 10
141.631609
 20
146.539181
  0
LWPOLYLINE
  5
511
330
1F
100
AcDbEntity
  8
000 ALE CARPINTERIAS
100
AcDbPolyline
 90
        4
 70
     1
 43
0.0
 10
141.631609
 20
145.539181
 10
141.711609
 20
145.539181
 10
141.711609
 20
145.459181
 10
141.631609
 20
145.459181
  0
LWPOLYLINE
  5
512
330
1F
100
AcDbEntity
  8
000 ALE CARPINTERIAS
100
AcDbPolyline
 90
        4
 70
     1
 43
0.0
 10
141.631609
 20
143.579181
 10
141.711609
 20
143.579181
 10
141.711609
 20
143.499181
 10
141.631609
 20
143.499181
  0
HATCH
  5
513
330
1F
100
AcDbEntity
  8
000 ALE HATCH MUROS
100
AcDbHatch
 10
0.0
 20
0.0
 30
0.0
210
0.0
220
0.0
230
1.0
  2
SOLID
 70
     1
 71
     1
 91
        1
 92
        7
 72
     0
 73
     1
 93
        4
 10
141.7116092943149
 20
143.5791814186973
 10
143.2516092943149
 20
143.5791814186973
 10
143.2516092943149
 20
143.4791814186972
 10
141.7116092943149
 20
143.4791814186973
 97
        4
330
515
330
517
330
514
330
516
 75
     1
 76
     1
 47
0.008559
 98
        1
 10
143.1357805512243
 20
143.5449213028839
1001
GradientColor1ACI
1070
     5
1001
GradientColor2ACI
1070
     2
1001
ACAD
1010
0.0
1020
0.0
1030
0.0
  0
LINE
  5
514
102
{ACAD_REACTORS
330
513
102
}
330
1F
100
AcDbEntity
  8
000 ALE CARPINTERIAS
100
AcDbLine
 10
141.711609
 20
143.479181
 30
0.0
 11
141.711609
 21
143.579181
 31
0.0
  0
LINE
  5
515
102
{ACAD_REACTORS
330
513
102
}
330
1F
100
AcDbEntity
  8
000 - MUROS EXISTENTES
100
AcDbLine
 10
141.631609
 20
143.579181
 30
0.0
 11
143.251609
 21
143.579181
 31
0.0
  0
LINE
  5
516
102
{ACAD_REACTORS
330
513
102
}
330
1F
100
AcDbEntity
  8
000 - MUROS EXISTENTES
100
AcDbLine
 10
143.251609
 20
143.579181
 30
0.0
 11
143.251609
 21
143.479181
 31
0.0
  0
LINE
  5
517
102
{ACAD_REACTORS
330
513
102
}
330
1F
100
AcDbEntity
  8
000 - MUROS EXISTENTES
100
AcDbLine
 10
143.251609
 20
143.479181
 30
0.0
 11
141.631609
 21
143.479181
 31
0.0
  0
LINE
  5
518
330
1F
100
AcDbEntity
  8
000 ALE CARPINTERIAS
100
AcDbLine
 10
143.251609
 20
143.579181
 30
0.0
 11
144.201609
 21
143.579181
 31
0.0
  0
HATCH
  5
519
330
1F
100
AcDbEntity
  8
000 ALE HATCH MUROS
100
AcDbHatch
 10
0.0
 20
0.0
 30
0.0
210
0.0
220
0.0
230
1.0
  2
SOLID
 70
     1
 71
     1
 91
        1
 92
        7
 72
     0
 73
     1
 93
        8
 10
145.631609294315
 20
144.1391814186973
 10
145.7316092943149
 20
144.1391814186973
 10
145.7316092943149
 20
143.3791814186973
 10
145.631609294315
 20
143.3791814186972
 10
145.631609294315
 20
143.4791814186972
 10
144.2016092943149
 20
143.4791814186973
 10
144.2016092943149
 20
143.5791814186973
 10
145.631609294315
 20
143.5791814186973
 97
        9
330
51C
330
51A
330
51D
330
51E
330
540
330
538
330
529
330
52A
330
53F
 75
     1
 76
     1
 47
0.008559
 98
        1
 10
145.6635348570335
 20
143.639068883793
1001
GradientColor1ACI
1070
     5
1001
GradientColor2ACI
1070
     2
1001
ACAD
1010
0.0
1020
0.0
1030
0.0
  0
LINE
  5
51A
102
{ACAD_REACTORS
330
519
102
}
330
1F
100
AcDbEntity
  8
000 - MUROS EXISTENTES
100
AcDbLine
 10
144.201609
 20
143.579181
 30
0.0
 11
144.201609
 21
143.479181
 31
0.0
  0
LINE
  5
51B
330
1F
100
AcDbEntity
  8
000 ALE CARPINTERIAS
100
AcDbLine
 10
144.201609
 20
143.479181
 30
0.0
 11
143.251609
 21
143.479181
 31
0.0
  0
LINE
  5
51C
102
{ACAD_REACTORS
330
519
102
}
330
1F
100
AcDbEntity
  8
000 - MUROS EXISTENTES
100
AcDbLine
 10
144.201609
 20
143.579181
 30
0.0
 11
145.631609
 21
143.579181
 31
0.0
  0
LINE
  5
51D
102
{ACAD_REACTORS
330
519
102
}
330
1F
100
AcDbEntity
  8
000 - MUROS EXISTENTES
100
AcDbLine
 10
145.631609
 20
143.579181
 30
0.0
 11
145.631609
 21
144.139181
 31
0.0
  0
LINE
  5
51E
102
{ACAD_REACTORS
330
519
102
}
330
1F
100
AcDbEntity
  8
000 - MUROS EXISTENTES
100
AcDbLine
 10
145.631609
 20
144.139181
 30
0.0
 11
145.731609
 21
144.139181
 31
0.0
  0
LINE
  5
51F
330
1F
100
AcDbEntity
  8
000 ALE CARPINTERIAS
100
AcDbLine
 10
145.731609
 20
144.139181
 30
0.0
 11
145.731609
 21
145.079181
 31
0.0
  0
HATCH
  5
520
330
1F
100
AcDbEntity
  8
000 ALE HATCH MUROS
100
AcDbHatch
 10
0.0
 20
0.0
 30
0.0
210
0.0
220
0.0
230
1.0
  2
SOLID
 70
     1
 71
     1
 91
        1
 92
        7
 72
     0
 73
     1
 93
        4
 10
145.631609294315
 20
145.7791814186973
 10
145.7316092943149
 20
145.7791814186973
 10
145.7316092943149
 20
145.0791814186973
 10
145.631609294315
 20
145.0791814186973
 97
        4
330
521
330
522
330
523
330
527
 75
     1
 76
     1
 47
0.008531
 98
        1
 10
145.6968120264964
 20
145.5724159023741
1001
GradientColor1ACI
1070
     5
1001
GradientColor2ACI
1070
     2
1001
ACAD
1010
0.0
1020
0.0
1030
0.0
  0
LINE
  5
521
102
{ACAD_REACTORS
330
520
102
}
330
1F
100
AcDbEntity
  8
000 - MUROS EXISTENTES
100
AcDbLine
 10
145.731609
 20
145.079181
 30
0.0
 11
145.631609
 21
145.079181
 31
0.0
  0
LINE
  5
522
102
{ACAD_REACTORS
330
520
102
}
330
1F
100
AcDbEntity
  8
000 - MUROS EXISTENTES
100
AcDbLine
 10
145.631609
 20
145.079181
 30
0.0
 11
145.631609
 21
145.779181
 31
0.0
  0
LINE
  5
523
102
{ACAD_REACTORS
330
520
102
}
330
1F
100
AcDbEntity
  8
000 - MUROS EXISTENTES
100
AcDbLine
 10
145.631609
 20
145.779181
 30
0.0
 11
145.731609
 21
145.779181
 31
0.0
  0
LINE
  5
524
102
{ACAD_REACTORS
330
47C
102
}
330
1F
100
AcDbEntity
  8
000 - MUROS EXISTENTES
100
AcDbLine
 10
145.731609
 20
146.539181
 30
0.0
 11
145.631609
 21
146.539181
 31
0.0
  0
LINE
  5
525
102
{ACAD_REACTORS
330
47C
102
}
330
1F
100
AcDbEntity
  8
000 - MUROS EXISTENTES
100
AcDbLine
 10
145.631609
 20
146.539181
 30
0.0
 11
145.631609
 21
146.639181
 31
0.0
  0
LINE
  5
526
102
{ACAD_REACTORS
330
47C
102
}
330
1F
100
AcDbEntity
  8
000 - MUROS EXISTENTES
100
AcDbLine
 10
145.731609
 20
146.539181
 30
0.0
 11
145.731609
 21
146.639181
 31
0.0
  0
LINE
  5
527
102
{ACAD_REACTORS
330
520
102
}
330
1F
100
AcDbEntity
  8
000 - MUROS EXISTENTES
100
AcDbLine
 10
145.731609
 20
145.779181
 30
0.0
 11
145.731609
 21
145.079181
 31
0.0
  0
LINE
  5
528
330
1F
100
AcDbEntity
  8
000 ALE CARPINTERIAS
100
AcDbLine
 10
145.631609
 20
145.079181
 30
0.0
 11
145.631609
 21
144.139181
 31
0.0
  0
LINE
  5
529
102
{ACAD_REACTORS
330
519
102
}
330
1F
100
AcDbEntity
  8
000 - MUROS EXISTENTES
100
AcDbLine
 10
145.731609
 20
144.139181
 30
0.0
 11
145.731609
 21
143.479181
 31
0.0
  0
LINE
  5
52A
102
{ACAD_REACTORS
330
519
102
}
330
1F
100
AcDbEntity
  8
000 - MUROS EXISTENTES
100
AcDbLine
 10
145.631609
 20
143.479181
 30
0.0
 11
144.201609
 21
143.479181
 31
0.0
  0
LWPOLYLINE
  5
52B
330
1F
100
AcDbEntity
  8
000 ALE CARPINTERIAS
100
AcDbPolyline
 90
        4
 70
     1
 43
0.0
 10
141.631609
 20
142.539181
 10
141.711609
 20
142.539181
 10
141.711609
 20
142.459181
 10
141.631609
 20
142.459181
  0
LWPOLYLINE
  5
52C
330
1F
100
AcDbEntity
  8
000 ALE CARPINTERIAS
100
AcDbPolyline
 90
        5
 70
     0
 43
0.0
 10
141.631609
 20
140.359532
 10
141.751609
 20
140.359532
 10
141.751609
 20
140.414532
 10
141.631609
 20
140.414532
 10
141.631609
 20
140.359532
  0
LWPOLYLINE
  5
52D
330
1F
100
AcDbEntity
  8
000 ALE CARPINTERIAS
100
AcDbPolyline
 90
        5
 70
     0
 43
0.0
 10
141.631609
 20
140.414532
 10
141.751609
 20
140.414532
 10
141.751609
 20
140.469532
 10
141.631609
 20
140.469532
 10
141.631609
 20
140.414532
  0
LWPOLYLINE
  5
52E
330
1F
100
AcDbEntity
  8
000 ALE CARPINTERIAS
100
AcDbPolyline
 90
        4
 70
     1
 43
0.0
 10
143.621609
 20
140.439532
 10
143.701609
 20
140.439532
 10
143.701609
 20
140.359532
 10
143.621609
 20
140.359532
  0
LWPOLYLINE
  5
52F
330
1F
100
AcDbEntity
  8
000 ALE CARPINTERIAS
100
AcDbPolyline
 90
        4
 70
     1
 43
0.0
 10
144.701609
 20
140.439532
 10
144.781609
 20
140.439532
 10
144.781609
 20
140.359532
 10
144.701609
 20
140.359532
  0
LWPOLYLINE
  5
530
330
1F
100
AcDbEntity
  8
000 ALE CARPINTERIAS
100
AcDbPolyline
 90
        5
 70
     0
 43
0.0
 10
146.691609
 20
140.359532
 10
146.811609
 20
140.359532
 10
146.811609
 20
140.414532
 10
146.691609
 20
140.414532
 10
146.691609
 20
140.359532
  0
LWPOLYLINE
  5
531
330
1F
100
AcDbEntity
  8
000 ALE CARPINTERIAS
100
AcDbPolyline
 90
        5
 70
     0
 43
0.0
 10
146.691609
 20
140.414532
 10
146.811609
 20
140.414532
 10
146.811609
 20
140.469532
 10
146.691609
 20
140.469532
 10
146.691609
 20
140.414532
  0
LWPOLYLINE
  5
532
330
1F
100
AcDbEntity
  8
000 ALE CARPINTERIAS
100
AcDbPolyline
 90
        5
 70
     0
 43
0.0
 10
148.371609
 20
140.359532
 10
148.511609
 20
140.359532
 10
148.511609
 20
140.419532
 10
148.371609
 20
140.419532
 10
148.371609
 20
140.359532
  0
LWPOLYLINE
  5
533
330
1F
100
AcDbEntity
  8
000 ALE CARPINTERIAS
100
AcDbPolyline
 90
        5
 70
     0
 43
0.0
 10
150.011609
 20
140.359532
 10
150.151609
 20
140.359532
 10
150.151609
 20
140.419532
 10
150.011609
 20
140.419532
 10
150.011609
 20
140.359532
  0
LWPOLYLINE
  5
534
330
1F
100
AcDbEntity
  8
000 ALE CARPINTERIAS
100
AcDbPolyline
 90
        5
 70
     0
 43
0.0
 10
151.661609
 20
140.359532
 10
151.781609
 20
140.359532
 10
151.781609
 20
140.414532
 10
151.661609
 20
140.414532
 10
151.661609
 20
140.359532
  0
LWPOLYLINE
  5
535
330
1F
100
AcDbEntity
  8
000 ALE CARPINTERIAS
100
AcDbPolyline
 90
        5
 70
     0
 43
0.0
 10
151.661609
 20
140.414532
 10
151.781609
 20
140.414532
 10
151.781609
 20
140.469532
 10
151.661609
 20
140.469532
 10
151.661609
 20
140.414532
  0
LWPOLYLINE
  5
536
330
1F
100
AcDbEntity
  8
000 ALE CARPINTERIAS
100
AcDbPolyline
 90
        4
 70
     1
 43
0.0
 10
153.581609
 20
140.439532
 10
153.661609
 20
140.439532
 10
153.661609
 20
140.359532
 10
153.581609
 20
140.359532
  0
LWPOLYLINE
  5
537
330
1F
100
AcDbEntity
  8
000 ALE CARPINTERIAS
100
AcDbPolyline
 90
        4
 70
     1
 43
0.0
 10
154.661609
 20
140.439532
 10
154.741609
 20
140.439532
 10
154.741609
 20
140.359532
 10
154.661609
 20
140.359532
  0
LINE
  5
538
102
{ACAD_REACTORS
330
519
102
}
330
1F
100
AcDbEntity
  8
000 - MUROS EXISTENTES
100
AcDbLine
 10
145.631609
 20
143.479181
 30
0.0
 11
145.631609
 21
143.379181
 31
0.0
  0
HATCH
  5
539
330
1F
100
AcDbEntity
  8
000 ALE HATCH MUROS
100
AcDbHatch
 10
0.0
 20
0.0
 30
0.0
210
0.0
220
0.0
230
1.0
  2
SOLID
 70
     1
 71
     1
 91
        1
 92
        7
 72
     0
 73
     1
 93
        6
 10
145.7316092943149
 20
142.5791814186973
 10
146.631609294315
 20
142.5791814186973
 10
146.631609294315
 20
142.4791814186973
 10
145.631609294315
 20
142.4791814186973
 10
145.631609294315
 20
142.6191814186972
 10
145.7316092943149
 20
142.6191814186973
 97
        6
330
541
330
53C
330
53E
330
53A
330
53D
330
53B
 75
     1
 76
     1
 47
0.008559
 98
        1
 10
146.3061906953963
 20
142.5349728987468
1001
GradientColor1ACI
1070
     5
1001
GradientColor2ACI
1070
     2
1001
ACAD
1010
0.0
1020
0.0
1030
0.0
  0
LINE
  5
53A
102
{ACAD_REACTORS
330
539
102
}
330
1F
100
AcDbEntity
  8
000 - MUROS EXISTENTES
100
AcDbLine
 10
145.631609
 20
142.619181
 30
0.0
 11
145.631609
 21
142.479181
 31
0.0
  0
LINE
  5
53B
102
{ACAD_REACTORS
330
539
102
}
330
1F
100
AcDbEntity
  8
000 - MUROS EXISTENTES
100
AcDbLine
 10
145.631609
 20
142.479181
 30
0.0
 11
146.631609
 21
142.479181
 31
0.0
  0
LINE
  5
53C
102
{ACAD_REACTORS
330
539
102
}
330
1F
100
AcDbEntity
  8
000 - MUROS EXISTENTES
100
AcDbLine
 10
146.631609
 20
142.479181
 30
0.0
 11
146.631609
 21
142.579181
 31
0.0
  0
LINE
  5
53D
102
{ACAD_REACTORS
330
539
102
}
330
1F
100
AcDbEntity
  8
000 - MUROS EXISTENTES
100
AcDbLine
 10
146.631609
 20
142.579181
 30
0.0
 11
145.731609
 21
142.579181
 31
0.0
  0
LINE
  5
53E
102
{ACAD_REACTORS
330
539
102
}
330
1F
100
AcDbEntity
  8
000 - MUROS EXISTENTES
100
AcDbLine
 10
145.731609
 20
142.579181
 30
0.0
 11
145.731609
 21
142.619181
 31
0.0
  0
LINE
  5
53F
102
{ACAD_REACTORS
330
519
102
}
330
1F
100
AcDbEntity
  8
000 - MUROS EXISTENTES
100
AcDbLine
 10
145.731609
 20
143.379181
 30
0.0
 11
145.731609
 21
143.479181
 31
0.0
  0
LINE
  5
540
102
{ACAD_REACTORS
330
519
102
}
330
1F
100
AcDbEntity
  8
000 - MUROS EXISTENTES
100
AcDbLine
 10
145.631609
 20
143.379181
 30
0.0
 11
145.731609
 21
143.379181
 31
0.0
  0
LINE
  5
541
102
{ACAD_REACTORS
330
539
102
}
330
1F
100
AcDbEntity
  8
000 - MUROS EXISTENTES
100
AcDbLine
 10
145.631609
 20
142.619181
 30
0.0
 11
145.731609
 21
142.619181
 31
0.0
  0
LINE
  5
542
330
1F
100
AcDbEntity
  8
000 ALE CARPINTERIAS
100
AcDbLine
 10
146.681609
 20
142.469532
 30
0.0
 11
146.681609
 21
140.469532
 31
0.0
  0
LINE
  5
543
330
1F
100
AcDbEntity
  8
000 ALE CARPINTERIAS
100
AcDbLine
 10
146.691609
 20
142.469532
 30
0.0
 11
146.691609
 21
140.469532
 31
0.0
  0
LINE
  5
544
330
1F
100
AcDbEntity
  8
000 ALE CARPINTERIAS
100
AcDbLine
 10
151.691609
 20
142.579181
 30
0.0
 11
151.691609
 21
140.469532
 31
0.0
  0
LINE
  5
545
330
1F
100
AcDbEntity
  8
000 ALE CARPINTERIAS
100
AcDbLine
 10
151.701609
 20
142.579181
 30
0.0
 11
151.701609
 21
140.469532
 31
0.0
  0
LINE
  5
546
330
1F
100
AcDbEntity
  8
000 ALE CARPINTERIAS
100
AcDbLine
 10
146.681609
 20
142.469532
 30
0.0
 11
146.691609
 21
142.469532
 31
0.0
  0
LINE
  5
547
330
1F
100
AcDbEntity
  8
000 ALE CARPINTERIAS
100
AcDbLine
 10
151.701609
 20
142.469532
 30
0.0
 11
151.691609
 21
142.469532
 31
0.0
  0
LINE
  5
548
330
1F
100
AcDbEntity
  8
000 ALE CARPINTERIAS
100
AcDbLine
 10
150.691609
 20
142.469532
 30
0.0
 11
150.691609
 21
142.459532
 31
0.0
  0
LINE
  5
549
330
1F
100
AcDbEntity
  8
000 ALE CARPINTERIAS
100
AcDbLine
 10
150.691609
 20
142.459532
 30
0.0
 11
149.691609
 21
142.459532
 31
0.0
  0
LINE
  5
54A
330
1F
100
AcDbEntity
  8
000 ALE CARPINTERIAS
100
AcDbLine
 10
149.691609
 20
142.459532
 30
0.0
 11
149.691609
 21
142.469532
 31
0.0
  0
LINE
  5
54B
330
1F
100
AcDbEntity
  8
000 ALE CARPINTERIAS
100
AcDbLine
 10
149.691609
 20
142.469532
 30
0.0
 11
150.691609
 21
142.469532
 31
0.0
  0
LINE
  5
54C
330
1F
100
AcDbEntity
  8
000 ALE CARPINTERIAS
100
AcDbLine
 10
149.691609
 20
142.459532
 30
0.0
 11
148.691609
 21
142.459532
 31
0.0
  0
LINE
  5
54D
330
1F
100
AcDbEntity
  8
000 ALE CARPINTERIAS
100
AcDbLine
 10
148.691609
 20
142.459532
 30
0.0
 11
148.691609
 21
142.469532
 31
0.0
  0
LINE
  5
54E
330
1F
100
AcDbEntity
  8
000 ALE CARPINTERIAS
100
AcDbLine
 10
148.691609
 20
142.469532
 30
0.0
 11
149.691609
 21
142.469532
 31
0.0
  0
LINE
  5
54F
330
1F
100
AcDbEntity
  8
000 ALE CARPINTERIAS
100
AcDbLine
 10
148.691609
 20
142.459532
 30
0.0
 11
147.691609
 21
142.459532
 31
0.0
  0
LINE
  5
550
330
1F
100
AcDbEntity
  8
000 - MUROS EXISTENTES
100
AcDbLine
 10
147.691609
 20
142.459532
 30
0.0
 11
147.691609
 21
142.469532
 31
0.0
  0
LINE
  5
551
330
1F
100
AcDbEntity
  8
000 ALE CARPINTERIAS
100
AcDbLine
 10
147.691609
 20
142.469532
 30
0.0
 11
148.691609
 21
142.469532
 31
0.0
  0
LINE
  5
552
330
1F
100
AcDbEntity
  8
000 ALE CARPINTERIAS
100
AcDbLine
 10
147.691609
 20
142.459532
 30
0.0
 11
146.691609
 21
142.459532
 31
0.0
  0
LINE
  5
553
330
1F
100
AcDbEntity
  8
000 ALE CARPINTERIAS
100
AcDbLine
 10
146.691609
 20
142.459532
 30
0.0
 11
146.691609
 21
142.469532
 31
0.0
  0
LINE
  5
554
330
1F
100
AcDbEntity
  8
000 ALE CARPINTERIAS
100
AcDbLine
 10
146.691609
 20
142.469532
 30
0.0
 11
147.691609
 21
142.469532
 31
0.0
  0
LWPOLYLINE
  5
555
330
1F
100
AcDbEntity
  8
000 ALE CARPINTERIAS
100
AcDbPolyline
 90
        4
 70
     1
 43
0.0
 10
151.646609
 20
142.414532
 10
151.646609
 20
143.414532
 10
151.636609
 20
143.414532
 10
151.636609
 20
142.414532
  0
CIRCLE
  5
556
330
1F
100
AcDbEntity
  8
000 ALE CARPINTERIAS
100
AcDbCircle
 10
151.641609
 20
142.464532
 30
0.0
 40
0.0049999999999955
  0
CIRCLE
  5
557
330
1F
100
AcDbEntity
  8
000 ALE CARPINTERIAS
100
AcDbCircle
 10
151.641609
 20
142.464532
 30
0.0
 40
0.0133208971566887
  0
ARC
  5
558
330
1F
100
AcDbEntity
  8
000 ALE CARPINTERIAS
100
AcDbCircle
 10
151.641609
 20
142.464532
 30
0.0
 40
0.9500131578036632
100
AcDbArc
 50
89.698446
 51
179.698446
  0
ARC
  5
559
330
1F
100
AcDbEntity
  8
000 ALE CARPINTERIAS
100
AcDbCircle
 10
151.641609
 20
142.464532
 30
0.0
 40
0.0499999999999545
100
AcDbArc
 50
275.73917
 51
0.0
  0
LINE
  5
55A
330
1F
100
AcDbEntity
  8
000 ALE CARPINTERIAS
100
AcDbLine
 10
143.251609
 20
143.529181
 30
0.0
 11
144.201609
 21
143.529181
 31
0.0
  0
LINE
  5
55B
330
1F
100
AcDbEntity
  8
000 ALE CARPINTERIAS
100
AcDbLine
 10
145.681609
 20
145.079181
 30
0.0
 11
145.681609
 21
144.139181
 31
0.0
  0
LINE
  5
55C
330
1F
100
AcDbEntity
  8
000 ALE CARPINTERIAS
100
AcDbLine
 10
146.091609
 20
146.689181
 30
0.0
 11
147.051609
 21
146.689181
 31
0.0
  0
LINE
  5
55D
330
1F
100
AcDbEntity
  8
000 ALE CARPINTERIAS
100
AcDbLine
 10
147.691609
 20
146.689181
 30
0.0
 11
148.651609
 21
146.689181
 31
0.0
  0
LINE
  5
55E
330
1F
100
AcDbEntity
  8
000 ALE CARPINTERIAS
100
AcDbLine
 10
150.011609
 20
140.359532
 30
0.0
 11
150.011609
 21
140.349532
 31
0.0
  0
LINE
  5
55F
330
1F
100
AcDbEntity
  8
000 ALE CARPINTERIAS
100
AcDbLine
 10
148.511609
 20
140.359532
 30
0.0
 11
148.511609
 21
140.349532
 31
0.0
  0
LINE
  5
560
330
1F
100
AcDbEntity
  8
000 ALE CARPINTERIAS
100
AcDbLine
 10
148.511609
 20
140.349532
 30
0.0
 11
150.011609
 21
140.349532
 31
0.0
  0
LINE
  5
561
330
1F
100
AcDbEntity
  8
000 ALE CARPINTERIAS
100
AcDbLine
 10
148.511609
 20
140.399532
 30
0.0
 11
150.011609
 21
140.399532
 31
0.0
  0
LWPOLYLINE
  5
562
330
1F
100
AcDbEntity
  8
000 ALE CARPINTERIAS
100
AcDbPolyline
 90
        4
 70
     1
 43
0.0
 10
148.511609
 20
140.399532
 10
150.011609
 20
140.399532
 10
150.011609
 20
140.349532
 10
148.511609
 20
140.349532
  0
LINE
  5
563
102
{ACAD_REACTORS
330
462
102
}
330
1F
100
AcDbEntity
  8
000 - MUROS EXISTENTES
100
AcDbLine
 10
161.351609
 20
148.339532
 30
0.0
 11
161.351609
 21
150.239181
 31
0.0
  0
LINE
  5
564
102
{ACAD_REACTORS
330
462
102
}
330
1F
100
AcDbEntity
  8
000 - MUROS EXISTENTES
100
AcDbLine
 10
161.551609
 20
140.359532
 30
0.0
 11
161.551609
 21
150.439181
 31
0.0
  0
LINE
  5
565
102
{ACAD_REACTORS
330
462
330
4D8
102
}
330
1F
100
AcDbEntity
  8
000 - MUROS EXISTENTES
100
AcDbLine
 10
157.151609
 20
150.239181
 30
0.0
 11
157.151609
 21
143.379532
 31
0.0
  0
LINE
  5
566
102
{ACAD_REACTORS
330
462
102
}
330
1F
100
AcDbEntity
  8
000 - MUROS EXISTENTES
100
AcDbLine
 10
157.351609
 20
144.289532
 30
0.0
 11
157.351609
 21
143.379532
 31
0.0
  0
LINE
  5
567
330
1F
100
AcDbEntity
  8
000 - MUROS EXISTENTES
100
AcDbLine
 10
157.351609
 20
141.729532
 30
0.0
 11
158.551609
 21
141.729532
 31
0.0
  0
LINE
  5
568
330
1F
100
AcDbEntity
  8
000 - MUROS EXISTENTES
100
AcDbLine
 10
158.551609
 20
141.729532
 30
0.0
 11
158.551609
 21
142.329532
 31
0.0
  0
LINE
  5
569
330
1F
100
AcDbEntity
  8
000 - MUROS EXISTENTES
100
AcDbLine
 10
161.351609
 20
141.455532
 30
0.0
 11
160.251609
 21
141.455532
 31
0.0
  0
LINE
  5
56A
330
1F
100
AcDbEntity
  8
000 - MUROS EXISTENTES
100
AcDbLine
 10
161.351609
 20
141.435532
 30
0.0
 11
160.251609
 21
141.435532
 31
0.0
  0
LINE
  5
56B
330
1F
100
AcDbEntity
  8
000 - MUROS EXISTENTES
100
AcDbLine
 10
161.351609
 20
143.419532
 30
0.0
 11
160.251609
 21
143.419532
 31
0.0
  0
LINE
  5
56C
330
1F
100
AcDbEntity
  8
000 - MUROS EXISTENTES
100
AcDbLine
 10
161.351609
 20
143.399532
 30
0.0
 11
160.251609
 21
143.399532
 31
0.0
  0
LINE
  5
56D
330
1F
100
AcDbEntity
  8
000 ALE CARPINTERIAS
100
AcDbLine
 10
153.661609
 20
140.349532
 30
0.0
 11
154.661609
 21
140.349532
 31
0.0
  0
LINE
  5
56E
330
1F
100
AcDbEntity
  8
000 ALE CARPINTERIAS
100
AcDbLine
 10
154.661609
 20
140.349532
 30
0.0
 11
154.161609
 21
140.201677
 31
0.0
  0
LINE
  5
56F
330
1F
100
AcDbEntity
  8
000 ALE CARPINTERIAS
100
AcDbLine
 10
154.161609
 20
140.201677
 30
0.0
 11
153.661609
 21
140.349532
 31
0.0
  0
LINE
  5
570
330
1F
100
AcDbEntity
  8
000 ALE CARPINTERIAS
100
AcDbLine
 10
143.701609
 20
140.349532
 30
0.0
 11
144.701609
 21
140.349532
 31
0.0
  0
LINE
  5
571
330
1F
100
AcDbEntity
  8
000 ALE CARPINTERIAS
100
AcDbLine
 10
144.701609
 20
140.349532
 30
0.0
 11
144.201609
 21
140.201677
 31
0.0
  0
LINE
  5
572
330
1F
100
AcDbEntity
  8
000 ALE CARPINTERIAS
100
AcDbLine
 10
144.201609
 20
140.201677
 30
0.0
 11
143.701609
 21
140.349532
 31
0.0
  0
LINE
  5
573
330
1F
100
AcDbEntity
  8
000 ALE CARPINTERIAS
100
AcDbLine
 10
141.621609
 20
143.539181
 30
0.0
 11
141.621609
 21
142.539181
 31
0.0
  0
LINE
  5
574
330
1F
100
AcDbEntity
  8
000 ALE CARPINTERIAS
100
AcDbLine
 10
141.621609
 20
142.539181
 30
0.0
 11
141.473755
 21
143.039181
 31
0.0
  0
LINE
  5
575
330
1F
100
AcDbEntity
  8
000 ALE CARPINTERIAS
100
AcDbLine
 10
141.473755
 20
143.039181
 30
0.0
 11
141.621609
 21
143.539181
 31
0.0
  0
LINE
  5
576
330
1F
100
AcDbEntity
  8
000 ALE CARPINTERIAS
100
AcDbLine
 10
141.621609
 20
146.539181
 30
0.0
 11
141.621609
 21
145.539181
 31
0.0
  0
LINE
  5
577
330
1F
100
AcDbEntity
  8
000 ALE CARPINTERIAS
100
AcDbLine
 10
141.621609
 20
145.539181
 30
0.0
 11
141.473755
 21
146.039181
 31
0.0
  0
LINE
  5
578
330
1F
100
AcDbEntity
  8
000 ALE CARPINTERIAS
100
AcDbLine
 10
141.473755
 20
146.039181
 30
0.0
 11
141.621609
 21
146.539181
 31
0.0
  0
CIRCLE
  5
579
330
1F
100
AcDbEntity
  8
000 ALE CARPINTERIAS
100
AcDbCircle
 10
148.561609
 20
140.374532
 30
0.0
 40
0.01
  0
LINE
  5
57A
330
1F
100
AcDbEntity
  8
000 ALE CARPINTERIAS
100
AcDbLine
 10
148.561609
 20
140.374532
 30
0.0
 11
148.538936
 21
140.349532
 31
0.0
  0
LINE
  5
57B
102
{ACAD_REACTORS
330
479
102
}
330
1F
100
AcDbEntity
  8
000 - MUROS EXISTENTES
100
AcDbLine
 10
161.551609
 20
150.439181
 30
0.0
 11
161.551609
 21
152.379181
 31
0.0
  0
LINE
  5
57C
102
{ACAD_REACTORS
330
479
102
}
330
1F
100
AcDbEntity
  8
000 - MUROS EXISTENTES
100
AcDbLine
 10
161.551609
 20
152.379181
 30
0.0
 11
161.351609
 21
152.379181
 31
0.0
  0
LINE
  5
57D
102
{ACAD_REACTORS
330
479
102
}
330
1F
100
AcDbEntity
  8
000 - MUROS EXISTENTES
100
AcDbLine
 10
161.351609
 20
152.379181
 30
0.0
 11
161.351609
 21
150.439181
 31
0.0
  0
HATCH
  5
57E
330
1F
100
AcDbEntity
  8
000 ALE HATCH MUROS
100
AcDbHatch
 10
0.0
 20
0.0
 30
0.0
210
0.0
220
0.0
230
1.0
  2
SOLID
 70
     1
 71
     1
 91
        1
 92
        7
 72
     0
 73
     1
 93
        4
 10
141.4916141265689
 20
152.3791814186973
 10
141.686615938665
 20
152.3791818564904
 10
141.686615938665
 20
150.4391814186969
 10
141.4916141265692
 20
150.4391814186969
 97
        4
330
580
330
582
330
581
330
57F
 75
     1
 76
     1
 47
0.009213
 98
        1
 10
141.6346801060727
 20
151.512259896139
1001
GradientColor1ACI
1070
     5
1001
GradientColor2ACI
1070
     2
1001
ACAD
1010
0.0
1020
0.0
1030
0.0
  0
LINE
  5
57F
102
{ACAD_REACTORS
330
57E
102
}
330
1F
100
AcDbEntity
  8
000 - MUROS EXISTENTES
100
AcDbLine
 10
141.491614
 20
152.379181
 30
0.0
 11
141.686616
 21
152.379182
 31
0.0
  0
LINE
  5
580
102
{ACAD_REACTORS
330
57E
102
}
330
1F
100
AcDbEntity
  8
000 - MUROS EXISTENTES
100
AcDbLine
 10
141.686616
 20
152.379182
 30
0.0
 11
141.686616
 21
150.439182
 31
0.0
  0
LINE
  5
581
102
{ACAD_REACTORS
330
57E
102
}
330
1F
100
AcDbEntity
  8
000 - MUROS EXISTENTES
100
AcDbLine
 10
141.691614
 20
150.439181
 30
0.0
 11
141.491614
 21
150.439181
 31
0.0
  0
LINE
  5
582
102
{ACAD_REACTORS
330
57E
102
}
330
1F
100
AcDbEntity
  8
000 - MUROS EXISTENTES
100
AcDbLine
 10
141.491614
 20
150.439182
 30
0.0
 11
141.491614
 21
152.379182
 31
0.0
  0
LINE
  5
583
102
{ACAD_REACTORS
330
47C
102
}
330
1F
100
AcDbEntity
  8
000 - MUROS EXISTENTES
100
AcDbLine
 10
150.291609
 20
150.239181
 30
0.0
 11
150.291609
 21
150.439181
 31
0.0
  0
LINE
  5
584
102
{ACAD_REACTORS
330
462
102
}
330
1F
100
AcDbEntity
  8
000 - MUROS EXISTENTES
100
AcDbLine
 10
151.391609
 20
150.239181
 30
0.0
 11
151.391609
 21
150.439181
 31
0.0
  0
LWPOLYLINE
  5
585
102
{ACAD_REACTORS
330
3AC
102
}
330
1F
100
AcDbEntity
  8
000 - MUROS EXISTENTES
100
AcDbPolyline
 90
       17
 70
     0
 43
0.0
 10
129.521612
 20
205.379181
 10
129.521612
 20
202.879181
 10
129.421612
 20
202.879181
 10
129.421612
 20
203.319181
 42
0.414214
 10
129.391612
 20
203.349181
 10
129.221612
 20
203.349181
 10
129.221612
 20
203.409181
 10
129.391612
 20
203.409181
 42
0.414214
 10
129.421612
 20
203.439181
 10
129.421612
 20
204.819181
 42
0.414214
 10
129.391612
 20
204.849181
 10
129.221612
 20
204.849181
 10
129.221612
 20
204.909181
 10
129.391612
 20
204.909181
 42
0.414214
 10
129.421612
 20
204.939181
 10
129.421612
 20
205.379181
 10
129.521612
 20
205.379181
  0
LWPOLYLINE
  5
586
102
{ACAD_REACTORS
330
3AD
102
}
330
1F
100
AcDbEntity
  8
000 - MUROS EXISTENTES
100
AcDbPolyline
 90
       17
 70
     0
 43
0.0
 10
129.521612
 20
207.879181
 10
129.521612
 20
205.379181
 10
129.421612
 20
205.379181
 10
129.421612
 20
205.819181
 42
0.414214
 10
129.391612
 20
205.849181
 10
129.221612
 20
205.849181
 10
129.221612
 20
205.909181
 10
129.391612
 20
205.909181
 42
0.414214
 10
129.421612
 20
205.939181
 10
129.421612
 20
207.319181
 42
0.414214
 10
129.391612
 20
207.349181
 10
129.221612
 20
207.349181
 10
129.221612
 20
207.409181
 10
129.391612
 20
207.409181
 42
0.414214
 10
129.421612
 20
207.439181
 10
129.421612
 20
207.879181
 10
129.521612
 20
207.879181
  0
LWPOLYLINE
  5
587
102
{ACAD_REACTORS
330
3AE
102
}
330
1F
100
AcDbEntity
  8
000 - MUROS EXISTENTES
100
AcDbPolyline
 90
       17
 70
     0
 43
0.0
 10
129.521612
 20
210.379181
 10
129.521612
 20
207.879181
 10
129.421612
 20
207.879181
 10
129.421612
 20
208.319181
 42
0.414214
 10
129.391612
 20
208.349181
 10
129.221612
 20
208.349181
 10
129.221612
 20
208.409181
 10
129.391612
 20
208.409181
 42
0.414214
 10
129.421612
 20
208.439181
 10
129.421612
 20
209.819181
 42
0.414214
 10
129.391612
 20
209.849181
 10
129.221612
 20
209.849181
 10
129.221612
 20
209.909181
 10
129.391612
 20
209.909181
 42
0.414214
 10
129.421612
 20
209.939181
 10
129.421612
 20
210.379181
 10
129.521612
 20
210.379181
  0
LWPOLYLINE
  5
588
102
{ACAD_REACTORS
330
3AF
102
}
330
1F
100
AcDbEntity
  8
000 - MUROS EXISTENTES
100
AcDbPolyline
 90
       17
 70
     0
 43
0.0
 10
129.521612
 20
212.879181
 10
129.521612
 20
210.379181
 10
129.421612
 20
210.379181
 10
129.421612
 20
210.819181
 42
0.414214
 10
129.391612
 20
210.849181
 10
129.221612
 20
210.849181
 10
129.221612
 20
210.909181
 10
129.391612
 20
210.909181
 42
0.414214
 10
129.421612
 20
210.939181
 10
129.421612
 20
212.319181
 42
0.414214
 10
129.391612
 20
212.349181
 10
129.221612
 20
212.349181
 10
129.221612
 20
212.409181
 10
129.391612
 20
212.409181
 42
0.414214
 10
129.421612
 20
212.439181
 10
129.421612
 20
212.879181
 10
129.521612
 20
212.879181
  0
LWPOLYLINE
  5
589
102
{ACAD_REACTORS
330
3B0
102
}
330
1F
100
AcDbEntity
  8
000 - MUROS EXISTENTES
100
AcDbPolyline
 90
       17
 70
     0
 43
0.0
 10
129.521612
 20
202.879181
 10
129.521612
 20
200.379181
 10
129.421612
 20
200.379181
 10
129.421612
 20
200.819181
 42
0.414214
 10
129.391612
 20
200.849181
 10
129.221612
 20
200.849181
 10
129.221612
 20
200.909181
 10
129.391612
 20
200.909181
 42
0.414214
 10
129.421612
 20
200.939181
 10
129.421612
 20
202.319181
 42
0.414214
 10
129.391612
 20
202.349181
 10
129.221612
 20
202.349181
 10
129.221612
 20
202.409181
 10
129.391612
 20
202.409181
 42
0.414214
 10
129.421612
 20
202.439181
 10
129.421612
 20
202.879181
 10
129.521612
 20
202.879181
  0
LWPOLYLINE
  5
58A
102
{ACAD_REACTORS
330
3B1
102
}
330
1F
100
AcDbEntity
  8
000 - MUROS EXISTENTES
100
AcDbPolyline
 90
       17
 70
     0
 43
0.0
 10
129.521612
 20
200.379181
 10
129.521612
 20
197.879181
 10
129.421612
 20
197.879181
 10
129.421612
 20
198.319181
 42
0.414214
 10
129.391612
 20
198.349181
 10
129.221612
 20
198.349181
 10
129.221612
 20
198.409181
 10
129.391612
 20
198.409181
 42
0.414214
 10
129.421612
 20
198.439181
 10
129.421612
 20
199.819181
 42
0.414214
 10
129.391612
 20
199.849181
 10
129.221612
 20
199.849181
 10
129.221612
 20
199.909181
 10
129.391612
 20
199.909181
 42
0.414214
 10
129.421612
 20
199.939181
 10
129.421612
 20
200.379181
 10
129.521612
 20
200.379181
  0
LWPOLYLINE
  5
58B
102
{ACAD_REACTORS
330
3B2
102
}
330
1F
100
AcDbEntity
  8
000 - MUROS EXISTENTES
100
AcDbPolyline
 90
       17
 70
     0
 43
0.0
 10
129.521612
 20
197.879181
 10
129.521612
 20
195.379181
 10
129.421612
 20
195.379181
 10
129.421612
 20
195.819181
 42
0.414214
 10
129.391612
 20
195.849181
 10
129.221612
 20
195.849181
 10
129.221612
 20
195.909181
 10
129.391612
 20
195.909181
 42
0.414214
 10
129.421612
 20
195.939181
 10
129.421612
 20
197.319181
 42
0.414214
 10
129.391612
 20
197.349181
 10
129.221612
 20
197.349181
 10
129.221612
 20
197.409181
 10
129.391612
 20
197.409181
 42
0.414214
 10
129.421612
 20
197.439181
 10
129.421612
 20
197.879181
 10
129.521612
 20
197.879181
  0
LWPOLYLINE
  5
58C
102
{ACAD_REACTORS
330
3B3
102
}
330
1F
100
AcDbEntity
  8
000 - MUROS EXISTENTES
100
AcDbPolyline
 90
       17
 70
     0
 43
0.0
 10
129.521612
 20
195.379181
 10
129.521612
 20
192.879181
 10
129.421612
 20
192.879181
 10
129.421612
 20
193.319181
 42
0.414214
 10
129.391612
 20
193.349181
 10
129.221612
 20
193.349181
 10
129.221612
 20
193.409181
 10
129.391612
 20
193.409181
 42
0.414214
 10
129.421612
 20
193.439181
 10
129.421612
 20
194.819181
 42
0.414214
 10
129.391612
 20
194.849181
 10
129.221612
 20
194.849181
 10
129.221612
 20
194.909181
 10
129.391612
 20
194.909181
 42
0.414214
 10
129.421612
 20
194.939181
 10
129.421612
 20
195.379181
 10
129.521612
 20
195.379181
  0
LWPOLYLINE
  5
58D
102
{ACAD_REACTORS
330
3B4
102
}
330
1F
100
AcDbEntity
  8
000 - MUROS EXISTENTES
100
AcDbPolyline
 90
       17
 70
     0
 43
0.0
 10
129.521612
 20
192.879181
 10
129.521612
 20
190.379181
 10
129.421612
 20
190.379181
 10
129.421612
 20
190.819181
 42
0.414214
 10
129.391612
 20
190.849181
 10
129.221612
 20
190.849181
 10
129.221612
 20
190.909181
 10
129.391612
 20
190.909181
 42
0.414214
 10
129.421612
 20
190.939181
 10
129.421612
 20
192.319181
 42
0.414214
 10
129.391612
 20
192.349181
 10
129.221612
 20
192.349181
 10
129.221612
 20
192.409181
 10
129.391612
 20
192.409181
 42
0.414214
 10
129.421612
 20
192.439181
 10
129.421612
 20
192.879181
 10
129.521612
 20
192.879181
  0
LWPOLYLINE
  5
58E
102
{ACAD_REACTORS
330
3B5
102
}
330
1F
100
AcDbEntity
  8
000 - MUROS EXISTENTES
100
AcDbPolyline
 90
       17
 70
     0
 43
0.0
 10
129.521612
 20
190.379181
 10
129.521612
 20
187.879181
 10
129.421612
 20
187.879181
 10
129.421612
 20
188.319181
 42
0.414214
 10
129.391612
 20
188.349181
 10
129.221612
 20
188.349181
 10
129.221612
 20
188.409181
 10
129.391612
 20
188.409181
 42
0.414214
 10
129.421612
 20
188.439181
 10
129.421612
 20
189.819181
 42
0.414214
 10
129.391612
 20
189.849181
 10
129.221612
 20
189.849181
 10
129.221612
 20
189.909181
 10
129.391612
 20
189.909181
 42
0.414214
 10
129.421612
 20
189.939181
 10
129.421612
 20
190.379181
 10
129.521612
 20
190.379181
  0
LWPOLYLINE
  5
58F
102
{ACAD_REACTORS
330
3B6
102
}
330
1F
100
AcDbEntity
  8
000 - MUROS EXISTENTES
100
AcDbPolyline
 90
       17
 70
     0
 43
0.0
 10
129.521612
 20
187.879181
 10
129.521612
 20
185.379181
 10
129.421612
 20
185.379181
 10
129.421612
 20
185.819181
 42
0.414214
 10
129.391612
 20
185.849181
 10
129.221612
 20
185.849181
 10
129.221612
 20
185.909181
 10
129.391612
 20
185.909181
 42
0.414214
 10
129.421612
 20
185.939181
 10
129.421612
 20
187.319181
 42
0.414214
 10
129.391612
 20
187.349181
 10
129.221612
 20
187.349181
 10
129.221612
 20
187.409181
 10
129.391612
 20
187.409181
 42
0.414214
 10
129.421612
 20
187.439181
 10
129.421612
 20
187.879181
 10
129.521612
 20
187.879181
  0
LWPOLYLINE
  5
590
102
{ACAD_REACTORS
330
3B7
102
}
330
1F
100
AcDbEntity
  8
000 - MUROS EXISTENTES
100
AcDbPolyline
 90
       17
 70
     0
 43
0.0
 10
129.521612
 20
185.379181
 10
129.521612
 20
182.879181
 10
129.421612
 20
182.879181
 10
129.421612
 20
183.319181
 42
0.414214
 10
129.391612
 20
183.349181
 10
129.221612
 20
183.349181
 10
129.221612
 20
183.409181
 10
129.391612
 20
183.409181
 42
0.414214
 10
129.421612
 20
183.439181
 10
129.421612
 20
184.819181
 42
0.414214
 10
129.391612
 20
184.849181
 10
129.221612
 20
184.849181
 10
129.221612
 20
184.909181
 10
129.391612
 20
184.909181
 42
0.414214
 10
129.421612
 20
184.939181
 10
129.421612
 20
185.379181
 10
129.521612
 20
185.379181
  0
LWPOLYLINE
  5
591
102
{ACAD_REACTORS
330
3B8
102
}
330
1F
100
AcDbEntity
  8
000 - MUROS EXISTENTES
100
AcDbPolyline
 90
       17
 70
     0
 43
0.0
 10
129.521612
 20
182.879181
 10
129.521612
 20
180.379181
 10
129.421612
 20
180.379181
 10
129.421612
 20
180.819181
 42
0.414214
 10
129.391612
 20
180.849181
 10
129.221612
 20
180.849181
 10
129.221612
 20
180.909181
 10
129.391612
 20
180.909181
 42
0.414214
 10
129.421612
 20
180.939181
 10
129.421612
 20
182.319181
 42
0.414214
 10
129.391612
 20
182.349181
 10
129.221612
 20
182.349181
 10
129.221612
 20
182.409181
 10
129.391612
 20
182.409181
 42
0.414214
 10
129.421612
 20
182.439181
 10
129.421612
 20
182.879181
 10
129.521612
 20
182.879181
  0
LWPOLYLINE
  5
592
102
{ACAD_REACTORS
330
3B9
102
}
330
1F
100
AcDbEntity
  8
000 - MUROS EXISTENTES
100
AcDbPolyline
 90
       17
 70
     0
 43
0.0
 10
129.521612
 20
175.379181
 10
129.521612
 20
172.879181
 10
129.421612
 20
172.879181
 10
129.421612
 20
173.319181
 42
0.414214
 10
129.391612
 20
173.349181
 10
129.221612
 20
173.349181
 10
129.221612
 20
173.409181
 10
129.391612
 20
173.409181
 42
0.414214
 10
129.421612
 20
173.439181
 10
129.421612
 20
174.819181
 42
0.414214
 10
129.391612
 20
174.849181
 10
129.221612
 20
174.849181
 10
129.221612
 20
174.909181
 10
129.391612
 20
174.909181
 42
0.414214
 10
129.421612
 20
174.939181
 10
129.421612
 20
175.379181
 10
129.521612
 20
175.379181
  0
LWPOLYLINE
  5
593
102
{ACAD_REACTORS
330
3BA
102
}
330
1F
100
AcDbEntity
  8
000 - MUROS EXISTENTES
100
AcDbPolyline
 90
       17
 70
     0
 43
0.0
 10
129.521612
 20
172.879181
 10
129.521612
 20
170.379181
 10
129.421612
 20
170.379181
 10
129.421612
 20
170.819181
 42
0.414214
 10
129.391612
 20
170.849181
 10
129.221612
 20
170.849181
 10
129.221612
 20
170.909181
 10
129.391612
 20
170.909181
 42
0.414214
 10
129.421612
 20
170.939181
 10
129.421612
 20
172.319181
 42
0.414214
 10
129.391612
 20
172.349181
 10
129.221612
 20
172.349181
 10
129.221612
 20
172.409181
 10
129.391612
 20
172.409181
 42
0.414214
 10
129.421612
 20
172.439181
 10
129.421612
 20
172.879181
 10
129.521612
 20
172.879181
  0
LWPOLYLINE
  5
594
102
{ACAD_REACTORS
330
3BB
102
}
330
1F
100
AcDbEntity
  8
000 - MUROS EXISTENTES
100
AcDbPolyline
 90
       17
 70
     0
 43
0.0
 10
129.521612
 20
170.379181
 10
129.521612
 20
167.879181
 10
129.421612
 20
167.879181
 10
129.421612
 20
168.319181
 42
0.414214
 10
129.391612
 20
168.349181
 10
129.221612
 20
168.349181
 10
129.221612
 20
168.409181
 10
129.391612
 20
168.409181
 42
0.414214
 10
129.421612
 20
168.439181
 10
129.421612
 20
169.819181
 42
0.414214
 10
129.391612
 20
169.849181
 10
129.221612
 20
169.849181
 10
129.221612
 20
169.909181
 10
129.391612
 20
169.909181
 42
0.414214
 10
129.421612
 20
169.939181
 10
129.421612
 20
170.379181
 10
129.521612
 20
170.379181
  0
LWPOLYLINE
  5
595
102
{ACAD_REACTORS
330
3BC
102
}
330
1F
100
AcDbEntity
  8
000 - MUROS EXISTENTES
100
AcDbPolyline
 90
       17
 70
     0
 43
0.0
 10
129.521612
 20
167.879181
 10
129.521612
 20
165.379181
 10
129.421612
 20
165.379181
 10
129.421612
 20
165.819181
 42
0.414214
 10
129.391612
 20
165.849181
 10
129.221612
 20
165.849181
 10
129.221612
 20
165.909181
 10
129.391612
 20
165.909181
 42
0.414214
 10
129.421612
 20
165.939181
 10
129.421612
 20
167.319181
 42
0.414214
 10
129.391612
 20
167.349181
 10
129.221612
 20
167.349181
 10
129.221612
 20
167.409181
 10
129.391612
 20
167.409181
 42
0.414214
 10
129.421612
 20
167.439181
 10
129.421612
 20
167.879181
 10
129.521612
 20
167.879181
  0
LWPOLYLINE
  5
596
102
{ACAD_REACTORS
330
3BD
102
}
330
1F
100
AcDbEntity
  8
000 - MUROS EXISTENTES
100
AcDbPolyline
 90
       17
 70
     0
 43
0.0
 10
129.521612
 20
165.379181
 10
129.521612
 20
162.879181
 10
129.421612
 20
162.879181
 10
129.421612
 20
163.319181
 42
0.414214
 10
129.391612
 20
163.349181
 10
129.221612
 20
163.349181
 10
129.221612
 20
163.409181
 10
129.391612
 20
163.409181
 42
0.414214
 10
129.421612
 20
163.439181
 10
129.421612
 20
164.819181
 42
0.414214
 10
129.391612
 20
164.849181
 10
129.221612
 20
164.849181
 10
129.221612
 20
164.909181
 10
129.391612
 20
164.909181
 42
0.414214
 10
129.421612
 20
164.939181
 10
129.421612
 20
165.379181
 10
129.521612
 20
165.379181
  0
LWPOLYLINE
  5
597
102
{ACAD_REACTORS
330
3BE
102
}
330
1F
100
AcDbEntity
  8
000 - MUROS EXISTENTES
100
AcDbPolyline
 90
       17
 70
     0
 43
0.0
 10
129.521612
 20
162.879181
 10
129.521612
 20
160.379181
 10
129.421612
 20
160.379181
 10
129.421612
 20
160.819181
 42
0.414214
 10
129.391612
 20
160.849181
 10
129.221612
 20
160.849181
 10
129.221612
 20
160.909181
 10
129.391612
 20
160.909181
 42
0.414214
 10
129.421612
 20
160.939181
 10
129.421612
 20
162.319181
 42
0.414214
 10
129.391612
 20
162.349181
 10
129.221612
 20
162.349181
 10
129.221612
 20
162.409181
 10
129.391612
 20
162.409181
 42
0.414214
 10
129.421612
 20
162.439181
 10
129.421612
 20
162.879181
 10
129.521612
 20
162.879181
  0
LWPOLYLINE
  5
598
102
{ACAD_REACTORS
330
3BF
102
}
330
1F
100
AcDbEntity
  8
000 - MUROS EXISTENTES
100
AcDbPolyline
 90
       17
 70
     0
 43
0.0
 10
129.521612
 20
160.379181
 10
129.521612
 20
157.879181
 10
129.421612
 20
157.879181
 10
129.421612
 20
158.319181
 42
0.414214
 10
129.391612
 20
158.349181
 10
129.221612
 20
158.349181
 10
129.221612
 20
158.409181
 10
129.391612
 20
158.409181
 42
0.414214
 10
129.421612
 20
158.439181
 10
129.421612
 20
159.819181
 42
0.414214
 10
129.391612
 20
159.849181
 10
129.221612
 20
159.849181
 10
129.221612
 20
159.909181
 10
129.391612
 20
159.909181
 42
0.414214
 10
129.421612
 20
159.939181
 10
129.421612
 20
160.379181
 10
129.521612
 20
160.379181
  0
LWPOLYLINE
  5
599
102
{ACAD_REACTORS
330
3C0
102
}
330
1F
100
AcDbEntity
  8
000 - MUROS EXISTENTES
100
AcDbPolyline
 90
       17
 70
     0
 43
0.0
 10
129.521612
 20
157.879181
 10
129.521612
 20
155.379181
 10
129.421612
 20
155.379181
 10
129.421612
 20
155.819181
 42
0.414214
 10
129.391612
 20
155.849181
 10
129.221612
 20
155.849181
 10
129.221612
 20
155.909181
 10
129.391612
 20
155.909181
 42
0.414214
 10
129.421612
 20
155.939181
 10
129.421612
 20
157.319181
 42
0.414214
 10
129.391612
 20
157.349181
 10
129.221612
 20
157.349181
 10
129.221612
 20
157.409181
 10
129.391612
 20
157.409181
 42
0.414214
 10
129.421612
 20
157.439181
 10
129.421612
 20
157.879181
 10
129.521612
 20
157.879181
  0
LWPOLYLINE
  5
59A
102
{ACAD_REACTORS
330
3C1
102
}
330
1F
100
AcDbEntity
  8
000 - MUROS EXISTENTES
100
AcDbPolyline
 90
       17
 70
     0
 43
0.0
 10
129.521612
 20
155.379181
 10
129.521612
 20
152.879181
 10
129.421612
 20
152.879181
 10
129.421612
 20
153.319181
 42
0.414214
 10
129.391612
 20
153.349181
 10
129.221612
 20
153.349181
 10
129.221612
 20
153.409181
 10
129.391612
 20
153.409181
 42
0.414214
 10
129.421612
 20
153.439181
 10
129.421612
 20
154.819181
 42
0.414214
 10
129.391612
 20
154.849181
 10
129.221612
 20
154.849181
 10
129.221612
 20
154.909181
 10
129.391612
 20
154.909181
 42
0.414214
 10
129.421612
 20
154.939181
 10
129.421612
 20
155.379181
 10
129.521612
 20
155.379181
  0
LWPOLYLINE
  5
59B
102
{ACAD_REACTORS
330
3C2
102
}
330
1F
100
AcDbEntity
  8
000 - MUROS EXISTENTES
100
AcDbPolyline
 90
       17
 70
     0
 43
0.0
 10
144.521613
 20
152.679182
 10
147.021613
 20
152.679182
 10
147.021613
 20
152.579182
 10
146.581613
 20
152.579182
 42
0.414214
 10
146.551613
 20
152.549182
 10
146.551613
 20
152.379182
 10
146.491613
 20
152.379182
 10
146.491613
 20
152.549182
 42
0.414214
 10
146.461613
 20
152.579182
 10
145.081613
 20
152.579182
 42
0.414214
 10
145.051613
 20
152.549182
 10
145.051613
 20
152.379182
 10
144.991613
 20
152.379182
 10
144.991613
 20
152.549182
 42
0.414214
 10
144.961613
 20
152.579182
 10
144.521613
 20
152.579182
 10
144.521613
 20
152.679182
  0
LWPOLYLINE
  5
59C
102
{ACAD_REACTORS
330
3C3
102
}
330
1F
100
AcDbEntity
  8
000 - MUROS EXISTENTES
100
AcDbPolyline
 90
       17
 70
     0
 43
0.0
 10
142.021614
 20
152.679182
 10
144.521614
 20
152.679182
 10
144.521614
 20
152.579182
 10
144.081614
 20
152.579182
 42
0.414214
 10
144.051614
 20
152.549182
 10
144.051614
 20
152.379182
 10
143.991614
 20
152.379182
 10
143.991614
 20
152.549182
 42
0.414214
 10
143.961614
 20
152.579182
 10
142.581614
 20
152.579182
 42
0.414214
 10
142.551614
 20
152.549182
 10
142.551614
 20
152.379182
 10
142.491614
 20
152.379182
 10
142.491614
 20
152.549182
 42
0.414214
 10
142.461614
 20
152.579182
 10
142.021614
 20
152.579182
 10
142.021614
 20
152.679182
  0
LWPOLYLINE
  5
59D
102
{ACAD_REACTORS
330
3C4
102
}
330
1F
100
AcDbEntity
  8
000 - MUROS EXISTENTES
100
AcDbPolyline
 90
       17
 70
     0
 43
0.0
 10
139.521614
 20
152.679182
 10
142.021614
 20
152.679182
 10
142.021614
 20
152.579182
 10
141.581614
 20
152.579182
 42
0.414214
 10
141.551614
 20
152.549182
 10
141.551614
 20
152.379182
 10
141.491614
 20
152.379182
 10
141.491614
 20
152.549182
 42
0.414214
 10
141.461614
 20
152.579182
 10
140.081614
 20
152.579182
 42
0.414214
 10
140.051614
 20
152.549182
 10
140.051614
 20
152.379182
 10
139.991614
 20
152.379182
 10
139.991614
 20
152.549182
 42
0.414214
 10
139.961614
 20
152.579182
 10
139.521614
 20
152.579182
 10
139.521614
 20
152.679182
  0
LWPOLYLINE
  5
59E
102
{ACAD_REACTORS
330
3C5
102
}
330
1F
100
AcDbEntity
  8
000 - MUROS EXISTENTES
100
AcDbPolyline
 90
       17
 70
     0
 43
0.0
 10
137.021615
 20
152.679182
 10
139.521615
 20
152.679182
 10
139.521615
 20
152.579182
 10
139.081615
 20
152.579182
 42
0.414214
 10
139.051615
 20
152.549182
 10
139.051615
 20
152.379182
 10
138.991615
 20
152.379182
 10
138.991615
 20
152.549182
 42
0.414214
 10
138.961615
 20
152.579182
 10
137.581615
 20
152.579182
 42
0.414214
 10
137.551615
 20
152.549182
 10
137.551615
 20
152.379182
 10
137.491615
 20
152.379182
 10
137.491615
 20
152.549182
 42
0.414214
 10
137.461615
 20
152.579182
 10
137.021615
 20
152.579182
 10
137.021615
 20
152.679182
  0
LWPOLYLINE
  5
59F
102
{ACAD_REACTORS
330
3C6
102
}
330
1F
100
AcDbEntity
  8
000 - MUROS EXISTENTES
100
AcDbPolyline
 90
       17
 70
     0
 43
0.0
 10
134.521615
 20
152.679182
 10
137.021615
 20
152.679182
 10
137.021615
 20
152.579182
 10
136.581615
 20
152.579182
 42
0.414214
 10
136.551615
 20
152.549182
 10
136.551615
 20
152.379182
 10
136.491615
 20
152.379182
 10
136.491615
 20
152.549182
 42
0.414214
 10
136.461615
 20
152.579182
 10
135.081615
 20
152.579182
 42
0.414214
 10
135.051615
 20
152.549182
 10
135.051615
 20
152.379182
 10
134.991615
 20
152.379182
 10
134.991615
 20
152.549182
 42
0.414214
 10
134.961615
 20
152.579182
 10
134.521615
 20
152.579182
 10
134.521615
 20
152.679182
  0
LWPOLYLINE
  5
5A0
330
1F
100
AcDbEntity
  8
000 - MUROS EXISTENTES
100
AcDbPolyline
 90
        2
 70
     0
 43
0.0
 10
132.021616
 20
152.679182
 10
132.721616
 20
152.679182
  0
LWPOLYLINE
  5
5A1
330
1F
100
AcDbEntity
  8
000 - MUROS EXISTENTES
100
AcDbPolyline
 90
       10
 70
     0
 43
0.0
 10
133.821616
 20
152.679182
 10
134.521616
 20
152.679182
 10
134.521616
 20
152.579182
 10
134.081616
 20
152.579182
 42
0.414214
 10
134.051616
 20
152.549182
 10
134.051616
 20
152.379182
 10
133.991616
 20
152.379182
 10
133.991616
 20
152.549182
 42
0.414214
 10
133.961616
 20
152.579182
 10
133.821616
 20
152.579182
  0
LWPOLYLINE
  5
5A2
330
1F
100
AcDbEntity
  8
000 - MUROS EXISTENTES
100
AcDbPolyline
 90
        9
 70
     0
 43
0.0
 10
132.721616
 20
152.579182
 10
132.581616
 20
152.579182
 42
0.414214
 10
132.551616
 20
152.549182
 10
132.551616
 20
152.379182
 10
132.491616
 20
152.379182
 10
132.491616
 20
152.549182
 42
0.414214
 10
132.461616
 20
152.579182
 10
132.021616
 20
152.579182
 10
132.021616
 20
152.679182
  0
LWPOLYLINE
  5
5A3
330
1F
100
AcDbEntity
  8
000 - MUROS EXISTENTES
100
AcDbPolyline
 90
        2
 70
     0
 43
0.0
 10
129.521617
 20
152.679182
 10
130.221617
 20
152.679182
  0
LWPOLYLINE
  5
5A4
330
1F
100
AcDbEntity
  8
000 - MUROS EXISTENTES
100
AcDbPolyline
 90
       10
 70
     0
 43
0.0
 10
131.321617
 20
152.679182
 10
132.021617
 20
152.679182
 10
132.021617
 20
152.579182
 10
131.581617
 20
152.579182
 42
0.414214
 10
131.551617
 20
152.549182
 10
131.551617
 20
152.379182
 10
131.491617
 20
152.379182
 10
131.491617
 20
152.549182
 42
0.414214
 10
131.461617
 20
152.579182
 10
131.321617
 20
152.579182
  0
LWPOLYLINE
  5
5A5
330
1F
100
AcDbEntity
  8
000 - MUROS EXISTENTES
100
AcDbPolyline
 90
        9
 70
     0
 43
0.0
 10
130.221617
 20
152.579182
 10
130.081617
 20
152.579182
 42
0.414214
 10
130.051617
 20
152.549182
 10
130.051617
 20
152.379182
 10
129.991617
 20
152.379182
 10
129.991617
 20
152.549182
 42
0.414214
 10
129.961617
 20
152.579182
 10
129.521617
 20
152.579182
 10
129.521617
 20
152.679182
  0
LWPOLYLINE
  5
5A6
330
1F
100
AcDbEntity
  8
000 - MUROS EXISTENTES
100
AcDbPolyline
 90
        2
 70
     0
 43
0.0
 10
149.521612
 20
152.679181
 10
150.221612
 20
152.679181
  0
LWPOLYLINE
  5
5A7
330
1F
100
AcDbEntity
  8
000 - MUROS EXISTENTES
100
AcDbPolyline
 90
       10
 70
     0
 43
0.0
 10
151.321612
 20
152.679181
 10
152.021612
 20
152.679181
 10
152.021612
 20
152.579181
 10
151.581612
 20
152.579181
 42
0.414214
 10
151.551612
 20
152.549181
 10
151.551612
 20
152.379181
 10
151.491612
 20
152.379181
 10
151.491612
 20
152.549181
 42
0.414214
 10
151.461612
 20
152.579181
 10
151.321612
 20
152.579181
  0
LWPOLYLINE
  5
5A8
330
1F
100
AcDbEntity
  8
000 - MUROS EXISTENTES
100
AcDbPolyline
 90
        9
 70
     0
 43
0.0
 10
150.221612
 20
152.579181
 10
150.081612
 20
152.579181
 42
0.414214
 10
150.051612
 20
152.549181
 10
150.051612
 20
152.379181
 10
149.991612
 20
152.379181
 10
149.991612
 20
152.549181
 42
0.414214
 10
149.961612
 20
152.579181
 10
149.521612
 20
152.579181
 10
149.521612
 20
152.679181
  0
LWPOLYLINE
  5
5A9
102
{ACAD_REACTORS
330
3CA
102
}
330
1F
100
AcDbEntity
  8
000 - MUROS EXISTENTES
100
AcDbPolyline
 90
       17
 70
     0
 43
0.0
 10
147.021612
 20
152.679182
 10
149.521612
 20
152.679182
 10
149.521612
 20
152.579182
 10
149.081612
 20
152.579182
 42
0.414214
 10
149.051612
 20
152.549182
 10
149.051612
 20
152.379182
 10
148.991612
 20
152.379182
 10
148.991612
 20
152.549182
 42
0.414214
 10
148.961612
 20
152.579182
 10
147.581612
 20
152.579182
 42
0.414214
 10
147.551612
 20
152.549182
 10
147.551612
 20
152.379182
 10
147.491612
 20
152.379182
 10
147.491612
 20
152.549182
 42
0.414214
 10
147.461612
 20
152.579182
 10
147.021612
 20
152.579182
 10
147.021612
 20
152.679182
  0
HATCH
  5
5AA
330
1F
100
AcDbEntity
  8
000 ALE HATCH MUROS
100
AcDbHatch
 10
0.0
 20
0.0
 30
0.0
210
0.0
220
0.0
230
1.0
  2
SOLID
 70
     1
 71
     1
 91
        1
 92
        7
 72
     0
 73
     1
 93
        8
 10
155.071612314475
 20
156.2891815646279
 10
156.4316086902825
 20
156.2891815646279
 10
156.4316086902825
 20
156.1891815646279
 10
156.3316123144746
 20
156.1891815646278
 10
156.3316123144746
 20
152.6791815646285
 10
156.2316123144747
 20
152.6791815646285
 10
156.2316123144747
 20
156.1891815646278
 10
155.071612314475
 20
156.1891815646279
 97
        8
330
5AB
330
650
330
642
330
63A
330
64F
330
641
330
63B
330
640
 75
     1
 76
     1
 47
0.013497
 98
        1
 10
156.3210232233278
 20
155.8060858260698
1001
GradientColor1ACI
1070
     5
1001
GradientColor2ACI
1070
     2
1001
ACAD
1010
0.0
1020
0.0
1030
0.0
  0
LWPOLYLINE
  5
5AB
102
{ACAD_REACTORS
330
3CB
330
5AA
102
}
330
1F
100
AcDbEntity
  8
000 - MUROS EXISTENTES
100
AcDbPolyline
 90
       17
 70
     0
 43
0.0
 10
154.521611
 20
152.679182
 10
157.021611
 20
152.679182
 10
157.021611
 20
152.579182
 10
156.581611
 20
152.579182
 42
0.414214
 10
156.551611
 20
152.549182
 10
156.551611
 20
152.379182
 10
156.491611
 20
152.379182
 10
156.491611
 20
152.549182
 42
0.414214
 10
156.461611
 20
152.579182
 10
155.081611
 20
152.579182
 42
0.414214
 10
155.051611
 20
152.549182
 10
155.051611
 20
152.379182
 10
154.991611
 20
152.379182
 10
154.991611
 20
152.549182
 42
0.414214
 10
154.961611
 20
152.579182
 10
154.521611
 20
152.579182
 10
154.521611
 20
152.679182
  0
HATCH
  5
5AC
330
1F
100
AcDbEntity
  8
000 ALE HATCH MUROS
100
AcDbHatch
 10
0.0
 20
0.0
 30
0.0
210
0.0
220
0.0
230
1.0
  2
SOLID
 70
     1
 71
     1
 91
        1
 92
        7
 72
     0
 73
     1
 93
        6
 10
154.131612314475
 20
156.2891815646279
 10
154.311612314475
 20
156.2891815646279
 10
154.311612314475
 20
156.1891815646277
 10
154.2316123144747
 20
156.1891815646277
 10
154.2316123144747
 20
152.6791817105594
 10
154.1316123144748
 20
152.6791817105594
 97
        6
330
5AD
330
63F
330
63C
330
63E
330
656
330
657
 75
     1
 76
     1
 47
0.013497
 98
        1
 10
154.172518485263
 20
155.3741751105578
1001
GradientColor1ACI
1070
     5
1001
GradientColor2ACI
1070
     2
1001
ACAD
1010
0.0
1020
0.0
1030
0.0
  0
LWPOLYLINE
  5
5AD
102
{ACAD_REACTORS
330
3CC
330
5AC
102
}
330
1F
100
AcDbEntity
  8
000 - MUROS EXISTENTES
100
AcDbPolyline
 90
       17
 70
     0
 43
0.0
 10
152.021611
 20
152.679182
 10
154.521611
 20
152.679182
 10
154.521611
 20
152.579182
 10
154.081611
 20
152.579182
 42
0.414214
 10
154.051611
 20
152.549182
 10
154.051611
 20
152.379182
 10
153.991611
 20
152.379182
 10
153.991611
 20
152.549182
 42
0.414214
 10
153.961611
 20
152.579182
 10
152.581611
 20
152.579182
 42
0.414214
 10
152.551611
 20
152.549182
 10
152.551611
 20
152.379182
 10
152.491611
 20
152.379182
 10
152.491611
 20
152.549182
 42
0.414214
 10
152.461611
 20
152.579182
 10
152.021611
 20
152.579182
 10
152.021611
 20
152.679182
  0
HATCH
  5
5AE
330
1F
100
AcDbEntity
  8
000 ALE HATCH MUROS
100
AcDbHatch
 10
0.0
 20
0.0
 30
0.0
210
0.0
220
0.0
230
1.0
  2
SOLID
 70
     1
 71
     1
 91
        1
 92
        7
 72
     0
 73
     1
 93
        8
 10
159.9516086902825
 20
156.2891815646279
 10
161.9816086902824
 20
156.2891815646279
 10
161.9816086902824
 20
156.1891815646279
 10
161.6016123144743
 20
156.1891815646279
 10
161.6016123144743
 20
152.6791815646285
 10
161.5016123144744
 20
152.6791815646285
 10
161.5016123144744
 20
156.1891815646279
 10
159.9516086902825
 20
156.1891815646279
 97
        8
330
5AF
330
633
330
634
330
64A
330
649
330
648
330
64B
330
64C
 75
     1
 76
     1
 47
0.013497
 98
        1
 10
161.5504297373564
 20
156.2514947768597
1001
GradientColor1ACI
1070
     5
1001
GradientColor2ACI
1070
     2
1001
ACAD
1010
0.0
1020
0.0
1030
0.0
  0
LWPOLYLINE
  5
5AF
102
{ACAD_REACTORS
330
3CD
330
5AE
102
}
330
1F
100
AcDbEntity
  8
000 - MUROS EXISTENTES
100
AcDbPolyline
 90
       17
 70
     0
 43
0.0
 10
159.521609
 20
152.679182
 10
162.021609
 20
152.679182
 10
162.021609
 20
152.579182
 10
161.581609
 20
152.579182
 42
0.414214
 10
161.551609
 20
152.549182
 10
161.551609
 20
152.379182
 10
161.491609
 20
152.379182
 10
161.491609
 20
152.549182
 42
0.414214
 10
161.461609
 20
152.579182
 10
160.081609
 20
152.579182
 42
0.414214
 10
160.051609
 20
152.549182
 10
160.051609
 20
152.379182
 10
159.991609
 20
152.379182
 10
159.991609
 20
152.549182
 42
0.414214
 10
159.961609
 20
152.579182
 10
159.521609
 20
152.579182
 10
159.521609
 20
152.679182
  0
HATCH
  5
5B0
330
1F
100
AcDbEntity
  8
000 ALE HATCH MUROS
100
AcDbHatch
 10
0.0
 20
0.0
 30
0.0
210
0.0
220
0.0
230
1.0
  2
SOLID
 70
     1
 71
     0
 91
        1
 92
        7
 72
     0
 73
     1
 93
        8
 10
159.1916086902825
 20
156.2891815646279
 10
158.6216086902825
 20
156.2891815646279
 10
158.6216086902825
 20
156.1891815646279
 10
159.0316123144746
 20
156.1891815646279
 10
159.0316123144746
 20
152.6791817105594
 10
159.1316123144745
 20
152.6791817105594
 10
159.1316123144745
 20
156.1891815646279
 10
159.1916086902825
 20
156.1891815646279
 97
        0
 75
     1
 76
     1
 47
0.013497
 98
        1
 10
159.1046337570269
 20
156.2245012893388
1001
GradientColor1ACI
1070
     5
1001
GradientColor2ACI
1070
     2
1001
ACAD
1010
0.0
1020
0.0
1030
0.0
  0
LWPOLYLINE
  5
5B1
330
1F
100
AcDbEntity
  8
000 - MUROS EXISTENTES
100
AcDbPolyline
 90
        2
 70
     0
 43
0.0
 10
157.02161
 20
152.679182
 10
157.72161
 20
152.679182
  0
LWPOLYLINE
  5
5B2
330
1F
100
AcDbEntity
  8
000 - MUROS EXISTENTES
100
AcDbPolyline
 90
       10
 70
     0
 43
0.0
 10
158.82161
 20
152.679182
 10
159.52161
 20
152.679182
 10
159.52161
 20
152.579182
 10
159.08161
 20
152.579182
 42
0.414214
 10
159.05161
 20
152.549182
 10
159.05161
 20
152.379182
 10
158.99161
 20
152.379182
 10
158.99161
 20
152.549182
 42
0.414214
 10
158.96161
 20
152.579182
 10
158.82161
 20
152.579182
  0
LWPOLYLINE
  5
5B3
330
1F
100
AcDbEntity
  8
000 - MUROS EXISTENTES
100
AcDbPolyline
 90
        9
 70
     0
 43
0.0
 10
157.72161
 20
152.579182
 10
157.58161
 20
152.579182
 42
0.414214
 10
157.55161
 20
152.549182
 10
157.55161
 20
152.379182
 10
157.49161
 20
152.379182
 10
157.49161
 20
152.549182
 42
0.414214
 10
157.46161
 20
152.579182
 10
157.02161
 20
152.579182
 10
157.02161
 20
152.679182
  0
LWPOLYLINE
  5
5B4
102
{ACAD_REACTORS
330
3CF
102
}
330
1F
100
AcDbEntity
  8
000 - MUROS EXISTENTES
100
AcDbPolyline
 90
       17
 70
     0
 43
0.0
 10
162.021609
 20
152.679182
 10
164.521609
 20
152.679182
 10
164.521609
 20
152.579182
 10
164.081609
 20
152.579182
 42
0.414214
 10
164.051609
 20
152.549182
 10
164.051609
 20
152.379182
 10
163.991609
 20
152.379182
 10
163.991609
 20
152.549182
 42
0.414214
 10
163.961609
 20
152.579182
 10
162.581609
 20
152.579182
 42
0.414214
 10
162.551609
 20
152.549182
 10
162.551609
 20
152.379182
 10
162.491609
 20
152.379182
 10
162.491609
 20
152.549182
 42
0.414214
 10
162.461609
 20
152.579182
 10
162.021609
 20
152.579182
 10
162.021609
 20
152.679182
  0
LWPOLYLINE
  5
5B5
102
{ACAD_REACTORS
330
3D0
102
}
330
1F
100
AcDbEntity
  8
000 - MUROS EXISTENTES
100
AcDbPolyline
 90
       17
 70
     0
 43
0.0
 10
164.521612
 20
205.379181
 10
164.521612
 20
202.879181
 10
164.621612
 20
202.879181
 10
164.621612
 20
203.319181
 42
-0.414214
 10
164.651612
 20
203.349181
 10
164.821612
 20
203.349181
 10
164.821612
 20
203.409181
 10
164.651612
 20
203.409181
 42
-0.414214
 10
164.621612
 20
203.439181
 10
164.621612
 20
204.819181
 42
-0.414214
 10
164.651612
 20
204.849181
 10
164.821612
 20
204.849181
 10
164.821612
 20
204.909181
 10
164.651612
 20
204.909181
 42
-0.414214
 10
164.621612
 20
204.939181
 10
164.621612
 20
205.379181
 10
164.521612
 20
205.379181
  0
LWPOLYLINE
  5
5B6
102
{ACAD_REACTORS
330
3D1
102
}
330
1F
100
AcDbEntity
  8
000 - MUROS EXISTENTES
100
AcDbPolyline
 90
       17
 70
     0
 43
0.0
 10
164.521612
 20
207.879181
 10
164.521612
 20
205.379181
 10
164.621612
 20
205.379181
 10
164.621612
 20
205.819181
 42
-0.414214
 10
164.651612
 20
205.849181
 10
164.821612
 20
205.849181
 10
164.821612
 20
205.909181
 10
164.651612
 20
205.909181
 42
-0.414214
 10
164.621612
 20
205.939181
 10
164.621612
 20
207.319181
 42
-0.414214
 10
164.651612
 20
207.349181
 10
164.821612
 20
207.349181
 10
164.821612
 20
207.409181
 10
164.651612
 20
207.409181
 42
-0.414214
 10
164.621612
 20
207.439181
 10
164.621612
 20
207.879181
 10
164.521612
 20
207.879181
  0
LWPOLYLINE
  5
5B7
102
{ACAD_REACTORS
330
3D2
102
}
330
1F
100
AcDbEntity
  8
000 - MUROS EXISTENTES
100
AcDbPolyline
 90
       17
 70
     0
 43
0.0
 10
164.521612
 20
210.379181
 10
164.521612
 20
207.879181
 10
164.621612
 20
207.879181
 10
164.621612
 20
208.319181
 42
-0.414214
 10
164.651612
 20
208.349181
 10
164.821612
 20
208.349181
 10
164.821612
 20
208.409181
 10
164.651612
 20
208.409181
 42
-0.414214
 10
164.621612
 20
208.439181
 10
164.621612
 20
209.819181
 42
-0.414214
 10
164.651612
 20
209.849181
 10
164.821612
 20
209.849181
 10
164.821612
 20
209.909181
 10
164.651612
 20
209.909181
 42
-0.414214
 10
164.621612
 20
209.939181
 10
164.621612
 20
210.379181
 10
164.521612
 20
210.379181
  0
LWPOLYLINE
  5
5B8
102
{ACAD_REACTORS
330
3D3
102
}
330
1F
100
AcDbEntity
  8
000 - MUROS EXISTENTES
100
AcDbPolyline
 90
       17
 70
     0
 43
0.0
 10
164.521612
 20
212.879181
 10
164.521612
 20
210.379181
 10
164.621612
 20
210.379181
 10
164.621612
 20
210.819181
 42
-0.414214
 10
164.651612
 20
210.849181
 10
164.821612
 20
210.849181
 10
164.821612
 20
210.909181
 10
164.651612
 20
210.909181
 42
-0.414214
 10
164.621612
 20
210.939181
 10
164.621612
 20
212.319181
 42
-0.414214
 10
164.651612
 20
212.349181
 10
164.821612
 20
212.349181
 10
164.821612
 20
212.409181
 10
164.651612
 20
212.409181
 42
-0.414214
 10
164.621612
 20
212.439181
 10
164.621612
 20
212.879181
 10
164.521612
 20
212.879181
  0
LWPOLYLINE
  5
5B9
102
{ACAD_REACTORS
330
3D4
102
}
330
1F
100
AcDbEntity
  8
000 - MUROS EXISTENTES
100
AcDbPolyline
 90
       17
 70
     0
 43
0.0
 10
164.521612
 20
202.879181
 10
164.521612
 20
200.379181
 10
164.621612
 20
200.379181
 10
164.621612
 20
200.819181
 42
-0.414214
 10
164.651612
 20
200.849181
 10
164.821612
 20
200.849181
 10
164.821612
 20
200.909181
 10
164.651612
 20
200.909181
 42
-0.414214
 10
164.621612
 20
200.939181
 10
164.621612
 20
202.319181
 42
-0.414214
 10
164.651612
 20
202.349181
 10
164.821612
 20
202.349181
 10
164.821612
 20
202.409181
 10
164.651612
 20
202.409181
 42
-0.414214
 10
164.621612
 20
202.439181
 10
164.621612
 20
202.879181
 10
164.521612
 20
202.879181
  0
LWPOLYLINE
  5
5BA
102
{ACAD_REACTORS
330
3D5
102
}
330
1F
100
AcDbEntity
  8
000 - MUROS EXISTENTES
100
AcDbPolyline
 90
       17
 70
     0
 43
0.0
 10
164.521612
 20
200.379181
 10
164.521612
 20
197.879181
 10
164.621612
 20
197.879181
 10
164.621612
 20
198.319181
 42
-0.414214
 10
164.651612
 20
198.349181
 10
164.821612
 20
198.349181
 10
164.821612
 20
198.409181
 10
164.651612
 20
198.409181
 42
-0.414214
 10
164.621612
 20
198.439181
 10
164.621612
 20
199.819181
 42
-0.414214
 10
164.651612
 20
199.849181
 10
164.821612
 20
199.849181
 10
164.821612
 20
199.909181
 10
164.651612
 20
199.909181
 42
-0.414214
 10
164.621612
 20
199.939181
 10
164.621612
 20
200.379181
 10
164.521612
 20
200.379181
  0
LWPOLYLINE
  5
5BB
102
{ACAD_REACTORS
330
3D6
102
}
330
1F
100
AcDbEntity
  8
000 - MUROS EXISTENTES
100
AcDbPolyline
 90
       17
 70
     0
 43
0.0
 10
164.521612
 20
197.879181
 10
164.521612
 20
195.379181
 10
164.621612
 20
195.379181
 10
164.621612
 20
195.819181
 42
-0.414214
 10
164.651612
 20
195.849181
 10
164.821612
 20
195.849181
 10
164.821612
 20
195.909181
 10
164.651612
 20
195.909181
 42
-0.414214
 10
164.621612
 20
195.939181
 10
164.621612
 20
197.319181
 42
-0.414214
 10
164.651612
 20
197.349181
 10
164.821612
 20
197.349181
 10
164.821612
 20
197.409181
 10
164.651612
 20
197.409181
 42
-0.414214
 10
164.621612
 20
197.439181
 10
164.621612
 20
197.879181
 10
164.521612
 20
197.879181
  0
LWPOLYLINE
  5
5BC
102
{ACAD_REACTORS
330
3D7
102
}
330
1F
100
AcDbEntity
  8
000 - MUROS EXISTENTES
100
AcDbPolyline
 90
       17
 70
     0
 43
0.0
 10
164.521612
 20
195.379181
 10
164.521612
 20
192.879181
 10
164.621612
 20
192.879181
 10
164.621612
 20
193.319181
 42
-0.414214
 10
164.651612
 20
193.349181
 10
164.821612
 20
193.349181
 10
164.821612
 20
193.409181
 10
164.651612
 20
193.409181
 42
-0.414214
 10
164.621612
 20
193.439181
 10
164.621612
 20
194.819181
 42
-0.414214
 10
164.651612
 20
194.849181
 10
164.821612
 20
194.849181
 10
164.821612
 20
194.909181
 10
164.651612
 20
194.909181
 42
-0.414214
 10
164.621612
 20
194.939181
 10
164.621612
 20
195.379181
 10
164.521612
 20
195.379181
  0
LWPOLYLINE
  5
5BD
102
{ACAD_REACTORS
330
3D8
102
}
330
1F
100
AcDbEntity
  8
000 - MUROS EXISTENTES
100
AcDbPolyline
 90
       17
 70
     0
 43
0.0
 10
164.521612
 20
192.879181
 10
164.521612
 20
190.379181
 10
164.621612
 20
190.379181
 10
164.621612
 20
190.819181
 42
-0.414214
 10
164.651612
 20
190.849181
 10
164.821612
 20
190.849181
 10
164.821612
 20
190.909181
 10
164.651612
 20
190.909181
 42
-0.414214
 10
164.621612
 20
190.939181
 10
164.621612
 20
192.319181
 42
-0.414214
 10
164.651612
 20
192.349181
 10
164.821612
 20
192.349181
 10
164.821612
 20
192.409181
 10
164.651612
 20
192.409181
 42
-0.414214
 10
164.621612
 20
192.439181
 10
164.621612
 20
192.879181
 10
164.521612
 20
192.879181
  0
LWPOLYLINE
  5
5BE
102
{ACAD_REACTORS
330
3D9
102
}
330
1F
100
AcDbEntity
  8
000 - MUROS EXISTENTES
100
AcDbPolyline
 90
       17
 70
     0
 43
0.0
 10
164.521612
 20
190.379181
 10
164.521612
 20
187.879181
 10
164.621612
 20
187.879181
 10
164.621612
 20
188.319181
 42
-0.414214
 10
164.651612
 20
188.349181
 10
164.821612
 20
188.349181
 10
164.821612
 20
188.409181
 10
164.651612
 20
188.409181
 42
-0.414214
 10
164.621612
 20
188.439181
 10
164.621612
 20
189.819181
 42
-0.414214
 10
164.651612
 20
189.849181
 10
164.821612
 20
189.849181
 10
164.821612
 20
189.909181
 10
164.651612
 20
189.909181
 42
-0.414214
 10
164.621612
 20
189.939181
 10
164.621612
 20
190.379181
 10
164.521612
 20
190.379181
  0
LWPOLYLINE
  5
5BF
102
{ACAD_REACTORS
330
3DA
102
}
330
1F
100
AcDbEntity
  8
000 - MUROS EXISTENTES
100
AcDbPolyline
 90
       17
 70
     0
 43
0.0
 10
164.521612
 20
187.879181
 10
164.521612
 20
185.379181
 10
164.621612
 20
185.379181
 10
164.621612
 20
185.819181
 42
-0.414214
 10
164.651612
 20
185.849181
 10
164.821612
 20
185.849181
 10
164.821612
 20
185.909181
 10
164.651612
 20
185.909181
 42
-0.414214
 10
164.621612
 20
185.939181
 10
164.621612
 20
187.319181
 42
-0.414214
 10
164.651612
 20
187.349181
 10
164.821612
 20
187.349181
 10
164.821612
 20
187.409181
 10
164.651612
 20
187.409181
 42
-0.414214
 10
164.621612
 20
187.439181
 10
164.621612
 20
187.879181
 10
164.521612
 20
187.879181
  0
LWPOLYLINE
  5
5C0
102
{ACAD_REACTORS
330
3DB
102
}
330
1F
100
AcDbEntity
  8
000 - MUROS EXISTENTES
100
AcDbPolyline
 90
       17
 70
     0
 43
0.0
 10
164.521612
 20
185.379181
 10
164.521612
 20
182.879181
 10
164.621612
 20
182.879181
 10
164.621612
 20
183.319181
 42
-0.414214
 10
164.651612
 20
183.349181
 10
164.821612
 20
183.349181
 10
164.821612
 20
183.409181
 10
164.651612
 20
183.409181
 42
-0.414214
 10
164.621612
 20
183.439181
 10
164.621612
 20
184.819181
 42
-0.414214
 10
164.651612
 20
184.849181
 10
164.821612
 20
184.849181
 10
164.821612
 20
184.909181
 10
164.651612
 20
184.909181
 42
-0.414214
 10
164.621612
 20
184.939181
 10
164.621612
 20
185.379181
 10
164.521612
 20
185.379181
  0
LWPOLYLINE
  5
5C1
102
{ACAD_REACTORS
330
3DC
102
}
330
1F
100
AcDbEntity
  8
000 - MUROS EXISTENTES
100
AcDbPolyline
 90
       17
 70
     0
 43
0.0
 10
164.521612
 20
182.879181
 10
164.521612
 20
180.379181
 10
164.621612
 20
180.379181
 10
164.621612
 20
180.819181
 42
-0.414214
 10
164.651612
 20
180.849181
 10
164.821612
 20
180.849181
 10
164.821612
 20
180.909181
 10
164.651612
 20
180.909181
 42
-0.414214
 10
164.621612
 20
180.939181
 10
164.621612
 20
182.319181
 42
-0.414214
 10
164.651612
 20
182.349181
 10
164.821612
 20
182.349181
 10
164.821612
 20
182.409181
 10
164.651612
 20
182.409181
 42
-0.414214
 10
164.621612
 20
182.439181
 10
164.621612
 20
182.879181
 10
164.521612
 20
182.879181
  0
LWPOLYLINE
  5
5C2
102
{ACAD_REACTORS
330
3DD
102
}
330
1F
100
AcDbEntity
  8
000 - MUROS EXISTENTES
100
AcDbPolyline
 90
       17
 70
     0
 43
0.0
 10
164.521612
 20
180.379181
 10
164.521612
 20
177.879181
 10
164.621612
 20
177.879181
 10
164.621612
 20
178.319181
 42
-0.414214
 10
164.651612
 20
178.349181
 10
164.821612
 20
178.349181
 10
164.821612
 20
178.409181
 10
164.651612
 20
178.409181
 42
-0.414214
 10
164.621612
 20
178.439181
 10
164.621612
 20
179.819181
 42
-0.414214
 10
164.651612
 20
179.849181
 10
164.821612
 20
179.849181
 10
164.821612
 20
179.909181
 10
164.651612
 20
179.909181
 42
-0.414214
 10
164.621612
 20
179.939181
 10
164.621612
 20
180.379181
 10
164.521612
 20
180.379181
  0
LWPOLYLINE
  5
5C3
102
{ACAD_REACTORS
330
3DE
102
}
330
1F
100
AcDbEntity
  8
000 - MUROS EXISTENTES
100
AcDbPolyline
 90
       17
 70
     0
 43
0.0
 10
164.521612
 20
177.879181
 10
164.521612
 20
175.379181
 10
164.621612
 20
175.379181
 10
164.621612
 20
175.819181
 42
-0.414214
 10
164.651612
 20
175.849181
 10
164.821612
 20
175.849181
 10
164.821612
 20
175.909181
 10
164.651612
 20
175.909181
 42
-0.414214
 10
164.621612
 20
175.939181
 10
164.621612
 20
177.319181
 42
-0.414214
 10
164.651612
 20
177.349181
 10
164.821612
 20
177.349181
 10
164.821612
 20
177.409181
 10
164.651612
 20
177.409181
 42
-0.414214
 10
164.621612
 20
177.439181
 10
164.621612
 20
177.879181
 10
164.521612
 20
177.879181
  0
LWPOLYLINE
  5
5C4
102
{ACAD_REACTORS
330
3DF
102
}
330
1F
100
AcDbEntity
  8
000 - MUROS EXISTENTES
100
AcDbPolyline
 90
       17
 70
     0
 43
0.0
 10
164.521612
 20
175.379181
 10
164.521612
 20
172.879181
 10
164.621612
 20
172.879181
 10
164.621612
 20
173.319181
 42
-0.414214
 10
164.651612
 20
173.349181
 10
164.821612
 20
173.349181
 10
164.821612
 20
173.409181
 10
164.651612
 20
173.409181
 42
-0.414214
 10
164.621612
 20
173.439181
 10
164.621612
 20
174.819181
 42
-0.414214
 10
164.651612
 20
174.849181
 10
164.821612
 20
174.849181
 10
164.821612
 20
174.909181
 10
164.651612
 20
174.909181
 42
-0.414214
 10
164.621612
 20
174.939181
 10
164.621612
 20
175.379181
 10
164.521612
 20
175.379181
  0
LWPOLYLINE
  5
5C5
102
{ACAD_REACTORS
330
3E0
102
}
330
1F
100
AcDbEntity
  8
000 - MUROS EXISTENTES
100
AcDbPolyline
 90
       17
 70
     0
 43
0.0
 10
164.521612
 20
172.879181
 10
164.521612
 20
170.379181
 10
164.621612
 20
170.379181
 10
164.621612
 20
170.819181
 42
-0.414214
 10
164.651612
 20
170.849181
 10
164.821612
 20
170.849181
 10
164.821612
 20
170.909181
 10
164.651612
 20
170.909181
 42
-0.414214
 10
164.621612
 20
170.939181
 10
164.621612
 20
172.319181
 42
-0.414214
 10
164.651612
 20
172.349181
 10
164.821612
 20
172.349181
 10
164.821612
 20
172.409181
 10
164.651612
 20
172.409181
 42
-0.414214
 10
164.621612
 20
172.439181
 10
164.621612
 20
172.879181
 10
164.521612
 20
172.879181
  0
LWPOLYLINE
  5
5C6
102
{ACAD_REACTORS
330
3E1
102
}
330
1F
100
AcDbEntity
  8
000 - MUROS EXISTENTES
100
AcDbPolyline
 90
       17
 70
     0
 43
0.0
 10
164.521612
 20
170.379181
 10
164.521612
 20
167.879181
 10
164.621612
 20
167.879181
 10
164.621612
 20
168.319181
 42
-0.414214
 10
164.651612
 20
168.349181
 10
164.821612
 20
168.349181
 10
164.821612
 20
168.409181
 10
164.651612
 20
168.409181
 42
-0.414214
 10
164.621612
 20
168.439181
 10
164.621612
 20
169.819181
 42
-0.414214
 10
164.651612
 20
169.849181
 10
164.821612
 20
169.849181
 10
164.821612
 20
169.909181
 10
164.651612
 20
169.909181
 42
-0.414214
 10
164.621612
 20
169.939181
 10
164.621612
 20
170.379181
 10
164.521612
 20
170.379181
  0
LWPOLYLINE
  5
5C7
102
{ACAD_REACTORS
330
3E2
102
}
330
1F
100
AcDbEntity
  8
000 - MUROS EXISTENTES
100
AcDbPolyline
 90
       17
 70
     0
 43
0.0
 10
164.521612
 20
167.879181
 10
164.521612
 20
165.379181
 10
164.621612
 20
165.379181
 10
164.621612
 20
165.819181
 42
-0.414214
 10
164.651612
 20
165.849181
 10
164.821612
 20
165.849181
 10
164.821612
 20
165.909181
 10
164.651612
 20
165.909181
 42
-0.414214
 10
164.621612
 20
165.939181
 10
164.621612
 20
167.319181
 42
-0.414214
 10
164.651612
 20
167.349181
 10
164.821612
 20
167.349181
 10
164.821612
 20
167.409181
 10
164.651612
 20
167.409181
 42
-0.414214
 10
164.621612
 20
167.439181
 10
164.621612
 20
167.879181
 10
164.521612
 20
167.879181
  0
LWPOLYLINE
  5
5C8
102
{ACAD_REACTORS
330
3E3
102
}
330
1F
100
AcDbEntity
  8
000 - MUROS EXISTENTES
100
AcDbPolyline
 90
       17
 70
     0
 43
0.0
 10
164.521612
 20
165.379181
 10
164.521612
 20
162.879181
 10
164.621612
 20
162.879181
 10
164.621612
 20
163.319181
 42
-0.414214
 10
164.651612
 20
163.349181
 10
164.821612
 20
163.349181
 10
164.821612
 20
163.409181
 10
164.651612
 20
163.409181
 42
-0.414214
 10
164.621612
 20
163.439181
 10
164.621612
 20
164.819181
 42
-0.414214
 10
164.651612
 20
164.849181
 10
164.821612
 20
164.849181
 10
164.821612
 20
164.909181
 10
164.651612
 20
164.909181
 42
-0.414214
 10
164.621612
 20
164.939181
 10
164.621612
 20
165.379181
 10
164.521612
 20
165.379181
  0
LWPOLYLINE
  5
5C9
102
{ACAD_REACTORS
330
3E4
102
}
330
1F
100
AcDbEntity
  8
000 - MUROS EXISTENTES
100
AcDbPolyline
 90
       17
 70
     0
 43
0.0
 10
164.521612
 20
162.879181
 10
164.521612
 20
160.379181
 10
164.621612
 20
160.379181
 10
164.621612
 20
160.819181
 42
-0.414214
 10
164.651612
 20
160.849181
 10
164.821612
 20
160.849181
 10
164.821612
 20
160.909181
 10
164.651612
 20
160.909181
 42
-0.414214
 10
164.621612
 20
160.939181
 10
164.621612
 20
162.319181
 42
-0.414214
 10
164.651612
 20
162.349181
 10
164.821612
 20
162.349181
 10
164.821612
 20
162.409181
 10
164.651612
 20
162.409181
 42
-0.414214
 10
164.621612
 20
162.439181
 10
164.621612
 20
162.879181
 10
164.521612
 20
162.879181
  0
LWPOLYLINE
  5
5CA
102
{ACAD_REACTORS
330
3E5
102
}
330
1F
100
AcDbEntity
  8
000 - MUROS EXISTENTES
100
AcDbPolyline
 90
       17
 70
     0
 43
0.0
 10
164.521612
 20
160.379181
 10
164.521612
 20
157.879181
 10
164.621612
 20
157.879181
 10
164.621612
 20
158.319181
 42
-0.414214
 10
164.651612
 20
158.349181
 10
164.821612
 20
158.349181
 10
164.821612
 20
158.409181
 10
164.651612
 20
158.409181
 42
-0.414214
 10
164.621612
 20
158.439181
 10
164.621612
 20
159.819181
 42
-0.414214
 10
164.651612
 20
159.849181
 10
164.821612
 20
159.849181
 10
164.821612
 20
159.909181
 10
164.651612
 20
159.909181
 42
-0.414214
 10
164.621612
 20
159.939181
 10
164.621612
 20
160.379181
 10
164.521612
 20
160.379181
  0
HATCH
  5
5CB
330
1F
100
AcDbEntity
  8
000 ALE HATCH MUROS
100
AcDbHatch
 10
0.0
 20
0.0
 30
0.0
210
0.0
220
0.0
230
1.0
  2
SOLID
 70
     1
 71
     1
 91
        1
 92
        7
 72
     0
 73
     1
 93
        4
 10
164.0416086902824
 20
156.2891815646286
 10
164.5216123144733
 20
156.2891815646286
 10
164.5216123144733
 20
156.1891815646285
 10
164.0416086902824
 20
156.1891815646285
 97
        4
330
5CC
330
632
330
631
330
63D
 75
     1
 76
     1
 47
0.013497
 98
        1
 10
164.1853946499223
 20
156.2514947768597
1001
GradientColor1ACI
1070
     5
1001
GradientColor2ACI
1070
     2
1001
ACAD
1010
0.0
1020
0.0
1030
0.0
  0
LWPOLYLINE
  5
5CC
102
{ACAD_REACTORS
330
3E6
330
5CB
102
}
330
1F
100
AcDbEntity
  8
000 - MUROS EXISTENTES
100
AcDbPolyline
 90
       17
 70
     0
 43
0.0
 10
164.521612
 20
157.879181
 10
164.521612
 20
155.379181
 10
164.621612
 20
155.379181
 10
164.621612
 20
155.819181
 42
-0.414214
 10
164.651612
 20
155.849181
 10
164.821612
 20
155.849181
 10
164.821612
 20
155.909181
 10
164.651612
 20
155.909181
 42
-0.414214
 10
164.621612
 20
155.939181
 10
164.621612
 20
157.319181
 42
-0.414214
 10
164.651612
 20
157.349181
 10
164.821612
 20
157.349181
 10
164.821612
 20
157.409181
 10
164.651612
 20
157.409181
 42
-0.414214
 10
164.621612
 20
157.439181
 10
164.621612
 20
157.879181
 10
164.521612
 20
157.879181
  0
LWPOLYLINE
  5
5CD
102
{ACAD_REACTORS
330
3E7
102
}
330
1F
100
AcDbEntity
  8
000 - MUROS EXISTENTES
100
AcDbPolyline
 90
       17
 70
     0
 43
0.0
 10
164.521612
 20
155.379181
 10
164.521612
 20
152.879181
 10
164.621612
 20
152.879181
 10
164.621612
 20
153.319181
 42
-0.414214
 10
164.651612
 20
153.349181
 10
164.821612
 20
153.349181
 10
164.821612
 20
153.409181
 10
164.651612
 20
153.409181
 42
-0.414214
 10
164.621612
 20
153.439181
 10
164.621612
 20
154.819181
 42
-0.414214
 10
164.651612
 20
154.849181
 10
164.821612
 20
154.849181
 10
164.821612
 20
154.909181
 10
164.651612
 20
154.909181
 42
-0.414214
 10
164.621612
 20
154.939181
 10
164.621612
 20
155.379181
 10
164.521612
 20
155.379181
  0
LWPOLYLINE
  5
5CE
102
{ACAD_REACTORS
330
3E8
102
}
330
1F
100
AcDbEntity
  8
000 - MUROS EXISTENTES
100
AcDbPolyline
 90
       17
 70
     0
 43
0.0
 10
144.521613
 20
213.079182
 10
147.021613
 20
213.079182
 10
147.021613
 20
213.179182
 10
146.581613
 20
213.179182
 42
-0.414214
 10
146.551613
 20
213.209182
 10
146.551613
 20
213.379182
 10
146.491613
 20
213.379182
 10
146.491613
 20
213.209182
 42
-0.414214
 10
146.461613
 20
213.179182
 10
145.081613
 20
213.179182
 42
-0.414214
 10
145.051613
 20
213.209182
 10
145.051613
 20
213.379182
 10
144.991613
 20
213.379182
 10
144.991613
 20
213.209182
 42
-0.414214
 10
144.961613
 20
213.179182
 10
144.521613
 20
213.179182
 10
144.521613
 20
213.079182
  0
LWPOLYLINE
  5
5CF
102
{ACAD_REACTORS
330
3E9
102
}
330
1F
100
AcDbEntity
  8
000 - MUROS EXISTENTES
100
AcDbPolyline
 90
       17
 70
     0
 43
0.0
 10
142.021614
 20
213.079181
 10
144.521614
 20
213.079181
 10
144.521614
 20
213.179181
 10
144.081614
 20
213.179181
 42
-0.414214
 10
144.051614
 20
213.209181
 10
144.051614
 20
213.379181
 10
143.991614
 20
213.379181
 10
143.991614
 20
213.209181
 42
-0.414214
 10
143.961614
 20
213.179181
 10
142.581614
 20
213.179181
 42
-0.414214
 10
142.551614
 20
213.209181
 10
142.551614
 20
213.379181
 10
142.491614
 20
213.379181
 10
142.491614
 20
213.209181
 42
-0.414214
 10
142.461614
 20
213.179181
 10
142.021614
 20
213.179181
 10
142.021614
 20
213.079181
  0
LWPOLYLINE
  5
5D0
102
{ACAD_REACTORS
330
3EA
102
}
330
1F
100
AcDbEntity
  8
000 - MUROS EXISTENTES
100
AcDbPolyline
 90
       17
 70
     0
 43
0.0
 10
139.521614
 20
213.079181
 10
142.021614
 20
213.079181
 10
142.021614
 20
213.179181
 10
141.581614
 20
213.179181
 42
-0.414214
 10
141.551614
 20
213.209181
 10
141.551614
 20
213.379181
 10
141.491614
 20
213.379181
 10
141.491614
 20
213.209181
 42
-0.414214
 10
141.461614
 20
213.179181
 10
140.081614
 20
213.179181
 42
-0.414214
 10
140.051614
 20
213.209181
 10
140.051614
 20
213.379181
 10
139.991614
 20
213.379181
 10
139.991614
 20
213.209181
 42
-0.414214
 10
139.961614
 20
213.179181
 10
139.521614
 20
213.179181
 10
139.521614
 20
213.079181
  0
LWPOLYLINE
  5
5D1
330
1F
100
AcDbEntity
  8
000 - MUROS EXISTENTES
100
AcDbPolyline
 90
        2
 70
     0
 43
0.0
 10
132.021616
 20
213.079182
 10
132.721612
 20
213.079182
  0
LWPOLYLINE
  5
5D2
330
1F
100
AcDbEntity
  8
000 - MUROS EXISTENTES
100
AcDbPolyline
 90
       10
 70
     0
 43
0.0
 10
133.821612
 20
213.079182
 10
134.521616
 20
213.079182
 10
134.521616
 20
213.179182
 10
134.081616
 20
213.179182
 42
-0.414214
 10
134.051616
 20
213.209182
 10
134.051616
 20
213.379182
 10
133.991616
 20
213.379182
 10
133.991616
 20
213.209182
 42
-0.414214
 10
133.961616
 20
213.179182
 10
133.821612
 20
213.179182
  0
LWPOLYLINE
  5
5D3
330
1F
100
AcDbEntity
  8
000 - MUROS EXISTENTES
100
AcDbPolyline
 90
        9
 70
     0
 43
0.0
 10
132.721612
 20
213.179182
 10
132.581616
 20
213.179182
 42
-0.414214
 10
132.551616
 20
213.209182
 10
132.551616
 20
213.379182
 10
132.491616
 20
213.379182
 10
132.491616
 20
213.209182
 42
-0.414214
 10
132.461616
 20
213.179182
 10
132.021616
 20
213.179182
 10
132.021616
 20
213.079182
  0
LWPOLYLINE
  5
5D4
102
{ACAD_REACTORS
330
3EC
102
}
330
1F
100
AcDbEntity
  8
000 - MUROS EXISTENTES
100
AcDbPolyline
 90
       17
 70
     0
 43
0.0
 10
129.521617
 20
213.079181
 10
132.021617
 20
213.079181
 10
132.021617
 20
213.179181
 10
131.581617
 20
213.179181
 42
-0.414214
 10
131.551617
 20
213.209181
 10
131.551617
 20
213.379181
 10
131.491617
 20
213.379181
 10
131.491617
 20
213.209181
 42
-0.414214
 10
131.461617
 20
213.179181
 10
130.081617
 20
213.179181
 42
-0.414214
 10
130.051617
 20
213.209181
 10
130.051617
 20
213.379181
 10
129.991617
 20
213.379181
 10
129.991617
 20
213.209181
 42
-0.414214
 10
129.961617
 20
213.179181
 10
129.521617
 20
213.179181
 10
129.521617
 20
213.079181
  0
LWPOLYLINE
  5
5D5
102
{ACAD_REACTORS
330
3ED
102
}
330
1F
100
AcDbEntity
  8
000 - MUROS EXISTENTES
100
AcDbPolyline
 90
       17
 70
     0
 43
0.0
 10
149.521612
 20
213.079182
 10
152.021612
 20
213.079182
 10
152.021612
 20
213.179182
 10
151.581612
 20
213.179182
 42
-0.414214
 10
151.551612
 20
213.209182
 10
151.551612
 20
213.379182
 10
151.491612
 20
213.379182
 10
151.491612
 20
213.209182
 42
-0.414214
 10
151.461612
 20
213.179182
 10
150.081612
 20
213.179182
 42
-0.414214
 10
150.051612
 20
213.209182
 10
150.051612
 20
213.379182
 10
149.991612
 20
213.379182
 10
149.991612
 20
213.209182
 42
-0.414214
 10
149.961612
 20
213.179182
 10
149.521612
 20
213.179182
 10
149.521612
 20
213.079182
  0
LWPOLYLINE
  5
5D6
102
{ACAD_REACTORS
330
3EE
102
}
330
1F
100
AcDbEntity
  8
000 - MUROS EXISTENTES
100
AcDbPolyline
 90
       17
 70
     0
 43
0.0
 10
147.021612
 20
213.079182
 10
149.521612
 20
213.079182
 10
149.521612
 20
213.179182
 10
149.081612
 20
213.179182
 42
-0.414214
 10
149.051612
 20
213.209182
 10
149.051612
 20
213.379182
 10
148.991612
 20
213.379182
 10
148.991612
 20
213.209182
 42
-0.414214
 10
148.961612
 20
213.179182
 10
147.581612
 20
213.179182
 42
-0.414214
 10
147.551612
 20
213.209182
 10
147.551612
 20
213.379182
 10
147.491612
 20
213.379182
 10
147.491612
 20
213.209182
 42
-0.414214
 10
147.461612
 20
213.179182
 10
147.021612
 20
213.179182
 10
147.021612
 20
213.079182
  0
LWPOLYLINE
  5
5D7
102
{ACAD_REACTORS
330
3EF
102
}
330
1F
100
AcDbEntity
  8
000 - MUROS EXISTENTES
100
AcDbPolyline
 90
       17
 70
     0
 43
0.0
 10
159.521609
 20
213.079182
 10
162.021609
 20
213.079182
 10
162.021609
 20
213.179182
 10
161.581609
 20
213.179182
 42
-0.414214
 10
161.551609
 20
213.209182
 10
161.551609
 20
213.379182
 10
161.491609
 20
213.379182
 10
161.491609
 20
213.209182
 42
-0.414214
 10
161.461609
 20
213.179182
 10
160.081609
 20
213.179182
 42
-0.414214
 10
160.051609
 20
213.209182
 10
160.051609
 20
213.379182
 10
159.991609
 20
213.379182
 10
159.991609
 20
213.209182
 42
-0.414214
 10
159.961609
 20
213.179182
 10
159.521609
 20
213.179182
 10
159.521609
 20
213.079182
  0
LWPOLYLINE
  5
5D8
330
1F
100
AcDbEntity
  8
000 - MUROS EXISTENTES
100
AcDbPolyline
 90
        2
 70
     0
 43
0.0
 10
157.02161
 20
213.079181
 10
157.721612
 20
213.079181
  0
LWPOLYLINE
  5
5D9
330
1F
100
AcDbEntity
  8
000 - MUROS EXISTENTES
100
AcDbPolyline
 90
       10
 70
     0
 43
0.0
 10
158.821612
 20
213.079181
 10
159.52161
 20
213.079181
 10
159.52161
 20
213.179181
 10
159.08161
 20
213.179181
 42
-0.414214
 10
159.05161
 20
213.209181
 10
159.05161
 20
213.379181
 10
158.99161
 20
213.379181
 10
158.99161
 20
213.209181
 42
-0.414214
 10
158.96161
 20
213.179181
 10
158.821612
 20
213.179181
  0
LWPOLYLINE
  5
5DA
330
1F
100
AcDbEntity
  8
000 - MUROS EXISTENTES
100
AcDbPolyline
 90
        9
 70
     0
 43
0.0
 10
157.721612
 20
213.179181
 10
157.58161
 20
213.179181
 42
-0.414214
 10
157.55161
 20
213.209181
 10
157.55161
 20
213.379181
 10
157.49161
 20
213.379181
 10
157.49161
 20
213.209181
 42
-0.414214
 10
157.46161
 20
213.179181
 10
157.02161
 20
213.179181
 10
157.02161
 20
213.079181
  0
LWPOLYLINE
  5
5DB
102
{ACAD_REACTORS
330
3F1
102
}
330
1F
100
AcDbEntity
  8
000 - MUROS EXISTENTES
100
AcDbPolyline
 90
       17
 70
     0
 43
0.0
 10
162.021609
 20
213.079182
 10
164.521609
 20
213.079182
 10
164.521609
 20
213.179182
 10
164.081609
 20
213.179182
 42
-0.414214
 10
164.051609
 20
213.209182
 10
164.051609
 20
213.379182
 10
163.991609
 20
213.379182
 10
163.991609
 20
213.209182
 42
-0.414214
 10
163.961609
 20
213.179182
 10
162.581609
 20
213.179182
 42
-0.414214
 10
162.551609
 20
213.209182
 10
162.551609
 20
213.379182
 10
162.491609
 20
213.379182
 10
162.491609
 20
213.209182
 42
-0.414214
 10
162.461609
 20
213.179182
 10
162.021609
 20
213.179182
 10
162.021609
 20
213.079182
  0
HATCH
  5
5DC
330
1F
100
AcDbEntity
  8
000 ALE HATCH MUROS
100
AcDbHatch
 10
0.0
 20
0.0
 30
0.0
210
0.0
220
0.0
230
1.0
  2
SOLID
 70
     1
 71
     1
 91
        1
 92
        1
 93
        4
 72
     1
 10
129.4216123144736
 20
212.8791814186968
 11
129.5216165426959
 21
212.8791814186968
 72
     1
 10
129.5216165426959
 20
212.8791814186968
 11
129.5216165426959
 21
213.1791814186944
 72
     1
 10
129.5216165426959
 20
213.1791814186944
 11
129.4216123144736
 21
213.1791814186944
 72
     1
 10
129.4216123144736
 20
213.1791814186944
 11
129.4216123144736
 21
212.8791814186968
 97
        1
330
5DD
 75
     1
 76
     1
 98
        1
 10
-1821.950323845247
 20
-306.979059176663
1001
GradientColor1ACI
1070
     5
1001
GradientColor2ACI
1070
     2
1001
ACAD
1010
0.0
1020
0.0
1030
0.0
  0
LWPOLYLINE
  5
5DD
102
{ACAD_REACTORS
330
5DC
102
}
330
1F
100
AcDbEntity
  8
000 - MUROS EXISTENTES
100
AcDbPolyline
 90
        4
 70
     1
 43
0.0
 10
129.421612
 20
212.879181
 10
129.521617
 20
212.879181
 10
129.521617
 20
213.179181
 10
129.421612
 20
213.179181
  0
HATCH
  5
5DE
330
1F
100
AcDbEntity
  8
000 ALE HATCH MUROS
100
AcDbHatch
 10
0.0
 20
0.0
 30
0.0
210
0.0
220
0.0
230
1.0
  2
SOLID
 70
     1
 71
     1
 91
        1
 92
        1
 93
        4
 72
     1
 10
129.4216123144736
 20
152.5791814186996
 11
129.5216165426959
 21
152.5791814186996
 72
     1
 10
129.5216165426959
 20
152.5791814186996
 11
129.5216165426959
 21
152.8791814186973
 72
     1
 10
129.5216165426959
 20
152.8791814186973
 11
129.4216123144736
 21
152.8791814186973
 72
     1
 10
129.4216123144736
 20
152.8791814186973
 11
129.4216123144736
 21
152.5791814186996
 97
        1
330
5DF
 75
     1
 76
     1
 98
        1
 10
-1821.950323845247
 20
-367.2790591766602
1001
GradientColor1ACI
1070
     5
1001
GradientColor2ACI
1070
     2
1001
ACAD
1010
0.0
1020
0.0
1030
0.0
  0
LWPOLYLINE
  5
5DF
102
{ACAD_REACTORS
330
5DE
102
}
330
1F
100
AcDbEntity
  8
000 - MUROS EXISTENTES
100
AcDbPolyline
 90
        4
 70
     1
 43
0.0
 10
129.421612
 20
152.579181
 10
129.521617
 20
152.579181
 10
129.521617
 20
152.879181
 10
129.421612
 20
152.879181
  0
HATCH
  5
5E0
330
1F
100
AcDbEntity
  8
000 ALE HATCH MUROS
100
AcDbHatch
 10
0.0
 20
0.0
 30
0.0
210
0.0
220
0.0
230
1.0
  2
SOLID
 70
     1
 71
     1
 91
        1
 92
        1
 93
        4
 72
     1
 10
164.5216123144735
 20
152.5791814186994
 11
164.6216165426958
 21
152.5791814186994
 72
     1
 10
164.6216165426958
 20
152.5791814186994
 11
164.6216165426958
 21
152.8791814186971
 72
     1
 10
164.6216165426958
 20
152.8791814186971
 11
164.5216123144735
 21
152.8791814186971
 72
     1
 10
164.5216123144735
 20
152.8791814186971
 11
164.5216123144735
 21
152.5791814186994
 97
        1
330
5E1
 75
     1
 76
     1
 98
        1
 10
-1786.850323845247
 20
-367.2790591766604
1001
GradientColor1ACI
1070
     5
1001
GradientColor2ACI
1070
     2
1001
ACAD
1010
0.0
1020
0.0
1030
0.0
  0
LWPOLYLINE
  5
5E1
102
{ACAD_REACTORS
330
5E0
102
}
330
1F
100
AcDbEntity
  8
000 - MUROS EXISTENTES
100
AcDbPolyline
 90
        4
 70
     1
 43
0.0
 10
164.521612
 20
152.579181
 10
164.621617
 20
152.579181
 10
164.621617
 20
152.879181
 10
164.521612
 20
152.879181
  0
HATCH
  5
5E2
330
1F
100
AcDbEntity
  8
000 ALE HATCH MUROS
100
AcDbHatch
 10
0.0
 20
0.0
 30
0.0
210
0.0
220
0.0
230
1.0
  2
SOLID
 70
     1
 71
     1
 91
        1
 92
        1
 93
        4
 72
     1
 10
164.5216086902824
 20
212.8791815646298
 11
164.6216129185048
 21
212.8791815646298
 72
     1
 10
164.6216129185048
 20
212.8791815646298
 11
164.6216129185048
 21
213.1791815646275
 72
     1
 10
164.6216129185048
 20
213.1791815646275
 11
164.5216086902824
 21
213.1791815646275
 72
     1
 10
164.5216086902824
 20
213.1791815646275
 11
164.5216086902824
 21
212.8791815646298
 97
        1
330
5E3
 75
     1
 76
     1
 98
        1
 10
-1786.850327469438
 20
-306.97905903073
1001
GradientColor1ACI
1070
     5
1001
GradientColor2ACI
1070
     2
1001
ACAD
1010
0.0
1020
0.0
1030
0.0
  0
LWPOLYLINE
  5
5E3
102
{ACAD_REACTORS
330
5E2
102
}
330
1F
100
AcDbEntity
  8
000 - MUROS EXISTENTES
100
AcDbPolyline
 90
        4
 70
     1
 43
0.0
 10
164.521609
 20
212.879182
 10
164.621613
 20
212.879182
 10
164.621613
 20
213.179182
 10
164.521609
 20
213.179182
  0
LINE
  5
5E4
330
1F
100
AcDbEntity
  8
000 ALE CARPINTERIAS
100
AcDbLine
 10
130.221617
 20
152.579182
 30
0.0
 11
130.271617
 21
152.579182
 31
0.0
  0
LINE
  5
5E5
330
1F
100
AcDbEntity
  8
000 ALE CARPINTERIAS
100
AcDbLine
 10
130.271617
 20
152.579182
 30
0.0
 11
130.271617
 21
152.679182
 31
0.0
  0
LINE
  5
5E6
330
1F
100
AcDbEntity
  8
000 ALE CARPINTERIAS
100
AcDbLine
 10
130.271617
 20
152.679182
 30
0.0
 11
130.221617
 21
152.679182
 31
0.0
  0
LINE
  5
5E7
330
1F
100
AcDbEntity
  8
000 ALE CARPINTERIAS
100
AcDbLine
 10
131.321617
 20
152.579182
 30
0.0
 11
131.271617
 21
152.579182
 31
0.0
  0
LINE
  5
5E8
330
1F
100
AcDbEntity
  8
000 ALE CARPINTERIAS
100
AcDbLine
 10
131.271617
 20
152.579182
 30
0.0
 11
131.271617
 21
152.679182
 31
0.0
  0
LINE
  5
5E9
330
1F
100
AcDbEntity
  8
000 ALE CARPINTERIAS
100
AcDbLine
 10
131.271617
 20
152.679182
 30
0.0
 11
131.321617
 21
152.679182
 31
0.0
  0
LWPOLYLINE
  5
5EA
330
1F
100
AcDbEntity
  8
000 ALE CARPINTERIAS
100
AcDbPolyline
 90
        4
 70
     1
 43
0.0
 10
131.271617
 20
152.679182
 10
130.271617
 20
152.679182
 10
130.271617
 20
152.629182
 10
131.271617
 20
152.629182
  0
ARC
  5
5EB
330
1F
100
AcDbEntity
  8
000 ALE CARPINTERIAS
100
AcDbCircle
 10
130.271617
 20
152.679182
 30
0.0
 40
1.0
100
AcDbArc
 50
0.0
 51
87.134016
  0
LINE
  5
5EC
330
1F
100
AcDbEntity
  8
000 ALE CARPINTERIAS
100
AcDbLine
 10
130.221617
 20
152.679182
 30
0.0
 11
130.221617
 21
152.579182
 31
0.0
  0
LINE
  5
5ED
330
1F
100
AcDbEntity
  8
000 ALE CARPINTERIAS
100
AcDbLine
 10
131.321617
 20
152.679182
 30
0.0
 11
131.321617
 21
152.579182
 31
0.0
  0
LINE
  5
5EE
330
1F
100
AcDbEntity
  8
000 ALE PROYECCIONES
100
AcDbLine
 10
139.521614
 20
213.179181
 30
0.0
 11
139.521614
 21
215.979181
 31
0.0
  0
LINE
  5
5EF
330
1F
100
AcDbEntity
  8
000 ALE PROYECCIONES
100
AcDbLine
 10
139.521614
 20
215.979181
 30
0.0
 11
134.521616
 21
215.979181
 31
0.0
  0
LINE
  5
5F0
330
1F
100
AcDbEntity
  8
000 ALE PROYECCIONES
100
AcDbLine
 10
134.521616
 20
215.979181
 30
0.0
 11
134.521612
 21
213.179181
 31
0.0
  0
LINE
  5
5F1
330
1F
100
AcDbEntity
  8
000 ALE PROYECCIONES
100
AcDbLine
 10
157.021614
 20
213.179181
 30
0.0
 11
157.021614
 21
215.979181
 31
0.0
  0
LINE
  5
5F2
330
1F
100
AcDbEntity
  8
000 ALE PROYECCIONES
100
AcDbLine
 10
157.021614
 20
215.979181
 30
0.0
 11
152.021616
 21
215.979181
 31
0.0
  0
LINE
  5
5F3
330
1F
100
AcDbEntity
  8
000 ALE PROYECCIONES
100
AcDbLine
 10
152.021616
 20
215.979181
 30
0.0
 11
152.021612
 21
213.179181
 31
0.0
  0
LINE
  5
5F4
330
1F
100
AcDbEntity
  8
000 ALE CARPINTERIAS
100
AcDbLine
 10
132.721616
 20
152.579182
 30
0.0
 11
132.771616
 21
152.579182
 31
0.0
  0
LINE
  5
5F5
330
1F
100
AcDbEntity
  8
000 ALE CARPINTERIAS
100
AcDbLine
 10
132.771616
 20
152.579182
 30
0.0
 11
132.771616
 21
152.679182
 31
0.0
  0
LINE
  5
5F6
330
1F
100
AcDbEntity
  8
000 ALE CARPINTERIAS
100
AcDbLine
 10
132.771616
 20
152.679182
 30
0.0
 11
132.721616
 21
152.679182
 31
0.0
  0
LINE
  5
5F7
330
1F
100
AcDbEntity
  8
000 ALE CARPINTERIAS
100
AcDbLine
 10
133.821616
 20
152.579182
 30
0.0
 11
133.771616
 21
152.579182
 31
0.0
  0
LINE
  5
5F8
330
1F
100
AcDbEntity
  8
000 ALE CARPINTERIAS
100
AcDbLine
 10
133.771616
 20
152.579182
 30
0.0
 11
133.771616
 21
152.679182
 31
0.0
  0
LINE
  5
5F9
330
1F
100
AcDbEntity
  8
000 ALE CARPINTERIAS
100
AcDbLine
 10
133.771616
 20
152.679182
 30
0.0
 11
133.821616
 21
152.679182
 31
0.0
  0
LWPOLYLINE
  5
5FA
330
1F
100
AcDbEntity
  8
000 ALE CARPINTERIAS
100
AcDbPolyline
 90
        4
 70
     1
 43
0.0
 10
133.771616
 20
152.679182
 10
132.771616
 20
152.679182
 10
132.771616
 20
152.629182
 10
133.771616
 20
152.629182
  0
ARC
  5
5FB
330
1F
100
AcDbEntity
  8
000 ALE CARPINTERIAS
100
AcDbCircle
 10
132.771616
 20
152.679182
 30
0.0
 40
1.0
100
AcDbArc
 50
0.0
 51
87.134016
  0
LINE
  5
5FC
330
1F
100
AcDbEntity
  8
000 ALE CARPINTERIAS
100
AcDbLine
 10
132.721616
 20
152.679182
 30
0.0
 11
132.721616
 21
152.579182
 31
0.0
  0
LINE
  5
5FD
330
1F
100
AcDbEntity
  8
000 ALE CARPINTERIAS
100
AcDbLine
 10
133.821616
 20
152.679182
 30
0.0
 11
133.821616
 21
152.579182
 31
0.0
  0
LINE
  5
5FE
330
1F
100
AcDbEntity
  8
000 ALE CARPINTERIAS
100
AcDbLine
 10
150.221612
 20
152.679181
 30
0.0
 11
150.271612
 21
152.679181
 31
0.0
  0
LINE
  5
5FF
330
1F
100
AcDbEntity
  8
000 ALE CARPINTERIAS
100
AcDbLine
 10
150.271612
 20
152.679181
 30
0.0
 11
150.271612
 21
152.579181
 31
0.0
  0
LINE
  5
600
330
1F
100
AcDbEntity
  8
000 ALE CARPINTERIAS
100
AcDbLine
 10
150.271612
 20
152.579181
 30
0.0
 11
150.221612
 21
152.579181
 31
0.0
  0
LINE
  5
601
330
1F
100
AcDbEntity
  8
000 ALE CARPINTERIAS
100
AcDbLine
 10
151.321612
 20
152.679181
 30
0.0
 11
151.271612
 21
152.679181
 31
0.0
  0
LINE
  5
602
330
1F
100
AcDbEntity
  8
000 ALE CARPINTERIAS
100
AcDbLine
 10
151.271612
 20
152.679181
 30
0.0
 11
151.271612
 21
152.579181
 31
0.0
  0
LINE
  5
603
330
1F
100
AcDbEntity
  8
000 ALE CARPINTERIAS
100
AcDbLine
 10
151.271612
 20
152.579181
 30
0.0
 11
151.321612
 21
152.579181
 31
0.0
  0
LWPOLYLINE
  5
604
330
1F
100
AcDbEntity
  8
000 ALE CARPINTERIAS
100
AcDbPolyline
 90
        4
 70
     1
 43
0.0
 10
151.271612
 20
152.579181
 10
150.271612
 20
152.579181
 10
150.271612
 20
152.629181
 10
151.271612
 20
152.629181
  0
ARC
  5
605
330
1F
100
AcDbEntity
  8
000 ALE CARPINTERIAS
100
AcDbCircle
 10
150.271612
 20
152.579181
 30
0.0
 40
1.0
100
AcDbArc
 50
272.865984
 51
0.0
  0
LINE
  5
606
330
1F
100
AcDbEntity
  8
000 ALE CARPINTERIAS
100
AcDbLine
 10
150.221612
 20
152.579181
 30
0.0
 11
150.221612
 21
152.679181
 31
0.0
  0
LINE
  5
607
330
1F
100
AcDbEntity
  8
000 ALE CARPINTERIAS
100
AcDbLine
 10
151.321612
 20
152.579181
 30
0.0
 11
151.321612
 21
152.679181
 31
0.0
  0
LINE
  5
608
330
1F
100
AcDbEntity
  8
000 ALE CARPINTERIAS
100
AcDbLine
 10
150.291609
 20
150.339181
 30
0.0
 11
150.341609
 21
150.339181
 31
0.0
  0
LINE
  5
609
330
1F
100
AcDbEntity
  8
000 ALE CARPINTERIAS
100
AcDbLine
 10
150.341609
 20
150.339181
 30
0.0
 11
150.341609
 21
150.239181
 31
0.0
  0
LINE
  5
60A
330
1F
100
AcDbEntity
  8
000 ALE CARPINTERIAS
100
AcDbLine
 10
150.341609
 20
150.239181
 30
0.0
 11
150.291609
 21
150.239181
 31
0.0
  0
LINE
  5
60B
330
1F
100
AcDbEntity
  8
000 ALE CARPINTERIAS
100
AcDbLine
 10
151.391609
 20
150.339181
 30
0.0
 11
151.341609
 21
150.339181
 31
0.0
  0
LINE
  5
60C
330
1F
100
AcDbEntity
  8
000 ALE CARPINTERIAS
100
AcDbLine
 10
151.341609
 20
150.339181
 30
0.0
 11
151.341609
 21
150.239181
 31
0.0
  0
LINE
  5
60D
330
1F
100
AcDbEntity
  8
000 ALE CARPINTERIAS
100
AcDbLine
 10
151.341609
 20
150.239181
 30
0.0
 11
151.391609
 21
150.239181
 31
0.0
  0
LWPOLYLINE
  5
60E
330
1F
100
AcDbEntity
  8
000 ALE CARPINTERIAS
100
AcDbPolyline
 90
        4
 70
     1
 43
0.0
 10
151.341609
 20
150.239181
 10
150.341609
 20
150.239181
 10
150.341609
 20
150.289181
 10
151.341609
 20
150.289181
  0
ARC
  5
60F
330
1F
100
AcDbEntity
  8
000 ALE CARPINTERIAS
100
AcDbCircle
 10
150.341609
 20
150.239181
 30
0.0
 40
1.0
100
AcDbArc
 50
272.865984
 51
0.0
  0
LINE
  5
610
102
{ACAD_REACTORS
330
47C
102
}
330
1F
100
AcDbEntity
  8
000 ALE CARPINTERIAS
100
AcDbLine
 10
150.291609
 20
150.239181
 30
0.0
 11
150.291609
 21
150.339181
 31
0.0
  0
LINE
  5
611
330
1F
100
AcDbEntity
  8
000 ALE CARPINTERIAS
100
AcDbLine
 10
151.391609
 20
150.239181
 30
0.0
 11
151.391609
 21
150.339181
 31
0.0
  0
LINE
  5
612
330
1F
100
AcDbEntity
  8
000 ALE CARPINTERIAS
100
AcDbLine
 10
157.671609
 20
150.339181
 30
0.0
 11
157.721609
 21
150.339181
 31
0.0
  0
LINE
  5
613
330
1F
100
AcDbEntity
  8
000 ALE CARPINTERIAS
100
AcDbLine
 10
157.721609
 20
150.339181
 30
0.0
 11
157.721609
 21
150.239181
 31
0.0
  0
LINE
  5
614
330
1F
100
AcDbEntity
  8
000 ALE CARPINTERIAS
100
AcDbLine
 10
157.721609
 20
150.239181
 30
0.0
 11
157.671609
 21
150.239181
 31
0.0
  0
LINE
  5
615
330
1F
100
AcDbEntity
  8
000 ALE CARPINTERIAS
100
AcDbLine
 10
158.871609
 20
150.339181
 30
0.0
 11
158.821609
 21
150.339181
 31
0.0
  0
LINE
  5
616
330
1F
100
AcDbEntity
  8
000 ALE CARPINTERIAS
100
AcDbLine
 10
158.821609
 20
150.339181
 30
0.0
 11
158.821609
 21
150.239181
 31
0.0
  0
LINE
  5
617
330
1F
100
AcDbEntity
  8
000 ALE CARPINTERIAS
100
AcDbLine
 10
158.821609
 20
150.239181
 30
0.0
 11
158.871609
 21
150.239181
 31
0.0
  0
LWPOLYLINE
  5
618
330
1F
100
AcDbEntity
  8
000 ALE CARPINTERIAS
100
AcDbPolyline
 90
        4
 70
     1
 43
0.0
 10
158.821609
 20
150.239181
 10
157.721609
 20
150.239181
 10
157.721609
 20
150.289181
 10
158.821609
 20
150.289181
  0
LINE
  5
619
102
{ACAD_REACTORS
330
462
102
}
330
1F
100
AcDbEntity
  8
000 ALE CARPINTERIAS
100
AcDbLine
 10
157.671609
 20
150.239181
 30
0.0
 11
157.671609
 21
150.339181
 31
0.0
  0
LINE
  5
61A
330
1F
100
AcDbEntity
  8
000 ALE CARPINTERIAS
100
AcDbLine
 10
158.871609
 20
150.239181
 30
0.0
 11
158.871609
 21
150.339181
 31
0.0
  0
ARC
  5
61B
330
1F
100
AcDbEntity
  8
000 ALE CARPINTERIAS
100
AcDbCircle
 10
157.721609
 20
150.239181
 30
0.0
 40
1.100000000000136
100
AcDbArc
 50
270.0
 51
0.0
  0
INSERT
  5
61C
330
1F
100
AcDbEntity
  8
000 ALE CARPINTERIAS
100
AcDbBlockReference
  2
PURTA 760
 10
157.351609
 20
142.619532
 30
0.0
  0
INSERT
  5
628
330
1F
100
AcDbEntity
  8
000 ALE CARPINTERIAS
100
AcDbBlockReference
  2
PURTA 760
 10
157.351609
 20
140.659532
 30
0.0
  0
INSERT
  5
629
330
1F
100
AcDbEntity
  8
000 ALE CARPINTERIAS
100
AcDbBlockReference
  2
PURTA 760
 10
151.651609
 20
150.139181
 30
0.0
 41
-1.0
 50
180.0
  0
INSERT
  5
62A
330
1F
100
AcDbEntity
  8
000 ALE CARPINTERIAS
100
AcDbBlockReference
  2
PURTA 760
 10
150.041609
 20
146.739181
 30
0.0
 50
90.0
  0
INSERT
  5
62B
330
1F
100
AcDbEntity
  8
000 ALE CARPINTERIAS
100
AcDbBlockReference
  2
PURTA 760
 10
145.631609
 20
146.539181
 30
0.0
 50
180.0
  0
LINE
  5
62C
330
1F
100
AcDbEntity
  8
000 ALE CARPINTERIAS
100
AcDbLine
 10
147.691609
 20
146.639181
 30
0.0
 11
148.651609
 21
146.639181
 31
0.0
  0
LINE
  5
62D
330
1F
100
AcDbEntity
  8
000 ALE CARPINTERIAS
100
AcDbLine
 10
147.691609
 20
146.739181
 30
0.0
 11
148.651609
 21
146.739181
 31
0.0
  0
LINE
  5
62E
330
1F
100
AcDbEntity
  8
000 ALE CARPINTERIAS
100
AcDbLine
 10
146.091609
 20
146.639181
 30
0.0
 11
147.051609
 21
146.639181
 31
0.0
  0
LINE
  5
62F
330
1F
100
AcDbEntity
  8
000 ALE CARPINTERIAS
100
AcDbLine
 10
146.091609
 20
146.739181
 30
0.0
 11
147.051609
 21
146.739181
 31
0.0
  0
INSERT
  5
630
330
1F
100
AcDbEntity
  8
000 ALE CARPINTERIAS
100
AcDbBlockReference
  2
PURTA 760
 10
145.631609
 20
143.379181
 30
0.0
 50
180.0
  0
LINE
  5
631
102
{ACAD_REACTORS
330
5CB
102
}
330
1F
100
AcDbEntity
  8
000 - MUROS EXISTENTES
100
AcDbLine
 10
164.521609
 20
156.289182
 30
0.0
 11
164.041609
 21
156.289182
 31
0.0
  0
LINE
  5
632
102
{ACAD_REACTORS
330
5CB
102
}
330
1F
100
AcDbEntity
  8
000 - MUROS EXISTENTES
100
AcDbLine
 10
164.041609
 20
156.289182
 30
0.0
 11
164.041609
 21
156.189182
 31
0.0
  0
LINE
  5
633
102
{ACAD_REACTORS
330
5AE
102
}
330
1F
100
AcDbEntity
  8
000 - MUROS EXISTENTES
100
AcDbLine
 10
161.981609
 20
156.289182
 30
0.0
 11
161.981609
 21
156.189182
 31
0.0
  0
LINE
  5
634
102
{ACAD_REACTORS
330
5AE
102
}
330
1F
100
AcDbEntity
  8
000 - MUROS EXISTENTES
100
AcDbLine
 10
159.951609
 20
156.289182
 30
0.0
 11
159.951609
 21
156.189182
 31
0.0
  0
LINE
  5
635
330
1F
100
AcDbEntity
  8
000 - MUROS EXISTENTES
100
AcDbLine
 10
159.191609
 20
156.289182
 30
0.0
 11
159.191609
 21
156.189182
 31
0.0
  0
LINE
  5
636
330
1F
100
AcDbEntity
  8
000 - MUROS EXISTENTES
100
AcDbLine
 10
158.621609
 20
156.289182
 30
0.0
 11
158.621609
 21
156.189182
 31
0.0
  0
HATCH
  5
637
330
1F
100
AcDbEntity
  8
000 ALE HATCH MUROS
100
AcDbHatch
 10
0.0
 20
0.0
 30
0.0
210
0.0
220
0.0
230
1.0
  2
SOLID
 70
     1
 71
     1
 91
        1
 92
        7
 72
     0
 73
     1
 93
        4
 10
157.1916086902825
 20
156.2891815646279
 10
157.6516086902825
 20
156.2891815646279
 10
157.6516086902825
 20
156.1891815646279
 10
157.1916086902825
 20
156.1891815646279
 97
        4
330
643
330
638
330
639
330
644
 75
     1
 76
     1
 47
0.013497
 98
        1
 10
157.5641876174986
 20
156.2245012893388
1001
GradientColor1ACI
1070
     5
1001
GradientColor2ACI
1070
     2
1001
ACAD
1010
0.0
1020
0.0
1030
0.0
  0
LINE
  5
638
102
{ACAD_REACTORS
330
637
102
}
330
1F
100
AcDbEntity
  8
000 - MUROS EXISTENTES
100
AcDbLine
 10
157.651609
 20
156.289182
 30
0.0
 11
157.651609
 21
156.189182
 31
0.0
  0
LINE
  5
639
102
{ACAD_REACTORS
330
637
102
}
330
1F
100
AcDbEntity
  8
000 - MUROS EXISTENTES
100
AcDbLine
 10
157.191609
 20
156.289182
 30
0.0
 11
157.191609
 21
156.189182
 31
0.0
  0
LINE
  5
63A
102
{ACAD_REACTORS
330
5AA
102
}
330
1F
100
AcDbEntity
  8
000 - MUROS EXISTENTES
100
AcDbLine
 10
156.431609
 20
156.289182
 30
0.0
 11
156.431609
 21
156.189182
 31
0.0
  0
LINE
  5
63B
102
{ACAD_REACTORS
330
5AA
102
}
330
1F
100
AcDbEntity
  8
000 - MUROS EXISTENTES
100
AcDbLine
 10
155.071612
 20
156.289182
 30
0.0
 11
155.071612
 21
156.189182
 31
0.0
  0
LINE
  5
63C
102
{ACAD_REACTORS
330
5AC
102
}
330
1F
100
AcDbEntity
  8
000 - MUROS EXISTENTES
100
AcDbLine
 10
154.311612
 20
156.289182
 30
0.0
 11
154.311612
 21
156.189182
 31
0.0
  0
LINE
  5
63D
102
{ACAD_REACTORS
330
5CB
102
}
330
1F
100
AcDbEntity
  8
000 - MUROS EXISTENTES
100
AcDbLine
 10
164.041609
 20
156.189182
 30
0.0
 11
164.521612
 21
156.189182
 31
0.0
  0
LINE
  5
63E
102
{ACAD_REACTORS
330
5AC
102
}
330
1F
100
AcDbEntity
  8
000 - MUROS EXISTENTES
100
AcDbLine
 10
154.131612
 20
156.289182
 30
0.0
 11
154.311612
 21
156.289182
 31
0.0
  0
LINE
  5
63F
102
{ACAD_REACTORS
330
5AC
102
}
330
1F
100
AcDbEntity
  8
000 - MUROS EXISTENTES
100
AcDbLine
 10
154.231612
 20
156.189182
 30
0.0
 11
154.311612
 21
156.189182
 31
0.0
  0
LINE
  5
640
102
{ACAD_REACTORS
330
5AA
102
}
330
1F
100
AcDbEntity
  8
000 - MUROS EXISTENTES
100
AcDbLine
 10
155.071612
 20
156.289182
 30
0.0
 11
156.431609
 21
156.289182
 31
0.0
  0
LINE
  5
641
102
{ACAD_REACTORS
330
5AA
102
}
330
1F
100
AcDbEntity
  8
000 - MUROS EXISTENTES
100
AcDbLine
 10
155.071612
 20
156.189182
 30
0.0
 11
156.231612
 21
156.189182
 31
0.0
  0
LINE
  5
642
102
{ACAD_REACTORS
330
5AA
102
}
330
1F
100
AcDbEntity
  8
000 - MUROS EXISTENTES
100
AcDbLine
 10
156.331612
 20
156.189182
 30
0.0
 11
156.431609
 21
156.189182
 31
0.0
  0
LINE
  5
643
102
{ACAD_REACTORS
330
637
102
}
330
1F
100
AcDbEntity
  8
000 - MUROS EXISTENTES
100
AcDbLine
 10
157.191609
 20
156.289182
 30
0.0
 11
157.651609
 21
156.289182
 31
0.0
  0
LINE
  5
644
102
{ACAD_REACTORS
330
637
102
}
330
1F
100
AcDbEntity
  8
000 - MUROS EXISTENTES
100
AcDbLine
 10
157.191609
 20
156.189182
 30
0.0
 11
157.651609
 21
156.189182
 31
0.0
  0
LINE
  5
645
330
1F
100
AcDbEntity
  8
000 - MUROS EXISTENTES
100
AcDbLine
 10
158.621609
 20
156.289182
 30
0.0
 11
159.191609
 21
156.289182
 31
0.0
  0
LINE
  5
646
330
1F
100
AcDbEntity
  8
000 - MUROS EXISTENTES
100
AcDbLine
 10
158.621609
 20
156.189182
 30
0.0
 11
159.031612
 21
156.189182
 31
0.0
  0
LINE
  5
647
330
1F
100
AcDbEntity
  8
000 - MUROS EXISTENTES
100
AcDbLine
 10
159.131612
 20
156.189182
 30
0.0
 11
159.191609
 21
156.189182
 31
0.0
  0
LINE
  5
648
102
{ACAD_REACTORS
330
5AE
102
}
330
1F
100
AcDbEntity
  8
000 - MUROS EXISTENTES
100
AcDbLine
 10
159.951609
 20
156.289182
 30
0.0
 11
161.981609
 21
156.289182
 31
0.0
  0
LINE
  5
649
102
{ACAD_REACTORS
330
5AE
102
}
330
1F
100
AcDbEntity
  8
000 - MUROS EXISTENTES
100
AcDbLine
 10
159.951609
 20
156.189182
 30
0.0
 11
161.501612
 21
156.189182
 31
0.0
  0
LINE
  5
64A
102
{ACAD_REACTORS
330
5AE
102
}
330
1F
100
AcDbEntity
  8
000 - MUROS EXISTENTES
100
AcDbLine
 10
161.601612
 20
156.189182
 30
0.0
 11
161.981609
 21
156.189182
 31
0.0
  0
LINE
  5
64B
102
{ACAD_REACTORS
330
5AE
102
}
330
1F
100
AcDbEntity
  8
000 - MUROS EXISTENTES
100
AcDbLine
 10
161.601612
 20
156.189182
 30
0.0
 11
161.601612
 21
152.679182
 31
0.0
  0
LINE
  5
64C
102
{ACAD_REACTORS
330
5AE
102
}
330
1F
100
AcDbEntity
  8
000 - MUROS EXISTENTES
100
AcDbLine
 10
161.501612
 20
156.189182
 30
0.0
 11
161.501612
 21
152.679182
 31
0.0
  0
LINE
  5
64D
330
1F
100
AcDbEntity
  8
000 - MUROS EXISTENTES
100
AcDbLine
 10
159.131612
 20
156.189182
 30
0.0
 11
159.131612
 21
152.679182
 31
0.0
  0
LINE
  5
64E
330
1F
100
AcDbEntity
  8
000 - MUROS EXISTENTES
100
AcDbLine
 10
159.031612
 20
156.189182
 30
0.0
 11
159.031612
 21
152.679182
 31
0.0
  0
LINE
  5
64F
102
{ACAD_REACTORS
330
5AA
102
}
330
1F
100
AcDbEntity
  8
000 - MUROS EXISTENTES
100
AcDbLine
 10
156.331612
 20
156.189182
 30
0.0
 11
156.331612
 21
152.679182
 31
0.0
  0
LINE
  5
650
102
{ACAD_REACTORS
330
5AA
102
}
330
1F
100
AcDbEntity
  8
000 - MUROS EXISTENTES
100
AcDbLine
 10
156.231612
 20
156.189182
 30
0.0
 11
156.231612
 21
152.679182
 31
0.0
  0
HATCH
  5
651
330
1F
100
AcDbEntity
  8
000 ALE HATCH MUROS
100
AcDbHatch
 10
0.0
 20
0.0
 30
0.0
210
0.0
220
0.0
230
1.0
  2
SOLID
 70
     1
 71
     1
 91
        1
 92
        7
 72
     0
 73
     1
 93
        4
 10
162.9516086902825
 20
156.2891815646279
 10
163.2816086902824
 20
156.2891815646279
 10
163.2816086902826
 20
156.1891815646279
 10
162.9516086902827
 20
156.1891815646271
 97
        4
330
653
330
652
330
654
330
655
 75
     1
 76
     1
 47
0.013497
 98
        1
 10
163.1584368881749
 20
156.2784882643807
1001
GradientColor1ACI
1070
     5
1001
GradientColor2ACI
1070
     2
1001
ACAD
1010
0.0
1020
0.0
1030
0.0
  0
LINE
  5
652
102
{ACAD_REACTORS
330
651
102
}
330
1F
100
AcDbEntity
  8
000 - MUROS EXISTENTES
100
AcDbLine
 10
162.951609
 20
156.289182
 30
0.0
 11
162.951609
 21
156.189182
 31
0.0
  0
LINE
  5
653
102
{ACAD_REACTORS
330
651
102
}
330
1F
100
AcDbEntity
  8
000 - MUROS EXISTENTES
100
AcDbLine
 10
163.281609
 20
156.289182
 30
0.0
 11
163.281609
 21
156.189182
 31
0.0
  0
LINE
  5
654
102
{ACAD_REACTORS
330
651
102
}
330
1F
100
AcDbEntity
  8
000 - MUROS EXISTENTES
100
AcDbLine
 10
163.281609
 20
156.189182
 30
0.0
 11
162.951609
 21
156.189182
 31
0.0
  0
LINE
  5
655
102
{ACAD_REACTORS
330
651
102
}
330
1F
100
AcDbEntity
  8
000 - MUROS EXISTENTES
100
AcDbLine
 10
162.951609
 20
156.289182
 30
0.0
 11
163.281609
 21
156.289182
 31
0.0
  0
LINE
  5
656
102
{ACAD_REACTORS
330
5AC
102
}
330
1F
100
AcDbEntity
  8
000 - MUROS EXISTENTES
100
AcDbLine
 10
154.231612
 20
156.189182
 30
0.0
 11
154.231612
 21
152.679182
 31
0.0
  0
LINE
  5
657
102
{ACAD_REACTORS
330
5AC
102
}
330
1F
100
AcDbEntity
  8
000 - MUROS EXISTENTES
100
AcDbLine
 10
154.131612
 20
156.289182
 30
0.0
 11
154.131612
 21
152.679182
 31
0.0
  0
INSERT
  5
658
330
1F
100
AcDbEntity
  8
000 ALE CARPINTERIAS
100
AcDbBlockReference
  2
PURTA 760
 10
154.311612
 20
156.189182
 30
0.0
 50
270.0
  0
INSERT
  5
659
330
1F
100
AcDbEntity
  8
000 ALE CARPINTERIAS
100
AcDbBlockReference
  2
PURTA 760
 10
156.431609
 20
156.189182
 30
0.0
 50
270.0
  0
INSERT
  5
65A
330
1F
100
AcDbEntity
  8
000 ALE CARPINTERIAS
100
AcDbBlockReference
  2
PURTA 760
 10
159.191609
 20
156.189182
 30
0.0
 50
270.0
  0
INSERT
  5
65B
330
1F
100
AcDbEntity
  8
000 ALE CARPINTERIAS
100
AcDbBlockReference
  2
PURTA 760
 10
164.041609
 20
156.189182
 30
0.0
 41
-1.0
 50
90.0
  0
LINE
  5
65C
330
1F
100
AcDbEntity
  8
000 ALE CARPINTERIAS
100
AcDbLine
 10
161.981609
 20
156.289182
 30
0.0
 11
162.951609
 21
156.289182
 31
0.0
  0
LINE
  5
65D
330
1F
100
AcDbEntity
  8
000 ALE CARPINTERIAS
100
AcDbLine
 10
161.981609
 20
156.189182
 30
0.0
 11
162.951609
 21
156.189182
 31
0.0
  0
LINE
  5
65E
330
1F
100
AcDbEntity
  8
000 ALE CARPINTERIAS
100
AcDbLine
 10
161.981609
 20
156.239182
 30
0.0
 11
162.951609
 21
156.239182
 31
0.0
  0
LINE
  5
65F
330
1F
100
AcDbEntity
  8
000 ALE CARPINTERIAS
100
AcDbLine
 10
157.651609
 20
156.289182
 30
0.0
 11
158.621609
 21
156.289182
 31
0.0
  0
LINE
  5
660
330
1F
100
AcDbEntity
  8
000 ALE CARPINTERIAS
100
AcDbLine
 10
157.651609
 20
156.189182
 30
0.0
 11
158.621609
 21
156.189182
 31
0.0
  0
LINE
  5
661
330
1F
100
AcDbEntity
  8
000 ALE CARPINTERIAS
100
AcDbLine
 10
157.651609
 20
156.239182
 30
0.0
 11
158.621609
 21
156.239182
 31
0.0
  0
LINE
  5
662
330
1F
100
AcDbEntity
  8
000 ALE PROYECCIONES
100
AcDbLine
 10
129.421612
 20
180.429181
 30
0.0
 11
126.621612
 21
180.429181
 31
0.0
  0
LINE
  5
663
330
1F
100
AcDbEntity
  8
000 ALE PROYECCIONES
100
AcDbLine
 10
126.621612
 20
180.429181
 30
0.0
 11
126.621612
 21
175.329181
 31
0.0
  0
LINE
  5
664
330
1F
100
AcDbEntity
  8
000 ALE PROYECCIONES
100
AcDbLine
 10
126.621612
 20
175.329181
 30
0.0
 11
129.421612
 21
175.329181
 31
0.0
  0
LINE
  5
665
330
1F
100
AcDbEntity
  8
000 - MUROS EXISTENTES
100
AcDbLine
 10
157.151609
 20
146.579181
 30
0.0
 11
156.551609
 21
146.579181
 31
0.0
  0
LINE
  5
666
330
1F
100
AcDbEntity
  8
000 - MUROS EXISTENTES
100
AcDbLine
 10
156.551609
 20
146.579181
 30
0.0
 11
156.551609
 21
148.579181
 31
0.0
  0
LINE
  5
667
330
1F
100
AcDbEntity
  8
000 - MUROS EXISTENTES
100
AcDbLine
 10
156.551609
 20
148.579181
 30
0.0
 11
157.151609
 21
148.579181
 31
0.0
  0
LINE
  5
668
330
1F
100
AcDbEntity
  8
000 - MUROS EXISTENTES
100
AcDbLine
 10
156.651609
 20
146.679181
 30
0.0
 11
157.051609
 21
146.679181
 31
0.0
  0
LINE
  5
669
330
1F
100
AcDbEntity
  8
000 - MUROS EXISTENTES
100
AcDbLine
 10
157.051609
 20
146.679181
 30
0.0
 11
157.051609
 21
147.279181
 31
0.0
  0
LINE
  5
66A
330
1F
100
AcDbEntity
  8
000 - MUROS EXISTENTES
100
AcDbLine
 10
157.051609
 20
147.279181
 30
0.0
 11
156.651609
 21
147.279181
 31
0.0
  0
LINE
  5
66B
330
1F
100
AcDbEntity
  8
000 - MUROS EXISTENTES
100
AcDbLine
 10
156.651609
 20
147.279181
 30
0.0
 11
156.651609
 21
146.679181
 31
0.0
  0
LINE
  5
66C
330
1F
100
AcDbEntity
  8
000 - MUROS EXISTENTES
100
AcDbLine
 10
129.521612
 20
153.829181
 30
0.0
 11
129.721612
 21
153.829181
 31
0.0
  0
LINE
  5
66D
330
1F
100
AcDbEntity
  8
000 - MUROS EXISTENTES
100
AcDbLine
 10
129.721612
 20
153.829181
 30
0.0
 11
129.721612
 21
154.429181
 31
0.0
  0
LINE
  5
66E
330
1F
100
AcDbEntity
  8
000 - MUROS EXISTENTES
100
AcDbLine
 10
129.721612
 20
154.429181
 30
0.0
 11
129.521612
 21
153.829181
 31
0.0
  0
LINE
  5
66F
330
1F
100
AcDbEntity
  8
000 - MUROS EXISTENTES
100
AcDbLine
 10
129.521612
 20
153.829181
 30
0.0
 11
129.521612
 21
154.429181
 31
0.0
  0
LINE
  5
670
330
1F
100
AcDbEntity
  8
000 - MUROS EXISTENTES
100
AcDbLine
 10
129.521612
 20
154.429181
 30
0.0
 11
129.721612
 21
154.429181
 31
0.0
  0
LINE
  5
671
330
1F
100
AcDbEntity
  8
000 - MUROS EXISTENTES
100
AcDbLine
 10
152.760233
 20
150.239181
 30
0.0
 11
152.760233
 21
150.039181
 31
0.0
  0
LINE
  5
672
330
1F
100
AcDbEntity
  8
000 - MUROS EXISTENTES
100
AcDbLine
 10
152.760233
 20
150.039181
 30
0.0
 11
153.160233
 21
150.039181
 31
0.0
  0
LINE
  5
673
330
1F
100
AcDbEntity
  8
000 - MUROS EXISTENTES
100
AcDbLine
 10
153.160233
 20
150.039181
 30
0.0
 11
153.160233
 21
150.239181
 31
0.0
  0
LINE
  5
674
330
1F
100
AcDbEntity
  8
000 - MUROS EXISTENTES
100
AcDbLine
 10
153.160233
 20
150.239181
 30
0.0
 11
152.760233
 21
150.039181
 31
0.0
  0
LINE
  5
675
330
1F
100
AcDbEntity
  8
000 ALE CARPINTERIAS
100
AcDbLine
 10
157.72161
 20
152.679182
 30
0.0
 11
157.77161
 21
152.679182
 31
0.0
  0
LINE
  5
676
330
1F
100
AcDbEntity
  8
000 ALE CARPINTERIAS
100
AcDbLine
 10
157.77161
 20
152.679182
 30
0.0
 11
157.77161
 21
152.579182
 31
0.0
  0
LINE
  5
677
330
1F
100
AcDbEntity
  8
000 ALE CARPINTERIAS
100
AcDbLine
 10
157.77161
 20
152.579182
 30
0.0
 11
157.72161
 21
152.579182
 31
0.0
  0
LINE
  5
678
330
1F
100
AcDbEntity
  8
000 ALE CARPINTERIAS
100
AcDbLine
 10
158.82161
 20
152.679182
 30
0.0
 11
158.77161
 21
152.679182
 31
0.0
  0
LINE
  5
679
330
1F
100
AcDbEntity
  8
000 ALE CARPINTERIAS
100
AcDbLine
 10
158.77161
 20
152.679182
 30
0.0
 11
158.77161
 21
152.579182
 31
0.0
  0
LINE
  5
67A
330
1F
100
AcDbEntity
  8
000 ALE CARPINTERIAS
100
AcDbLine
 10
158.77161
 20
152.579182
 30
0.0
 11
158.82161
 21
152.579182
 31
0.0
  0
LWPOLYLINE
  5
67B
330
1F
100
AcDbEntity
  8
000 ALE CARPINTERIAS
100
AcDbPolyline
 90
        4
 70
     1
 43
0.0
 10
158.77161
 20
152.579182
 10
157.77161
 20
152.579182
 10
157.77161
 20
152.629182
 10
158.77161
 20
152.629182
  0
LINE
  5
67C
330
1F
100
AcDbEntity
  8
000 ALE CARPINTERIAS
100
AcDbLine
 10
157.72161
 20
152.579182
 30
0.0
 11
157.72161
 21
152.679182
 31
0.0
  0
LINE
  5
67D
330
1F
100
AcDbEntity
  8
000 ALE CARPINTERIAS
100
AcDbLine
 10
158.82161
 20
152.579182
 30
0.0
 11
158.82161
 21
152.679182
 31
0.0
  0
INSERT
  5
67E
330
1F
100
AcDbEntity
  8
Mobiliario
100
AcDbBlockReference
  2
BIND
 10
275792.020287
 20
-112124.588802
 30
0.0
 41
-1.0
  0
INSERT
  5
67F
330
1F
100
AcDbEntity
  8
Mobiliario
100
AcDbBlockReference
  2
BIND
 10
275792.020287
 20
-112123.538802
 30
0.0
 41
-1.0
  0
INSERT
  5
680
330
1F
100
AcDbEntity
  8
Mobiliario
100
AcDbBlockReference
  2
BIND
 10
275793.270287
 20
-112124.588802
 30
0.0
 41
-1.0
  0
INSERT
  5
681
330
1F
100
AcDbEntity
  8
Mobiliario
100
AcDbBlockReference
  2
BIND
 10
275793.270287
 20
-112123.538802
 30
0.0
 41
-1.0
  0
INSERT
  5
682
330
1F
100
AcDbEntity
  8
Mobiliario
100
AcDbBlockReference
  2
BIND
 10
-275474.427062
 20
-112124.588802
 30
0.0
  0
INSERT
  5
683
330
1F
100
AcDbEntity
  8
Mobiliario
100
AcDbBlockReference
  2
BIND
 10
-275474.427062
 20
-112123.538802
 30
0.0
  0
INSERT
  5
684
330
1F
100
AcDbEntity
  8
Mobiliario
100
AcDbBlockReference
  2
BIND
 10
-275475.677062
 20
-112128.638802
 30
0.0
  0
INSERT
  5
685
330
1F
100
AcDbEntity
  8
Mobiliario
100
AcDbBlockReference
  2
BIND
 10
-275476.927062
 20
-112128.638802
 30
0.0
  0
INSERT
  5
686
330
1F
100
AcDbEntity
  8
Mobiliario
100
AcDbBlockReference
  2
BIND
 10
-275478.177062
 20
-112128.638802
 30
0.0
  0
INSERT
  5
687
330
1F
100
AcDbEntity
  8
Mobiliario
100
AcDbBlockReference
  2
BIND
 10
-275475.677062
 20
-112127.588802
 30
0.0
  0
INSERT
  5
688
330
1F
100
AcDbEntity
  8
Mobiliario
100
AcDbBlockReference
  2
BIND
 10
-275476.927062
 20
-112127.588802
 30
0.0
  0
INSERT
  5
689
330
1F
100
AcDbEntity
  8
Mobiliario
100
AcDbBlockReference
  2
BIND
 10
-275478.177062
 20
-112127.588802
 30
0.0
  0
INSERT
  5
68A
330
1F
100
AcDbEntity
  8
Mobiliario
100
AcDbBlockReference
  2
BIND
 10
275788.270287
 20
-112128.638802
 30
0.0
 41
-1.0
  0
INSERT
  5
68B
330
1F
100
AcDbEntity
  8
Mobiliario
100
AcDbBlockReference
  2
BIND
 10
275789.520287
 20
-112128.638802
 30
0.0
 41
-1.0
  0
INSERT
  5
68C
330
1F
100
AcDbEntity
  8
Mobiliario
100
AcDbBlockReference
  2
BIND
 10
275790.770287
 20
-112128.638802
 30
0.0
 41
-1.0
  0
INSERT
  5
68D
330
1F
100
AcDbEntity
  8
Mobiliario
100
AcDbBlockReference
  2
BIND
 10
275788.270287
 20
-112127.588802
 30
0.0
 41
-1.0
  0
INSERT
  5
68E
330
1F
100
AcDbEntity
  8
Mobiliario
100
AcDbBlockReference
  2
BIND
 10
275789.520287
 20
-112127.588802
 30
0.0
 41
-1.0
  0
INSERT
  5
68F
330
1F
100
AcDbEntity
  8
Mobiliario
100
AcDbBlockReference
  2
BIND
 10
275790.770287
 20
-112127.588802
 30
0.0
 41
-1.0
  0
INSERT
  5
690
330
1F
100
AcDbEntity
  8
Mobiliario
100
AcDbBlockReference
  2
BIND
 10
275792.020287
 20
-112128.638802
 30
0.0
 41
-1.0
  0
INSERT
  5
691
330
1F
100
AcDbEntity
  8
Mobiliario
100
AcDbBlockReference
  2
BIND
 10
275792.020287
 20
-112127.588802
 30
0.0
 41
-1.0
  0
INSERT
  5
692
330
1F
100
AcDbEntity
  8
Mobiliario
100
AcDbBlockReference
  2
BIND
 10
275793.270287
 20
-112128.638802
 30
0.0
 41
-1.0
  0
INSERT
  5
693
330
1F
100
AcDbEntity
  8
Mobiliario
100
AcDbBlockReference
  2
BIND
 10
275793.270287
 20
-112127.588802
 30
0.0
 41
-1.0
  0
INSERT
  5
694
330
1F
100
AcDbEntity
  8
Mobiliario
100
AcDbBlockReference
  2
BIND
 10
-275474.427062
 20
-112128.638802
 30
0.0
  0
INSERT
  5
695
330
1F
100
AcDbEntity
  8
Mobiliario
100
AcDbBlockReference
  2
BIND
 10
-275474.427062
 20
-112127.588802
 30
0.0
  0
INSERT
  5
696
330
1F
100
AcDbEntity
  8
Mobiliario
100
AcDbBlockReference
  2
BIND
 10
-275475.677062
 20
-112132.688802
 30
0.0
  0
INSERT
  5
697
330
1F
100
AcDbEntity
  8
Mobiliario
100
AcDbBlockReference
  2
BIND
 10
-275476.927062
 20
-112132.688802
 30
0.0
  0
INSERT
  5
698
330
1F
100
AcDbEntity
  8
Mobiliario
100
AcDbBlockReference
  2
BIND
 10
-275478.177062
 20
-112132.688802
 30
0.0
  0
INSERT
  5
699
330
1F
100
AcDbEntity
  8
Mobiliario
100
AcDbBlockReference
  2
BIND
 10
-275475.677062
 20
-112131.638802
 30
0.0
  0
INSERT
  5
69A
330
1F
100
AcDbEntity
  8
Mobiliario
100
AcDbBlockReference
  2
BIND
 10
-275476.927062
 20
-112131.638802
 30
0.0
  0
INSERT
  5
69B
330
1F
100
AcDbEntity
  8
Mobiliario
100
AcDbBlockReference
  2
BIND
 10
-275478.177062
 20
-112131.638802
 30
0.0
  0
INSERT
  5
69C
330
1F
100
AcDbEntity
  8
Mobiliario
100
AcDbBlockReference
  2
BIND
 10
275788.270287
 20
-112132.688802
 30
0.0
 41
-1.0
  0
INSERT
  5
69D
330
1F
100
AcDbEntity
  8
Mobiliario
100
AcDbBlockReference
  2
BIND
 10
275789.520287
 20
-112132.688802
 30
0.0
 41
-1.0
  0
INSERT
  5
69E
330
1F
100
AcDbEntity
  8
Mobiliario
100
AcDbBlockReference
  2
BIND
 10
275790.770287
 20
-112132.688802
 30
0.0
 41
-1.0
  0
INSERT
  5
69F
330
1F
100
AcDbEntity
  8
Mobiliario
100
AcDbBlockReference
  2
BIND
 10
275788.270287
 20
-112131.638802
 30
0.0
 41
-1.0
  0
INSERT
  5
6A0
330
1F
100
AcDbEntity
  8
Mobiliario
100
AcDbBlockReference
  2
BIND
 10
275789.520287
 20
-112131.638802
 30
0.0
 41
-1.0
  0
INSERT
  5
6A1
330
1F
100
AcDbEntity
  8
Mobiliario
100
AcDbBlockReference
  2
BIND
 10
275790.770287
 20
-112131.638802
 30
0.0
 41
-1.0
  0
INSERT
  5
6A2
330
1F
100
AcDbEntity
  8
Mobiliario
100
AcDbBlockReference
  2
BIND
 10
275792.020287
 20
-112132.688802
 30
0.0
 41
-1.0
  0
INSERT
  5
6A3
330
1F
100
AcDbEntity
  8
Mobiliario
100
AcDbBlockReference
  2
BIND
 10
275792.020287
 20
-112131.638802
 30
0.0
 41
-1.0
  0
INSERT
  5
6A4
330
1F
100
AcDbEntity
  8
Mobiliario
100
AcDbBlockReference
  2
BIND
 10
275793.270287
 20
-112132.688802
 30
0.0
 41
-1.0
  0
INSERT
  5
6A5
330
1F
100
AcDbEntity
  8
Mobiliario
100
AcDbBlockReference
  2
BIND
 10
275793.270287
 20
-112131.638802
 30
0.0
 41
-1.0
  0
INSERT
  5
6A6
330
1F
100
AcDbEntity
  8
Mobiliario
100
AcDbBlockReference
  2
BIND
 10
-275474.427062
 20
-112132.688802
 30
0.0
  0
INSERT
  5
6A7
330
1F
100
AcDbEntity
  8
Mobiliario
100
AcDbBlockReference
  2
BIND
 10
-275474.427062
 20
-112131.638802
 30
0.0
  0
INSERT
  5
6A8
330
1F
100
AcDbEntity
  8
Mobiliario
100
AcDbBlockReference
  2
BIND
 10
-275475.677062
 20
-112136.738802
 30
0.0
  0
INSERT
  5
6A9
330
1F
100
AcDbEntity
  8
Mobiliario
100
AcDbBlockReference
  2
BIND
 10
-275476.927062
 20
-112136.738802
 30
0.0
  0
INSERT
  5
6AA
330
1F
100
AcDbEntity
  8
Mobiliario
100
AcDbBlockReference
  2
BIND
 10
-275478.177062
 20
-112136.738802
 30
0.0
  0
INSERT
  5
6AB
330
1F
100
AcDbEntity
  8
Mobiliario
100
AcDbBlockReference
  2
BIND
 10
-275475.677062
 20
-112135.688802
 30
0.0
  0
INSERT
  5
6AC
330
1F
100
AcDbEntity
  8
Mobiliario
100
AcDbBlockReference
  2
BIND
 10
-275476.927062
 20
-112135.688802
 30
0.0
  0
INSERT
  5
6AD
330
1F
100
AcDbEntity
  8
Mobiliario
100
AcDbBlockReference
  2
BIND
 10
-275478.177062
 20
-112135.688802
 30
0.0
  0
INSERT
  5
6AE
330
1F
100
AcDbEntity
  8
Mobiliario
100
AcDbBlockReference
  2
BIND
 10
275788.270287
 20
-112136.738802
 30
0.0
 41
-1.0
  0
INSERT
  5
6AF
330
1F
100
AcDbEntity
  8
Mobiliario
100
AcDbBlockReference
  2
BIND
 10
275789.520287
 20
-112136.738802
 30
0.0
 41
-1.0
  0
INSERT
  5
6B0
330
1F
100
AcDbEntity
  8
Mobiliario
100
AcDbBlockReference
  2
BIND
 10
275790.770287
 20
-112136.738802
 30
0.0
 41
-1.0
  0
INSERT
  5
6B1
330
1F
100
AcDbEntity
  8
Mobiliario
100
AcDbBlockReference
  2
BIND
 10
275788.270287
 20
-112135.688802
 30
0.0
 41
-1.0
  0
INSERT
  5
6B2
330
1F
100
AcDbEntity
  8
Mobiliario
100
AcDbBlockReference
  2
BIND
 10
275789.520287
 20
-112135.688802
 30
0.0
 41
-1.0
  0
INSERT
  5
6B3
330
1F
100
AcDbEntity
  8
Mobiliario
100
AcDbBlockReference
  2
BIND
 10
275790.770287
 20
-112135.688802
 30
0.0
 41
-1.0
  0
INSERT
  5
6B4
330
1F
100
AcDbEntity
  8
Mobiliario
100
AcDbBlockReference
  2
BIND
 10
275792.020287
 20
-112136.738802
 30
0.0
 41
-1.0
  0
INSERT
  5
6B5
330
1F
100
AcDbEntity
  8
Mobiliario
100
AcDbBlockReference
  2
BIND
 10
275792.020287
 20
-112135.688802
 30
0.0
 41
-1.0
  0
INSERT
  5
6B6
330
1F
100
AcDbEntity
  8
Mobiliario
100
AcDbBlockReference
  2
BIND
 10
275793.270287
 20
-112136.738802
 30
0.0
 41
-1.0
  0
INSERT
  5
6B7
330
1F
100
AcDbEntity
  8
Mobiliario
100
AcDbBlockReference
  2
BIND
 10
275793.270287
 20
-112135.688802
 30
0.0
 41
-1.0
  0
INSERT
  5
6B8
330
1F
100
AcDbEntity
  8
Mobiliario
100
AcDbBlockReference
  2
BIND
 10
-275474.427062
 20
-112136.738802
 30
0.0
  0
INSERT
  5
6B9
330
1F
100
AcDbEntity
  8
Mobiliario
100
AcDbBlockReference
  2
BIND
 10
-275474.427062
 20
-112135.688802
 30
0.0
  0
INSERT
  5
6BA
330
1F
100
AcDbEntity
  8
Mobiliario
100
AcDbBlockReference
  2
BIND
 10
-275475.677062
 20
-112140.788802
 30
0.0
  0
INSERT
  5
6BB
330
1F
100
AcDbEntity
  8
Mobiliario
100
AcDbBlockReference
  2
BIND
 10
-275476.927062
 20
-112140.788802
 30
0.0
  0
INSERT
  5
6BC
330
1F
100
AcDbEntity
  8
Mobiliario
100
AcDbBlockReference
  2
BIND
 10
-275478.177062
 20
-112140.788802
 30
0.0
  0
INSERT
  5
6BD
330
1F
100
AcDbEntity
  8
Mobiliario
100
AcDbBlockReference
  2
BIND
 10
-275475.677062
 20
-112139.738802
 30
0.0
  0
INSERT
  5
6BE
330
1F
100
AcDbEntity
  8
Mobiliario
100
AcDbBlockReference
  2
BIND
 10
-275476.927062
 20
-112139.738802
 30
0.0
  0
INSERT
  5
6BF
330
1F
100
AcDbEntity
  8
Mobiliario
100
AcDbBlockReference
  2
BIND
 10
-275478.177062
 20
-112139.738802
 30
0.0
  0
INSERT
  5
6C0
330
1F
100
AcDbEntity
  8
Mobiliario
100
AcDbBlockReference
  2
BIND
 10
275788.270287
 20
-112140.788802
 30
0.0
 41
-1.0
  0
INSERT
  5
6C1
330
1F
100
AcDbEntity
  8
Mobiliario
100
AcDbBlockReference
  2
BIND
 10
275789.520287
 20
-112140.788802
 30
0.0
 41
-1.0
  0
INSERT
  5
6C2
330
1F
100
AcDbEntity
  8
Mobiliario
100
AcDbBlockReference
  2
BIND
 10
275790.770287
 20
-112140.788802
 30
0.0
 41
-1.0
  0
INSERT
  5
6C3
330
1F
100
AcDbEntity
  8
Mobiliario
100
AcDbBlockReference
  2
BIND
 10
275788.270287
 20
-112139.738802
 30
0.0
 41
-1.0
  0
INSERT
  5
6C4
330
1F
100
AcDbEntity
  8
Mobiliario
100
AcDbBlockReference
  2
BIND
 10
275789.520287
 20
-112139.738802
 30
0.0
 41
-1.0
  0
INSERT
  5
6C5
330
1F
100
AcDbEntity
  8
Mobiliario
100
AcDbBlockReference
  2
BIND
 10
275790.770287
 20
-112139.738802
 30
0.0
 41
-1.0
  0
INSERT
  5
6C6
330
1F
100
AcDbEntity
  8
Mobiliario
100
AcDbBlockReference
  2
BIND
 10
275792.020287
 20
-112140.788802
 30
0.0
 41
-1.0
  0
INSERT
  5
6C7
330
1F
100
AcDbEntity
  8
Mobiliario
100
AcDbBlockReference
  2
BIND
 10
275792.020287
 20
-112139.738802
 30
0.0
 41
-1.0
  0
INSERT
  5
6C8
330
1F
100
AcDbEntity
  8
Mobiliario
100
AcDbBlockReference
  2
BIND
 10
275793.270287
 20
-112140.788802
 30
0.0
 41
-1.0
  0
INSERT
  5
6C9
330
1F
100
AcDbEntity
  8
Mobiliario
100
AcDbBlockReference
  2
BIND
 10
275793.270287
 20
-112139.738802
 30
0.0
 41
-1.0
  0
INSERT
  5
6CA
330
1F
100
AcDbEntity
  8
Mobiliario
100
AcDbBlockReference
  2
BIND
 10
-275474.427062
 20
-112140.788802
 30
0.0
  0
INSERT
  5
6CB
330
1F
100
AcDbEntity
  8
Mobiliario
100
AcDbBlockReference
  2
BIND
 10
-275474.427062
 20
-112139.738802
 30
0.0
  0
INSERT
  5
6CC
330
1F
100
AcDbEntity
  8
Mobiliario
100
AcDbBlockReference
  2
BIND
 10
-275475.677062
 20
-112144.838802
 30
0.0
  0
INSERT
  5
6CD
330
1F
100
AcDbEntity
  8
Mobiliario
100
AcDbBlockReference
  2
BIND
 10
-275476.927062
 20
-112144.838802
 30
0.0
  0
INSERT
  5
6CE
330
1F
100
AcDbEntity
  8
Mobiliario
100
AcDbBlockReference
  2
BIND
 10
-275478.177062
 20
-112144.838802
 30
0.0
  0
INSERT
  5
6CF
330
1F
100
AcDbEntity
  8
Mobiliario
100
AcDbBlockReference
  2
BIND
 10
-275475.677062
 20
-112143.788802
 30
0.0
  0
INSERT
  5
6D0
330
1F
100
AcDbEntity
  8
Mobiliario
100
AcDbBlockReference
  2
BIND
 10
-275476.927062
 20
-112143.788802
 30
0.0
  0
INSERT
  5
6D1
330
1F
100
AcDbEntity
  8
Mobiliario
100
AcDbBlockReference
  2
BIND
 10
-275478.177062
 20
-112143.788802
 30
0.0
  0
INSERT
  5
6D2
330
1F
100
AcDbEntity
  8
Mobiliario
100
AcDbBlockReference
  2
BIND
 10
275788.270287
 20
-112144.838802
 30
0.0
 41
-1.0
  0
INSERT
  5
6D3
330
1F
100
AcDbEntity
  8
Mobiliario
100
AcDbBlockReference
  2
BIND
 10
275789.520287
 20
-112144.838802
 30
0.0
 41
-1.0
  0
INSERT
  5
6D4
330
1F
100
AcDbEntity
  8
Mobiliario
100
AcDbBlockReference
  2
BIND
 10
275790.770287
 20
-112144.838802
 30
0.0
 41
-1.0
  0
INSERT
  5
6D5
330
1F
100
AcDbEntity
  8
Mobiliario
100
AcDbBlockReference
  2
BIND
 10
275788.270287
 20
-112143.788802
 30
0.0
 41
-1.0
  0
INSERT
  5
6D6
330
1F
100
AcDbEntity
  8
Mobiliario
100
AcDbBlockReference
  2
BIND
 10
275789.520287
 20
-112143.788802
 30
0.0
 41
-1.0
  0
INSERT
  5
6D7
330
1F
100
AcDbEntity
  8
Mobiliario
100
AcDbBlockReference
  2
BIND
 10
275790.770287
 20
-112143.788802
 30
0.0
 41
-1.0
  0
INSERT
  5
6D8
330
1F
100
AcDbEntity
  8
Mobiliario
100
AcDbBlockReference
  2
BIND
 10
275792.020287
 20
-112144.838802
 30
0.0
 41
-1.0
  0
INSERT
  5
6D9
330
1F
100
AcDbEntity
  8
Mobiliario
100
AcDbBlockReference
  2
BIND
 10
275792.020287
 20
-112143.788802
 30
0.0
 41
-1.0
  0
INSERT
  5
6DA
330
1F
100
AcDbEntity
  8
Mobiliario
100
AcDbBlockReference
  2
BIND
 10
275793.270287
 20
-112144.838802
 30
0.0
 41
-1.0
  0
INSERT
  5
6DB
330
1F
100
AcDbEntity
  8
Mobiliario
100
AcDbBlockReference
  2
BIND
 10
275793.270287
 20
-112143.788802
 30
0.0
 41
-1.0
  0
INSERT
  5
6DC
330
1F
100
AcDbEntity
  8
Mobiliario
100
AcDbBlockReference
  2
BIND
 10
-275474.427062
 20
-112144.838802
 30
0.0
  0
INSERT
  5
6DD
330
1F
100
AcDbEntity
  8
Mobiliario
100
AcDbBlockReference
  2
BIND
 10
-275474.427062
 20
-112143.788802
 30
0.0
  0
INSERT
  5
6DE
330
1F
100
AcDbEntity
  8
Mobiliario
100
AcDbBlockReference
  2
BIND
 10
-275475.677062
 20
-112120.538802
 30
0.0
  0
INSERT
  5
6DF
330
1F
100
AcDbEntity
  8
Mobiliario
100
AcDbBlockReference
  2
BIND
 10
-275476.927062
 20
-112120.538802
 30
0.0
  0
INSERT
  5
6E0
330
1F
100
AcDbEntity
  8
Mobiliario
100
AcDbBlockReference
  2
BIND
 10
-275478.177062
 20
-112120.538802
 30
0.0
  0
INSERT
  5
6E1
330
1F
100
AcDbEntity
  8
Mobiliario
100
AcDbBlockReference
  2
BIND
 10
-275475.677062
 20
-112119.488802
 30
0.0
  0
INSERT
  5
6E2
330
1F
100
AcDbEntity
  8
Mobiliario
100
AcDbBlockReference
  2
BIND
 10
-275476.927062
 20
-112119.488802
 30
0.0
  0
INSERT
  5
6E3
330
1F
100
AcDbEntity
  8
Mobiliario
100
AcDbBlockReference
  2
BIND
 10
-275478.177062
 20
-112119.488802
 30
0.0
  0
INSERT
  5
6E4
330
1F
100
AcDbEntity
  8
Mobiliario
100
AcDbBlockReference
  2
BIND
 10
275788.270287
 20
-112120.538802
 30
0.0
 41
-1.0
  0
INSERT
  5
6E5
330
1F
100
AcDbEntity
  8
Mobiliario
100
AcDbBlockReference
  2
BIND
 10
275789.520287
 20
-112120.538802
 30
0.0
 41
-1.0
  0
INSERT
  5
6E6
330
1F
100
AcDbEntity
  8
Mobiliario
100
AcDbBlockReference
  2
BIND
 10
275790.770287
 20
-112120.538802
 30
0.0
 41
-1.0
  0
INSERT
  5
6E7
330
1F
100
AcDbEntity
  8
Mobiliario
100
AcDbBlockReference
  2
BIND
 10
275788.270287
 20
-112119.488802
 30
0.0
 41
-1.0
  0
INSERT
  5
6E8
330
1F
100
AcDbEntity
  8
Mobiliario
100
AcDbBlockReference
  2
BIND
 10
275789.520287
 20
-112119.488802
 30
0.0
 41
-1.0
  0
INSERT
  5
6E9
330
1F
100
AcDbEntity
  8
Mobiliario
100
AcDbBlockReference
  2
BIND
 10
275790.770287
 20
-112119.488802
 30
0.0
 41
-1.0
  0
INSERT
  5
6EA
330
1F
100
AcDbEntity
  8
Mobiliario
100
AcDbBlockReference
  2
BIND
 10
275792.020287
 20
-112120.538802
 30
0.0
 41
-1.0
  0
INSERT
  5
6EB
330
1F
100
AcDbEntity
  8
Mobiliario
100
AcDbBlockReference
  2
BIND
 10
275792.020287
 20
-112119.488802
 30
0.0
 41
-1.0
  0
INSERT
  5
6EC
330
1F
100
AcDbEntity
  8
Mobiliario
100
AcDbBlockReference
  2
BIND
 10
275793.270287
 20
-112120.538802
 30
0.0
 41
-1.0
  0
INSERT
  5
6ED
330
1F
100
AcDbEntity
  8
Mobiliario
100
AcDbBlockReference
  2
BIND
 10
275793.270287
 20
-112119.488802
 30
0.0
 41
-1.0
  0
INSERT
  5
6EE
330
1F
100
AcDbEntity
  8
Mobiliario
100
AcDbBlockReference
  2
BIND
 10
-275474.427062
 20
-112120.538802
 30
0.0
  0
INSERT
  5
6EF
330
1F
100
AcDbEntity
  8
Mobiliario
100
AcDbBlockReference
  2
BIND
 10
-275474.427062
 20
-112119.488802
 30
0.0
  0
INSERT
  5
6F0
330
1F
100
AcDbEntity
  8
Mobiliario
100
AcDbBlockReference
  2
BIND
 10
-275475.677062
 20
-112116.488802
 30
0.0
  0
INSERT
  5
6F1
330
1F
100
AcDbEntity
  8
Mobiliario
100
AcDbBlockReference
  2
BIND
 10
-275476.927062
 20
-112116.488802
 30
0.0
  0
INSERT
  5
6F2
330
1F
100
AcDbEntity
  8
Mobiliario
100
AcDbBlockReference
  2
BIND
 10
-275478.177062
 20
-112116.488802
 30
0.0
  0
INSERT
  5
6F3
330
1F
100
AcDbEntity
  8
Mobiliario
100
AcDbBlockReference
  2
BIND
 10
-275475.677062
 20
-112115.438802
 30
0.0
  0
INSERT
  5
6F4
330
1F
100
AcDbEntity
  8
Mobiliario
100
AcDbBlockReference
  2
BIND
 10
-275476.927062
 20
-112115.438802
 30
0.0
  0
INSERT
  5
6F5
330
1F
100
AcDbEntity
  8
Mobiliario
100
AcDbBlockReference
  2
BIND
 10
-275478.177062
 20
-112115.438802
 30
0.0
  0
INSERT
  5
6F6
330
1F
100
AcDbEntity
  8
Mobiliario
100
AcDbBlockReference
  2
BIND
 10
275788.270287
 20
-112116.488802
 30
0.0
 41
-1.0
  0
INSERT
  5
6F7
330
1F
100
AcDbEntity
  8
Mobiliario
100
AcDbBlockReference
  2
BIND
 10
275789.520287
 20
-112116.488802
 30
0.0
 41
-1.0
  0
INSERT
  5
6F8
330
1F
100
AcDbEntity
  8
Mobiliario
100
AcDbBlockReference
  2
BIND
 10
275790.770287
 20
-112116.488802
 30
0.0
 41
-1.0
  0
INSERT
  5
6F9
330
1F
100
AcDbEntity
  8
Mobiliario
100
AcDbBlockReference
  2
BIND
 10
275788.270287
 20
-112115.438802
 30
0.0
 41
-1.0
  0
INSERT
  5
6FA
330
1F
100
AcDbEntity
  8
Mobiliario
100
AcDbBlockReference
  2
BIND
 10
275789.520287
 20
-112115.438802
 30
0.0
 41
-1.0
  0
INSERT
  5
6FB
330
1F
100
AcDbEntity
  8
Mobiliario
100
AcDbBlockReference
  2
BIND
 10
275790.770287
 20
-112115.438802
 30
0.0
 41
-1.0
  0
INSERT
  5
6FC
330
1F
100
AcDbEntity
  8
Mobiliario
100
AcDbBlockReference
  2
BIND
 10
275792.020287
 20
-112116.488802
 30
0.0
 41
-1.0
  0
INSERT
  5
6FD
330
1F
100
AcDbEntity
  8
Mobiliario
100
AcDbBlockReference
  2
BIND
 10
275792.020287
 20
-112115.438802
 30
0.0
 41
-1.0
  0
INSERT
  5
6FE
330
1F
100
AcDbEntity
  8
Mobiliario
100
AcDbBlockReference
  2
BIND
 10
275793.270287
 20
-112116.488802
 30
0.0
 41
-1.0
  0
INSERT
  5
6FF
330
1F
100
AcDbEntity
  8
Mobiliario
100
AcDbBlockReference
  2
BIND
 10
275793.270287
 20
-112115.438802
 30
0.0
 41
-1.0
  0
INSERT
  5
700
330
1F
100
AcDbEntity
  8
Mobiliario
100
AcDbBlockReference
  2
BIND
 10
-275474.427062
 20
-112116.488802
 30
0.0
  0
INSERT
  5
701
330
1F
100
AcDbEntity
  8
Mobiliario
100
AcDbBlockReference
  2
BIND
 10
-275474.427062
 20
-112115.438802
 30
0.0
  0
LWPOLYLINE
  5
702
330
1F
100
AcDbEntity
  8
000 ALE HATCH MUROS
100
AcDbPolyline
 90
       14
 70
     0
 43
0.0
 10
150.241609
 20
150.239181
 10
150.241609
 20
148.439181
 10
151.551609
 20
148.439181
 10
151.551609
 20
145.539181
 10
157.151609
 20
145.539181
 10
157.151609
 20
144.289532
 10
161.551609
 20
144.289532
 10
161.551609
 20
140.359532
 10
141.621609
 20
140.349532
 10
141.631609
 20
148.549181
 10
141.831609
 20
148.549181
 10
141.831609
 20
150.239181
 10
150.141609
 20
150.239181
 10
150.241609
 20
150.239181
  0
INSERT
  5
703
330
1F
100
AcDbEntity
  8
Mobiliario
 62
     2
100
AcDbBlockReference
  2
1.4x0.7
 10
147.371613
 20
179.779182
 30
0.0
 50
90.0
  0
LWPOLYLINE
  5
725
330
1F
100
AcDbEntity
  8
Mobiliario
100
AcDbPolyline
 90
        4
 70
     1
 43
0.0
 10
146.872655
 20
179.137011
 10
146.872655
 20
178.659596
 10
146.822655
 20
178.659596
 10
146.822655
 20
179.137011
  0
LWPOLYLINE
  5
726
330
1F
100
AcDbEntity
  8
Mobiliario
100
AcDbPolyline
 90
        5
 70
     0
 43
0.0
 10
147.271613
 20
179.123303
 10
147.271613
 20
178.673303
 10
147.091613
 20
178.673303
 10
147.091613
 20
179.123303
 10
147.271613
 20
179.123303
  0
INSERT
  5
727
330
1F
100
AcDbEntity
  8
Mobiliario
 62
     2
100
AcDbBlockReference
  2
1.4x0.7
 10
162.401612
 20
156.089182
 30
0.0
 50
90.0
  0
LWPOLYLINE
  5
728
330
1F
100
AcDbEntity
  8
Mobiliario
100
AcDbPolyline
 90
        4
 70
     1
 43
0.0
 10
161.902654
 20
155.447011
 10
161.902654
 20
154.969596
 10
161.852654
 20
154.969596
 10
161.852654
 20
155.447011
  0
LWPOLYLINE
  5
729
330
1F
100
AcDbEntity
  8
Mobiliario
100
AcDbPolyline
 90
        5
 70
     0
 43
0.0
 10
162.301612
 20
155.433303
 10
162.301612
 20
154.983303
 10
162.121612
 20
154.983303
 10
162.121612
 20
155.433303
 10
162.301612
 20
155.433303
  0
INSERT
  5
72A
330
1F
100
AcDbEntity
  8
Mobiliario
 62
     2
100
AcDbBlockReference
  2
1.4x0.7
 10
147.371613
 20
181.179182
 30
0.0
 50
90.0
  0
LWPOLYLINE
  5
72B
330
1F
100
AcDbEntity
  8
Mobiliario
100
AcDbPolyline
 90
        4
 70
     1
 43
0.0
 10
146.872655
 20
180.537011
 10
146.872655
 20
180.059596
 10
146.822655
 20
180.059596
 10
146.822655
 20
180.537011
  0
LWPOLYLINE
  5
72C
330
1F
100
AcDbEntity
  8
Mobiliario
100
AcDbPolyline
 90
        5
 70
     0
 43
0.0
 10
147.271613
 20
180.523303
 10
147.271613
 20
180.073303
 10
147.091613
 20
180.073303
 10
147.091613
 20
180.523303
 10
147.271613
 20
180.523303
  0
INSERT
  5
72D
330
1F
100
AcDbEntity
  8
Mobiliario
 62
     2
100
AcDbBlockReference
  2
1.4x0.7
 10
147.371613
 20
182.579182
 30
0.0
 50
90.0
  0
LWPOLYLINE
  5
72E
330
1F
100
AcDbEntity
  8
Mobiliario
100
AcDbPolyline
 90
        4
 70
     1
 43
0.0
 10
146.872655
 20
181.937011
 10
146.872655
 20
181.459596
 10
146.822655
 20
181.459596
 10
146.822655
 20
181.937011
  0
LWPOLYLINE
  5
72F
330
1F
100
AcDbEntity
  8
Mobiliario
100
AcDbPolyline
 90
        5
 70
     0
 43
0.0
 10
147.271613
 20
181.923303
 10
147.271613
 20
181.473303
 10
147.091613
 20
181.473303
 10
147.091613
 20
181.923303
 10
147.271613
 20
181.923303
  0
LINE
  5
730
330
1F
100
AcDbEntity
  8
000 ALE MUROS NUEVOS
100
AcDbLine
 10
150.241609
 20
148.439181
 30
0.0
 11
151.551609
 21
148.439181
 31
0.0
  0
LINE
  5
731
330
1F
100
AcDbEntity
  8
000 ALE MUROS NUEVOS
100
AcDbLine
 10
150.241609
 20
148.539181
 30
0.0
 11
151.551609
 21
148.539181
 31
0.0
  0
LWPOLYLINE
  5
732
330
1F
100
AcDbEntity
  8
000 ALE MUROS NUEVOS
100
AcDbPolyline
 90
        4
 70
     1
 43
0.0
 10
150.241609
 20
148.539181
 10
151.551609
 20
148.539181
 10
151.551609
 20
148.439181
 10
150.241609
 20
148.439181
  0
LWPOLYLINE
  5
733
330
1F
100
AcDbEntity
  8
Mobiliario
100
AcDbPolyline
 90
        4
 70
     1
 43
0.0
 10
160.701612
 20
154.689182
 10
161.401612
 20
154.689182
 10
161.401612
 20
156.089182
 10
160.701612
 20
156.089182
  0
INSERT
  5
734
330
1F
100
AcDbEntity
  8
Mobiliario
100
AcDbBlockReference
  2
mesa_comedor_1.40x0.90
 10
153.351609
 20
145.739181
 30
0.0
  0
INSERT
  5
753
330
1F
100
AcDbEntity
  8
Mobiliario
100
AcDbBlockReference
  2
mesa_comedor_1.40x0.90
 10
154.401609
 20
149.439181
 30
0.0
 50
90.0
  0
INSERT
  5
754
330
1F
100
AcDbEntity
  8
Mobiliario
100
AcDbBlockReference
  2
mesa_comedor_1.40x0.90
 10
155.651609
 20
145.739181
 30
0.0
  0
INSERT
  5
755
330
1F
100
AcDbEntity
  8
Mobiliario
100
AcDbBlockReference
  2
mesa_comedor_1.40x0.90
 10
155.801609
 20
149.439181
 30
0.0
 50
90.0
  0
LWPOLYLINE
  5
756
330
1F
100
AcDbEntity
  8
Mobiliario
100
AcDbPolyline
 90
        5
 70
     0
 43
0.0
 10
156.63384
 20
150.124279
 10
157.058104
 20
149.700015
 10
157.093459
 20
149.735371
 10
156.669195
 20
150.159635
 10
156.63384
 20
150.124279
  0
LWPOLYLINE
  5
757
330
1F
100
AcDbEntity
  8
Mobiliario
100
AcDbPolyline
 90
        5
 70
     0
 43
0.0
 10
156.51934
 20
145.770885
 10
157.11934
 20
145.770885
 10
157.11934
 20
146.470885
 10
156.51934
 20
146.470885
 10
156.51934
 20
145.770885
  0
LWPOLYLINE
  5
758
330
1F
100
AcDbEntity
  8
Mobiliario
100
AcDbPolyline
 90
        5
 70
     0
 43
0.0
 10
153.801609
 20
150.239181
 10
155.001609
 20
150.239181
 10
155.001609
 20
150.039181
 10
153.801609
 20
150.039181
 10
153.801609
 20
150.239181
  0
LWPOLYLINE
  5
759
330
1F
100
AcDbEntity
  8
Mobiliario
100
AcDbPolyline
 90
        5
 70
     0
 43
0.0
 10
156.701696
 20
148.546935
 10
157.051696
 20
148.546935
 10
157.051696
 20
147.946935
 10
156.701696
 20
147.946935
 10
156.701696
 20
148.546935
  0
LWPOLYLINE
  5
75A
330
1F
100
AcDbEntity
  8
Mobiliario
100
AcDbPolyline
 90
        5
 70
     0
 43
0.0
 10
156.701696
 20
147.896935
 10
157.051696
 20
147.896935
 10
157.051696
 20
147.296935
 10
156.701696
 20
147.296935
 10
156.701696
 20
147.896935
  0
INSERT
  5
75B
330
1F
100
AcDbEntity
  8
Mobiliario
100
AcDbBlockReference
  2
VENTILADOR DOMINO
 10
163.80948
 20
192.879181
 30
0.0
 41
-1.0
 50
90.0
  0
INSERT
  5
762
330
1F
100
AcDbEntity
  8
Mobiliario
100
AcDbBlockReference
  2
VENTILADOR DOMINO
 10
145.973407
 20
182.252666
 30
0.0
 50
45.0
  0
LWPOLYLINE
  5
763
330
1F
100
AcDbEntity
  8
Mobiliario
100
AcDbPolyline
 90
        5
 70
     0
 43
0.0
 10
146.83839
 20
182.52566
 10
147.23839
 20
182.52566
 10
147.23839
 20
182.12566
 10
146.83839
 20
182.12566
 10
146.83839
 20
182.52566
  0
LWPOLYLINE
  5
764
330
1F
100
AcDbEntity
  8
Mobiliario
100
AcDbPolyline
 90
        5
 70
     0
 43
0.0
 10
161.701612
 20
154.639182
 10
162.101612
 20
154.639182
 10
162.101612
 20
154.239182
 10
161.701612
 20
154.239182
 10
161.701612
 20
154.639182
  0
LWPOLYLINE
  5
765
330
1F
100
AcDbEntity
  8
Mobiliario
100
AcDbPolyline
 90
        5
 70
     0
 43
0.0
 10
129.521612
 20
172.479181
 10
129.921612
 20
172.479181
 10
129.921612
 20
171.879181
 10
129.521612
 20
171.879181
 10
129.521612
 20
172.479181
  0
INSERT
  5
766
330
1F
100
AcDbEntity
  8
Mobiliario
100
AcDbBlockReference
  2
VENTILADOR DOMINO
 10
163.881351
 20
154.415754
 30
0.0
 50
45.0
  0
INSERT
  5
767
330
1F
100
AcDbEntity
  8
Mobiliario
100
AcDbBlockReference
  2
VENTILADOR DOMINO
 10
163.80948
 20
182.879181
 30
0.0
 41
-1.0
 50
90.0
  0
INSERT
  5
768
330
1F
100
AcDbEntity
  8
Mobiliario
100
AcDbBlockReference
  2
VENTILADOR DOMINO
 10
163.80948
 20
172.879181
 30
0.0
 41
-1.0
 50
90.0
  0
INSERT
  5
769
330
1F
100
AcDbEntity
  8
Mobiliario
100
AcDbBlockReference
  2
VENTILADOR DOMINO
 10
163.80948
 20
162.879181
 30
0.0
 41
-1.0
 50
90.0
  0
INSERT
  5
76A
330
1F
100
AcDbEntity
  8
Mobiliario
100
AcDbBlockReference
  2
VENTILADOR DOMINO
 10
147.452643
 20
162.879181
 30
0.0
 41
-1.0
 50
90.0
  0
INSERT
  5
76B
330
1F
100
AcDbEntity
  8
Mobiliario
100
AcDbBlockReference
  2
VENTILADOR DOMINO
 10
147.452643
 20
172.879181
 30
0.0
 41
-1.0
 50
90.0
  0
INSERT
  5
76C
330
1F
100
AcDbEntity
  8
Mobiliario
100
AcDbBlockReference
  2
VENTILADOR DOMINO
 10
147.452643
 20
182.879181
 30
0.0
 41
-1.0
 50
90.0
  0
INSERT
  5
76D
330
1F
100
AcDbEntity
  8
Mobiliario
100
AcDbBlockReference
  2
VENTILADOR DOMINO
 10
147.452643
 20
192.879181
 30
0.0
 41
-1.0
 50
90.0
  0
LINE
  5
76E
330
1F
100
AcDbEntity
  8
000 ALE MUROS NUEVOS
100
AcDbLine
 10
150.171612
 20
152.679181
 30
0.0
 11
151.371612
 21
152.679181
 31
0.0
  0
LINE
  5
76F
330
1F
100
AcDbEntity
  8
000 ALE MUROS NUEVOS
100
AcDbLine
 10
151.371612
 20
152.679181
 30
0.0
 11
151.371612
 21
152.709181
 31
0.0
  0
LINE
  5
770
330
1F
100
AcDbEntity
  8
000 ALE MUROS NUEVOS
100
AcDbLine
 10
151.371612
 20
152.679181
 30
0.0
 11
151.371612
 21
152.709181
 31
0.0
  0
LINE
  5
771
330
1F
100
AcDbEntity
  8
000 ALE MUROS NUEVOS
100
AcDbLine
 10
151.371612
 20
152.709181
 30
0.0
 11
150.171612
 21
152.709181
 31
0.0
  0
LINE
  5
772
330
1F
100
AcDbEntity
  8
000 ALE MUROS NUEVOS
100
AcDbLine
 10
150.171612
 20
152.709181
 30
0.0
 11
150.171612
 21
152.679181
 31
0.0
  0
LINE
  5
773
330
1F
100
AcDbEntity
  8
000 ALE MUROS NUEVOS
100
AcDbLine
 10
150.171612
 20
152.709181
 30
0.0
 11
150.171612
 21
152.679181
 31
0.0
  0
LINE
  5
774
330
1F
100
AcDbEntity
  8
000 ALE MUROS NUEVOS
100
AcDbLine
 10
161.351609
 20
152.179181
 30
0.0
 11
141.686616
 21
152.179181
 31
0.0
  0
LINE
  5
775
330
1F
100
AcDbEntity
  8
000 ALE MUROS NUEVOS
100
AcDbLine
 10
161.351609
 20
152.149181
 30
0.0
 11
141.686616
 21
152.149181
 31
0.0
  0
LWPOLYLINE
  5
776
330
1F
100
AcDbEntity
  8
0
100
AcDbPolyline
 90
        4
 70
     1
 43
0.0
 10
129.521617
 20
213.079181
 10
164.521612
 20
213.079181
 10
164.521612
 20
152.679181
 10
129.521617
 20
152.679181
  0
LWPOLYLINE
  5
777
330
1F
100
AcDbEntity
  8
0
100
AcDbPolyline
 90
        4
 70
     1
 43
0.0
 10
148.221612
 20
152.709181
 10
129.521617
 20
152.709181
 10
129.521617
 20
213.079181
 10
148.221612
 20
213.079181
  0
VIEWPORT
  5
20F
330
D6
100
AcDbEntity
 67
     1
  8
0
 48
100.0
100
AcDbViewport
 10
0.0
 20
0.0
 30
0.0
 40
466.965848
 41
238.196088
 68
     1
 69
     1
 12
128.5
 22
97.5
 13
0.0
 23
0.0
 14
10.0
 24
10.0
 15
10.0
 25
10.0
 16
0.0
 26
0.0
 36
1.0
 17
0.0
 27
0.0
 37
0.0
 42
50.0
 43
0.0
 44
0.0
 45
238.196088
 50
0.0
 51
0.0
 72
   100
 90
   557168
  1

281
     0
 71
     1
 74
     0
110
0.0
120
0.0
130
0.0
111
1.0
121
0.0
131
0.0
112
0.0
122
1.0
132
0.0
 79
     0
146
0.0
170
     0
 61
     5
348
F5
292
     1
282
     1
141
0.0
142
0.0
 63
   256
  0
ENDSEC
  0
SECTION
  2
OBJECTS
  0
DICTIONARY
  5
C
330
0
100
AcDbDictionary
281
     1
  3
ACAD_COLOR
350
6B
  3
ACAD_DETAILVIEWSTYLE
350
77E
  3
ACAD_GROUP
350
D
  3
ACAD_IMAGE_DICT
350
351
  3
ACAD_LAYOUT
350
1A
  3
ACAD_MATERIAL
350
6A
  3
ACAD_MLEADERSTYLE
350
12D
  3
ACAD_MLINESTYLE
350
17
  3
ACAD_PLOTSETTINGS
350
19
  3
ACAD_PLOTSTYLENAME
350
E
  3
ACAD_SCALELIST
350
10C
  3
ACAD_SECTIONVIEWSTYLE
350
77F
  3
ACAD_TABLESTYLE
350
7E
  3
ACAD_VISUALSTYLE
350
EF
  3
ACDB_RECOMPOSE_DATA
350
77D
  3
AcDbVariableDictionary
350
5E
  3
MCS_STREAM_DICT
350
34E
  0
SUN
  5
364
330
EA
100
AcDbSun
 90
        1
290
     0
 63
     7
421
 16777215
 40
1.0
291
     1
 91
  2455826
 92
 54000000
292
     0
 70
     2
 71
   256
280
     1
  0
DICTIONARY
  5
778
330
2
100
AcDbDictionary
280
     1
281
     1
  3
ACAD_LAYERSTATES
360
779
  0
DICTIONARY
  5
367
330
366
100
AcDbDictionary
280
     1
281
     1
  3
ADSK_XREC_LAYER_RECONCILED
360
368
  0
DICTIONARY
  5
36E
330
36D
100
AcDbDictionary
280
     1
281
     1
  3
ADSK_XREC_LAYER_RECONCILED
360
36F
  0
DICTIONARY
  5
234
330
1F
100
AcDbDictionary
280
     1
281
     1
  3
ACAD_SORTENTS
360
235
  0
DICTIONARY
  5
37C
330
37B
100
AcDbDictionary
280
     1
281
     1
  3
ACAD_SORTENTS
360
37D
  0
DICTIONARY
  5
44B
330
44A
100
AcDbDictionary
280
     1
281
     1
  3
AcDbBlockTableRecordData
360
44C
  0
DICTIONARY
  5
709
330
708
100
AcDbDictionary
280
     1
281
     1
  3
ACAD_SORTENTS
360
70A
  0
DICTIONARY
  5
736
330
735
100
AcDbDictionary
280
     1
281
     1
  3
ACAD_SORTENTS
360
737
  0
DICTIONARY
  5
6B
102
{ACAD_REACTORS
330
C
102
}
330
C
100
AcDbDictionary
281
     1
  0
DICTIONARY
  5
77E
102
{ACAD_REACTORS
330
C
102
}
330
C
100
AcDbDictionary
281
     1
  0
DICTIONARY
  5
D
102
{ACAD_REACTORS
330
C
102
}
330
C
100
AcDbDictionary
281
     1
  0
DICTIONARY
  5
351
102
{ACAD_REACTORS
330
C
102
}
330
C
100
AcDbDictionary
281
     1
  0
DICTIONARY
  5
1A
102
{ACAD_REACTORS
330
C
102
}
330
C
100
AcDbDictionary
281
     1
  3
A0
350
225
  3
A1
350
220
  3
A2
350
21B
  3
A3
350
216
  3
A4
350
211
  3
Layout1
350
D3
  3
Layout2
350
D7
  3
Model
350
22
  0
DICTIONARY
  5
6A
102
{ACAD_REACTORS
330
C
102
}
330
C
100
AcDbDictionary
281
     1
  3
ByBlock
350
ED
  3
ByLayer
350
EC
  3
Global
350
EE
  0
DICTIONARY
  5
12D
102
{ACAD_REACTORS
330
C
102
}
330
C
100
AcDbDictionary
281
     1
  3
Standard
350
12E
  3
Аннотативный
350
13B
  0
DICTIONARY
  5
17
102
{ACAD_REACTORS
330
C
102
}
330
C
100
AcDbDictionary
281
     1
  3
Standard
350
18
  0
DICTIONARY
  5
19
102
{ACAD_REACTORS
330
C
102
}
330
C
100
AcDbDictionary
281
     1
  0
ACDBDICTIONARYWDFLT
  5
E
102
{ACAD_REACTORS
330
C
102
}
330
C
100
AcDbDictionary
281
     1
  3
Normal
350
F
100
AcDbDictionaryWithDefault
340
F
  0
DICTIONARY
  5
10C
102
{ACAD_REACTORS
330
C
102
}
330
C
100
AcDbDictionary
281
     1
  3
A0
350
10D
  3
A1
350
1BE
  3
A2
350
1BF
  3
A3
350
1C0
  3
A4
350
1C1
  3
A5
350
1C2
  3
A6
350
1C3
  3
A7
350
1C4
  3
A8
350
1C5
  3
A9
350
1C6
  3
B0
350
1C7
  3
B1
350
1C8
  3
B2
350
1C9
  3
B3
350
1CA
  3
B4
350
1CB
  3
B5
350
1CC
  3
B6
350
1CD
  0
DICTIONARY
  5
77F
102
{ACAD_REACTORS
330
C
102
}
330
C
100
AcDbDictionary
281
     1
  0
DICTIONARY
  5
7E
102
{ACAD_REACTORS
330
C
102
}
330
C
100
AcDbDictionary
281
     1
  3
Standard
350
7F
  0
DICTIONARY
  5
EF
102
{ACAD_REACTORS
330
C
102
}
330
C
100
AcDbDictionary
281
     1
  3
2dWireframe
350
F5
  3
3D Hidden
350
F7
  3
3dWireframe
350
F6
  3
Basic
350
F4
  3
Brighten
350
FB
  3
ColorChange
350
FF
  3
Conceptual
350
F8
  3
Dim
350
FA
  3
EdgeColorOff
350
35E
  3
Facepattern
350
FE
  3
Flat
350
F0
  3
FlatWithEdges
350
F1
  3
Gouraud
350
F2
  3
GouraudWithEdges
350
F3
  3
Hidden
350
35B
  3
JitterOff
350
35C
  3
Linepattern
350
FD
  3
OverhangOff
350
35D
  3
Realistic
350
F9
  3
Shaded
350
363
  3
Shaded with edges
350
362
  3
Shades of Gray
350
35F
  3
Sketchy
350
360
  3
Thicken
350
FC
  3
Wireframe
350
35A
  3
X-Ray
350
361
  0
XRECORD
  5
77D
102
{ACAD_REACTORS
330
C
102
}
330
C
100
AcDbXrecord
280
     1
 90
        1
330
7F
  0
DICTIONARY
  5
5E
102
{ACAD_REACTORS
330
C
102
}
330
C
100
AcDbDictionary
281
     1
  3
CANNOSCALE
350
146
  3
CMLEADERSTYLE
350
145
  3
CTABLESTYLE
350
84
  3
DIMASSOC
350
5F
  3
HIDETEXT
350
63
  3
LAYEREVAL
350
1AE
  3
LAYERNOTIFY
350
1AF
  3
XCLIPFRAME
350
356
  0
DICTIONARY
  5
34E
102
{ACAD_REACTORS
330
C
102
}
330
C
100
AcDbDictionary
281
     1
  3
MC_VERSION_DATA
350
77A
  3
MCS_DOCUMENT_ID
350
357
  3
MCS_PARAMS_DATA
350
365
  0
DICTIONARY
  5
779
102
{ACAD_REACTORS
330
778
102
}
330
778
100
AcDbDictionary
281
     1
  0
XRECORD
  5
368
102
{ACAD_REACTORS
330
367
102
}
330
367
100
AcDbXrecord
280
     1
290
     1
  0
XRECORD
  5
36F
102
{ACAD_REACTORS
330
36E
102
}
330
36E
100
AcDbXrecord
280
     1
290
     1
  0
SORTENTSTABLE
  5
235
102
{ACAD_REACTORS
330
234
102
}
330
234
100
AcDbSortentsTable
330
1F
331
0
  5
237
  0
SORTENTSTABLE
  5
37D
102
{ACAD_REACTORS
330
37C
102
}
330
37C
100
AcDbSortentsTable
330
37B
  0
DICTIONARY
  5
44C
102
{ACAD_REACTORS
330
44B
102
}
330
44B
100
AcDbDictionary
280
     1
281
     1
  0
SORTENTSTABLE
  5
70A
102
{ACAD_REACTORS
330
709
102
}
330
709
100
AcDbSortentsTable
330
708
  0
SORTENTSTABLE
  5
737
102
{ACAD_REACTORS
330
736
102
}
330
736
100
AcDbSortentsTable
330
735
  0
LAYOUT
  5
225
102
{ACAD_REACTORS
330
1A
102
}
330
1A
100
AcDbPlotSettings
  1

  2
none_device
  4
ISO_A0_(1189.00_x_841.00_MM)
  6

 40
7.5
 41
20.0
 42
7.5
 43
20.0
 44
1189.0
 45
841.0
 46
0.0
 47
0.0
 48
0.0
 49
0.0
140
0.0
141
0.0
142
1.0
143
1.0
 70
   688
 72
     1
 73
     0
 74
     5
  7

 75
    16
 76
     0
 77
     2
 78
   300
147
1.0
148
0.0
149
0.0
100
AcDbLayout
  1
A0
 70
     0
 71
     7
 10
0.0
 20
0.0
 11
0.0
 21
0.0
 12
0.0
 22
0.0
 32
0.0
 14
0.0
 24
0.0
 34
0.0
 15
0.0
 25
0.0
 35
0.0
146
0.0
 13
0.0
 23
0.0
 33
0.0
 16
1.0
 26
0.0
 36
0.0
 17
0.0
 27
1.0
 37
0.0
 76
     0
330
224
331
228
  0
LAYOUT
  5
220
102
{ACAD_REACTORS
330
1A
102
}
330
1A
100
AcDbPlotSettings
  1

  2
none_device
  4
ISO_A1_(841.00_x_594.00_MM)
  6

 40
7.5
 41
20.0
 42
7.5
 43
20.0
 44
841.0
 45
594.0
 46
0.0
 47
0.0
 48
0.0
 49
0.0
140
0.0
141
0.0
142
1.0
143
1.0
 70
   688
 72
     1
 73
     0
 74
     5
  7

 75
    16
 76
     0
 77
     2
 78
   300
147
1.0
148
0.0
149
0.0
100
AcDbLayout
  1
A1
 70
     1
 71
     6
 10
-20.0
 20
-7.5
 11
277.0
 21
202.5
 12
0.0
 22
0.0
 32
0.0
 14
0.0
 24
0.0
 34
0.0
 15
0.0
 25
0.0
 35
0.0
146
0.0
 13
0.0
 23
0.0
 33
0.0
 16
1.0
 26
0.0
 36
0.0
 17
0.0
 27
1.0
 37
0.0
 76
     0
330
21F
331
223
  0
LAYOUT
  5
21B
102
{ACAD_REACTORS
330
1A
102
}
330
1A
100
AcDbPlotSettings
  1

  2
none_device
  4
ISO_A2_(594.00_x_420.00_MM)
  6

 40
7.5
 41
20.0
 42
7.5
 43
20.0
 44
594.0
 45
420.0
 46
0.0
 47
0.0
 48
0.0
 49
0.0
140
0.0
141
0.0
142
1.0
143
1.0
 70
   688
 72
     1
 73
     0
 74
     5
  7

 75
    16
 76
     0
 77
     2
 78
   300
147
1.0
148
0.0
149
0.0
100
AcDbLayout
  1
A2
 70
     1
 71
     5
 10
0.0
 20
0.0
 11
0.0
 21
0.0
 12
0.0
 22
0.0
 32
0.0
 14
0.0
 24
0.0
 34
0.0
 15
0.0
 25
0.0
 35
0.0
146
0.0
 13
0.0
 23
0.0
 33
0.0
 16
1.0
 26
0.0
 36
0.0
 17
0.0
 27
1.0
 37
0.0
 76
     0
330
21A
331
21E
  0
LAYOUT
  5
216
102
{ACAD_REACTORS
330
1A
102
}
330
1A
100
AcDbPlotSettings
  1

  2
none_device
  4
ISO_A3_(420.00_x_297.00_MM)
  6

 40
7.5
 41
20.0
 42
7.5
 43
20.0
 44
420.0
 45
297.0
 46
0.0
 47
0.0
 48
0.0
 49
0.0
140
0.0
141
0.0
142
1.0
143
1.0
 70
   688
 72
     1
 73
     0
 74
     5
  7

 75
    16
 76
     0
 77
     2
 78
   300
147
1.0
148
0.0
149
0.0
100
AcDbLayout
  1
A3
 70
     1
 71
     4
 10
0.0
 20
0.0
 11
0.0
 21
0.0
 12
0.0
 22
0.0
 32
0.0
 14
0.0
 24
0.0
 34
0.0
 15
0.0
 25
0.0
 35
0.0
146
0.0
 13
0.0
 23
0.0
 33
0.0
 16
1.0
 26
0.0
 36
0.0
 17
0.0
 27
1.0
 37
0.0
 76
     0
330
215
331
219
  0
LAYOUT
  5
211
102
{ACAD_REACTORS
330
1A
102
}
330
1A
100
AcDbPlotSettings
  1

  2
none_device
  4
ISO_A4_(210.00_x_297.00_MM)
  6

 40
7.5
 41
20.0
 42
7.5
 43
20.0
 44
210.0
 45
297.0
 46
0.0
 47
0.0
 48
0.0
 49
0.0
140
0.0
141
0.0
142
1.0
143
1.0
 70
   688
 72
     1
 73
     0
 74
     5
  7

 75
    16
 76
     0
 77
     2
 78
   300
147
1.0
148
0.0
149
0.0
100
AcDbLayout
  1
A4
 70
     1
 71
     3
 10
0.0
 20
0.0
 11
0.0
 21
0.0
 12
0.0
 22
0.0
 32
0.0
 14
0.0
 24
0.0
 34
0.0
 15
0.0
 25
0.0
 35
0.0
146
0.0
 13
0.0
 23
0.0
 33
0.0
 16
1.0
 26
0.0
 36
0.0
 17
0.0
 27
1.0
 37
0.0
 76
     0
330
210
331
214
  0
LAYOUT
  5
D3
102
{ACAD_REACTORS
330
1A
102
}
330
1A
100
AcDbPlotSettings
  1

  2
none_device
  4
ISO_A4_(210.00_x_297.00_MM)
  6

 40
7.5
 41
20.0
 42
7.5
 43
20.0
 44
210.0
 45
297.0
 46
0.0
 47
0.0
 48
0.0
 49
0.0
140
0.0
141
0.0
142
1.0
143
1.0
 70
   688
 72
     1
 73
     1
 74
     5
  7

 75
    16
 76
     0
 77
     2
 78
   300
147
1.0
148
0.0
149
0.0
100
AcDbLayout
  1
Layout1
 70
     0
 71
     1
 10
0.0
 20
0.0
 11
12.0
 21
9.0
 12
0.0
 22
0.0
 32
0.0
 14
0.0
 24
0.0
 34
0.0
 15
0.0
 25
0.0
 35
0.0
146
0.0
 13
0.0
 23
0.0
 33
0.0
 16
1.0
 26
0.0
 36
0.0
 17
0.0
 27
1.0
 37
0.0
 76
     0
330
D2
331
229
  0
LAYOUT
  5
D7
102
{ACAD_REACTORS
330
1A
102
}
330
1A
100
AcDbPlotSettings
  1

  2
none_device
  4
ISO_A4_(210.00_x_297.00_MM)
  6

 40
7.5
 41
20.0
 42
7.5
 43
20.0
 44
210.0
 45
297.0
 46
0.0
 47
0.0
 48
0.0
 49
0.0
140
0.0
141
0.0
142
1.0
143
1.0
 70
   688
 72
     1
 73
     1
 74
     5
  7

 75
    16
 76
     0
 77
     2
 78
   300
147
1.0
148
0.0
149
0.0
100
AcDbLayout
  1
Layout2
 70
     0
 71
     2
 10
-20.0
 20
-7.5
 11
277.0
 21
202.5
 12
0.0
 22
0.0
 32
0.0
 14
0.0
 24
0.0
 34
0.0
 15
0.0
 25
0.0
 35
0.0
146
0.0
 13
0.0
 23
0.0
 33
0.0
 16
1.0
 26
0.0
 36
0.0
 17
0.0
 27
1.0
 37
0.0
 76
     0
330
D6
331
20F
  0
LAYOUT
  5
22
102
{ACAD_REACTORS
330
1A
102
}
102
{ACAD_XDICTIONARY
360
358
102
}
330
1A
100
AcDbPlotSettings
  1

  2
none_device
  4
ISO_A4_(210.00_x_297.00_MM)
  6

 40
7.5
 41
20.0
 42
7.5
 43
20.0
 44
210.0
 45
297.0
 46
0.0
 47
0.0
 48
0.0
 49
0.0
140
0.0
141
0.0
142
1.0
143
3.249677
 70
 11952
 72
     1
 73
     0
 74
     0
  7

 75
     0
 76
     0
 77
     2
 78
   300
147
0.307723
148
0.0
149
0.0
100
AcDbLayout
  1
Model
 70
     1
 71
     0
 10
0.0
 20
0.0
 11
420.0
 21
297.0
 12
0.0
 22
0.0
 32
0.0
 14
126.621612
 24
140.201677
 34
0.0
 15
164.821612
 25
215.979181
 35
3.76699
146
0.0
 13
0.0
 23
0.0
 33
0.0
 16
1.0
 26
0.0
 36
0.0
 17
0.0
 27
1.0
 37
0.0
 76
     0
330
1F
331
EA
1001
ACAD_PSEXT
1000
None
1000
None
1000
Not applicable
1000
The layout will not be plotted unless a new plotter configuration name is selected.
1070
     0
  0
MATERIAL
  5
ED
102
{ACAD_REACTORS
330
6A
102
}
330
6A
100
AcDbMaterial
  1
ByBlock
 72
     1
 73
     2
 78
     2
172
     2
176
     2
270
     2
274
     2
 94
       63
  0
MATERIAL
  5
EC
102
{ACAD_REACTORS
330
6A
102
}
330
6A
100
AcDbMaterial
  1
ByLayer
 72
     1
 73
     2
 78
     2
172
     2
176
     2
270
     2
274
     2
 94
       63
  0
MATERIAL
  5
EE
102
{ACAD_REACTORS
330
6A
102
}
330
6A
100
AcDbMaterial
  1
Global
 72
     1
 73
     2
 43
0.0008
 43
0.0
 43
0.0
 43
0.0
 43
0.0
 43
0.0008
 43
0.0
 43
0.0
 43
0.0
 43
0.0
 43
1.0
 43
0.0
 43
0.0
 43
0.0
 43
0.0
 43
1.0
 78
     2
172
     2
 49
0.0008
 49
0.0
 49
0.0
 49
0.0
 49
0.0
 49
0.0008
 49
0.0
 49
0.0
 49
0.0
 49
0.0
 49
1.0
 49
0.0
 49
0.0
 49
0.0
 49
0.0
 49
1.0
176
     2
142
0.0008
142
0.0
142
0.0
142
0.0
142
0.0
142
0.0008
142
0.0
142
0.0
142
0.0
142
0.0
142
1.0
142
0.0
142
0.0
142
0.0
142
0.0
142
1.0
270
     2
144
0.0008
144
0.0
144
0.0
144
0.0
144
0.0
144
0.0008
144
0.0
144
0.0
144
0.0
144
0.0
144
1.0
144
0.0
144
0.0
144
0.0
144
0.0
144
1.0
274
     2
 94
       63
1001
ACAD
1070
    -1
1070
     3
1070
     0
1000

1071
        0
1070
     0
  0
MLEADERSTYLE
  5
12E
102
{ACAD_REACTORS
330
12D
102
}
330
12D
100
AcDbMLeaderStyle
179
     2
170
     2
171
     1
172
     0
 90
        2
 40
0.0
 41
0.0
173
     1
 91
-1056964608
340
14
 92
       -2
290
     1
 42
2.0
291
     1
 43
8.0
  3
Standard
341
0
 44
4.0
300

342
11
174
     1
178
     1
175
     1
176
     0
 93
-1056964608
 45
4.0
292
     0
297
     0
 46
4.0
343
0
 94
-1056964608
 47
1.0
 49
1.0
140
1.0
293
     1
141
0.0
294
     1
177
     0
142
1.0
295
     0
296
     0
143
3.75
271
     0
272
     9
273
     9
298
     0
1001
ACAD_MLEADERVER
1070
     2
  0
MLEADERSTYLE
  5
13B
102
{ACAD_REACTORS
330
12D
102
}
330
12D
100
AcDbMLeaderStyle
179
     2
170
     2
171
     1
172
     0
 90
        2
 40
0.0
 41
0.0
173
     1
 91
-1056964608
340
14
 92
       -2
290
     1
 42
2.0
291
     1
 43
8.0
  3
Standard
341
0
 44
4.0
300

342
11
174
     1
178
     1
175
     1
176
     0
 93
-1056964608
 45
4.0
292
     0
297
     0
 46
4.0
343
0
 94
-1056964608
 47
1.0
 49
1.0
140
1.0
293
     1
141
0.0
294
     1
177
     0
142
1.0
295
     1
296
     0
143
3.75
271
     0
272
     9
273
     9
298
     0
1001
ACAD_MLEADERVER
1070
     2
  0
MLINESTYLE
  5
18
102
{ACAD_REACTORS
330
17
102
}
330
17
100
AcDbMlineStyle
  2
STANDARD
 70
     0
  3

 62
   256
 51
90.0
 52
90.0
 71
     2
 49
0.5
 62
   256
  6
BYLAYER
 49
-0.5
 62
   256
  6
BYLAYER
  0
ACDBPLACEHOLDER
  5
F
102
{ACAD_REACTORS
330
E
102
}
330
E
  0
SCALE
  5
10D
102
{ACAD_REACTORS
330
10C
102
}
330
10C
100
AcDbScale
 70
     0
300
1:1
140
1.0
141
1.0
290
     1
  0
SCALE
  5
1BE
102
{ACAD_REACTORS
330
10C
102
}
330
10C
100
AcDbScale
 70
     0
300
1:2
140
1.0
141
2.0
290
     0
  0
SCALE
  5
1BF
102
{ACAD_REACTORS
330
10C
102
}
330
10C
100
AcDbScale
 70
     0
300
1:4
140
1.0
141
4.0
290
     0
  0
SCALE
  5
1C0
102
{ACAD_REACTORS
330
10C
102
}
330
10C
100
AcDbScale
 70
     0
300
1:5
140
1.0
141
5.0
290
     0
  0
SCALE
  5
1C1
102
{ACAD_REACTORS
330
10C
102
}
330
10C
100
AcDbScale
 70
     0
300
1:8
140
1.0
141
8.0
290
     0
  0
SCALE
  5
1C2
102
{ACAD_REACTORS
330
10C
102
}
330
10C
100
AcDbScale
 70
     0
300
1:10
140
1.0
141
10.0
290
     0
  0
SCALE
  5
1C3
102
{ACAD_REACTORS
330
10C
102
}
330
10C
100
AcDbScale
 70
     0
300
1:16
140
1.0
141
16.0
290
     0
  0
SCALE
  5
1C4
102
{ACAD_REACTORS
330
10C
102
}
330
10C
100
AcDbScale
 70
     0
300
1:20
140
1.0
141
20.0
290
     0
  0
SCALE
  5
1C5
102
{ACAD_REACTORS
330
10C
102
}
330
10C
100
AcDbScale
 70
     0
300
1:30
140
1.0
141
30.0
290
     0
  0
SCALE
  5
1C6
102
{ACAD_REACTORS
330
10C
102
}
330
10C
100
AcDbScale
 70
     0
300
1:40
140
1.0
141
40.0
290
     0
  0
SCALE
  5
1C7
102
{ACAD_REACTORS
330
10C
102
}
330
10C
100
AcDbScale
 70
     0
300
1:50
140
1.0
141
50.0
290
     0
  0
SCALE
  5
1C8
102
{ACAD_REACTORS
330
10C
102
}
330
10C
100
AcDbScale
 70
     0
300
1:100
140
1.0
141
100.0
290
     0
  0
SCALE
  5
1C9
102
{ACAD_REACTORS
330
10C
102
}
330
10C
100
AcDbScale
 70
     0
300
2:1
140
2.0
141
1.0
290
     0
  0
SCALE
  5
1CA
102
{ACAD_REACTORS
330
10C
102
}
330
10C
100
AcDbScale
 70
     0
300
4:1
140
4.0
141
1.0
290
     0
  0
SCALE
  5
1CB
102
{ACAD_REACTORS
330
10C
102
}
330
10C
100
AcDbScale
 70
     0
300
8:1
140
8.0
141
1.0
290
     0
  0
SCALE
  5
1CC
102
{ACAD_REACTORS
330
10C
102
}
330
10C
100
AcDbScale
 70
     0
300
10:1
140
10.0
141
1.0
290
     0
  0
SCALE
  5
1CD
102
{ACAD_REACTORS
330
10C
102
}
330
10C
100
AcDbScale
 70
     0
300
100:1
140
100.0
141
1.0
290
     0
  0
TABLESTYLE
  5
7F
102
{ACAD_REACTORS
330
7E
102
}
102
{ACAD_XDICTIONARY
360
77B
102
}
330
7E
100
AcDbTableStyle
  3
Standard
 70
     0
 71
     0
 40
1.5
 41
1.5
280
     0
281
     0
  7
Standard
140
4.5
170
     2
 62
     0
 63
   257
283
     0
 90
      512
 91
        0
  1

274
    -2
284
     1
 64
     0
275
    -2
285
     1
 65
     0
276
    -2
286
     1
 66
     0
277
    -2
287
     1
 67
     0
278
    -2
288
     1
 68
     0
279
    -2
289
     1
 69
     0
  7
Standard
140
6.0
170
     5
 62
     0
 63
   257
283
     0
 90
      512
 91
        0
  1

274
    -2
284
     1
 64
     0
275
    -2
285
     1
 65
     0
276
    -2
286
     1
 66
     0
277
    -2
287
     1
 67
     0
278
    -2
288
     1
 68
     0
279
    -2
289
     1
 69
     0
  7
Standard
140
4.5
170
     5
 62
     0
 63
   257
283
     0
 90
      512
 91
        0
  1

274
    -2
284
     1
 64
     0
275
    -2
285
     1
 65
     0
276
    -2
286
     1
 66
     0
277
    -2
287
     1
 67
     0
278
    -2
288
     1
 68
     0
279
    -2
289
     1
 69
     0
  0
VISUALSTYLE
  5
F5
102
{ACAD_REACTORS
330
EF
102
}
330
EF
100
AcDbVisualStyle
  2
2dWireframe
 70
     4
177
     3
291
     0
 70
    58
 90
        0
176
     1
 90
        2
176
     1
 90
        1
176
     1
 90
        0
176
     1
 40
-0.6
176
     1
 40
-30.0
176
     1
 62
     7
420
 16777215
176
     1
 90
        1
176
     1
 90
        4
176
     1
 62
     7
176
     1
 62
   257
176
     1
 90
        1
176
     1
 90
        1
176
     1
 40
1.0
176
     1
 90
        0
176
     1
 62
   257
176
     1
 40
1.0
176
     1
 90
        1
176
     1
 90
        6
176
     1
 90
        2
176
     1
 62
     7
176
     1
 90
        5
176
     1
 90
        0
176
     1
 90
        0
176
     1
290
     0
176
     1
 90
        1
176
     1
 40
0.0
176
     1
 90
        0
176
     1
290
     1
176
     1
290
     1
176
     1
290
     0
176
     1
290
     0
176
     1
290
     0
176
     1
290
     0
176
     1
290
     0
176
     1
290
     0
176
     1
290
     0
176
     1
 90
       50
176
     1
 40
0.0
176
     1
 40
1.0
176
     1
 90
        0
176
     1
 62
    18
420
        0
176
     1
 90
       50
176
     1
 90
        3
176
     1
 62
     5
420
      255
176
     1
290
     0
176
     1
 90
       50
176
     1
 90
       50
176
     1
 90
       50
176
     1
290
     0
176
     1
 90
       50
176
     1
 62
   256
176
     0
 40
1.0
176
     0
 90
        2
176
     1
  1
strokes_ogs.tif
176
     1
290
     0
176
     1
 40
1.0
176
     1
 40
1.0
176
     1
  0
VISUALSTYLE
  5
F7
102
{ACAD_REACTORS
330
EF
102
}
330
EF
100
AcDbVisualStyle
  2
3D Hidden
 70
     6
177
     3
291
     0
 70
    58
 90
        1
176
     1
 90
        2
176
     1
 90
        2
176
     1
 90
        0
176
     1
 40
-0.6
176
     1
 40
-30.0
176
     1
 62
     7
420
 16777215
176
     1
 90
        2
176
     1
 90
        2
176
     1
 62
     7
176
     1
 62
   257
176
     1
 90
        2
176
     1
 90
        1
176
     1
 40
40.0
176
     1
 90
        0
176
     1
 62
   257
176
     1
 40
1.0
176
     1
 90
        1
176
     1
 90
        6
176
     1
 90
        2
176
     1
 62
     7
176
     1
 90
        3
176
     1
 90
        0
176
     1
 90
        0
176
     1
290
     0
176
     1
 90
        1
176
     1
 40
0.0
176
     1
 90
        0
176
     1
290
     0
176
     1
290
     1
176
     1
290
     1
176
     1
290
     0
176
     1
290
     0
176
     1
290
     0
176
     1
290
     0
176
     1
290
     0
176
     1
290
     0
176
     1
 90
       50
176
     1
 40
0.0
176
     1
 40
1.0
176
     1
 90
        0
176
     1
 62
    18
420
        0
176
     1
 90
       50
176
     1
 90
        3
176
     1
 62
     5
420
      255
176
     1
290
     0
176
     1
 90
       50
176
     1
 90
       50
176
     1
 90
       50
176
     1
290
     0
176
     1
 90
       50
176
     1
 62
   256
176
     0
 40
1.0
176
     0
 90
        2
176
     1
  1
strokes_ogs.tif
176
     1
290
     0
176
     1
 40
1.0
176
     1
 40
1.0
176
     1
  0
VISUALSTYLE
  5
F6
102
{ACAD_REACTORS
330
EF
102
}
330
EF
100
AcDbVisualStyle
  2
3dWireframe
 70
     5
177
     3
291
     0
 70
    58
 90
        0
176
     1
 90
        2
176
     1
 90
        1
176
     1
 90
        0
176
     1
 40
-0.6
176
     1
 40
-30.0
176
     1
 62
     7
420
 16777215
176
     1
 90
        1
176
     1
 90
        4
176
     1
 62
     7
176
     1
 62
   257
176
     1
 90
        1
176
     1
 90
        1
176
     1
 40
1.0
176
     1
 90
        0
176
     1
 62
   257
176
     1
 40
1.0
176
     1
 90
        1
176
     1
 90
        6
176
     1
 90
        2
176
     1
 62
     7
176
     1
 90
        5
176
     1
 90
        0
176
     1
 90
        0
176
     1
290
     0
176
     1
 90
        1
176
     1
 40
0.0
176
     1
 90
        0
176
     1
290
     0
176
     1
290
     1
176
     1
290
     1
176
     1
290
     0
176
     1
290
     0
176
     1
290
     0
176
     1
290
     0
176
     1
290
     0
176
     1
290
     0
176
     1
 90
       50
176
     1
 40
0.0
176
     1
 40
1.0
176
     1
 90
        0
176
     1
 62
    18
420
        0
176
     1
 90
       50
176
     1
 90
        3
176
     1
 62
     5
420
      255
176
     1
290
     0
176
     1
 90
       50
176
     1
 90
       50
176
     1
 90
       50
176
     1
290
     0
176
     1
 90
       50
176
     1
 62
   256
176
     0
 40
1.0
176
     0
 90
        2
176
     1
  1
strokes_ogs.tif
176
     1
290
     0
176
     1
 40
1.0
176
     1
 40
1.0
176
     1
  0
VISUALSTYLE
  5
F4
102
{ACAD_REACTORS
330
EF
102
}
330
EF
100
AcDbVisualStyle
  2
Basic
 70
     7
177
     3
291
     1
 70
    58
 90
        1
176
     1
 90
        0
176
     1
 90
        1
176
     1
 90
        0
176
     1
 40
-0.6
176
     1
 40
-30.0
176
     1
 62
     7
420
 16777215
176
     1
 90
        0
176
     1
 90
        4
176
     1
 62
     7
176
     1
 62
   257
176
     1
 90
        1
176
     1
 90
        1
176
     1
 40
1.0
176
     1
 90
        8
176
     1
 62
     7
176
     1
 40
1.0
176
     1
 90
        1
176
     1
 90
        6
176
     1
 90
        2
176
     1
 62
     7
176
     1
 90
        5
176
     1
 90
        0
176
     1
 90
        0
176
     1
290
     0
176
     1
 90
        1
176
     1
 40
0.0
176
     1
 90
        0
176
     1
290
     0
176
     1
290
     1
176
     1
290
     1
176
     1
290
     0
176
     1
290
     0
176
     1
290
     0
176
     1
290
     0
176
     1
290
     0
176
     1
290
     0
176
     1
 90
       50
176
     1
 40
0.0
176
     1
 40
1.0
176
     1
 90
        0
176
     1
 62
    18
420
        0
176
     1
 90
       50
176
     1
 90
        3
176
     1
 62
     5
420
      255
176
     1
290
     0
176
     1
 90
       50
176
     1
 90
       50
176
     1
 90
       50
176
     1
290
     0
176
     1
 90
       50
176
     1
 62
   256
176
     0
 40
1.0
176
     0
 90
        2
176
     1
  1
strokes_ogs.tif
176
     1
290
     0
176
     1
 40
1.0
176
     1
 40
1.0
176
     1
  0
VISUALSTYLE
  5
FB
102
{ACAD_REACTORS
330
EF
102
}
330
EF
100
AcDbVisualStyle
  2
Brighten
 70
    12
177
     3
291
     1
 70
    58
 90
        2
176
     1
 90
        2
176
     1
 90
        1
176
     1
 90
        0
176
     1
 40
-0.6
176
     1
 40
-30.0
176
     1
 62
     7
420
 16777215
176
     1
 90
        1
176
     1
 90
        4
176
     1
 62
     7
176
     1
 62
   257
176
     1
 90
        1
176
     1
 90
        1
176
     1
 40
1.0
176
     1
 90
        8
176
     1
 62
     7
176
     1
 40
1.0
176
     1
 90
        1
176
     1
 90
        6
176
     1
 90
        2
176
     1
 62
     7
176
     1
 90
        5
176
     1
 90
        0
176
     1
 90
        0
176
     1
290
     0
176
     1
 90
        1
176
     1
 40
50.0
176
     1
 90
        0
176
     1
290
     0
176
     1
290
     1
176
     1
290
     1
176
     1
290
     0
176
     1
290
     0
176
     1
290
     0
176
     1
290
     0
176
     1
290
     0
176
     1
290
     0
176
     1
 90
       50
176
     1
 40
0.0
176
     1
 40
1.0
176
     1
 90
        0
176
     1
 62
    18
420
        0
176
     1
 90
       50
176
     1
 90
        3
176
     1
 62
     5
420
      255
176
     1
290
     0
176
     1
 90
       50
176
     1
 90
       50
176
     1
 90
       50
176
     1
290
     0
176
     1
 90
       50
176
     1
 62
   256
176
     0
 40
1.0
176
     0
 90
        2
176
     1
  1
strokes_ogs.tif
176
     1
290
     0
176
     1
 40
1.0
176
     1
 40
1.0
176
     1
  0
VISUALSTYLE
  5
FF
102
{ACAD_REACTORS
330
EF
102
}
330
EF
100
AcDbVisualStyle
  2
ColorChange
 70
    16
177
     3
291
     1
 70
    58
 90
        2
176
     1
 90
        2
176
     1
 90
        3
176
     1
 90
        0
176
     1
 40
-0.6
176
     1
 40
-30.0
176
     1
 62
     8
420
  8421504
176
     1
 90
        1
176
     1
 90
        4
176
     1
 62
     7
176
     1
 62
   257
176
     1
 90
        1
176
     1
 90
        1
176
     1
 40
1.0
176
     1
 90
        8
176
     1
 62
     8
420
  8421504
176
     1
 40
1.0
176
     1
 90
        1
176
     1
 90
        6
176
     1
 90
        2
176
     1
 62
     7
176
     1
 90
        5
176
     1
 90
        0
176
     1
 90
        0
176
     1
290
     0
176
     1
 90
        1
176
     1
 40
0.0
176
     1
 90
        0
176
     1
290
     0
176
     1
290
     1
176
     1
290
     1
176
     1
290
     0
176
     1
290
     0
176
     1
290
     0
176
     1
290
     0
176
     1
290
     0
176
     1
290
     0
176
     1
 90
       50
176
     1
 40
0.0
176
     1
 40
1.0
176
     1
 90
        0
176
     1
 62
    18
420
        0
176
     1
 90
       50
176
     1
 90
        3
176
     1
 62
     5
420
      255
176
     1
290
     0
176
     1
 90
       50
176
     1
 90
       50
176
     1
 90
       50
176
     1
290
     0
176
     1
 90
       50
176
     1
 62
   256
176
     0
 40
1.0
176
     0
 90
        2
176
     1
  1
strokes_ogs.tif
176
     1
290
     0
176
     1
 40
1.0
176
     1
 40
1.0
176
     1
  0
VISUALSTYLE
  5
F8
102
{ACAD_REACTORS
330
EF
102
}
330
EF
100
AcDbVisualStyle
  2
Conceptual
 70
     9
177
     3
291
     0
 70
    58
 90
        3
176
     1
 90
        2
176
     1
 90
        1
176
     1
 90
        0
176
     1
 40
-0.6
176
     1
 40
-30.0
176
     1
 62
     7
420
 16777215
176
     1
 90
        2
176
     1
 90
        2
176
     1
 62
     7
176
     1
 62
   257
176
     1
 90
        1
176
     1
 90
        1
176
     1
 40
40.0
176
     1
 90
        8
176
     1
 62
     7
176
     1
 40
1.0
176
     1
 90
        1
176
     1
 90
        6
176
     1
 90
        2
176
     1
 62
     7
176
     1
 90
        3
176
     1
 90
        0
176
     1
 90
        0
176
     1
290
     0
176
     1
 90
        1
176
     1
 40
0.0
176
     1
 90
        0
176
     1
290
     0
176
     1
290
     1
176
     1
290
     1
176
     1
290
     0
176
     1
290
     0
176
     1
290
     0
176
     1
290
     0
176
     1
290
     0
176
     1
290
     0
176
     1
 90
       50
176
     1
 40
0.0
176
     1
 40
1.0
176
     1
 90
        0
176
     1
 62
    18
420
        0
176
     1
 90
       50
176
     1
 90
        3
176
     1
 62
     5
420
      255
176
     1
290
     0
176
     1
 90
       50
176
     1
 90
       50
176
     1
 90
       50
176
     1
290
     0
176
     1
 90
       50
176
     1
 62
   256
176
     0
 40
1.0
176
     0
 90
        2
176
     1
  1
strokes_ogs.tif
176
     1
290
     0
176
     1
 40
1.0
176
     1
 40
1.0
176
     1
  0
VISUALSTYLE
  5
FA
102
{ACAD_REACTORS
330
EF
102
}
330
EF
100
AcDbVisualStyle
  2
Dim
 70
    11
177
     3
291
     1
 70
    58
 90
        2
176
     1
 90
        2
176
     1
 90
        1
176
     1
 90
        0
176
     1
 40
-0.6
176
     1
 40
-30.0
176
     1
 62
     7
420
 16777215
176
     1
 90
        1
176
     1
 90
        4
176
     1
 62
     7
176
     1
 62
   257
176
     1
 90
        1
176
     1
 90
        1
176
     1
 40
1.0
176
     1
 90
        8
176
     1
 62
     7
176
     1
 40
1.0
176
     1
 90
        1
176
     1
 90
        6
176
     1
 90
        2
176
     1
 62
     7
176
     1
 90
        5
176
     1
 90
        0
176
     1
 90
        0
176
     1
290
     0
176
     1
 90
        1
176
     1
 40
-50.0
176
     1
 90
        0
176
     1
290
     0
176
     1
290
     1
176
     1
290
     1
176
     1
290
     0
176
     1
290
     0
176
     1
290
     0
176
     1
290
     0
176
     1
290
     0
176
     1
290
     0
176
     1
 90
       50
176
     1
 40
0.0
176
     1
 40
1.0
176
     1
 90
        0
176
     1
 62
    18
420
        0
176
     1
 90
       50
176
     1
 90
        3
176
     1
 62
     5
420
      255
176
     1
290
     0
176
     1
 90
       50
176
     1
 90
       50
176
     1
 90
       50
176
     1
290
     0
176
     1
 90
       50
176
     1
 62
   256
176
     0
 40
1.0
176
     0
 90
        2
176
     1
  1
strokes_ogs.tif
176
     1
290
     0
176
     1
 40
1.0
176
     1
 40
1.0
176
     1
  0
VISUALSTYLE
  5
35E
102
{ACAD_REACTORS
330
EF
102
}
330
EF
100
AcDbVisualStyle
  2
EdgeColorOff
 70
    22
177
     3
291
     1
 70
    58
 90
        2
176
     0
 90
        2
176
     0
 90
        0
176
     0
 90
        0
176
     0
 40
0.6
176
     0
 40
30.0
176
     0
 62
     7
420
 16777215
176
     0
 90
        1
176
     0
 90
        4
176
     0
 62
     7
176
     0
 62
   257
176
     0
 90
        1
176
     0
 90
        1
176
     0
 40
1.0
176
     0
 90
        8
176
     2
 62
     7
176
     0
 40
1.0
176
     0
 90
        1
176
     0
 90
        6
176
     0
 90
        2
176
     0
 62
     7
176
     0
 90
        5
176
     0
 90
        0
176
     0
 90
        0
176
     0
290
     0
176
     0
 90
        1
176
     0
 40
0.0
176
     0
 90
        0
176
     0
290
     0
176
     0
290
     1
176
     0
290
     1
176
     0
290
     0
176
     0
290
     0
176
     0
290
     0
176
     0
290
     0
176
     0
290
     0
176
     0
290
     0
176
     0
 90
       50
176
     0
 40
0.0
176
     0
 40
1.0
176
     0
 90
        0
176
     0
 62
    18
420
        0
176
     0
 90
       50
176
     0
 90
        3
176
     0
 62
     5
420
      255
176
     0
290
     0
176
     0
 90
       50
176
     0
 90
       50
176
     0
 90
       50
176
     0
290
     0
176
     0
 90
       50
176
     0
 62
   256
176
     0
 40
1.0
176
     0
 90
        2
176
     0
  1
strokes_ogs.tif
176
     0
290
     0
176
     0
 40
1.0
176
     0
 40
1.0
176
     0
  0
VISUALSTYLE
  5
FE
102
{ACAD_REACTORS
330
EF
102
}
330
EF
100
AcDbVisualStyle
  2
Facepattern
 70
    15
177
     3
291
     1
 70
    58
 90
        2
176
     1
 90
        2
176
     1
 90
        1
176
     1
 90
        0
176
     1
 40
-0.6
176
     1
 40
-30.0
176
     1
 62
     7
420
 16777215
176
     1
 90
        1
176
     1
 90
        4
176
     1
 62
     7
176
     1
 62
   257
176
     1
 90
        1
176
     1
 90
        1
176
     1
 40
1.0
176
     1
 90
        8
176
     1
 62
     7
176
     1
 40
1.0
176
     1
 90
        1
176
     1
 90
        6
176
     1
 90
        2
176
     1
 62
     7
176
     1
 90
        5
176
     1
 90
        0
176
     1
 90
        0
176
     1
290
     0
176
     1
 90
        1
176
     1
 40
0.0
176
     1
 90
        0
176
     1
290
     0
176
     1
290
     1
176
     1
290
     1
176
     1
290
     0
176
     1
290
     0
176
     1
290
     0
176
     1
290
     0
176
     1
290
     0
176
     1
290
     0
176
     1
 90
       50
176
     1
 40
0.0
176
     1
 40
1.0
176
     1
 90
        0
176
     1
 62
    18
420
        0
176
     1
 90
       50
176
     1
 90
        3
176
     1
 62
     5
420
      255
176
     1
290
     0
176
     1
 90
       50
176
     1
 90
       50
176
     1
 90
       50
176
     1
290
     0
176
     1
 90
       50
176
     1
 62
   256
176
     0
 40
1.0
176
     0
 90
        2
176
     1
  1
strokes_ogs.tif
176
     1
290
     0
176
     1
 40
1.0
176
     1
 40
1.0
176
     1
  0
VISUALSTYLE
  5
F0
102
{ACAD_REACTORS
330
EF
102
}
330
EF
100
AcDbVisualStyle
  2
Flat
 70
     0
177
     3
291
     1
 70
    58
 90
        2
176
     1
 90
        1
176
     1
 90
        1
176
     1
 90
        2
176
     1
 40
-0.6
176
     1
 40
30.0
176
     1
 62
     7
420
 16777215
176
     1
 90
        0
176
     1
 90
        4
176
     1
 62
     7
176
     1
 62
   257
176
     1
 90
        1
176
     1
 90
        1
176
     1
 40
1.0
176
     1
 90
        8
176
     1
 62
     7
176
     1
 40
1.0
176
     1
 90
        1
176
     1
 90
        6
176
     1
 90
        2
176
     1
 62
     7
176
     1
 90
        5
176
     1
 90
        0
176
     1
 90
        0
176
     1
290
     0
176
     1
 90
        1
176
     1
 40
0.0
176
     1
 90
        0
176
     1
290
     0
176
     1
290
     1
176
     1
290
     1
176
     1
290
     0
176
     1
290
     0
176
     1
290
     0
176
     1
290
     0
176
     1
290
     0
176
     1
290
     0
176
     1
 90
       50
176
     1
 40
0.0
176
     1
 40
1.0
176
     1
 90
        0
176
     1
 62
    18
420
        0
176
     1
 90
       50
176
     1
 90
        3
176
     1
 62
     5
420
      255
176
     1
290
     0
176
     1
 90
       50
176
     1
 90
       50
176
     1
 90
       50
176
     1
290
     0
176
     1
 90
       50
176
     1
 62
   256
176
     0
 40
1.0
176
     0
 90
        2
176
     1
  1
strokes_ogs.tif
176
     1
290
     0
176
     1
 40
1.0
176
     1
 40
1.0
176
     1
  0
VISUALSTYLE
  5
F1
102
{ACAD_REACTORS
330
EF
102
}
330
EF
100
AcDbVisualStyle
  2
FlatWithEdges
 70
     1
177
     3
291
     1
 70
    58
 90
        2
176
     1
 90
        1
176
     1
 90
        1
176
     1
 90
        2
176
     1
 40
-0.6
176
     1
 40
30.0
176
     1
 62
     7
420
 16777215
176
     1
 90
        1
176
     1
 90
        4
176
     1
 62
     7
176
     1
 62
   257
176
     1
 90
        1
176
     1
 90
        1
176
     1
 40
1.0
176
     1
 90
        0
176
     1
 62
   257
176
     1
 40
1.0
176
     1
 90
        1
176
     1
 90
        6
176
     1
 90
        2
176
     1
 62
     7
176
     1
 90
        5
176
     1
 90
        0
176
     1
 90
        0
176
     1
290
     0
176
     1
 90
        1
176
     1
 40
0.0
176
     1
 90
        0
176
     1
290
     0
176
     1
290
     1
176
     1
290
     1
176
     1
290
     0
176
     1
290
     0
176
     1
290
     0
176
     1
290
     0
176
     1
290
     0
176
     1
290
     0
176
     1
 90
       50
176
     1
 40
0.0
176
     1
 40
1.0
176
     1
 90
        0
176
     1
 62
    18
420
        0
176
     1
 90
       50
176
     1
 90
        3
176
     1
 62
     5
420
      255
176
     1
290
     0
176
     1
 90
       50
176
     1
 90
       50
176
     1
 90
       50
176
     1
290
     0
176
     1
 90
       50
176
     1
 62
   256
176
     0
 40
1.0
176
     0
 90
        2
176
     1
  1
strokes_ogs.tif
176
     1
290
     0
176
     1
 40
1.0
176
     1
 40
1.0
176
     1
  0
VISUALSTYLE
  5
F2
102
{ACAD_REACTORS
330
EF
102
}
330
EF
100
AcDbVisualStyle
  2
Gouraud
 70
     2
177
     3
291
     1
 70
    58
 90
        2
176
     1
 90
        2
176
     1
 90
        1
176
     1
 90
        2
176
     1
 40
-0.6
176
     1
 40
30.0
176
     1
 62
     7
420
 16777215
176
     1
 90
        0
176
     1
 90
        4
176
     1
 62
     7
176
     1
 62
   257
176
     1
 90
        1
176
     1
 90
        1
176
     1
 40
1.0
176
     1
 90
        0
176
     1
 62
     7
176
     1
 40
1.0
176
     1
 90
        1
176
     1
 90
        6
176
     1
 90
        2
176
     1
 62
     7
176
     1
 90
        5
176
     1
 90
        0
176
     1
 90
        0
176
     1
290
     0
176
     1
 90
        1
176
     1
 40
0.0
176
     1
 90
        0
176
     1
290
     0
176
     1
290
     1
176
     1
290
     1
176
     1
290
     0
176
     1
290
     0
176
     1
290
     0
176
     1
290
     0
176
     1
290
     0
176
     1
290
     0
176
     1
 90
       50
176
     1
 40
0.0
176
     1
 40
1.0
176
     1
 90
        0
176
     1
 62
    18
420
        0
176
     1
 90
       50
176
     1
 90
        3
176
     1
 62
     5
420
      255
176
     1
290
     0
176
     1
 90
       50
176
     1
 90
       50
176
     1
 90
       50
176
     1
290
     0
176
     1
 90
       50
176
     1
 62
   256
176
     0
 40
1.0
176
     0
 90
        2
176
     1
  1
strokes_ogs.tif
176
     1
290
     0
176
     1
 40
1.0
176
     1
 40
1.0
176
     1
  0
VISUALSTYLE
  5
F3
102
{ACAD_REACTORS
330
EF
102
}
330
EF
100
AcDbVisualStyle
  2
GouraudWithEdges
 70
     3
177
     3
291
     1
 70
    58
 90
        2
176
     1
 90
        2
176
     1
 90
        1
176
     1
 90
        2
176
     1
 40
-0.6
176
     1
 40
30.0
176
     1
 62
     7
420
 16777215
176
     1
 90
        1
176
     1
 90
        4
176
     1
 62
     7
176
     1
 62
   257
176
     1
 90
        1
176
     1
 90
        1
176
     1
 40
1.0
176
     1
 90
        0
176
     1
 62
   257
176
     1
 40
1.0
176
     1
 90
        1
176
     1
 90
        6
176
     1
 90
        2
176
     1
 62
     7
176
     1
 90
        5
176
     1
 90
        0
176
     1
 90
        0
176
     1
290
     0
176
     1
 90
        1
176
     1
 40
0.0
176
     1
 90
        0
176
     1
290
     0
176
     1
290
     1
176
     1
290
     1
176
     1
290
     0
176
     1
290
     0
176
     1
290
     0
176
     1
290
     0
176
     1
290
     0
176
     1
290
     0
176
     1
 90
       50
176
     1
 40
0.0
176
     1
 40
1.0
176
     1
 90
        0
176
     1
 62
    18
420
        0
176
     1
 90
       50
176
     1
 90
        3
176
     1
 62
     5
420
      255
176
     1
290
     0
176
     1
 90
       50
176
     1
 90
       50
176
     1
 90
       50
176
     1
290
     0
176
     1
 90
       50
176
     1
 62
   256
176
     0
 40
1.0
176
     0
 90
        2
176
     1
  1
strokes_ogs.tif
176
     1
290
     0
176
     1
 40
1.0
176
     1
 40
1.0
176
     1
  0
VISUALSTYLE
  5
35B
102
{ACAD_REACTORS
330
EF
102
}
330
EF
100
AcDbVisualStyle
  2
Hidden
 70
     6
177
     3
291
     0
 70
    58
 90
        1
176
     1
 90
        2
176
     1
 90
        2
176
     1
 90
        0
176
     1
 40
0.6
176
     1
 40
30.0
176
     1
 62
     7
420
 16777215
176
     1
 90
        2
176
     1
 90
        2
176
     1
 62
     7
176
     1
 62
   257
176
     1
 90
        2
176
     1
 90
        1
176
     1
 40
40.0
176
     1
 90
        0
176
     1
 62
   257
176
     1
 40
1.0
176
     1
 90
        1
176
     1
 90
        6
176
     1
 90
        2
176
     1
 62
     7
176
     1
 90
        3
176
     1
 90
        0
176
     1
 90
        0
176
     1
290
     0
176
     1
 90
        1
176
     1
 40
0.0
176
     1
 90
        0
176
     1
290
     0
176
     1
290
     1
176
     1
290
     1
176
     1
290
     0
176
     1
290
     0
176
     1
290
     0
176
     1
290
     0
176
     1
290
     0
176
     1
290
     0
176
     1
 90
       50
176
     1
 40
0.0
176
     1
 40
1.0
176
     1
 90
        0
176
     1
 62
    18
420
        0
176
     1
 90
       50
176
     1
 90
        3
176
     1
 62
     5
420
      255
176
     1
290
     0
176
     1
 90
       50
176
     1
 90
       50
176
     1
 90
       50
176
     1
290
     0
176
     1
 90
       50
176
     1
 62
   256
176
     0
 40
1.0
176
     0
 90
        2
176
     1
  1
strokes_ogs.tif
176
     1
290
     0
176
     1
 40
1.0
176
     1
 40
1.0
176
     1
  0
VISUALSTYLE
  5
35C
102
{ACAD_REACTORS
330
EF
102
}
330
EF
100
AcDbVisualStyle
  2
JitterOff
 70
    20
177
     3
291
     1
 70
    58
 90
        2
176
     0
 90
        2
176
     0
 90
        0
176
     0
 90
        0
176
     0
 40
0.6
176
     0
 40
30.0
176
     0
 62
     7
420
 16777215
176
     0
 90
        1
176
     0
 90
        4
176
     0
 62
     7
176
     0
 62
   257
176
     0
 90
        1
176
     0
 90
        1
176
     0
 40
1.0
176
     0
 90
       10
176
     2
 62
     7
176
     0
 40
1.0
176
     0
 90
        1
176
     0
 90
        6
176
     0
 90
        2
176
     0
 62
     7
176
     0
 90
        5
176
     0
 90
        0
176
     0
 90
        0
176
     0
290
     0
176
     0
 90
        1
176
     0
 40
0.0
176
     0
 90
        0
176
     0
290
     0
176
     0
290
     1
176
     0
290
     1
176
     0
290
     0
176
     0
290
     0
176
     0
290
     0
176
     0
290
     0
176
     0
290
     0
176
     0
290
     0
176
     0
 90
       50
176
     0
 40
0.0
176
     0
 40
1.0
176
     0
 90
        0
176
     0
 62
    18
420
        0
176
     0
 90
       50
176
     0
 90
        3
176
     0
 62
     5
420
      255
176
     0
290
     0
176
     0
 90
       50
176
     0
 90
       50
176
     0
 90
       50
176
     0
290
     0
176
     0
 90
       50
176
     0
 62
   256
176
     0
 40
1.0
176
     0
 90
        2
176
     0
  1
strokes_ogs.tif
176
     0
290
     0
176
     0
 40
1.0
176
     0
 40
1.0
176
     0
  0
VISUALSTYLE
  5
FD
102
{ACAD_REACTORS
330
EF
102
}
330
EF
100
AcDbVisualStyle
  2
Linepattern
 70
    14
177
     3
291
     1
 70
    58
 90
        2
176
     1
 90
        2
176
     1
 90
        1
176
     1
 90
        0
176
     1
 40
-0.6
176
     1
 40
-30.0
176
     1
 62
     7
420
 16777215
176
     1
 90
        1
176
     1
 90
        4
176
     1
 62
     7
176
     1
 62
   257
176
     1
 90
        7
176
     1
 90
        7
176
     1
 40
1.0
176
     1
 90
        8
176
     1
 62
     7
176
     1
 40
1.0
176
     1
 90
        1
176
     1
 90
        6
176
     1
 90
        2
176
     1
 62
     7
176
     1
 90
        5
176
     1
 90
        0
176
     1
 90
        0
176
     1
290
     0
176
     1
 90
        1
176
     1
 40
0.0
176
     1
 90
        0
176
     1
290
     0
176
     1
290
     1
176
     1
290
     1
176
     1
290
     0
176
     1
290
     0
176
     1
290
     0
176
     1
290
     0
176
     1
290
     0
176
     1
290
     0
176
     1
 90
       50
176
     1
 40
0.0
176
     1
 40
1.0
176
     1
 90
        0
176
     1
 62
    18
420
        0
176
     1
 90
       50
176
     1
 90
        3
176
     1
 62
     5
420
      255
176
     1
290
     0
176
     1
 90
       50
176
     1
 90
       50
176
     1
 90
       50
176
     1
290
     0
176
     1
 90
       50
176
     1
 62
   256
176
     0
 40
1.0
176
     0
 90
        2
176
     1
  1
strokes_ogs.tif
176
     1
290
     0
176
     1
 40
1.0
176
     1
 40
1.0
176
     1
  0
VISUALSTYLE
  5
35D
102
{ACAD_REACTORS
330
EF
102
}
330
EF
100
AcDbVisualStyle
  2
OverhangOff
 70
    21
177
     3
291
     1
 70
    58
 90
        2
176
     0
 90
        2
176
     0
 90
        0
176
     0
 90
        0
176
     0
 40
0.6
176
     0
 40
30.0
176
     0
 62
     7
420
 16777215
176
     0
 90
        1
176
     0
 90
        4
176
     0
 62
     7
176
     0
 62
   257
176
     0
 90
        1
176
     0
 90
        1
176
     0
 40
1.0
176
     0
 90
        9
176
     2
 62
     7
176
     0
 40
1.0
176
     0
 90
        1
176
     0
 90
        6
176
     0
 90
        2
176
     0
 62
     7
176
     0
 90
        5
176
     0
 90
        0
176
     0
 90
        0
176
     0
290
     0
176
     0
 90
        1
176
     0
 40
0.0
176
     0
 90
        0
176
     0
290
     0
176
     0
290
     1
176
     0
290
     1
176
     0
290
     0
176
     0
290
     0
176
     0
290
     0
176
     0
290
     0
176
     0
290
     0
176
     0
290
     0
176
     0
 90
       50
176
     0
 40
0.0
176
     0
 40
1.0
176
     0
 90
        0
176
     0
 62
    18
420
        0
176
     0
 90
       50
176
     0
 90
        3
176
     0
 62
     5
420
      255
176
     0
290
     0
176
     0
 90
       50
176
     0
 90
       50
176
     0
 90
       50
176
     0
290
     0
176
     0
 90
       50
176
     0
 62
   256
176
     0
 40
1.0
176
     0
 90
        2
176
     0
  1
strokes_ogs.tif
176
     0
290
     0
176
     0
 40
1.0
176
     0
 40
1.0
176
     0
  0
VISUALSTYLE
  5
F9
102
{ACAD_REACTORS
330
EF
102
}
330
EF
100
AcDbVisualStyle
  2
Realistic
 70
     8
177
     3
291
     0
 70
    58
 90
        2
176
     1
 90
        2
176
     1
 90
        1
176
     1
 90
        0
176
     1
 40
-0.6
176
     1
 40
-30.0
176
     1
 62
     7
420
 16777215
176
     1
 90
        1
176
     1
 90
        0
176
     1
 62
     7
176
     1
 62
   257
176
     1
 90
        1
176
     1
 90
        1
176
     1
 40
1.0
176
     1
 90
        8
176
     1
 62
     8
420
  7895160
176
     1
 40
1.0
176
     1
 90
        1
176
     1
 90
        6
176
     1
 90
        2
176
     1
 62
     7
176
     1
 90
        5
176
     1
 90
        0
176
     1
 90
        0
176
     1
290
     0
176
     1
 90
       13
176
     1
 40
0.0
176
     1
 90
        0
176
     1
290
     0
176
     1
290
     1
176
     1
290
     1
176
     1
290
     0
176
     1
290
     0
176
     1
290
     0
176
     1
290
     0
176
     1
290
     0
176
     1
290
     0
176
     1
 90
       50
176
     1
 40
0.0
176
     1
 40
1.0
176
     1
 90
        0
176
     1
 62
    18
420
        0
176
     1
 90
       50
176
     1
 90
        3
176
     1
 62
     5
420
      255
176
     1
290
     0
176
     1
 90
       50
176
     1
 90
       50
176
     1
 90
       50
176
     1
290
     0
176
     1
 90
       50
176
     1
 62
   256
176
     0
 40
1.0
176
     0
 90
        2
176
     1
  1
strokes_ogs.tif
176
     1
290
     0
176
     1
 40
1.0
176
     1
 40
1.0
176
     1
  0
VISUALSTYLE
  5
363
102
{ACAD_REACTORS
330
EF
102
}
330
EF
100
AcDbVisualStyle
  2
Shaded
 70
    27
177
     3
291
     0
 70
    58
 90
        2
176
     1
 90
        2
176
     1
 90
        1
176
     1
 90
        2
176
     1
 40
0.6
176
     1
 40
30.0
176
     1
 62
     7
420
 16777215
176
     1
 90
        0
176
     1
 90
        4
176
     1
 62
     7
176
     1
 62
   257
176
     1
 90
        1
176
     1
 90
        1
176
     1
 40
1.0
176
     1
 90
        8
176
     1
 62
   257
176
     1
 40
1.0
176
     1
 90
        1
176
     1
 90
        6
176
     1
 90
        2
176
     1
 62
     8
420
  7895160
176
     1
 90
        3
176
     1
 90
        0
176
     1
 90
        0
176
     1
290
     0
176
     1
 90
        5
176
     1
 40
0.0
176
     1
 90
        0
176
     1
290
     0
176
     1
290
     1
176
     1
290
     1
176
     1
290
     0
176
     1
290
     0
176
     1
290
     0
176
     1
290
     0
176
     1
290
     0
176
     1
290
     0
176
     1
 90
       50
176
     1
 40
0.0
176
     1
 40
1.0
176
     1
 90
        0
176
     1
 62
    18
420
        0
176
     1
 90
       50
176
     1
 90
        3
176
     1
 62
     5
420
      255
176
     1
290
     0
176
     1
 90
       50
176
     1
 90
       50
176
     1
 90
       50
176
     1
290
     0
176
     1
 90
       50
176
     1
 62
   256
176
     0
 40
1.0
176
     0
 90
        2
176
     1
  1
strokes_ogs.tif
176
     1
290
     0
176
     1
 40
1.0
176
     1
 40
1.0
176
     1
  0
VISUALSTYLE
  5
362
102
{ACAD_REACTORS
330
EF
102
}
330
EF
100
AcDbVisualStyle
  2
Shaded with edges
 70
    26
177
     3
291
     0
 70
    58
 90
        2
176
     1
 90
        2
176
     1
 90
        1
176
     1
 90
        2
176
     1
 40
0.6
176
     1
 40
30.0
176
     1
 62
     7
420
 16777215
176
     1
 90
        1
176
     1
 90
       10
176
     1
 62
     7
176
     1
 62
   257
176
     1
 90
        2
176
     1
 90
        1
176
     1
 40
1.0
176
     1
 90
        8
176
     1
 62
   257
176
     1
 40
1.0
176
     1
 90
        1
176
     1
 90
        6
176
     1
 90
        2
176
     1
 62
     7
176
     1
 90
        3
176
     1
 90
        0
176
     1
 90
        0
176
     1
290
     0
176
     1
 90
        5
176
     1
 40
0.0
176
     1
 90
        0
176
     1
290
     0
176
     1
290
     1
176
     1
290
     1
176
     1
290
     0
176
     1
290
     0
176
     1
290
     0
176
     1
290
     0
176
     1
290
     0
176
     1
290
     0
176
     1
 90
       50
176
     1
 40
0.0
176
     1
 40
1.0
176
     1
 90
        0
176
     1
 62
    18
420
        0
176
     1
 90
       50
176
     1
 90
        3
176
     1
 62
     5
420
      255
176
     1
290
     0
176
     1
 90
       50
176
     1
 90
       50
176
     1
 90
       50
176
     1
290
     0
176
     1
 90
       50
176
     1
 62
   256
176
     0
 40
1.0
176
     0
 90
        2
176
     1
  1
strokes_ogs.tif
176
     1
290
     0
176
     1
 40
1.0
176
     1
 40
1.0
176
     1
  0
VISUALSTYLE
  5
35F
102
{ACAD_REACTORS
330
EF
102
}
330
EF
100
AcDbVisualStyle
  2
Shades of Gray
 70
    23
177
     3
291
     0
 70
    58
 90
        2
176
     1
 90
        2
176
     1
 90
        3
176
     1
 90
        0
176
     1
 40
0.6
176
     1
 40
30.0
176
     1
 62
     7
420
 16777215
176
     1
 90
        2
176
     1
 90
        2
176
     1
 62
     7
176
     1
 62
     7
176
     1
 90
        1
176
     1
 90
        1
176
     1
 40
40.0
176
     1
 90
        8
176
     1
 62
     7
176
     1
 40
1.0
176
     1
 90
        1
176
     1
 90
        6
176
     1
 90
        2
176
     1
 62
     7
176
     1
 90
        3
176
     1
 90
        0
176
     1
 90
        0
176
     1
290
     0
176
     1
 90
        1
176
     1
 40
0.0
176
     1
 90
        0
176
     1
290
     0
176
     1
290
     1
176
     1
290
     1
176
     1
290
     0
176
     1
290
     0
176
     1
290
     0
176
     1
290
     0
176
     1
290
     0
176
     1
290
     0
176
     1
 90
       50
176
     1
 40
0.0
176
     1
 40
1.0
176
     1
 90
        0
176
     1
 62
    18
420
        0
176
     1
 90
       50
176
     1
 90
        3
176
     1
 62
     5
420
      255
176
     1
290
     0
176
     1
 90
       50
176
     1
 90
       50
176
     1
 90
       50
176
     1
290
     0
176
     1
 90
       50
176
     1
 62
   256
176
     0
 40
1.0
176
     0
 90
        2
176
     1
  1
strokes_ogs.tif
176
     1
290
     0
176
     1
 40
1.0
176
     1
 40
1.0
176
     1
  0
VISUALSTYLE
  5
360
102
{ACAD_REACTORS
330
EF
102
}
330
EF
100
AcDbVisualStyle
  2
Sketchy
 70
    24
177
     3
291
     0
 70
    58
 90
        1
176
     1
 90
        2
176
     1
 90
        2
176
     1
 90
        0
176
     1
 40
0.6
176
     1
 40
30.0
176
     1
 62
     7
420
 16777215
176
     1
 90
        2
176
     1
 90
        2
176
     1
 62
     7
176
     1
 62
     7
176
     1
 90
        1
176
     1
 90
        1
176
     1
 40
40.0
176
     1
 90
       11
176
     1
 62
     7
176
     1
 40
1.0
176
     1
 90
        1
176
     1
 90
        6
176
     1
 90
        2
176
     1
 62
     7
176
     1
 90
        6
176
     1
 90
        0
176
     1
 90
        0
176
     1
290
     0
176
     1
 90
        1
176
     1
 40
0.0
176
     1
 90
        0
176
     1
290
     0
176
     1
290
     1
176
     1
290
     1
176
     1
290
     0
176
     1
290
     0
176
     1
290
     0
176
     1
290
     0
176
     1
290
     0
176
     1
290
     0
176
     1
 90
       50
176
     1
 40
0.0
176
     1
 40
1.0
176
     1
 90
        0
176
     1
 62
    18
420
        0
176
     1
 90
       50
176
     1
 90
        3
176
     1
 62
     5
420
      255
176
     1
290
     0
176
     1
 90
       50
176
     1
 90
       50
176
     1
 90
       50
176
     1
290
     0
176
     1
 90
       50
176
     1
 62
   256
176
     0
 40
1.0
176
     0
 90
        2
176
     1
  1
strokes_ogs.tif
176
     1
290
     0
176
     1
 40
1.0
176
     1
 40
1.0
176
     1
  0
VISUALSTYLE
  5
FC
102
{ACAD_REACTORS
330
EF
102
}
330
EF
100
AcDbVisualStyle
  2
Thicken
 70
    13
177
     3
291
     1
 70
    58
 90
        2
176
     1
 90
        2
176
     1
 90
        1
176
     1
 90
        0
176
     1
 40
-0.6
176
     1
 40
-30.0
176
     1
 62
     7
420
 16777215
176
     1
 90
        1
176
     1
 90
        4
176
     1
 62
     7
176
     1
 62
   257
176
     1
 90
        1
176
     1
 90
        1
176
     1
 40
1.0
176
     1
 90
       12
176
     1
 62
     7
176
     1
 40
1.0
176
     1
 90
        1
176
     1
 90
        6
176
     1
 90
        2
176
     1
 62
     7
176
     1
 90
        5
176
     1
 90
        0
176
     1
 90
        0
176
     1
290
     0
176
     1
 90
        1
176
     1
 40
0.0
176
     1
 90
        0
176
     1
290
     0
176
     1
290
     1
176
     1
290
     1
176
     1
290
     0
176
     1
290
     0
176
     1
290
     0
176
     1
290
     0
176
     1
290
     0
176
     1
290
     0
176
     1
 90
       50
176
     1
 40
0.0
176
     1
 40
1.0
176
     1
 90
        0
176
     1
 62
    18
420
        0
176
     1
 90
       50
176
     1
 90
        3
176
     1
 62
     5
420
      255
176
     1
290
     0
176
     1
 90
       50
176
     1
 90
       50
176
     1
 90
       50
176
     1
290
     0
176
     1
 90
       50
176
     1
 62
   256
176
     0
 40
1.0
176
     0
 90
        2
176
     1
  1
strokes_ogs.tif
176
     1
290
     0
176
     1
 40
1.0
176
     1
 40
1.0
176
     1
  0
VISUALSTYLE
  5
35A
102
{ACAD_REACTORS
330
EF
102
}
330
EF
100
AcDbVisualStyle
  2
Wireframe
 70
     5
177
     3
291
     0
 70
    58
 90
        0
176
     1
 90
        2
176
     1
 90
        0
176
     1
 90
        0
176
     1
 40
0.6
176
     1
 40
30.0
176
     1
 62
     7
420
 16777215
176
     1
 90
        1
176
     1
 90
        4
176
     1
 62
     7
176
     1
 62
   257
176
     1
 90
        1
176
     1
 90
        1
176
     1
 40
1.0
176
     1
 90
        0
176
     1
 62
   257
176
     1
 40
1.0
176
     1
 90
        1
176
     1
 90
        6
176
     1
 90
        2
176
     1
 62
     7
176
     1
 90
        3
176
     1
 90
        0
176
     1
 90
        0
176
     1
290
     0
176
     1
 90
        1
176
     1
 40
0.0
176
     1
 90
        0
176
     1
290
     0
176
     1
290
     1
176
     1
290
     1
176
     1
290
     0
176
     1
290
     0
176
     1
290
     0
176
     1
290
     0
176
     1
290
     0
176
     1
290
     0
176
     1
 90
       50
176
     1
 40
0.0
176
     1
 40
1.0
176
     1
 90
        0
176
     1
 62
    18
420
        0
176
     1
 90
       50
176
     1
 90
        3
176
     1
 62
     5
420
      255
176
     1
290
     0
176
     1
 90
       50
176
     1
 90
       50
176
     1
 90
       50
176
     1
290
     0
176
     1
 90
       50
176
     1
 62
   256
176
     0
 40
1.0
176
     0
 90
        2
176
     1
  1
strokes_ogs.tif
176
     1
290
     0
176
     1
 40
1.0
176
     1
 40
1.0
176
     1
  0
VISUALSTYLE
  5
361
102
{ACAD_REACTORS
330
EF
102
}
330
EF
100
AcDbVisualStyle
  2
X-Ray
 70
    25
177
     3
291
     0
 70
    58
 90
        2
176
     1
 90
        2
176
     1
 90
        1
176
     1
 90
        1
176
     1
 40
0.5
176
     1
 40
30.0
176
     1
 62
     7
420
 16777215
176
     1
 90
        1
176
     1
 90
        0
176
     1
 62
     7
176
     1
 62
   257
176
     1
 90
        1
176
     1
 90
        1
176
     1
 40
1.0
176
     1
 90
        8
176
     1
 62
     7
176
     1
 40
1.0
176
     1
 90
        1
176
     1
 90
        6
176
     1
 90
        2
176
     1
 62
     7
176
     1
 90
        3
176
     1
 90
        0
176
     1
 90
        0
176
     1
290
     0
176
     1
 90
       13
176
     1
 40
0.0
176
     1
 90
        0
176
     1
290
     0
176
     1
290
     1
176
     1
290
     1
176
     1
290
     0
176
     1
290
     0
176
     1
290
     0
176
     1
290
     0
176
     1
290
     0
176
     1
290
     0
176
     1
 90
       50
176
     1
 40
0.0
176
     1
 40
1.0
176
     1
 90
        0
176
     1
 62
    18
420
        0
176
     1
 90
       50
176
     1
 90
        3
176
     1
 62
     5
420
      255
176
     1
290
     0
176
     1
 90
       50
176
     1
 90
       50
176
     1
 90
       50
176
     1
290
     0
176
     1
 90
       50
176
     1
 62
   256
176
     0
 40
1.0
176
     0
 90
        2
176
     1
  1
strokes_ogs.tif
176
     1
290
     0
176
     1
 40
1.0
176
     1
 40
1.0
176
     1
  0
DICTIONARYVAR
  5
146
102
{ACAD_REACTORS
330
5E
102
}
330
5E
100
DictionaryVariables
280
     0
  1
1:1
  0
DICTIONARYVAR
  5
145
102
{ACAD_REACTORS
330
5E
102
}
330
5E
100
DictionaryVariables
280
     0
  1
Standard
  0
DICTIONARYVAR
  5
84
102
{ACAD_REACTORS
330
5E
102
}
330
5E
100
DictionaryVariables
280
     0
  1
Standard
  0
DICTIONARYVAR
  5
5F
102
{ACAD_REACTORS
330
5E
102
}
330
5E
100
DictionaryVariables
280
     0
  1
2
  0
DICTIONARYVAR
  5
63
102
{ACAD_REACTORS
330
5E
102
}
330
5E
100
DictionaryVariables
280
     0
  1
1
  0
DICTIONARYVAR
  5
1AE
102
{ACAD_REACTORS
330
5E
102
}
330
5E
100
DictionaryVariables
280
     0
  1
0
  0
DICTIONARYVAR
  5
1AF
102
{ACAD_REACTORS
330
5E
102
}
330
5E
100
DictionaryVariables
280
     0
  1
0
  0
DICTIONARYVAR
  5
356
102
{ACAD_REACTORS
330
5E
102
}
330
5E
100
DictionaryVariables
280
     0
  1
0
  0
XRECORD
  5
77A
102
{ACAD_REACTORS
330
34E
102
}
330
34E
100
AcDbXrecord
280
     1
300
MC_VERSION_DATA
 90
       95
310
0600000002000000570000001C000000E404000000000000000000007801936764E5D8CFFA9993818115C460606066E0646662626666706006F218793899F8DE3171E725E6E53B3BBA2878E6951050AF75FEFFFFFF520036E40F2657000000
  0
XRECORD
  5
357
102
{ACAD_REACTORS
330
34E
102
}
330
34E
100
AcDbXrecord
280
     1
300
MCS_DOCUMENT_ID
 90
       61
310
0600000002000000150000001C000000E404000000000000000000007801E33D7EF28CE1F469B54E5B2FFD7208619F76F23F1000007F5E0CFE15000000
  0
XRECORD
  5
365
102
{ACAD_REACTORS
330
34E
102
}
330
34E
100
AcDbXrecord
280
     1
300
MCS_PARAMS_DATA
 90
     3313
310
0600000002000000F64B00001C000000E404000000000000000000007801C55C5B6C5CC519DE9D595FD6B9DF494B53970A1A6F4A58DF92A6426A1A1210527090E23EF0543976A2BA75E25CAC160A6DA92AF5A55255A96AD556551F4A49A0CF15A03EC0438190865E482021147221409310B6900B3826B1FB7F7366CEFC73E6
310
1CAFBDDE3D9B07D8FF3F73CEF7DFE6FB67E6ECBA757EA3143929F767A4FCCE8636299AA49C90529036BB402C105929F279912F89C6DEAF6FD8BC69AB14A46C51EAC2B9898909BA39945F872C1FCD848A834A91A13B1AD51D6D5266E8A9FAF627E9AABE92BD45CA6F03BD81A3CFC24D59D990C96408C7E066656E0232E13A03
310
14B0AB01724443F05CC3F08780DFC8F19B03FC710A073DC8486413411B49060E3311A05C24C45064703B01D7CCE196A818E5C59C9268B967CBD6DED68ED59DC52EEB78BEF08E09F8223D745649346F1DE9DB35D0B777C089FC5FC3C8EB60BF1A286CF47FE3467F17CC59C5CD990B0CD948C1A77FB9F5CA0E4F479188EA541E
310
3C25A2E22BC99C8892456878B2821857F6B05492C2AD881B41409C21325211340605C9C6DC6006EC49AC088A0CCBB25B1159B72248E415019155047D5453031360047082A7405D92B72AB0F03379693EAB50870260AC609E2C6F6510BB3D081DFE4EF5EFECD71494A7B3590EC7F12C5B25CB32539229914732934ECE22AF1D
310
D259AC8B7B7649E437DE7BDFA69EADF76EE95186E95A7ED74C032DBFA66A9BF1CEF341B19B78E45DDED9EF56FE29189043E4814BF734E1FF34659991678231F23A51010DA578E8294D435524988818E84710A7B2643B4F7C134F5CC6936D1E4176D01398C4D0A83AE0A6BDC86B0BB5C3E1E8299D70A5A945AC12322FE697C4
310
9C8DC3BBBE34D2BA77FBEEA1BEFEED79D15C120DF70F0FEE1A093EF60C8FF47F4BCAB3B0ED666EDB17F5733E2B445B5E2C298985C507BB8BEBBA3A3A3774178B1D777FA5B36B9D327BBE1ED84C030BC74C9EDAB5B64D88BC405AEF1E1CD9D73A34B88F70838775AD5DDBD1B9B6BBABBB73A0ABA37F5D7BE0E757F57D1DB80F
310
037BFBB60D6D6F1DDED1DA3B3CB47D6FDF2EF8A0AD5933506CEF2FF6F7ADD9D6B56D5DFF9A60D6A95222FF670B51F8295953F8455019945B7EE9315C7A8AFEC352DE9D4B4A5050256AA6D1B42D5F0C265BEED4473538E9811F770DEFDCDD3732B86D706870E4A1D69DC303E45F6349C807B6EFCB8B8692103DC352AE816545
310
9E9E798813B5E9A692C86DD9B1A355A5424F8E0BF018466AF90D150136590E2905AA568F782650907D5A7180140B84AD0159F8156902B8F63BDA8BE1A72E29AF48322EA98B5F578631B6F5489B26184C63434803DB221A328E6B58DEAED6DB808FEB6DC068BD0DF8A4DE065CABB7018B3045EB390B3EAD7704C6EA6DC07518
310
10B79C17773A0DB6C361F03BDD064B22C8C7303844629E5064B47323116EB9039777E096BB70247238880C6E39831B9F221C81B3E543C57019D4736C30574EE2DD4AD73B12B9771099772B997713E97A974DF4CECD5D9582B938116EC00926492C777A7F676A8F441E4C882C98032C983211AE26DE8974E196022EC7174366
310
F9AE62C95769E105B5C4B012E2E82ED8CD3516C5E34D519CF0D1F6765A8551C6CC0505130A3E8ABEC46EF81CED54DC1DA04AB7BC4DB0CA082453194AB29B82400C2B438BA6322032B88FE093B3E13470C11297490C8EEF78E88158D51A8AD42283A38F61044E78707A57F8BBDFE2DF2167F36975041D1DA7FCF59430C35792
310
05112533A905D5D3CAAB4759DBB4CA160F3E9309466F934A1794E7E1154C402D3088858048DCDF7EA3E7FECD5B7A7B376D5480CBF43A7E5E49CCBE6BEB37D945B2402FC65F52AB73B67E7F3A58AE93F37A04F6B7011D680556EBCCA2819BC8A21C320F385BBDB4EE56E6E32CE2CB18E358AD7676B4C7C096B1674BAF7B1278
310
1E906198B0DF8681EA696AF34D20563061CAB731C0DB01185B8B0DCA46538BD880EB0E2C6FC3120B40E62289BC162112587895C11513E18290E892090EBF46A9321968C513E0BB89A0AE8F2431B88A7DFC9E07A7BD0A8E668E3AF3CDEA083A3A8ECFB770A00AB53712018F2859D8DB3D93C2E4D422CB77A40BB73A5DB807A7
310
0857A5727AC8838BE45965D0D3D5B29CBEEF99145F4E558AC0C3E9C23D922EDC0FD285FBA107E7958EEDE721E98018A3E3AAC64E7F5C166D7ABA81B65C437BB31D766C74A6ED6E1FBC2766B7AFDAD87156F9771BF44A2A724C461AB43EE729AAFB710D63E2111810BBA3ABC9AE6037E09AB9BF3AB40BE8309F8736AB64CAB2
310
BE7E3364E5AC569CA6976081AF5A311628A8EF68C5B3A4609E3E86AC3AA156E3E83562F4B5A292099A878C61EB3B549CF92354989982613F016CE7AD5A4D09AA1F5126387AAD451EE384D9C035A925859E39C1AA865EE9A9B8DA21CEE289167F7CF1D4C4BC7A125EC5AED5D8BB0B5A9D9144D134CFA71BF85A8D44BE568348
310
F6AA55A2F3CAEACF6982FD29118CC249D3CBF852A586F278BA70FBD3853B90085793EDE51E143F0AD06C6B4CB2242BDDBDD1419166C2865E85F9CE1648F3CBF54B2E655D5432557AB8C599EEE6E763403914E55050D879E2BFFA30F366F009F0CB378371CA9B99D05949929DD07465EA8797A3808B6B06B9536E64AF9C844C
310
903AF2F3709D3783A318A078E4F37AEBBCEC2DD1B228B722F785DC2DB9D64C476675A63353CC74E937B1FA39BFA7DB58A6AFC19E49583A4A9B6110A6BA038D3C80418F79D091B18A763C1D8524AA5361F194EC4CC4B23EDBA3192533E95398E41423EB6DCA1C239B4DBF91D13F6D762A6897D7013D496371DC8BECCAA7D45E
310
0C251095ABC98AA38E1B6540CD3DACF829EF15C38D27C2B92DA64A071D13897001094F16523EC1C9E5A99FF465029665AB5B13C49AF8984D174EA40B273D389D33BB29A272F6749622C2719C22AC925104534E7A8CF33714555C6B3CF3BE4BE0AF28994CA9B8353E0F28878DD26D8D2F007FBAAD11BD305CEB4EAB35BE08B8
310
B8D678FEB81BD9134AB6ADF10A644BBEF9C2334A81E4EAA6772450D87DD2AF49C178F020A0EBD3055FF292CC5B8AB3FC4114C86BA708ACDB15F49C43C04EBBE7FCBD0CA8A1CB2AF59CC3897035E1E39713E16AD873FE91085A131FFF19C04DBEDBF8D75406FD3B3A2842E56C8ABE82A171BC3BF89ECB0E0F287926BC7B0450
310
75E4DDA3C09F2EEF56BE2579157071BCBBE7881BD93E255BDE7D04B225A07C61BD5230DE1DBA8C1158736B225E412358525F03747D78F79897E472BCCBAF5BAF2BA0DDE3804E9B765F2F035A65DA3D910857134A7A2311AE52DA8D6E0E9C1341735A873DD47F12A16BE2E99BE9C275792B70532835F1AEDB838B7404B509F7
310
74C449519D9AA19EB28205FF5B08785CE3F9307262735AC933693C270155C7C6730AF8E9359ED3808B6B3CA387DDC6734EC9B6F1C897238DE72006D89713F9C2E58B91C6F3388D608DE70CA0A7DA7866D30F8008DC16BEAA2D26A2AAB848F4108A0CF46D0F54D7A73989E2C56D75B6B8431D2F6EAB64C5CD94644C04869974
310
1626C5B6A280378D1BEE62BCE2C3917700E714386FAA719B1D7E7D464DF7DD444F8317374E8CAA75BEF65E19D0F8F0523EC21D7470DCC60B8CAEF29753FC38EF4760CFDBF99B4673F680D0869F6742513F06849341B61DF57EE3400A02734628D75C0DBC8B68A868B98655ECA330208EA3C6F1B52E3DF1E8849E2433679564
310
431A886148B568E62C4406F75F64308EFD2F9D7039EA6D259B5B2BF91AD8396F72B01004EFC5CD6C88F911E8CCDF849C077E5C64E9488747967101058B73015D99FA9B900B808B63FFB117DCC85E50324556799F2F34BC086EC70CD18A4318C0D9FF2AB6807CDB718046B0A4BE0FE8B4D9FFA207EA504E3D7E65FA014C7226
310
B329B0E8D703AAFEBAA304E869379E693123CD68457958A4FF2F11AE86ECFF6119D078F6E7138AD87FF2370F86D6E1E34789702D76FED2134932CCA824CB8C811832A3160D33426421BD940847AF6F0C11D33DEECB1CFE9B7175D1F926045DE5BD8DBFBDBE9C081764D0049324E6DDB40A8607F34A225C4D16463974B5B836
310
F3B3A32E193EACE499B49986C93A780A6DA631A981D7A6CD34012EAECDFCF23937B23F51B26D337F80CCDBCC36A5C0ECD07DE7E7A7236D663D8D6033A419D0536D33E07F56B8C4CA7C0D48229F9610695A461A0883CE7B494E8DD95B004DF38E8247AB09FE45AC1A52EDAC32A0861DD8DA85D8A76276989D08579353913989
310
700119397510D9BB4CAB9DF096393711B4263ECE4B176E7EBA700B3C389DB3F0B5335AA6A7234288EA142D784A9083AFB414616018456CF64C3293C4CD2F49D3E5A5F0410CEE3E0F2E6A6FEA11580893E29AEE529C2FC11C4DF48D4AA628982DB44A422820F8563073C8F989CF2240392BED74F7768B819FDEDE6E09E0E29A
310
EE0AFA030B3CB273954C91D5916E83CC9BEE074FAB1E6B73B11CFB6CBEB73B4C23589D2D05F4CC9AAE2E4C768646F0614DBB4BD40606BDCC4B726A4DF72640A7DD749797013521AB4ED3C5971C1BF2225712D922FD192CAA82F186C253F467B664EED8B163100EA1787299890C1D4314EEF90B040C236113FD72905624B8F0
310
99FF03A92412CEF64B0000
  0
DICTIONARY
  5
358
330
22
100
AcDbDictionary
280
     1
281
     1
  3
CSD_PLOT_CONFIG
360
359
  0
DICTIONARY
  5
77B
330
7F
100
AcDbDictionary
280
     1
281
     1
  3
ACAD_ROUNDTRIP_2008_TABLESTYLE_CELLSTYLEMAP
360
77C
  0
LAYOUTPRINTCONFIG
  5
359
102
{ACAD_REACTORS
330
358
102
}
330
358
100
AcDbEntity
  8
0
160
                 8
310
0800000000000000
100
CAcLayoutPrintConfig
 93
        0
  0
CELLSTYLEMAP
  5
77C
102
{ACAD_REACTORS
330
77B
102
}
330
77B
100
AcDbCellStyleMap
 90
        3
300
CELLSTYLE
  1
TABLEFORMAT_BEGIN
 90
        5
170
     1
 91
        0
 92
    32768
 62
   257
 93
        1
300
CONTENTFORMAT
  1
CONTENTFORMAT_BEGIN
 90
        0
 91
        0
 92
      512
 93
        0
300

 40
0.0
140
1.0
 94
        5
 62
     0
340
11
144
6.0
309
CONTENTFORMAT_END
171
     1
301
MARGIN
  1
CELLMARGIN_BEGIN
 40
1.5
 40
1.5
 40
1.5
 40
1.5
 40
4.5
 40
4.5
309
CELLMARGIN_END
 94
        6
 95
        1
302
GRIDFORMAT
  1
GRIDFORMAT_BEGIN
 90
        0
 91
        1
 62
     0
 92
       -2
340
14
 93
        0
 40
1.125
309
GRIDFORMAT_END
 95
        2
302
GRIDFORMAT
  1
GRIDFORMAT_BEGIN
 90
        0
 91
        1
 62
     0
 92
       -2
340
14
 93
        0
 40
1.125
309
GRIDFORMAT_END
 95
        4
302
GRIDFORMAT
  1
GRIDFORMAT_BEGIN
 90
        0
 91
        1
 62
     0
 92
       -2
340
14
 93
        0
 40
1.125
309
GRIDFORMAT_END
 95
        8
302
GRIDFORMAT
  1
GRIDFORMAT_BEGIN
 90
        0
 91
        1
 62
     0
 92
       -2
340
14
 93
        0
 40
1.125
309
GRIDFORMAT_END
 95
       16
302
GRIDFORMAT
  1
GRIDFORMAT_BEGIN
 90
        0
 91
        1
 62
     0
 92
       -2
340
14
 93
        0
 40
1.125
309
GRIDFORMAT_END
 95
       32
302
GRIDFORMAT
  1
GRIDFORMAT_BEGIN
 90
        0
 91
        1
 62
     0
 92
       -2
340
14
 93
        0
 40
1.125
309
GRIDFORMAT_END
309
TABLEFORMAT_END
  1
CELLSTYLE_BEGIN
 90
        1
 91
        1
300
_TITLE
309
CELLSTYLE_END
300
CELLSTYLE
  1
TABLEFORMAT_BEGIN
 90
        5
170
     1
 91
        0
 92
        0
 62
   257
 93
        1
300
CONTENTFORMAT
  1
CONTENTFORMAT_BEGIN
 90
        0
 91
        0
 92
      512
 93
        0
300

 40
0.0
140
1.0
 94
        5
 62
     0
340
11
144
4.5
309
CONTENTFORMAT_END
171
     1
301
MARGIN
  1
CELLMARGIN_BEGIN
 40
1.5
 40
1.5
 40
1.5
 40
1.5
 40
4.5
 40
4.5
309
CELLMARGIN_END
 94
        6
 95
        1
302
GRIDFORMAT
  1
GRIDFORMAT_BEGIN
 90
        0
 91
        1
 62
     0
 92
       -2
340
14
 93
        0
 40
1.125
309
GRIDFORMAT_END
 95
        2
302
GRIDFORMAT
  1
GRIDFORMAT_BEGIN
 90
        0
 91
        1
 62
     0
 92
       -2
340
14
 93
        0
 40
1.125
309
GRIDFORMAT_END
 95
        4
302
GRIDFORMAT
  1
GRIDFORMAT_BEGIN
 90
        0
 91
        1
 62
     0
 92
       -2
340
14
 93
        0
 40
1.125
309
GRIDFORMAT_END
 95
        8
302
GRIDFORMAT
  1
GRIDFORMAT_BEGIN
 90
        0
 91
        1
 62
     0
 92
       -2
340
14
 93
        0
 40
1.125
309
GRIDFORMAT_END
 95
       16
302
GRIDFORMAT
  1
GRIDFORMAT_BEGIN
 90
        0
 91
        1
 62
     0
 92
       -2
340
14
 93
        0
 40
1.125
309
GRIDFORMAT_END
 95
       32
302
GRIDFORMAT
  1
GRIDFORMAT_BEGIN
 90
        0
 91
        1
 62
     0
 92
       -2
340
14
 93
        0
 40
1.125
309
GRIDFORMAT_END
309
TABLEFORMAT_END
  1
CELLSTYLE_BEGIN
 90
        2
 91
        1
300
_HEADER
309
CELLSTYLE_END
300
CELLSTYLE
  1
TABLEFORMAT_BEGIN
 90
        5
170
     1
 91
        0
 92
        0
 62
   257
 93
        1
300
CONTENTFORMAT
  1
CONTENTFORMAT_BEGIN
 90
        0
 91
        0
 92
      512
 93
        0
300

 40
0.0
140
1.0
 94
        2
 62
     0
340
11
144
4.5
309
CONTENTFORMAT_END
171
     1
301
MARGIN
  1
CELLMARGIN_BEGIN
 40
1.5
 40
1.5
 40
1.5
 40
1.5
 40
4.5
 40
4.5
309
CELLMARGIN_END
 94
        6
 95
        1
302
GRIDFORMAT
  1
GRIDFORMAT_BEGIN
 90
        0
 91
        1
 62
     0
 92
       -2
340
14
 93
        0
 40
1.125
309
GRIDFORMAT_END
 95
        2
302
GRIDFORMAT
  1
GRIDFORMAT_BEGIN
 90
        0
 91
        1
 62
     0
 92
       -2
340
14
 93
        0
 40
1.125
309
GRIDFORMAT_END
 95
        4
302
GRIDFORMAT
  1
GRIDFORMAT_BEGIN
 90
        0
 91
        1
 62
     0
 92
       -2
340
14
 93
        0
 40
1.125
309
GRIDFORMAT_END
 95
        8
302
GRIDFORMAT
  1
GRIDFORMAT_BEGIN
 90
        0
 91
        1
 62
     0
 92
       -2
340
14
 93
        0
 40
1.125
309
GRIDFORMAT_END
 95
       16
302
GRIDFORMAT
  1
GRIDFORMAT_BEGIN
 90
        0
 91
        1
 62
     0
 92
       -2
340
14
 93
        0
 40
1.125
309
GRIDFORMAT_END
 95
       32
302
GRIDFORMAT
  1
GRIDFORMAT_BEGIN
 90
        0
 91
        1
 62
     0
 92
       -2
340
14
 93
        0
 40
1.125
309
GRIDFORMAT_END
309
TABLEFORMAT_END
  1
CELLSTYLE_BEGIN
 90
        3
 91
        2
300
_DATA
309
CELLSTYLE_END
  0
ENDSEC
  0
EOF
