  0
SECTION
  2
HEADER
  9
$ACADVER
  1
AC1027
  9
$ACADMAINTVER
 70
     8
  9
$DWGCODEPAGE
  3
ANSI_1251
  9
$REQUIREDVERSIONS
160
                 0
  9
$LASTSAVEDBY
  1
Autodesk
  9
$INSBASE
 10
0.0
 20
0.0
 30
0.0
  9
$EXTMIN
 10
90.833691
 20
70.212126
 30
-0.000032
  9
$EXTMAX
 10
120.599536
 20
117.982815
 30
0.000003
  9
$LIMMIN
 10
0.0
 20
0.0
  9
$LIMMAX
 10
420.0
 20
297.0
  9
$ORTHOMODE
 70
     0
  9
$REGENMODE
 70
     1
  9
$FILLMODE
 70
     1
  9
$QTEXTMODE
 70
     0
  9
$MIRRTEXT
 70
     0
  9
$LTSCALE
 40
1.0
  9
$ATTMODE
 70
     1
  9
$TEXTSIZE
 40
2.5
  9
$TRACEWID
 40
1.0
  9
$TEXTSTYLE
  7
Standard
  9
$CLAYER
  8
0
  9
$CELTYPE
  6
ByLayer
  9
$CECOLOR
 62
   256
  9
$CELTSCALE
 40
1.0
  9
$DISPSILH
 70
     0
  9
$DIMSCALE
 40
1.0
  9
$DIMASZ
 40
2.5
  9
$DIMEXO
 40
0.5
  9
$DIMDLI
 40
6.0
  9
$DIMRND
 40
0.0
  9
$DIMDLE
 40
0.0
  9
$DIMEXE
 40
0.0
  9
$DIMTP
 40
0.0
  9
$DIMTM
 40
0.0
  9
$DIMTXT
 40
2.5
  9
$DIMCEN
 40
2.5
  9
$DIMTSZ
 40
0.0
  9
$DIMTOL
 70
     0
  9
$DIMLIM
 70
     0
  9
$DIMTIH
 70
     0
  9
$DIMTOH
 70
     1
  9
$DIMSE1
 70
     0
  9
$DIMSE2
 70
     0
  9
$DIMTAD
 70
     0
  9
$DIMZIN
 70
     0
  9
$DIMBLK
  1

  9
$DIMASO
 70
     1
  9
$DIMSHO
 70
     1
  9
$DIMPOST
  1

  9
$DIMAPOST
  1

  9
$DIMALT
 70
     0
  9
$DIMALTD
 70
     2
  9
$DIMALTF
 40
25.4
  9
$DIMLFAC
 40
1.0
  9
$DIMTOFL
 70
     0
  9
$DIMTVP
 40
0.0
  9
$DIMTIX
 70
     0
  9
$DIMSOXD
 70
     0
  9
$DIMSAH
 70
     0
  9
$DIMBLK1
  1

  9
$DIMBLK2
  1

  9
$DIMSTYLE
  2
Standard
  9
$DIMCLRD
 70
     0
  9
$DIMCLRE
 70
     0
  9
$DIMCLRT
 70
     0
  9
$DIMTFAC
 40
1.0
  9
$DIMGAP
 40
1.0
  9
$DIMJUST
 70
     0
  9
$DIMSD1
 70
     0
  9
$DIMSD2
 70
     0
  9
$DIMTOLJ
 70
     1
  9
$DIMTZIN
 70
     0
  9
$DIMALTZ
 70
     0
  9
$DIMALTTZ
 70
     0
  9
$DIMUPT
 70
     0
  9
$DIMDEC
 70
     4
  9
$DIMTDEC
 70
     4
  9
$DIMALTU
 70
     2
  9
$DIMALTTD
 70
     2
  9
$DIMTXSTY
  7
Standard
  9
$DIMAUNIT
 70
     0
  9
$DIMADEC
 70
     0
  9
$DIMALTRND
 40
0.0
  9
$DIMAZIN
 70
     0
  9
$DIMDSEP
 70
    46
  9
$DIMATFIT
 70
     3
  9
$DIMFRAC
 70
     0
  9
$DIMLDRBLK
  1

  9
$DIMLUNIT
 70
     2
  9
$DIMLWD
 70
    -2
  9
$DIMLWE
 70
    -2
  9
$DIMTMOVE
 70
     0
  9
$DIMFXL
 40
1.0
  9
$DIMFXLON
 70
     0
  9
$DIMJOGANG
 40
0.785398
  9
$DIMTFILL
 70
     0
  9
$DIMTFILLCLR
 70
     0
  9
$DIMARCSYM
 70
     0
  9
$DIMLTYPE
  6
ByLayer
  9
$DIMLTEX1
  6
ByLayer
  9
$DIMLTEX2
  6
ByLayer
  9
$DIMTXTDIRECTION
 70
     0
  9
$LUNITS
 70
     2
  9
$LUPREC
 70
     4
  9
$SKETCHINC
 40
1.0
  9
$FILLETRAD
 40
0.0
  9
$AUNITS
 70
     0
  9
$AUPREC
 70
     0
  9
$MENU
  1
.
  9
$ELEVATION
 40
0.0
  9
$PELEVATION
 40
0.0
  9
$THICKNESS
 40
0.0
  9
$LIMCHECK
 70
     0
  9
$CHAMFERA
 40
0.0
  9
$CHAMFERB
 40
0.0
  9
$CHAMFERC
 40
0.0
  9
$CHAMFERD
 40
0.0
  9
$SKPOLY
 70
     0
  9
$TDCREATE
 40
2454082.78338338
  9
$TDUCREATE
 40
2454082.90838338
  9
$TDUPDATE
 40
2461183.511047188
  9
$TDUUPDATE
 40
2461183.636047188
  9
$TDINDWG
 40
0.0105753588
  9
$TDUSRTIMER
 40
0.0105751736
  9
$USRTIMER
 70
     1
  9
$ANGBASE
 50
0.0
  9
$ANGDIR
 70
     0
  9
$PDMODE
 70
     0
  9
$PDSIZE
 40
0.0
  9
$PLINEWID
 40
0.0
  9
$SPLFRAME
 70
     0
  9
$SPLINETYPE
 70
     6
  9
$SPLINESEGS
 70
     8
  9
$HANDSEED
  5
986
  9
$SURFTAB1
 70
     6
  9
$SURFTAB2
 70
     6
  9
$SURFTYPE
 70
     6
  9
$SURFU
 70
     6
  9
$SURFV
 70
     6
  9
$UCSBASE
  2

  9
$UCSNAME
  2

  9
$UCSORG
 10
0.0
 20
0.0
 30
0.0
  9
$UCSXDIR
 10
1.0
 20
0.0
 30
0.0
  9
$UCSYDIR
 10
0.0
 20
1.0
 30
0.0
  9
$UCSORTHOREF
  2

  9
$UCSORTHOVIEW
 70
     0
  9
$UCSORGTOP
 10
0.0
 20
0.0
 30
0.0
  9
$UCSORGBOTTOM
 10
0.0
 20
0.0
 30
0.0
  9
$UCSORGLEFT
 10
0.0
 20
0.0
 30
0.0
  9
$UCSORGRIGHT
 10
0.0
 20
0.0
 30
0.0
  9
$UCSORGFRONT
 10
0.0
 20
0.0
 30
0.0
  9
$UCSORGBACK
 10
0.0
 20
0.0
 30
0.0
  9
$PUCSBASE
  2

  9
$PUCSNAME
  2

  9
$PUCSORG
 10
0.0
 20
0.0
 30
0.0
  9
$PUCSXDIR
 10
1.0
 20
0.0
 30
0.0
  9
$PUCSYDIR
 10
0.0
 20
1.0
 30
0.0
  9
$PUCSORTHOREF
  2

  9
$PUCSORTHOVIEW
 70
     0
  9
$PUCSORGTOP
 10
0.0
 20
0.0
 30
0.0
  9
$PUCSORGBOTTOM
 10
0.0
 20
0.0
 30
0.0
  9
$PUCSORGLEFT
 10
0.0
 20
0.0
 30
0.0
  9
$PUCSORGRIGHT
 10
0.0
 20
0.0
 30
0.0
  9
$PUCSORGFRONT
 10
0.0
 20
0.0
 30
0.0
  9
$PUCSORGBACK
 10
0.0
 20
0.0
 30
0.0
  9
$USERI1
 70
     0
  9
$USERI2
 70
     0
  9
$USERI3
 70
     0
  9
$USERI4
 70
     0
  9
$USERI5
 70
     0
  9
$USERR1
 40
0.0
  9
$USERR2
 40
0.0
  9
$USERR3
 40
0.0
  9
$USERR4
 40
0.0
  9
$USERR5
 40
0.0
  9
$WORLDVIEW
 70
     1
  9
$SHADEDGE
 70
     3
  9
$SHADEDIF
 70
    70
  9
$TILEMODE
 70
     1
  9
$MAXACTVP
 70
    64
  9
$PINSBASE
 10
0.0
 20
0.0
 30
0.0
  9
$PLIMCHECK
 70
     0
  9
$PEXTMIN
 10
0.0
 20
0.0
 30
0.0
  9
$PEXTMAX
 10
0.0
 20
0.0
 30
0.0
  9
$PLIMMIN
 10
-20.0
 20
-7.5
  9
$PLIMMAX
 10
277.0
 20
202.5
  9
$UNITMODE
 70
     0
  9
$VISRETAIN
 70
     1
  9
$PLINEGEN
 70
     0
  9
$PSLTSCALE
 70
     0
  9
$TREEDEPTH
 70
  3020
  9
$CMLSTYLE
  2
Standard
  9
$CMLJUST
 70
     0
  9
$CMLSCALE
 40
20.0
  9
$PROXYGRAPHICS
 70
     1
  9
$MEASUREMENT
 70
     1
  9
$CELWEIGHT
370
    -1
  9
$ENDCAPS
280
     0
  9
$JOINSTYLE
280
     0
  9
$LWDISPLAY
290
     1
  9
$INSUNITS
 70
     4
  9
$HYPERLINKBASE
  1

  9
$STYLESHEET
  1

  9
$XEDIT
290
     1
  9
$CEPSNTYPE
380
     0
  9
$PSTYLEMODE
290
     1
  9
$FINGERPRINTGUID
  2
{78B0F746-B111-4909-95E5-2EF5CBA97683}
  9
$VERSIONGUID
  2
{88884FFE-1838-4093-901C-E4DA6EFB818F}
  9
$EXTNAMES
290
     1
  9
$PSVPSCALE
 40
0.0
  9
$OLESTARTUP
290
     0
  9
$SORTENTS
280
   127
  9
$INDEXCTL
280
     0
  9
$HIDETEXT
280
     1
  9
$XCLIPFRAME
280
     0
  9
$HALOGAP
280
     0
  9
$OBSCOLOR
 70
   257
  9
$OBSLTYPE
280
     0
  9
$INTERSECTIONDISPLAY
280
     0
  9
$INTERSECTIONCOLOR
 70
   257
  9
$DIMASSOC
280
     2
  9
$PROJECTNAME
  1

  9
$CAMERADISPLAY
290
     0
  9
$LENSLENGTH
 40
50.0
  9
$CAMERAHEIGHT
 40
0.0
  9
$STEPSPERSEC
 40
2.0
  9
$STEPSIZE
 40
6.0
  9
$3DDWFPREC
 40
2.0
  9
$PSOLWIDTH
 40
5.0
  9
$PSOLHEIGHT
 40
80.0
  9
$LOFTANG1
 40
1.570796
  9
$LOFTANG2
 40
1.570796
  9
$LOFTMAG1
 40
0.0
  9
$LOFTMAG2
 40
0.0
  9
$LOFTPARAM
 70
     7
  9
$LOFTNORMALS
280
     1
  9
$LATITUDE
 40
37.795
  9
$LONGITUDE
 40
-122.394
  9
$NORTHDIRECTION
 40
0.0
  9
$TIMEZONE
 70
 -8000
  9
$LIGHTGLYPHDISPLAY
280
     1
  9
$TILEMODELIGHTSYNCH
280
     1
  9
$CMATERIAL
347
EC
  9
$SOLIDHIST
280
     1
  9
$SHOWHIST
280
     1
  9
$DWFFRAME
280
     2
  9
$DGNFRAME
280
     0
  9
$REALWORLDSCALE
290
     1
  9
$INTERFERECOLOR
 62
     1
  9
$CSHADOW
280
     0
  9
$SHADOWPLANELOCATION
 40
0.0
  0
ENDSEC
  0
SECTION
  2
CLASSES
  0
CLASS
  1
ACDBDICTIONARYWDFLT
  2
AcDbDictionaryWithDefault
  3
ObjectDBX Classes
 90
        0
 91
       23
280
     0
281
     0
  0
CLASS
  1
ACDBPLACEHOLDER
  2
AcDbPlaceHolder
  3
ObjectDBX Classes
 90
        0
 91
        1
280
     0
281
     0
  0
CLASS
  1
LAYOUT
  2
AcDbLayout
  3
ObjectDBX Classes
 90
        0
 91
        1
280
     0
281
     0
  0
CLASS
  1
DICTIONARYVAR
  2
AcDbDictionaryVar
  3
ObjectDBX Classes
 90
        0
 91
       19
280
     0
281
     0
  0
CLASS
  1
TABLESTYLE
  2
AcDbTableStyle
  3
ObjectDBX Classes
 90
     4095
 91
       19
280
     0
281
     0
  0
CLASS
  1
MATERIAL
  2
AcDbMaterial
  3
ObjectDBX Classes
 90
     1153
 91
       22
280
     0
281
     0
  0
CLASS
  1
VISUALSTYLE
  2
AcDbVisualStyle
  3
ObjectDBX Classes
 90
     4095
 91
       21
280
     0
281
     0
  0
CLASS
  1
SCALE
  2
AcDbScale
  3
ObjectDBX Classes
 90
     1153
 91
       22
280
     0
281
     0
  0
CLASS
  1
MLEADERSTYLE
  2
AcDbMLeaderStyle
  3
ACDB_MLEADERSTYLE_CLASS
 90
     4095
 91
       18
280
     0
281
     0
  0
CLASS
  1
CELLSTYLEMAP
  2
AcDbCellStyleMap
  3
ObjectDBX Classes
 90
     1152
 91
       18
280
     0
281
     0
  0
CLASS
  1
EXACXREFPANELOBJECT
  2
ExAcXREFPanelObject
  3
EXAC_ESW
 90
     1025
 91
        1
280
     1
281
     0
  0
CLASS
  1
NPOCOLLECTION
  2
AcDbImpNonPersistentObjectsCollection
  3
ObjectDBX Classes
 90
     1153
 91
        1
280
     1
281
     0
  0
CLASS
  1
LAYER_INDEX
  2
AcDbLayerIndex
  3
ObjectDBX Classes
 90
        0
 91
       18
280
     0
281
     0
  0
CLASS
  1
SPATIAL_INDEX
  2
AcDbSpatialIndex
  3
AutoCAD 2000
 90
        0
 91
       18
280
     0
281
     0
  0
CLASS
  1
IDBUFFER
  2
AcDbIdBuffer
  3
ObjectDBX Classes
 90
        0
 91
       18
280
     0
281
     0
  0
CLASS
  1
Wall
  2
PtDbWall
  3
NanoSPDS
 90
      893
 91
        1
280
     1
281
     1
  0
CLASS
  1
SORTENTSTABLE
  2
AcDbSortentsTable
  3
ObjectDBX Classes
 90
        0
 91
       19
280
     0
281
     0
  0
CLASS
  1
Format
  2
mcsDbObjectFormat
  3
NanoSPDS
 90
      893
 91
        1
280
     1
281
     1
  0
CLASS
  1
NOTEPOSITION
  2
mcsDbObjectNotePosition
  3
NanoSPDS
 90
      893
 91
       17
280
     0
281
     1
  0
CLASS
  1
mcsDbObject
  2
mcsDbObject
  3
NanoSPDS
 90
      893
 91
       34
280
     0
281
     1
  0
CLASS
  1
McDbContainer2
  2
McDbContainer2
  3
NanoSPDS
 90
      893
 91
       17
280
     0
281
     0
  0
CLASS
  1
spdsLevelMark
  2
mcsDbObjectLevelMark
  3
NanoSPDS
 90
      893
 91
        1
280
     1
281
     1
  0
CLASS
  1
spdsRelationMark
  2
mcsDbObjectRelationMark
  3
NanoSPDS
 90
      893
 91
        1
280
     1
281
     1
  0
CLASS
  1
LAYOUTPRINTCONFIG
  2
CAcLayoutPrintConfig
  3
"CSD_APP"
 90
     4095
 91
       17
280
     0
281
     1
  0
CLASS
  1
SUN
  2
AcDbSun
  3
SCENEOE
 90
     1153
 91
       22
280
     0
281
     0
  0
CLASS
  1
ACDB_BLOCKREPRESENTATION_DATA
  2
AcDbBlockRepresentationData
  3
ObjectDBX Classes
 90
     1153
 91
        9
280
     0
281
     0
  0
CLASS
  1
ACAD_EVALUATION_GRAPH
  2
AcDbEvalGraph
  3
ObjectDBX Classes
 90
     1153
 91
        9
280
     0
281
     0
  0
CLASS
  1
BLOCKVISIBILITYPARAMETER
  2
AcDbBlockVisibilityParameter
  3
ObjectDBX Classes
 90
     1153
 91
        7
280
     0
281
     0
  0
CLASS
  1
BLOCKVISIBILITYGRIP
  2
AcDbBlockVisibilityGrip
  3
ObjectDBX Classes
 90
     1153
 91
        7
280
     0
281
     0
  0
CLASS
  1
BLOCKGRIPLOCATIONCOMPONENT
  2
AcDbBlockGripExpr
  3
ObjectDBX Classes
 90
     1153
 91
        7
280
     0
281
     0
  0
CLASS
  1
BLOCKBASEPOINTPARAMETER
  2
AcDbBlockBasepointParameter
  3
ObjectDBX Classes
 90
     1153
 91
        8
280
     0
281
     0
  0
CLASS
  1
BLOCKFLIPPARAMETER
  2
AcDbBlockFlipParameter
  3
ObjectDBX Classes
 90
     1153
 91
        7
280
     0
281
     0
  0
CLASS
  1
BLOCKFLIPGRIP
  2
AcDbBlockFlipGrip
  3
ObjectDBX Classes
 90
     1153
 91
        7
280
     0
281
     0
  0
CLASS
  1
BLOCKFLIPACTION
  2
AcDbBlockFlipAction
  3
ObjectDBX Classes
 90
     1153
 91
        7
280
     0
281
     0
  0
CLASS
  1
ACDB_DYNAMICBLOCKPURGEPREVENTER_VERSION
  2
AcDbDynamicBlockPurgePreventer
  3
ObjectDBX Classes
 90
     1153
 91
        9
280
     0
281
     0
  0
CLASS
  1
BLOCKROTATIONPARAMETER
  2
AcDbBlockRotationParameter
  3
ObjectDBX Classes
 90
     1153
 91
        7
280
     0
281
     0
  0
CLASS
  1
BLOCKROTATIONGRIP
  2
AcDbBlockRotationGrip
  3
ObjectDBX Classes
 90
     1153
 91
        7
280
     0
281
     0
  0
CLASS
  1
BLOCKROTATEACTION
  2
AcDbBlockRotateAction
  3
ObjectDBX Classes
 90
     1153
 91
        7
280
     0
281
     0
  0
CLASS
  1
DIMASSOC
  2
AcDbDimAssoc
  3
"AcDbDimAssoc|Product Desc:     AcDim ARX App For Dimension|Company:          Autodesk, Inc.|WEB Address:      www.autodesk.com"
 90
        0
 91
        6
280
     0
281
     0
  0
ENDSEC
  0
SECTION
  2
TABLES
  0
TABLE
  2
VPORT
  5
8
330
0
100
AcDbSymbolTable
 70
     1
  0
VPORT
  5
EA
330
8
100
AcDbSymbolTableRecord
100
AcDbViewportTableRecord
  2
*Active
 70
     0
 10
0.0
 20
0.0
 11
1.0
 21
1.0
 12
-118.741155
 22
-53.873499
 13
0.0
 23
0.0
 14
10.0
 24
10.0
 15
10.0
 25
10.0
 16
0.0
 26
0.0
 36
1.0
 17
210.0
 27
148.5
 37
0.0
 40
48.726104
 41
2.362944
 42
50.0
 43
0.0
 44
0.0
 50
0.0
 51
0.0
 71
    16
 72
  1000
 73
     1
 74
     3
 75
     0
 76
     0
 77
     0
 78
     0
281
     0
 65
     1
110
0.0
120
0.0
130
0.0
111
1.0
121
0.0
131
0.0
112
0.0
122
1.0
132
0.0
 79
     0
146
0.0
 60
     2
 61
     5
292
     1
282
     1
141
0.0
142
0.0
 63
   250
421
  3355443
361
364
  0
ENDTAB
  0
TABLE
  2
LTYPE
  5
5
330
0
100
AcDbSymbolTable
 70
     2
  0
LTYPE
  5
14
330
5
100
AcDbSymbolTableRecord
100
AcDbLinetypeTableRecord
  2
ByBlock
 70
     0
  3

 72
    65
 73
     0
 40
0.0
  0
LTYPE
  5
15
330
5
100
AcDbSymbolTableRecord
100
AcDbLinetypeTableRecord
  2
ByLayer
 70
     0
  3

 72
    65
 73
     0
 40
0.0
  0
LTYPE
  5
16
330
5
100
AcDbSymbolTableRecord
100
AcDbLinetypeTableRecord
  2
Continuous
 70
     0
  3
Solid line
 72
    65
 73
     0
 40
0.0
  0
LTYPE
  5
36F
330
5
100
AcDbSymbolTableRecord
100
AcDbLinetypeTableRecord
  2
HIDDEN
 70
     0
  3
__ __ __ __ __ __ __ __ __ __ __ __ __ __ __ __
 72
    65
 73
     2
 40
0.375
 49
0.25
 74
     0
 49
-0.125
 74
     0
  0
ENDTAB
  0
TABLE
  2
LAYER
  5
2
102
{ACAD_XDICTIONARY
360
97E
102
}
330
0
100
AcDbSymbolTable
 70
     6
  0
LAYER
  5
10
330
2
100
AcDbSymbolTableRecord
100
AcDbLayerTableRecord
  2
0
 70
     0
 62
     7
  6
Continuous
370
    -3
390
F
347
EE
348
0
  0
LAYER
  5
22D
330
2
100
AcDbSymbolTableRecord
100
AcDbLayerTableRecord
  2
Defpoints
 70
     0
 62
     7
  6
Continuous
290
     0
370
    -3
390
F
347
EE
348
0
  0
LAYER
  5
366
330
2
100
AcDbSymbolTableRecord
100
AcDbLayerTableRecord
  2
05 Cotas.
 70
     0
 62
   252
  6
Continuous
370
     5
390
F
347
EE
348
0
  0
LAYER
  5
36A
330
2
100
AcDbSymbolTableRecord
100
AcDbLayerTableRecord
  2
00 Muro ext.
 70
     0
 62
     7
  6
Continuous
370
    15
390
F
347
EE
348
0
1001
AcAecLayerStandard
1000

1000

1001
AcCmTransparency
1071
        0
  0
LAYER
  5
36D
330
2
100
AcDbSymbolTableRecord
100
AcDbLayerTableRecord
  2
ESTRUCTURA
 70
     0
 62
   251
  6
Continuous
370
    -3
390
F
347
EE
348
0
1001
AcAecLayerStandard
1000

1000

1001
AcCmTransparency
1071
        0
  0
LAYER
  5
36E
330
2
100
AcDbSymbolTableRecord
100
AcDbLayerTableRecord
  2
OCASA_TODAS_r08$0$nivp
 70
     0
 62
     7
  6
Continuous
370
    20
390
F
347
EE
348
0
  0
ENDTAB
  0
TABLE
  2
STYLE
  5
3
330
0
100
AcDbSymbolTable
 70
    11
  0
STYLE
  5
11
330
3
100
AcDbSymbolTableRecord
100
AcDbTextStyleTableRecord
  2
Standard
 70
     0
 40
0.0
 41
1.0
 50
0.0
 71
     0
 42
2.5
  3
txt.shx
  4

  0
STYLE
  5
1E3
330
3
100
AcDbSymbolTableRecord
100
AcDbTextStyleTableRecord
  2

 70
     1
 40
0.0
 41
1.0
 50
0.0
 71
     0
 42
0.2
  3
GOST 2.303-68.shx
  4

  0
STYLE
  5
38A
330
3
100
AcDbSymbolTableRecord
100
AcDbTextStyleTableRecord
  2
ROMANS
 70
     0
 40
0.0
 41
0.8
 50
0.0
 71
     0
 42
2.5
  3
ROMANS.shx
  4

  0
STYLE
  5
38B
330
3
100
AcDbSymbolTableRecord
100
AcDbTextStyleTableRecord
  2
OCASA_TODAS_r08$0$Standard
 70
     0
 40
0.0
 41
1.0
 50
0.0
 71
     0
 42
2.5
  3
txt
  4

  0
STYLE
  5
38C
330
3
100
AcDbSymbolTableRecord
100
AcDbTextStyleTableRecord
  2
IRI-OCASA-Layout R 9$0$Standard
 70
     0
 40
0.0
 41
1.0
 50
0.0
 71
     0
 42
2.5
  3
arial.ttf
  4

1001
ACAD
1000
Arial
1071
       34
  0
STYLE
  5
38D
330
3
100
AcDbSymbolTableRecord
100
AcDbTextStyleTableRecord
  2
OCASA_TODAS_r08$0$ROMANS
 70
     0
 40
0.0
 41
0.8
 50
0.0
 71
     0
 42
2.5
  3
romans.shx
  4

  0
STYLE
  5
38E
330
3
100
AcDbSymbolTableRecord
100
AcDbTextStyleTableRecord
  2
Century
 70
     0
 40
0.0
 41
1.0
 50
0.0
 71
     0
 42
2.5
  3
GOTHIC.TTF
  4

1001
ACAD
1000
Century Gothic
1071
       34
  0
STYLE
  5
38F
330
3
100
AcDbSymbolTableRecord
100
AcDbTextStyleTableRecord
  2
EZE2801-BLQ-REP$0$ARIAL
 70
     0
 40
0.0
 41
1.0
 50
0.0
 71
     0
 42
2.5
  3
arial.ttf
  4

1001
ACAD
1000
Arial
1071
       34
  0
STYLE
  5
390
330
3
100
AcDbSymbolTableRecord
100
AcDbTextStyleTableRecord
  2
BEEME
 70
     0
 40
0.09
 41
1.0
 50
0.0
 71
     0
 42
2.5
  3
GOTHIC.TTF
  4

1001
ACAD
1000
Century Gothic
1071
       34
  0
STYLE
  5
391
330
3
100
AcDbSymbolTableRecord
100
AcDbTextStyleTableRecord
  2
COTAS
 70
     0
 40
0.0
 41
0.7
 50
0.0
 71
     0
 42
2.5
  3
romans.shx
  4

  0
ENDTAB
  0
TABLE
  2
VIEW
  5
6
330
0
100
AcDbSymbolTable
 70
     0
  0
ENDTAB
  0
TABLE
  2
UCS
  5
7
330
0
100
AcDbSymbolTable
 70
     0
  0
ENDTAB
  0
TABLE
  2
APPID
  5
9
330
0
100
AcDbSymbolTable
 70
    25
  0
APPID
  5
12
330
9
100
AcDbSymbolTableRecord
100
AcDbRegAppTableRecord
  2
ACAD
 70
     0
  0
APPID
  5
9E
330
9
100
AcDbSymbolTableRecord
100
AcDbRegAppTableRecord
  2
ACAD_PSEXT
 70
     0
  0
APPID
  5
133
330
9
100
AcDbSymbolTableRecord
100
AcDbRegAppTableRecord
  2
AcadAnnoPO
 70
     0
  0
APPID
  5
134
330
9
100
AcDbSymbolTableRecord
100
AcDbRegAppTableRecord
  2
AcadAnnotative
 70
     0
  0
APPID
  5
135
330
9
100
AcDbSymbolTableRecord
100
AcDbRegAppTableRecord
  2
ACAD_DSTYLE_DIMJAG
 70
     0
  0
APPID
  5
136
330
9
100
AcDbSymbolTableRecord
100
AcDbRegAppTableRecord
  2
ACAD_DSTYLE_DIMTALN
 70
     0
  0
APPID
  5
165
330
9
100
AcDbSymbolTableRecord
100
AcDbRegAppTableRecord
  2
ACAD_MLEADERVER
 70
     0
  0
APPID
  5
1E1
330
9
100
AcDbSymbolTableRecord
100
AcDbRegAppTableRecord
  2
MCS_DIM1
 70
     0
  0
APPID
  5
1E2
330
9
100
AcDbSymbolTableRecord
100
AcDbRegAppTableRecord
  2
McsXdata5
 70
     0
  0
APPID
  5
209
330
9
100
AcDbSymbolTableRecord
100
AcDbRegAppTableRecord
  2
MCS_PARAMS_DATA
 70
     0
  0
APPID
  5
20C
330
9
100
AcDbSymbolTableRecord
100
AcDbRegAppTableRecord
  2
MCS_PARAMS_HIDDEN_DATA
 70
     0
  0
APPID
  5
34D
330
9
100
AcDbSymbolTableRecord
100
AcDbRegAppTableRecord
  2
MCS_DOCUMENT_ID
 70
     0
  0
APPID
  5
353
330
9
100
AcDbSymbolTableRecord
100
AcDbRegAppTableRecord
  2
McSubentIdentification
 70
     0
  0
APPID
  5
355
330
9
100
AcDbSymbolTableRecord
100
AcDbRegAppTableRecord
  2
MC_VERSION_DATA
 70
     0
  0
APPID
  5
36B
330
9
100
AcDbSymbolTableRecord
100
AcDbRegAppTableRecord
  2
AcAecLayerStandard
 70
     0
  0
APPID
  5
36C
330
9
100
AcDbSymbolTableRecord
100
AcDbRegAppTableRecord
  2
AcCmTransparency
 70
     0
  0
APPID
  5
37A
330
9
100
AcDbSymbolTableRecord
100
AcDbRegAppTableRecord
  2
ACAD_DSTYLE_DIMBREAK
 70
     0
  0
APPID
  5
381
330
9
100
AcDbSymbolTableRecord
100
AcDbRegAppTableRecord
  2
ACAD_NAV_VCDISPLAY
 70
     0
  0
APPID
  5
382
330
9
100
AcDbSymbolTableRecord
100
AcDbRegAppTableRecord
  2
AcDbBlockRepETag
 70
     0
  0
APPID
  5
383
330
9
100
AcDbSymbolTableRecord
100
AcDbRegAppTableRecord
  2
GradientColor1ACI
 70
     0
  0
APPID
  5
384
330
9
100
AcDbSymbolTableRecord
100
AcDbRegAppTableRecord
  2
GradientColor2ACI
 70
     0
  0
APPID
  5
385
330
9
100
AcDbSymbolTableRecord
100
AcDbRegAppTableRecord
  2
AcDbDynamicBlockGUID
 70
     0
  0
APPID
  5
386
330
9
100
AcDbSymbolTableRecord
100
AcDbRegAppTableRecord
  2
ACAUTHENVIRON
 70
     0
  0
APPID
  5
387
330
9
100
AcDbSymbolTableRecord
100
AcDbRegAppTableRecord
  2
AcDbDynamicBlockTrueName
 70
     0
  0
APPID
  5
388
330
9
100
AcDbSymbolTableRecord
100
AcDbRegAppTableRecord
  2
AcDbBlockRepBTag
 70
     0
  0
ENDTAB
  0
TABLE
  2
DIMSTYLE
  5
A
330
0
100
AcDbSymbolTable
 70
     4
100
AcDbDimStyleTable
  0
DIMSTYLE
105
1B0
330
A
100
AcDbSymbolTableRecord
100
AcDbDimStyleTableRecord
  2
Standard
 70
     0
 40
100.0
 41
2.5
 42
0.5
 43
6.0
 44
0.0
 50
45.000001
 73
     0
140
2.5
141
2.5
143
25.4
147
1.0
178
     0
340
11
345
15
346
15
347
15
  0
DIMSTYLE
105
370
330
A
100
AcDbSymbolTableRecord
100
AcDbDimStyleTableRecord
  2
ISO-25
 70
     0
 41
0.5
 42
0.0
 43
3.75
 44
0.4
 73
     0
 74
     0
 77
     1
 78
     8
140
0.4
141
2.5
143
0.03937
147
0.1
171
     3
172
     1
178
     0
271
     2
272
     2
274
     3
278
    44
283
     0
284
     8
340
11
1001
ACAD_DSTYLE_DIMJAG
1070
   388
1040
1.5
1001
ACAD_DSTYLE_DIMTALN
1070
   392
1070
     0
  0
DIMSTYLE
105
374
330
A
100
AcDbSymbolTableRecord
100
AcDbDimStyleTableRecord
  2
AEP
 70
     0
 40
0.2
 41
0.5
 42
0.625
 43
3.75
 44
1.25
 73
     0
 74
     0
 77
     1
 78
     1
140
1.2
141
2.5
143
0.03937
147
0.625
171
     3
172
     1
178
     0
271
     2
272
     2
274
     3
278
    44
283
     0
284
     8
340
11
341
1FC
342
1FC
1001
ACAD_DSTYLE_DIMBREAK
1070
   391
1040
3.75
1001
ACAD_DSTYLE_DIMJAG
1070
   388
1040
1.5
1001
ACAD_DSTYLE_DIMTALN
1070
   392
1070
     0
  0
DIMSTYLE
105
37B
330
A
100
AcDbSymbolTableRecord
100
AcDbDimStyleTableRecord
  2
Arq. Int.
 70
     0
 41
0.15
 90
        1
 73
     0
 77
     1
140
0.15
147
0.1
178
     0
271
     2
272
     2
340
11
341
37C
342
37C
1001
ACAD_DSTYLE_DIMBREAK
1070
   391
1040
3.75
1001
ACAD_DSTYLE_DIMJAG
1070
   388
1040
1.5
1001
ACAD_DSTYLE_DIMTALN
1070
   392
1070
     0
  0
ENDTAB
  0
TABLE
  2
BLOCK_RECORD
  5
1
330
0
100
AcDbSymbolTable
 70
    34
  0
BLOCK_RECORD
  5
1F
102
{ACAD_XDICTIONARY
360
234
102
}
330
1
100
AcDbSymbolTableRecord
100
AcDbBlockTableRecord
  2
*Model_Space
340
22
 70
     0
280
     1
281
     0
  0
BLOCK_RECORD
  5
D6
330
1
100
AcDbSymbolTableRecord
100
AcDbBlockTableRecord
  2
*Paper_Space
340
D7
 70
     0
280
     1
281
     0
  0
BLOCK_RECORD
  5
21A
330
1
100
AcDbSymbolTableRecord
100
AcDbBlockTableRecord
  2
*Paper_Space0
340
21B
 70
     0
280
     1
281
     0
  0
BLOCK_RECORD
  5
1EC
330
1
100
AcDbSymbolTableRecord
100
AcDbBlockTableRecord
  2
_ARCHTICK
340
0
 70
     0
280
     1
281
     0
  0
BLOCK_RECORD
  5
1F4
330
1
100
AcDbSymbolTableRecord
100
AcDbBlockTableRecord
  2
_OPEN30
340
0
 70
     0
280
     1
281
     0
  0
BLOCK_RECORD
  5
1FC
330
1
100
AcDbSymbolTableRecord
100
AcDbBlockTableRecord
  2
_DOT
340
0
 70
     0
280
     1
281
     0
  0
BLOCK_RECORD
  5
224
330
1
100
AcDbSymbolTableRecord
100
AcDbBlockTableRecord
  2
*Paper_Space4
340
225
 70
     0
280
     1
281
     0
  0
BLOCK_RECORD
  5
D2
330
1
100
AcDbSymbolTableRecord
100
AcDbBlockTableRecord
  2
*Paper_Space5
340
D3
 70
     0
280
     1
281
     0
  0
BLOCK_RECORD
  5
21F
330
1
100
AcDbSymbolTableRecord
100
AcDbBlockTableRecord
  2
*Paper_Space6
340
220
 70
     0
280
     1
281
     0
  0
BLOCK_RECORD
  5
210
330
1
100
AcDbSymbolTableRecord
100
AcDbBlockTableRecord
  2
*Paper_Space7
340
211
 70
     0
280
     1
281
     0
  0
BLOCK_RECORD
  5
215
330
1
100
AcDbSymbolTableRecord
100
AcDbBlockTableRecord
  2
*Paper_Space8
340
216
 70
     0
280
     1
281
     0
  0
BLOCK_RECORD
  5
37C
330
1
100
AcDbSymbolTableRecord
100
AcDbBlockTableRecord
  2
_Oblique
340
0
102
{BLKREFS
331
956
331
957
331
965
331
966
102
}
 70
     0
280
     1
281
     0
  0
BLOCK_RECORD
  5
3C6
102
{ACAD_XDICTIONARY
360
3C7
102
}
330
1
100
AcDbSymbolTableRecord
100
AcDbBlockTableRecord
  2
new blockqweqwewqe
340
0
102
{BLKREFS
331
3C5
331
487
331
8E6
331
8E7
331
8E8
102
}
 70
     6
280
     1
281
     0
1001
AcDbDynamicBlockGUID
1000
{E89D88D8-55D8-5B42-BCBF-04002510872C}
1001
ACAD
1000
DesignCenter Data
1002
{
1070
     1
1070
     6
1002
}
  0
BLOCK_RECORD
  5
3CC
102
{ACAD_XDICTIONARY
360
3CD
102
}
330
1
100
AcDbSymbolTableRecord
100
AcDbBlockTableRecord
  2
IRI-OCASA-Layout R 9$0$OCA_SILLA
340
0
310
2800000020000000200000000100080000000000000400000000000000000000000000000000000000000000000080000080000000808000800000008000800080800000C0C0C000C0DCC000F0CAA6000020400000206000002080000020A0000020C0000020E00000400000004020000040400000406000004080000040A0
310
000040C0000040E00000600000006020000060400000606000006080000060A0000060C0000060E00000800000008020000080400000806000008080000080A0000080C0000080E00000A0000000A0200000A0400000A0600000A0800000A0A00000A0C00000A0E00000C0000000C0200000C0400000C0600000C0800000C0
310
A00000C0C00000C0E00000E0000000E0200000E0400000E0600000E0800000E0A00000E0C00000E0E00040000000400020004000400040006000400080004000A0004000C0004000E00040200000402020004020400040206000402080004020A0004020C0004020E000404000004040200040404000404060004040800040
310
40A0004040C0004040E00040600000406020004060400040606000406080004060A0004060C0004060E00040800000408020004080400040806000408080004080A0004080C0004080E00040A0000040A0200040A0400040A0600040A0800040A0A00040A0C00040A0E00040C0000040C0200040C0400040C0600040C08000
310
40C0A00040C0C00040C0E00040E0000040E0200040E0400040E0600040E0800040E0A00040E0C00040E0E00080000000800020008000400080006000800080008000A0008000C0008000E00080200000802020008020400080206000802080008020A0008020C0008020E00080400000804020008040400080406000804080
310
008040A0008040C0008040E00080600000806020008060400080606000806080008060A0008060C0008060E00080800000808020008080400080806000808080008080A0008080C0008080E00080A0000080A0200080A0400080A0600080A0800080A0A00080A0C00080A0E00080C0000080C0200080C0400080C0600080C0
310
800080C0A00080C0C00080C0E00080E0000080E0200080E0400080E0600080E0800080E0A00080E0C00080E0E000C0000000C0002000C0004000C0006000C0008000C000A000C000C000C000E000C0200000C0202000C0204000C0206000C0208000C020A000C020C000C020E000C0400000C0402000C0404000C0406000C0
310
408000C040A000C040C000C040E000C0600000C0602000C0604000C0606000C0608000C060A000C060C000C060E000C0800000C0802000C0804000C0806000C0808000C080A000C080C000C080E000C0A00000C0A02000C0A04000C0A06000C0A08000C0A0A000C0A0C000C0A0E000C0C00000C0C02000C0C04000C0C06000
310
C0C08000C0C0A000F0FBFF00A4A0A000808080000000FF0000FF000000FFFF00FF000000FF00FF00FFFF0000FFFFFF0000000000000000000000000000000000000000000000000000000000000000000000000000000000000000000000000000000000000000000000000000000000000000000000000000000000000000
310
00000000000000000000000000000000000000000000000008080808080808080808080808080808080808080800000000000000000008080000000808080808080808080808080808080808000808000000000000080000000000080808080808080808080808080808080800000008000000000008000000000000000000
310
00000000000000000000000000000000080000000000080000000000000000000000000000000000000000000000000008000008080808000000000000000000000000000000000000000000000000000800000800000800000000000000000000000000000000000000000000000000080000080000080000000000000000
310
00000000000000000000000000000000000800000800000800000000000000000000000000000000000000000000000000080000080000080000000000000000000000000000000000000000000000000008000008000008000000000000000000000000000000000000000000000000000800000800000800000000000000
310
00000000000000000000000000000000000008000008000008000000000000000000000000000000000000000000000000000800000800000800000000000000000000000000000000000000000000000000080000080000080000000000000000000000000000000000000000000000000008000008000008000000000000
310
00000000000000000000000000000000000000080000080000080000000000000000000000000000000000000000000000000008000008000008000000000000000000000000000000000000000000000000000800000800000800000000000000000000000000000000000000000000000000080000080000080000000000
310
00000000000000000000000000000000000000000800000808080800000000000000000000000000000000000000000000000000080000000000080000000000000000000000000000000000000000000000000008000000000008000000000000000000000000000000000000000000000000000800000000000800000000
310
00000000000000000000000000000000000000000008000000000000080000000008080808080808080808080808080808080000080000000000000000080808080808080808080808080808080808080808080800000000000000000000000000000000000000000000000000000000000000000000000000000000000000
310
0000000000000000000000000000000000000000000000000000000000000000000000000000000000000000000000000000000000000000
102
{BLKREFS
331
3CB
331
485
331
486
331
48E
331
4B3
331
4B4
331
4B5
331
4B6
331
4B7
331
4B8
331
58C
331
8EA
331
8EE
331
3CB
102
}
 70
     6
280
     1
281
     0
1001
AcDbDynamicBlockGUID
1000
{201C9349-88F6-41EF-ACD0-8B1BC93D3F77}
1001
ACAD
1000
DesignCenter Data
1002
{
1070
     1
1070
     6
1002
}
  0
BLOCK_RECORD
  5
44E
102
{ACAD_XDICTIONARY
360
44F
102
}
330
1
100
AcDbSymbolTableRecord
100
AcDbBlockTableRecord
  2
*U12
340
0
102
{BLKREFS
331
3E7
331
49E
331
748
331
83F
331
782
331
7E0
331
8B2
331
8C6
102
}
 70
     0
280
     1
281
     0
1001
AcDbBlockRepBTag
1070
     1
1005
3EB
  0
BLOCK_RECORD
  5
3EB
102
{ACAD_XDICTIONARY
360
3EC
102
}
330
1
100
AcDbSymbolTableRecord
100
AcDbBlockTableRecord
  2
Puerta
340
0
310
2800000020000000200000000100080000000000000400000000000000000000000000000000000000000000000080000080000000808000800000008000800080800000C0C0C000C0DCC000F0CAA6000020400000206000002080000020A0000020C0000020E00000400000004020000040400000406000004080000040A0
310
000040C0000040E00000600000006020000060400000606000006080000060A0000060C0000060E00000800000008020000080400000806000008080000080A0000080C0000080E00000A0000000A0200000A0400000A0600000A0800000A0A00000A0C00000A0E00000C0000000C0200000C0400000C0600000C0800000C0
310
A00000C0C00000C0E00000E0000000E0200000E0400000E0600000E0800000E0A00000E0C00000E0E00040000000400020004000400040006000400080004000A0004000C0004000E00040200000402020004020400040206000402080004020A0004020C0004020E000404000004040200040404000404060004040800040
310
40A0004040C0004040E00040600000406020004060400040606000406080004060A0004060C0004060E00040800000408020004080400040806000408080004080A0004080C0004080E00040A0000040A0200040A0400040A0600040A0800040A0A00040A0C00040A0E00040C0000040C0200040C0400040C0600040C08000
310
40C0A00040C0C00040C0E00040E0000040E0200040E0400040E0600040E0800040E0A00040E0C00040E0E00080000000800020008000400080006000800080008000A0008000C0008000E00080200000802020008020400080206000802080008020A0008020C0008020E00080400000804020008040400080406000804080
310
008040A0008040C0008040E00080600000806020008060400080606000806080008060A0008060C0008060E00080800000808020008080400080806000808080008080A0008080C0008080E00080A0000080A0200080A0400080A0600080A0800080A0A00080A0C00080A0E00080C0000080C0200080C0400080C0600080C0
310
800080C0A00080C0C00080C0E00080E0000080E0200080E0400080E0600080E0800080E0A00080E0C00080E0E000C0000000C0002000C0004000C0006000C0008000C000A000C000C000C000E000C0200000C0202000C0204000C0206000C0208000C020A000C020C000C020E000C0400000C0402000C0404000C0406000C0
310
408000C040A000C040C000C040E000C0600000C0602000C0604000C0606000C0608000C060A000C060C000C060E000C0800000C0802000C0804000C0806000C0808000C080A000C080C000C080E000C0A00000C0A02000C0A04000C0A06000C0A08000C0A0A000C0A0C000C0A0E000C0C00000C0C02000C0C04000C0C06000
310
C0C08000C0C0A000F0FBFF00A4A0A000808080000000FF0000FF000000FFFF00FF000000FF00FF00FFFF0000FFFFFF00000000000000000000000000000000000000000000000000000000000000000000000000000000000000000000FFFF00000000FF00000000000000000000000000000000000000000000000000FFFF
310
00000000FF00000000000000000000000000000000000000000000000000FFFF000000FFFF0000000000000000000000000000000000000000000000000000FF000000FFFF000000000000000000000000000000000000000000000000000000FF0000FFFF0000000000000000000000000000000000000000000000000000
310
00FF0000FFFF00000000000000000000000000000000000000000000000000000000FFFFFFFF000000000000000000000000000000000000000000000000000000000000FFFF000000000000000000000000000000000000000000000000000000000000000000000000000000000000000000000000000000000000000000
310
00000000000000000000000000000000000000000000000000000000000000000000000000000000000000000000000000000000000000000000000000000000FF0000000000FF00000000000000000000000000000000000000000000000000FF00000000FFFF000000000000000000000000000000000000000000000000
310
00FF00000000FFFF00000000000000000000000000000000000000000000000000FF00000000FFFF0000000000000000000000000000000000000000000000000000FF000000FFFF000000000000000000000000000000000000000000000000000000FF0000FFFF0000000000000000000000000000000000000000000000
310
0000000000FF00FFFF0000000000000000000000000000000000000000000000000000000000FFFFFF0000000000000000000000000000000000000000000000000000000000000000000000000000000000000000000000000000000000000000000000000000000000000000000000000000000000000000000000000000
310
0000FF000000000000FF000000000000000000000000000000000000000000000000FF0000000000FFFF000000000000000000000000000000000000000000000000FF0000000000FFFF00000000000000000000000000000000000000000000000000FF00000000FFFF000000000000000000000000000000000000000000
310
00000000FF00000000FFFF0000000000000000000000000000000000000000000000000000FF000000FFFF0000000000000000000000000000000000000000000000000000FF000000FFFF000000000000000000000000000000000000000000000000000000FFFF00FFFF0000000000000000000000000000000000000000
310
000000000000000000FFFFFF0000000000000000000000000000000000000000000000000000000000000000000000000000000000000000
 70
     4
280
     1
281
     0
1001
AcDbBlockRepETag
1070
     1
1071
       47
1001
AcDbDynamicBlockTrueName
1000
Puerta
1001
AcDbDynamicBlockGUID
1000
{0EBE64F1-5694-3C45-8DCA-AEE53EB91A7E}
1001
ACAD
1000
DesignCenter Data
1002
{
1070
     1
1070
     4
1002
}
  0
BLOCK_RECORD
  5
4BE
102
{ACAD_XDICTIONARY
360
4BF
102
}
330
1
100
AcDbSymbolTableRecord
100
AcDbBlockTableRecord
  2
ADRLACVS
340
0
102
{BLKREFS
331
4BD
331
740
102
}
 70
     0
280
     1
281
     0
  0
BLOCK_RECORD
  5
524
102
{ACAD_XDICTIONARY
360
525
102
}
330
1
100
AcDbSymbolTableRecord
100
AcDbBlockTableRecord
  2
*U15
340
0
102
{BLKREFS
331
4E1
102
}
 70
     0
280
     1
281
     0
1001
AcDbBlockRepBTag
1070
     1
1005
4E5
  0
BLOCK_RECORD
  5
4E5
102
{ACAD_XDICTIONARY
360
4E6
102
}
330
1
100
AcDbSymbolTableRecord
100
AcDbBlockTableRecord
  2
BACHA
340
0
310
2800000020000000200000000100080000000000000400000000000000000000000000000000000000000000000080000080000000808000800000008000800080800000C0C0C000C0DCC000F0CAA6000020400000206000002080000020A0000020C0000020E00000400000004020000040400000406000004080000040A0
310
000040C0000040E00000600000006020000060400000606000006080000060A0000060C0000060E00000800000008020000080400000806000008080000080A0000080C0000080E00000A0000000A0200000A0400000A0600000A0800000A0A00000A0C00000A0E00000C0000000C0200000C0400000C0600000C0800000C0
310
A00000C0C00000C0E00000E0000000E0200000E0400000E0600000E0800000E0A00000E0C00000E0E00040000000400020004000400040006000400080004000A0004000C0004000E00040200000402020004020400040206000402080004020A0004020C0004020E000404000004040200040404000404060004040800040
310
40A0004040C0004040E00040600000406020004060400040606000406080004060A0004060C0004060E00040800000408020004080400040806000408080004080A0004080C0004080E00040A0000040A0200040A0400040A0600040A0800040A0A00040A0C00040A0E00040C0000040C0200040C0400040C0600040C08000
310
40C0A00040C0C00040C0E00040E0000040E0200040E0400040E0600040E0800040E0A00040E0C00040E0E00080000000800020008000400080006000800080008000A0008000C0008000E00080200000802020008020400080206000802080008020A0008020C0008020E00080400000804020008040400080406000804080
310
008040A0008040C0008040E00080600000806020008060400080606000806080008060A0008060C0008060E00080800000808020008080400080806000808080008080A0008080C0008080E00080A0000080A0200080A0400080A0600080A0800080A0A00080A0C00080A0E00080C0000080C0200080C0400080C0600080C0
310
800080C0A00080C0C00080C0E00080E0000080E0200080E0400080E0600080E0800080E0A00080E0C00080E0E000C0000000C0002000C0004000C0006000C0008000C000A000C000C000C000E000C0200000C0202000C0204000C0206000C0208000C020A000C020C000C020E000C0400000C0402000C0404000C0406000C0
310
408000C040A000C040C000C040E000C0600000C0602000C0604000C0606000C0608000C060A000C060C000C060E000C0800000C0802000C0804000C0806000C0808000C080A000C080C000C080E000C0A00000C0A02000C0A04000C0A06000C0A08000C0A0A000C0A0C000C0A0E000C0C00000C0C02000C0C04000C0C06000
310
C0C08000C0C0A000F0FBFF00A4A0A000808080000000FF0000FF000000FFFF00FF000000FF00FF00FFFF0000FFFFFF0000000000000000000000000000000000000000000000000000000000000000000000000000000000000000000000000000000000000000000000000000000000000000000000000000000000000000
310
0000000000000000000000000000000000000000000000000000000000000000000000000000000000000000000000000000000000000000000000000000000000000000000000000000000000000000000000000000000000000000000000000000000000000000000000000000000000000000000000000000FF00000000
310
00000000000000000000000000000000000000000000000000FFFFFFFFFF00000000000000000000000000000000000000000000000000FFFFFF000000FFFFFF000000000000000000000000000000000000000000FFFFFF00000000000000FFFFFF00000000000000000000000000000000000000FF000000000000000000
310
0000FFFF00000000000000FF000000000000000000FFFF000000000000000000000000FF00000000FFFFFFFFFFFFFFFF0000000000FF00000000000000000000000000FF00000000FF000000000000FFFF00000000FF0000000000FFFFFF0000000000FF000000FFFF00000000000000FF00000000FF0000000000FF00FF00
310
00000000FFFF00FFFF0000000000000000FF000000FFFF0000000000FFFFFF0000000000FFFF00FFFF000000FFFF000000FFFF000000FF00000000000000000000000000FFFF00FFFF000000FFFF000000FFFF000000FFFF000000000000000000000000FF000000FF000000FFFF000000FFFF00000000FF0000000000FF00
310
00000000FFFF000000FFFF0000FFFF000000FF0000000000FFFF00000000FF00000000FFFF0000000000FFFF00FFFF00FFFF00000000000000FFFF000000FF000000FFFF000000000000FFFFFFFFFFFFFFFF0000000000000000FFFFFFFF00FFFFFFFF000000000000FFFFFF00FFFF00FFFFFF000000000000000000FFFF00
310
FFFF0000000000000000FFFFFF00FFFF00FFFFFF00000000000000FFFFFFFFFFFF0000000000000000000000000000000000000000000000000000FFFFFFFFFFFF000000000000000000000000000000000000000000000000000000000000FF00000000000000000000000000000000000000000000000000000000000000
310
00000000000000000000000000000000000000000000000000000000000000000000000000000000000000000000000000000000000000000000000000000000000000000000000000000000000000000000000000000000000000000000000000000000000000000000000000000000000000000000000000000000000000
310
0000000000000000000000000000000000000000000000000000000000000000000000000000000000000000000000000000000000000000
 70
     4
280
     1
281
     0
1001
AcDbBlockRepETag
1070
     1
1071
       49
1001
AcDbDynamicBlockTrueName
1000
BACHA
1001
AcDbDynamicBlockGUID
1000
{F3B62127-931B-CA4E-B3AD-54FA0C99E7F4}
1001
ACAD
1000
DesignCenter Data
1002
{
1070
     1
1070
     4
1002
}
  0
BLOCK_RECORD
  5
55B
330
1
100
AcDbSymbolTableRecord
100
AcDbBlockTableRecord
  2
HELADERA
340
0
310
2800000020000000200000000100080000000000000400000000000000000000000000000000000000000000000080000080000000808000800000008000800080800000C0C0C000C0DCC000F0CAA6000020400000206000002080000020A0000020C0000020E00000400000004020000040400000406000004080000040A0
310
000040C0000040E00000600000006020000060400000606000006080000060A0000060C0000060E00000800000008020000080400000806000008080000080A0000080C0000080E00000A0000000A0200000A0400000A0600000A0800000A0A00000A0C00000A0E00000C0000000C0200000C0400000C0600000C0800000C0
310
A00000C0C00000C0E00000E0000000E0200000E0400000E0600000E0800000E0A00000E0C00000E0E00040000000400020004000400040006000400080004000A0004000C0004000E00040200000402020004020400040206000402080004020A0004020C0004020E000404000004040200040404000404060004040800040
310
40A0004040C0004040E00040600000406020004060400040606000406080004060A0004060C0004060E00040800000408020004080400040806000408080004080A0004080C0004080E00040A0000040A0200040A0400040A0600040A0800040A0A00040A0C00040A0E00040C0000040C0200040C0400040C0600040C08000
310
40C0A00040C0C00040C0E00040E0000040E0200040E0400040E0600040E0800040E0A00040E0C00040E0E00080000000800020008000400080006000800080008000A0008000C0008000E00080200000802020008020400080206000802080008020A0008020C0008020E00080400000804020008040400080406000804080
310
008040A0008040C0008040E00080600000806020008060400080606000806080008060A0008060C0008060E00080800000808020008080400080806000808080008080A0008080C0008080E00080A0000080A0200080A0400080A0600080A0800080A0A00080A0C00080A0E00080C0000080C0200080C0400080C0600080C0
310
800080C0A00080C0C00080C0E00080E0000080E0200080E0400080E0600080E0800080E0A00080E0C00080E0E000C0000000C0002000C0004000C0006000C0008000C000A000C000C000C000E000C0200000C0202000C0204000C0206000C0208000C020A000C020C000C020E000C0400000C0402000C0404000C0406000C0
310
408000C040A000C040C000C040E000C0600000C0602000C0604000C0606000C0608000C060A000C060C000C060E000C0800000C0802000C0804000C0806000C0808000C080A000C080C000C080E000C0A00000C0A02000C0A04000C0A06000C0A08000C0A0A000C0A0C000C0A0E000C0C00000C0C02000C0C04000C0C06000
310
C0C08000C0C0A000F0FBFF00A4A0A000808080000000FF0000FF000000FFFF00FF000000FF00FF00FFFF0000FFFFFF000000000000000000000000000000000000000000000000000000000000000000000000000000000000000000000000000000000000000000000000000000000000FFFFFFFFFFFFFFFFFFFFFFFFFFFF
310
FFFFFFFFFFFFFFFFFFFFFFFFFFFF00000000FF0000000000000000000000000000000000000000000000FFFFFFFF00000000FF0000000000000000000000000000000000000000000000FF00FFFF00000000FF0000000000000000000000000000000000000000000000FFFFFFFF00000000FF000000000000000000000000
310
000000000000000000000000FFFFFF00000000FF000000000000000000000000000000000000000000000000FFFFFF00000000FF000000000000000000000000000000000000000000000000FFFFFF00000000FF000000000000000000000000000000000000000000000000FFFFFF00000000FF0000000000000000000000
310
00000000000000000000000000FFFFFF00000000FF000000000000000000000000000000000000000000000000FFFFFF00000000FF000000000000000000000000000000000000000000000000FFFFFF00000000FF000000000000000000000000000000000000000000000000FFFFFF00000000FF00000000000000000000
310
0000000000000000000000000000FFFFFF00000000FF000000000000000000000000000000000000000000000000FFFFFF00000000FF000000000000000000000000000000000000000000000000FFFFFF00000000FF000000000000000000000000000000000000000000000000FFFFFF00000000FF000000000000000000
310
000000000000000000000000000000FFFFFF00000000FF000000000000000000000000000000000000000000000000FFFFFF00000000FF000000000000000000000000000000000000000000000000FFFFFFFFFF0000FF000000000000000000000000000000000000000000000000FFFFFF00FF0000FF0000000000000000
310
00000000000000000000000000000000FFFFFF00FF0000FF000000000000000000000000000000000000000000000000FFFFFF00FF0000FF000000000000000000000000000000000000000000000000FFFFFF00FF0000FF000000000000000000000000000000000000000000000000FFFFFF00FF0000FF00000000000000
310
0000000000000000000000000000000000FFFFFF00FF0000FF000000000000000000000000000000000000000000000000FFFFFFFFFF0000FF000000000000000000000000000000000000000000000000FFFFFF00000000FFFFFFFFFFFFFFFFFFFFFFFFFFFFFFFFFFFFFFFFFFFFFFFFFFFFFFFF0000000000000000000000
310
0000000000000000000000000000000000000000000000000000000000000000000000000000000000000000000000000000000000000000
102
{BLKREFS
331
0
102
}
 70
     4
280
     1
281
     0
1001
ACAD
1000
DesignCenter Data
1002
{
1070
     1
1070
     4
1002
}
  0
BLOCK_RECORD
  5
579
102
{ACAD_XDICTIONARY
360
57A
102
}
330
1
100
AcDbSymbolTableRecord
100
AcDbBlockTableRecord
  2
BARI_INODORO_PTA
340
0
310
2800000020000000200000000100080000000000000400000000000000000000000000000000000000000000000080000080000000808000800000008000800080800000C0C0C000C0DCC000F0CAA6000020400000206000002080000020A0000020C0000020E00000400000004020000040400000406000004080000040A0
310
000040C0000040E00000600000006020000060400000606000006080000060A0000060C0000060E00000800000008020000080400000806000008080000080A0000080C0000080E00000A0000000A0200000A0400000A0600000A0800000A0A00000A0C00000A0E00000C0000000C0200000C0400000C0600000C0800000C0
310
A00000C0C00000C0E00000E0000000E0200000E0400000E0600000E0800000E0A00000E0C00000E0E00040000000400020004000400040006000400080004000A0004000C0004000E00040200000402020004020400040206000402080004020A0004020C0004020E000404000004040200040404000404060004040800040
310
40A0004040C0004040E00040600000406020004060400040606000406080004060A0004060C0004060E00040800000408020004080400040806000408080004080A0004080C0004080E00040A0000040A0200040A0400040A0600040A0800040A0A00040A0C00040A0E00040C0000040C0200040C0400040C0600040C08000
310
40C0A00040C0C00040C0E00040E0000040E0200040E0400040E0600040E0800040E0A00040E0C00040E0E00080000000800020008000400080006000800080008000A0008000C0008000E00080200000802020008020400080206000802080008020A0008020C0008020E00080400000804020008040400080406000804080
310
008040A0008040C0008040E00080600000806020008060400080606000806080008060A0008060C0008060E00080800000808020008080400080806000808080008080A0008080C0008080E00080A0000080A0200080A0400080A0600080A0800080A0A00080A0C00080A0E00080C0000080C0200080C0400080C0600080C0
310
800080C0A00080C0C00080C0E00080E0000080E0200080E0400080E0600080E0800080E0A00080E0C00080E0E000C0000000C0002000C0004000C0006000C0008000C000A000C000C000C000E000C0200000C0202000C0204000C0206000C0208000C020A000C020C000C020E000C0400000C0402000C0404000C0406000C0
310
408000C040A000C040C000C040E000C0600000C0602000C0604000C0606000C0608000C060A000C060C000C060E000C0800000C0802000C0804000C0806000C0808000C080A000C080C000C080E000C0A00000C0A02000C0A04000C0A06000C0A08000C0A0A000C0A0C000C0A0E000C0C00000C0C02000C0C04000C0C06000
310
C0C08000C0C0A000F0FBFF00A4A0A000808080000000FF0000FF000000FFFF00FF000000FF00FF00FFFF0000FFFFFF00000000000000000000000000000000000000000000000000000000000000000000000000000000000000000000000000000000000000000000000000000000000000000000000000000000FFFFFFFF
310
FFFFFFFFFFFF000000000000000000000000000000000000000000FF00000000000000000000FF0000000000000000000000000000000000000000FF00FFFFFFFFFFFFFFFF00FF00000000000000000000000000000000000000FF00FF0000000000000000FF00FF0000000000000000000000000000000000FF00FF000000
310
00000000000000FF00FF000000000000000000000000000000FF0000FF00000000000000000000FF0000FF0000000000000000000000000000FF00FF000000000000000000000000FF00FF00000000000000000000000000FF00FF0000000000000000000000000000FF00FF000000000000000000000000FF00FF00000000
310
00000000000000000000FF00FF000000000000000000000000FF00FF0000000000000000000000000000FF00FF000000000000000000000000FF00FF0000000000000000000000000000FF00FF000000000000000000000000FF00FF000000FF000000000000FF000000FF00FF000000000000000000000000FF00FF000000
310
00FFFF0000FFFF00000000FF00FF000000000000000000000000FF00FF000000000000FFFF000000000000FF00FF000000000000000000000000FF00FF0000000000000000000000000000FF00FF000000000000000000000000FF00FF0000000000000000000000000000FF00FF000000000000000000000000FF00FFFF00
310
0000000000000000000000FFFF00FF000000000000000000000000FF00FF00FFFF0000000000000000FFFF00FF00FF000000000000000000000000FF00FF000000FF000000000000FF000000FF00FF000000000000000000000000FF00FF00000000FFFFFFFFFFFF00000000FF00FF000000000000000000000000FF00FF00
310
00000000000000000000000000FF00FF000000000000000000000000FF00FF0000000000000000000000000000FF00FF000000000000000000000000FF00FF0000000000000000000000000000FF00FF000000000000000000000000FF00FF000000FF00000000000000FF0000FF00FF000000000000000000000000FF00FF
310
0000000000000000000000000000FF00FF000000000000000000000000FF00FF0000000000000000000000000000FF00FF000000000000000000000000FF00FF0000000000000000000000000000FF00FF000000000000000000000000FF00FFFFFFFFFFFFFFFFFFFFFFFFFFFFFFFF00FF000000000000000000000000FFFF
310
FFFFFFFFFFFFFFFFFFFFFFFFFFFFFFFFFFFF0000000000000000000000000000000000000000000000000000000000000000000000000000
102
{BLKREFS
331
578
331
743
102
}
 70
     4
280
     1
281
     0
1001
AcDbDynamicBlockGUID
1000
{B7C5638F-C214-4969-9DC0-23E12FF960FA}
1001
AcDbBlockRepETag
1070
     1
1071
       34
1001
ACAD
1000
DesignCenter Data
1002
{
1070
     1
1070
     4
1002
}
  0
BLOCK_RECORD
  5
5A7
102
{ACAD_XDICTIONARY
360
5A8
102
}
330
1
100
AcDbSymbolTableRecord
100
AcDbBlockTableRecord
  2
OCASA_TODAS_r08$0$N
340
0
310
2800000020000000200000000100080000000000000400000000000000000000000000000000000000000000000080000080000000808000800000008000800080800000C0C0C000C0DCC000F0CAA6000020400000206000002080000020A0000020C0000020E00000400000004020000040400000406000004080000040A0
310
000040C0000040E00000600000006020000060400000606000006080000060A0000060C0000060E00000800000008020000080400000806000008080000080A0000080C0000080E00000A0000000A0200000A0400000A0600000A0800000A0A00000A0C00000A0E00000C0000000C0200000C0400000C0600000C0800000C0
310
A00000C0C00000C0E00000E0000000E0200000E0400000E0600000E0800000E0A00000E0C00000E0E00040000000400020004000400040006000400080004000A0004000C0004000E00040200000402020004020400040206000402080004020A0004020C0004020E000404000004040200040404000404060004040800040
310
40A0004040C0004040E00040600000406020004060400040606000406080004060A0004060C0004060E00040800000408020004080400040806000408080004080A0004080C0004080E00040A0000040A0200040A0400040A0600040A0800040A0A00040A0C00040A0E00040C0000040C0200040C0400040C0600040C08000
310
40C0A00040C0C00040C0E00040E0000040E0200040E0400040E0600040E0800040E0A00040E0C00040E0E00080000000800020008000400080006000800080008000A0008000C0008000E00080200000802020008020400080206000802080008020A0008020C0008020E00080400000804020008040400080406000804080
310
008040A0008040C0008040E00080600000806020008060400080606000806080008060A0008060C0008060E00080800000808020008080400080806000808080008080A0008080C0008080E00080A0000080A0200080A0400080A0600080A0800080A0A00080A0C00080A0E00080C0000080C0200080C0400080C0600080C0
310
800080C0A00080C0C00080C0E00080E0000080E0200080E0400080E0600080E0800080E0A00080E0C00080E0E000C0000000C0002000C0004000C0006000C0008000C000A000C000C000C000E000C0200000C0202000C0204000C0206000C0208000C020A000C020C000C020E000C0400000C0402000C0404000C0406000C0
310
408000C040A000C040C000C040E000C0600000C0602000C0604000C0606000C0608000C060A000C060C000C060E000C0800000C0802000C0804000C0806000C0808000C080A000C080C000C080E000C0A00000C0A02000C0A04000C0A06000C0A08000C0A0A000C0A0C000C0A0E000C0C00000C0C02000C0C04000C0C06000
310
C0C08000C0C0A000F0FBFF00A4A0A000808080000000FF0000FF000000FFFF00FF000000FF00FF00FFFF0000FFFFFF0000000000000000000000000000000000000000000000000000000000000000000000000000000000000000000000000000000000000000000000000000000000000000000000000000000000000000
310
00000000000000000000000000000000000000000000000000000000000000000000000000000000000000000000000000000000000000000000000000000000000000000000000000000000000000000000000000000000000000000000000000000000000000000000000000000000000000000000000000000000000000
310
000000000000000000000000000000000000000000000000000000000000000000000000000000000000000000000000000000000000000000000000000000000000000000000000000000000000000000000000000000000000000000000000000000000000000000000000000000000000000000000000005B0000000000
310
00000000000000000000000000000000000000000000000000005B00000000000000000000000000000000000000000000000000000000005B5B5B5B5B00000000000000000000000000000000000000000000000000005B5B005B5B5B5B000000000000000000000000000000000000000000000000005B00005B5B5B5B5B
310
0000000000000000000000000000000000000000000000005B005B5B5B5B5B5B0000000000000000000000000000000000000000005B5B5B5B5B5B5B5B5B5B5B5B5B5B5B5B5B5B5B5B5B5B5B5B5B5B5B5B5B5B00000000005B5B5B5B00005B5B5B5B5B5B5B5B5B5B5B0000000000000000000000000000005B5B5B5B005B5B
310
005B5B5B5B5B5B5B5B00000000000000000000000000000000005B5B5B5B5B00005B5B5B5B5B5B5B5B000000000000000000000000000000000000005B000000000000000000000000000000000000000000000000000000000000005B00000000000000000000000000000000000000000000000000000000000000000000
310
00000000000000000000000000000000000000000000000000000000000000000000000000000000000000000000000000000000000000000000000000000000000000000000000000000000000000000000000000000000000000000000000000000000000000000000000000000000000000000000000000000000000000
310
00000000000000000000000000000000000000000000000000000000000000000000000000000000000000000000000000000000000000000000000000000000000000000000000000000000000000000000000000000000000000000000000000000000000000000000000000000000000000000000000000000000000000
310
0000000000000000000000000000000000000000000000000000000000000000000000000000000000000000000000000000000000000000
102
{BLKREFS
331
0
102
}
 70
     4
280
     1
281
     1
1001
ACAD
1000
DesignCenter Data
1002
{
1070
     1
1070
     4
1002
}
  0
BLOCK_RECORD
  5
5CB
102
{ACAD_XDICTIONARY
360
5CC
102
}
330
1
100
AcDbSymbolTableRecord
100
AcDbBlockTableRecord
  2
Ref-carp-50
340
0
102
{BLKREFS
331
5CA
331
5D7
102
}
 70
     4
280
     1
281
     0
1001
ACAD
1000
DesignCenter Data
1002
{
1070
     1
1070
     4
1002
}
  0
BLOCK_RECORD
  5
5E4
102
{ACAD_XDICTIONARY
360
5E5
102
}
330
1
100
AcDbSymbolTableRecord
100
AcDbBlockTableRecord
  2
NOMENCLATURA VENTANA
340
0
310
2800000020000000200000000100080000000000000400000000000000000000000000000000000000000000000080000080000000808000800000008000800080800000C0C0C000C0DCC000F0CAA6000020400000206000002080000020A0000020C0000020E00000400000004020000040400000406000004080000040A0
310
000040C0000040E00000600000006020000060400000606000006080000060A0000060C0000060E00000800000008020000080400000806000008080000080A0000080C0000080E00000A0000000A0200000A0400000A0600000A0800000A0A00000A0C00000A0E00000C0000000C0200000C0400000C0600000C0800000C0
310
A00000C0C00000C0E00000E0000000E0200000E0400000E0600000E0800000E0A00000E0C00000E0E00040000000400020004000400040006000400080004000A0004000C0004000E00040200000402020004020400040206000402080004020A0004020C0004020E000404000004040200040404000404060004040800040
310
40A0004040C0004040E00040600000406020004060400040606000406080004060A0004060C0004060E00040800000408020004080400040806000408080004080A0004080C0004080E00040A0000040A0200040A0400040A0600040A0800040A0A00040A0C00040A0E00040C0000040C0200040C0400040C0600040C08000
310
40C0A00040C0C00040C0E00040E0000040E0200040E0400040E0600040E0800040E0A00040E0C00040E0E00080000000800020008000400080006000800080008000A0008000C0008000E00080200000802020008020400080206000802080008020A0008020C0008020E00080400000804020008040400080406000804080
310
008040A0008040C0008040E00080600000806020008060400080606000806080008060A0008060C0008060E00080800000808020008080400080806000808080008080A0008080C0008080E00080A0000080A0200080A0400080A0600080A0800080A0A00080A0C00080A0E00080C0000080C0200080C0400080C0600080C0
310
800080C0A00080C0C00080C0E00080E0000080E0200080E0400080E0600080E0800080E0A00080E0C00080E0E000C0000000C0002000C0004000C0006000C0008000C000A000C000C000C000E000C0200000C0202000C0204000C0206000C0208000C020A000C020C000C020E000C0400000C0402000C0404000C0406000C0
310
408000C040A000C040C000C040E000C0600000C0602000C0604000C0606000C0608000C060A000C060C000C060E000C0800000C0802000C0804000C0806000C0808000C080A000C080C000C080E000C0A00000C0A02000C0A04000C0A06000C0A08000C0A0A000C0A0C000C0A0E000C0C00000C0C02000C0C04000C0C06000
310
C0C08000C0C0A000F0FBFF00A4A0A000808080000000FF0000FF000000FFFF00FF000000FF00FF00FFFF0000FFFFFF0000000000000000000000000000000000000000000000000000000000000000000000000000000000000000000000FFFFFF000000000000000000000000000000000000000000000000000000FFFF00
310
0000FFFF0000000000000000000000000000000000000000000000FFFF00000000000000FFFFFF000000000000000000000000000000000000FFFF000000000000000000000000FFFF00000000000000000000000000000000FF00FF0000FFFF0000FF000000FF00FF000000000000000000000000000000FF00FFFFFFFFFF
310
FFFFFFFFFFFFFFFFFF00FF0000000000000000000000000000FF00FF00FFFF0000FF00FFFFFF00FFFF00FF0000000000000000000000000000FF00FF0000FF0000FF0000FFFF0000FF0000FF000000000000000000000000FF0000FF00FFFF0000FF00FFFFFF00FFFF0000FF000000000000000000000000FF000000FFFF00
310
000000FFFF0000FFFF000000FF0000000000000000000000FF00000000FF000000000000FF000000FF00000000FF00000000000000000000FFFFFFFFFFFFFFFFFFFFFFFFFFFFFFFFFFFFFFFFFFFF00000000000000000000FF00000000FFFF00FFFF00FFFF0000FFFF00000000FF0000000000000000000000FF0000FFFFFF
310
FFFFFFFFFFFFFFFFFFFFFF0000FF000000000000000000000000FF0000FF00FFFF0000FF00FFFFFF00FFFF0000FF00000000000000000000000000FF00FF0000FF0000FF0000FFFF0000FF00FF0000000000000000000000000000FF00FFFFFFFF0000FFFFFFFFFFFFFFFF00FF000000000000000000000000000000FF00FF
310
FF00000000FFFF0000FFFF00FF00000000000000000000000000000000FFFF000000000000000000000000FFFF000000000000000000000000000000000000FFFF0000000000000000FFFF00000000000000000000000000000000000000000000FFFF000000FFFFFF00000000000000000000000000000000000000000000
310
00000000FFFFFF0000000000000000000000000000000000000000000000000000000000000000000000000000000000000000000000000000000000000000000000FF000000FF000000FF00000000000000000000000000000000000000000000FFFF0000FFFFFFFF00FF0000000000000000000000000000000000000000
310
0000FFFFFF00FF00FFFF00FF000000000000000000000000000000000000000000FFFF00FFFFFF00FFFF00FF000000000000000000000000000000000000000000FFFF0000FFFF00FFFF00FF0000000000000000000000000000000000000000FFFF000000FFFFFFFF00FFFF00000000000000000000000000000000000000
310
0000000000000000000000000000000000000000000000000000000000000000000000000000000000000000000000000000000000000000
102
{BLKREFS
331
0
331
0
331
0
102
}
 70
     4
280
     1
281
     1
1001
ACAD
1000
DesignCenter Data
1002
{
1070
     1
1070
     4
1002
}
  0
BLOCK_RECORD
  5
65D
102
{ACAD_XDICTIONARY
360
65E
102
}
330
1
100
AcDbSymbolTableRecord
100
AcDbBlockTableRecord
  2
*U22
340
0
102
{BLKREFS
331
0
331
6C5
331
0
331
0
331
695
331
0
331
6FF
331
0
331
0
102
}
 70
     0
280
     1
281
     0
1001
AcDbBlockRepBTag
1070
     1
1005
608
  0
BLOCK_RECORD
  5
608
102
{ACAD_XDICTIONARY
360
609
102
}
330
1
100
AcDbSymbolTableRecord
100
AcDbBlockTableRecord
  2
Tomacorriente
340
0
310
2800000020000000200000000100080000000000000400000000000000000000000000000000000000000000000080000080000000808000800000008000800080800000C0C0C000C0DCC000F0CAA6000020400000206000002080000020A0000020C0000020E00000400000004020000040400000406000004080000040A0
310
000040C0000040E00000600000006020000060400000606000006080000060A0000060C0000060E00000800000008020000080400000806000008080000080A0000080C0000080E00000A0000000A0200000A0400000A0600000A0800000A0A00000A0C00000A0E00000C0000000C0200000C0400000C0600000C0800000C0
310
A00000C0C00000C0E00000E0000000E0200000E0400000E0600000E0800000E0A00000E0C00000E0E00040000000400020004000400040006000400080004000A0004000C0004000E00040200000402020004020400040206000402080004020A0004020C0004020E000404000004040200040404000404060004040800040
310
40A0004040C0004040E00040600000406020004060400040606000406080004060A0004060C0004060E00040800000408020004080400040806000408080004080A0004080C0004080E00040A0000040A0200040A0400040A0600040A0800040A0A00040A0C00040A0E00040C0000040C0200040C0400040C0600040C08000
310
40C0A00040C0C00040C0E00040E0000040E0200040E0400040E0600040E0800040E0A00040E0C00040E0E00080000000800020008000400080006000800080008000A0008000C0008000E00080200000802020008020400080206000802080008020A0008020C0008020E00080400000804020008040400080406000804080
310
008040A0008040C0008040E00080600000806020008060400080606000806080008060A0008060C0008060E00080800000808020008080400080806000808080008080A0008080C0008080E00080A0000080A0200080A0400080A0600080A0800080A0A00080A0C00080A0E00080C0000080C0200080C0400080C0600080C0
310
800080C0A00080C0C00080C0E00080E0000080E0200080E0400080E0600080E0800080E0A00080E0C00080E0E000C0000000C0002000C0004000C0006000C0008000C000A000C000C000C000E000C0200000C0202000C0204000C0206000C0208000C020A000C020C000C020E000C0400000C0402000C0404000C0406000C0
310
408000C040A000C040C000C040E000C0600000C0602000C0604000C0606000C0608000C060A000C060C000C060E000C0800000C0802000C0804000C0806000C0808000C080A000C080C000C080E000C0A00000C0A02000C0A04000C0A06000C0A08000C0A0A000C0A0C000C0A0E000C0C00000C0C02000C0C04000C0C06000
310
C0C08000C0C0A000F0FBFF00A4A0A000808080000000FF0000FF000000FFFF00FF000000FF00FF00FFFF0000FFFFFF0000000000000000000000000000000000000000000000000000000000000000000000000000000000000000000000FFFFFFFF00000000000000000000000000000000000000000000000000000000FF
310
FFFFFF00000000000000000000000000000000000000000000000000000000FFFFFFFF0000000000000000000000000000000000000000000000000000000000FFFF00000000000000000000000000000000000000000000000000000000000000FF0000000000000000000000000000000000000000000000000000000000
310
00000000000000000000000000000000000000000000000000000000000000000000000000000000000000000000000000000000000000000000000000000000000000000000000000000000000000000000000000000000000000000000000000000000000000000000000000000000000000000000000000000000000000
310
00000000000000000000000000000000000000000000000000000000000000000000000000000000000000000000000000000000000000000000000000000000000000000000000000000000000000000000000000000000000000000000000000000000000000000000000000000000000000000000000000000000000000
310
00000000000000000000000000000000000000000000000000000000000000000000FFFFFFFF00000000000000000000000000000000000000000000000000000000FF0000FF0000000000000000000000000000000000000000000000000000000000FFFF0000000000000000000000000000000000000000000000000000
310
0000000000FF00000000000000000000000000000000000000000000000000000000000000000000000000000000000000000000000000000000000000000000000000000000000000000000000000000000000000000000000000000000000000000000000000000000000000000000000000000000000000000000000000
310
00000000000000000000000000000000000000000000000000000000000000000000000000000000000000000000000000000000000000000000000000000000000000000000000000000000000000000000000000000000000000000000000000000000000000000000000000000000000000000000000000000000000000
310
0000000000FFFFFFFF00000000000000000000000000000000000000000000000000000000FFFFFFFF00000000000000000000000000000000000000000000000000000000FFFFFFFF0000000000000000000000000000000000000000000000000000000000FFFF0000000000000000000000000000000000000000000000
310
0000000000000000FF0000000000000000000000000000000000000000000000000000000000000000000000000000000000000000000000
 70
     4
280
     1
281
     0
1001
AcDbBlockRepETag
1070
     1
1071
       19
1001
AcDbDynamicBlockTrueName
1000
Tomacorriente
1001
AcDbDynamicBlockGUID
1000
{DF332DCA-DED7-2749-8E8C-CD2FB8F7C42D}
1001
ACAD
1000
DesignCenter Data
1002
{
1070
     1
1070
     4
1002
}
  0
BLOCK_RECORD
  5
628
330
1
100
AcDbSymbolTableRecord
100
AcDbBlockTableRecord
  2
*X24
340
0
102
{BLKREFS
331
627
331
627
102
}
 70
     0
280
     1
281
     0
  0
BLOCK_RECORD
  5
66C
330
1
100
AcDbSymbolTableRecord
100
AcDbBlockTableRecord
  2
*X25
340
0
102
{BLKREFS
331
66B
331
66B
102
}
 70
     0
280
     1
281
     0
  0
BLOCK_RECORD
  5
6EE
330
1
100
AcDbSymbolTableRecord
100
AcDbBlockTableRecord
  2
REFERENCIA DE MURO
340
0
310
2800000020000000200000000100080000000000000400000000000000000000000000000000000000000000000080000080000000808000800000008000800080800000C0C0C000C0DCC000F0CAA6000020400000206000002080000020A0000020C0000020E00000400000004020000040400000406000004080000040A0
310
000040C0000040E00000600000006020000060400000606000006080000060A0000060C0000060E00000800000008020000080400000806000008080000080A0000080C0000080E00000A0000000A0200000A0400000A0600000A0800000A0A00000A0C00000A0E00000C0000000C0200000C0400000C0600000C0800000C0
310
A00000C0C00000C0E00000E0000000E0200000E0400000E0600000E0800000E0A00000E0C00000E0E00040000000400020004000400040006000400080004000A0004000C0004000E00040200000402020004020400040206000402080004020A0004020C0004020E000404000004040200040404000404060004040800040
310
40A0004040C0004040E00040600000406020004060400040606000406080004060A0004060C0004060E00040800000408020004080400040806000408080004080A0004080C0004080E00040A0000040A0200040A0400040A0600040A0800040A0A00040A0C00040A0E00040C0000040C0200040C0400040C0600040C08000
310
40C0A00040C0C00040C0E00040E0000040E0200040E0400040E0600040E0800040E0A00040E0C00040E0E00080000000800020008000400080006000800080008000A0008000C0008000E00080200000802020008020400080206000802080008020A0008020C0008020E00080400000804020008040400080406000804080
310
008040A0008040C0008040E00080600000806020008060400080606000806080008060A0008060C0008060E00080800000808020008080400080806000808080008080A0008080C0008080E00080A0000080A0200080A0400080A0600080A0800080A0A00080A0C00080A0E00080C0000080C0200080C0400080C0600080C0
310
800080C0A00080C0C00080C0E00080E0000080E0200080E0400080E0600080E0800080E0A00080E0C00080E0E000C0000000C0002000C0004000C0006000C0008000C000A000C000C000C000E000C0200000C0202000C0204000C0206000C0208000C020A000C020C000C020E000C0400000C0402000C0404000C0406000C0
310
408000C040A000C040C000C040E000C0600000C0602000C0604000C0606000C0608000C060A000C060C000C060E000C0800000C0802000C0804000C0806000C0808000C080A000C080C000C080E000C0A00000C0A02000C0A04000C0A06000C0A08000C0A0A000C0A0C000C0A0E000C0C00000C0C02000C0C04000C0C06000
310
C0C08000C0C0A000F0FBFF00A4A0A000808080000000FF0000FF000000FFFF00FF000000FF00FF00FFFF0000FFFFFF0000000000000000000000000000000000000000000000000000000000000000000000000000000000000000000000000000000000000000000000000000000000000000000000000000000000000000
310
00000000000000000000000000000000000000000000000000000000000000000000000000000000000000000000000000000000000000000000000000000000000000000000000000000000000000000000000000000000000000000000000000000000000000000000000000000000000000000000000000000000000000
310
00000000000000000000000000000000000000000000000000000000000000000000000000000000000000000000000000000000000000000000000000000000000000000000000000000000000000000000000000000000000000000000000000000000000000000000000000000000000000000000000000000000000000
310
00000000000000000000000000000000000000000000000000FFFFFFFFFFFFFFFFFFFFFFFF00000000000000000000000000000000000000FF000000000000000000000000FF00000000000000000000000000000000FFFFFF00FF0000FF00FFFFFF00FFFFFFFFFF00000000000000000000000000FF00FFFF00FFFF00FFFF
310
FF00FFFFFFFFFFFF00FF0000000000000000000000FF0000FFFFFFFFFF00FFFFFF0000FFFF0000FF0000FFFFFFFFFFFFFFFFFF000000FF00FFFFFF00FFFFFFFFFF0000FFFF0000FF00FFFFFFFFFFFFFFFFFFFF00000000FF00FFFF00FFFFFFFFFF00FFFFFF0000FFFF000000000000000000000000000000FFFF000000FFFF
310
00FFFFFF00FFFFFFFF0000000000000000000000000000000000FF000000FFFF0000FF000000FFFF00000000000000000000000000000000000000FFFFFFFFFFFFFFFFFFFFFFFF0000000000000000000000000000000000000000000000000000000000000000000000000000000000000000000000000000000000000000
310
00000000000000000000000000000000000000000000000000000000000000000000000000000000000000000000000000000000000000000000000000000000000000000000000000000000000000000000000000000000000000000000000000000000000000000000000000000000000000000000000000000000000000
310
00000000000000000000000000000000000000000000000000000000000000000000000000000000000000000000000000000000000000000000000000000000000000000000000000000000000000000000000000000000000000000000000000000000000000000000000000000000000000000000000000000000000000
310
0000000000000000000000000000000000000000000000000000000000000000000000000000000000000000000000000000000000000000
102
{BLKREFS
331
6ED
331
0
331
0
331
0
102
}
 70
     4
280
     1
281
     0
1001
ACAD
1000
DesignCenter Data
1002
{
1070
     1
1070
     4
1002
}
  0
BLOCK_RECORD
  5
79A
330
1
100
AcDbSymbolTableRecord
100
AcDbBlockTableRecord
  2
COLUMNAS
340
0
310
2800000020000000200000000100080000000000000400000000000000000000000000000000000000000000000080000080000000808000800000008000800080800000C0C0C000C0DCC000F0CAA6000020400000206000002080000020A0000020C0000020E00000400000004020000040400000406000004080000040A0
310
000040C0000040E00000600000006020000060400000606000006080000060A0000060C0000060E00000800000008020000080400000806000008080000080A0000080C0000080E00000A0000000A0200000A0400000A0600000A0800000A0A00000A0C00000A0E00000C0000000C0200000C0400000C0600000C0800000C0
310
A00000C0C00000C0E00000E0000000E0200000E0400000E0600000E0800000E0A00000E0C00000E0E00040000000400020004000400040006000400080004000A0004000C0004000E00040200000402020004020400040206000402080004020A0004020C0004020E000404000004040200040404000404060004040800040
310
40A0004040C0004040E00040600000406020004060400040606000406080004060A0004060C0004060E00040800000408020004080400040806000408080004080A0004080C0004080E00040A0000040A0200040A0400040A0600040A0800040A0A00040A0C00040A0E00040C0000040C0200040C0400040C0600040C08000
310
40C0A00040C0C00040C0E00040E0000040E0200040E0400040E0600040E0800040E0A00040E0C00040E0E00080000000800020008000400080006000800080008000A0008000C0008000E00080200000802020008020400080206000802080008020A0008020C0008020E00080400000804020008040400080406000804080
310
008040A0008040C0008040E00080600000806020008060400080606000806080008060A0008060C0008060E00080800000808020008080400080806000808080008080A0008080C0008080E00080A0000080A0200080A0400080A0600080A0800080A0A00080A0C00080A0E00080C0000080C0200080C0400080C0600080C0
310
800080C0A00080C0C00080C0E00080E0000080E0200080E0400080E0600080E0800080E0A00080E0C00080E0E000C0000000C0002000C0004000C0006000C0008000C000A000C000C000C000E000C0200000C0202000C0204000C0206000C0208000C020A000C020C000C020E000C0400000C0402000C0404000C0406000C0
310
408000C040A000C040C000C040E000C0600000C0602000C0604000C0606000C0608000C060A000C060C000C060E000C0800000C0802000C0804000C0806000C0808000C080A000C080C000C080E000C0A00000C0A02000C0A04000C0A06000C0A08000C0A0A000C0A0C000C0A0E000C0C00000C0C02000C0C04000C0C06000
310
C0C08000C0C0A000F0FBFF00A4A0A000808080000000FF0000FF000000FFFF00FF000000FF00FF00FFFF0000FFFFFF0049494949494949494949494949494949494949494949494949494949494949494949494949494949494949494949494949494949494949494949494949494949494949494949494949494949494949
310
494949494949494949494949494949494949494949494949494949494949494949494949494949494949494949494949494949494949494949494949494949494949494949494949494949494949494949494949494949494949494949494949494949494949494949494949494949494949FAFAFAFAFAFAFAFAFAFAFAFAFA
310
FAFAFAFAFAFAFAFAFAFAFAFAFAFAFAFAFA4949FA49494949494949494949494949494949494949494949494949494949FA4949FA49494949494949494949494949494949494949494949494949494949FA4949FA49494949494949494949494949494949494949494949494949494949FA4949FA4949494949494949494949
310
4949494949494949494949494949494949FA4949FA49494949494949494949494949494949494949494949494949494949FA4949FA49494949494949494949494949494949494949494949494949494949FA4949FA49494949494949494949494949494949494949494949494949494949FA4949FA49494949494949494949
310
494949494949494949494949494949494949FA4949FA49494949494949494949494949494949494949494949494949494949FA4949FA49494949494949494949494949494949494949494949494949494949FA4949FA49494949494949494949494949494949494949494949494949494949FA4949FA494949494949494949
310
49494949494949494949494949494949494949FA4949FA49494949494949494949494949494949494949494949494949494949FA4949FA49494949494949494949494949494949494949494949494949494949FA4949FA49494949494949494949494949494949494949494949494949494949FA4949FA4949494949494949
310
4949494949494949494949494949494949494949FA4949FA49494949494949494949494949494949494949494949494949494949FA4949FA49494949494949494949494949494949494949494949494949494949FA4949FAFAFAFAFAFAFAFAFAFAFAFAFAFAFAFAFAFAFAFAFAFAFAFAFAFAFAFAFAFA49494949494949494949
310
49494949494949494949494949494949494949494949494949494949494949494949494949494949494949494949494949494949494949494949494949494949494949494949494949494949494949494949494949494949494949494949494949494949494949494949494949494949494949494949494949494949494949
310
4949494949494949494949494949494949494949494949494949494949494949494949494949494949494949494949494949494949494949
102
{BLKREFS
331
867
331
799
331
0
331
7A2
331
0
331
0
331
0
331
0
331
7A8
331
7A9
102
}
 70
     4
280
     1
281
     0
1001
ACAD
1000
DesignCenter Data
1002
{
1070
     1
1070
     4
1002
}
  0
BLOCK_RECORD
  5
878
330
1
100
AcDbSymbolTableRecord
100
AcDbBlockTableRecord
  2
*D28
340
0
 70
     0
280
     1
281
     0
  0
BLOCK_RECORD
  5
885
102
{ACAD_XDICTIONARY
360
886
102
}
330
1
100
AcDbSymbolTableRecord
100
AcDbBlockTableRecord
  2
dwq
340
0
310
2800000030000000300000000100200000000000002400000100000001000000000000000000000001000000302821FF302821FF302821FF302821FF302821FF302821FF302821FF302821FF302821FF302821FF302821FF302821FF302821FF302821FF302821FF302821FF302821FF302821FF302821FF302821FF302821
310
FF302821FF302821FF302821FF302821FF302821FF302821FF302821FF302821FF302821FF302821FF302821FF302821FF302821FF302821FF302821FF302821FF302821FF302821FF302821FF302821FF302821FF302821FF302821FF302821FF302821FF302821FF302821FF302821FF302821FF302821FF302821FF3028
310
21FF302821FF302821FF302821FF302821FF302821FF302821FF302821FF302821FF302821FF302821FF302821FF302821FF302821FF302821FF302821FF302821FF302821FF302821FF302821FF302821FF302821FF302821FF302821FF302821FF302821FF302821FF302821FF302821FF302821FF302821FF302821FF30
310
2821FF302821FF302821FF302821FF302821FF302821FF302821FF302821FF302821FF302821FF302821FF302821FF302821FF302821FF302821FF302821FF302821FF302821FF302821FF302821FF302821FF302821FF302821FF302821FF302821FF302821FF302821FF302821FF302821FFFF0000FFFF0000FFFF0000FF
310
FF0000FFFF0000FFFF0000FFFF0000FFFF0000FFFF0000FFFF0000FFFF0000FFFF0000FFFF0000FFFF0000FF302821FF302821FF302821FF302821FF302821FF302821FF302821FF302821FF302821FF302821FF302821FF302821FF302821FF302821FF302821FF302821FF302821FF302821FF302821FF302821FF302821
310
FF302821FF302821FF302821FF302821FF302821FF302821FF302821FF302821FF302821FF302821FF302821FF302821FF302821FFFF0000FFFF0000FFFF0000FFFF0000FFFF0000FFFF0000FFFF0000FFFF0000FFFF0000FFFF0000FFFF0000FFFF0000FFFF0000FFFF0000FF302821FF302821FF302821FF302821FF3028
310
21FF302821FF302821FF302821FF302821FF302821FF302821FF302821FF302821FF302821FF302821FF302821FF302821FF302821FF302821FF302821FF302821FF302821FF302821FF302821FF302821FF302821FF302821FF302821FF302821FF302821FF302821FF302821FF302821FF808080FF808080FF808080FF80
310
8080FF808080FF808080FF808080FF808080FF808080FF808080FF808080FF808080FF808080FF808080FF808080FF808080FF302821FF302821FF302821FF302821FF302821FF302821FF302821FF302821FF302821FF302821FF302821FF302821FF302821FF302821FF302821FF302821FF302821FF302821FF302821FF
310
302821FF302821FF302821FF302821FF302821FF302821FF302821FF302821FF302821FF302821FF302821FF302821FF302821FF808080FF808080FF0029A5FF302821FF302821FF302821FF302821FF302821FF302821FF302821FF302821FF302821FF302821FF0029A5FF808080FF808080FF302821FF302821FF302821
310
FF302821FF302821FF302821FF302821FF302821FF302821FF302821FF302821FF302821FF302821FF302821FF302821FF302821FF302821FF302821FF302821FF302821FF302821FF302821FF302821FF302821FF302821FF302821FF302821FF302821FF302821FF302821FF302821FF302821FF808080FF0029A5FF8080
310
80FF808080FF302821FF302821FF302821FF302821FF302821FF302821FF302821FF302821FF808080FF808080FF0029A5FF808080FF302821FF302821FF302821FF302821FF302821FF302821FF302821FF302821FF302821FF302821FF302821FF302821FF302821FF302821FF302821FF302821FF302821FF302821FF30
310
2821FF302821FF302821FF302821FF302821FF302821FF302821FF302821FF302821FF302821FF302821FF302821FF302821FF302821FF808080FF0029A5FF0029A5FF302821FF808080FF302821FF302821FF302821FF302821FF302821FF302821FF808080FF302821FF0029A5FF0029A5FF808080FF302821FF302821FF
310
302821FF302821FF302821FF302821FF302821FF302821FF302821FF302821FF302821FF302821FF302821FF302821FF302821FF302821FF302821FF302821FF302821FF302821FF302821FF302821FF302821FF302821FF302821FF302821FF302821FF302821FF302821FF302821FF302821FF302821FF808080FF0029A5
310
FF0029A5FF302821FF302821FF808080FF302821FF302821FF302821FF302821FF808080FF302821FF302821FF0029A5FF0029A5FF808080FF302821FF302821FF302821FF302821FF302821FF302821FF302821FF302821FF302821FF302821FF302821FF302821FF302821FF302821FF302821FF302821FF302821FF3028
310
21FF302821FF302821FF302821FF302821FF302821FF302821FF302821FF302821FF302821FF302821FF302821FF302821FF302821FF302821FF808080FF0029A5FF0029A5FF302821FF302821FF302821FF808080FF302821FF302821FF808080FF302821FF302821FF302821FF0029A5FF0029A5FF808080FF302821FF30
310
2821FF302821FF302821FF302821FF302821FF302821FF302821FF302821FF302821FF302821FF302821FF302821FF302821FF302821FF302821FF302821FF302821FF302821FF302821FF302821FF302821FF302821FF302821FF302821FF302821FF302821FF302821FF302821FF302821FF302821FF302821FF808080FF
310
0029A5FF0029A5FF302821FF302821FF302821FF302821FF808080FF808080FF302821FF302821FF302821FF302821FF0029A5FF0029A5FF808080FF302821FF302821FF302821FF302821FF302821FF302821FF302821FF302821FF302821FF302821FF302821FF302821FF302821FF302821FF302821FF302821FF302821
310
FF302821FF302821FF302821FF302821FF302821FF302821FF302821FF302821FF302821FF302821FF302821FF302821FF302821FF302821FF302821FF808080FF0029A5FF0029A5FF302821FF302821FF302821FF808080FF302821FF302821FF808080FF302821FF302821FF302821FF0029A5FF0029A5FF808080FF3028
310
21FF302821FF302821FF302821FF302821FF302821FF302821FF302821FF302821FF302821FF302821FF302821FF302821FF302821FF302821FF302821FF302821FF302821FF302821FF302821FF302821FF302821FF302821FF302821FF302821FF302821FF302821FF302821FF302821FF302821FF302821FF302821FF80
310
8080FF0029A5FF0029A5FF302821FF302821FF808080FF302821FF302821FF302821FF302821FF808080FF302821FF302821FF0029A5FF0029A5FF808080FF302821FF302821FF302821FF302821FF302821FF302821FF302821FF302821FF302821FF302821FF302821FF302821FF302821FF302821FF302821FF302821FF
310
302821FF302821FF302821FF302821FF302821FF302821FF302821FF302821FF302821FF302821FF302821FF302821FF302821FF302821FF302821FF302821FF808080FF0029A5FF0029A5FF302821FF808080FF302821FF302821FF302821FF302821FF302821FF302821FF808080FF302821FF0029A5FF0029A5FF808080
310
FF302821FF302821FF302821FF302821FF302821FF302821FF302821FF302821FF302821FF302821FF302821FF302821FF302821FF302821FF302821FF302821FF302821FF302821FF302821FF302821FF302821FF302821FF302821FF302821FF302821FF302821FF302821FF302821FF302821FF302821FF302821FF3028
310
21FF808080FF0029A5FF808080FF808080FF302821FF302821FF302821FF302821FF302821FF302821FF302821FF302821FF808080FF808080FF0029A5FF808080FF302821FF302821FF302821FF302821FF302821FF302821FF302821FF302821FF302821FF302821FF302821FF302821FF302821FF302821FF302821FF30
310
2821FF302821FF302821FF302821FF302821FF302821FF302821FF302821FF302821FF302821FF302821FF302821FF302821FF302821FF302821FF302821FF302821FF808080FF808080FF0029A5FF302821FF302821FF302821FF302821FF302821FF302821FF302821FF302821FF302821FF302821FF0029A5FF808080FF
310
808080FF302821FF302821FF302821FF302821FF302821FF302821FF302821FF302821FF302821FF302821FF302821FF302821FF302821FF302821FF302821FF302821FF302821FF302821FF302821FF302821FF302821FF302821FF302821FF302821FF302821FF302821FF302821FF302821FF302821FF302821FF302821
310
FF302821FF808080FF808080FF808080FF808080FF808080FF808080FF808080FF808080FF808080FF808080FF808080FF808080FF808080FF808080FF808080FF808080FF302821FF302821FF302821FF302821FF302821FF302821FF302821FF302821FF302821FF302821FF302821FF302821FF302821FF302821FF3028
310
21FF302821FF302821FF302821FF302821FF302821FF302821FF302821FF302821FF302821FF302821FF302821FF302821FF302821FF302821FF302821FF302821FF302821FF808080FF808080FF808080FF808080FF808080FF808080FF808080FF808080FF808080FF808080FF808080FF808080FF808080FF808080FF80
310
8080FF808080FF302821FF302821FF302821FF302821FF302821FF302821FF302821FF302821FF302821FF302821FF302821FF302821FF302821FF302821FF302821FF302821FF302821FF302821FF302821FF302821FF302821FF302821FF302821FF302821FF302821FF302821FF302821FF302821FF302821FF302821FF
310
302821FF302821FF808080FF808080FF0029A5FF302821FF302821FF302821FF302821FF302821FF302821FF302821FF302821FF302821FF302821FF0029A5FF808080FF808080FF302821FF302821FF302821FF302821FF302821FF302821FF302821FF302821FF302821FF302821FF302821FF302821FF302821FF302821
310
FF302821FF302821FF302821FF302821FF302821FF302821FF302821FF302821FF302821FF302821FF302821FF302821FF302821FF302821FF302821FF302821FF302821FF302821FF808080FF0029A5FF808080FF302821FF302821FF302821FF302821FF302821FF302821FF302821FF302821FF302821FF302821FF8080
310
80FF0029A5FF808080FF302821FF302821FF302821FF302821FF302821FF302821FF302821FF302821FF302821FF302821FF302821FF302821FF302821FF302821FF302821FF302821FF302821FF302821FF302821FF302821FF302821FF302821FF302821FF302821FF302821FF302821FF302821FF302821FF302821FF30
310
2821FF302821FF302821FF808080FF0029A5FF0029A5FF808080FF808080FF302821FF302821FF302821FF302821FF302821FF302821FF808080FF808080FF0029A5FF0029A5FF808080FF302821FF302821FF302821FF302821FF302821FF302821FF302821FF302821FF302821FF302821FF302821FF302821FF302821FF
310
302821FF302821FF302821FF302821FF302821FF302821FF302821FF302821FF302821FF302821FF302821FF302821FF302821FF302821FF302821FF302821FF302821FF302821FF302821FF808080FF0029A5FF0029A5FF302821FF302821FF808080FF302821FF302821FF302821FF302821FF808080FF302821FF302821
310
FF0029A5FF0029A5FF808080FF302821FF302821FF302821FF302821FF302821FF302821FF302821FF302821FF302821FF302821FF302821FF302821FF302821FF302821FF302821FF302821FF302821FF302821FF302821FF302821FF302821FF302821FF302821FF302821FF302821FF302821FF302821FF302821FF3028
310
21FF302821FF302821FF302821FF808080FF0029A5FF0029A5FF302821FF302821FF302821FF808080FF302821FF302821FF808080FF302821FF302821FF302821FF0029A5FF0029A5FF808080FF302821FF302821FF302821FF302821FF302821FF302821FF302821FF302821FF302821FF302821FF302821FF302821FF30
310
2821FF302821FF302821FF302821FF302821FF302821FF302821FF302821FF302821FF302821FF302821FF302821FF302821FF302821FF302821FF302821FF302821FF302821FF302821FF302821FF808080FF0029A5FF0029A5FF302821FF302821FF302821FF302821FF808080FF808080FF302821FF302821FF302821FF
310
302821FF0029A5FF0029A5FF808080FF302821FF302821FF302821FF302821FF302821FF302821FF302821FF302821FF302821FF302821FF302821FF302821FF302821FF302821FF302821FF302821FF302821FF302821FF302821FF302821FF302821FF302821FF302821FF302821FF302821FF302821FF302821FF302821
310
FF302821FF302821FF302821FF302821FF808080FF0029A5FF0029A5FF302821FF302821FF302821FF302821FF808080FF808080FF302821FF302821FF302821FF302821FF0029A5FF0029A5FF808080FF302821FF302821FF302821FF302821FF302821FF302821FF302821FF302821FF302821FF302821FF302821FF3028
310
21FF302821FF302821FF302821FF302821FF302821FF302821FF302821FF302821FF302821FF302821FF302821FF302821FF302821FF302821FF302821FF302821FF302821FF302821FF302821FF302821FF808080FF0029A5FF0029A5FF302821FF302821FF302821FF808080FF302821FF302821FF808080FF302821FF30
310
2821FF302821FF0029A5FF0029A5FF808080FF302821FF302821FF302821FF302821FF302821FF302821FF302821FF302821FF302821FF302821FF302821FF302821FF302821FF302821FF302821FF302821FF302821FF302821FF302821FF302821FF302821FF302821FF302821FF302821FF302821FF302821FF302821FF
310
302821FF302821FF302821FF302821FF302821FF808080FF0029A5FF0029A5FF302821FF302821FF808080FF302821FF302821FF302821FF302821FF808080FF302821FF302821FF0029A5FF0029A5FF808080FF302821FF302821FF302821FF302821FF302821FF302821FF302821FF302821FF302821FF302821FF302821
310
FF302821FF302821FF302821FF302821FF302821FF302821FF302821FF302821FF302821FF302821FF302821FF302821FF302821FF302821FF302821FF302821FF302821FF302821FF302821FF302821FF302821FF808080FF0029A5FF0029A5FF808080FF808080FF302821FF302821FF302821FF302821FF302821FF3028
310
21FF808080FF808080FF0029A5FF0029A5FF808080FF302821FF302821FF302821FF302821FF302821FF302821FF302821FF302821FF302821FF302821FF302821FF302821FF302821FF302821FF302821FF302821FF302821FF302821FF302821FF302821FF302821FF302821FF302821FF302821FF302821FF302821FF30
310
2821FF302821FF302821FF302821FF302821FF302821FF808080FF0029A5FF808080FF302821FF302821FF302821FF302821FF302821FF302821FF302821FF302821FF302821FF302821FF808080FF0029A5FF808080FF302821FF302821FF302821FF302821FF302821FF302821FF302821FF302821FF302821FF302821FF
310
302821FF302821FF302821FF302821FF302821FF302821FF302821FF302821FF302821FF302821FF302821FF302821FF302821FF302821FF302821FF302821FF302821FF302821FF302821FF302821FF302821FF302821FF808080FF808080FF0029A5FF302821FF302821FF302821FF302821FF302821FF302821FF302821
310
FF302821FF302821FF302821FF0029A5FF808080FF808080FF302821FF302821FF302821FF302821FF302821FF302821FF302821FF302821FF302821FF302821FF302821FF302821FF302821FF302821FF302821FF302821FF302821FF302821FF302821FF302821FF302821FF302821FF302821FF302821FF302821FF3028
310
21FF302821FF302821FF302821FF302821FF302821FF302821FF808080FF808080FF808080FF808080FF808080FF808080FF808080FF808080FF808080FF808080FF808080FF808080FF808080FF808080FF808080FF808080FF302821FF302821FF302821FF302821FF302821FF302821FF302821FF302821FF302821FF30
310
2821FF302821FF302821FF302821FF302821FF302821FF302821FF302821FF302821FF302821FF302821FF302821FF302821FF302821FF302821FF302821FF302821FF302821FF302821FF302821FF302821FF302821FF302821FF808080FF808080FF808080FF808080FF808080FF808080FF808080FF808080FF808080FF
310
808080FF808080FF808080FF808080FF808080FF808080FF808080FF302821FF302821FF302821FF302821FF302821FF302821FF302821FF302821FF302821FF302821FF302821FF302821FF302821FF302821FF302821FF302821FF302821FF302821FF302821FF302821FF302821FF302821FF302821FF302821FF302821
310
FF302821FF302821FF302821FF302821FF302821FF302821FF302821FF808080FF808080FF0029A5FF302821FF302821FF302821FF302821FF302821FF302821FF302821FF302821FF302821FF302821FF0029A5FF808080FF808080FF302821FF302821FF302821FF302821FF302821FF302821FF302821FF302821FF3028
310
21FF302821FF302821FF302821FF302821FF302821FF302821FF302821FF302821FF302821FF302821FF302821FF302821FF302821FF302821FF302821FF302821FF302821FF302821FF302821FF302821FF302821FF302821FF302821FF808080FF0029A5FF808080FF808080FF302821FF302821FF302821FF302821FF30
310
2821FF302821FF302821FF302821FF808080FF808080FF0029A5FF808080FF302821FF302821FF302821FF302821FF302821FF302821FF302821FF302821FF302821FF302821FF302821FF302821FF302821FF302821FF302821FF302821FF302821FF302821FF302821FF302821FF302821FF302821FF302821FF302821FF
310
302821FF302821FF302821FF302821FF302821FF302821FF302821FF302821FF808080FF0029A5FF0029A5FF302821FF808080FF302821FF302821FF302821FF302821FF302821FF302821FF808080FF302821FF0029A5FF0029A5FF808080FF302821FF302821FF302821FF302821FF302821FF302821FF302821FF302821
310
FF302821FF302821FF302821FF302821FF302821FF302821FF302821FF302821FF302821FF302821FF302821FF302821FF302821FF302821FF302821FF302821FF302821FF302821FF302821FF302821FF302821FF302821FF302821FF302821FF808080FF0029A5FF0029A5FF302821FF302821FF808080FF302821FF3028
310
21FF302821FF302821FF808080FF302821FF302821FF0029A5FF0029A5FF808080FF302821FF302821FF302821FF302821FF302821FF302821FF302821FF302821FF302821FF302821FF302821FF302821FF302821FF302821FF302821FF302821FF302821FF302821FF302821FF302821FF302821FF302821FF302821FF30
310
2821FF302821FF302821FF302821FF302821FF302821FF302821FF302821FF302821FF808080FF0029A5FF0029A5FF302821FF302821FF302821FF808080FF302821FF302821FF808080FF302821FF302821FF302821FF0029A5FF0029A5FF808080FF302821FF302821FF302821FF302821FF302821FF302821FF302821FF
310
302821FF302821FF302821FF302821FF302821FF302821FF302821FF302821FF302821FF302821FF302821FF302821FF302821FF302821FF302821FF302821FF302821FF302821FF302821FF302821FF302821FF302821FF302821FF302821FF302821FF808080FF0029A5FF0029A5FF302821FF302821FF302821FF302821
310
FF808080FF808080FF302821FF302821FF302821FF302821FF0029A5FF0029A5FF808080FF302821FF302821FF302821FF302821FF302821FF302821FF302821FF302821FF302821FF302821FF302821FF302821FF302821FF302821FF302821FF302821FF302821FF302821FF302821FF302821FF302821FF302821FF3028
310
21FF302821FF302821FF302821FF302821FF302821FF302821FF302821FF302821FF302821FF808080FF0029A5FF0029A5FF302821FF302821FF302821FF808080FF302821FF302821FF808080FF302821FF302821FF302821FF0029A5FF0029A5FF808080FF302821FF302821FF302821FF302821FF302821FF302821FF30
310
2821FF302821FF302821FF302821FF302821FF302821FF302821FF302821FF302821FF302821FF302821FF302821FF302821FF302821FF302821FF302821FF302821FF302821FF302821FF302821FF302821FF302821FF302821FF302821FF302821FF302821FF808080FF0029A5FF0029A5FF302821FF302821FF808080FF
310
302821FF302821FF302821FF302821FF808080FF302821FF302821FF0029A5FF0029A5FF808080FF302821FF302821FF302821FF302821FF302821FF302821FF302821FF302821FF302821FF302821FF302821FF302821FF302821FF302821FF302821FF302821FF302821FF302821FF302821FF302821FF302821FF302821
310
FF302821FF302821FF302821FF302821FF302821FF302821FF302821FF302821FF302821FF302821FF808080FF0029A5FF0029A5FF302821FF808080FF302821FF302821FF302821FF302821FF302821FF302821FF808080FF302821FF0029A5FF0029A5FF808080FF302821FF302821FF302821FF302821FF302821FF3028
310
21FF302821FF302821FF302821FF302821FF302821FF302821FF302821FF302821FF302821FF302821FF302821FF302821FF302821FF302821FF302821FF302821FF302821FF302821FF302821FF302821FF302821FF302821FF302821FF302821FF302821FF302821FF808080FF0029A5FF808080FF808080FF302821FF30
310
2821FF302821FF302821FF302821FF302821FF302821FF302821FF808080FF808080FF0029A5FF808080FF302821FF302821FF302821FF302821FF302821FF302821FF302821FF302821FF302821FF302821FF302821FF302821FF302821FF302821FF302821FF302821FF302821FF302821FF302821FF302821FF302821FF
310
302821FF302821FF302821FF302821FF302821FF302821FF302821FF302821FF302821FF302821FF302821FF808080FF808080FF0029A5FF302821FF302821FF302821FF302821FF302821FF302821FF302821FF302821FF302821FF302821FF0029A5FF808080FF808080FF302821FF302821FF302821FF302821FF302821
310
FF302821FF302821FF302821FF302821FF302821FF302821FF302821FF302821FF302821FF302821FF302821FF302821FF302821FF302821FF302821FF302821FF302821FF302821FF302821FF302821FF302821FF302821FF302821FF302821FF302821FF302821FF302821FF808080FF808080FF808080FF808080FF8080
310
80FF808080FF808080FF808080FF808080FF808080FF808080FF808080FF808080FF808080FF808080FF808080FF302821FF302821FF302821FF302821FF302821FF302821FF302821FF302821FF302821FF302821FF302821FF302821FF302821FF302821FF302821FF302821FF302821FF302821FF302821FF302821FF30
310
2821FF302821FF302821FF302821FF302821FF302821FF302821FF302821FF302821FF302821FF302821FF302821FF302821FFFF0000FFFF0000FFFF0000FFFF0000FFFF0000FFFF0000FFFF0000FFFF0000FFFF0000FFFF0000FFFF0000FFFF0000FFFF0000FFFF0000FF302821FF302821FF302821FF302821FF302821FF
310
302821FF302821FF302821FF302821FF302821FF302821FF302821FF302821FF302821FF302821FF302821FF302821FF302821FF302821FF302821FF302821FF302821FF302821FF302821FF302821FF302821FF302821FF302821FF302821FF302821FF302821FF302821FF302821FF302821FFFF0000FFFF0000FFFF0000
310
FFFF0000FFFF0000FFFF0000FFFF0000FFFF0000FFFF0000FFFF0000FFFF0000FFFF0000FFFF0000FFFF0000FF302821FF302821FF302821FF302821FF302821FF302821FF302821FF302821FF302821FF302821FF302821FF302821FF302821FF302821FF302821FF302821FF302821FF302821FF302821FF302821FF3028
310
21FF302821FF302821FF302821FF302821FF302821FF302821FF302821FF302821FF302821FF302821FF302821FF302821FF302821FF302821FF302821FF302821FF302821FF302821FF302821FF302821FF302821FF302821FF302821FF302821FF302821FF302821FF302821FF302821FF302821FF302821FF302821FF30
310
2821FF302821FF302821FF302821FF302821FF302821FF302821FF302821FF302821FF302821FF302821FF302821FF302821FF302821FF302821FF302821FF302821FF302821FF302821FF302821FF302821FF302821FF302821FF302821FF302821FF302821FF302821FF302821FF302821FF302821FF302821FF302821FF
310
302821FF302821FF302821FF302821FF302821FF302821FF302821FF302821FF302821FF302821FF302821FF302821FF302821FF302821FF302821FF302821FF302821FF302821FF302821FF302821FF302821FF302821FF302821FF302821FF302821FF302821FF302821FF302821FF
102
{BLKREFS
331
884
331
89B
331
89C
331
8AC
331
945
331
947
331
948
331
949
331
94A
102
}
 70
     6
280
     1
281
     1
1001
AcDbDynamicBlockGUID
1000
{210468BD-DE7C-9F46-BCD9-31B49759D39A}
1001
ACAD
1000
DesignCenter Data
1002
{
1070
     1
1070
     6
1002
}
  0
BLOCK_RECORD
  5
88E
102
{ACAD_XDICTIONARY
360
88F
102
}
330
1
100
AcDbSymbolTableRecord
100
AcDbBlockTableRecord
  2
A$C0D016993
340
0
310
2800000020000000200000000100080000000000000400000000000000000000000000000000000000000000000080000080000000808000800000008000800080800000C0C0C000C0DCC000F0CAA6000020400000206000002080000020A0000020C0000020E00000400000004020000040400000406000004080000040A0
310
000040C0000040E00000600000006020000060400000606000006080000060A0000060C0000060E00000800000008020000080400000806000008080000080A0000080C0000080E00000A0000000A0200000A0400000A0600000A0800000A0A00000A0C00000A0E00000C0000000C0200000C0400000C0600000C0800000C0
310
A00000C0C00000C0E00000E0000000E0200000E0400000E0600000E0800000E0A00000E0C00000E0E00040000000400020004000400040006000400080004000A0004000C0004000E00040200000402020004020400040206000402080004020A0004020C0004020E000404000004040200040404000404060004040800040
310
40A0004040C0004040E00040600000406020004060400040606000406080004060A0004060C0004060E00040800000408020004080400040806000408080004080A0004080C0004080E00040A0000040A0200040A0400040A0600040A0800040A0A00040A0C00040A0E00040C0000040C0200040C0400040C0600040C08000
310
40C0A00040C0C00040C0E00040E0000040E0200040E0400040E0600040E0800040E0A00040E0C00040E0E00080000000800020008000400080006000800080008000A0008000C0008000E00080200000802020008020400080206000802080008020A0008020C0008020E00080400000804020008040400080406000804080
310
008040A0008040C0008040E00080600000806020008060400080606000806080008060A0008060C0008060E00080800000808020008080400080806000808080008080A0008080C0008080E00080A0000080A0200080A0400080A0600080A0800080A0A00080A0C00080A0E00080C0000080C0200080C0400080C0600080C0
310
800080C0A00080C0C00080C0E00080E0000080E0200080E0400080E0600080E0800080E0A00080E0C00080E0E000C0000000C0002000C0004000C0006000C0008000C000A000C000C000C000E000C0200000C0202000C0204000C0206000C0208000C020A000C020C000C020E000C0400000C0402000C0404000C0406000C0
310
408000C040A000C040C000C040E000C0600000C0602000C0604000C0606000C0608000C060A000C060C000C060E000C0800000C0802000C0804000C0806000C0808000C080A000C080C000C080E000C0A00000C0A02000C0A04000C0A06000C0A08000C0A0A000C0A0C000C0A0E000C0C00000C0C02000C0C04000C0C06000
310
C0C08000C0C0A000F0FBFF00A4A0A000808080000000FF0000FF000000FFFF00FF000000FF00FF00FFFF0000FFFFFF00494949494949494949494949494949494949494949494949494949494949494949494949FFFFFFFFFFFFFFFFFFFFFFFFFFFFFFFFFFFFFFFFFFFFFFFF4949494949494949FFFF494949494949494949
310
4949494949494949494949FFFF4949494949494949FF49FF494949494949494949494949494949494949FF49FF4949494949494949FF49FF494949494949494949494949494949494949FF49FF4949494949494949FF4949FF49494949494949494949494949494949FF4949FF4949494949494949FF494949FF4949494949
310
494949494949494949FF494949FF4949494949494949FF49494949FF494949494949494949494949FF49494949FF4949494949494949FF4949494949FF49494949494949494949FF4949494949FF4949494949494949FF4949494949FF49494949494949494949FF4949494949FF4949494949494949FF494949494949FF49
310
49494949494949FF494949494949FF4949494949494949FF49494949494949FF494949494949FF49494949494949FF4949494949494949FF4949494949494949FF49494949FF4949494949494949FF4949494949494949FF494949494949494949FF4949FF494949494949494949FF4949494949494949FF49494949494949
310
4949FF4949FF494949494949494949FF4949494949494949FF49494949494949494949FFFF49494949494949494949FF4949494949494949FF49494949494949494949FFFF49494949494949494949FF4949494949494949FF494949494949494949FF4949FF494949494949494949FF4949494949494949FF494949494949
310
494949FF4949FF494949494949494949FF4949494949494949FF4949494949494949FF49494949FF4949494949494949FF4949494949494949FF49494949494949FF494949494949FF49494949494949FF4949494949494949FF494949494949FF4949494949494949FF494949494949FF4949494949494949FF4949494949
310
FF49494949494949494949FF4949494949FF4949494949494949FF4949494949FF49494949494949494949FF4949494949FF4949494949494949FF49494949FF494949494949494949494949FF49494949FF4949494949494949FF494949FF4949494949494949494949494949FF494949FF4949494949494949FF4949FF49
310
494949494949494949494949494949FF4949FF4949494949494949FF49FF494949494949494949494949494949494949FF49FF4949494949494949FF49FF494949494949494949494949494949494949FF49FF4949494949494949FFFF4949494949494949494949494949494949494949FFFF4949494949494949FFFFFFFF
310
FFFFFFFFFFFFFFFFFFFFFFFFFFFFFFFFFFFFFFFF494949494949494949494949494949494949494949494949494949494949494949494949
102
{BLKREFS
331
88D
331
896
331
897
331
0
331
0
331
8AA
331
8AB
331
88D
331
896
331
897
102
}
 70
     0
280
     1
281
     0
1001
AcDbDynamicBlockGUID
1000
{BC42AFFE-15A4-2E43-AB44-420183D7DB7F}
  0
BLOCK_RECORD
  5
8FA
330
1
100
AcDbSymbolTableRecord
100
AcDbBlockTableRecord
  2
Escritorio Gte
340
0
310
2800000020000000200000000100080000000000000400000000000000000000000000000000000000000000000080000080000000808000800000008000800080800000C0C0C000C0DCC000F0CAA6000020400000206000002080000020A0000020C0000020E00000400000004020000040400000406000004080000040A0
310
000040C0000040E00000600000006020000060400000606000006080000060A0000060C0000060E00000800000008020000080400000806000008080000080A0000080C0000080E00000A0000000A0200000A0400000A0600000A0800000A0A00000A0C00000A0E00000C0000000C0200000C0400000C0600000C0800000C0
310
A00000C0C00000C0E00000E0000000E0200000E0400000E0600000E0800000E0A00000E0C00000E0E00040000000400020004000400040006000400080004000A0004000C0004000E00040200000402020004020400040206000402080004020A0004020C0004020E000404000004040200040404000404060004040800040
310
40A0004040C0004040E00040600000406020004060400040606000406080004060A0004060C0004060E00040800000408020004080400040806000408080004080A0004080C0004080E00040A0000040A0200040A0400040A0600040A0800040A0A00040A0C00040A0E00040C0000040C0200040C0400040C0600040C08000
310
40C0A00040C0C00040C0E00040E0000040E0200040E0400040E0600040E0800040E0A00040E0C00040E0E00080000000800020008000400080006000800080008000A0008000C0008000E00080200000802020008020400080206000802080008020A0008020C0008020E00080400000804020008040400080406000804080
310
008040A0008040C0008040E00080600000806020008060400080606000806080008060A0008060C0008060E00080800000808020008080400080806000808080008080A0008080C0008080E00080A0000080A0200080A0400080A0600080A0800080A0A00080A0C00080A0E00080C0000080C0200080C0400080C0600080C0
310
800080C0A00080C0C00080C0E00080E0000080E0200080E0400080E0600080E0800080E0A00080E0C00080E0E000C0000000C0002000C0004000C0006000C0008000C000A000C000C000C000E000C0200000C0202000C0204000C0206000C0208000C020A000C020C000C020E000C0400000C0402000C0404000C0406000C0
310
408000C040A000C040C000C040E000C0600000C0602000C0604000C0606000C0608000C060A000C060C000C060E000C0800000C0802000C0804000C0806000C0808000C080A000C080C000C080E000C0A00000C0A02000C0A04000C0A06000C0A08000C0A0A000C0A0C000C0A0E000C0C00000C0C02000C0C04000C0C06000
310
C0C08000C0C0A000F0FBFF00A4A0A000808080000000FF0000FF000000FFFF00FF000000FF00FF00FFFF0000FFFFFF0049494949494949494949494949494949494949494949494949494949494949494949494949494949494949494949494949494949494949494949494949494949494949494949494949494949494949
310
49494949494949494949494949494949494949494949494949494949494949494949494949494949494949494949494949494949494949494949494949494949494949494949494949494949494949494949A4A4A4A4A4A4A4A4A4A4A4A4A4A4A4A4A4A4A4A4A4A449494949494949494949A44949494949494949494949A4
310
4949494949494949A4A4A4A4A4A4A4A4494949A44949494949494949494949A44949494949494949A4A4A4A4A4A4A4A4494949A44949494949494949494949A44949494949494949A4A44949494949A4A44949A44949494949494949494949A44949494949494949A4A44949494949A4A44949A44949494949494949494949
310
A44949494949494949A4A44949494949A4A44949A4A4A4A4A4A4A4A4A4A4A4A4A44949494949494949A4A44949494949A4A44949494949494949494949494949A44949494949494949A4A4A4A4A4A4A4A4494949494949494949494949494949A44949494949494949A4494949494949494949494949494949494949494949
310
49A44949494949494949A449494949494949494949494949494949A44949494949A44949494949494949A449A4A4A4A4A4A44949494949494949A449A4A4494949A44949494949494949A4A4A4A4A4A4A4A449494949494949A4A4494949A44949A44949494949494949A4A44949494949A4A44949494949A4A44949494949
310
A449A44949494949494949A4A44949494949A4A44949494949A44949494949A4A449A44949494949494949A4A44949494949A4A44949494949A4A449494949A44949A44949494949494949A4A44949494949A4A4494949494949A4A4A449A4494949A44949494949494949A4A4A4A4A4A4A4A4494949494949494949A4A449
310
494949A44949494949494949A449494949494949494949494949494949494949494949A44949494949494949A44949494949494949494949494949494949494949494949A4494949494949A4494949494949494949494949494949494949494949494949A4A4A44949A4A44949494949494949494949494949494949494949
310
4949494949494949A4A4494949494949494949494949494949494949494949494949494949494949494949494949494949494949494949494949494949494949494949494949494949494949494949494949494949494949494949494949494949494949494949494949494949494949494949494949494949494949494949
310
4949494949494949494949494949494949494949494949494949494949494949494949494949494949494949494949494949494949494949
102
{BLKREFS
331
8F9
102
}
 70
     4
280
     1
281
     0
1001
AcDbDynamicBlockGUID
1000
{09C740D5-34E7-D740-BA50-CFB69BB2C015}
1001
ACAD
1000
DesignCenter Data
1002
{
1070
     1
1070
     4
1002
}
  0
BLOCK_RECORD
  5
951
330
1
100
AcDbSymbolTableRecord
100
AcDbBlockTableRecord
  2
*D32
340
0
 70
     0
280
     1
281
     0
  0
BLOCK_RECORD
  5
960
330
1
100
AcDbSymbolTableRecord
100
AcDbBlockTableRecord
  2
*D33
340
0
 70
     0
280
     1
281
     0
  0
ENDTAB
  0
ENDSEC
  0
SECTION
  2
BLOCKS
  0
BLOCK
  5
20
330
1F
100
AcDbEntity
  8
0
100
AcDbBlockBegin
  2
*Model_Space
 70
     0
 10
0.0
 20
0.0
 30
0.0
  3
*Model_Space
  1
*Model_Space
  0
ENDBLK
  5
21
330
1F
100
AcDbEntity
  8
0
100
AcDbBlockEnd
  0
BLOCK
  5
D8
330
D6
100
AcDbEntity
 67
     1
  8
0
100
AcDbBlockBegin
  2
*Paper_Space
 70
     0
 10
0.0
 20
0.0
 30
0.0
  3
*Paper_Space
  1
*Paper_Space
  0
ENDBLK
  5
D9
330
D6
100
AcDbEntity
 67
     1
  8
0
100
AcDbBlockEnd
  0
BLOCK
  5
21C
330
21A
100
AcDbEntity
  8
0
100
AcDbBlockBegin
  2
*Paper_Space0
 70
     0
 10
0.0
 20
0.0
 30
0.0
  3
*Paper_Space0
  1
*Paper_Space0
  0
VIEWPORT
  5
21E
330
21A
100
AcDbEntity
  8
0
 48
100.0
100
AcDbViewport
 10
0.0
 20
0.0
 30
0.0
 40
840.779612
 41
486.114466
 68
     1
 69
     1
 12
328.692132
 22
196.71883
 13
0.0
 23
0.0
 14
10.0
 24
10.0
 15
10.0
 25
10.0
 16
0.0
 26
0.0
 36
1.0
 17
0.0
 27
0.0
 37
0.0
 42
50.0
 43
0.0
 44
0.0
 45
486.114466
 50
0.0
 51
0.0
 72
   100
 90
   557168
  1

281
     0
 71
     1
 74
     0
110
0.0
120
0.0
130
0.0
111
1.0
121
0.0
131
0.0
112
0.0
122
1.0
132
0.0
 79
     0
146
0.0
170
     0
 61
     5
348
F5
292
     1
282
     1
141
0.0
142
0.0
 63
   256
  0
ENDBLK
  5
21D
330
21A
100
AcDbEntity
  8
0
100
AcDbBlockEnd
  0
BLOCK
  5
1ED
330
1EC
100
AcDbEntity
  8
0
100
AcDbBlockBegin
  2
_ARCHTICK
 70
     0
 10
0.0
 20
0.0
 30
0.0
  3
_ARCHTICK
  1
_ARCHTICK
  0
POLYLINE
  5
1EF
330
1EC
100
AcDbEntity
  8
0
  6
ByBlock
 62
     0
100
AcDb2dPolyline
 66
     1
 10
0.0
 20
0.0
 30
0.0
 40
0.15
 41
0.15
  0
VERTEX
  5
1F0
330
1EF
100
AcDbEntity
  8
0
  6
ByBlock
 62
     0
100
AcDbVertex
100
AcDb2dVertex
 10
-0.5
 20
-0.5
 30
0.0
  0
VERTEX
  5
1F1
330
1EF
100
AcDbEntity
  8
0
  6
ByBlock
 62
     0
100
AcDbVertex
100
AcDb2dVertex
 10
0.5
 20
0.5
 30
0.0
  0
SEQEND
  5
1F2
330
1EF
100
AcDbEntity
  8
0
  6
ByBlock
 62
     0
  0
ENDBLK
  5
1EE
330
1EC
100
AcDbEntity
  8
0
100
AcDbBlockEnd
  0
BLOCK
  5
1F5
330
1F4
100
AcDbEntity
  8
0
100
AcDbBlockBegin
  2
_OPEN30
 70
     0
 10
0.0
 20
0.0
 30
0.0
  3
_OPEN30
  1
_OPEN30
  0
LINE
  5
1F7
330
1F4
100
AcDbEntity
  8
0
  6
ByBlock
 62
     0
370
    -2
100
AcDbLine
 10
-1.0
 20
0.267949
 30
0.0
 11
0.0
 21
0.0
 31
0.0
  0
LINE
  5
1F8
330
1F4
100
AcDbEntity
  8
0
  6
ByBlock
 62
     0
370
    -2
100
AcDbLine
 10
0.0
 20
0.0
 30
0.0
 11
-1.0
 21
-0.267949
 31
0.0
  0
LINE
  5
1F9
330
1F4
100
AcDbEntity
  8
0
  6
ByBlock
 62
     0
370
    -2
100
AcDbLine
 10
0.0
 20
0.0
 30
0.0
 11
-1.0
 21
0.0
 31
0.0
  0
ENDBLK
  5
1F6
330
1F4
100
AcDbEntity
  8
0
100
AcDbBlockEnd
  0
BLOCK
  5
1FD
330
1FC
100
AcDbEntity
  8
0
100
AcDbBlockBegin
  2
_DOT
 70
     0
 10
0.0
 20
0.0
 30
0.0
  3
_DOT
  1
_DOT
  0
POLYLINE
  5
1FF
330
1FC
100
AcDbEntity
  8
0
  6
ByBlock
 62
     0
100
AcDb2dPolyline
 66
     1
 10
0.0
 20
0.0
 30
0.0
 70
     1
 40
0.5
 41
0.5
  0
VERTEX
  5
201
330
1FF
100
AcDbEntity
  8
0
  6
ByBlock
 62
     0
100
AcDbVertex
100
AcDb2dVertex
 10
-0.25
 20
0.0
 30
0.0
 42
1.0
  0
VERTEX
  5
202
330
1FF
100
AcDbEntity
  8
0
  6
ByBlock
 62
     0
100
AcDbVertex
100
AcDb2dVertex
 10
0.25
 20
0.0
 30
0.0
 42
1.0
  0
SEQEND
  5
203
330
1FF
100
AcDbEntity
  8
0
  6
ByBlock
 62
     0
  0
LINE
  5
200
330
1FC
100
AcDbEntity
  8
0
  6
ByBlock
 62
     0
370
    -2
100
AcDbLine
 10
-0.5
 20
0.0
 30
0.0
 11
-1.0
 21
0.0
 31
0.0
  0
ENDBLK
  5
1FE
330
1FC
100
AcDbEntity
  8
0
100
AcDbBlockEnd
  0
BLOCK
  5
226
330
224
100
AcDbEntity
  8
0
100
AcDbBlockBegin
  2
*Paper_Space4
 70
     0
 10
0.0
 20
0.0
 30
0.0
  3
*Paper_Space4
  1
*Paper_Space4
  0
VIEWPORT
  5
228
330
224
100
AcDbEntity
  8
0
 48
100.0
100
AcDbViewport
 10
0.0
 20
0.0
 30
0.0
 40
1715.87676
 41
992.070339
 68
     1
 69
     1
 12
497.20797
 22
380.27835
 13
0.0
 23
0.0
 14
10.0
 24
10.0
 15
10.0
 25
10.0
 16
0.0
 26
0.0
 36
1.0
 17
0.0
 27
0.0
 37
0.0
 42
50.0
 43
0.0
 44
0.0
 45
992.070339
 50
0.0
 51
0.0
 72
   100
 90
   557168
  1

281
     0
 71
     1
 74
     0
110
0.0
120
0.0
130
0.0
111
1.0
121
0.0
131
0.0
112
0.0
122
1.0
132
0.0
 79
     0
146
0.0
170
     0
 61
     5
348
F5
292
     1
282
     1
141
0.0
142
0.0
 63
   256
  0
ENDBLK
  5
227
330
224
100
AcDbEntity
  8
0
100
AcDbBlockEnd
  0
BLOCK
  5
D4
330
D2
100
AcDbEntity
  8
0
100
AcDbBlockBegin
  2
*Paper_Space5
 70
     0
 10
0.0
 20
0.0
 30
0.0
  3
*Paper_Space5
  1
*Paper_Space5
  0
VIEWPORT
  5
229
330
D2
100
AcDbEntity
  8
0
 48
100.0
100
AcDbViewport
 10
0.0
 20
0.0
 30
0.0
 40
460.802478
 41
238.196088
 68
     1
 69
     1
 12
128.5
 22
97.5
 13
0.0
 23
0.0
 14
10.0
 24
10.0
 15
10.0
 25
10.0
 16
0.0
 26
0.0
 36
1.0
 17
0.0
 27
0.0
 37
0.0
 42
50.0
 43
0.0
 44
0.0
 45
238.196088
 50
0.0
 51
0.0
 72
   100
 90
   557168
  1

281
     0
 71
     1
 74
     0
110
0.0
120
0.0
130
0.0
111
1.0
121
0.0
131
0.0
112
0.0
122
1.0
132
0.0
 79
     0
146
0.0
170
     0
 61
     5
348
F5
292
     1
282
     1
141
0.0
142
0.0
 63
   256
  0
ENDBLK
  5
D5
330
D2
100
AcDbEntity
  8
0
100
AcDbBlockEnd
  0
BLOCK
  5
221
330
21F
100
AcDbEntity
  8
0
100
AcDbBlockBegin
  2
*Paper_Space6
 70
     0
 10
0.0
 20
0.0
 30
0.0
  3
*Paper_Space6
  1
*Paper_Space6
  0
VIEWPORT
  5
223
330
21F
100
AcDbEntity
  8
0
 48
100.0
100
AcDbViewport
 10
0.0
 20
0.0
 30
0.0
 40
1201.113732
 41
694.449237
 68
     1
 69
     1
 12
454.893705
 22
285.342469
 13
0.0
 23
0.0
 14
10.0
 24
10.0
 15
10.0
 25
10.0
 16
0.0
 26
0.0
 36
1.0
 17
0.0
 27
0.0
 37
0.0
 42
50.0
 43
0.0
 44
0.0
 45
694.449237
 50
0.0
 51
0.0
 72
   100
 90
   557168
  1

281
     0
 71
     1
 74
     0
110
0.0
120
0.0
130
0.0
111
1.0
121
0.0
131
0.0
112
0.0
122
1.0
132
0.0
 79
     0
146
0.0
170
     0
 61
     5
348
F5
292
     1
282
     1
141
0.0
142
0.0
 63
   256
  0
ENDBLK
  5
222
330
21F
100
AcDbEntity
  8
0
100
AcDbBlockEnd
  0
BLOCK
  5
212
330
210
100
AcDbEntity
  8
0
100
AcDbBlockBegin
  2
*Paper_Space7
 70
     0
 10
0.0
 20
0.0
 30
0.0
  3
*Paper_Space7
  1
*Paper_Space7
  0
VIEWPORT
  5
214
330
210
100
AcDbEntity
  8
0
 48
100.0
100
AcDbViewport
 10
0.0
 20
0.0
 30
0.0
 40
588.545729
 41
340.280126
 68
     1
 69
     1
 12
151.627136
 22
129.479246
 13
0.0
 23
0.0
 14
10.0
 24
10.0
 15
10.0
 25
10.0
 16
0.0
 26
0.0
 36
1.0
 17
0.0
 27
0.0
 37
0.0
 42
50.0
 43
0.0
 44
0.0
 45
340.280126
 50
0.0
 51
0.0
 72
   100
 90
   557168
  1

281
     0
 71
     1
 74
     0
110
0.0
120
0.0
130
0.0
111
1.0
121
0.0
131
0.0
112
0.0
122
1.0
132
0.0
 79
     0
146
0.0
170
     0
 61
     5
348
F5
292
     1
282
     1
141
0.0
142
0.0
 63
   256
  0
ENDBLK
  5
213
330
210
100
AcDbEntity
  8
0
100
AcDbBlockEnd
  0
BLOCK
  5
217
330
215
100
AcDbEntity
  8
0
100
AcDbBlockBegin
  2
*Paper_Space8
 70
     0
 10
0.0
 20
0.0
 30
0.0
  3
*Paper_Space8
  1
*Paper_Space8
  0
VIEWPORT
  5
219
330
215
100
AcDbEntity
  8
0
 48
100.0
100
AcDbViewport
 10
0.0
 20
0.0
 30
0.0
 40
588.545729
 41
340.280126
 68
     1
 69
     1
 12
213.910905
 22
130.914724
 13
0.0
 23
0.0
 14
10.0
 24
10.0
 15
10.0
 25
10.0
 16
0.0
 26
0.0
 36
1.0
 17
0.0
 27
0.0
 37
0.0
 42
50.0
 43
0.0
 44
0.0
 45
340.280126
 50
0.0
 51
0.0
 72
   100
 90
   557168
  1

281
     0
 71
     1
 74
     0
110
0.0
120
0.0
130
0.0
111
1.0
121
0.0
131
0.0
112
0.0
122
1.0
132
0.0
 79
     0
146
0.0
170
     0
 61
     5
348
F5
292
     1
282
     1
141
0.0
142
0.0
 63
   256
  0
ENDBLK
  5
218
330
215
100
AcDbEntity
  8
0
100
AcDbBlockEnd
  0
BLOCK
  5
37D
330
37C
100
AcDbEntity
  8
0
 48
10.0
370
    20
100
AcDbBlockBegin
  2
_Oblique
 70
     0
 10
0.0
 20
0.0
 30
0.0
  3
_Oblique
  1
_Oblique
  0
LINE
  5
37E
330
37C
100
AcDbEntity
  8
0
  6
ByBlock
 62
     0
370
    -2
100
AcDbLine
 10
-0.5
 20
-0.5
 30
0.0
 11
0.5
 21
0.5
 31
0.0
  0
ENDBLK
  5
37F
330
37C
100
AcDbEntity
  8
0
 48
10.0
370
    20
100
AcDbBlockEnd
  0
BLOCK
  5
3C9
330
3C6
100
AcDbEntity
  8
0
100
AcDbBlockBegin
  2
new blockqweqwewqe
 70
     0
 10
0.0
 20
0.0
 30
0.0
  3
new blockqweqwewqe
  1
new blockqweqwewqe
  0
LWPOLYLINE
  5
3CA
330
3C6
100
AcDbEntity
  8
0
100
AcDbPolyline
 90
        4
 70
     1
 43
0.0
 10
101.41165
 20
483.815145
 10
102.11165
 20
483.815145
 10
102.11165
 20
482.415145
 10
101.41165
 20
482.415145
  0
INSERT
  5
3CB
330
3C6
100
AcDbEntity
  8
0
100
AcDbBlockReference
  2
IRI-OCASA-Layout R 9$0$OCA_SILLA
 10
100.805812
 20
483.353225
 30
0.0
 41
-1.0
 50
180.0
  0
ENDBLK
  5
3DC
330
3C6
100
AcDbEntity
  8
0
100
AcDbBlockEnd
  0
BLOCK
  5
3CF
330
3CC
100
AcDbEntity
  8
0
100
AcDbBlockBegin
  2
IRI-OCASA-Layout R 9$0$OCA_SILLA
 70
     0
 10
0.0
 20
0.0
 30
0.0
  3
IRI-OCASA-Layout R 9$0$OCA_SILLA
  1
IRI-OCASA-Layout R 9$0$OCA_SILLA
  0
LINE
  5
3D0
330
3CC
100
AcDbEntity
  8
0
  6
Continuous
100
AcDbLine
 10
0.5523
 20
0.4483
 30
0.0
 11
0.5523
 21
0.05
 31
0.0
  0
LINE
  5
3D1
330
3CC
100
AcDbEntity
  8
0
  6
Continuous
100
AcDbLine
 10
0.5023
 20
0.0
 30
0.0
 11
0.1049
 21
0.0
 31
0.0
  0
LINE
  5
3D2
330
3CC
100
AcDbEntity
  8
0
  6
Continuous
100
AcDbLine
 10
0.0549
 20
0.05
 30
0.0
 11
0.0549
 21
0.4483
 31
0.0
  0
LINE
  5
3D3
330
3CC
100
AcDbEntity
  8
0
  6
Continuous
100
AcDbLine
 10
0.1049
 20
0.4983
 30
0.0
 11
0.5023
 21
0.4983
 31
0.0
  0
ARC
  5
3D4
330
3CC
100
AcDbEntity
  8
0
  6
Continuous
100
AcDbCircle
 10
0.1049
 20
0.05
 30
0.0
 40
0.05
100
AcDbArc
 50
180.0
 51
270.0
  0
ARC
  5
3D5
330
3CC
100
AcDbEntity
  8
0
  6
Continuous
100
AcDbCircle
 10
0.1049
 20
0.4483
 30
0.0
 40
0.05
100
AcDbArc
 50
90.0
 51
180.0
  0
ARC
  5
3D6
330
3CC
100
AcDbEntity
  8
0
  6
Continuous
100
AcDbCircle
 10
0.5023
 20
0.4483
 30
0.0
 40
0.05
100
AcDbArc
 50
0.0
 51
90.0
  0
ARC
  5
3D7
330
3CC
100
AcDbEntity
  8
0
  6
Continuous
100
AcDbCircle
 10
0.5023
 20
0.05
 30
0.0
 40
0.05
100
AcDbArc
 50
270.0
 51
0.0
  0
LWPOLYLINE
  5
3D8
330
3CC
100
AcDbEntity
  8
0
  6
Continuous
100
AcDbPolyline
 90
        4
 70
     1
 43
0.0
 10
0.0
 20
0.1087
 10
0.0
 20
0.3889
 10
0.0427
 20
0.3889
 10
0.0427
 20
0.1087
  0
LWPOLYLINE
  5
3D9
330
3CC
100
AcDbEntity
  8
0
  6
Continuous
100
AcDbPolyline
 90
        4
 70
     1
 43
0.0
 10
0.1681
 20
0.0207
 10
0.1681
 20
0.0394
 10
0.4749
 20
0.0394
 10
0.4749
 20
0.0207
  0
LWPOLYLINE
  5
3DA
330
3CC
100
AcDbEntity
  8
0
  6
Continuous
100
AcDbPolyline
 90
        4
 70
     1
 43
0.0
 10
0.1654
 20
0.4663
 10
0.1654
 20
0.4876
 10
0.4749
 20
0.4876
 10
0.4749
 20
0.4663
  0
ENDBLK
  5
3DB
330
3CC
100
AcDbEntity
  8
0
100
AcDbBlockEnd
  0
BLOCK
  5
451
330
44E
100
AcDbEntity
  8
0
100
AcDbBlockBegin
  2
*U12
 70
     1
 10
0.0
 20
0.0
 30
0.0
  3
*U12
  1
*U12
  0
LWPOLYLINE
  5
452
330
44E
100
AcDbEntity
  8
0
 62
     0
100
AcDbPolyline
 90
        5
 70
     0
 43
0.0
 10
-0.019989
 20
0.884989
 10
-0.009989
 20
0.884989
 10
-0.009989
 20
0.844989
 10
-0.019989
 20
0.844989
 10
-0.019989
 20
0.884989
1001
AcDbBlockRepETag
1070
     1
1071
        0
1005
452
  0
LWPOLYLINE
  5
453
330
44E
100
AcDbEntity
  8
0
 62
     0
100
AcDbPolyline
 90
        5
 70
     0
 43
0.0
 10
0.000011
 20
0.869622
 10
0.000011
 20
0.749622
 10
0.010011
 20
0.749622
 10
0.010011
 20
0.869622
 10
0.000011
 20
0.869622
1001
AcDbBlockRepETag
1070
     1
1071
        1
1005
453
  0
LINE
  5
454
330
44E
100
AcDbEntity
  8
0
 62
     0
100
AcDbLine
 10
-0.009989
 20
0.869622
 30
0.0
 11
0.000011
 21
0.869622
 31
0.0
1001
AcDbBlockRepETag
1070
     1
1071
        2
1005
454
  0
LINE
  5
455
330
44E
100
AcDbEntity
  8
0
 62
     0
100
AcDbLine
 10
-0.009989
 20
0.860356
 30
0.0
 11
0.000011
 21
0.860356
 31
0.0
1001
AcDbBlockRepETag
1070
     1
1071
        3
1005
455
  0
LWPOLYLINE
  5
456
330
44E
100
AcDbEntity
  8
0
 62
     0
100
AcDbPolyline
 90
        5
 70
     0
 43
0.0
 10
-0.059989
 20
0.884989
 10
-0.069989
 20
0.884989
 10
-0.069989
 20
0.844989
 10
-0.059989
 20
0.844989
 10
-0.059989
 20
0.884989
1001
AcDbBlockRepETag
1070
     1
1071
        4
1005
456
  0
LWPOLYLINE
  5
457
330
44E
100
AcDbEntity
  8
0
 62
     0
100
AcDbPolyline
 90
        5
 70
     0
 43
0.0
 10
-0.079989
 20
0.869622
 10
-0.079989
 20
0.749622
 10
-0.089989
 20
0.749622
 10
-0.089989
 20
0.869622
 10
-0.079989
 20
0.869622
1001
AcDbBlockRepETag
1070
     1
1071
        5
1005
457
  0
LINE
  5
458
330
44E
100
AcDbEntity
  8
0
 62
     0
100
AcDbLine
 10
-0.069989
 20
0.869622
 30
0.0
 11
-0.079989
 21
0.869622
 31
0.0
1001
AcDbBlockRepETag
1070
     1
1071
        6
1005
458
  0
LINE
  5
459
330
44E
100
AcDbEntity
  8
0
 62
     0
100
AcDbLine
 10
-0.069989
 20
0.860356
 30
0.0
 11
-0.079989
 21
0.860356
 31
0.0
1001
AcDbBlockRepETag
1070
     1
1071
        7
1005
459
  0
LWPOLYLINE
  5
45A
330
44E
100
AcDbEntity
  8
0
100
AcDbPolyline
 90
        5
 70
     0
 43
0.0
 10
-0.059989
 20
0.914989
 10
-0.059989
 20
0.094989
 10
-0.019989
 20
0.094989
 10
-0.019989
 20
0.914989
 10
-0.059989
 20
0.914989
1001
AcDbBlockRepETag
1070
     1
1071
        8
1005
45A
  0
CIRCLE
  5
45B
330
44E
100
AcDbEntity
  8
0
 62
     0
100
AcDbCircle
 10
-0.025
 20
0.089989
 30
0.0
 40
0.005
1001
AcDbBlockRepETag
1070
     1
1071
       10
1005
45B
  0
ARC
  5
45C
330
44E
100
AcDbEntity
  8
0
 62
     0
100
AcDbCircle
 10
-0.039989
 20
0.104978
 30
0.0
 40
0.8102576491602024
100
AcDbArc
 50
91.414404
 51
181.412841
1001
AcDbBlockRepETag
1070
     1
1071
       12
1005
45C
  0
LWPOLYLINE
  5
45D
330
44E
100
AcDbEntity
  8
0
 62
     0
 60
     1
100
AcDbPolyline
 90
        5
 70
     0
 43
0.0
 10
-0.019989
 20
0.984989
 10
-0.009989
 20
0.984989
 10
-0.009989
 20
0.944989
 10
-0.019989
 20
0.944989
 10
-0.019989
 20
0.984989
1001
AcDbBlockRepETag
1070
     1
1071
       13
1005
45D
  0
LWPOLYLINE
  5
45E
330
44E
100
AcDbEntity
  8
0
 62
     0
 60
     1
100
AcDbPolyline
 90
        5
 70
     0
 43
0.0
 10
0.000011
 20
0.969622
 10
0.000011
 20
0.849622
 10
0.010011
 20
0.849622
 10
0.010011
 20
0.969622
 10
0.000011
 20
0.969622
1001
AcDbBlockRepETag
1070
     1
1071
       14
1005
45E
  0
LINE
  5
45F
330
44E
100
AcDbEntity
  8
0
 62
     0
 60
     1
100
AcDbLine
 10
-0.009989
 20
0.969622
 30
0.0
 11
0.000011
 21
0.969622
 31
0.0
1001
AcDbBlockRepETag
1070
     1
1071
       15
1005
45F
  0
LINE
  5
460
330
44E
100
AcDbEntity
  8
0
 62
     0
 60
     1
100
AcDbLine
 10
-0.009989
 20
0.960356
 30
0.0
 11
0.000011
 21
0.960356
 31
0.0
1001
AcDbBlockRepETag
1070
     1
1071
       16
1005
460
  0
LWPOLYLINE
  5
461
330
44E
100
AcDbEntity
  8
0
 62
     0
 60
     1
100
AcDbPolyline
 90
        5
 70
     0
 43
0.0
 10
-0.059989
 20
0.984989
 10
-0.069989
 20
0.984989
 10
-0.069989
 20
0.944989
 10
-0.059989
 20
0.944989
 10
-0.059989
 20
0.984989
1001
AcDbBlockRepETag
1070
     1
1071
       17
1005
461
  0
LWPOLYLINE
  5
462
330
44E
100
AcDbEntity
  8
0
 62
     0
 60
     1
100
AcDbPolyline
 90
        5
 70
     0
 43
0.0
 10
-0.079989
 20
0.969622
 10
-0.079989
 20
0.849622
 10
-0.089989
 20
0.849622
 10
-0.089989
 20
0.969622
 10
-0.079989
 20
0.969622
1001
AcDbBlockRepETag
1070
     1
1071
       18
1005
462
  0
LINE
  5
463
330
44E
100
AcDbEntity
  8
0
 62
     0
 60
     1
100
AcDbLine
 10
-0.069989
 20
0.969622
 30
0.0
 11
-0.079989
 21
0.969622
 31
0.0
1001
AcDbBlockRepETag
1070
     1
1071
       19
1005
463
  0
LINE
  5
464
330
44E
100
AcDbEntity
  8
0
 62
     0
 60
     1
100
AcDbLine
 10
-0.069989
 20
0.960356
 30
0.0
 11
-0.079989
 21
0.960356
 31
0.0
1001
AcDbBlockRepETag
1070
     1
1071
       20
1005
464
  0
LWPOLYLINE
  5
465
330
44E
100
AcDbEntity
  8
0
 60
     1
100
AcDbPolyline
 90
        5
 70
     0
 43
0.0
 10
-0.059989
 20
1.014989
 10
-0.059989
 20
0.094989
 10
-0.019989
 20
0.094989
 10
-0.019989
 20
1.014989
 10
-0.059989
 20
1.014989
1001
AcDbBlockRepETag
1070
     1
1071
       21
1005
465
  0
CIRCLE
  5
466
330
44E
100
AcDbEntity
  8
0
 62
     0
 60
     1
100
AcDbCircle
 10
-0.025
 20
0.089989
 30
0.0
 40
0.005
1001
AcDbBlockRepETag
1070
     1
1071
       23
1005
466
  0
ARC
  5
467
330
44E
100
AcDbEntity
  8
0
 62
     0
 60
     1
100
AcDbCircle
 10
-0.039989
 20
0.104978
 30
0.0
 40
0.9102305861886474
100
AcDbArc
 50
91.25903
 51
181.257635
1001
AcDbBlockRepETag
1070
     1
1071
       25
1005
467
  0
LWPOLYLINE
  5
468
330
44E
100
AcDbEntity
  8
0
 62
     0
 60
     1
100
AcDbPolyline
 90
        5
 70
     0
 43
0.0
 10
-0.760011
 20
0.784989
 10
-0.770011
 20
0.784989
 10
-0.770011
 20
0.744989
 10
-0.760011
 20
0.744989
 10
-0.760011
 20
0.784989
1001
AcDbBlockRepETag
1070
     1
1071
       26
1005
468
  0
LWPOLYLINE
  5
469
330
44E
100
AcDbEntity
  8
0
 62
     0
 60
     1
100
AcDbPolyline
 90
        5
 70
     0
 43
0.0
 10
-0.780011
 20
0.769622
 10
-0.780011
 20
0.649622
 10
-0.790011
 20
0.649622
 10
-0.790011
 20
0.769622
 10
-0.780011
 20
0.769622
1001
AcDbBlockRepETag
1070
     1
1071
       27
1005
469
  0
LINE
  5
46A
330
44E
100
AcDbEntity
  8
0
 62
     0
 60
     1
100
AcDbLine
 10
-0.770011
 20
0.769622
 30
0.0
 11
-0.780011
 21
0.769622
 31
0.0
1001
AcDbBlockRepETag
1070
     1
1071
       28
1005
46A
  0
LINE
  5
46B
330
44E
100
AcDbEntity
  8
0
 62
     0
 60
     1
100
AcDbLine
 10
-0.770011
 20
0.760356
 30
0.0
 11
-0.780011
 21
0.760356
 31
0.0
1001
AcDbBlockRepETag
1070
     1
1071
       29
1005
46B
  0
LWPOLYLINE
  5
46C
330
44E
100
AcDbEntity
  8
0
 62
     0
 60
     1
100
AcDbPolyline
 90
        5
 70
     0
 43
0.0
 10
-0.720011
 20
0.784989
 10
-0.710011
 20
0.784989
 10
-0.710011
 20
0.744989
 10
-0.720011
 20
0.744989
 10
-0.720011
 20
0.784989
1001
AcDbBlockRepETag
1070
     1
1071
       30
1005
46C
  0
LWPOLYLINE
  5
46D
330
44E
100
AcDbEntity
  8
0
 62
     0
 60
     1
100
AcDbPolyline
 90
        5
 70
     0
 43
0.0
 10
-0.700011
 20
0.769622
 10
-0.700011
 20
0.649622
 10
-0.690011
 20
0.649622
 10
-0.690011
 20
0.769622
 10
-0.700011
 20
0.769622
1001
AcDbBlockRepETag
1070
     1
1071
       31
1005
46D
  0
LINE
  5
46E
330
44E
100
AcDbEntity
  8
0
 62
     0
 60
     1
100
AcDbLine
 10
-0.710011
 20
0.769622
 30
0.0
 11
-0.700011
 21
0.769622
 31
0.0
1001
AcDbBlockRepETag
1070
     1
1071
       32
1005
46E
  0
LINE
  5
46F
330
44E
100
AcDbEntity
  8
0
 62
     0
 60
     1
100
AcDbLine
 10
-0.710011
 20
0.760356
 30
0.0
 11
-0.700011
 21
0.760356
 31
0.0
1001
AcDbBlockRepETag
1070
     1
1071
       33
1005
46F
  0
LWPOLYLINE
  5
470
330
44E
100
AcDbEntity
  8
0
 60
     1
100
AcDbPolyline
 90
        5
 70
     0
 43
0.0
 10
-0.720011
 20
0.814989
 10
-0.720011
 20
0.094989
 10
-0.760011
 20
0.094989
 10
-0.760011
 20
0.814989
 10
-0.720011
 20
0.814989
1001
AcDbBlockRepETag
1070
     1
1071
       34
1005
470
  0
CIRCLE
  5
471
330
44E
100
AcDbEntity
  8
0
 62
     0
 60
     1
100
AcDbCircle
 10
-0.755
 20
0.089989
 30
0.0
 40
0.005
1001
AcDbBlockRepETag
1070
     1
1071
       36
1005
471
  0
ARC
  5
472
330
44E
100
AcDbEntity
  8
0
 62
     0
 60
     1
100
AcDbCircle
 10
-0.740037
 20
0.10492
 30
0.0
 40
0.7103165093574402
100
AcDbArc
 50
358.393023
 51
88.583629
1001
AcDbBlockRepETag
1070
     1
1071
       38
1005
472
  0
LWPOLYLINE
  5
473
330
44E
100
AcDbEntity
  8
0
 60
     1
100
AcDbPolyline
 90
        8
 70
     1
 43
0.0
 10
0.0
 20
0.085
 10
-0.03
 20
0.085
 10
-0.03
 20
0.045
 10
-0.042
 20
0.045
 10
-0.042
 20
0.025
 10
-0.03
 20
0.025
 10
-0.03
 20
-0.095
 10
0.0
 20
-0.095
1001
AcDbBlockRepETag
1070
     1
1071
       39
1005
473
  0
LWPOLYLINE
  5
474
330
44E
100
AcDbEntity
  8
0
 60
     1
100
AcDbPolyline
 90
        8
 70
     1
 43
0.0
 10
-0.78
 20
0.085
 10
-0.75
 20
0.085
 10
-0.75
 20
0.045
 10
-0.738
 20
0.045
 10
-0.738
 20
0.025
 10
-0.75
 20
0.025
 10
-0.75
 20
-0.095
 10
-0.78
 20
-0.095
1001
AcDbBlockRepETag
1070
     1
1071
       40
1005
474
  0
LWPOLYLINE
  5
475
330
44E
100
AcDbEntity
  8
0
100
AcDbPolyline
 90
        8
 70
     1
 43
0.0
 10
0.0
 20
0.085
 10
-0.03
 20
0.085
 10
-0.03
 20
0.045
 10
-0.042
 20
0.045
 10
-0.042
 20
0.025
 10
-0.03
 20
0.025
 10
-0.03
 20
-0.055
 10
0.0
 20
-0.055
1001
AcDbBlockRepETag
1070
     1
1071
       41
1005
475
  0
LWPOLYLINE
  5
476
330
44E
100
AcDbEntity
  8
0
 60
     1
100
AcDbPolyline
 90
        8
 70
     1
 43
0.0
 10
-0.78
 20
0.085
 10
-0.75
 20
0.085
 10
-0.75
 20
0.045
 10
-0.738
 20
0.045
 10
-0.738
 20
0.025
 10
-0.75
 20
0.025
 10
-0.75
 20
-0.055
 10
-0.78
 20
-0.055
1001
AcDbBlockRepETag
1070
     1
1071
       42
1005
476
  0
LWPOLYLINE
  5
477
330
44E
100
AcDbEntity
  8
0
100
AcDbPolyline
 90
        8
 70
     1
 43
0.0
 10
-0.88
 20
0.085
 10
-0.85
 20
0.085
 10
-0.85
 20
0.045
 10
-0.838
 20
0.045
 10
-0.838
 20
0.025
 10
-0.85
 20
0.025
 10
-0.85
 20
-0.055
 10
-0.88
 20
-0.055
1001
AcDbBlockRepETag
1070
     1
1071
       43
1005
477
  0
LWPOLYLINE
  5
478
330
44E
100
AcDbEntity
  8
0
 60
     1
100
AcDbPolyline
 90
        8
 70
     1
 43
0.0
 10
-0.88
 20
0.085
 10
-0.85
 20
0.085
 10
-0.85
 20
0.045
 10
-0.838
 20
0.045
 10
-0.838
 20
0.025
 10
-0.85
 20
0.025
 10
-0.85
 20
-0.095
 10
-0.88
 20
-0.095
1001
AcDbBlockRepETag
1070
     1
1071
       44
1005
478
  0
LWPOLYLINE
  5
479
330
44E
100
AcDbEntity
  8
0
 60
     1
100
AcDbPolyline
 90
        8
 70
     1
 43
0.0
 10
-0.98
 20
0.085
 10
-0.95
 20
0.085
 10
-0.95
 20
0.045
 10
-0.938
 20
0.045
 10
-0.938
 20
0.025
 10
-0.95
 20
0.025
 10
-0.95
 20
-0.055
 10
-0.98
 20
-0.055
1001
AcDbBlockRepETag
1070
     1
1071
       45
1005
479
  0
LWPOLYLINE
  5
47A
330
44E
100
AcDbEntity
  8
0
 60
     1
100
AcDbPolyline
 90
        8
 70
     1
 43
0.0
 10
-0.98
 20
0.085
 10
-0.95
 20
0.085
 10
-0.95
 20
0.045
 10
-0.938
 20
0.045
 10
-0.938
 20
0.025
 10
-0.95
 20
0.025
 10
-0.95
 20
-0.095
 10
-0.98
 20
-0.095
1001
AcDbBlockRepETag
1070
     1
1071
       46
1005
47A
  0
ENDBLK
  5
47B
330
44E
100
AcDbEntity
  8
0
100
AcDbBlockEnd
  0
BLOCK
  5
413
330
3EB
100
AcDbEntity
  8
0
100
AcDbBlockBegin
  2
Puerta
 70
     0
 10
0.0
 20
0.0
 30
0.0
  3
Puerta
  1
Puerta
  0
LWPOLYLINE
  5
414
330
3EB
100
AcDbEntity
  8
0
 62
     0
 60
     1
100
AcDbPolyline
 90
        5
 70
     0
 43
0.0
 10
-0.019989
 20
0.884989
 10
-0.009989
 20
0.884989
 10
-0.009989
 20
0.844989
 10
-0.019989
 20
0.844989
 10
-0.019989
 20
0.884989
1001
AcDbBlockRepETag
1070
     1
1071
        0
1005
414
  0
LWPOLYLINE
  5
415
330
3EB
100
AcDbEntity
  8
0
 62
     0
 60
     1
100
AcDbPolyline
 90
        5
 70
     0
 43
0.0
 10
0.000011
 20
0.869622
 10
0.000011
 20
0.749622
 10
0.010011
 20
0.749622
 10
0.010011
 20
0.869622
 10
0.000011
 20
0.869622
1001
AcDbBlockRepETag
1070
     1
1071
        1
1005
415
  0
LINE
  5
416
330
3EB
100
AcDbEntity
  8
0
 62
     0
 60
     1
100
AcDbLine
 10
-0.009989
 20
0.869622
 30
0.0
 11
0.000011
 21
0.869622
 31
0.0
1001
AcDbBlockRepETag
1070
     1
1071
        2
1005
416
  0
LINE
  5
417
330
3EB
100
AcDbEntity
  8
0
 62
     0
 60
     1
100
AcDbLine
 10
-0.009989
 20
0.860356
 30
0.0
 11
0.000011
 21
0.860356
 31
0.0
1001
AcDbBlockRepETag
1070
     1
1071
        3
1005
417
  0
LWPOLYLINE
  5
418
330
3EB
100
AcDbEntity
  8
0
 62
     0
 60
     1
100
AcDbPolyline
 90
        5
 70
     0
 43
0.0
 10
-0.059989
 20
0.884989
 10
-0.069989
 20
0.884989
 10
-0.069989
 20
0.844989
 10
-0.059989
 20
0.844989
 10
-0.059989
 20
0.884989
1001
AcDbBlockRepETag
1070
     1
1071
        4
1005
418
  0
LWPOLYLINE
  5
419
330
3EB
100
AcDbEntity
  8
0
 62
     0
 60
     1
100
AcDbPolyline
 90
        5
 70
     0
 43
0.0
 10
-0.079989
 20
0.869622
 10
-0.079989
 20
0.749622
 10
-0.089989
 20
0.749622
 10
-0.089989
 20
0.869622
 10
-0.079989
 20
0.869622
1001
AcDbBlockRepETag
1070
     1
1071
        5
1005
419
  0
LINE
  5
41A
330
3EB
100
AcDbEntity
  8
0
 62
     0
 60
     1
100
AcDbLine
 10
-0.069989
 20
0.869622
 30
0.0
 11
-0.079989
 21
0.869622
 31
0.0
1001
AcDbBlockRepETag
1070
     1
1071
        6
1005
41A
  0
LINE
  5
41B
330
3EB
100
AcDbEntity
  8
0
 62
     0
 60
     1
100
AcDbLine
 10
-0.069989
 20
0.860356
 30
0.0
 11
-0.079989
 21
0.860356
 31
0.0
1001
AcDbBlockRepETag
1070
     1
1071
        7
1005
41B
  0
LWPOLYLINE
  5
41C
330
3EB
100
AcDbEntity
  8
0
 60
     1
100
AcDbPolyline
 90
        5
 70
     0
 43
0.0
 10
-0.059989
 20
0.914989
 10
-0.059989
 20
0.094989
 10
-0.019989
 20
0.094989
 10
-0.019989
 20
0.914989
 10
-0.059989
 20
0.914989
1001
AcDbBlockRepETag
1070
     1
1071
        8
1005
41C
  0
CIRCLE
  5
41D
330
3EB
100
AcDbEntity
  8
0
 62
     0
 60
     1
100
AcDbCircle
 10
-0.025
 20
0.089989
 30
0.0
 40
0.005
1001
AcDbBlockRepETag
1070
     1
1071
       10
1005
41D
  0
ARC
  5
41E
330
3EB
100
AcDbEntity
  8
0
 62
     0
 60
     1
100
AcDbCircle
 10
-0.039989
 20
0.104978
 30
0.0
 40
0.8102576491602024
100
AcDbArc
 50
91.414404
 51
181.412841
1001
AcDbBlockRepETag
1070
     1
1071
       12
1005
41E
  0
LWPOLYLINE
  5
41F
330
3EB
100
AcDbEntity
  8
0
 62
     0
 60
     1
100
AcDbPolyline
 90
        5
 70
     0
 43
0.0
 10
-0.019989
 20
0.984989
 10
-0.009989
 20
0.984989
 10
-0.009989
 20
0.944989
 10
-0.019989
 20
0.944989
 10
-0.019989
 20
0.984989
1001
AcDbBlockRepETag
1070
     1
1071
       13
1005
41F
  0
LWPOLYLINE
  5
420
330
3EB
100
AcDbEntity
  8
0
 62
     0
 60
     1
100
AcDbPolyline
 90
        5
 70
     0
 43
0.0
 10
0.000011
 20
0.969622
 10
0.000011
 20
0.849622
 10
0.010011
 20
0.849622
 10
0.010011
 20
0.969622
 10
0.000011
 20
0.969622
1001
AcDbBlockRepETag
1070
     1
1071
       14
1005
420
  0
LINE
  5
421
330
3EB
100
AcDbEntity
  8
0
 62
     0
 60
     1
100
AcDbLine
 10
-0.009989
 20
0.969622
 30
0.0
 11
0.000011
 21
0.969622
 31
0.0
1001
AcDbBlockRepETag
1070
     1
1071
       15
1005
421
  0
LINE
  5
422
330
3EB
100
AcDbEntity
  8
0
 62
     0
 60
     1
100
AcDbLine
 10
-0.009989
 20
0.960356
 30
0.0
 11
0.000011
 21
0.960356
 31
0.0
1001
AcDbBlockRepETag
1070
     1
1071
       16
1005
422
  0
LWPOLYLINE
  5
423
330
3EB
100
AcDbEntity
  8
0
 62
     0
 60
     1
100
AcDbPolyline
 90
        5
 70
     0
 43
0.0
 10
-0.059989
 20
0.984989
 10
-0.069989
 20
0.984989
 10
-0.069989
 20
0.944989
 10
-0.059989
 20
0.944989
 10
-0.059989
 20
0.984989
1001
AcDbBlockRepETag
1070
     1
1071
       17
1005
423
  0
LWPOLYLINE
  5
424
330
3EB
100
AcDbEntity
  8
0
 62
     0
 60
     1
100
AcDbPolyline
 90
        5
 70
     0
 43
0.0
 10
-0.079989
 20
0.969622
 10
-0.079989
 20
0.849622
 10
-0.089989
 20
0.849622
 10
-0.089989
 20
0.969622
 10
-0.079989
 20
0.969622
1001
AcDbBlockRepETag
1070
     1
1071
       18
1005
424
  0
LINE
  5
425
330
3EB
100
AcDbEntity
  8
0
 62
     0
 60
     1
100
AcDbLine
 10
-0.069989
 20
0.969622
 30
0.0
 11
-0.079989
 21
0.969622
 31
0.0
1001
AcDbBlockRepETag
1070
     1
1071
       19
1005
425
  0
LINE
  5
426
330
3EB
100
AcDbEntity
  8
0
 62
     0
 60
     1
100
AcDbLine
 10
-0.069989
 20
0.960356
 30
0.0
 11
-0.079989
 21
0.960356
 31
0.0
1001
AcDbBlockRepETag
1070
     1
1071
       20
1005
426
  0
LWPOLYLINE
  5
427
330
3EB
100
AcDbEntity
  8
0
 60
     1
100
AcDbPolyline
 90
        5
 70
     0
 43
0.0
 10
-0.059989
 20
1.014989
 10
-0.059989
 20
0.094989
 10
-0.019989
 20
0.094989
 10
-0.019989
 20
1.014989
 10
-0.059989
 20
1.014989
1001
AcDbBlockRepETag
1070
     1
1071
       21
1005
427
  0
CIRCLE
  5
428
330
3EB
100
AcDbEntity
  8
0
 62
     0
 60
     1
100
AcDbCircle
 10
-0.025
 20
0.089989
 30
0.0
 40
0.005
1001
AcDbBlockRepETag
1070
     1
1071
       23
1005
428
  0
ARC
  5
429
330
3EB
100
AcDbEntity
  8
0
 62
     0
 60
     1
100
AcDbCircle
 10
-0.039989
 20
0.104978
 30
0.0
 40
0.9102305861886474
100
AcDbArc
 50
91.25903
 51
181.257635
1001
AcDbBlockRepETag
1070
     1
1071
       25
1005
429
  0
LWPOLYLINE
  5
42A
330
3EB
100
AcDbEntity
  8
0
 62
     0
100
AcDbPolyline
 90
        5
 70
     0
 43
0.0
 10
-0.019989
 20
0.784989
 10
-0.009989
 20
0.784989
 10
-0.009989
 20
0.744989
 10
-0.019989
 20
0.744989
 10
-0.019989
 20
0.784989
1001
AcDbBlockRepETag
1070
     1
1071
       26
1005
42A
  0
LWPOLYLINE
  5
42B
330
3EB
100
AcDbEntity
  8
0
 62
     0
100
AcDbPolyline
 90
        5
 70
     0
 43
0.0
 10
0.000011
 20
0.769622
 10
0.000011
 20
0.649622
 10
0.010011
 20
0.649622
 10
0.010011
 20
0.769622
 10
0.000011
 20
0.769622
1001
AcDbBlockRepETag
1070
     1
1071
       27
1005
42B
  0
LINE
  5
42C
330
3EB
100
AcDbEntity
  8
0
 62
     0
100
AcDbLine
 10
-0.009989
 20
0.769622
 30
0.0
 11
0.000011
 21
0.769622
 31
0.0
1001
AcDbBlockRepETag
1070
     1
1071
       28
1005
42C
  0
LINE
  5
42D
330
3EB
100
AcDbEntity
  8
0
 62
     0
100
AcDbLine
 10
-0.009989
 20
0.760356
 30
0.0
 11
0.000011
 21
0.760356
 31
0.0
1001
AcDbBlockRepETag
1070
     1
1071
       29
1005
42D
  0
LWPOLYLINE
  5
42E
330
3EB
100
AcDbEntity
  8
0
 62
     0
100
AcDbPolyline
 90
        5
 70
     0
 43
0.0
 10
-0.059989
 20
0.784989
 10
-0.069989
 20
0.784989
 10
-0.069989
 20
0.744989
 10
-0.059989
 20
0.744989
 10
-0.059989
 20
0.784989
1001
AcDbBlockRepETag
1070
     1
1071
       30
1005
42E
  0
LWPOLYLINE
  5
42F
330
3EB
100
AcDbEntity
  8
0
 62
     0
100
AcDbPolyline
 90
        5
 70
     0
 43
0.0
 10
-0.079989
 20
0.769622
 10
-0.079989
 20
0.649622
 10
-0.089989
 20
0.649622
 10
-0.089989
 20
0.769622
 10
-0.079989
 20
0.769622
1001
AcDbBlockRepETag
1070
     1
1071
       31
1005
42F
  0
LINE
  5
430
330
3EB
100
AcDbEntity
  8
0
 62
     0
100
AcDbLine
 10
-0.069989
 20
0.769622
 30
0.0
 11
-0.079989
 21
0.769622
 31
0.0
1001
AcDbBlockRepETag
1070
     1
1071
       32
1005
430
  0
LINE
  5
431
330
3EB
100
AcDbEntity
  8
0
 62
     0
100
AcDbLine
 10
-0.069989
 20
0.760356
 30
0.0
 11
-0.079989
 21
0.760356
 31
0.0
1001
AcDbBlockRepETag
1070
     1
1071
       33
1005
431
  0
LWPOLYLINE
  5
432
330
3EB
100
AcDbEntity
  8
0
100
AcDbPolyline
 90
        5
 70
     0
 43
0.0
 10
-0.059989
 20
0.814989
 10
-0.059989
 20
0.094989
 10
-0.019989
 20
0.094989
 10
-0.019989
 20
0.814989
 10
-0.059989
 20
0.814989
1001
AcDbBlockRepETag
1070
     1
1071
       34
1005
432
  0
CIRCLE
  5
433
330
3EB
100
AcDbEntity
  8
0
 62
     0
100
AcDbCircle
 10
-0.025
 20
0.089989
 30
0.0
 40
0.005
1001
AcDbBlockRepETag
1070
     1
1071
       36
1005
433
  0
ARC
  5
434
330
3EB
100
AcDbEntity
  8
0
 62
     0
100
AcDbCircle
 10
-0.039963
 20
0.10492
 30
0.0
 40
0.7103165093574402
100
AcDbArc
 50
91.416371
 51
181.606977
1001
AcDbBlockRepETag
1070
     1
1071
       38
1005
434
  0
LWPOLYLINE
  5
435
330
3EB
100
AcDbEntity
  8
0
 60
     1
100
AcDbPolyline
 90
        8
 70
     1
 43
0.0
 10
0.0
 20
0.085
 10
-0.03
 20
0.085
 10
-0.03
 20
0.045
 10
-0.042
 20
0.045
 10
-0.042
 20
0.025
 10
-0.03
 20
0.025
 10
-0.03
 20
-0.095
 10
0.0
 20
-0.095
1001
AcDbBlockRepETag
1070
     1
1071
       39
1005
435
  0
LWPOLYLINE
  5
436
330
3EB
100
AcDbEntity
  8
0
 60
     1
100
AcDbPolyline
 90
        8
 70
     1
 43
0.0
 10
-0.78
 20
0.085
 10
-0.75
 20
0.085
 10
-0.75
 20
0.045
 10
-0.738
 20
0.045
 10
-0.738
 20
0.025
 10
-0.75
 20
0.025
 10
-0.75
 20
-0.095
 10
-0.78
 20
-0.095
1001
AcDbBlockRepETag
1070
     1
1071
       40
1005
436
  0
LWPOLYLINE
  5
437
330
3EB
100
AcDbEntity
  8
0
100
AcDbPolyline
 90
        8
 70
     1
 43
0.0
 10
0.0
 20
0.085
 10
-0.03
 20
0.085
 10
-0.03
 20
0.045
 10
-0.042
 20
0.045
 10
-0.042
 20
0.025
 10
-0.03
 20
0.025
 10
-0.03
 20
-0.055
 10
0.0
 20
-0.055
1001
AcDbBlockRepETag
1070
     1
1071
       41
1005
437
  0
LWPOLYLINE
  5
438
330
3EB
100
AcDbEntity
  8
0
100
AcDbPolyline
 90
        8
 70
     1
 43
0.0
 10
-0.78
 20
0.085
 10
-0.75
 20
0.085
 10
-0.75
 20
0.045
 10
-0.738
 20
0.045
 10
-0.738
 20
0.025
 10
-0.75
 20
0.025
 10
-0.75
 20
-0.055
 10
-0.78
 20
-0.055
1001
AcDbBlockRepETag
1070
     1
1071
       42
1005
438
  0
LWPOLYLINE
  5
439
330
3EB
100
AcDbEntity
  8
0
 60
     1
100
AcDbPolyline
 90
        8
 70
     1
 43
0.0
 10
-0.88
 20
0.085
 10
-0.85
 20
0.085
 10
-0.85
 20
0.045
 10
-0.838
 20
0.045
 10
-0.838
 20
0.025
 10
-0.85
 20
0.025
 10
-0.85
 20
-0.055
 10
-0.88
 20
-0.055
1001
AcDbBlockRepETag
1070
     1
1071
       43
1005
439
  0
LWPOLYLINE
  5
43A
330
3EB
100
AcDbEntity
  8
0
 60
     1
100
AcDbPolyline
 90
        8
 70
     1
 43
0.0
 10
-0.88
 20
0.085
 10
-0.85
 20
0.085
 10
-0.85
 20
0.045
 10
-0.838
 20
0.045
 10
-0.838
 20
0.025
 10
-0.85
 20
0.025
 10
-0.85
 20
-0.095
 10
-0.88
 20
-0.095
1001
AcDbBlockRepETag
1070
     1
1071
       44
1005
43A
  0
LWPOLYLINE
  5
43B
330
3EB
100
AcDbEntity
  8
0
 60
     1
100
AcDbPolyline
 90
        8
 70
     1
 43
0.0
 10
-0.98
 20
0.085
 10
-0.95
 20
0.085
 10
-0.95
 20
0.045
 10
-0.938
 20
0.045
 10
-0.938
 20
0.025
 10
-0.95
 20
0.025
 10
-0.95
 20
-0.055
 10
-0.98
 20
-0.055
1001
AcDbBlockRepETag
1070
     1
1071
       45
1005
43B
  0
LWPOLYLINE
  5
43C
330
3EB
100
AcDbEntity
  8
0
 60
     1
100
AcDbPolyline
 90
        8
 70
     1
 43
0.0
 10
-0.98
 20
0.085
 10
-0.95
 20
0.085
 10
-0.95
 20
0.045
 10
-0.938
 20
0.045
 10
-0.938
 20
0.025
 10
-0.95
 20
0.025
 10
-0.95
 20
-0.095
 10
-0.98
 20
-0.095
1001
AcDbBlockRepETag
1070
     1
1071
       46
1005
43C
  0
ENDBLK
  5
43D
330
3EB
100
AcDbEntity
  8
0
100
AcDbBlockEnd
  0
BLOCK
  5
4C1
330
4BE
100
AcDbEntity
  8
0
100
AcDbBlockBegin
  2
ADRLACVS
 70
     0
 10
0.0
 20
0.0
 30
0.0
  3
ADRLACVS
  1
ADRLACVS
  0
ARC
  5
4C2
330
4BE
100
AcDbEntity
  8
0
100
AcDbCircle
 10
0.0
 20
0.283593
 30
0.0
 40
0.7295260545035044
100
AcDbArc
 50
270.0
 51
285.595949
  0
LINE
  5
4C3
330
4BE
100
AcDbEntity
  8
0
100
AcDbLine
 10
0.0
 20
0.0
 30
0.0
 11
0.255498
 21
0.0
 31
0.0
  0
LINE
  5
4C4
330
4BE
100
AcDbEntity
  8
0
100
AcDbLine
 10
0.0
 20
-0.125933
 30
0.0
 11
0.16377
 21
-0.125933
 31
0.0
  0
ARC
  5
4C5
330
4BE
100
AcDbEntity
  8
0
100
AcDbCircle
 10
0.125709
 20
-0.271886
 30
0.0
 40
0.12
100
AcDbArc
 50
282.751656
 51
351.68722
  0
ARC
  5
4C6
330
4BE
100
AcDbEntity
  8
0
100
AcDbCircle
 10
0.0
 20
0.283593
 30
0.0
 40
0.6895260545035043
100
AcDbArc
 50
270.0
 51
282.751656
  0
CIRCLE
  5
4C7
330
4BE
100
AcDbEntity
  8
0
100
AcDbCircle
 10
0.0
 20
-0.178
 30
0.0
 40
0.0237202336870897
  0
CIRCLE
  5
4C8
330
4BE
100
AcDbEntity
  8
0
100
AcDbCircle
 10
0.0
 20
-0.178
 30
0.0
 40
0.019149797609576
  0
LINE
  5
4C9
330
4BE
100
AcDbEntity
  8
0
100
AcDbLine
 10
0.0
 20
0.0
 30
0.0
 11
0.0
 21
0.0
 31
0.0
  0
CIRCLE
  5
4CA
330
4BE
100
AcDbEntity
  8
0
100
AcDbCircle
 10
0.104
 20
-0.0732
 30
0.0
 40
0.017
  0
CIRCLE
  5
4CB
330
4BE
100
AcDbEntity
  8
0
100
AcDbCircle
 10
0.0
 20
-0.0732
 30
0.0
 40
0.017
  0
CIRCLE
  5
4CC
330
4BE
100
AcDbEntity
  8
0
100
AcDbCircle
 10
-0.104
 20
-0.0732
 30
0.0
 40
0.017
  0
ARC
  5
4CD
330
4BE
100
AcDbEntity
  8
0
100
AcDbCircle
 10
-0.255498
 20
-0.02
 30
0.0
 40
0.02
100
AcDbArc
 50
90.0
 51
137.069997
  0
ARC
  5
4CE
330
4BE
100
AcDbEntity
  8
0
100
AcDbCircle
 10
-0.241848
 20
-0.035172
 30
0.0
 40
0.0403688492491062
100
AcDbArc
 50
134.497367
 51
156.149695
  0
ARC
  5
4CF
330
4BE
100
AcDbEntity
  8
0
100
AcDbCircle
 10
0.563133
 20
-0.171238
 30
0.0
 40
0.8561561503512418
100
AcDbArc
 50
170.062258
 51
190.418871
  0
ARC
  5
4D0
330
4BE
100
AcDbEntity
  8
0
100
AcDbCircle
 10
-0.260477
 20
-0.026936
 30
0.0
 40
0.02
100
AcDbArc
 50
156.149695
 51
170.062258
  0
ARC
  5
4D1
330
4BE
100
AcDbEntity
  8
0
100
AcDbCircle
 10
-0.160885
 20
-0.304367
 30
0.0
 40
0.12
100
AcDbArc
 50
190.418871
 51
252.917903
  0
ARC
  5
4D2
330
4BE
100
AcDbEntity
  8
0
100
AcDbCircle
 10
0.563133
 20
-0.171238
 30
0.0
 40
0.8161561503512418
100
AcDbArc
 50
183.361427
 51
188.31278
  0
ARC
  5
4D3
330
4BE
100
AcDbEntity
  8
0
100
AcDbCircle
 10
-0.125709
 20
-0.271886
 30
0.0
 40
0.12
100
AcDbArc
 50
188.31278
 51
257.248344
  0
ARC
  5
4D4
330
4BE
100
AcDbEntity
  8
0
100
AcDbCircle
 10
-0.16377
 20
-0.213933
 30
0.0
 40
0.088
100
AcDbArc
 50
90.0
 51
183.361427
  0
LINE
  5
4D5
330
4BE
100
AcDbEntity
  8
0
100
AcDbLine
 10
0.0
 20
0.0
 30
0.0
 11
-0.255498
 21
0.0
 31
0.0
  0
ARC
  5
4D6
330
4BE
100
AcDbEntity
  8
0
100
AcDbCircle
 10
0.0
 20
0.283593
 30
0.0
 40
0.7295260545035044
100
AcDbArc
 50
254.404051
 51
270.0
  0
ARC
  5
4D7
330
4BE
100
AcDbEntity
  8
0
100
AcDbCircle
 10
0.0
 20
0.283593
 30
0.0
 40
0.6895260545035043
100
AcDbArc
 50
257.248344
 51
270.0
  0
LINE
  5
4D8
330
4BE
100
AcDbEntity
  8
0
100
AcDbLine
 10
0.0
 20
-0.125933
 30
0.0
 11
-0.16377
 21
-0.125933
 31
0.0
  0
ARC
  5
4D9
330
4BE
100
AcDbEntity
  8
0
100
AcDbCircle
 10
0.160885
 20
-0.304367
 30
0.0
 40
0.12
100
AcDbArc
 50
287.082097
 51
349.581129
  0
ARC
  5
4DA
330
4BE
100
AcDbEntity
  8
0
100
AcDbCircle
 10
0.260477
 20
-0.026936
 30
0.0
 40
0.02
100
AcDbArc
 50
9.937742
 51
23.850305
  0
ARC
  5
4DB
330
4BE
100
AcDbEntity
  8
0
100
AcDbCircle
 10
-0.563133
 20
-0.171238
 30
0.0
 40
0.8561561503512418
100
AcDbArc
 50
349.581129
 51
9.937742
  0
ARC
  5
4DC
330
4BE
100
AcDbEntity
  8
0
100
AcDbCircle
 10
0.241848
 20
-0.035172
 30
0.0
 40
0.0403688492491062
100
AcDbArc
 50
23.850305
 51
45.502633
  0
ARC
  5
4DD
330
4BE
100
AcDbEntity
  8
0
100
AcDbCircle
 10
0.255498
 20
-0.02
 30
0.0
 40
0.02
100
AcDbArc
 50
42.930003
 51
90.0
  0
ARC
  5
4DE
330
4BE
100
AcDbEntity
  8
0
100
AcDbCircle
 10
0.16377
 20
-0.213933
 30
0.0
 40
0.088
100
AcDbArc
 50
356.638573
 51
90.0
  0
ARC
  5
4DF
330
4BE
100
AcDbEntity
  8
0
100
AcDbCircle
 10
-0.563133
 20
-0.171238
 30
0.0
 40
0.8161561503512418
100
AcDbArc
 50
351.68722
 51
356.638573
  0
ENDBLK
  5
4E0
330
4BE
100
AcDbEntity
  8
0
100
AcDbBlockEnd
  0
BLOCK
  5
527
330
524
100
AcDbEntity
  8
0
100
AcDbBlockBegin
  2
*U15
 70
     1
 10
0.0
 20
0.0
 30
0.0
  3
*U15
  1
*U15
  0
LINE
  5
528
330
524
100
AcDbEntity
  8
0
100
AcDbLine
 10
23.395208
 20
26.894202
 30
0.0
 11
23.487988
 21
26.899216
 31
0.0
1001
AcDbBlockRepETag
1070
     1
1071
        0
1005
528
  0
ARC
  5
529
330
524
100
AcDbEntity
  8
0
100
AcDbCircle
 10
23.395478
 20
26.889209
 30
0.0
 40
0.0050000000001091
100
AcDbArc
 50
93.093255
 51
180.0
1001
AcDbBlockRepETag
1070
     1
1071
        1
1005
529
  0
LINE
  5
52A
330
524
100
AcDbEntity
  8
0
100
AcDbLine
 10
23.390478
 20
26.871722
 30
0.0
 11
23.390478
 21
26.889209
 31
0.0
1001
AcDbBlockRepETag
1070
     1
1071
        2
1005
52A
  0
ARC
  5
52B
330
524
100
AcDbEntity
  8
0
100
AcDbCircle
 10
23.395478
 20
26.871722
 30
0.0
 40
0.0050000000000374
100
AcDbArc
 50
180.0
 51
266.906745
1001
AcDbBlockRepETag
1070
     1
1071
        3
1005
52B
  0
LINE
  5
52C
330
524
100
AcDbEntity
  8
0
100
AcDbLine
 10
23.487988
 20
26.861716
 30
0.0
 11
23.395208
 21
26.86673
 31
0.0
1001
AcDbBlockRepETag
1070
     1
1071
        4
1005
52C
  0
ARC
  5
52D
330
524
100
AcDbEntity
  8
0
100
AcDbCircle
 10
23.487988
 20
26.880466
 30
0.0
 40
0.0282499999999573
100
AcDbArc
 50
311.583958
 51
141.583328
1001
AcDbBlockRepETag
1070
     1
1071
        5
1005
52D
  0
LINE
  5
52E
330
524
100
AcDbEntity
  8
0
 62
     0
100
AcDbLine
 10
23.414039
 20
26.89522
 30
0.0
 11
23.414039
 21
26.865712
 31
0.0
1001
AcDbBlockRepETag
1070
     1
1071
        6
1005
52E
  0
ARC
  5
52F
330
524
100
AcDbEntity
  8
0
100
AcDbCircle
 10
23.487988
 20
26.880466
 30
0.0
 40
0.0187499999998408
100
AcDbArc
 50
263.81349
 51
96.18651
1001
AcDbBlockRepETag
1070
     1
1071
        7
1005
52F
  0
LINE
  5
530
330
524
100
AcDbEntity
  8
0
100
AcDbLine
 10
23.476367
 20
26.728269
 30
0.0
 11
23.47007
 21
26.862684
 31
0.0
1001
AcDbBlockRepETag
1070
     1
1071
        8
1005
530
  0
LINE
  5
531
330
524
100
AcDbEntity
  8
0
100
AcDbLine
 10
23.506738
 20
26.880466
 30
0.0
 11
23.499603
 21
26.728035
 31
0.0
1001
AcDbBlockRepETag
1070
     1
1071
        9
1005
531
  0
ARC
  5
532
330
524
100
AcDbEntity
  8
0
100
AcDbCircle
 10
23.487988
 20
26.880466
 30
0.0
 40
0.0282499999999573
100
AcDbArc
 50
218.416672
 51
228.416042
1001
AcDbBlockRepETag
1070
     1
1071
       10
1005
532
  0
ARC
  5
533
330
524
100
AcDbEntity
  8
0
 62
     0
100
AcDbCircle
 10
23.487988
 20
26.880466
 30
0.0
 40
0.023499999999899
100
AcDbArc
 50
322.927403
 51
130.276199
1001
AcDbBlockRepETag
1070
     1
1071
       11
1005
533
  0
ARC
  5
534
330
524
100
AcDbEntity
  8
0
100
AcDbCircle
 10
23.481367
 20
26.728269
 30
0.0
 40
0.005
100
AcDbArc
 50
180.0
 51
270.0
1001
AcDbBlockRepETag
1070
     1
1071
       12
1005
534
  0
LINE
  5
535
330
524
100
AcDbEntity
  8
0
100
AcDbLine
 10
23.481367
 20
26.723269
 30
0.0
 11
23.494609
 21
26.723269
 31
0.0
1001
AcDbBlockRepETag
1070
     1
1071
       13
1005
535
  0
ARC
  5
536
330
524
100
AcDbEntity
  8
0
100
AcDbCircle
 10
23.494609
 20
26.728269
 30
0.0
 40
0.005
100
AcDbArc
 50
270.0
 51
360.0
1001
AcDbBlockRepETag
1070
     1
1071
       14
1005
536
  0
CIRCLE
  5
537
330
524
100
AcDbEntity
  8
0
 62
     0
100
AcDbCircle
 10
23.487988
 20
26.630466
 30
0.0
 40
0.02
1001
AcDbBlockRepETag
1070
     1
1071
       15
1005
537
  0
CIRCLE
  5
538
330
524
100
AcDbEntity
  8
0
 62
     0
100
AcDbCircle
 10
23.487988
 20
26.630466
 30
0.0
 40
0.025
1001
AcDbBlockRepETag
1070
     1
1071
       16
1005
538
  0
ARC
  5
539
330
524
100
AcDbEntity
  8
0
 62
     0
100
AcDbCircle
 10
23.487988
 20
26.630466
 30
0.0
 40
0.185
100
AcDbArc
 50
94.860239
 51
85.13903
1001
AcDbBlockRepETag
1070
     1
1071
       17
1005
539
  0
ARC
  5
53A
330
524
100
AcDbEntity
  8
0
100
AcDbCircle
 10
23.487988
 20
26.630466
 30
0.0
 40
0.2
100
AcDbArc
 50
94.696786
 51
85.302692
1001
AcDbBlockRepETag
1070
     1
1071
       18
1005
53A
  0
ARC
  5
53B
330
524
100
AcDbEntity
  8
0
 60
     1
100
AcDbCircle
 10
23.487988
 20
26.630466
 30
0.0
 40
0.0152047786308458
100
AcDbArc
 50
95.604056
 51
84.395944
1001
AcDbBlockRepETag
1070
     1
1071
       19
1005
53B
  0
LINE
  5
53C
330
524
100
AcDbEntity
  8
0
 60
     1
100
AcDbLine
 10
23.499609
 20
26.793977
 30
0.0
 11
23.499609
 21
26.650598
 31
0.0
1001
AcDbBlockRepETag
1070
     1
1071
       20
1005
53C
  0
LINE
  5
53D
330
524
100
AcDbEntity
  8
0
 60
     1
100
AcDbLine
 10
23.476367
 20
26.793977
 30
0.0
 11
23.476367
 21
26.650598
 31
0.0
1001
AcDbBlockRepETag
1070
     1
1071
       21
1005
53D
  0
ARC
  5
53E
330
524
100
AcDbEntity
  8
0
 60
     1
100
AcDbCircle
 10
23.487988
 20
26.793977
 30
0.0
 40
0.0116210400697128
100
AcDbArc
 50
0.0
 51
180.0
1001
AcDbBlockRepETag
1070
     1
1071
       22
1005
53E
  0
ARC
  5
53F
330
524
100
AcDbEntity
  8
0
 60
     1
100
AcDbCircle
 10
23.481367
 20
26.650598
 30
0.0
 40
0.005
100
AcDbArc
 50
180.0
 51
270.0
1001
AcDbBlockRepETag
1070
     1
1071
       23
1005
53F
  0
ARC
  5
540
330
524
100
AcDbEntity
  8
0
 60
     1
100
AcDbCircle
 10
23.494609
 20
26.650598
 30
0.0
 40
0.005
100
AcDbArc
 50
270.0
 51
0.0
1001
AcDbBlockRepETag
1070
     1
1071
       24
1005
540
  0
LINE
  5
541
330
524
100
AcDbEntity
  8
0
 60
     1
100
AcDbLine
 10
23.494609
 20
26.645598
 30
0.0
 11
23.481367
 21
26.645598
 31
0.0
1001
AcDbBlockRepETag
1070
     1
1071
       25
1005
541
  0
LINE
  5
542
330
524
100
AcDbEntity
  8
0
 60
     1
100
AcDbLine
 10
23.577502
 20
26.783732
 30
0.0
 11
23.577502
 21
26.756877
 31
0.0
1001
AcDbBlockRepETag
1070
     1
1071
       26
1005
542
  0
ARC
  5
543
330
524
100
AcDbEntity
  8
0
 60
     1
100
AcDbCircle
 10
23.582988
 20
26.783732
 30
0.0
 40
0.0054853960402852
100
AcDbArc
 50
0.0
 51
180.0
1001
AcDbBlockRepETag
1070
     1
1071
       27
1005
543
  0
LINE
  5
544
330
524
100
AcDbEntity
  8
0
 60
     1
100
AcDbLine
 10
23.588473
 20
26.756877
 30
0.0
 11
23.588473
 21
26.783732
 31
0.0
1001
AcDbBlockRepETag
1070
     1
1071
       28
1005
544
  0
ARC
  5
545
330
524
100
AcDbEntity
  8
0
 60
     1
100
AcDbCircle
 10
23.392988
 20
26.793977
 30
0.0
 40
0.0252500000000002
100
AcDbArc
 50
282.547176
 51
257.452824
1001
AcDbBlockRepETag
1070
     1
1071
       29
1005
545
  0
LINE
  5
546
330
524
100
AcDbEntity
  8
0
 60
     1
100
AcDbLine
 10
23.387502
 20
26.783732
 30
0.0
 11
23.387502
 21
26.756877
 31
0.0
1001
AcDbBlockRepETag
1070
     1
1071
       30
1005
546
  0
ARC
  5
547
330
524
100
AcDbEntity
  8
0
 60
     1
100
AcDbCircle
 10
23.392988
 20
26.783732
 30
0.0
 40
0.0054853960402852
100
AcDbArc
 50
0.0
 51
180.0
1001
AcDbBlockRepETag
1070
     1
1071
       31
1005
547
  0
LINE
  5
548
330
524
100
AcDbEntity
  8
0
 60
     1
100
AcDbLine
 10
23.398473
 20
26.756877
 30
0.0
 11
23.398473
 21
26.783732
 31
0.0
1001
AcDbBlockRepETag
1070
     1
1071
       32
1005
548
  0
ARC
  5
549
330
524
100
AcDbEntity
  8
0
 60
     1
100
AcDbCircle
 10
23.487988
 20
26.793977
 30
0.0
 40
0.0252500000000002
100
AcDbArc
 50
297.402544
 51
242.597456
1001
AcDbBlockRepETag
1070
     1
1071
       33
1005
549
  0
ARC
  5
54A
330
524
100
AcDbEntity
  8
0
 60
     1
100
AcDbCircle
 10
23.582988
 20
26.793977
 30
0.0
 40
0.0252500000000002
100
AcDbArc
 50
282.547176
 51
257.452824
1001
AcDbBlockRepETag
1070
     1
1071
       34
1005
54A
  0
LINE
  5
54B
330
524
100
AcDbEntity
  8
0
 60
     1
100
AcDbLine
 10
23.399976
 20
26.756877
 30
0.0
 11
23.398473
 21
26.756877
 31
0.0
1001
AcDbBlockRepETag
1070
     1
1071
       35
1005
54B
  0
LINE
  5
54C
330
524
100
AcDbEntity
  8
0
 60
     1
100
AcDbLine
 10
23.385999
 20
26.756877
 30
0.0
 11
23.385999
 21
26.730977
 31
0.0
1001
AcDbBlockRepETag
1070
     1
1071
       36
1005
54C
  0
LINE
  5
54D
330
524
100
AcDbEntity
  8
0
 60
     1
100
AcDbLine
 10
23.385999
 20
26.730977
 30
0.0
 11
23.399976
 21
26.730977
 31
0.0
1001
AcDbBlockRepETag
1070
     1
1071
       37
1005
54D
  0
LINE
  5
54E
330
524
100
AcDbEntity
  8
0
 60
     1
100
AcDbLine
 10
23.399976
 20
26.730977
 30
0.0
 11
23.399976
 21
26.756877
 31
0.0
1001
AcDbBlockRepETag
1070
     1
1071
       38
1005
54E
  0
LINE
  5
54F
330
524
100
AcDbEntity
  8
0
 60
     1
100
AcDbLine
 10
23.589976
 20
26.756877
 30
0.0
 11
23.588473
 21
26.756877
 31
0.0
1001
AcDbBlockRepETag
1070
     1
1071
       39
1005
54F
  0
LINE
  5
550
330
524
100
AcDbEntity
  8
0
 60
     1
100
AcDbLine
 10
23.575999
 20
26.756877
 30
0.0
 11
23.575999
 21
26.730977
 31
0.0
1001
AcDbBlockRepETag
1070
     1
1071
       40
1005
550
  0
LINE
  5
551
330
524
100
AcDbEntity
  8
0
 60
     1
100
AcDbLine
 10
23.575999
 20
26.730977
 30
0.0
 11
23.589976
 21
26.730977
 31
0.0
1001
AcDbBlockRepETag
1070
     1
1071
       41
1005
551
  0
LINE
  5
552
330
524
100
AcDbEntity
  8
0
 60
     1
100
AcDbLine
 10
23.589976
 20
26.730977
 30
0.0
 11
23.589976
 21
26.756877
 31
0.0
1001
AcDbBlockRepETag
1070
     1
1071
       42
1005
552
  0
ARC
  5
553
330
524
100
AcDbEntity
  8
0
 60
     1
100
AcDbCircle
 10
23.487988
 20
26.630466
 30
0.0
 40
0.135
100
AcDbArc
 50
94.938234
 51
130.687892
1001
AcDbBlockRepETag
1070
     1
1071
       43
1005
553
  0
ARC
  5
554
330
524
100
AcDbEntity
  8
0
 62
     0
 60
     1
100
AcDbCircle
 10
23.487988
 20
26.630466
 30
0.0
 40
0.125
100
AcDbArc
 50
95.334396
 51
84.665604
1001
AcDbBlockRepETag
1070
     1
1071
       44
1005
554
  0
ARC
  5
555
330
524
100
AcDbEntity
  8
0
 60
     1
100
AcDbCircle
 10
23.487988
 20
26.630466
 30
0.0
 40
0.135
100
AcDbArc
 50
49.312108
 51
85.061766
1001
AcDbBlockRepETag
1070
     1
1071
       45
1005
555
  0
ARC
  5
556
330
524
100
AcDbEntity
  8
0
 60
     1
100
AcDbCircle
 10
23.487988
 20
26.630466
 30
0.0
 40
0.135
100
AcDbArc
 50
131.881562
 51
48.118438
1001
AcDbBlockRepETag
1070
     1
1071
       46
1005
556
  0
LINE
  5
557
330
524
100
AcDbEntity
  8
0
 60
     1
100
AcDbLine
 10
23.387502
 20
26.756877
 30
0.0
 11
23.385999
 21
26.756877
 31
0.0
1001
AcDbBlockRepETag
1070
     1
1071
       47
1005
557
  0
LINE
  5
558
330
524
100
AcDbEntity
  8
0
 60
     1
100
AcDbLine
 10
23.577502
 20
26.756877
 30
0.0
 11
23.575999
 21
26.756877
 31
0.0
1001
AcDbBlockRepETag
1070
     1
1071
       48
1005
558
  0
ENDBLK
  5
559
330
524
100
AcDbEntity
  8
0
100
AcDbBlockEnd
  0
BLOCK
  5
4EE
330
4E5
100
AcDbEntity
  8
0
100
AcDbBlockBegin
  2
BACHA
 70
     0
 10
0.0
 20
0.0
 30
0.0
  3
BACHA
  1
BACHA
  0
LINE
  5
4EF
330
4E5
100
AcDbEntity
  8
0
100
AcDbLine
 10
23.395208
 20
26.894202
 30
0.0
 11
23.487988
 21
26.899216
 31
0.0
1001
AcDbBlockRepETag
1070
     1
1071
        0
1005
4EF
  0
ARC
  5
4F0
330
4E5
100
AcDbEntity
  8
0
100
AcDbCircle
 10
23.395478
 20
26.889209
 30
0.0
 40
0.0050000000001091
100
AcDbArc
 50
93.093255
 51
180.0
1001
AcDbBlockRepETag
1070
     1
1071
        1
1005
4F0
  0
LINE
  5
4F1
330
4E5
100
AcDbEntity
  8
0
100
AcDbLine
 10
23.390478
 20
26.871722
 30
0.0
 11
23.390478
 21
26.889209
 31
0.0
1001
AcDbBlockRepETag
1070
     1
1071
        2
1005
4F1
  0
ARC
  5
4F2
330
4E5
100
AcDbEntity
  8
0
100
AcDbCircle
 10
23.395478
 20
26.871722
 30
0.0
 40
0.0050000000000374
100
AcDbArc
 50
180.0
 51
266.906745
1001
AcDbBlockRepETag
1070
     1
1071
        3
1005
4F2
  0
LINE
  5
4F3
330
4E5
100
AcDbEntity
  8
0
100
AcDbLine
 10
23.487988
 20
26.861716
 30
0.0
 11
23.395208
 21
26.86673
 31
0.0
1001
AcDbBlockRepETag
1070
     1
1071
        4
1005
4F3
  0
ARC
  5
4F4
330
4E5
100
AcDbEntity
  8
0
100
AcDbCircle
 10
23.487988
 20
26.880466
 30
0.0
 40
0.0282499999999573
100
AcDbArc
 50
311.583958
 51
141.583328
1001
AcDbBlockRepETag
1070
     1
1071
        5
1005
4F4
  0
LINE
  5
4F5
330
4E5
100
AcDbEntity
  8
0
 62
     0
100
AcDbLine
 10
23.414039
 20
26.89522
 30
0.0
 11
23.414039
 21
26.865712
 31
0.0
1001
AcDbBlockRepETag
1070
     1
1071
        6
1005
4F5
  0
ARC
  5
4F6
330
4E5
100
AcDbEntity
  8
0
100
AcDbCircle
 10
23.487988
 20
26.880466
 30
0.0
 40
0.0187499999998408
100
AcDbArc
 50
263.81349
 51
96.18651
1001
AcDbBlockRepETag
1070
     1
1071
        7
1005
4F6
  0
LINE
  5
4F7
330
4E5
100
AcDbEntity
  8
0
100
AcDbLine
 10
23.476367
 20
26.728269
 30
0.0
 11
23.47007
 21
26.862684
 31
0.0
1001
AcDbBlockRepETag
1070
     1
1071
        8
1005
4F7
  0
LINE
  5
4F8
330
4E5
100
AcDbEntity
  8
0
100
AcDbLine
 10
23.506738
 20
26.880466
 30
0.0
 11
23.499603
 21
26.728035
 31
0.0
1001
AcDbBlockRepETag
1070
     1
1071
        9
1005
4F8
  0
ARC
  5
4F9
330
4E5
100
AcDbEntity
  8
0
100
AcDbCircle
 10
23.487988
 20
26.880466
 30
0.0
 40
0.0282499999999573
100
AcDbArc
 50
218.416672
 51
228.416042
1001
AcDbBlockRepETag
1070
     1
1071
       10
1005
4F9
  0
ARC
  5
4FA
330
4E5
100
AcDbEntity
  8
0
 62
     0
100
AcDbCircle
 10
23.487988
 20
26.880466
 30
0.0
 40
0.023499999999899
100
AcDbArc
 50
322.927403
 51
130.276199
1001
AcDbBlockRepETag
1070
     1
1071
       11
1005
4FA
  0
ARC
  5
4FB
330
4E5
100
AcDbEntity
  8
0
100
AcDbCircle
 10
23.481367
 20
26.728269
 30
0.0
 40
0.005
100
AcDbArc
 50
180.0
 51
270.0
1001
AcDbBlockRepETag
1070
     1
1071
       12
1005
4FB
  0
LINE
  5
4FC
330
4E5
100
AcDbEntity
  8
0
100
AcDbLine
 10
23.481367
 20
26.723269
 30
0.0
 11
23.494609
 21
26.723269
 31
0.0
1001
AcDbBlockRepETag
1070
     1
1071
       13
1005
4FC
  0
ARC
  5
4FD
330
4E5
100
AcDbEntity
  8
0
100
AcDbCircle
 10
23.494609
 20
26.728269
 30
0.0
 40
0.005
100
AcDbArc
 50
270.0
 51
360.0
1001
AcDbBlockRepETag
1070
     1
1071
       14
1005
4FD
  0
CIRCLE
  5
4FE
330
4E5
100
AcDbEntity
  8
0
 62
     0
100
AcDbCircle
 10
23.487988
 20
26.630466
 30
0.0
 40
0.02
1001
AcDbBlockRepETag
1070
     1
1071
       15
1005
4FE
  0
CIRCLE
  5
4FF
330
4E5
100
AcDbEntity
  8
0
 62
     0
100
AcDbCircle
 10
23.487988
 20
26.630466
 30
0.0
 40
0.025
1001
AcDbBlockRepETag
1070
     1
1071
       16
1005
4FF
  0
ARC
  5
500
330
4E5
100
AcDbEntity
  8
0
 62
     0
100
AcDbCircle
 10
23.487988
 20
26.630466
 30
0.0
 40
0.185
100
AcDbArc
 50
94.860239
 51
85.13903
1001
AcDbBlockRepETag
1070
     1
1071
       17
1005
500
  0
ARC
  5
501
330
4E5
100
AcDbEntity
  8
0
100
AcDbCircle
 10
23.487988
 20
26.630466
 30
0.0
 40
0.2
100
AcDbArc
 50
94.696786
 51
85.302692
1001
AcDbBlockRepETag
1070
     1
1071
       18
1005
501
  0
ARC
  5
502
330
4E5
100
AcDbEntity
  8
0
 60
     1
100
AcDbCircle
 10
23.487988
 20
26.630466
 30
0.0
 40
0.0152047786308458
100
AcDbArc
 50
95.604056
 51
84.395944
1001
AcDbBlockRepETag
1070
     1
1071
       19
1005
502
  0
LINE
  5
503
330
4E5
100
AcDbEntity
  8
0
 60
     1
100
AcDbLine
 10
23.499609
 20
26.793977
 30
0.0
 11
23.499609
 21
26.650598
 31
0.0
1001
AcDbBlockRepETag
1070
     1
1071
       20
1005
503
  0
LINE
  5
504
330
4E5
100
AcDbEntity
  8
0
 60
     1
100
AcDbLine
 10
23.476367
 20
26.793977
 30
0.0
 11
23.476367
 21
26.650598
 31
0.0
1001
AcDbBlockRepETag
1070
     1
1071
       21
1005
504
  0
ARC
  5
505
330
4E5
100
AcDbEntity
  8
0
 60
     1
100
AcDbCircle
 10
23.487988
 20
26.793977
 30
0.0
 40
0.0116210400697128
100
AcDbArc
 50
0.0
 51
180.0
1001
AcDbBlockRepETag
1070
     1
1071
       22
1005
505
  0
ARC
  5
506
330
4E5
100
AcDbEntity
  8
0
 60
     1
100
AcDbCircle
 10
23.481367
 20
26.650598
 30
0.0
 40
0.005
100
AcDbArc
 50
180.0
 51
270.0
1001
AcDbBlockRepETag
1070
     1
1071
       23
1005
506
  0
ARC
  5
507
330
4E5
100
AcDbEntity
  8
0
 60
     1
100
AcDbCircle
 10
23.494609
 20
26.650598
 30
0.0
 40
0.005
100
AcDbArc
 50
270.0
 51
0.0
1001
AcDbBlockRepETag
1070
     1
1071
       24
1005
507
  0
LINE
  5
508
330
4E5
100
AcDbEntity
  8
0
 60
     1
100
AcDbLine
 10
23.494609
 20
26.645598
 30
0.0
 11
23.481367
 21
26.645598
 31
0.0
1001
AcDbBlockRepETag
1070
     1
1071
       25
1005
508
  0
LINE
  5
509
330
4E5
100
AcDbEntity
  8
0
 60
     1
100
AcDbLine
 10
23.577502
 20
26.783732
 30
0.0
 11
23.577502
 21
26.756877
 31
0.0
1001
AcDbBlockRepETag
1070
     1
1071
       26
1005
509
  0
ARC
  5
50A
330
4E5
100
AcDbEntity
  8
0
 60
     1
100
AcDbCircle
 10
23.582988
 20
26.783732
 30
0.0
 40
0.0054853960402852
100
AcDbArc
 50
0.0
 51
180.0
1001
AcDbBlockRepETag
1070
     1
1071
       27
1005
50A
  0
LINE
  5
50B
330
4E5
100
AcDbEntity
  8
0
 60
     1
100
AcDbLine
 10
23.588473
 20
26.756877
 30
0.0
 11
23.588473
 21
26.783732
 31
0.0
1001
AcDbBlockRepETag
1070
     1
1071
       28
1005
50B
  0
ARC
  5
50C
330
4E5
100
AcDbEntity
  8
0
 60
     1
100
AcDbCircle
 10
23.392988
 20
26.793977
 30
0.0
 40
0.0252500000000002
100
AcDbArc
 50
282.547176
 51
257.452824
1001
AcDbBlockRepETag
1070
     1
1071
       29
1005
50C
  0
LINE
  5
50D
330
4E5
100
AcDbEntity
  8
0
 60
     1
100
AcDbLine
 10
23.387502
 20
26.783732
 30
0.0
 11
23.387502
 21
26.756877
 31
0.0
1001
AcDbBlockRepETag
1070
     1
1071
       30
1005
50D
  0
ARC
  5
50E
330
4E5
100
AcDbEntity
  8
0
 60
     1
100
AcDbCircle
 10
23.392988
 20
26.783732
 30
0.0
 40
0.0054853960402852
100
AcDbArc
 50
0.0
 51
180.0
1001
AcDbBlockRepETag
1070
     1
1071
       31
1005
50E
  0
LINE
  5
50F
330
4E5
100
AcDbEntity
  8
0
 60
     1
100
AcDbLine
 10
23.398473
 20
26.756877
 30
0.0
 11
23.398473
 21
26.783732
 31
0.0
1001
AcDbBlockRepETag
1070
     1
1071
       32
1005
50F
  0
ARC
  5
510
330
4E5
100
AcDbEntity
  8
0
 60
     1
100
AcDbCircle
 10
23.487988
 20
26.793977
 30
0.0
 40
0.0252500000000002
100
AcDbArc
 50
297.402544
 51
242.597456
1001
AcDbBlockRepETag
1070
     1
1071
       33
1005
510
  0
ARC
  5
511
330
4E5
100
AcDbEntity
  8
0
 60
     1
100
AcDbCircle
 10
23.582988
 20
26.793977
 30
0.0
 40
0.0252500000000002
100
AcDbArc
 50
282.547176
 51
257.452824
1001
AcDbBlockRepETag
1070
     1
1071
       34
1005
511
  0
LINE
  5
512
330
4E5
100
AcDbEntity
  8
0
 60
     1
100
AcDbLine
 10
23.399976
 20
26.756877
 30
0.0
 11
23.398473
 21
26.756877
 31
0.0
1001
AcDbBlockRepETag
1070
     1
1071
       35
1005
512
  0
LINE
  5
513
330
4E5
100
AcDbEntity
  8
0
 60
     1
100
AcDbLine
 10
23.385999
 20
26.756877
 30
0.0
 11
23.385999
 21
26.730977
 31
0.0
1001
AcDbBlockRepETag
1070
     1
1071
       36
1005
513
  0
LINE
  5
514
330
4E5
100
AcDbEntity
  8
0
 60
     1
100
AcDbLine
 10
23.385999
 20
26.730977
 30
0.0
 11
23.399976
 21
26.730977
 31
0.0
1001
AcDbBlockRepETag
1070
     1
1071
       37
1005
514
  0
LINE
  5
515
330
4E5
100
AcDbEntity
  8
0
 60
     1
100
AcDbLine
 10
23.399976
 20
26.730977
 30
0.0
 11
23.399976
 21
26.756877
 31
0.0
1001
AcDbBlockRepETag
1070
     1
1071
       38
1005
515
  0
LINE
  5
516
330
4E5
100
AcDbEntity
  8
0
 60
     1
100
AcDbLine
 10
23.589976
 20
26.756877
 30
0.0
 11
23.588473
 21
26.756877
 31
0.0
1001
AcDbBlockRepETag
1070
     1
1071
       39
1005
516
  0
LINE
  5
517
330
4E5
100
AcDbEntity
  8
0
 60
     1
100
AcDbLine
 10
23.575999
 20
26.756877
 30
0.0
 11
23.575999
 21
26.730977
 31
0.0
1001
AcDbBlockRepETag
1070
     1
1071
       40
1005
517
  0
LINE
  5
518
330
4E5
100
AcDbEntity
  8
0
 60
     1
100
AcDbLine
 10
23.575999
 20
26.730977
 30
0.0
 11
23.589976
 21
26.730977
 31
0.0
1001
AcDbBlockRepETag
1070
     1
1071
       41
1005
518
  0
LINE
  5
519
330
4E5
100
AcDbEntity
  8
0
 60
     1
100
AcDbLine
 10
23.589976
 20
26.730977
 30
0.0
 11
23.589976
 21
26.756877
 31
0.0
1001
AcDbBlockRepETag
1070
     1
1071
       42
1005
519
  0
ARC
  5
51A
330
4E5
100
AcDbEntity
  8
0
 60
     1
100
AcDbCircle
 10
23.487988
 20
26.630466
 30
0.0
 40
0.135
100
AcDbArc
 50
94.938234
 51
130.687892
1001
AcDbBlockRepETag
1070
     1
1071
       43
1005
51A
  0
ARC
  5
51B
330
4E5
100
AcDbEntity
  8
0
 62
     0
 60
     1
100
AcDbCircle
 10
23.487988
 20
26.630466
 30
0.0
 40
0.125
100
AcDbArc
 50
95.334396
 51
84.665604
1001
AcDbBlockRepETag
1070
     1
1071
       44
1005
51B
  0
ARC
  5
51C
330
4E5
100
AcDbEntity
  8
0
 60
     1
100
AcDbCircle
 10
23.487988
 20
26.630466
 30
0.0
 40
0.135
100
AcDbArc
 50
49.312108
 51
85.061766
1001
AcDbBlockRepETag
1070
     1
1071
       45
1005
51C
  0
ARC
  5
51D
330
4E5
100
AcDbEntity
  8
0
 60
     1
100
AcDbCircle
 10
23.487988
 20
26.630466
 30
0.0
 40
0.135
100
AcDbArc
 50
131.881562
 51
48.118438
1001
AcDbBlockRepETag
1070
     1
1071
       46
1005
51D
  0
LINE
  5
51E
330
4E5
100
AcDbEntity
  8
0
 60
     1
100
AcDbLine
 10
23.387502
 20
26.756877
 30
0.0
 11
23.385999
 21
26.756877
 31
0.0
1001
AcDbBlockRepETag
1070
     1
1071
       47
1005
51E
  0
LINE
  5
51F
330
4E5
100
AcDbEntity
  8
0
 60
     1
100
AcDbLine
 10
23.577502
 20
26.756877
 30
0.0
 11
23.575999
 21
26.756877
 31
0.0
1001
AcDbBlockRepETag
1070
     1
1071
       48
1005
51F
  0
ENDBLK
  5
520
330
4E5
100
AcDbEntity
  8
0
100
AcDbBlockEnd
  0
BLOCK
  5
55C
330
55B
100
AcDbEntity
  8
0
100
AcDbBlockBegin
  2
HELADERA
 70
     0
 10
0.0
 20
0.0
 30
0.0
  3
HELADERA
  1
HELADERA
  0
LINE
  5
55D
330
55B
100
AcDbEntity
  8
0
100
AcDbLine
 10
1654.701527
 20
616.51475
 30
0.0
 11
1654.701527
 21
616.35225
 31
0.0
  0
LINE
  5
55E
330
55B
100
AcDbEntity
  8
0
100
AcDbLine
 10
1654.701527
 20
616.51475
 30
0.0
 11
1654.701527
 21
616.5635
 31
0.0
  0
LINE
  5
55F
330
55B
100
AcDbEntity
  8
0
100
AcDbLine
 10
1654.734027
 20
616.35225
 30
0.0
 11
1654.701527
 21
616.35225
 31
0.0
  0
LINE
  5
560
330
55B
100
AcDbEntity
  8
0
100
AcDbLine
 10
1654.734027
 20
616.51475
 30
0.0
 11
1654.701527
 21
616.51475
 31
0.0
  0
LINE
  5
561
330
55B
100
AcDbEntity
  8
0
100
AcDbLine
 10
1654.734027
 20
616.51475
 30
0.0
 11
1654.734027
 21
616.35225
 31
0.0
  0
LINE
  5
562
330
55B
100
AcDbEntity
  8
0
100
AcDbLine
 10
1654.669027
 20
615.924333
 30
0.0
 11
1654.701527
 21
615.924333
 31
0.0
  0
LINE
  5
563
330
55B
100
AcDbEntity
  8
0
100
AcDbLine
 10
1654.64736
 20
615.924333
 30
0.0
 11
1654.669027
 21
615.924333
 31
0.0
  0
LINE
  5
564
330
55B
100
AcDbEntity
  8
0
100
AcDbLine
 10
1654.669027
 20
616.552667
 30
0.0
 11
1654.669027
 21
615.956833
 31
0.0
  0
LINE
  5
565
330
55B
100
AcDbEntity
  8
0
100
AcDbLine
 10
1654.64736
 20
616.552667
 30
0.0
 11
1654.64736
 21
615.9785
 31
0.0
  0
LINE
  5
566
330
55B
100
AcDbEntity
  8
0
100
AcDbLine
 10
1654.051527
 20
616.531
 30
0.0
 11
1654.051527
 21
615.946
 31
0.0
  0
LINE
  5
567
330
55B
100
AcDbEntity
  8
0
100
AcDbLine
 10
1654.051527
 20
615.946
 30
0.0
 11
1654.051527
 21
615.9135
 31
0.0
  0
LINE
  5
568
330
55B
100
AcDbEntity
  8
0
100
AcDbLine
 10
1654.64736
 20
615.924333
 30
0.0
 11
1654.64736
 21
615.9135
 31
0.0
  0
LINE
  5
569
330
55B
100
AcDbEntity
  8
0
100
AcDbLine
 10
1654.64736
 20
616.5635
 30
0.0
 11
1654.64736
 21
616.552667
 31
0.0
  0
LINE
  5
56A
330
55B
100
AcDbEntity
  8
0
100
AcDbLine
 10
1654.669027
 20
616.552667
 30
0.0
 11
1654.669027
 21
616.5635
 31
0.0
  0
LINE
  5
56B
330
55B
100
AcDbEntity
  8
0
100
AcDbLine
 10
1654.701527
 20
615.924333
 30
0.0
 11
1654.64736
 21
615.9785
 31
0.0
  0
LINE
  5
56C
330
55B
100
AcDbEntity
  8
0
100
AcDbLine
 10
1654.64736
 20
615.9785
 30
0.0
 11
1654.620277
 21
615.9785
 31
0.0
  0
LINE
  5
56D
330
55B
100
AcDbEntity
  8
0
100
AcDbLine
 10
1654.620277
 20
615.924333
 30
0.0
 11
1654.64736
 21
615.924333
 31
0.0
  0
LINE
  5
56E
330
55B
100
AcDbEntity
  8
0
100
AcDbLine
 10
1654.620277
 20
615.9785
 30
0.0
 11
1654.620277
 21
615.924333
 31
0.0
  0
LINE
  5
56F
330
55B
100
AcDbEntity
  8
0
100
AcDbLine
 10
1654.64736
 20
616.552667
 30
0.0
 11
1654.669027
 21
616.552667
 31
0.0
  0
LINE
  5
570
330
55B
100
AcDbEntity
  8
0
100
AcDbLine
 10
1654.669027
 20
616.5635
 30
0.0
 11
1654.701527
 21
616.5635
 31
0.0
  0
LINE
  5
571
330
55B
100
AcDbEntity
  8
0
100
AcDbLine
 10
1654.669027
 20
615.9135
 30
0.0
 11
1654.701527
 21
615.9135
 31
0.0
  0
LINE
  5
572
330
55B
100
AcDbEntity
  8
0
100
AcDbLine
 10
1654.701527
 20
615.9135
 30
0.0
 11
1654.701527
 21
616.35225
 31
0.0
  0
LINE
  5
573
330
55B
100
AcDbEntity
  8
0
100
AcDbLine
 10
1654.669027
 20
615.9135
 30
0.0
 11
1654.669027
 21
615.924333
 31
0.0
  0
LINE
  5
574
330
55B
100
AcDbEntity
  8
0
100
AcDbLine
 10
1654.64736
 20
616.5635
 30
0.0
 11
1654.051527
 21
616.5635
 31
0.0
  0
LINE
  5
575
330
55B
100
AcDbEntity
  8
0
100
AcDbLine
 10
1654.051527
 20
615.9135
 30
0.0
 11
1654.64736
 21
615.9135
 31
0.0
  0
LINE
  5
576
330
55B
100
AcDbEntity
  8
0
100
AcDbLine
 10
1654.051527
 20
616.5635
 30
0.0
 11
1654.051527
 21
616.531
 31
0.0
  0
ENDBLK
  5
577
330
55B
100
AcDbEntity
  8
0
100
AcDbBlockEnd
  0
BLOCK
  5
57C
330
579
100
AcDbEntity
  8
0
 48
0.01
100
AcDbBlockBegin
  2
BARI_INODORO_PTA
 70
     0
 10
0.0
 20
0.0
 30
0.0
  3
BARI_INODORO_PTA
  1
BARI_INODORO_PTA
  0
CIRCLE
  5
57D
330
579
100
AcDbEntity
  8
0
 62
     0
100
AcDbCircle
 10
-0.08
 20
-0.09
 30
0.0
 40
0.0085
1001
AcDbBlockRepETag
1070
     1
1071
       27
1005
57D
  0
CIRCLE
  5
57E
330
579
100
AcDbEntity
  8
0
 62
     0
100
AcDbCircle
 10
0.08
 20
-0.09
 30
0.0
 40
0.0085
1001
AcDbBlockRepETag
1070
     1
1071
       28
1005
57E
  0
LWPOLYLINE
  5
57F
330
579
100
AcDbEntity
  8
0
100
AcDbPolyline
 90
        4
 70
     1
 43
0.0
 10
0.1925
 20
0.0
 10
-0.1925
 20
0.0
 10
-0.1925
 20
0.175026
 10
0.1925
 20
0.175026
1001
AcDbBlockRepETag
1070
     1
1071
       29
1005
57F
  0
LWPOLYLINE
  5
580
330
579
100
AcDbEntity
  8
0
100
AcDbPolyline
 90
       10
 70
     1
 43
0.0
 10
0.074802
 20
-0.497505
 42
0.35685
 10
0.175
 20
-0.37499
 10
0.175
 20
-0.185
 10
0.175
 20
-0.003
 42
0.414214
 10
0.172
 20
0.0
 10
-0.172
 20
0.0
 42
0.414214
 10
-0.175
 20
-0.003
 10
-0.175
 20
-0.185
 10
-0.175
 20
-0.37499
 42
0.35685
 10
-0.074802
 20
-0.497505
 42
0.100202
1001
AcDbBlockRepETag
1070
     1
1071
       30
1005
580
  0
LWPOLYLINE
  5
581
330
579
100
AcDbEntity
  8
0
100
AcDbPolyline
 90
        8
 70
     1
 43
0.0
 10
0.065873
 20
-0.453399
 42
0.35685
 10
0.13
 20
-0.37499
 10
0.13
 20
-0.017
 42
0.414214
 10
0.128
 20
-0.015
 10
-0.128
 20
-0.015
 42
0.414214
 10
-0.13
 20
-0.017
 10
-0.13
 20
-0.37499
 42
0.35685
 10
-0.065873
 20
-0.453399
 42
0.100202
1001
AcDbBlockRepETag
1070
     1
1071
       31
1005
581
  0
LWPOLYLINE
  5
582
330
579
100
AcDbEntity
  8
0
 62
     0
100
AcDbPolyline
 90
        4
 70
     0
 43
0.0
 10
-0.13
 20
-0.23
 42
-0.414214
 10
-0.05
 20
-0.15
 10
0.05
 20
-0.15
 42
-0.414214
 10
0.13
 20
-0.23
1001
AcDbBlockRepETag
1070
     1
1071
       32
1005
582
  0
LWPOLYLINE
  5
583
330
579
100
AcDbEntity
  8
0
 62
     0
100
AcDbPolyline
 90
        5
 70
     0
 43
0.0
 10
0.054002
 20
-0.300536
 42
0.001526
 10
0.053943
 20
-0.300082
 42
0.343229
 10
0.0
 20
-0.254
 42
0.343229
 10
-0.053943
 20
-0.300082
 42
0.001526
 10
-0.054002
 20
-0.300536
1001
AcDbBlockRepETag
1070
     1
1071
       33
1005
583
  0
ENDBLK
  5
584
330
579
100
AcDbEntity
  8
0
 48
0.01
100
AcDbBlockEnd
  0
BLOCK
  5
5AA
330
5A7
100
AcDbEntity
  8
0
100
AcDbBlockBegin
  2
OCASA_TODAS_r08$0$N
 70
     2
 10
0.0
 20
0.0
 30
0.0
  3
OCASA_TODAS_r08$0$N
  1
OCASA_TODAS_r08$0$N
  0
CIRCLE
  5
5AB
330
5A7
100
AcDbEntity
  8
OCASA_TODAS_r08$0$nivp
100
AcDbCircle
 10
-324.777108
 20
-12.533993
 30
0.0
 40
0.0859799575195312
1001
AcDbBlockRepETag
1070
     1
1071
        0
1005
5AB
  0
LINE
  5
5AC
330
5A7
100
AcDbEntity
  8
OCASA_TODAS_r08$0$nivp
100
AcDbLine
 10
-324.777108
 20
-12.396425
 30
0.0
 11
-324.777108
 21
-12.671561
 31
0.0
1001
AcDbBlockRepETag
1070
     1
1071
        1
1005
5AC
  0
LINE
  5
5AD
330
5A7
100
AcDbEntity
  8
OCASA_TODAS_r08$0$nivp
100
AcDbLine
 10
-324.914676
 20
-12.533993
 30
0.0
 11
-324.245598
 21
-12.533993
 31
0.0
1001
AcDbBlockRepETag
1070
     1
1071
        2
1005
5AD
  0
LWPOLYLINE
  5
5AE
330
5A7
100
AcDbEntity
  8
OCASA_TODAS_r08$0$nivp
100
AcDbPolyline
 90
        2
 70
     0
 43
0.08598
 10
-324.777108
 20
-12.491003
 42
0.414214
 10
-324.820098
 20
-12.533993
 42
1.0
1001
AcDbBlockRepETag
1070
     1
1071
        3
1005
5AE
  0
LWPOLYLINE
  5
5AF
330
5A7
100
AcDbEntity
  8
OCASA_TODAS_r08$0$nivp
100
AcDbPolyline
 90
        2
 70
     0
 43
0.08598
 10
-324.777108
 20
-12.576983
 42
0.414214
 10
-324.734118
 20
-12.533993
 42
1.0
1001
AcDbBlockRepETag
1070
     1
1071
        4
1005
5AF
  0
ATTDEF
  5
5B0
330
5A7
100
AcDbEntity
  8
OCASA_TODAS_r08$0$nivp
100
AcDbText
 10
-324.674515
 20
-12.507096
 30
0.0
 40
0.050625
  1
%%P0.00
  7
OCASA_TODAS_r08$0$Standard
100
AcDbAttributeDefinition
  3
NIVEL
  2
NIVEL
 70
     0
280
     0
1001
AcDbBlockRepETag
1070
     1
1071
        5
1005
0
  0
ENDBLK
  5
5B1
330
5A7
100
AcDbEntity
  8
0
100
AcDbBlockEnd
  0
BLOCK
  5
5CE
330
5CB
100
AcDbEntity
  8
0
100
AcDbBlockBegin
  2
Ref-carp-50
 70
     2
 10
0.0
 20
0.0
 30
0.0
  3
Ref-carp-50
  1
Ref-carp-50
  0
LINE
  5
5CF
330
5CB
100
AcDbEntity
  8
0
100
AcDbLine
 10
-0.2
 20
0.0
 30
0.0
 11
0.2
 21
0.0
 31
0.0
  0
CIRCLE
  5
5D0
330
5CB
100
AcDbEntity
  8
0
100
AcDbCircle
 10
0.0
 20
0.0
 30
0.0
 40
0.2
  0
ATTDEF
  5
5D1
330
5CB
100
AcDbEntity
  8
0
100
AcDbText
 10
0.0
 20
0.025
 30
0.0
 40
0.1
  1

  7
Century
 72
     1
 11
0.0
 21
0.075
 31
0.0
100
AcDbAttributeDefinition
  3
TIPO DE CARPINTERIA?
  2
P01
 70
     0
 74
     2
280
     0
  0
ATTDEF
  5
5D2
330
5CB
100
AcDbEntity
  8
0
100
AcDbText
 10
0.0
 20
-0.125
 30
0.0
 40
0.1
  1

  7
Century
 72
     1
 11
0.0
 21
-0.075
 31
0.0
100
AcDbAttributeDefinition
  3
LUZ DE PASO?
  2
0.00
 70
     0
 74
     2
280
     0
  0
ENDBLK
  5
5D3
330
5CB
100
AcDbEntity
  8
0
100
AcDbBlockEnd
  0
BLOCK
  5
5E7
330
5E4
100
AcDbEntity
  8
0
100
AcDbBlockBegin
  2
NOMENCLATURA VENTANA
 70
     2
 10
0.0
 20
0.0
 30
0.0
  3
NOMENCLATURA VENTANA
  1
NOMENCLATURA VENTANA
  0
LINE
  5
5E8
330
5E4
100
AcDbEntity
  8
0
100
AcDbLine
 10
-69.888437
 20
24.5
 30
0.0
 11
-69.488437
 21
24.5
 31
0.0
  0
CIRCLE
  5
5E9
330
5E4
100
AcDbEntity
  8
0
100
AcDbCircle
 10
-69.688437
 20
24.5
 30
0.0
 40
0.2
  0
ATTDEF
  5
5EA
330
5E4
100
AcDbEntity
  8
0
100
AcDbText
 10
-69.688437
 20
24.524853
 30
0.0
 40
0.1
  1

  7
Century
 72
     1
 11
-69.688437
 21
24.574853
 31
0.0
100
AcDbAttributeDefinition
  3
ANCHO
  2
0.00
 70
     0
 74
     2
280
     0
  0
ATTDEF
  5
5EB
330
5E4
100
AcDbEntity
  8
0
100
AcDbText
 10
-69.688437
 20
24.375
 30
0.0
 40
0.1
  1

  7
Century
 72
     1
 11
-69.688437
 21
24.425
 31
0.0
100
AcDbAttributeDefinition
  3
ALTO
  2
0.00
 70
     0
 74
     2
280
     0
  0
ATTDEF
  5
5EC
330
5E4
100
AcDbEntity
  8
0
100
AcDbText
 10
-69.688437
 20
24.738253
 30
0.0
 40
0.1
  1

  7
Century
 72
     1
 11
-69.688437
 21
24.788253
 31
0.0
100
AcDbAttributeDefinition
  3
NUMERO
  2
V01
 70
     0
 74
     2
280
     0
  0
ENDBLK
  5
5ED
330
5E4
100
AcDbEntity
  8
0
100
AcDbBlockEnd
  0
BLOCK
  5
660
330
65D
100
AcDbEntity
  8
0
 48
0.05
100
AcDbBlockBegin
  2
*U22
 70
     1
 10
0.0
 20
0.0
 30
0.0
  3
*U22
  1
*U22
  0
LINE
  5
661
330
65D
100
AcDbEntity
  8
0
 60
     1
100
AcDbLine
 10
-55.529075
 20
12.553816
 30
0.0
 11
-55.52908
 21
12.458911
 31
0.0
1001
AcDbBlockRepETag
1070
     1
1071
        4
1005
661
  0
LINE
  5
662
330
65D
100
AcDbEntity
  8
0
 60
     1
100
AcDbLine
 10
-55.342851
 20
12.827221
 30
0.0
 11
-55.439013
 21
12.827221
 31
0.0
1001
AcDbBlockRepETag
1070
     1
1071
        5
1005
662
  0
ARC
  5
663
330
65D
100
AcDbEntity
  8
0
 60
     1
100
AcDbCircle
 10
-55.529075
 20
12.705352
 30
0.0
 40
0.1515357914298477
100
AcDbArc
 50
126.464668
 51
53.535332
1001
AcDbBlockRepETag
1070
     1
1071
        6
1005
663
  0
LINE
  5
664
330
65D
100
AcDbEntity
  8
0
 60
     1
100
AcDbLine
 10
-55.377539
 20
12.705352
 30
0.0
 11
-55.680611
 21
12.705352
 31
0.0
1001
AcDbBlockRepETag
1070
     1
1071
        7
1005
664
  0
LINE
  5
665
330
65D
100
AcDbEntity
  8
0
 60
     1
100
AcDbLine
 10
-55.715298
 20
12.827221
 30
0.0
 11
-55.619137
 21
12.827221
 31
0.0
1001
AcDbBlockRepETag
1070
     1
1071
        8
1005
665
  0
LWPOLYLINE
  5
666
330
65D
100
AcDbEntity
  8
0
 60
     1
100
AcDbPolyline
 90
        2
 70
     1
 43
0.05
 10
-55.529075
 20
12.730352
 42
1.0
 10
-55.529075
 20
12.680352
 42
1.0
1001
AcDbBlockRepETag
1070
     1
1071
        9
1005
666
  0
LINE
  5
667
330
65D
100
AcDbEntity
  8
0
 60
     1
100
AcDbLine
 10
-55.529075
 20
12.553816
 30
0.0
 11
-55.52908
 21
12.458911
 31
0.0
1001
AcDbBlockRepETag
1070
     1
1071
       10
1005
667
  0
LINE
  5
668
330
65D
100
AcDbEntity
  8
0
 60
     1
100
AcDbLine
 10
-55.342851
 20
12.827221
 30
0.0
 11
-55.439013
 21
12.827221
 31
0.0
1001
AcDbBlockRepETag
1070
     1
1071
       11
1005
668
  0
ARC
  5
669
330
65D
100
AcDbEntity
  8
0
 60
     1
100
AcDbCircle
 10
-55.529075
 20
12.705352
 30
0.0
 40
0.1515357914298477
100
AcDbArc
 50
126.464668
 51
53.535332
1001
AcDbBlockRepETag
1070
     1
1071
       12
1005
669
  0
LINE
  5
66A
330
65D
100
AcDbEntity
  8
0
 60
     1
100
AcDbLine
 10
-55.715298
 20
12.827221
 30
0.0
 11
-55.619137
 21
12.827221
 31
0.0
1001
AcDbBlockRepETag
1070
     1
1071
       13
1005
66A
  0
INSERT
  5
66B
330
65D
100
AcDbEntity
  8
0
 60
     1
100
AcDbBlockReference
  2
*X25
 10
-14.237336
 20
-74.302088
 30
0.0
 41
0.1
 42
0.1
 43
0.1
 50
90.0
1001
ACAD
1000
HATCH
1002
{
1070
    16
1000
ANSI37
1040
0.5
1040
0.0
1002
}
1001
AcDbBlockRepETag
1070
     1
1071
       14
1005
66B
  0
LINE
  5
68C
330
65D
100
AcDbEntity
  8
0
 60
     1
100
AcDbLine
 10
-55.529075
 20
12.553816
 30
0.0
 11
-55.52908
 21
12.458911
 31
0.0
1001
AcDbBlockRepETag
1070
     1
1071
       15
1005
68C
  0
LINE
  5
68D
330
65D
100
AcDbEntity
  8
0
 60
     1
100
AcDbLine
 10
-55.342851
 20
12.827221
 30
0.0
 11
-55.439013
 21
12.827221
 31
0.0
1001
AcDbBlockRepETag
1070
     1
1071
       16
1005
68D
  0
ARC
  5
68E
330
65D
100
AcDbEntity
  8
0
 60
     1
100
AcDbCircle
 10
-55.529075
 20
12.705352
 30
0.0
 40
0.1515357914298477
100
AcDbArc
 50
126.464668
 51
53.535332
1001
AcDbBlockRepETag
1070
     1
1071
       17
1005
68E
  0
LINE
  5
68F
330
65D
100
AcDbEntity
  8
0
 60
     1
100
AcDbLine
 10
-55.715298
 20
12.827221
 30
0.0
 11
-55.619137
 21
12.827221
 31
0.0
1001
AcDbBlockRepETag
1070
     1
1071
       18
1005
68F
  0
LINE
  5
690
330
65D
100
AcDbEntity
  8
0
100
AcDbLine
 10
-55.529075
 20
12.553816
 30
0.0
 11
-55.52908
 21
12.458911
 31
0.0
1001
AcDbBlockRepETag
1070
     1
1071
        0
1005
0
  0
LINE
  5
691
330
65D
100
AcDbEntity
  8
0
100
AcDbLine
 10
-55.342851
 20
12.827221
 30
0.0
 11
-55.439013
 21
12.827221
 31
0.0
1001
AcDbBlockRepETag
1070
     1
1071
        1
1005
0
  0
ARC
  5
692
330
65D
100
AcDbEntity
  8
0
100
AcDbCircle
 10
-55.529075
 20
12.705352
 30
0.0
 40
0.1515357914298477
100
AcDbArc
 50
126.464668
 51
53.535332
1001
AcDbBlockRepETag
1070
     1
1071
        2
1005
0
  0
LINE
  5
693
330
65D
100
AcDbEntity
  8
0
100
AcDbLine
 10
-55.715298
 20
12.827221
 30
0.0
 11
-55.619137
 21
12.827221
 31
0.0
1001
AcDbBlockRepETag
1070
     1
1071
        3
1005
0
  0
ENDBLK
  5
694
330
65D
100
AcDbEntity
  8
0
 48
0.05
100
AcDbBlockEnd
  0
BLOCK
  5
61C
330
608
100
AcDbEntity
  8
0
100
AcDbBlockBegin
  2
Tomacorriente
 70
     0
 10
0.0
 20
0.0
 30
0.0
  3
Tomacorriente
  1
Tomacorriente
  0
LINE
  5
61D
330
608
100
AcDbEntity
  8
0
 60
     1
100
AcDbLine
 10
-55.529075
 20
12.856888
 30
0.0
 11
-55.52907
 21
12.951793
 31
0.0
1001
AcDbBlockRepETag
1070
     1
1071
        4
1005
61D
  0
LINE
  5
61E
330
608
100
AcDbEntity
  8
0
 60
     1
100
AcDbLine
 10
-55.715298
 20
12.583484
 30
0.0
 11
-55.619137
 21
12.583484
 31
0.0
1001
AcDbBlockRepETag
1070
     1
1071
        5
1005
61E
  0
ARC
  5
61F
330
608
100
AcDbEntity
  8
0
 60
     1
100
AcDbCircle
 10
-55.529075
 20
12.705352
 30
0.0
 40
0.1515357914298477
100
AcDbArc
 50
306.464668
 51
233.535332
1001
AcDbBlockRepETag
1070
     1
1071
        6
1005
61F
  0
LINE
  5
620
330
608
100
AcDbEntity
  8
0
 60
     1
100
AcDbLine
 10
-55.680611
 20
12.705352
 30
0.0
 11
-55.377539
 21
12.705352
 31
0.0
1001
AcDbBlockRepETag
1070
     1
1071
        7
1005
620
  0
LINE
  5
621
330
608
100
AcDbEntity
  8
0
 60
     1
100
AcDbLine
 10
-55.342851
 20
12.583484
 30
0.0
 11
-55.439013
 21
12.583484
 31
0.0
1001
AcDbBlockRepETag
1070
     1
1071
        8
1005
621
  0
LWPOLYLINE
  5
622
330
608
100
AcDbEntity
  8
0
 60
     1
100
AcDbPolyline
 90
        2
 70
     1
 43
0.05
 10
-55.529075
 20
12.680352
 42
1.0
 10
-55.529075
 20
12.730352
 42
1.0
1001
AcDbBlockRepETag
1070
     1
1071
        9
1005
622
  0
LINE
  5
623
330
608
100
AcDbEntity
  8
0
 60
     1
100
AcDbLine
 10
-55.529075
 20
12.856888
 30
0.0
 11
-55.52907
 21
12.951793
 31
0.0
1001
AcDbBlockRepETag
1070
     1
1071
       10
1005
623
  0
LINE
  5
624
330
608
100
AcDbEntity
  8
0
 60
     1
100
AcDbLine
 10
-55.715298
 20
12.583484
 30
0.0
 11
-55.619137
 21
12.583484
 31
0.0
1001
AcDbBlockRepETag
1070
     1
1071
       11
1005
624
  0
ARC
  5
625
330
608
100
AcDbEntity
  8
0
 60
     1
100
AcDbCircle
 10
-55.529075
 20
12.705352
 30
0.0
 40
0.1515357914298477
100
AcDbArc
 50
306.464668
 51
233.535332
1001
AcDbBlockRepETag
1070
     1
1071
       12
1005
625
  0
LINE
  5
626
330
608
100
AcDbEntity
  8
0
 60
     1
100
AcDbLine
 10
-55.342851
 20
12.583484
 30
0.0
 11
-55.439013
 21
12.583484
 31
0.0
1001
AcDbBlockRepETag
1070
     1
1071
       13
1005
626
  0
INSERT
  5
627
330
608
100
AcDbEntity
  8
0
 60
     1
100
AcDbBlockReference
  2
*X24
 10
-96.820813
 20
99.712793
 30
0.0
 41
0.1
 42
0.1
 43
0.1
 50
270.0
1001
ACAD
1000
HATCH
1002
{
1070
    16
1000
ANSI37
1040
0.5
1040
0.0
1002
}
1001
AcDbBlockRepETag
1070
     1
1071
       14
1005
627
  0
LINE
  5
648
330
608
100
AcDbEntity
  8
0
 60
     1
100
AcDbLine
 10
-55.529075
 20
12.856888
 30
0.0
 11
-55.52907
 21
12.951793
 31
0.0
1001
AcDbBlockRepETag
1070
     1
1071
       15
1005
648
  0
LINE
  5
649
330
608
100
AcDbEntity
  8
0
 60
     1
100
AcDbLine
 10
-55.715298
 20
12.583484
 30
0.0
 11
-55.619137
 21
12.583484
 31
0.0
1001
AcDbBlockRepETag
1070
     1
1071
       16
1005
649
  0
ARC
  5
64A
330
608
100
AcDbEntity
  8
0
 60
     1
100
AcDbCircle
 10
-55.529075
 20
12.705352
 30
0.0
 40
0.1515357914298477
100
AcDbArc
 50
306.464668
 51
233.535332
1001
AcDbBlockRepETag
1070
     1
1071
       17
1005
64A
  0
LINE
  5
64B
330
608
100
AcDbEntity
  8
0
 60
     1
100
AcDbLine
 10
-55.342851
 20
12.583484
 30
0.0
 11
-55.439013
 21
12.583484
 31
0.0
1001
AcDbBlockRepETag
1070
     1
1071
       18
1005
64B
  0
LINE
  5
64C
330
608
100
AcDbEntity
  8
0
100
AcDbLine
 10
-55.529075
 20
12.856888
 30
0.0
 11
-55.52907
 21
12.951793
 31
0.0
1001
AcDbBlockRepETag
1070
     1
1071
        0
1005
0
  0
LINE
  5
64D
330
608
100
AcDbEntity
  8
0
100
AcDbLine
 10
-55.715298
 20
12.583484
 30
0.0
 11
-55.619137
 21
12.583484
 31
0.0
1001
AcDbBlockRepETag
1070
     1
1071
        1
1005
0
  0
ARC
  5
64E
330
608
100
AcDbEntity
  8
0
100
AcDbCircle
 10
-55.529075
 20
12.705352
 30
0.0
 40
0.1515357914298477
100
AcDbArc
 50
306.464668
 51
233.535332
1001
AcDbBlockRepETag
1070
     1
1071
        2
1005
0
  0
LINE
  5
64F
330
608
100
AcDbEntity
  8
0
100
AcDbLine
 10
-55.342851
 20
12.583484
 30
0.0
 11
-55.439013
 21
12.583484
 31
0.0
1001
AcDbBlockRepETag
1070
     1
1071
        3
1005
0
  0
ENDBLK
  5
650
330
608
100
AcDbEntity
  8
0
100
AcDbBlockEnd
  0
BLOCK
  5
629
330
628
100
AcDbEntity
  8
0
100
AcDbBlockBegin
  2
*X24
 70
     1
 10
0.0
 20
0.0
 30
0.0
  3
*X24
  1
*X24
  0
LINE
  5
62A
330
628
100
AcDbEntity
  8
0
 62
     0
100
AcDbLine
 10
869.684328
 20
412.804959
 30
0.0
 11
870.14388
 21
413.264511
 31
0.0
  0
LINE
  5
62B
330
628
100
AcDbEntity
  8
0
 62
     0
100
AcDbLine
 10
869.624593
 20
412.833612
 30
0.0
 11
869.959876
 21
413.168895
 31
0.0
  0
LINE
  5
62C
330
628
100
AcDbEntity
  8
0
 62
     0
100
AcDbLine
 10
869.564858
 20
412.862265
 30
0.0
 11
869.775872
 21
413.073279
 31
0.0
  0
LINE
  5
62D
330
628
100
AcDbEntity
  8
0
 62
     0
100
AcDbLine
 10
869.505122
 20
412.890918
 30
0.0
 11
869.591868
 21
412.977664
 31
0.0
  0
LINE
  5
62E
330
628
100
AcDbEntity
  8
0
 62
     0
100
AcDbLine
 10
869.744064
 20
412.776306
 30
0.0
 11
870.316911
 21
413.349153
 31
0.0
  0
LINE
  5
62F
330
628
100
AcDbEntity
  8
0
 62
     0
100
AcDbLine
 10
869.803799
 20
412.747653
 30
0.0
 11
870.316911
 21
413.260765
 31
0.0
  0
LINE
  5
630
330
628
100
AcDbEntity
  8
0
 62
     0
100
AcDbLine
 10
869.863534
 20
412.719
 30
0.0
 11
870.316911
 21
413.172377
 31
0.0
  0
LINE
  5
631
330
628
100
AcDbEntity
  8
0
 62
     0
100
AcDbLine
 10
869.923269
 20
412.690347
 30
0.0
 11
870.316911
 21
413.083988
 31
0.0
  0
LINE
  5
632
330
628
100
AcDbEntity
  8
0
 62
     0
100
AcDbLine
 10
869.983005
 20
412.661694
 30
0.0
 11
870.316911
 21
412.9956
 31
0.0
  0
LINE
  5
633
330
628
100
AcDbEntity
  8
0
 62
     0
100
AcDbLine
 10
870.04274
 20
412.633041
 30
0.0
 11
870.316911
 21
412.907212
 31
0.0
  0
LINE
  5
634
330
628
100
AcDbEntity
  8
0
 62
     0
100
AcDbLine
 10
870.102475
 20
412.604388
 30
0.0
 11
870.316911
 21
412.818823
 31
0.0
  0
LINE
  5
635
330
628
100
AcDbEntity
  8
0
 62
     0
100
AcDbLine
 10
870.162211
 20
412.575735
 30
0.0
 11
870.316911
 21
412.730435
 31
0.0
  0
LINE
  5
636
330
628
100
AcDbEntity
  8
0
 62
     0
100
AcDbLine
 10
870.221946
 20
412.547082
 30
0.0
 11
870.316911
 21
412.642047
 31
0.0
  0
LINE
  5
637
330
628
100
AcDbEntity
  8
0
 62
     0
100
AcDbLine
 10
870.281681
 20
412.518429
 30
0.0
 11
870.316911
 21
412.553658
 31
0.0
  0
LINE
  5
638
330
628
100
AcDbEntity
  8
0
 62
     0
100
AcDbLine
 10
870.243205
 20
412.536885
 30
0.0
 11
869.730426
 21
413.049664
 31
0.0
  0
LINE
  5
639
330
628
100
AcDbEntity
  8
0
 62
     0
100
AcDbLine
 10
870.073336
 20
412.618365
 30
0.0
 11
869.672262
 21
413.01944
 31
0.0
  0
LINE
  5
63A
330
628
100
AcDbEntity
  8
0
 62
     0
100
AcDbLine
 10
869.903467
 20
412.699846
 30
0.0
 11
869.614098
 21
412.989215
 31
0.0
  0
LINE
  5
63B
330
628
100
AcDbEntity
  8
0
 62
     0
100
AcDbLine
 10
869.733598
 20
412.781326
 30
0.0
 11
869.555933
 21
412.958991
 31
0.0
  0
LINE
  5
63C
330
628
100
AcDbEntity
  8
0
 62
     0
100
AcDbLine
 10
869.56373
 20
412.862806
 30
0.0
 11
869.497769
 21
412.928767
 31
0.0
  0
LINE
  5
63D
330
628
100
AcDbEntity
  8
0
 62
     0
100
AcDbLine
 10
870.316911
 20
412.551567
 30
0.0
 11
869.78859
 21
413.079888
 31
0.0
  0
LINE
  5
63E
330
628
100
AcDbEntity
  8
0
 62
     0
100
AcDbLine
 10
870.316911
 20
412.639955
 30
0.0
 11
869.846754
 21
413.110112
 31
0.0
  0
LINE
  5
63F
330
628
100
AcDbEntity
  8
0
 62
     0
100
AcDbLine
 10
870.316911
 20
412.728344
 30
0.0
 11
869.904918
 21
413.140337
 31
0.0
  0
LINE
  5
640
330
628
100
AcDbEntity
  8
0
 62
     0
100
AcDbLine
 10
870.316911
 20
412.816732
 30
0.0
 11
869.963082
 21
413.170561
 31
0.0
  0
LINE
  5
641
330
628
100
AcDbEntity
  8
0
 62
     0
100
AcDbLine
 10
870.316911
 20
412.90512
 30
0.0
 11
870.021246
 21
413.200785
 31
0.0
  0
LINE
  5
642
330
628
100
AcDbEntity
  8
0
 62
     0
100
AcDbLine
 10
870.316911
 20
412.993509
 30
0.0
 11
870.07941
 21
413.23101
 31
0.0
  0
LINE
  5
643
330
628
100
AcDbEntity
  8
0
 62
     0
100
AcDbLine
 10
870.316911
 20
413.081897
 30
0.0
 11
870.137574
 21
413.261234
 31
0.0
  0
LINE
  5
644
330
628
100
AcDbEntity
  8
0
 62
     0
100
AcDbLine
 10
870.316911
 20
413.170286
 30
0.0
 11
870.195738
 21
413.291458
 31
0.0
  0
LINE
  5
645
330
628
100
AcDbEntity
  8
0
 62
     0
100
AcDbLine
 10
870.316911
 20
413.258674
 30
0.0
 11
870.253902
 21
413.321683
 31
0.0
  0
LINE
  5
646
330
628
100
AcDbEntity
  8
0
 62
     0
100
AcDbLine
 10
870.316911
 20
413.347062
 30
0.0
 11
870.312066
 21
413.351907
 31
0.0
  0
ENDBLK
  5
647
330
628
100
AcDbEntity
  8
0
100
AcDbBlockEnd
  0
BLOCK
  5
66D
330
66C
100
AcDbEntity
  8
0
100
AcDbBlockBegin
  2
*X25
 70
     1
 10
0.0
 20
0.0
 30
0.0
  3
*X25
  1
*X25
  0
LINE
  5
66E
330
66C
100
AcDbEntity
  8
0
 62
     0
100
AcDbLine
 10
869.684328
 20
412.804959
 30
0.0
 11
870.14388
 21
413.264511
 31
0.0
  0
LINE
  5
66F
330
66C
100
AcDbEntity
  8
0
 62
     0
100
AcDbLine
 10
869.624593
 20
412.833612
 30
0.0
 11
869.959876
 21
413.168895
 31
0.0
  0
LINE
  5
670
330
66C
100
AcDbEntity
  8
0
 62
     0
100
AcDbLine
 10
869.564858
 20
412.862265
 30
0.0
 11
869.775872
 21
413.073279
 31
0.0
  0
LINE
  5
671
330
66C
100
AcDbEntity
  8
0
 62
     0
100
AcDbLine
 10
869.505122
 20
412.890918
 30
0.0
 11
869.591868
 21
412.977664
 31
0.0
  0
LINE
  5
672
330
66C
100
AcDbEntity
  8
0
 62
     0
100
AcDbLine
 10
869.744064
 20
412.776306
 30
0.0
 11
870.316911
 21
413.349153
 31
0.0
  0
LINE
  5
673
330
66C
100
AcDbEntity
  8
0
 62
     0
100
AcDbLine
 10
869.803799
 20
412.747653
 30
0.0
 11
870.316911
 21
413.260765
 31
0.0
  0
LINE
  5
674
330
66C
100
AcDbEntity
  8
0
 62
     0
100
AcDbLine
 10
869.863534
 20
412.719
 30
0.0
 11
870.316911
 21
413.172377
 31
0.0
  0
LINE
  5
675
330
66C
100
AcDbEntity
  8
0
 62
     0
100
AcDbLine
 10
869.923269
 20
412.690347
 30
0.0
 11
870.316911
 21
413.083988
 31
0.0
  0
LINE
  5
676
330
66C
100
AcDbEntity
  8
0
 62
     0
100
AcDbLine
 10
869.983005
 20
412.661694
 30
0.0
 11
870.316911
 21
412.9956
 31
0.0
  0
LINE
  5
677
330
66C
100
AcDbEntity
  8
0
 62
     0
100
AcDbLine
 10
870.04274
 20
412.633041
 30
0.0
 11
870.316911
 21
412.907212
 31
0.0
  0
LINE
  5
678
330
66C
100
AcDbEntity
  8
0
 62
     0
100
AcDbLine
 10
870.102475
 20
412.604388
 30
0.0
 11
870.316911
 21
412.818823
 31
0.0
  0
LINE
  5
679
330
66C
100
AcDbEntity
  8
0
 62
     0
100
AcDbLine
 10
870.162211
 20
412.575735
 30
0.0
 11
870.316911
 21
412.730435
 31
0.0
  0
LINE
  5
67A
330
66C
100
AcDbEntity
  8
0
 62
     0
100
AcDbLine
 10
870.221946
 20
412.547082
 30
0.0
 11
870.316911
 21
412.642047
 31
0.0
  0
LINE
  5
67B
330
66C
100
AcDbEntity
  8
0
 62
     0
100
AcDbLine
 10
870.281681
 20
412.518429
 30
0.0
 11
870.316911
 21
412.553658
 31
0.0
  0
LINE
  5
67C
330
66C
100
AcDbEntity
  8
0
 62
     0
100
AcDbLine
 10
870.243205
 20
412.536885
 30
0.0
 11
869.730426
 21
413.049664
 31
0.0
  0
LINE
  5
67D
330
66C
100
AcDbEntity
  8
0
 62
     0
100
AcDbLine
 10
870.073336
 20
412.618365
 30
0.0
 11
869.672262
 21
413.01944
 31
0.0
  0
LINE
  5
67E
330
66C
100
AcDbEntity
  8
0
 62
     0
100
AcDbLine
 10
869.903467
 20
412.699846
 30
0.0
 11
869.614098
 21
412.989215
 31
0.0
  0
LINE
  5
67F
330
66C
100
AcDbEntity
  8
0
 62
     0
100
AcDbLine
 10
869.733598
 20
412.781326
 30
0.0
 11
869.555933
 21
412.958991
 31
0.0
  0
LINE
  5
680
330
66C
100
AcDbEntity
  8
0
 62
     0
100
AcDbLine
 10
869.56373
 20
412.862806
 30
0.0
 11
869.497769
 21
412.928767
 31
0.0
  0
LINE
  5
681
330
66C
100
AcDbEntity
  8
0
 62
     0
100
AcDbLine
 10
870.316911
 20
412.551567
 30
0.0
 11
869.78859
 21
413.079888
 31
0.0
  0
LINE
  5
682
330
66C
100
AcDbEntity
  8
0
 62
     0
100
AcDbLine
 10
870.316911
 20
412.639955
 30
0.0
 11
869.846754
 21
413.110112
 31
0.0
  0
LINE
  5
683
330
66C
100
AcDbEntity
  8
0
 62
     0
100
AcDbLine
 10
870.316911
 20
412.728344
 30
0.0
 11
869.904918
 21
413.140337
 31
0.0
  0
LINE
  5
684
330
66C
100
AcDbEntity
  8
0
 62
     0
100
AcDbLine
 10
870.316911
 20
412.816732
 30
0.0
 11
869.963082
 21
413.170561
 31
0.0
  0
LINE
  5
685
330
66C
100
AcDbEntity
  8
0
 62
     0
100
AcDbLine
 10
870.316911
 20
412.90512
 30
0.0
 11
870.021246
 21
413.200785
 31
0.0
  0
LINE
  5
686
330
66C
100
AcDbEntity
  8
0
 62
     0
100
AcDbLine
 10
870.316911
 20
412.993509
 30
0.0
 11
870.07941
 21
413.23101
 31
0.0
  0
LINE
  5
687
330
66C
100
AcDbEntity
  8
0
 62
     0
100
AcDbLine
 10
870.316911
 20
413.081897
 30
0.0
 11
870.137574
 21
413.261234
 31
0.0
  0
LINE
  5
688
330
66C
100
AcDbEntity
  8
0
 62
     0
100
AcDbLine
 10
870.316911
 20
413.170286
 30
0.0
 11
870.195738
 21
413.291458
 31
0.0
  0
LINE
  5
689
330
66C
100
AcDbEntity
  8
0
 62
     0
100
AcDbLine
 10
870.316911
 20
413.258674
 30
0.0
 11
870.253902
 21
413.321683
 31
0.0
  0
LINE
  5
68A
330
66C
100
AcDbEntity
  8
0
 62
     0
100
AcDbLine
 10
870.316911
 20
413.347062
 30
0.0
 11
870.312066
 21
413.351907
 31
0.0
  0
ENDBLK
  5
68B
330
66C
100
AcDbEntity
  8
0
100
AcDbBlockEnd
  0
BLOCK
  5
6EF
330
6EE
100
AcDbEntity
  8
0
100
AcDbBlockBegin
  2
REFERENCIA DE MURO
 70
     2
 10
0.0
 20
0.0
 30
0.0
  3
REFERENCIA DE MURO
  1
REFERENCIA DE MURO
  0
LWPOLYLINE
  5
6F0
330
6EE
100
AcDbEntity
  8
0
100
AcDbPolyline
 90
        6
 70
     0
 43
0.0
 10
-0.305
 20
-0.075
 42
-1.0
 10
-0.305
 20
0.075
 42
1.0
 10
-0.305
 20
-0.075
 10
-0.125
 20
-0.075
 42
1.0
 10
-0.125
 20
0.075
 10
-0.305
 20
0.075
  0
LWPOLYLINE
  5
6F1
330
6EE
100
AcDbEntity
  8
0
100
AcDbPolyline
 90
        2
 70
     0
 43
0.005
 10
-0.05
 20
0.0
 10
0.07
 20
0.0
  0
ATTDEF
  5
6F2
330
6EE
100
AcDbEntity
  8
0
100
AcDbText
 10
-0.215
 20
-0.039817
 30
0.0
 40
0.09
  1

  7
BEEME
 72
     1
 11
-0.215
 21
-0.039817
 31
0.0
100
AcDbAttributeDefinition
  3
TIPO DE MURO
  2
M00
 70
     0
280
     1
  0
ENDBLK
  5
6F3
330
6EE
100
AcDbEntity
  8
0
100
AcDbBlockEnd
  0
BLOCK
  5
79B
330
79A
100
AcDbEntity
  8
0
 48
0.05
100
AcDbBlockBegin
  2
COLUMNAS
 70
     0
 10
0.0
 20
0.0
 30
0.0
  3
COLUMNAS
  1
COLUMNAS
  0
LINE
  5
79C
330
79A
100
AcDbEntity
  8
ESTRUCTURA
 48
0.05
100
AcDbLine
 10
110.051138
 20
123.685092
 30
0.0
 11
110.201138
 21
123.685092
 31
0.0
  0
LINE
  5
79D
330
79A
100
AcDbEntity
  8
ESTRUCTURA
 48
0.05
100
AcDbLine
 10
110.201138
 20
123.685092
 30
0.0
 11
110.201138
 21
123.585092
 31
0.0
  0
LINE
  5
79E
330
79A
100
AcDbEntity
  8
ESTRUCTURA
 48
0.05
100
AcDbLine
 10
110.201138
 20
123.585092
 30
0.0
 11
110.051138
 21
123.585092
 31
0.0
  0
LINE
  5
79F
330
79A
100
AcDbEntity
  8
ESTRUCTURA
 48
0.05
100
AcDbLine
 10
110.051138
 20
123.585092
 30
0.0
 11
110.051138
 21
123.685092
 31
0.0
  0
ENDBLK
  5
7A0
330
79A
100
AcDbEntity
  8
0
 48
0.05
100
AcDbBlockEnd
  0
BLOCK
  5
879
330
878
100
AcDbEntity
  8
0
100
AcDbBlockBegin
  2
*D28
 70
     1
 10
0.0
 20
0.0
 30
0.0
  3
*D28
  1
*D28
  0
LINE
  5
87A
330
878
100
AcDbEntity
  8
00 Muro ext.
 62
     0
 48
0.05
370
    -2
100
AcDbLine
 10
104.159536
 20
78.961971
 30
0.0
 11
104.159536
 21
78.461971
 31
0.0
  0
LINE
  5
87B
330
878
100
AcDbEntity
  8
00 Muro ext.
 62
     0
 48
0.05
370
    -2
100
AcDbLine
 10
91.149536
 20
78.961971
 30
0.0
 11
91.149536
 21
78.461971
 31
0.0
  0
LINE
  5
87C
330
878
100
AcDbEntity
  8
00 Muro ext.
 62
     0
 48
0.05
370
    -2
100
AcDbLine
 10
104.059536
 20
78.711971
 30
0.0
 11
91.249536
 21
78.711971
 31
0.0
  0
INSERT
  5
87D
330
878
100
AcDbEntity
  8
00 Muro ext.
 62
     0
370
    -2
100
AcDbBlockReference
  2
_DOT
 10
104.159536
 20
78.711971
 30
0.0
 41
0.1
 42
0.1
 43
0.1
  0
INSERT
  5
87E
330
878
100
AcDbEntity
  8
00 Muro ext.
 62
     0
370
    -2
100
AcDbBlockReference
  2
_DOT
 10
91.149536
 20
78.711971
 30
0.0
 41
0.1
 42
0.1
 43
0.1
 50
180.0
  0
MTEXT
  5
87F
330
878
100
AcDbEntity
  8
00 Muro ext.
 62
     0
100
AcDbMText
 10
97.654536
 20
78.976971
 30
0.0
 40
0.24
 41
0.0
 46
0.0
 71
     5
 72
     1
  1
13,01
 73
     1
 44
1.0
  0
POINT
  5
880
330
878
100
AcDbEntity
  8
Defpoints
 62
     0
100
AcDbPoint
 10
104.159536
 20
79.386569
 30
0.0
  0
POINT
  5
881
330
878
100
AcDbEntity
  8
Defpoints
 62
     0
100
AcDbPoint
 10
91.149536
 20
79.386569
 30
0.0
  0
POINT
  5
882
330
878
100
AcDbEntity
  8
Defpoints
 62
     0
100
AcDbPoint
 10
91.149536
 20
78.711971
 30
0.0
  0
ENDBLK
  5
883
330
878
100
AcDbEntity
  8
0
100
AcDbBlockEnd
  0
BLOCK
  5
888
330
885
100
AcDbEntity
  8
0
100
AcDbBlockBegin
  2
dwq
 70
     0
 10
0.0
 20
0.0
 30
0.0
  3
dwq
  1
dwq
  0
LWPOLYLINE
  5
889
330
885
100
AcDbEntity
  8
0
100
AcDbPolyline
 90
        4
 70
     1
 43
0.0
 10
1398.600371
 20
1316.123496
 10
1398.600371
 20
1316.223496
 10
1397.600371
 20
1316.223496
 10
1397.600371
 20
1316.123496
  0
LWPOLYLINE
  5
88A
330
885
100
AcDbEntity
  8
0
100
AcDbPolyline
 90
        4
 70
     1
 43
0.0
 10
1397.650371
 20
1319.523496
 10
1397.650371
 20
1316.223496
 10
1397.600371
 20
1316.223496
 10
1397.600371
 20
1319.523496
  0
LWPOLYLINE
  5
88B
330
885
100
AcDbEntity
  8
0
100
AcDbPolyline
 90
        4
 70
     1
 43
0.0
 10
1398.550371
 20
1319.523496
 10
1398.550371
 20
1316.223496
 10
1398.600371
 20
1316.223496
 10
1398.600371
 20
1319.523496
  0
LWPOLYLINE
  5
88C
330
885
100
AcDbEntity
  8
0
100
AcDbPolyline
 90
        4
 70
     1
 43
0.0
 10
1398.600371
 20
1316.223496
 10
1398.600371
 20
1316.123496
 10
1397.600371
 20
1316.123496
 10
1397.600371
 20
1316.223496
  0
INSERT
  5
88D
330
885
100
AcDbEntity
  8
0
100
AcDbBlockReference
  2
A$C0D016993
 10
1397.500371
 20
1316.298496
 30
0.0
 41
-1.0
 50
270.0
  0
INSERT
  5
896
330
885
100
AcDbEntity
  8
0
100
AcDbBlockReference
  2
A$C0D016993
 10
1397.500371
 20
1318.369717
 30
0.0
 50
270.0
  0
INSERT
  5
897
330
885
100
AcDbEntity
  8
0
100
AcDbBlockReference
  2
A$C0D016993
 10
1397.500371
 20
1319.448496
 30
0.0
 50
270.0
  0
LWPOLYLINE
  5
898
330
885
100
AcDbEntity
  8
0
100
AcDbPolyline
 90
        4
 70
     1
 43
0.0
 10
1398.600371
 20
1319.523496
 10
1398.600371
 20
1319.623496
 10
1397.600371
 20
1319.623496
 10
1397.600371
 20
1319.523496
  0
LWPOLYLINE
  5
899
330
885
100
AcDbEntity
  8
0
100
AcDbPolyline
 90
        4
 70
     1
 43
0.0
 10
1398.600371
 20
1319.623496
 10
1398.600371
 20
1319.523496
 10
1397.600371
 20
1319.523496
 10
1397.600371
 20
1319.623496
  0
ENDBLK
  5
89A
330
885
100
AcDbEntity
  8
0
100
AcDbBlockEnd
  0
BLOCK
  5
891
330
88E
100
AcDbEntity
  8
0
100
AcDbBlockBegin
  2
A$C0D016993
 70
     0
 10
0.0
 20
0.0
 30
0.0
  3
A$C0D016993
  1
A$C0D016993
  0
LWPOLYLINE
  5
892
330
88E
100
AcDbEntity
  8
0
  6
HIDDEN
 48
0.5
100
AcDbPolyline
 90
        5
 70
     0
 43
0.0
 10
0.0
 20
1.2
 10
1.0
 20
1.2
 10
1.0
 20
0.0
 10
0.0
 20
0.0
 10
0.0
 20
1.2
  0
LWPOLYLINE
  5
893
330
88E
100
AcDbEntity
  8
0
  6
HIDDEN
 48
0.5
100
AcDbPolyline
 90
        2
 70
     0
 43
0.0
 10
0.0
 20
1.2
 10
1.0
 20
0.0
  0
LWPOLYLINE
  5
894
330
88E
100
AcDbEntity
  8
0
  6
HIDDEN
 48
0.5
100
AcDbPolyline
 90
        2
 70
     0
 43
0.0
 10
1.0
 20
1.2
 10
0.0
 20
0.0
  0
ENDBLK
  5
895
330
88E
100
AcDbEntity
  8
0
100
AcDbBlockEnd
  0
BLOCK
  5
8FB
330
8FA
100
AcDbEntity
  8
0
 48
0.05
100
AcDbBlockBegin
  2
Escritorio Gte
 70
     0
 10
0.0
 20
0.0
 30
0.0
  3
Escritorio Gte
  1
Escritorio Gte
  0
ARC
  5
8FC
330
8FA
100
AcDbEntity
  8
0
100
AcDbCircle
 10
270.922184
 20
117.373186
 30
0.0
 40
0.4088613751841677
100
AcDbArc
 50
89.643216
 51
180.384836
  0
ARC
  5
8FD
330
8FA
100
AcDbEntity
  8
0
100
AcDbCircle
 10
270.925621
 20
117.360897
 30
0.0
 40
0.4222019078256572
100
AcDbArc
 50
4.120115
 51
89.595756
  0
LWPOLYLINE
  5
8FE
330
8FA
100
AcDbEntity
  8
0
100
AcDbPolyline
 90
        4
 70
     1
 43
0.0
 10
271.815643
 20
116.10757
 10
271.815643
 20
116.08627
 10
271.506143
 20
116.08627
 10
271.506143
 20
116.10757
  0
LWPOLYLINE
  5
8FF
330
8FA
100
AcDbEntity
  8
0
100
AcDbPolyline
 90
        4
 70
     1
 43
0.0
 10
271.812943
 20
116.55317
 10
271.812943
 20
116.53447
 10
271.506143
 20
116.53447
 10
271.506143
 20
116.55317
  0
LWPOLYLINE
  5
900
330
8FA
100
AcDbEntity
  8
0
100
AcDbPolyline
 90
        4
 70
     1
 43
0.0
 10
271.981043
 20
116.46517
 10
271.981043
 20
116.18497
 10
271.938343
 20
116.18497
 10
271.938343
 20
116.46517
  0
ARC
  5
901
330
8FA
100
AcDbEntity
  8
0
100
AcDbCircle
 10
271.478743
 20
116.52387
 30
0.0
 40
0.05
100
AcDbArc
 50
90.0
 51
180.0
  0
ARC
  5
902
330
8FA
100
AcDbEntity
  8
0
100
AcDbCircle
 10
271.478743
 20
116.12557
 30
0.0
 40
0.05
100
AcDbArc
 50
180.0
 51
270.0
  0
ARC
  5
903
330
8FA
100
AcDbEntity
  8
0
100
AcDbCircle
 10
271.876143
 20
116.12557
 30
0.0
 40
0.05
100
AcDbArc
 50
270.0
 51
0.0
  0
ARC
  5
904
330
8FA
100
AcDbEntity
  8
0
100
AcDbCircle
 10
271.876143
 20
116.52387
 30
0.0
 40
0.05
100
AcDbArc
 50
0.0
 51
90.0
  0
LINE
  5
905
330
8FA
100
AcDbEntity
  8
0
100
AcDbLine
 10
271.876143
 20
116.07557
 30
0.0
 11
271.478743
 21
116.07557
 31
0.0
  0
LINE
  5
906
330
8FA
100
AcDbEntity
  8
0
100
AcDbLine
 10
271.926143
 20
116.52387
 30
0.0
 11
271.926143
 21
116.12557
 31
0.0
  0
LINE
  5
907
330
8FA
100
AcDbEntity
  8
0
100
AcDbLine
 10
271.478743
 20
116.57387
 30
0.0
 11
271.876143
 21
116.57387
 31
0.0
  0
LINE
  5
908
330
8FA
100
AcDbEntity
  8
0
100
AcDbLine
 10
271.428743
 20
116.12557
 30
0.0
 11
271.428743
 21
116.52387
 31
0.0
  0
LWPOLYLINE
  5
909
330
8FA
100
AcDbEntity
  8
0
100
AcDbPolyline
 90
        4
 70
     1
 43
0.0
 10
271.822432
 20
116.903696
 10
271.822432
 20
116.882396
 10
271.512932
 20
116.882396
 10
271.512932
 20
116.903696
  0
LWPOLYLINE
  5
90A
330
8FA
100
AcDbEntity
  8
0
100
AcDbPolyline
 90
        4
 70
     1
 43
0.0
 10
271.819732
 20
117.349296
 10
271.819732
 20
117.330596
 10
271.512932
 20
117.330596
 10
271.512932
 20
117.349296
  0
LWPOLYLINE
  5
90B
330
8FA
100
AcDbEntity
  8
0
100
AcDbPolyline
 90
        4
 70
     1
 43
0.0
 10
271.987832
 20
117.261296
 10
271.987832
 20
116.981096
 10
271.945132
 20
116.981096
 10
271.945132
 20
117.261296
  0
ARC
  5
90C
330
8FA
100
AcDbEntity
  8
0
100
AcDbCircle
 10
271.485532
 20
117.319996
 30
0.0
 40
0.05
100
AcDbArc
 50
90.0
 51
180.0
  0
ARC
  5
90D
330
8FA
100
AcDbEntity
  8
0
100
AcDbCircle
 10
271.485532
 20
116.921696
 30
0.0
 40
0.05
100
AcDbArc
 50
180.0
 51
270.0
  0
ARC
  5
90E
330
8FA
100
AcDbEntity
  8
0
100
AcDbCircle
 10
271.882932
 20
116.921696
 30
0.0
 40
0.05
100
AcDbArc
 50
270.0
 51
0.0
  0
ARC
  5
90F
330
8FA
100
AcDbEntity
  8
0
100
AcDbCircle
 10
271.882932
 20
117.319996
 30
0.0
 40
0.05
100
AcDbArc
 50
0.0
 51
90.0
  0
LINE
  5
910
330
8FA
100
AcDbEntity
  8
0
100
AcDbLine
 10
271.882932
 20
116.871696
 30
0.0
 11
271.485532
 21
116.871696
 31
0.0
  0
LINE
  5
911
330
8FA
100
AcDbEntity
  8
0
100
AcDbLine
 10
271.932932
 20
117.319996
 30
0.0
 11
271.932932
 21
116.921696
 31
0.0
  0
LINE
  5
912
330
8FA
100
AcDbEntity
  8
0
100
AcDbLine
 10
271.485532
 20
117.369996
 30
0.0
 11
271.882932
 21
117.369996
 31
0.0
  0
LINE
  5
913
330
8FA
100
AcDbEntity
  8
0
100
AcDbLine
 10
271.435532
 20
116.921696
 30
0.0
 11
271.435532
 21
117.319996
 31
0.0
  0
LWPOLYLINE
  5
914
330
8FA
100
AcDbEntity
  8
0
100
AcDbPolyline
 90
        4
 70
     1
 43
0.0
 10
270.138097
 20
117.383254
 10
270.154874
 20
117.396377
 10
270.345569
 20
117.152604
 10
270.328793
 20
117.13948
  0
LWPOLYLINE
  5
915
330
8FA
100
AcDbEntity
  8
0
100
AcDbPolyline
 90
        4
 70
     1
 43
0.0
 10
269.78879
 20
117.106575
 10
269.803519
 20
117.118097
 10
269.992551
 20
116.87645
 10
269.977822
 20
116.864928
  0
LWPOLYLINE
  5
916
330
8FA
100
AcDbEntity
  8
0
100
AcDbPolyline
 90
        4
 70
     1
 43
0.0
 10
269.754529
 20
117.293197
 10
269.975224
 20
117.465839
 10
270.001534
 20
117.432207
 10
269.780838
 20
117.259565
  0
ARC
  5
917
330
8FA
100
AcDbEntity
  8
0
100
AcDbCircle
 10
270.017782
 20
116.8614
 30
0.0
 40
0.05
100
AcDbArc
 50
218.034833
 51
308.034833
  0
ARC
  5
918
330
8FA
100
AcDbEntity
  8
0
100
AcDbCircle
 10
270.331497
 20
117.106808
 30
0.0
 40
0.05
100
AcDbArc
 50
308.034833
 51
38.034833
  0
ARC
  5
919
330
8FA
100
AcDbEntity
  8
0
100
AcDbCircle
 10
270.086643
 20
117.419815
 30
0.0
 40
0.05
100
AcDbArc
 50
38.034833
 51
128.034833
  0
LINE
  5
91A
330
8FA
100
AcDbEntity
  8
0
100
AcDbLine
 10
270.126025
 20
117.450622
 30
0.0
 11
270.370879
 21
117.137615
 31
0.0
  0
LINE
  5
91B
330
8FA
100
AcDbEntity
  8
0
100
AcDbLine
 10
269.742121
 20
117.213788
 30
0.0
 11
270.055836
 21
117.459197
 31
0.0
  0
LINE
  5
91C
330
8FA
100
AcDbEntity
  8
0
100
AcDbLine
 10
269.9784
 20
116.830593
 30
0.0
 11
269.733546
 21
117.143599
 31
0.0
  0
LINE
  5
91D
330
8FA
100
AcDbEntity
  8
0
100
AcDbLine
 10
270.362304
 20
117.067427
 30
0.0
 11
270.048589
 21
116.822018
 31
0.0
  0
LINE
  5
91E
330
8FA
100
AcDbEntity
  8
0
100
AcDbLine
 10
269.514332
 20
115.98684
 30
0.0
 11
270.513332
 21
115.98684
 31
0.0
  0
LINE
  5
91F
330
8FA
100
AcDbEntity
  8
0
100
AcDbLine
 10
270.513332
 20
115.98684
 30
0.0
 11
270.513332
 21
116.51604
 31
0.0
  0
LINE
  5
920
330
8FA
100
AcDbEntity
  8
0
100
AcDbLine
 10
270.513332
 20
116.51604
 30
0.0
 11
269.514332
 21
116.51604
 31
0.0
  0
LINE
  5
921
330
8FA
100
AcDbEntity
  8
0
100
AcDbLine
 10
269.514332
 20
116.51604
 30
0.0
 11
269.514332
 21
115.98684
 31
0.0
  0
LINE
  5
922
330
8FA
100
AcDbEntity
  8
0
100
AcDbLine
 10
270.513332
 20
117.37044
 30
0.0
 11
270.513332
 21
115.98684
 31
0.0
  0
LINE
  5
923
330
8FA
100
AcDbEntity
  8
0
100
AcDbLine
 10
270.513332
 20
115.98684
 30
0.0
 11
271.346732
 21
115.98684
 31
0.0
  0
LINE
  5
924
330
8FA
100
AcDbEntity
  8
0
100
AcDbLine
 10
271.346732
 20
115.98684
 30
0.0
 11
271.346732
 21
117.391231
 31
0.0
  0
ENDBLK
  5
925
330
8FA
100
AcDbEntity
  8
0
 48
0.05
100
AcDbBlockEnd
  0
BLOCK
  5
952
330
951
100
AcDbEntity
  8
0
100
AcDbBlockBegin
  2
*D32
 70
     1
 10
0.0
 20
0.0
 30
0.0
  3
*D32
  1
*D32
  0
LINE
  5
953
330
951
100
AcDbEntity
  8
00 Muro ext.
 62
     0
370
    -2
100
AcDbLine
 10
103.754596
 20
112.112815
 30
0.0
 11
104.264089
 21
112.112815
 31
0.0
  0
LINE
  5
954
330
951
100
AcDbEntity
  8
00 Muro ext.
 62
     0
370
    -2
100
AcDbLine
 10
103.754596
 20
117.782815
 30
0.0
 11
104.264089
 21
117.782815
 31
0.0
  0
LINE
  5
955
330
951
100
AcDbEntity
  8
00 Muro ext.
 62
     0
370
    -2
100
AcDbLine
 10
104.084089
 20
112.112815
 30
0.0
 11
104.084089
 21
117.782815
 31
0.0
  0
INSERT
  5
956
330
951
100
AcDbEntity
  8
00 Muro ext.
 62
     0
370
    -2
100
AcDbBlockReference
  2
_Oblique
 10
104.084089
 20
112.112815
 30
0.0
 41
0.15
 42
0.15
 43
0.15
 50
270.0
  0
INSERT
  5
957
330
951
100
AcDbEntity
  8
00 Muro ext.
 62
     0
370
    -2
100
AcDbBlockReference
  2
_Oblique
 10
104.084089
 20
117.782815
 30
0.0
 41
0.15
 42
0.15
 43
0.15
 50
90.0
  0
MTEXT
  5
958
330
951
100
AcDbEntity
  8
00 Muro ext.
 62
     0
100
AcDbMText
 10
103.909089
 20
114.947815
 30
0.0
 40
0.15
 41
0.0
 46
0.0
 71
     5
 72
     1
  1
\A1;5.67
 11
0.0
 21
1.0
 31
0.0
 73
     1
 44
1.0
  0
POINT
  5
959
330
951
100
AcDbEntity
  8
Defpoints
 62
     0
100
AcDbPoint
 10
103.692096
 20
112.112815
 30
0.0
  0
POINT
  5
95A
330
951
100
AcDbEntity
  8
Defpoints
 62
     0
100
AcDbPoint
 10
103.692096
 20
117.782815
 30
0.0
  0
POINT
  5
95B
330
951
100
AcDbEntity
  8
Defpoints
 62
     0
100
AcDbPoint
 10
104.084089
 20
117.782815
 30
0.0
  0
ENDBLK
  5
95C
330
951
100
AcDbEntity
  8
0
100
AcDbBlockEnd
  0
BLOCK
  5
961
330
960
100
AcDbEntity
  8
0
100
AcDbBlockBegin
  2
*D33
 70
     1
 10
0.0
 20
0.0
 30
0.0
  3
*D33
  1
*D33
  0
LINE
  5
962
330
960
100
AcDbEntity
  8
00 Muro ext.
 62
     0
370
    -2
100
AcDbLine
 10
98.439536
 20
117.720315
 30
0.0
 11
98.439536
 21
116.020121
 31
0.0
  0
LINE
  5
963
330
960
100
AcDbEntity
  8
00 Muro ext.
 62
     0
370
    -2
100
AcDbLine
 10
110.899536
 20
117.720315
 30
0.0
 11
110.899536
 21
116.020121
 31
0.0
  0
LINE
  5
964
330
960
100
AcDbEntity
  8
00 Muro ext.
 62
     0
370
    -2
100
AcDbLine
 10
98.439536
 20
116.200121
 30
0.0
 11
110.899536
 21
116.200121
 31
0.0
  0
INSERT
  5
965
330
960
100
AcDbEntity
  8
00 Muro ext.
 62
     0
370
    -2
100
AcDbBlockReference
  2
_Oblique
 10
98.439536
 20
116.200121
 30
0.0
 41
0.15
 42
0.15
 43
0.15
 50
180.0
  0
INSERT
  5
966
330
960
100
AcDbEntity
  8
00 Muro ext.
 62
     0
370
    -2
100
AcDbBlockReference
  2
_Oblique
 10
110.899536
 20
116.200121
 30
0.0
 41
0.15
 42
0.15
 43
0.15
  0
MTEXT
  5
967
330
960
100
AcDbEntity
  8
00 Muro ext.
 62
     0
100
AcDbMText
 10
104.669536
 20
116.375121
 30
0.0
 40
0.15
 41
0.0
 46
0.0
 71
     5
 72
     1
  1
\A1;12.46
 73
     1
 44
1.0
  0
POINT
  5
968
330
960
100
AcDbEntity
  8
Defpoints
 62
     0
100
AcDbPoint
 10
98.439536
 20
117.782815
 30
0.0
  0
POINT
  5
969
330
960
100
AcDbEntity
  8
Defpoints
 62
     0
100
AcDbPoint
 10
110.899536
 20
117.782815
 30
0.0
  0
POINT
  5
96A
330
960
100
AcDbEntity
  8
Defpoints
 62
     0
100
AcDbPoint
 10
110.899536
 20
116.200121
 30
0.0
  0
ENDBLK
  5
96B
330
960
100
AcDbEntity
  8
0
100
AcDbBlockEnd
  0
ENDSEC
  0
SECTION
  2
ENTITIES
  0
LWPOLYLINE
  5
3B2
330
1F
100
AcDbEntity
  8
00 Muro ext.
 48
0.05
100
AcDbPolyline
 90
        4
 70
     1
 43
0.0
 10
110.665316
 20
80.707539
 10
110.765316
 20
80.707539
 10
110.765316
 20
75.057539
 10
110.665316
 20
75.057539
  0
HATCH
  5
3B3
330
1F
100
AcDbEntity
  8
00 Muro ext.
 62
     7
 48
0.05
100
AcDbHatch
 10
0.0
 20
0.0
 30
0.0
210
0.0
220
0.0
230
1.0
  2
SOLID
 70
     1
 71
     0
 91
       47
 92
       49
 93
        1
 72
     1
 10
110.4222073722398
 20
112.1128153421594
 11
110.5722073726123
 21
112.1128153421594
 97
        0
 92
       49
 93
        1
 72
     1
 10
110.572207371681
 20
112.1128153421594
 11
110.572207371681
 21
112.0128153420662
 97
        0
 92
       49
 93
        1
 72
     1
 10
110.572207371681
 20
112.0128153422991
 11
110.4222073713084
 21
112.0128153422991
 97
        0
 92
       49
 93
        1
 72
     1
 10
110.4222073722398
 20
112.0128153422991
 11
110.4222073722398
 21
112.1128153423922
 97
        0
 92
      304
 93
        1
 72
     1
 10
101.374536107271
 20
117.7828153423177
 11
101.5245361076435
 21
117.7828153423177
 97
        0
 92
      304
 93
        1
 72
     1
 10
101.5245361076435
 20
117.7828153423177
 11
101.5245361076435
 21
117.6828153422246
 97
        0
 92
       48
 93
        1
 72
     1
 10
101.5245361076435
 20
117.6828153422246
 11
101.374536107271
 21
117.6828153422246
 97
        0
 92
      305
 93
        1
 72
     1
 10
101.374536107271
 20
117.6828153422246
 11
101.374536107271
 21
117.7828153423177
 97
        0
 92
      305
 93
        1
 72
     1
 10
101.374536107271
 20
115.0828153421314
 11
101.5245361076435
 21
115.0828153421314
 97
        0
 92
       49
 93
        1
 72
     1
 10
101.5245361076435
 20
115.0828153421314
 11
101.5245361076435
 21
114.9828153420383
 97
        0
 92
      305
 93
        1
 72
     1
 10
101.5245361076435
 20
114.9828153422711
 11
101.374536107271
 21
114.9828153422711
 97
        0
 92
       49
 93
        1
 72
     1
 10
101.374536107271
 20
114.9828153422711
 11
101.374536107271
 21
115.0828153423643
 97
        0
 92
      304
 93
        1
 72
     1
 10
107.2445361073827
 20
117.7828153423177
 11
107.3945361077552
 21
117.7828153423177
 97
        0
 92
      304
 93
        1
 72
     1
 10
107.3945361077552
 20
117.7828153423177
 11
107.3945361077552
 21
117.6828153422246
 97
        0
 92
       48
 93
        1
 72
     1
 10
107.3945361077552
 20
117.6828153422246
 11
107.2445361073827
 21
117.6828153422246
 97
        0
 92
      304
 93
        1
 72
     1
 10
107.2445361073827
 20
117.6828153422246
 11
107.2445361073827
 21
117.7828153423177
 97
        0
 92
      305
 93
        1
 72
     1
 10
107.2445361073827
 20
115.0828153421314
 11
107.3945361077552
 21
115.0828153421314
 97
        0
 92
       49
 93
        1
 72
     1
 10
107.3945361077552
 20
115.0828153421314
 11
107.3945361077552
 21
114.9828153420383
 97
        0
 92
      305
 93
        1
 72
     1
 10
107.3945361077552
 20
114.9828153422711
 11
107.2445361073827
 21
114.9828153422711
 97
        0
 92
       49
 93
        1
 72
     1
 10
107.2445361073827
 20
114.9828153422711
 11
107.2445361073827
 21
115.0828153423643
 97
        0
 92
       49
 93
        1
 72
     1
 10
104.3095361077925
 20
115.0828153421314
 11
104.459536108165
 21
115.0828153421314
 97
        0
 92
       49
 93
        1
 72
     1
 10
104.4595361072337
 20
115.0828153421314
 11
104.4595361072337
 21
114.9828153420383
 97
        0
 92
       49
 93
        1
 72
     1
 10
104.4595361072337
 20
114.9828153422711
 11
104.3095361068612
 21
114.9828153422711
 97
        0
 92
       49
 93
        1
 72
     1
 10
104.3095361077925
 20
114.9828153422711
 11
104.3095361077925
 21
115.0828153423643
 97
        0
 92
       48
 93
        1
 72
     1
 10
104.3095361077925
 20
117.7828153423177
 11
104.459536108165
 21
117.7828153423177
 97
        0
 92
      304
 93
        1
 72
     1
 10
104.4595361072337
 20
117.7828153423177
 11
104.4595361072337
 21
117.6828153422246
 97
        0
 92
       48
 93
        1
 72
     1
 10
104.4595361072337
 20
117.6828153422246
 11
104.3095361068612
 21
117.6828153422246
 97
        0
 92
      304
 93
        1
 72
     1
 10
104.3095361077925
 20
117.6828153422246
 11
104.3095361077925
 21
117.7828153423177
 97
        0
 92
       49
 93
        1
 72
     1
 10
98.43953610768074
 20
115.0828153421314
 11
98.58953610805327
 21
115.0828153421314
 97
        0
 92
       49
 93
        1
 72
     1
 10
98.58953610712194
 20
115.0828153421314
 11
98.58953610712194
 21
114.9828153420383
 97
        0
 92
       49
 93
        1
 72
     1
 10
98.58953610712194
 20
114.9828153422711
 11
98.43953610674942
 21
114.9828153422711
 97
        0
 92
       49
 93
        1
 72
     1
 10
98.43953610768074
 20
114.9828153422711
 11
98.43953610768074
 21
115.0828153423643
 97
        0
 92
       49
 93
        1
 72
     1
 10
98.43953610768074
 20
117.7828153423177
 11
98.58953610805327
 21
117.7828153423177
 97
        0
 92
      304
 93
        1
 72
     1
 10
98.58953610712194
 20
117.7828153423177
 11
98.58953610712194
 21
117.6828153422246
 97
        0
 92
       48
 93
        1
 72
     1
 10
98.58953610712194
 20
117.6828153422246
 11
98.43953610674942
 21
117.6828153422246
 97
        0
 92
      305
 93
        1
 72
     1
 10
98.43953610768074
 20
117.6828153422246
 11
98.43953610768074
 21
117.7828153423177
 97
        0
 92
       49
 93
        1
 72
     1
 10
110.1795361079043
 20
115.0828153421314
 11
110.3295361082768
 21
115.0828153421314
 97
        0
 92
       49
 93
        1
 72
     1
 10
110.3295361073455
 20
115.0828153421314
 11
110.3295361073455
 21
114.9828153420383
 97
        0
 92
       49
 93
        1
 72
     1
 10
110.3295361073455
 20
114.9828153422711
 11
110.1795361069729
 21
114.9828153422711
 97
        0
 92
       49
 93
        1
 72
     1
 10
110.1795361079043
 20
114.9828153422711
 11
110.1795361079043
 21
115.0828153423643
 97
        0
 92
       48
 93
        1
 72
     1
 10
110.1795361079043
 20
117.7828153423177
 11
110.3295361082768
 21
117.7828153423177
 97
        0
 92
      304
 93
        1
 72
     1
 10
110.3295361073455
 20
117.7828153423177
 11
110.3295361073455
 21
117.6828153422246
 97
        0
 92
       48
 93
        1
 72
     1
 10
110.3295361073455
 20
117.6828153422246
 11
110.1795361069729
 21
117.6828153422246
 97
        0
 92
      304
 93
        1
 72
     1
 10
110.1795361079043
 20
117.6828153422246
 11
110.1795361079043
 21
117.7828153423177
 97
        0
 92
        1
 93
        4
 72
     1
 10
110.7080686520552
 20
111.3328153421314
 11
110.8080686516827
 21
111.3328153421314
 72
     1
 10
110.8080686516827
 20
111.3328153421314
 11
110.8080686516827
 21
116.882815342178
 72
     1
 10
110.8080686516827
 20
116.882815342178
 11
110.7080686520552
 21
116.882815342178
 72
     1
 10
110.7080686520552
 20
116.882815342178
 11
110.7080686520552
 21
111.3328153421314
 97
        0
 92
        1
 93
        2
 72
     1
 10
111.0995361078297
 20
106.7589943313649
 11
110.8995361076435
 21
106.7589943313649
 72
     1
 10
110.8995361076435
 20
106.7589943313649
 11
111.0995361078297
 21
106.7589943313649
 97
        0
 92
       33
 93
      131
 72
     1
 10
98.014536107867
 20
112.0731026136925
 11
98.014536107867
 21
112.0531026136739
 72
     1
 10
94.764536107867
 20
112.0731026136925
 11
94.764536107867
 21
112.0531026136739
 72
     1
 10
94.17453610708469
 20
112.0731026136925
 11
94.17453610708469
 21
112.0531026136739
 72
     1
 10
92.16861277164423
 20
112.0531026136739
 11
92.16861277164423
 21
112.0731026136925
 72
     1
 10
110.8995361076435
 20
117.7828153423177
 11
110.8995361076435
 21
116.8828153424108
 72
     1
 10
98.03953610730821
 20
112.1128153421594
 11
98.03953610730821
 21
112.0128153420662
 72
     1
 10
94.73953610749447
 20
112.1128153421594
 11
94.73953610749447
 21
112.0128153420662
 72
     1
 10
94.73953610749447
 20
112.0531026136739
 11
98.03953610730821
 21
112.0531026136739
 72
     1
 10
94.73953610749447
 20
112.0731026136925
 11
98.03953610730821
 21
112.0731026136925
 72
     1
 10
92.14361277220303
 20
112.0531026136739
 11
94.19953610745722
 21
112.0531026136739
 72
     1
 10
94.19953610745722
 20
112.1128153421594
 11
94.19953610745722
 21
112.0128153420662
 72
     1
 10
92.14361277220303
 20
112.0128153422991
 11
92.14361277220303
 21
112.1128153423922
 72
     1
 10
92.14361277220303
 20
112.0731026136925
 11
94.19953610745722
 21
112.0731026136925
 72
     1
 10
92.04361277164423
 20
112.0128153422991
 11
94.29953610708469
 21
112.0128153422991
 72
     1
 10
94.29953690988475
 20
112.2272104413858
 11
94.53953691010827
 21
112.2272104413858
 72
     1
 10
94.53953691010827
 20
113.7272104413858
 11
94.29953690988475
 21
113.7272104413858
 72
     1
 10
94.4167588520562
 20
112.2272104413858
 11
94.4167588520562
 21
113.7272104413858
 72
     1
 10
94.43675885160917
 20
112.2272104413858
 11
94.43675885160917
 21
113.7272104413858
 72
     1
 10
101.4395361076807
 20
112.9328153422246
 11
101.4395361076807
 21
113.0328153423177
 72
     1
 10
101.4395361076807
 20
112.132815342178
 11
101.4395361076807
 21
112.2128153422525
 72
     1
 10
101.2395361074945
 20
112.2128153422525
 11
101.2395361074945
 21
112.9328153422246
 72
     1
 10
101.0395361073082
 20
112.2128153422525
 11
101.0395361073082
 21
112.9328153422246
 72
     1
 10
100.8395361071219
 20
112.2128153422525
 11
100.8395361071219
 21
112.9328153422246
 72
     1
 10
100.639536107867
 20
112.2128153422525
 11
100.639536107867
 21
112.9328153422246
 72
     1
 10
100.4395361076807
 20
112.2128153422525
 11
100.4395361076807
 21
112.9328153422246
 72
     1
 10
100.2395361074945
 20
112.2128153422525
 11
100.2395361074945
 21
112.9328153422246
 72
     1
 10
100.0395361073082
 20
112.2128153422525
 11
100.0395361073082
 21
112.9328153422246
 72
     1
 10
99.83953610712194
 20
112.2128153422525
 11
99.83953610712194
 21
112.9328153422246
 72
     1
 10
99.639536107867
 20
112.2128153422525
 11
99.639536107867
 21
112.9328153422246
 72
     1
 10
99.43953610768074
 20
112.2128153422525
 11
99.43953610768074
 21
112.9328153422246
 72
     1
 10
99.23953610749447
 20
112.2128153422525
 11
99.23953610749447
 21
112.9328153422246
 72
     1
 10
99.03953610730821
 20
112.2128153422525
 11
99.03953610730821
 21
112.9328153422246
 72
     1
 10
98.83953610712194
 20
112.2128153422525
 11
98.83953610712194
 21
112.9328153422246
 72
     1
 10
98.639536107867
 20
112.2128153422525
 11
98.639536107867
 21
112.9328153422246
 72
     1
 10
98.43953610768074
 20
113.0328153423177
 11
101.4395361076807
 21
113.0328153423177
 72
     1
 10
98.43953610768074
 20
112.9328153422246
 11
101.4395361076807
 21
112.9328153422246
 72
     1
 10
98.43953610768074
 20
112.2128153422525
 11
101.4395361076807
 21
112.2128153422525
 72
     1
 10
98.43953610768074
 20
112.132815342178
 11
101.4395361076807
 21
112.132815342178
 72
     1
 10
92.04361277164423
 20
112.0128153422991
 11
107.3945361068239
 21
112.0128153422991
 72
     1
 10
92.04361277164423
 20
112.1128153421594
 11
92.04361277164423
 21
112.0128153420662
 72
     1
 10
115.2879386972403
 20
112.2128153422525
 11
115.2879386972403
 21
112.0128153422991
 72
     1
 10
113.5884968517115
 20
112.2128153422525
 11
113.5884968517115
 21
112.0128153422991
 72
     1
 10
112.4798101018881
 20
112.2128153422525
 11
112.4798101018881
 21
112.0128153422991
 72
     1
 10
113.3598101017764
 20
112.2128153422525
 11
113.3598101017764
 21
112.0128153422991
 72
     1
 10
115.2878397460794
 20
112.2128153422525
 11
120.3995361076435
 21
112.2128153422525
 72
     1
 10
113.5495361070847
 20
112.2128153422525
 11
113.5884968507802
 21
112.2128153422525
 72
     1
 10
113.3598101017764
 20
112.2128153422525
 11
113.3995361076435
 21
112.2128153422525
 72
     1
 10
111.0995361078297
 20
112.2128153422525
 11
112.4798101018881
 21
112.2128153422525
 72
     1
 10
120.5995361078297
 20
117.9828153422711
 11
120.5995361078297
 21
112.0128153422991
 72
     1
 10
120.3995361076435
 20
117.7828153423177
 11
120.3995361076435
 21
112.2128153422525
 72
     1
 10
113.5495361070847
 20
117.7828153423177
 11
113.5495361070847
 21
112.2128153422525
 72
     1
 10
113.3995361076435
 20
117.7828153423177
 11
113.3995361076435
 21
112.2128153422525
 72
     1
 10
113.5495361070847
 20
117.7828153423177
 11
120.3995361067122
 21
117.7828153423177
 72
     1
 10
111.0995361078297
 20
117.7828153423177
 11
113.3995361076435
 21
117.7828153423177
 72
     1
 10
110.8995361076435
 20
112.0128153422991
 11
111.0995361078297
 21
112.0128153422991
 72
     1
 10
103.8773326026043
 20
111.8522177236298
 11
103.8773326026043
 21
111.9522177237229
 72
     1
 10
107.4859236161923
 20
111.8522177236298
 11
107.4859236161923
 21
111.9522177237229
 72
     1
 10
103.8809236166766
 20
111.8522177236298
 11
107.4859236171236
 21
111.8522177236298
 72
     1
 10
103.8809236166766
 20
111.9522177237229
 11
107.4859236171236
 21
111.9522177237229
 72
     1
 10
107.3945361077552
 20
112.1128153421594
 11
107.3945361077552
 21
112.0128153420662
 72
     1
 10
104.4656575284665
 20
117.6828153422246
 11
104.3906575282803
 21
117.6828153422246
 72
     1
 10
94.53953610730821
 20
113.8628153421594
 11
94.29953610708469
 21
113.8628153421594
 72
     1
 10
94.53953610730821
 20
114.7428153422804
 11
94.29953610708469
 21
114.7428153422804
 72
     1
 10
98.43953610768074
 20
112.1128153421594
 11
98.43953610768074
 21
117.7828153420849
 72
     1
 10
98.23953610749447
 20
112.1128153421594
 11
98.23953610749447
 21
117.7828153420849
 72
     1
 10
94.53953610730821
 20
114.7428153422804
 11
94.53953610730821
 21
117.7828153423177
 72
     1
 10
94.53953610730821
 20
112.1128153421594
 11
94.53953610730821
 21
113.8628153421594
 72
     1
 10
94.29953610708469
 20
114.7428153422804
 11
94.29953610708469
 21
117.7828153423177
 72
     1
 10
94.29953610708469
 20
112.1128153421594
 11
94.29953610708469
 21
113.8628153421594
 72
     1
 10
111.0995361078297
 20
117.7828153423177
 11
111.0995361078297
 21
112.2128153422525
 72
     1
 10
90.94953610745722
 20
117.9828153422711
 11
120.5995361078297
 21
117.9828153422711
 72
     1
 10
98.43953610768074
 20
117.7828153423177
 11
110.8995361076435
 21
117.7828153423177
 72
     1
 10
94.53953610730821
 20
117.7828153423177
 11
98.23953610749447
 21
117.7828153423177
 72
     1
 10
91.14953610764348
 20
117.7828153423177
 11
94.29953610801601
 21
117.7828153423177
 72
     1
 10
98.43953610768074
 20
112.1128153421594
 11
107.3945361077552
 21
112.1128153421594
 72
     1
 10
94.53953610730821
 20
112.1128153421594
 11
98.23953610749447
 21
112.1128153421594
 72
     1
 10
92.04361277164423
 20
112.1128153421594
 11
94.29953610708469
 21
112.1128153421594
 72
     1
 10
91.14953610764348
 20
112.1128153421594
 11
91.163612771756
 21
112.1128153421594
 72
     1
 10
110.8995361076435
 20
117.7828153423177
 11
110.8995361076435
 21
112.0128153422991
 72
     1
 10
115.2879386972403
 20
112.0128153422991
 11
120.5995361068984
 21
112.0128153422991
 72
     1
 10
113.3598101017764
 20
112.0128153422991
 11
113.5884968517115
 21
112.0128153422991
 72
     1
 10
111.0995361078297
 20
112.0128153422991
 11
112.4798101018881
 21
112.0128153422991
 72
     1
 10
91.14953610764348
 20
112.0128153422991
 11
91.163612771756
 21
112.0128153422991
 72
     1
 10
112.4141945075011
 20
115.8894652486922
 11
111.104651876702
 21
115.8894657571943
 72
     1
 10
112.5147668886697
 20
116.0115762269268
 11
111.104651876702
 21
116.0115762269268
 72
     1
 10
112.4138479577144
 20
114.3055709155885
 11
111.0995361078297
 21
114.3055709155885
 72
     1
 10
112.4138479577144
 20
114.427681385321
 11
111.0995361078297
 21
114.427681385321
 72
     1
 10
112.4138479577144
 20
114.427681385321
 11
112.4138479577144
 21
114.4507950139375
 72
     1
 10
112.4138479577144
 20
113.7318216839483
 11
112.4138479577144
 21
114.3055709155885
 72
     1
 10
112.4141945075011
 20
115.3307945055565
 11
112.4141945075011
 21
115.8894652486922
 72
     1
 10
103.6670955205103
 20
112.0733189464224
 11
103.6670955205103
 21
112.0533189464038
 72
     1
 10
101.7170955203241
 20
112.0733189464224
 11
101.7170955203241
 21
112.0533189464038
 72
     1
 10
98.33725660198832
 20
117.2662169984685
 11
98.31725660243535
 21
117.2662169984685
 72
     1
 10
98.31725660150403
 20
115.7912169986082
 11
98.31725660150403
 21
117.2912169986082
 72
     1
 10
98.33725660198832
 20
115.8212169984033
 11
98.31725660243535
 21
115.8212169984033
 72
     1
 10
97.13453610797876
 20
114.7958153421202
 11
97.13453610797876
 21
114.7758153421016
 72
     1
 10
97.15953610741997
 20
114.7758153423345
 11
95.35953610760623
 21
114.7758153423345
 72
     1
 10
101.6920955199515
 20
112.0733189464224
 11
103.6920955199515
 21
112.0733189464224
 72
     1
 10
101.6920955199515
 20
112.0533189464038
 11
103.6920955199515
 21
112.0533189464038
 72
     1
 10
103.6920955199515
 20
112.1128153421594
 11
103.6920955199515
 21
112.0133189463666
 72
     1
 10
101.6920955199515
 20
112.1128153421594
 11
101.6920955199515
 21
112.0133189463666
 72
     1
 10
111.0995361078297
 20
111.6662230340442
 11
116.0995361078297
 21
111.6662230340442
 72
     1
 10
112.5147668886697
 20
115.3307950140586
 11
112.5147668886697
 21
116.0115757184246
 72
     1
 10
112.5128943137591
 20
113.7318216839483
 11
112.5128943137591
 21
114.4507950139375
 72
     1
 10
112.5122260078555
 20
112.7318216839483
 11
112.5122260078555
 21
112.85182168406
 72
     1
 10
111.0995361078297
 20
112.8517874495735
 11
112.4798101018881
 21
112.8517874495735
 72
     1
 10
111.0995361078297
 20
112.7317874494618
 11
112.5122260087868
 21
112.7318216839483
 72
     1
 10
114.4469343153527
 20
113.3128153423456
 11
116.9495361074572
 21
113.3128153423456
 72
     1
 10
113.5495361070847
 20
113.3128153423456
 11
113.5669343145331
 21
113.3128153423456
 72
     1
 10
114.4469343153527
 20
113.2128153422525
 11
117.049536108016
 21
113.2128153422525
 72
     1
 10
113.5495361070847
 20
113.2128153422525
 11
113.5669343145331
 21
113.2128153422525
 72
     1
 10
117.0495361070847
 20
117.7828153423177
 11
117.0495361070847
 21
113.2128153422525
 72
     1
 10
116.9495361074572
 20
117.7828153423177
 11
116.9495361074572
 21
113.3128153423456
 72
     1
 10
93.3998729539802
 20
115.6133033624062
 11
93.3998729539802
 21
115.7133033624993
 72
     1
 10
98.43953610768074
 20
117.2912169986082
 11
98.23953610749447
 21
117.2912169986082
 72
     1
 10
98.43953610768074
 20
114.632815342178
 11
98.23953610749447
 21
114.632815342178
 72
     1
 10
97.33953610712194
 20
114.7428153422804
 11
97.15953610741997
 21
114.7428153422804
 72
     1
 10
94.53953610730821
 20
114.7428153422804
 11
94.73953610749447
 21
114.7428153422804
 72
     1
 10
101.4745361078297
 20
117.6828153422246
 11
101.4745361078297
 21
115.0828153421314
 72
     1
 10
101.374536107271
 20
117.6828153422246
 11
101.374536107271
 21
115.0828153421314
 72
     1
 10
98.33725660198832
 20
115.7912169986082
 11
98.33725660198832
 21
117.2912169986082
 72
     1
 10
98.43953610768074
 20
115.7912169986082
 11
98.23953610749447
 21
115.7912169986082
 72
     1
 10
98.43953610768074
 20
113.2328153422711
 11
98.23953610749447
 21
113.2328153422711
 72
     1
 10
97.33953610712194
 20
114.8428153421407
 11
97.33953610712194
 21
114.7428153420476
 72
     1
 10
97.33953610712194
 20
114.8428153421407
 11
94.53953610730821
 21
114.8428153421407
 72
     1
 10
97.33953610712194
 20
114.7428153422804
 11
94.53953610730821
 21
114.7428153422804
 72
     1
 10
97.15953610741997
 20
114.8428153421407
 11
97.15953610741997
 21
114.7428153420476
 72
     1
 10
95.35953610760623
 20
114.7428153422804
 11
95.35953610760623
 21
114.8428153423736
 72
     1
 10
97.15953610741997
 20
114.7958153421202
 11
95.35953610760623
 21
114.7958153421202
 72
     1
 10
93.39938039050901
 20
115.7133033624993
 11
91.14938039050901
 21
115.7133033624993
 72
     1
 10
93.39938039050901
 20
115.6133033624062
 11
91.14938039050901
 21
115.6133033624062
 97
        0
 75
     1
 76
     1
 98
        1
 10
-12.85894319417423
 20
4.032058270895277
1001
GradientColor1ACI
1070
     5
1001
GradientColor2ACI
1070
     2
1001
ACAD
1010
0.0
1020
0.0
1030
0.0
  0
HATCH
  5
3B4
330
1F
100
AcDbEntity
  8
00 Muro ext.
 62
     7
 48
0.05
100
AcDbHatch
 10
0.0
 20
0.0
 30
0.0
210
0.0
220
0.0
230
1.0
  2
SOLID
 70
     1
 71
     0
 91
        1
 92
        7
 72
     0
 73
     1
 93
        4
 10
93.3998729539802
 20
115.7133033624993
 10
91.14953610764348
 20
115.7133033624993
 10
91.14953610764348
 20
115.6133033624062
 10
93.3998729539802
 20
115.6133033624062
 97
        0
 75
     1
 76
     1
 47
0.011222
 98
        1
 10
92.70473329813683
 20
115.6317994338604
1001
GradientColor1ACI
1070
     5
1001
GradientColor2ACI
1070
     2
1001
ACAD
1010
0.0
1020
0.0
1030
0.0
  0
LINE
  5
3B5
330
1F
100
AcDbEntity
  8
00 Muro ext.
 48
0.05
100
AcDbLine
 10
93.39938
 20
115.613303
 30
0.0
 11
91.14938
 21
115.613303
 31
0.0
  0
LINE
  5
3B6
330
1F
100
AcDbEntity
  8
00 Muro ext.
 48
0.05
100
AcDbLine
 10
93.39938
 20
115.713303
 30
0.0
 11
91.14938
 21
115.713303
 31
0.0
  0
LINE
  5
3B7
330
1F
100
AcDbEntity
  8
00 Muro ext.
 48
0.05
100
AcDbLine
 10
97.159536
 20
114.795815
 30
0.0
 11
95.359536
 21
114.795815
 31
0.0
  0
HATCH
  5
3B8
330
1F
100
AcDbEntity
  8
00 Muro ext.
 62
     7
 48
0.05
100
AcDbHatch
 10
0.0
 20
0.0
 30
0.0
210
0.0
220
0.0
230
1.0
  2
SOLID
 70
     1
 71
     0
 91
        8
 92
        7
 72
     0
 73
     1
 93
        4
 10
98.43953610768074
 20
115.7912169986082
 10
98.23953610749447
 20
115.7912169986082
 10
98.23953610749447
 20
114.632815342178
 10
98.43953610768074
 20
114.632815342178
 97
        0
 92
        7
 72
     0
 73
     1
 93
        4
 10
98.58953610712194
 20
115.0828153421314
 10
98.43953610768074
 20
115.0828153421314
 10
98.43953610768074
 20
114.9828153422711
 10
98.58953610712194
 20
114.9828153422711
 97
        0
 92
        7
 72
     0
 73
     1
 93
        4
 10
95.35953610760623
 20
114.8428153421407
 10
94.53953610730821
 20
114.8428153421407
 10
94.53953610730821
 20
114.7428153422804
 10
95.35953610760623
 20
114.7428153422804
 97
        0
 92
        7
 72
     0
 73
     1
 93
        4
 10
97.33953610712194
 20
114.8428153421407
 10
97.15953610741997
 20
114.8428153421407
 10
97.15953610741997
 20
114.7428153422804
 10
97.33953610712194
 20
114.7428153422804
 97
        0
 92
        7
 72
     0
 73
     1
 93
        4
 10
94.53953610730821
 20
113.8628153421594
 10
94.29953610708469
 20
113.8628153421594
 10
94.29953610708469
 20
113.7272104413858
 10
94.53953610730821
 20
113.7272104413858
 97
        0
 92
        7
 72
     0
 73
     1
 93
        4
 10
101.5245361076435
 20
115.0828153421314
 10
101.374536107271
 20
115.0828153421314
 10
101.374536107271
 20
114.9828153422711
 10
101.5245361076435
 20
114.9828153422711
 97
        0
 92
        7
 72
     0
 73
     1
 93
        4
 10
101.4745361078297
 20
117.6828153422246
 10
101.374536107271
 20
117.6828153422246
 10
101.374536107271
 20
115.0828153421314
 10
101.4745361078297
 20
115.0828153421314
 97
        0
 92
        7
 72
     0
 73
     1
 93
        4
 10
101.5245361076435
 20
117.7828153423177
 10
101.374536107271
 20
117.7828153423177
 10
101.374536107271
 20
117.6828153422246
 10
101.5245361076435
 20
117.6828153422246
 97
        0
 75
     1
 76
     1
 47
0.004457
 98
        8
 10
98.36535439451688
 20
114.8350381599882
 10
98.48889568725133
 20
115.048256321126
 10
95.08578053393865
 20
114.7677045157322
 10
97.2670631436398
 20
114.7816869444357
 10
94.42895203547084
 20
113.8261738880681
 10
101.398611293151
 20
115.0563753133317
 10
101.4448247477179
 20
117.3102156592211
 10
101.4626725297188
 20
117.7247484990073
1001
GradientColor1ACI
1070
     5
1001
GradientColor2ACI
1070
     2
1001
ACAD
1010
0.0
1020
0.0
1030
0.0
  0
LINE
  5
3B9
330
1F
100
AcDbEntity
  8
00 Muro ext.
 48
0.05
100
AcDbLine
 10
95.359536
 20
114.742815
 30
0.0
 11
95.359536
 21
114.842815
 31
0.0
  0
LINE
  5
3BA
330
1F
100
AcDbEntity
  8
00 Muro ext.
 48
0.05
100
AcDbLine
 10
97.159536
 20
114.842815
 30
0.0
 11
97.159536
 21
114.742815
 31
0.0
  0
LINE
  5
3BB
330
1F
100
AcDbEntity
  8
00 Muro ext.
 48
0.05
100
AcDbLine
 10
97.339536
 20
114.742815
 30
0.0
 11
94.539536
 21
114.742815
 31
0.0
  0
LINE
  5
3BC
330
1F
100
AcDbEntity
  8
00 Muro ext.
 48
0.05
100
AcDbLine
 10
97.339536
 20
114.842815
 30
0.0
 11
94.539536
 21
114.842815
 31
0.0
  0
LINE
  5
3BD
330
1F
100
AcDbEntity
  8
00 Muro ext.
 48
0.05
100
AcDbLine
 10
97.339536
 20
114.842815
 30
0.0
 11
97.339536
 21
114.742815
 31
0.0
  0
LINE
  5
3BE
330
1F
100
AcDbEntity
  8
00 Muro ext.
 62
     1
100
AcDbLine
 10
95.978278
 20
116.66202
 30
0.0
 11
95.974878
 21
116.66202
 31
0.0
  0
LWPOLYLINE
  5
3BF
330
1F
100
AcDbEntity
  8
00 Muro ext.
 48
0.05
100
AcDbPolyline
 90
        4
 70
     1
 43
0.0
 10
96.801645
 20
117.469139
 10
95.757289
 20
117.469139
 10
95.757289
 20
117.769139
 10
96.801645
 20
117.769139
  0
MTEXT
  5
3C1
330
1F
100
AcDbEntity
  8
00 Muro ext.
100
AcDbMText
 10
94.634891
 20
116.517173
 30
-0.000006
 40
0.24
 41
2.885831
 46
0.0
 71
     1
 72
     5
  1
\pi0.85307;Gerente
  7
IRI-OCASA-Layout R 9$0$Standard
 73
     1
 44
1.0
1001
ACAD
1000
ACAD_MTEXT_COLUMN_INFO_BEGIN
1070
    75
1070
     2
1070
    79
1070
     0
1070
    76
1070
     1
1070
    78
1070
     0
1070
    48
1040
2.885831
1070
    49
1040
12.5
1070
    50
1070
     1
1040
0.0
1000
ACAD_MTEXT_COLUMN_INFO_END
  0
MTEXT
  5
3C2
330
1F
100
AcDbEntity
  8
00 Muro ext.
100
AcDbMText
 10
94.919975
 20
112.737922
 30
-0.000006
 40
0.24
 41
2.885831
 46
0.0
 71
     1
 72
     5
  1
\pi0.80035;POSTAL
  7
IRI-OCASA-Layout R 9$0$Standard
 73
     1
 44
1.0
1001
ACAD
1000
ACAD_MTEXT_COLUMN_INFO_BEGIN
1070
    75
1070
     2
1070
    79
1070
     0
1070
    76
1070
     1
1070
    78
1070
     0
1070
    48
1040
2.885831
1070
    49
1040
12.5
1070
    50
1070
     1
1040
0.0
1000
ACAD_MTEXT_COLUMN_INFO_END
  0
HATCH
  5
3C3
330
1F
100
AcDbEntity
  8
00 Muro ext.
 62
     7
 48
0.05
100
AcDbHatch
 10
0.0
 20
0.0
 30
0.0
210
0.0
220
0.0
230
1.0
  2
SOLID
 70
     1
 71
     0
 91
        3
 92
        7
 72
     0
 73
     1
 93
        4
 10
107.3945361077552
 20
112.1128153421594
 10
103.6920955199515
 20
112.1128153421594
 10
103.6920955199515
 20
112.0128153422991
 10
107.3945361077552
 20
112.0128153422991
 97
        0
 92
        7
 72
     0
 73
     1
 93
        8
 10
101.6920955199515
 20
112.1128153421594
 10
98.43953610768074
 20
112.1128153421594
 10
98.43953610768074
 20
113.2328153422711
 10
98.23953610749447
 20
113.2328153422711
 10
98.23953610749447
 20
112.1128153421594
 10
98.03953610730821
 20
112.1128153421594
 10
98.03953610730821
 20
112.0128153422991
 10
101.6920955199515
 20
112.0128153422991
 97
        0
 92
        7
 72
     0
 73
     1
 93
        9
 10
94.73953610749447
 20
112.1128153421594
 10
94.53953610730821
 20
112.1128153421594
 10
94.53953610730821
 20
112.2272104413858
 10
94.29953610708469
 20
112.2272104413858
 10
94.29953610708469
 20
112.1128153421594
 10
94.19953610745722
 20
112.1128153421594
 10
94.19953610745722
 20
112.0128153422991
 10
94.29953610708469
 20
112.0128153422991
 10
94.73953610749447
 20
112.0128153422991
 97
        0
 75
     1
 76
     1
 47
0.011222
 98
        3
 10
103.7894484512275
 20
112.0941491020055
 10
101.2172467019176
 20
112.0465856327353
 10
94.52594757636541
 20
112.0568188934265
1001
GradientColor1ACI
1070
     5
1001
GradientColor2ACI
1070
     2
1001
ACAD
1010
0.0
1020
0.0
1030
0.0
  0
LINE
  5
3C4
330
1F
100
AcDbEntity
  8
00 Muro ext.
 48
0.05
100
AcDbLine
 10
98.439536
 20
113.232815
 30
0.0
 11
98.239536
 21
113.232815
 31
0.0
  0
INSERT
  5
3C5
330
1F
100
AcDbEntity
  8
00 Muro ext.
100
AcDbBlockReference
  2
new blockqweqwewqe
 10
-390.415272
 20
218.601321
 30
0.0
 50
270.0
  0
MTEXT
  5
3DD
330
1F
100
AcDbEntity
  8
00 Muro ext.
100
AcDbMText
 10
91.368321
 20
116.460623
 30
-0.000006
 40
0.24
 41
2.885831
 46
0.0
 71
     1
 72
     5
  1
\pi0.53997;Rendiciones
  7
IRI-OCASA-Layout R 9$0$Standard
 73
     1
 44
1.0
1001
ACAD
1000
ACAD_MTEXT_COLUMN_INFO_BEGIN
1070
    75
1070
     2
1070
    79
1070
     0
1070
    76
1070
     1
1070
    78
1070
     0
1070
    48
1040
2.885831
1070
    49
1040
12.5
1070
    50
1070
     1
1040
0.0
1000
ACAD_MTEXT_COLUMN_INFO_END
  0
MTEXT
  5
3DE
330
1F
100
AcDbEntity
  8
00 Muro ext.
100
AcDbMText
 10
91.235573
 20
114.188642
 30
-0.000006
 40
0.24
 41
2.885831
 46
0.0
 71
     1
 72
     5
  1
\pi1.00172;Postal
  7
IRI-OCASA-Layout R 9$0$Standard
 73
     1
 44
1.0
1001
ACAD
1000
ACAD_MTEXT_COLUMN_INFO_BEGIN
1070
    75
1070
     2
1070
    79
1070
     0
1070
    76
1070
     1
1070
    78
1070
     0
1070
    48
1040
2.885831
1070
    49
1040
12.5
1070
    50
1070
     1
1040
0.0
1000
ACAD_MTEXT_COLUMN_INFO_END
  0
LINE
  5
3DF
330
1F
100
AcDbEntity
  8
00 Muro ext.
 48
0.05
100
AcDbLine
 10
98.439536
 20
115.791217
 30
0.0
 11
98.239536
 21
115.791217
 31
0.0
  0
LINE
  5
3E0
330
1F
100
AcDbEntity
  8
00 Muro ext.
 48
0.05
100
AcDbLine
 10
98.337257
 20
115.791217
 30
0.0
 11
98.337257
 21
117.291217
 31
0.0
  0
MTEXT
  5
3E1
330
1F
100
AcDbEntity
  8
00 Muro ext.
100
AcDbMText
 10
98.540058
 20
116.74359
 30
-0.000006
 40
0.24
 41
2.885831
 46
0.0
 71
     1
 72
     5
  1
\pi0.11743;Administracion de \P\pi0.50698;Operaciones
  7
IRI-OCASA-Layout R 9$0$Standard
 73
     1
 44
1.0
1001
ACAD
1000
ACAD_MTEXT_COLUMN_INFO_BEGIN
1070
    75
1070
     2
1070
    79
1070
     0
1070
    76
1070
     1
1070
    78
1070
     0
1070
    48
1040
2.885831
1070
    49
1040
12.5
1070
    50
1070
     1
1040
0.0
1000
ACAD_MTEXT_COLUMN_INFO_END
  0
MTEXT
  5
3E2
330
1F
100
AcDbEntity
  8
00 Muro ext.
100
AcDbMText
 10
104.398384
 20
114.60477
 30
-0.000006
 40
0.24
 41
2.885831
 46
0.0
 71
     1
 72
     5
  1
\pi0.94073;Trafico
  7
IRI-OCASA-Layout R 9$0$Standard
 73
     1
 44
1.0
1001
ACAD
1000
ACAD_MTEXT_COLUMN_INFO_BEGIN
1070
    75
1070
     2
1070
    79
1070
     0
1070
    76
1070
     1
1070
    78
1070
     0
1070
    48
1040
2.885831
1070
    49
1040
12.5
1070
    50
1070
     1
1040
0.0
1000
ACAD_MTEXT_COLUMN_INFO_END
  0
LINE
  5
3E3
330
1F
100
AcDbEntity
  8
00 Muro ext.
 48
0.05
100
AcDbLine
 10
101.374536
 20
117.682815
 30
0.0
 11
101.374536
 21
115.082815
 31
0.0
  0
LINE
  5
3E4
330
1F
100
AcDbEntity
  8
00 Muro ext.
 48
0.05
100
AcDbLine
 10
101.474536
 20
117.682815
 30
0.0
 11
101.474536
 21
115.082815
 31
0.0
  0
LINE
  5
3E5
330
1F
100
AcDbEntity
  8
00 Muro ext.
 48
0.05
100
AcDbLine
 10
94.539536
 20
114.742815
 30
0.0
 11
94.739536
 21
114.742815
 31
0.0
  0
LINE
  5
3E6
330
1F
100
AcDbEntity
  8
00 Muro ext.
 48
0.05
100
AcDbLine
 10
97.339536
 20
114.742815
 30
0.0
 11
97.159536
 21
114.742815
 31
0.0
  0
INSERT
  5
3E7
102
{ACAD_XDICTIONARY
360
3E8
102
}
330
1F
100
AcDbEntity
  8
00 Muro ext.
 48
0.05
100
AcDbBlockReference
  2
*U12
 10
98.219536
 20
114.765295
 30
0.0
  0
LINE
  5
47C
330
1F
100
AcDbEntity
  8
00 Muro ext.
 48
0.05
100
AcDbLine
 10
98.439536
 20
114.632815
 30
0.0
 11
98.239536
 21
114.632815
 31
0.0
  0
HATCH
  5
47D
330
1F
100
AcDbEntity
  8
00 Muro ext.
 62
     7
 48
0.05
100
AcDbHatch
 10
0.0
 20
0.0
 30
0.0
210
0.0
220
0.0
230
1.0
  2
SOLID
 70
     1
 71
     0
 91
        3
 92
        5
 93
        4
 72
     1
 10
115.4879386974266
 20
112.0128153422991
 11
115.4879386974266
 21
112.2128153422525
 72
     1
 10
115.4879386974266
 20
112.2128153422525
 11
115.2879386972403
 21
112.2128153422525
 72
     1
 10
115.2879386972403
 20
112.2128153422525
 11
115.2879386972403
 21
112.0128153422991
 72
     1
 10
115.2879386972403
 20
112.0128153422991
 11
115.4879386974266
 21
112.0128153422991
 97
        0
 92
        5
 93
       35
 72
     1
 10
117.8879386977991
 20
112.2128153422525
 11
117.8879386977991
 21
112.0128153422991
 72
     1
 10
117.8879386977991
 20
112.0128153422991
 11
120.5995361078297
 21
112.0128153422991
 72
     1
 10
120.5995361078297
 20
112.0128153422991
 11
120.5995361078297
 21
117.9828153422711
 72
     1
 10
120.5995361078297
 20
117.9828153422711
 11
90.94953610745722
 21
117.9828153422711
 72
     1
 10
90.94953610745722
 20
117.9828153422711
 11
90.94953610745722
 21
99.9748153423568
 72
     1
 10
90.94953610745722
 20
99.97481534212397
 11
91.14953610764348
 21
99.97481534212397
 72
     1
 10
91.14953610764348
 20
99.97481534212397
 11
91.14953610764348
 21
117.7828153420849
 72
     1
 10
91.14953610764348
 20
117.7828153423177
 11
94.29953610801601
 21
117.7828153423177
 72
     1
 10
94.29953610708469
 20
117.7828153423177
 11
94.29953610708469
 21
114.7428153422804
 72
     1
 10
94.29953610708469
 20
114.7428153422804
 11
94.53953610730821
 21
114.7428153422804
 72
     1
 10
94.53953610730821
 20
114.7428153422804
 11
94.53953610730821
 21
117.7828153423177
 72
     1
 10
94.53953610730821
 20
117.7828153423177
 11
98.23953610749447
 21
117.7828153423177
 72
     1
 10
98.23953610749447
 20
117.7828153423177
 11
98.23953610749447
 21
117.2912169986082
 72
     1
 10
98.23953610749447
 20
117.2912169986082
 11
98.43953610768074
 21
117.2912169986082
 72
     1
 10
98.43953610768074
 20
117.2912169986082
 11
98.43953610768074
 21
117.7828153423177
 72
     1
 10
98.43953610768074
 20
117.7828153423177
 11
98.58953610805327
 21
117.7828153423177
 72
     1
 10
98.58953610712194
 20
117.7828153423177
 11
110.8995361067122
 21
117.7828153423177
 72
     1
 10
110.8995361076435
 20
117.7828153423177
 11
110.8995361076435
 21
116.8828153424108
 72
     1
 10
110.8995361076435
 20
116.882815342178
 11
110.8995361076435
 21
112.0128153420662
 72
     1
 10
110.8995361076435
 20
112.0128153422991
 11
111.0995361078297
 21
112.0128153422991
 72
     1
 10
111.0995361078297
 20
112.0128153422991
 11
112.4798101018881
 21
112.0128153422991
 72
     1
 10
112.4798101018881
 20
112.0128153422991
 11
112.4798101018881
 21
112.2128153422525
 72
     1
 10
112.4798101018881
 20
112.2128153422525
 11
111.0995361078297
 21
112.2128153422525
 72
     1
 10
111.0995361078297
 20
112.2128153422525
 11
111.0995361078297
 21
117.7828153423177
 72
     1
 10
111.0995361078297
 20
117.7828153423177
 11
113.3995361076435
 21
117.7828153423177
 72
     1
 10
113.3995361076435
 20
117.7828153423177
 11
113.3995361076435
 21
112.2128153422525
 72
     1
 10
113.3995361076435
 20
112.2128153422525
 11
113.3598101017764
 21
112.2128153422525
 72
     1
 10
113.3598101017764
 20
112.2128153422525
 11
113.3598101017764
 21
112.0128153422991
 72
     1
 10
113.3598101017764
 20
112.0128153422991
 11
113.5884968517115
 21
112.0128153422991
 72
     1
 10
113.5884968517115
 20
112.0128153422991
 11
113.5884968517115
 21
112.2128153422525
 72
     1
 10
113.5884968517115
 20
112.2128153422525
 11
113.549536108016
 21
112.2128153422525
 72
     1
 10
113.5495361070847
 20
112.2128153422525
 11
113.5495361070847
 21
117.7828153423177
 72
     1
 10
113.5495361070847
 20
117.7828153423177
 11
120.3995361067122
 21
117.7828153423177
 72
     1
 10
120.3995361076435
 20
117.7828153423177
 11
120.3995361076435
 21
112.2128153422525
 72
     1
 10
120.3995361076435
 20
112.2128153422525
 11
117.8879386977991
 21
112.2128153422525
 97
        0
 92
        5
 93
        4
 72
     1
 10
116.8879386977991
 20
112.0128153422991
 11
116.8879386977991
 21
112.2128153422525
 72
     1
 10
116.8879386977991
 20
112.2128153422525
 11
116.4879386974266
 21
112.2128153422525
 72
     1
 10
116.4879386974266
 20
112.2128153422525
 11
116.4879386974266
 21
112.0128153422991
 72
     1
 10
116.4879386974266
 20
112.0128153422991
 11
116.8879386977991
 21
112.0128153422991
 97
        0
 75
     1
 76
     1
 47
0.070698
 98
        3
 10
110.8896525613731
 20
117.8788276978446
 10
110.8896525613731
 20
117.8788276978446
 10
110.8896525613731
 20
117.8788276978446
1001
GradientColor1ACI
1070
     5
1001
GradientColor2ACI
1070
     2
1001
ACAD
1010
0.0
1020
0.0
1030
0.0
  0
LINE
  5
47E
330
1F
100
AcDbEntity
  8
00 Muro ext.
 48
0.05
100
AcDbLine
 10
98.439536
 20
117.291217
 30
0.0
 11
98.239536
 21
117.291217
 31
0.0
  0
LINE
  5
47F
330
1F
100
AcDbEntity
  8
00 Muro ext.
 48
0.05
100
AcDbLine
 10
93.399873
 20
115.613303
 30
0.0
 11
93.399873
 21
115.713303
 31
0.0
  0
LWPOLYLINE
  5
480
330
1F
100
AcDbEntity
  8
00 Muro ext.
 48
0.05
100
AcDbPolyline
 90
        5
 70
     0
 43
0.0
 10
91.170188
 20
117.771574
 10
91.870188
 20
117.771574
 10
91.870188
 20
116.698698
 10
91.170188
 20
116.698698
 10
91.170188
 20
117.771574
  0
LWPOLYLINE
  5
481
330
1F
100
AcDbEntity
  8
00 Muro ext.
 48
0.05
100
AcDbPolyline
 90
        5
 70
     0
 43
0.0
 10
91.180455
 20
115.734512
 10
91.180455
 20
116.634512
 10
91.780455
 20
116.634512
 10
91.780455
 20
115.734512
 10
91.180455
 20
115.734512
  0
ARC
  5
482
330
1F
100
AcDbEntity
  8
00 Muro ext.
100
AcDbCircle
 10
95.237733
 20
115.450449
 30
0.0
 40
0.05
100
AcDbArc
 50
141.965167
 51
231.965167
  0
LWPOLYLINE
  5
483
330
1F
100
AcDbEntity
  8
00 Muro ext.
 48
0.05
100
AcDbPolyline
 90
        5
 70
     0
 43
0.0
 10
92.121787
 20
113.057427
 10
94.271787
 20
113.057427
 10
94.271787
 20
112.157427
 10
92.121787
 20
112.157427
 10
92.121787
 20
113.057427
  0
LWPOLYLINE
  5
484
330
1F
100
AcDbEntity
  8
00 Muro ext.
 48
0.05
100
AcDbPolyline
 90
        5
 70
     0
 43
0.0
 10
91.218007
 20
114.604565
 10
93.218007
 20
114.604565
 10
93.218007
 20
115.554565
 10
91.218007
 20
115.554565
 10
91.218007
 20
114.604565
  0
INSERT
  5
485
330
1F
100
AcDbEntity
  8
00 Muro ext.
100
AcDbBlockReference
  2
IRI-OCASA-Layout R 9$0$OCA_SILLA
 10
93.969133
 20
113.645972
 30
0.0
 41
-1.0
 50
90.0
  0
INSERT
  5
486
330
1F
100
AcDbEntity
  8
00 Muro ext.
100
AcDbBlockReference
  2
IRI-OCASA-Layout R 9$0$OCA_SILLA
 10
93.010323
 20
113.645972
 30
0.0
 41
-1.0
 50
90.0
  0
INSERT
  5
487
330
1F
100
AcDbEntity
  8
00 Muro ext.
100
AcDbBlockReference
  2
new blockqweqwewqe
 10
-382.521063
 20
217.094466
 30
0.0
 50
270.0
  0
LWPOLYLINE
  5
488
330
1F
100
AcDbEntity
  8
00 Muro ext.
 48
0.05
100
AcDbPolyline
 90
        5
 70
     0
 43
0.0
 10
98.472161
 20
117.782815
 10
99.272161
 20
117.782815
 10
99.272161
 20
117.112815
 10
98.472161
 20
117.112815
 10
98.472161
 20
117.782815
  0
LWPOLYLINE
  5
489
330
1F
100
AcDbEntity
  8
00 Muro ext.
 48
0.05
100
AcDbPolyline
 90
        5
 70
     0
 43
0.0
 10
101.474536
 20
115.082815
 10
101.474536
 20
116.682815
 10
101.874536
 20
116.682815
 10
101.874536
 20
115.082815
 10
101.474536
 20
115.082815
  0
LWPOLYLINE
  5
48A
330
1F
100
AcDbEntity
  8
00 Muro ext.
 48
0.05
100
AcDbPolyline
 90
        5
 70
     0
 43
0.0
 10
110.731885
 20
117.124819
 10
109.831885
 20
117.124819
 10
109.831885
 20
117.724819
 10
110.731885
 20
117.724819
 10
110.731885
 20
117.124819
  0
HATCH
  5
48B
330
1F
100
AcDbEntity
  8
00 Muro ext.
 62
     7
 48
0.05
100
AcDbHatch
 10
0.0
 20
0.0
 30
0.0
210
0.0
220
0.0
230
1.0
  2
SOLID
 70
     1
 71
     0
 91
        1
 92
        7
 72
     0
 73
     1
 93
        6
 10
117.0495361070847
 20
117.7828153423177
 10
116.9495361074572
 20
117.7828153423177
 10
116.9495361074572
 20
113.3128153423456
 10
114.4469343153527
 20
113.3128153423456
 10
114.4469343153527
 20
113.2128153422525
 10
117.0495361070847
 20
113.2128153422525
 97
        0
 75
     1
 76
     1
 47
0.011952
 98
        1
 10
116.4040398271521
 20
113.282327551409
1001
GradientColor1ACI
1070
     5
1001
GradientColor2ACI
1070
     2
1001
ACAD
1010
0.0
1020
0.0
1030
0.0
  0
LINE
  5
48C
330
1F
100
AcDbEntity
  8
00 Muro ext.
 48
0.05
100
AcDbLine
 10
116.949536
 20
117.782815
 30
0.0
 11
116.949536
 21
113.312815
 31
0.0
  0
LWPOLYLINE
  5
48D
330
1F
100
AcDbEntity
  8
00 Muro ext.
 48
0.05
100
AcDbPolyline
 90
        5
 70
     0
 43
0.0
 10
105.487556
 20
114.982815
 10
105.487556
 20
116.732815
 10
106.327556
 20
116.732815
 10
106.327556
 20
114.982815
 10
105.487556
 20
114.982815
  0
INSERT
  5
48E
330
1F
100
AcDbEntity
  8
00 Muro ext.
100
AcDbBlockReference
  2
IRI-OCASA-Layout R 9$0$OCA_SILLA
 10
104.800993
 20
116.148902
 30
0.0
 41
-1.0
 50
180.0
  0
LWPOLYLINE
  5
48F
330
1F
100
AcDbEntity
  8
00 Muro ext.
 48
0.05
100
AcDbPolyline
 90
        5
 70
     0
 43
0.0
 10
94.564847
 20
113.825523
 10
95.164847
 20
113.825523
 10
95.164847
 20
113.225523
 10
94.564847
 20
113.225523
 10
94.564847
 20
113.825523
  0
LWPOLYLINE
  5
490
330
1F
100
AcDbEntity
  8
00 Muro ext.
 48
0.05
100
AcDbPolyline
 90
        5
 70
     0
 43
0.0
 10
107.391894
 20
113.933446
 10
107.391894
 20
112.183446
 10
106.551894
 20
112.183446
 10
106.551894
 20
113.933446
 10
107.391894
 20
113.933446
  0
MTEXT
  5
492
330
1F
100
AcDbEntity
  8
00 Muro ext.
 48
0.05
100
AcDbMText
 10
107.030104
 20
113.751792
 30
0.0
 40
0.1
 41
1.628128
 46
0.0
 71
     1
 72
     5
  1
{\fArial|b1|i0|c0|p34;MESA DE TRABAJO}
 11
-1.836970198721030E-16
 21
-1.0
 31
0.0
 73
     1
 44
1.0
1001
ACAD
1000
ACAD_MTEXT_COLUMN_INFO_BEGIN
1070
    75
1070
     2
1070
    79
1070
     0
1070
    76
1070
     1
1070
    78
1070
     0
1070
    48
1040
1.628128
1070
    49
1040
12.5
1070
    50
1070
     1
1040
0.308834
1000
ACAD_MTEXT_COLUMN_INFO_END
  0
MTEXT
  5
493
330
1F
100
AcDbEntity
  8
00 Muro ext.
 48
0.05
100
AcDbMText
 10
106.085302
 20
115.206125
 30
0.0
 40
0.1
 41
1.628128
 46
0.0
 71
     1
 72
     5
  1
{\fArial|b1|i0|c0|p34;MESA DE TRABAJO}
 11
6.123233995736766E-17
 21
1.0
 31
0.0
 73
     1
 44
1.0
1001
ACAD
1000
ACAD_MTEXT_COLUMN_INFO_BEGIN
1070
    75
1070
     2
1070
    79
1070
     0
1070
    76
1070
     1
1070
    78
1070
     0
1070
    48
1040
1.628128
1070
    49
1040
12.5
1070
    50
1070
     1
1040
0.308834
1000
ACAD_MTEXT_COLUMN_INFO_END
  0
MTEXT
  5
495
330
1F
100
AcDbEntity
  8
00 Muro ext.
 48
0.05
100
AcDbMText
 10
94.786129
 20
113.126085
 30
0.0
 40
0.1
 41
1.628128
 46
0.0
 71
     1
 72
     5
  1
{\fArial|b1|i0|c0|p34;IIMPRESORA}
 11
6.123233995736766E-17
 21
1.0
 31
0.0
 73
     1
 44
1.0
1001
ACAD
1000
ACAD_MTEXT_COLUMN_INFO_BEGIN
1070
    75
1070
     2
1070
    79
1070
     0
1070
    76
1070
     1
1070
    78
1070
     0
1070
    48
1040
1.628128
1070
    49
1040
12.5
1070
    50
1070
     1
1040
0.308834
1000
ACAD_MTEXT_COLUMN_INFO_END
  0
MTEXT
  5
496
330
1F
100
AcDbEntity
  8
00 Muro ext.
 48
0.05
100
AcDbMText
 10
101.564673
 20
115.307487
 30
0.0
 40
0.1
 41
1.628128
 46
0.0
 71
     1
 72
     5
  1
{\fArial|b1|i0|c0|p34;MUEBLE BAJO}
 11
6.123233995736766E-17
 21
1.0
 31
0.0
 73
     1
 44
1.0
1001
ACAD
1000
ACAD_MTEXT_COLUMN_INFO_BEGIN
1070
    75
1070
     2
1070
    79
1070
     0
1070
    76
1070
     1
1070
    78
1070
     0
1070
    48
1040
1.628128
1070
    49
1040
12.5
1070
    50
1070
     1
1040
0.308834
1000
ACAD_MTEXT_COLUMN_INFO_END
  0
LINE
  5
499
330
1F
100
AcDbEntity
  8
00 Muro ext.
 48
0.05
100
AcDbLine
 10
117.049536
 20
117.782815
 30
0.0
 11
117.049536
 21
113.212815
 31
0.0
  0
LINE
  5
49A
330
1F
100
AcDbEntity
  8
00 Muro ext.
 48
0.05
100
AcDbLine
 10
113.549536
 20
113.212815
 30
0.0
 11
113.566934
 21
113.212815
 31
0.0
  0
LINE
  5
49B
330
1F
100
AcDbEntity
  8
00 Muro ext.
 48
0.05
100
AcDbLine
 10
114.446934
 20
113.212815
 30
0.0
 11
117.049536
 21
113.212815
 31
0.0
  0
LINE
  5
49C
330
1F
100
AcDbEntity
  8
00 Muro ext.
 48
0.05
100
AcDbLine
 10
113.549536
 20
113.312815
 30
0.0
 11
113.566934
 21
113.312815
 31
0.0
  0
LINE
  5
49D
330
1F
100
AcDbEntity
  8
00 Muro ext.
 48
0.05
100
AcDbLine
 10
114.446934
 20
113.312815
 30
0.0
 11
116.949536
 21
113.312815
 31
0.0
  0
INSERT
  5
49E
102
{ACAD_XDICTIONARY
360
49F
102
}
330
1F
100
AcDbEntity
  8
00 Muro ext.
 48
0.05
100
AcDbBlockReference
  2
*U12
 10
113.566934
 20
113.248097
 30
0.0
 41
-1.0
  0
MTEXT
  5
4B2
330
1F
100
AcDbEntity
  8
00 Muro ext.
100
AcDbMText
 10
117.056921
 20
114.989661
 30
-0.000006
 40
0.24
 41
2.885831
 46
0.0
 71
     1
 72
     5
  1
\pi0.75951;Comedor
  7
IRI-OCASA-Layout R 9$0$Standard
 73
     1
 44
1.0
1001
ACAD
1000
ACAD_MTEXT_COLUMN_INFO_BEGIN
1070
    75
1070
     2
1070
    79
1070
     0
1070
    76
1070
     1
1070
    78
1070
     0
1070
    48
1040
2.885831
1070
    49
1040
12.5
1070
    50
1070
     1
1040
0.0
1000
ACAD_MTEXT_COLUMN_INFO_END
  0
INSERT
  5
4B3
330
1F
100
AcDbEntity
  8
00 Muro ext.
100
AcDbBlockReference
  2
IRI-OCASA-Layout R 9$0$OCA_SILLA
 10
118.625721
 20
116.149913
 30
0.0
 41
-1.0
 50
90.0
  0
INSERT
  5
4B4
330
1F
100
AcDbEntity
  8
00 Muro ext.
100
AcDbBlockReference
  2
IRI-OCASA-Layout R 9$0$OCA_SILLA
 10
119.479983
 20
114.958751
 30
0.0
 41
-1.0
  0
INSERT
  5
4B5
330
1F
100
AcDbEntity
  8
00 Muro ext.
100
AcDbBlockReference
  2
IRI-OCASA-Layout R 9$0$OCA_SILLA
 10
119.479983
 20
114.107514
 30
0.0
 41
-1.0
  0
INSERT
  5
4B6
330
1F
100
AcDbEntity
  8
00 Muro ext.
100
AcDbBlockReference
  2
IRI-OCASA-Layout R 9$0$OCA_SILLA
 10
117.310284
 20
114.610898
 30
0.0
 41
-1.0
 50
180.0
  0
INSERT
  5
4B7
330
1F
100
AcDbEntity
  8
00 Muro ext.
100
AcDbBlockReference
  2
IRI-OCASA-Layout R 9$0$OCA_SILLA
 10
117.310284
 20
115.462136
 30
0.0
 41
-1.0
 50
180.0
  0
INSERT
  5
4B8
330
1F
100
AcDbEntity
  8
00 Muro ext.
100
AcDbBlockReference
  2
IRI-OCASA-Layout R 9$0$OCA_SILLA
 10
118.16029
 20
113.410698
 30
0.0
 41
-1.0
 50
270.0
  0
LWPOLYLINE
  5
4B9
330
1F
100
AcDbEntity
  8
00 Muro ext.
 48
0.05
100
AcDbPolyline
 90
        5
 70
     0
 43
0.0
 10
117.993883
 20
115.531319
 10
118.793883
 20
115.531319
 10
118.793883
 20
114.031319
 10
117.993883
 20
114.031319
 10
117.993883
 20
115.531319
  0
LWPOLYLINE
  5
4BA
330
1F
100
AcDbEntity
  8
00 Muro ext.
 48
0.05
100
AcDbPolyline
 90
        5
 70
     0
 43
0.0
 10
120.399781
 20
116.689095
 10
119.799781
 20
116.689095
 10
119.799781
 20
114.689095
 10
120.399781
 20
114.689095
 10
120.399781
 20
116.689095
  0
LWPOLYLINE
  5
4BB
330
1F
100
AcDbEntity
  8
00 Muro ext.
 48
0.05
100
AcDbPolyline
 90
        5
 70
     0
 43
0.0
 10
119.801751
 20
114.611067
 10
120.401751
 20
114.611067
 10
120.401751
 20
114.011067
 10
119.801751
 20
114.011067
 10
119.801751
 20
114.611067
  0
INSERT
  5
4BD
330
1F
100
AcDbEntity
  8
00 Muro ext.
100
AcDbBlockReference
  2
ADRLACVS
 10
111.129336
 20
113.365673
 30
0.0
 41
-1.0
 50
90.0
  0
INSERT
  5
4E1
102
{ACAD_XDICTIONARY
360
4E2
102
}
330
1F
100
AcDbEntity
  8
00 Muro ext.
  6
Continuous
 62
   251
100
AcDbBlockReference
  2
*U15
 10
93.427514
 20
139.684761
 30
0.0
 50
270.0
  0
INSERT
  5
578
330
1F
100
AcDbEntity
  8
00 Muro ext.
100
AcDbBlockReference
  2
BARI_INODORO_PTA
 10
111.284987
 20
114.011424
 30
0.0
 50
90.0
  0
HATCH
  5
585
330
1F
100
AcDbEntity
  8
00 Muro ext.
 62
     7
 48
0.05
100
AcDbHatch
 10
0.0
 20
0.0
 30
0.0
210
0.0
220
0.0
230
1.0
  2
SOLID
 70
     1
 71
     0
 91
        2
 92
        7
 72
     0
 73
     1
 93
        4
 10
110.572207371681
 20
112.1128153421594
 10
110.4222073722398
 20
112.1128153421594
 10
110.4222073722398
 20
112.0128153422991
 10
110.572207371681
 20
112.0128153422991
 97
        0
 92
        7
 72
     0
 73
     1
 93
        4
 10
112.5122260078555
 20
112.8517874495735
 10
111.0995361078297
 20
112.8517874495735
 10
111.0995361078297
 20
112.7317874494618
 10
112.5122260078555
 20
112.7318216839483
 97
        0
 75
     1
 76
     1
 47
0.007441
 98
        2
 10
110.5267978664255
 20
112.0557541903252
 10
112.150318464241
 20
112.7626615821061
1001
GradientColor1ACI
1070
     5
1001
GradientColor2ACI
1070
     2
1001
ACAD
1010
0.0
1020
0.0
1030
0.0
  0
LINE
  5
586
330
1F
100
AcDbEntity
  8
00 Muro ext.
 48
0.05
100
AcDbLine
 10
111.099536
 20
112.731787
 30
0.0
 11
112.512894
 21
112.731822
 31
0.0
  0
LINE
  5
587
330
1F
100
AcDbEntity
  8
00 Muro ext.
 48
0.05
100
AcDbLine
 10
111.099536
 20
112.851787
 30
0.0
 11
112.512226
 21
112.851787
 31
0.0
  0
LINE
  5
588
330
1F
100
AcDbEntity
  8
00 Muro ext.
 48
0.05
100
AcDbLine
 10
112.512226
 20
112.731822
 30
0.0
 11
112.512226
 21
112.851822
 31
0.0
  0
LINE
  5
589
330
1F
100
AcDbEntity
  8
00 Muro ext.
 48
0.05
100
AcDbLine
 10
112.512894
 20
112.731822
 30
0.0
 11
112.512894
 21
116.011576
 31
0.0
  0
MTEXT
  5
58A
330
1F
100
AcDbEntity
  8
00 Muro ext.
 48
0.05
100
AcDbMText
 10
91.518639
 20
115.129324
 30
0.0
 40
0.1
 41
1.628128
 46
0.0
 71
     1
 72
     5
  1
{\fArial|b1|i0|c0|p34;MESA DE TRABAJO}
 73
     1
 44
1.0
1001
ACAD
1000
ACAD_MTEXT_COLUMN_INFO_BEGIN
1070
    75
1070
     2
1070
    79
1070
     0
1070
    76
1070
     1
1070
    78
1070
     0
1070
    48
1040
1.628128
1070
    49
1040
12.5
1070
    50
1070
     1
1040
0.308834
1000
ACAD_MTEXT_COLUMN_INFO_END
  0
MTEXT
  5
58B
330
1F
100
AcDbEntity
  8
00 Muro ext.
 48
0.05
100
AcDbMText
 10
95.773807
 20
117.441908
 30
0.0
 40
0.1
 41
1.628128
 46
0.0
 71
     1
 72
     5
  1
{\fArial|b1|i0|c0|p34;MUEBLE BAJO}
 73
     1
 44
1.0
1001
ACAD
1000
ACAD_MTEXT_COLUMN_INFO_BEGIN
1070
    75
1070
     2
1070
    79
1070
     0
1070
    76
1070
     1
1070
    78
1070
     0
1070
    48
1040
1.628128
1070
    49
1040
12.5
1070
    50
1070
     1
1040
0.308834
1000
ACAD_MTEXT_COLUMN_INFO_END
  0
INSERT
  5
58C
330
1F
100
AcDbEntity
  8
00 Muro ext.
100
AcDbBlockReference
  2
IRI-OCASA-Layout R 9$0$OCA_SILLA
 10
109.548529
 20
104.826175
 30
0.0
 41
-1.0
 50
270.0
  0
MTEXT
  5
58D
330
1F
100
AcDbEntity
  8
00 Muro ext.
100
AcDbMText
 10
108.023968
 20
106.060513
 30
-0.000006
 40
0.24
 41
2.885831
 46
0.0
 71
     1
 72
     5
  1
\pi0.76499;Admision
  7
IRI-OCASA-Layout R 9$0$Standard
 73
     1
 44
1.0
1001
ACAD
1000
ACAD_MTEXT_COLUMN_INFO_BEGIN
1070
    75
1070
     2
1070
    79
1070
     0
1070
    76
1070
     1
1070
    78
1070
     0
1070
    48
1040
2.885831
1070
    49
1040
12.5
1070
    50
1070
     1
1040
0.0
1000
ACAD_MTEXT_COLUMN_INFO_END
  0
MTEXT
  5
58E
102
{ACAD_XDICTIONARY
360
58F
102
}
330
1F
100
AcDbEntity
  8
00 Muro ext.
100
AcDbMText
 10
111.520686
 20
107.71173
 30
-0.000006
 40
0.24
 41
2.885831
 46
0.0
 71
     1
 72
     5
  1
Acceso \PPersonal
  7
IRI-OCASA-Layout R 9$0$Standard
 73
     1
 44
1.0
1001
ACAD
1000
ACAD_MTEXT_COLUMN_INFO_BEGIN
1070
    75
1070
     2
1070
    79
1070
     0
1070
    76
1070
     1
1070
    78
1070
     0
1070
    48
1040
2.885831
1070
    49
1040
12.5
1070
    50
1070
     1
1040
1.529207
1000
ACAD_MTEXT_COLUMN_INFO_END
  0
LINE
  5
590
330
1F
100
AcDbEntity
  8
00 Muro ext.
 48
0.05
100
AcDbLine
 10
111.099536
 20
111.666223
 30
0.0
 11
111.099536
 21
99.258994
 31
0.0
  0
LINE
  5
591
330
1F
100
AcDbEntity
  8
00 Muro ext.
 48
0.05
100
AcDbLine
 10
111.099536
 20
97.758994
 30
0.0
 11
112.599536
 21
97.758994
 31
0.0
  0
LINE
  5
592
330
1F
100
AcDbEntity
  8
00 Muro ext.
 48
0.05
100
AcDbLine
 10
112.599536
 20
97.758994
 30
0.0
 11
112.599536
 21
99.258994
 31
0.0
  0
LINE
  5
593
330
1F
100
AcDbEntity
  8
00 Muro ext.
 48
0.05
100
AcDbLine
 10
111.099536
 20
99.258994
 30
0.0
 11
116.099536
 21
99.258994
 31
0.0
  0
MTEXT
  5
594
330
1F
100
AcDbEntity
  8
00 Muro ext.
 48
0.05
100
AcDbMText
 10
111.366269
 20
98.684366
 30
0.0
 40
0.1
 41
1.628128
 46
0.0
 71
     1
 72
     5
  1
{\fArial|b1|i0|c0|p34;GRUPO \PELECTROGENO}
 73
     1
 44
1.0
1001
ACAD
1000
ACAD_MTEXT_COLUMN_INFO_BEGIN
1070
    75
1070
     2
1070
    79
1070
     0
1070
    76
1070
     1
1070
    78
1070
     0
1070
    48
1040
1.628128
1070
    49
1040
12.5
1070
    50
1070
     1
1040
0.496522
1000
ACAD_MTEXT_COLUMN_INFO_END
  0
LINE
  5
595
330
1F
100
AcDbEntity
  8
00 Muro ext.
 48
0.05
100
AcDbLine
 10
116.099536
 20
99.258994
 30
0.0
 11
116.099536
 21
111.666223
 31
0.0
  0
LINE
  5
596
330
1F
100
AcDbEntity
  8
00 Muro ext.
 48
0.05
100
AcDbLine
 10
111.099536
 20
111.666223
 30
0.0
 11
116.099536
 21
111.666223
 31
0.0
  0
LWPOLYLINE
  5
597
330
1F
100
AcDbEntity
  8
00 Muro ext.
100
AcDbPolyline
 90
        4
 70
     1
 43
0.0
 38
-0.000016
 10
111.241149
 20
106.557292
 10
112.241149
 20
106.557292
 10
112.241149
 20
105.457292
 10
111.241149
 20
105.457292
  0
LWPOLYLINE
  5
598
330
1F
100
AcDbEntity
  8
00 Muro ext.
100
AcDbPolyline
 90
        4
 70
     1
 43
0.0
 38
-0.000016
 10
111.341149
 20
106.457292
 10
112.141149
 20
106.457292
 10
112.141149
 20
105.557292
 10
111.341149
 20
105.557292
  0
LWPOLYLINE
  5
599
330
1F
100
AcDbEntity
  8
00 Muro ext.
100
AcDbPolyline
 90
        4
 70
     1
 43
0.0
 38
-0.000016
 10
111.26586
 20
105.345703
 10
112.26586
 20
105.345703
 10
112.26586
 20
104.245703
 10
111.26586
 20
104.245703
  0
LWPOLYLINE
  5
59A
330
1F
100
AcDbEntity
  8
00 Muro ext.
100
AcDbPolyline
 90
        4
 70
     1
 43
0.0
 38
-0.000016
 10
111.36586
 20
105.245703
 10
112.16586
 20
105.245703
 10
112.16586
 20
104.345703
 10
111.36586
 20
104.345703
  0
LWPOLYLINE
  5
59B
330
1F
100
AcDbEntity
  8
00 Muro ext.
100
AcDbPolyline
 90
        4
 70
     1
 43
0.0
 38
-0.000016
 10
111.253403
 20
104.137258
 10
112.253403
 20
104.137258
 10
112.253403
 20
103.037258
 10
111.253403
 20
103.037258
  0
LWPOLYLINE
  5
59C
330
1F
100
AcDbEntity
  8
00 Muro ext.
100
AcDbPolyline
 90
        4
 70
     1
 43
0.0
 38
-0.000016
 10
111.353403
 20
104.037258
 10
112.153403
 20
104.037258
 10
112.153403
 20
103.137258
 10
111.353403
 20
103.137258
  0
LWPOLYLINE
  5
59D
330
1F
100
AcDbEntity
  8
00 Muro ext.
100
AcDbPolyline
 90
        4
 70
     1
 43
0.0
 38
-0.000016
 10
111.24085
 20
102.916348
 10
112.24085
 20
102.916348
 10
112.24085
 20
101.816348
 10
111.24085
 20
101.816348
  0
LWPOLYLINE
  5
59E
330
1F
100
AcDbEntity
  8
00 Muro ext.
100
AcDbPolyline
 90
        4
 70
     1
 43
0.0
 38
-0.000016
 10
111.34085
 20
102.816348
 10
112.14085
 20
102.816348
 10
112.14085
 20
101.916348
 10
111.34085
 20
101.916348
  0
MTEXT
  5
59F
330
1F
100
AcDbEntity
  8
00 Muro ext.
 48
0.05
100
AcDbMText
 10
111.467583
 20
106.060964
 30
0.0
 40
0.1
 41
1.628128
 46
0.0
 71
     1
 72
     5
  1
{\fArial|b1|i0|c0|p34;CARRO}
 73
     1
 44
1.0
1001
ACAD
1000
ACAD_MTEXT_COLUMN_INFO_BEGIN
1070
    75
1070
     2
1070
    79
1070
     0
1070
    76
1070
     1
1070
    78
1070
     0
1070
    48
1040
1.628128
1070
    49
1040
12.5
1070
    50
1070
     1
1040
0.308834
1000
ACAD_MTEXT_COLUMN_INFO_END
  0
MTEXT
  5
5A0
330
1F
100
AcDbEntity
  8
00 Muro ext.
 48
0.05
100
AcDbMText
 10
111.467583
 20
104.864136
 30
0.0
 40
0.1
 41
1.628128
 46
0.0
 71
     1
 72
     5
  1
{\fArial|b1|i0|c0|p34;CARRO}
 73
     1
 44
1.0
1001
ACAD
1000
ACAD_MTEXT_COLUMN_INFO_BEGIN
1070
    75
1070
     2
1070
    79
1070
     0
1070
    76
1070
     1
1070
    78
1070
     0
1070
    48
1040
1.628128
1070
    49
1040
12.5
1070
    50
1070
     1
1040
0.308834
1000
ACAD_MTEXT_COLUMN_INFO_END
  0
MTEXT
  5
5A1
330
1F
100
AcDbEntity
  8
00 Muro ext.
 48
0.05
100
AcDbMText
 10
111.467583
 20
103.567569
 30
0.0
 40
0.1
 41
1.628128
 46
0.0
 71
     1
 72
     5
  1
{\fArial|b1|i0|c0|p34;CARRO}
 73
     1
 44
1.0
1001
ACAD
1000
ACAD_MTEXT_COLUMN_INFO_BEGIN
1070
    75
1070
     2
1070
    79
1070
     0
1070
    76
1070
     1
1070
    78
1070
     0
1070
    48
1040
1.628128
1070
    49
1040
12.5
1070
    50
1070
     1
1040
0.308834
1000
ACAD_MTEXT_COLUMN_INFO_END
  0
MTEXT
  5
5A2
330
1F
100
AcDbEntity
  8
00 Muro ext.
 48
0.05
100
AcDbMText
 10
111.467583
 20
102.445542
 30
0.0
 40
0.1
 41
1.628128
 46
0.0
 71
     1
 72
     5
  1
{\fArial|b1|i0|c0|p34;CARRO}
 73
     1
 44
1.0
1001
ACAD
1000
ACAD_MTEXT_COLUMN_INFO_BEGIN
1070
    75
1070
     2
1070
    79
1070
     0
1070
    76
1070
     1
1070
    78
1070
     0
1070
    48
1040
1.628128
1070
    49
1040
12.5
1070
    50
1070
     1
1040
0.308834
1000
ACAD_MTEXT_COLUMN_INFO_END
  0
LINE
  5
5A3
330
1F
100
AcDbEntity
  8
00 Muro ext.
 48
0.05
100
AcDbLine
 10
111.099536
 20
111.666223
 30
0.0
 11
111.099536
 21
99.258994
 31
0.0
  0
LWPOLYLINE
  5
5A4
330
1F
100
AcDbEntity
  8
00 Muro ext.
370
    -3
100
AcDbPolyline
 90
        4
 70
     0
 38
-0.000032
 10
110.514194
 20
107.286652
 40
0.0
 41
0.25
 10
110.964531
 20
107.286652
 40
0.25
 41
0.25
 10
110.974531
 20
107.286652
 40
0.1
 41
0.1
 10
110.974531
 20
107.286652
 40
0.1
 41
0.1
  0
LWPOLYLINE
  5
5A5
330
1F
100
AcDbEntity
  8
00 Muro ext.
370
    -3
100
AcDbPolyline
 90
        2
 70
     0
 43
0.0
 38
-0.000032
 10
110.974531
 20
107.286652
 10
111.394333
 20
107.286652
  0
LINE
  5
5B4
330
1F
100
AcDbEntity
  8
00 Muro ext.
 48
0.05
100
AcDbLine
 10
104.049536
 20
106.756915
 30
0.0
 11
91.149536
 21
106.756915
 31
0.0
  0
LINE
  5
5B5
330
1F
100
AcDbEntity
  8
00 Muro ext.
 48
0.05
100
AcDbLine
 10
104.049536
 20
94.582815
 30
0.0
 11
104.049536
 21
106.756915
 31
0.0
  0
LINE
  5
5B6
330
1F
100
AcDbEntity
  8
00 Muro ext.
 48
0.05
100
AcDbLine
 10
104.049536
 20
94.582815
 30
0.0
 11
110.899536
 21
94.582815
 31
0.0
  0
LINE
  5
5B7
330
1F
100
AcDbEntity
  8
00 Muro ext.
 48
0.05
100
AcDbLine
 10
110.899536
 20
94.582815
 30
0.0
 11
110.899536
 21
112.012815
 31
0.0
  0
LINE
  5
5B8
330
1F
100
AcDbEntity
  8
00 Muro ext.
 48
0.05
100
AcDbLine
 10
110.899536
 20
112.012815
 30
0.0
 11
91.149536
 21
112.012815
 31
0.0
  0
LINE
  5
5B9
330
1F
100
AcDbEntity
  8
00 Muro ext.
 48
0.05
100
AcDbLine
 10
91.149536
 20
112.012815
 30
0.0
 11
91.149536
 21
106.756915
 31
0.0
  0
MTEXT
  5
5BA
330
1F
100
AcDbEntity
  8
00 Muro ext.
100
AcDbMText
 10
98.96802
 20
108.851893
 30
-0.000006
 40
0.24
 41
2.885831
 46
0.0
 71
     1
 72
     5
  1
\pi0.83923;Adoquin
  7
IRI-OCASA-Layout R 9$0$Standard
 73
     1
 44
1.0
1001
ACAD
1000
ACAD_MTEXT_COLUMN_INFO_BEGIN
1070
    75
1070
     2
1070
    79
1070
     0
1070
    76
1070
     1
1070
    78
1070
     0
1070
    48
1040
2.885831
1070
    49
1040
12.5
1070
    50
1070
     1
1040
0.0
1000
ACAD_MTEXT_COLUMN_INFO_END
  0
LWPOLYLINE
  5
5BB
330
1F
100
AcDbEntity
  8
00 Muro ext.
 48
0.05
100
AcDbPolyline
 90
        5
 70
     0
 43
0.0
 10
107.841093
 20
106.261733
 10
110.841093
 20
106.261733
 10
110.841093
 20
105.561733
 10
107.841093
 20
105.561733
 10
107.841093
 20
106.261733
  0
LINE
  5
5C0
330
1F
100
AcDbEntity
  8
00 Muro ext.
 48
0.05
100
AcDbLine
 10
101.692096
 20
112.112815
 30
0.0
 11
101.692096
 21
112.013319
 31
0.0
  0
LINE
  5
5C1
102
{ACAD_REACTORS
330
950
102
}
330
1F
100
AcDbEntity
  8
00 Muro ext.
 48
0.05
100
AcDbLine
 10
103.692096
 20
112.112815
 30
0.0
 11
103.692096
 21
112.013319
 31
0.0
  0
LINE
  5
5C2
330
1F
100
AcDbEntity
  8
00 Muro ext.
 48
0.05
100
AcDbLine
 10
101.692096
 20
112.053319
 30
0.0
 11
103.692096
 21
112.053319
 31
0.0
  0
LINE
  5
5C3
330
1F
100
AcDbEntity
  8
00 Muro ext.
 48
0.05
100
AcDbLine
 10
101.692096
 20
112.073319
 30
0.0
 11
103.692096
 21
112.073319
 31
0.0
  0
MTEXT
  5
5C4
330
1F
100
AcDbEntity
  8
00 Muro ext.
100
AcDbMText
 10
111.613767
 20
113.775221
 30
-0.000005
 40
0.188169
 41
0.926681
 46
0.0
 71
     1
 72
     5
  1
Baño Mujeres
  7
IRI-OCASA-Layout R 9$0$Standard
 73
     1
 44
1.0
1001
ACAD
1000
ACAD_MTEXT_COLUMN_INFO_BEGIN
1070
    75
1070
     2
1070
    79
1070
     0
1070
    76
1070
     1
1070
    78
1070
     0
1070
    48
1040
0.926681
1070
    49
1040
9.800457
1070
    50
1070
     1
1040
0.0
1000
ACAD_MTEXT_COLUMN_INFO_END
  0
LWPOLYLINE
  5
5C6
330
1F
100
AcDbEntity
  8
00 Muro ext.
 48
0.05
100
AcDbPolyline
 90
        5
 70
     0
 43
0.0
 10
117.049536
 20
117.782815
 10
119.049536
 20
117.782815
 10
119.049536
 20
117.242815
 10
117.049536
 20
117.242815
 10
117.049536
 20
117.782815
  0
MTEXT
  5
5C7
330
1F
100
AcDbEntity
  8
00 Muro ext.
 48
0.05
100
AcDbMText
 10
117.595288
 20
117.460027
 30
0.0
 40
0.1
 41
1.628128
 46
0.0
 71
     1
 72
     5
  1
{\fArial|b1|i0|c0|p34;MUEBLE}
 73
     1
 44
1.0
1001
ACAD
1000
ACAD_MTEXT_COLUMN_INFO_BEGIN
1070
    75
1070
     2
1070
    79
1070
     0
1070
    76
1070
     1
1070
    78
1070
     0
1070
    48
1040
1.628128
1070
    49
1040
12.5
1070
    50
1070
     1
1040
0.308834
1000
ACAD_MTEXT_COLUMN_INFO_END
  0
LINE
  5
5C8
330
1F
100
AcDbEntity
  8
00 Muro ext.
 62
     1
 48
0.05
100
AcDbLine
 10
98.219536
 20
114.742815
 30
0.0
 11
98.239536
 21
114.742815
 31
0.0
  0
LINE
  5
5C9
330
1F
100
AcDbEntity
  8
00 Muro ext.
 62
     1
 48
0.05
100
AcDbLine
 10
98.219536
 20
114.842815
 30
0.0
 11
98.239536
 21
114.842815
 31
0.0
  0
INSERT
  5
5CA
330
1F
100
AcDbEntity
  8
00 Muro ext.
100
AcDbBlockReference
 66
     1
  2
Ref-carp-50
 10
97.805822
 20
114.815787
 30
0.0
  0
ATTRIB
  5
5D4
330
5CA
100
AcDbEntity
  8
0
100
AcDbText
 10
97.736963
 20
114.85021
 30
0.0
 40
0.08
  1
P01
 41
0.9
  7
ROMANS
 72
     1
 11
97.814963
 21
114.89021
 31
0.0
100
AcDbAttribute
  2
P01
 70
     0
 74
     2
280
     0
  0
ATTRIB
  5
5D5
330
5CA
100
AcDbEntity
  8
0
100
AcDbText
 10
97.685822
 20
114.690787
 30
0.0
 40
0.1
  1
0.80
 41
0.9
  7
ROMANS
 72
     1
 11
97.805822
 21
114.740787
 31
0.0
100
AcDbAttribute
  2
0.00
 70
     0
 74
     2
280
     0
  0
SEQEND
  5
5D6
330
5CA
100
AcDbEntity
  8
00 Muro ext.
  0
INSERT
  5
5D7
330
1F
100
AcDbEntity
  8
00 Muro ext.
100
AcDbBlockReference
 66
     1
  2
Ref-carp-50
 10
113.978359
 20
113.400727
 30
0.0
  0
ATTRIB
  5
5D8
330
5D7
100
AcDbEntity
  8
0
100
AcDbText
 10
113.9095
 20
113.43515
 30
0.0
 40
0.08
  1
P01
 41
0.9
  7
ROMANS
 72
     1
 11
113.9875
 21
113.47515
 31
0.0
100
AcDbAttribute
  2
P01
 70
     0
 74
     2
280
     0
  0
ATTRIB
  5
5D9
330
5D7
100
AcDbEntity
  8
0
100
AcDbText
 10
113.858359
 20
113.275727
 30
0.0
 40
0.1
  1
0.80
 41
0.9
  7
ROMANS
 72
     1
 11
113.978359
 21
113.325727
 31
0.0
100
AcDbAttribute
  2
0.00
 70
     0
 74
     2
280
     0
  0
SEQEND
  5
5DA
330
5D7
100
AcDbEntity
  8
00 Muro ext.
  0
LINE
  5
5DB
330
1F
100
AcDbEntity
  8
00 Muro ext.
 48
0.05
100
AcDbLine
 10
97.159536
 20
114.742815
 30
0.0
 11
95.359536
 21
114.742826
 31
0.0
  0
LINE
  5
5DC
330
1F
100
AcDbEntity
  8
00 Muro ext.
 48
0.05
100
AcDbLine
 10
95.359536
 20
114.742826
 30
0.0
 11
95.359536
 21
114.842815
 31
0.0
  0
LINE
  5
5DD
330
1F
100
AcDbEntity
  8
00 Muro ext.
 48
0.05
100
AcDbLine
 10
97.159536
 20
114.775815
 30
0.0
 11
95.359536
 21
114.775815
 31
0.0
  0
LINE
  5
5DE
330
1F
100
AcDbEntity
  8
00 Muro ext.
 48
0.05
100
AcDbLine
 10
95.384536
 20
114.775815
 30
0.0
 11
95.384536
 21
114.795815
 31
0.0
  0
LINE
  5
5DF
330
1F
100
AcDbEntity
  8
00 Muro ext.
 48
0.05
100
AcDbLine
 10
97.134536
 20
114.795815
 30
0.0
 11
97.134536
 21
114.775815
 31
0.0
  0
LINE
  5
5E0
330
1F
100
AcDbEntity
  8
00 Muro ext.
 48
0.05
100
AcDbLine
 10
98.337257
 20
115.821217
 30
0.0
 11
98.317257
 21
115.821217
 31
0.0
  0
LINE
  5
5E1
330
1F
100
AcDbEntity
  8
00 Muro ext.
 48
0.05
100
AcDbLine
 10
98.317257
 20
115.791217
 30
0.0
 11
98.317257
 21
117.291217
 31
0.0
  0
LINE
  5
5E2
330
1F
100
AcDbEntity
  8
00 Muro ext.
 48
0.05
100
AcDbLine
 10
98.337257
 20
117.266217
 30
0.0
 11
98.317257
 21
117.266217
 31
0.0
  0
MTEXT
  5
5FC
330
1F
100
AcDbEntity
  8
00 Muro ext.
 48
0.05
100
AcDbMText
 10
104.994779
 20
111.742932
 30
0.0
 40
0.1
 41
1.628128
 46
0.0
 71
     1
 72
     5
  1
{\fArial|b1|i0|c0|p34;PUERTA CORREDIZA}
 73
     1
 44
1.0
1001
ACAD
1000
ACAD_MTEXT_COLUMN_INFO_BEGIN
1070
    75
1070
     2
1070
    79
1070
     0
1070
    76
1070
     1
1070
    78
1070
     0
1070
    48
1040
1.628128
1070
    49
1040
12.5
1070
    50
1070
     1
1040
0.308834
1000
ACAD_MTEXT_COLUMN_INFO_END
  0
MTEXT
  5
5FD
330
1F
100
AcDbEntity
  8
00 Muro ext.
100
AcDbMText
 10
110.843636
 20
109.791797
 30
-0.000006
 40
0.24
 41
2.885831
 46
0.0
 71
     1
 72
     5
  1
\pi0.60652;PORTON 3
  7
IRI-OCASA-Layout R 9$0$Standard
 73
     1
 44
1.0
1001
ACAD
1000
ACAD_MTEXT_COLUMN_INFO_BEGIN
1070
    75
1070
     2
1070
    79
1070
     0
1070
    76
1070
     1
1070
    78
1070
     0
1070
    48
1040
2.885831
1070
    49
1040
12.5
1070
    50
1070
     1
1040
0.0
1000
ACAD_MTEXT_COLUMN_INFO_END
  0
MTEXT
  5
5FE
330
1F
100
AcDbEntity
  8
00 Muro ext.
100
AcDbMText
 10
108.267576
 20
82.719206
 30
-0.000006
 40
0.24
 41
2.885831
 46
0.0
 71
     1
 72
     5
  1
\pi0.60775;PORTON 2
  7
IRI-OCASA-Layout R 9$0$Standard
 73
     1
 44
1.0
1001
ACAD
1000
ACAD_MTEXT_COLUMN_INFO_BEGIN
1070
    75
1070
     2
1070
    79
1070
     0
1070
    76
1070
     1
1070
    78
1070
     0
1070
    48
1040
2.885831
1070
    49
1040
12.5
1070
    50
1070
     1
1040
0.0
1000
ACAD_MTEXT_COLUMN_INFO_END
  0
MTEXT
  5
5FF
330
1F
100
AcDbEntity
  8
00 Muro ext.
100
AcDbMText
 10
92.728542
 20
70.674144
 30
-0.000006
 40
0.24
 41
2.885831
 46
0.0
 71
     1
 72
     5
  1
\pi0.62968;PORTON 1
  7
IRI-OCASA-Layout R 9$0$Standard
 73
     1
 44
1.0
1001
ACAD
1000
ACAD_MTEXT_COLUMN_INFO_BEGIN
1070
    75
1070
     2
1070
    79
1070
     0
1070
    76
1070
     1
1070
    78
1070
     0
1070
    48
1040
2.885831
1070
    49
1040
12.5
1070
    50
1070
     1
1040
0.0
1000
ACAD_MTEXT_COLUMN_INFO_END
  0
MTEXT
  5
600
330
1F
100
AcDbEntity
  8
00 Muro ext.
100
AcDbMText
 10
91.688041
 20
91.551629
 30
-0.000006
 40
0.24
 41
2.885831
 46
0.0
 71
     1
 72
     5
  1
\pi0.60701;PORTON 4 \P\pi0.53702;(ANULADO)
  7
IRI-OCASA-Layout R 9$0$Standard
 73
     1
 44
1.0
1001
ACAD
1000
ACAD_MTEXT_COLUMN_INFO_BEGIN
1070
    75
1070
     2
1070
    79
1070
     0
1070
    76
1070
     1
1070
    78
1070
     0
1070
    48
1040
2.885831
1070
    49
1040
12.5
1070
    50
1070
     1
1040
0.0
1000
ACAD_MTEXT_COLUMN_INFO_END
  0
MTEXT
  5
601
330
1F
100
AcDbEntity
  8
00 Muro ext.
100
AcDbMText
 10
91.688041
 20
97.847602
 30
-0.000006
 40
0.24
 41
2.885831
 46
0.0
 71
     1
 72
     5
  1
\pi0.60562;PORTON 5 \P\pi0.53702;(ANULADO)
  7
IRI-OCASA-Layout R 9$0$Standard
 73
     1
 44
1.0
1001
ACAD
1000
ACAD_MTEXT_COLUMN_INFO_BEGIN
1070
    75
1070
     2
1070
    79
1070
     0
1070
    76
1070
     1
1070
    78
1070
     0
1070
    48
1040
2.885831
1070
    49
1040
12.5
1070
    50
1070
     1
1040
0.0
1000
ACAD_MTEXT_COLUMN_INFO_END
  0
LINE
  5
602
330
1F
100
AcDbEntity
  8
00 Muro ext.
 48
0.05
100
AcDbLine
 10
101.717096
 20
112.073319
 30
0.0
 11
101.717096
 21
112.053319
 31
0.0
  0
LINE
  5
603
330
1F
100
AcDbEntity
  8
00 Muro ext.
 48
0.05
100
AcDbLine
 10
103.667096
 20
112.073319
 30
0.0
 11
103.667096
 21
112.053319
 31
0.0
  0
INSERT
  5
695
102
{ACAD_XDICTIONARY
360
696
102
}
330
1F
100
AcDbEntity
  8
00 Muro ext.
100
AcDbBlockReference
  2
*U22
 10
97.568408
 20
77.136797
 30
0.0
 41
-0.5
 42
0.5
 43
0.5
 50
90.0
  0
INSERT
  5
6C5
102
{ACAD_XDICTIONARY
360
6C6
102
}
330
1F
100
AcDbEntity
  8
00 Muro ext.
100
AcDbBlockReference
  2
*U22
 10
113.98425
 20
144.790385
 30
0.0
 41
-0.5
 42
0.5
 43
0.5
 50
270.0
  0
LWPOLYLINE
  5
6E7
330
1F
100
AcDbEntity
  8
00 Muro ext.
 48
0.05
100
AcDbPolyline
 90
        5
 70
     0
 43
0.0
 10
105.706228
 20
117.76716
 10
106.606228
 20
117.76716
 10
106.606228
 20
117.51716
 10
105.706228
 20
117.51716
 10
105.706228
 20
117.76716
  0
MTEXT
  5
6E8
330
1F
100
AcDbEntity
  8
00 Muro ext.
 48
0.05
100
AcDbMText
 10
105.761562
 20
117.708064
 30
0.0
 40
0.1
 41
1.628128
 46
0.0
 71
     1
 72
     5
  1
{\fArial|b1|i0|c0|p34;AA 5500 Fg}
 73
     1
 44
1.0
1001
ACAD
1000
ACAD_MTEXT_COLUMN_INFO_BEGIN
1070
    75
1070
     2
1070
    79
1070
     0
1070
    76
1070
     1
1070
    78
1070
     0
1070
    48
1040
1.628128
1070
    49
1040
12.5
1070
    50
1070
     1
1040
0.308834
1000
ACAD_MTEXT_COLUMN_INFO_END
  0
LWPOLYLINE
  5
6E9
330
1F
100
AcDbEntity
  8
00 Muro ext.
 48
0.05
100
AcDbPolyline
 90
        5
 70
     0
 43
0.0
 10
97.306988
 20
117.763909
 10
98.206988
 20
117.763909
 10
98.206988
 20
117.513909
 10
97.306988
 20
117.513909
 10
97.306988
 20
117.763909
  0
MTEXT
  5
6EA
330
1F
100
AcDbEntity
  8
00 Muro ext.
 48
0.05
100
AcDbMText
 10
97.362322
 20
117.704812
 30
0.0
 40
0.1
 41
1.628128
 46
0.0
 71
     1
 72
     5
  1
{\fArial|b1|i0|c0|p34;AA 2500 Fg}
 73
     1
 44
1.0
1001
ACAD
1000
ACAD_MTEXT_COLUMN_INFO_BEGIN
1070
    75
1070
     2
1070
    79
1070
     0
1070
    76
1070
     1
1070
    78
1070
     0
1070
    48
1040
1.628128
1070
    49
1040
12.5
1070
    50
1070
     1
1040
0.308834
1000
ACAD_MTEXT_COLUMN_INFO_END
  0
LWPOLYLINE
  5
6EB
330
1F
100
AcDbEntity
  8
00 Muro ext.
 48
0.05
100
AcDbPolyline
 90
        5
 70
     0
 43
0.0
 10
93.240402
 20
117.779056
 10
94.140402
 20
117.779056
 10
94.140402
 20
117.529056
 10
93.240402
 20
117.529056
 10
93.240402
 20
117.779056
  0
MTEXT
  5
6EC
330
1F
100
AcDbEntity
  8
00 Muro ext.
 48
0.05
100
AcDbMText
 10
93.295736
 20
117.719959
 30
0.0
 40
0.1
 41
1.628128
 46
0.0
 71
     1
 72
     5
  1
{\fArial|b1|i0|c0|p34;AA 4500 Fg}
 73
     1
 44
1.0
1001
ACAD
1000
ACAD_MTEXT_COLUMN_INFO_BEGIN
1070
    75
1070
     2
1070
    79
1070
     0
1070
    76
1070
     1
1070
    78
1070
     0
1070
    48
1040
1.628128
1070
    49
1040
12.5
1070
    50
1070
     1
1040
0.308834
1000
ACAD_MTEXT_COLUMN_INFO_END
  0
INSERT
  5
6ED
330
1F
100
AcDbEntity
  8
00 Muro ext.
100
AcDbBlockReference
 66
     1
  2
REFERENCIA DE MURO
 10
116.927893
 20
116.00027
 30
0.0
  0
ATTRIB
  5
6F4
330
6ED
100
AcDbEntity
  8
0
100
AcDbText
 10
116.597128
 20
115.960452
 30
0.0
 40
0.09
  1
D01
  7
BEEME
 72
     1
 11
116.713138
 21
115.960452
 31
0.0
100
AcDbAttribute
  2
M00
 70
     0
280
     1
  0
SEQEND
  5
6F5
330
6ED
100
AcDbEntity
  8
00 Muro ext.
  0
INSERT
  5
6FF
102
{ACAD_XDICTIONARY
360
700
102
}
330
1F
100
AcDbEntity
  8
00 Muro ext.
100
AcDbBlockReference
  2
*U22
 10
78.221559
 20
111.323476
 30
0.0
 41
-0.5
 42
0.5
 43
0.5
  0
MTEXT
  5
736
330
1F
100
AcDbEntity
  8
00 Muro ext.
100
AcDbMText
 10
110.843636
 20
109.020051
 30
-0.000006
 40
0.24
 41
2.885831
 46
0.0
 71
     1
 72
     5
  1
\pi0.8994;Acceso \P\pi0.56322;Camionetas
  7
IRI-OCASA-Layout R 9$0$Standard
 73
     1
 44
1.0
1001
ACAD
1000
ACAD_MTEXT_COLUMN_INFO_BEGIN
1070
    75
1070
     2
1070
    79
1070
     0
1070
    76
1070
     1
1070
    78
1070
     0
1070
    48
1040
2.885831
1070
    49
1040
12.5
1070
    50
1070
     1
1040
0.0
1000
ACAD_MTEXT_COLUMN_INFO_END
  0
LWPOLYLINE
  5
737
330
1F
100
AcDbEntity
  8
00 Muro ext.
370
    -3
100
AcDbPolyline
 90
        2
 70
     0
 43
0.0
 38
-0.000032
 10
110.974531
 20
108.701984
 10
111.394333
 20
108.701984
  0
LWPOLYLINE
  5
738
330
1F
100
AcDbEntity
  8
00 Muro ext.
370
    -3
100
AcDbPolyline
 90
        4
 70
     0
 38
-0.000032
 10
110.514194
 20
108.701984
 40
0.0
 41
0.25
 10
110.964531
 20
108.701984
 40
0.25
 41
0.25
 10
110.974531
 20
108.701984
 40
0.1
 41
0.1
 10
110.974531
 20
108.701984
 40
0.1
 41
0.1
  0
LWPOLYLINE
  5
739
330
1F
100
AcDbEntity
  8
00 Muro ext.
 48
0.05
100
AcDbPolyline
 90
        4
 70
     1
 43
0.0
 10
111.257836
 20
109.925043
 10
113.343656
 20
109.925043
 10
113.343656
 20
109.321594
 10
111.257836
 20
109.321594
  0
LWPOLYLINE
  5
73D
330
1F
100
AcDbEntity
  8
00 Muro ext.
 48
0.05
100
AcDbPolyline
 90
        4
 70
     1
 43
0.0
 10
108.681777
 20
82.923134
 10
110.767596
 20
82.923134
 10
110.767596
 20
82.319685
 10
108.681777
 20
82.319685
  0
MTEXT
  5
73E
330
1F
100
AcDbEntity
  8
00 Muro ext.
100
AcDbMText
 10
93.36532
 20
71.891786
 30
-0.000006
 40
0.24
 41
1.5687
 46
0.0
 71
     1
 72
     5
  1
\pxr6.5363,ql;Acceso Camiones
  7
IRI-OCASA-Layout R 9$0$Standard
 73
     1
 44
1.0
1001
ACAD
1000
ACAD_MTEXT_COLUMN_INFO_BEGIN
1070
    75
1070
     2
1070
    79
1070
     0
1070
    76
1070
     1
1070
    78
1070
     0
1070
    48
1040
1.5687
1070
    49
1040
12.5
1070
    50
1070
     1
1040
0.0
1000
ACAD_MTEXT_COLUMN_INFO_END
  0
LWPOLYLINE
  5
73F
330
1F
100
AcDbEntity
  8
00 Muro ext.
370
    -3
100
AcDbPolyline
 90
        4
 70
     0
 38
-0.000032
 10
94.042326
 20
72.942865
 40
0.0
 41
0.25
 10
94.042326
 20
72.492527
 40
0.25
 41
0.25
 10
94.042326
 20
72.482527
 40
0.1
 41
0.1
 10
94.042326
 20
72.482527
 40
0.1
 41
0.1
  0
INSERT
  5
740
330
1F
100
AcDbEntity
  8
00 Muro ext.
100
AcDbBlockReference
  2
ADRLACVS
 10
111.129336
 20
114.904071
 30
0.0
 41
-1.0
 50
90.0
  0
LWPOLYLINE
  5
741
330
1F
100
AcDbEntity
  8
00 Muro ext.
370
    -3
100
AcDbPolyline
 90
        2
 70
     0
 43
0.0
 38
-0.000032
 10
94.042326
 20
72.482527
 10
94.042326
 20
72.062725
  0
LWPOLYLINE
  5
742
330
1F
100
AcDbEntity
  8
00 Muro ext.
 48
0.05
100
AcDbPolyline
 90
        4
 70
     1
 43
0.0
 10
93.10805
 20
70.815575
 10
95.19387
 20
70.815575
 10
95.19387
 20
70.212126
 10
93.10805
 20
70.212126
  0
INSERT
  5
743
330
1F
100
AcDbEntity
  8
00 Muro ext.
100
AcDbBlockReference
  2
BARI_INODORO_PTA
 10
111.284987
 20
115.549822
 30
0.0
 50
90.0
  0
HATCH
  5
744
330
1F
100
AcDbEntity
  8
00 Muro ext.
 62
     7
 48
0.05
100
AcDbHatch
 10
0.0
 20
0.0
 30
0.0
210
0.0
220
0.0
230
1.0
  2
SOLID
 70
     1
 71
     0
 91
        1
 92
        7
 72
     0
 73
     1
 93
        4
 10
112.4138479577144
 20
114.427681385321
 10
111.0995361078297
 20
114.427681385321
 10
111.0995361078297
 20
114.3055709155885
 10
112.4138479577144
 20
114.3055709155885
 97
        0
 75
     1
 76
     1
 47
0.007441
 98
        1
 10
112.0608787359437
 20
114.4085564240957
1001
GradientColor1ACI
1070
     5
1001
GradientColor2ACI
1070
     2
1001
ACAD
1010
0.0
1020
0.0
1030
0.0
  0
LINE
  5
745
330
1F
100
AcDbEntity
  8
00 Muro ext.
 48
0.05
100
AcDbLine
 10
112.413848
 20
112.851787
 30
0.0
 11
112.413848
 21
115.889465
 31
0.0
  0
MTEXT
  5
746
330
1F
100
AcDbEntity
  8
00 Muro ext.
100
AcDbMText
 10
111.654806
 20
115.190611
 30
-0.000006
 40
0.188169
 41
1.046389
 46
0.0
 71
     1
 72
     5
  1
Baño Hombres
  7
IRI-OCASA-Layout R 9$0$Standard
 73
     1
 44
1.0
1001
ACAD
1000
ACAD_MTEXT_COLUMN_INFO_BEGIN
1070
    75
1070
     2
1070
    79
1070
     0
1070
    76
1070
     1
1070
    78
1070
     0
1070
    48
1040
1.046389
1070
    49
1040
12.5
1070
    50
1070
     1
1040
0.0
1000
ACAD_MTEXT_COLUMN_INFO_END
  0
LINE
  5
747
330
1F
100
AcDbEntity
  8
00 Muro ext.
 48
0.05
100
AcDbLine
 10
112.413848
 20
114.427681
 30
0.0
 11
112.413848
 21
114.450795
 31
0.0
  0
INSERT
  5
748
102
{ACAD_XDICTIONARY
360
749
102
}
330
1F
100
AcDbEntity
  8
00 Muro ext.
 48
0.05
100
AcDbBlockReference
  2
*U12
 10
113.399536
 20
115.936464
 30
0.0
  0
MTEXT
  5
75C
330
1F
100
AcDbEntity
  8
00 Muro ext.
100
AcDbMText
 10
110.790136
 20
117.030762
 30
-0.000006
 40
0.24
 41
2.885831
 46
0.0
 71
     1
 72
     5
  1
\pi0.74166;Vestuario
  7
IRI-OCASA-Layout R 9$0$Standard
 73
     1
 44
1.0
1001
ACAD
1000
ACAD_MTEXT_COLUMN_INFO_BEGIN
1070
    75
1070
     2
1070
    79
1070
     0
1070
    76
1070
     1
1070
    78
1070
     0
1070
    48
1040
2.885831
1070
    49
1040
12.5
1070
    50
1070
     1
1040
0.0
1000
ACAD_MTEXT_COLUMN_INFO_END
  0
LINE
  5
75D
330
1F
100
AcDbEntity
  8
00 Muro ext.
 48
0.05
100
AcDbLine
 10
112.413848
 20
114.427681
 30
0.0
 11
111.099536
 21
114.427681
 31
0.0
  0
LINE
  5
75E
330
1F
100
AcDbEntity
  8
00 Muro ext.
 48
0.05
100
AcDbLine
 10
112.413848
 20
114.305571
 30
0.0
 11
111.099536
 21
114.305571
 31
0.0
  0
LINE
  5
75F
330
1F
100
AcDbEntity
  8
00 Muro ext.
 48
0.05
100
AcDbLine
 10
112.514767
 20
116.011576
 30
0.0
 11
111.099536
 21
116.011576
 31
0.0
  0
LINE
  5
760
330
1F
100
AcDbEntity
  8
00 Muro ext.
 48
0.05
100
AcDbLine
 10
112.414195
 20
115.889465
 30
0.0
 11
111.099536
 21
115.889466
 31
0.0
  0
LINE
  5
761
330
1F
100
AcDbEntity
  8
00 Muro ext.
 48
0.05
100
AcDbLine
 10
91.149536
 20
112.012815
 30
0.0
 11
91.163613
 21
112.012815
 31
0.0
  0
LINE
  5
762
330
1F
100
AcDbEntity
  8
00 Muro ext.
 48
0.05
100
AcDbLine
 10
111.099536
 20
112.012815
 30
0.0
 11
112.47981
 21
112.012815
 31
0.0
  0
LINE
  5
763
330
1F
100
AcDbEntity
  8
00 Muro ext.
 48
0.05
100
AcDbLine
 10
113.35981
 20
112.012815
 30
0.0
 11
113.588497
 21
112.012815
 31
0.0
  0
LINE
  5
764
330
1F
100
AcDbEntity
  8
00 Muro ext.
 48
0.05
100
AcDbLine
 10
115.287939
 20
112.012815
 30
0.0
 11
120.599536
 21
112.012815
 31
0.0
  0
LINE
  5
765
330
1F
100
AcDbEntity
  8
00 Muro ext.
 48
0.05
100
AcDbLine
 10
110.899536
 20
117.782815
 30
0.0
 11
110.899536
 21
112.012815
 31
0.0
  0
HATCH
  5
766
330
1F
100
AcDbEntity
  8
00 Muro ext.
 62
     7
 48
0.05
100
AcDbHatch
 10
0.0
 20
0.0
 30
0.0
210
0.0
220
0.0
230
1.0
  2
SOLID
 70
     1
 71
     0
 91
        1
 92
        7
 72
     0
 73
     1
 93
        4
 10
111.0995361078297
 20
106.7589943313649
 10
110.8995361076435
 20
106.7589943313649
 10
110.8995361076435
 20
84.12281534216868
 10
111.0995361078297
 20
84.12281534216868
 97
        0
 75
     1
 76
     1
 47
0.027797
 98
        1
 10
111.0299245798727
 20
98.57492683875876
1001
GradientColor1ACI
1070
     5
1001
GradientColor2ACI
1070
     2
1001
ACAD
1010
0.0
1020
0.0
1030
0.0
  0
LINE
  5
767
330
1F
100
AcDbEntity
  8
00 Muro ext.
 48
0.05
100
AcDbLine
 10
110.899536
 20
106.758994
 30
0.0
 11
110.899536
 21
84.122815
 31
0.0
  0
HATCH
  5
768
330
1F
100
AcDbEntity
  8
00 Muro ext.
 62
     7
 48
0.05
100
AcDbHatch
 10
0.0
 20
0.0
 30
0.0
210
0.0
220
0.0
230
1.0
  2
SOLID
 70
     1
 71
     0
 91
        1
 92
        7
 72
     0
 73
     1
 93
        6
 10
111.0995361078297
 20
76.82281534212211
 10
110.8995361076435
 20
76.82281534212211
 10
110.8995361076435
 20
71.41281534220593
 10
97.14953610764348
 20
71.41281534220593
 10
97.14953610764348
 20
71.2128153422525
 10
111.0995361078297
 20
71.2128153422525
 97
        0
 75
     1
 76
     1
 47
0.014384
 98
        1
 10
103.9740135939559
 20
71.35146617052646
1001
GradientColor1ACI
1070
     5
1001
GradientColor2ACI
1070
     2
1001
ACAD
1010
0.0
1020
0.0
1030
0.0
  0
LINE
  5
769
330
1F
100
AcDbEntity
  8
00 Muro ext.
 48
0.05
100
AcDbLine
 10
110.899536
 20
76.822815
 30
0.0
 11
110.899536
 21
71.412815
 31
0.0
  0
LINE
  5
76A
330
1F
100
AcDbEntity
  8
00 Muro ext.
 48
0.05
100
AcDbLine
 10
110.899536
 20
71.412815
 30
0.0
 11
97.149536
 21
71.412815
 31
0.0
  0
HATCH
  5
76B
330
1F
100
AcDbEntity
  8
00 Muro ext.
 62
     7
 48
0.05
100
AcDbHatch
 10
0.0
 20
0.0
 30
0.0
210
0.0
220
0.0
230
1.0
  2
SOLID
 70
     1
 71
     0
 91
        1
 92
        7
 72
     0
 73
     1
 93
        4
 10
91.14953610764348
 20
88.67481534231024
 10
90.94953610745722
 20
88.67481534231024
 10
90.94953610745722
 20
71.2128153422525
 10
91.14953610764348
 20
71.2128153422525
 97
        0
 75
     1
 76
     1
 47
0.015666
 98
        1
 10
91.01947343253994
 20
88.02878470440896
1001
GradientColor1ACI
1070
     5
1001
GradientColor2ACI
1070
     2
1001
ACAD
1010
0.0
1020
0.0
1030
0.0
  0
LINE
  5
76C
102
{ACAD_REACTORS
330
877
102
}
330
1F
100
AcDbEntity
  8
00 Muro ext.
 48
0.05
100
AcDbLine
 10
91.149536
 20
71.212815
 30
0.0
 11
91.149536
 21
88.674815
 31
0.0
  0
LINE
  5
76D
330
1F
100
AcDbEntity
  8
00 Muro ext.
 48
0.05
100
AcDbLine
 10
91.149536
 20
99.974815
 30
0.0
 11
91.149536
 21
117.782815
 31
0.0
  0
LINE
  5
76E
330
1F
100
AcDbEntity
  8
00 Muro ext.
 48
0.05
100
AcDbLine
 10
91.149536
 20
112.112815
 30
0.0
 11
91.163613
 21
112.112815
 31
0.0
  0
LINE
  5
76F
330
1F
100
AcDbEntity
  8
00 Muro ext.
 48
0.05
100
AcDbLine
 10
92.043613
 20
112.112815
 30
0.0
 11
94.299536
 21
112.112815
 31
0.0
  0
LINE
  5
770
330
1F
100
AcDbEntity
  8
00 Muro ext.
 48
0.05
100
AcDbLine
 10
94.539536
 20
112.112815
 30
0.0
 11
98.239536
 21
112.112815
 31
0.0
  0
LINE
  5
771
330
1F
100
AcDbEntity
  8
00 Muro ext.
 48
0.05
100
AcDbLine
 10
98.439536
 20
112.112815
 30
0.0
 11
107.394536
 21
112.112815
 31
0.0
  0
LINE
  5
772
330
1F
100
AcDbEntity
  8
00 Muro ext.
 48
0.05
100
AcDbLine
 10
91.149536
 20
117.782815
 30
0.0
 11
94.299536
 21
117.782815
 31
0.0
  0
LINE
  5
773
330
1F
100
AcDbEntity
  8
00 Muro ext.
 48
0.05
100
AcDbLine
 10
94.539536
 20
117.782815
 30
0.0
 11
98.239536
 21
117.782815
 31
0.0
  0
LINE
  5
774
102
{ACAD_REACTORS
330
950
330
95F
102
}
330
1F
100
AcDbEntity
  8
00 Muro ext.
 48
0.05
100
AcDbLine
 10
98.439536
 20
117.782815
 30
0.0
 11
110.899536
 21
117.782815
 31
0.0
  0
LINE
  5
775
330
1F
100
AcDbEntity
  8
00 Muro ext.
 48
0.05
100
AcDbLine
 10
90.949536
 20
117.982815
 30
0.0
 11
120.599536
 21
117.982815
 31
0.0
  0
LINE
  5
776
330
1F
100
AcDbEntity
  8
00 Muro ext.
 48
0.05
100
AcDbLine
 10
90.949536
 20
71.212815
 30
0.0
 11
90.949536
 21
88.674815
 31
0.0
  0
LINE
  5
777
330
1F
100
AcDbEntity
  8
00 Muro ext.
 48
0.05
100
AcDbLine
 10
90.949536
 20
99.974815
 30
0.0
 11
90.949536
 21
117.982815
 31
0.0
  0
LINE
  5
778
330
1F
100
AcDbEntity
  8
00 Muro ext.
 48
0.05
100
AcDbLine
 10
111.099536
 20
117.782815
 30
0.0
 11
111.099536
 21
112.212815
 31
0.0
  0
LINE
  5
779
330
1F
100
AcDbEntity
  8
00 Muro ext.
 48
0.05
100
AcDbLine
 10
111.099536
 20
106.758994
 30
0.0
 11
111.099536
 21
84.122815
 31
0.0
  0
LINE
  5
77A
330
1F
100
AcDbEntity
  8
00 Muro ext.
 48
0.05
100
AcDbLine
 10
111.099536
 20
76.822815
 30
0.0
 11
111.099536
 21
71.212815
 31
0.0
  0
LINE
  5
77B
330
1F
100
AcDbEntity
  8
00 Muro ext.
 48
0.05
100
AcDbLine
 10
111.099536
 20
71.212815
 30
0.0
 11
97.149536
 21
71.212815
 31
0.0
  0
LINE
  5
77C
330
1F
100
AcDbEntity
  8
00 Muro ext.
 48
0.05
100
AcDbLine
 10
94.299536
 20
112.112815
 30
0.0
 11
94.299536
 21
113.862815
 31
0.0
  0
LINE
  5
77D
330
1F
100
AcDbEntity
  8
00 Muro ext.
 48
0.05
100
AcDbLine
 10
94.299536
 20
114.742815
 30
0.0
 11
94.299536
 21
117.782815
 31
0.0
  0
LINE
  5
77E
330
1F
100
AcDbEntity
  8
00 Muro ext.
 48
0.05
100
AcDbLine
 10
94.539536
 20
112.112815
 30
0.0
 11
94.539536
 21
113.862815
 31
0.0
  0
LINE
  5
77F
330
1F
100
AcDbEntity
  8
00 Muro ext.
 48
0.05
100
AcDbLine
 10
94.539536
 20
114.742815
 30
0.0
 11
94.539536
 21
117.782815
 31
0.0
  0
LINE
  5
780
330
1F
100
AcDbEntity
  8
00 Muro ext.
 48
0.05
100
AcDbLine
 10
98.239536
 20
112.112815
 30
0.0
 11
98.239536
 21
117.782815
 31
0.0
  0
LINE
  5
781
330
1F
100
AcDbEntity
  8
00 Muro ext.
 48
0.05
100
AcDbLine
 10
98.439536
 20
112.112815
 30
0.0
 11
98.439536
 21
117.782815
 31
0.0
  0
INSERT
  5
782
102
{ACAD_XDICTIONARY
360
783
102
}
330
1F
100
AcDbEntity
  8
00 Muro ext.
 48
0.05
100
AcDbBlockReference
  2
*U12
 10
91.163613
 20
112.050117
 30
0.0
 41
-1.0
  0
LINE
  5
796
330
1F
100
AcDbEntity
  8
00 Muro ext.
 48
0.05
100
AcDbLine
 10
94.539536
 20
114.742815
 30
0.0
 11
94.299536
 21
114.742815
 31
0.0
  0
LINE
  5
797
330
1F
100
AcDbEntity
  8
00 Muro ext.
 48
0.05
100
AcDbLine
 10
94.539536
 20
113.862815
 30
0.0
 11
94.299536
 21
113.862815
 31
0.0
  0
INSERT
  5
799
330
1F
100
AcDbEntity
  8
00 Muro ext.
100
AcDbBlockReference
  2
COLUMNAS
 10
0.128398
 20
-5.902277
 30
0.0
  0
INSERT
  5
7A2
330
1F
100
AcDbEntity
  8
00 Muro ext.
100
AcDbBlockReference
  2
COLUMNAS
 10
-11.611602
 20
-8.602277
 30
0.0
  0
INSERT
  5
7A8
330
1F
100
AcDbEntity
  8
00 Muro ext.
100
AcDbBlockReference
  2
COLUMNAS
 10
-8.676602
 20
-8.602277
 30
0.0
  0
INSERT
  5
7A9
330
1F
100
AcDbEntity
  8
00 Muro ext.
100
AcDbBlockReference
  2
COLUMNAS
 10
-8.676602
 20
-5.902277
 30
0.0
  0
LINE
  5
7AA
330
1F
100
AcDbEntity
  8
00 Muro ext.
 48
0.05
100
AcDbLine
 10
107.394536
 20
112.112815
 30
0.0
 11
107.394536
 21
112.012815
 31
0.0
  0
LINE
  5
7AB
330
1F
100
AcDbEntity
  8
00 Muro ext.
 48
0.05
100
AcDbLine
 10
103.880924
 20
111.952218
 30
0.0
 11
107.485924
 21
111.952218
 31
0.0
  0
LINE
  5
7AC
330
1F
100
AcDbEntity
  8
00 Muro ext.
 48
0.05
100
AcDbLine
 10
103.880924
 20
111.852218
 30
0.0
 11
107.485924
 21
111.852218
 31
0.0
  0
LINE
  5
7AD
330
1F
100
AcDbEntity
  8
00 Muro ext.
 48
0.05
100
AcDbLine
 10
107.485924
 20
111.852218
 30
0.0
 11
107.485924
 21
111.952218
 31
0.0
  0
LINE
  5
7AE
330
1F
100
AcDbEntity
  8
00 Muro ext.
 48
0.05
100
AcDbLine
 10
103.877333
 20
111.852218
 30
0.0
 11
103.877333
 21
111.952218
 31
0.0
  0
LWPOLYLINE
  5
7B0
330
1F
100
AcDbEntity
  8
00 Muro ext.
 48
0.05
100
AcDbPolyline
 90
        4
 70
     1
 43
0.0
 10
104.049536
 20
94.582815
 10
104.359536
 20
94.582815
 10
104.359536
 20
94.072815
 10
104.049536
 20
94.072815
  0
HATCH
  5
7B1
330
1F
100
AcDbEntity
  8
00 Muro ext.
 62
     7
 48
0.05
100
AcDbHatch
 10
0.0
 20
0.0
 30
0.0
210
0.0
220
0.0
230
1.0
  2
SOLID
 70
     1
 71
     0
 91
        1
 92
        7
 72
     0
 73
     1
 93
        4
 10
104.3595361076062
 20
94.07281534212211
 10
104.15953610742
 20
94.07281534212211
 10
104.15953610742
 20
91.11281534215937
 10
104.3595361076062
 20
91.11281534215937
 97
        0
 75
     1
 76
     1
 47
0.012322
 98
        1
 10
104.2303840545704
 20
93.7947174604194
1001
GradientColor1ACI
1070
     5
1001
GradientColor2ACI
1070
     2
1001
ACAD
1010
0.0
1020
0.0
1030
0.0
  0
LINE
  5
7B2
330
1F
100
AcDbEntity
  8
00 Muro ext.
 48
0.05
100
AcDbLine
 10
104.159536
 20
94.072815
 30
0.0
 11
104.159536
 21
91.112815
 31
0.0
  0
LINE
  5
7B3
330
1F
100
AcDbEntity
  8
00 Muro ext.
 48
0.05
100
AcDbLine
 10
104.159536
 20
91.112815
 30
0.0
 11
104.359536
 21
91.112815
 31
0.0
  0
LINE
  5
7B4
330
1F
100
AcDbEntity
  8
00 Muro ext.
 48
0.05
100
AcDbLine
 10
104.359536
 20
91.112815
 30
0.0
 11
104.359536
 21
94.072815
 31
0.0
  0
HATCH
  5
7B5
330
1F
100
AcDbEntity
  8
00 Muro ext.
 62
     7
 48
0.05
100
AcDbHatch
 10
0.0
 20
0.0
 30
0.0
210
0.0
220
0.0
230
1.0
  2
SOLID
 70
     1
 71
     0
 91
        1
 92
        7
 72
     0
 73
     1
 93
        4
 10
104.3604538598796
 20
89.07281534212211
 10
104.15953610742
 20
89.07281534212211
 10
104.15953610742
 20
73.45281534224318
 10
104.3604538598796
 20
73.45281534224318
 97
        0
 75
     1
 76
     1
 47
0.017483
 98
        1
 10
104.2106535946717
 20
88.52347808635363
1001
GradientColor1ACI
1070
     5
1001
GradientColor2ACI
1070
     2
1001
ACAD
1010
0.0
1020
0.0
1030
0.0
  0
LINE
  5
7B6
330
1F
100
AcDbEntity
  8
00 Muro ext.
 48
0.05
100
AcDbLine
 10
104.159536
 20
89.072815
 30
0.0
 11
104.359536
 21
89.072815
 31
0.0
  0
LINE
  5
7B7
330
1F
100
AcDbEntity
  8
00 Muro ext.
 48
0.05
100
AcDbLine
 10
104.160454
 20
73.452815
 30
0.0
 11
104.360454
 21
73.452815
 31
0.0
  0
LINE
  5
7B8
330
1F
100
AcDbEntity
  8
00 Muro ext.
 48
0.05
100
AcDbLine
 10
104.360454
 20
73.452815
 30
0.0
 11
104.360454
 21
89.072815
 31
0.0
  0
LINE
  5
7B9
102
{ACAD_REACTORS
330
877
102
}
330
1F
100
AcDbEntity
  8
00 Muro ext.
 48
0.05
100
AcDbLine
 10
104.159536
 20
73.452815
 30
0.0
 11
104.159536
 21
89.072815
 31
0.0
  0
LINE
  5
7BA
330
1F
100
AcDbEntity
  8
00 Muro ext.
 48
0.05
100
AcDbLine
 10
96.785464
 20
71.490664
 30
0.0
 11
102.785464
 21
71.490664
 31
0.0
  0
LINE
  5
7BB
330
1F
100
AcDbEntity
  8
00 Muro ext.
 48
0.05
100
AcDbLine
 10
97.149536
 20
71.412815
 30
0.0
 11
97.149536
 21
71.212815
 31
0.0
  0
LINE
  5
7BC
330
1F
100
AcDbEntity
  8
00 Muro ext.
 48
0.05
100
AcDbLine
 10
96.785464
 20
71.590664
 30
0.0
 11
102.785464
 21
71.590664
 31
0.0
  0
LINE
  5
7BD
330
1F
100
AcDbEntity
  8
00 Muro ext.
 48
0.05
100
AcDbLine
 10
96.785464
 20
71.490664
 30
0.0
 11
96.785464
 21
71.590664
 31
0.0
  0
LINE
  5
7BE
330
1F
100
AcDbEntity
  8
00 Muro ext.
 48
0.05
100
AcDbLine
 10
102.785464
 20
71.490664
 30
0.0
 11
102.785464
 21
71.590664
 31
0.0
  0
LINE
  5
7BF
330
1F
100
AcDbEntity
  8
00 Muro ext.
 48
0.05
100
AcDbLine
 10
91.149536
 20
71.212815
 30
0.0
 11
90.949536
 21
71.212815
 31
0.0
  0
LINE
  5
7C0
330
1F
100
AcDbEntity
  8
00 Muro ext.
 48
0.05
100
AcDbLine
 10
110.899536
 20
112.012815
 30
0.0
 11
111.099536
 21
112.012815
 31
0.0
  0
LINE
  5
7C1
330
1F
100
AcDbEntity
  8
00 Muro ext.
 48
0.05
100
AcDbLine
 10
110.899536
 20
106.758994
 30
0.0
 11
111.099536
 21
106.758994
 31
0.0
  0
LINE
  5
7C2
330
1F
100
AcDbEntity
  8
00 Muro ext.
 48
0.05
100
AcDbLine
 10
111.099536
 20
106.758994
 30
0.0
 11
110.899536
 21
106.758994
 31
0.0
  0
LINE
  5
7C3
330
1F
100
AcDbEntity
  8
00 Muro ext.
 48
0.05
100
AcDbLine
 10
110.808069
 20
111.332815
 30
0.0
 11
110.808069
 21
116.882815
 31
0.0
  0
LINE
  5
7C4
330
1F
100
AcDbEntity
  8
00 Muro ext.
 48
0.05
100
AcDbLine
 10
110.808069
 20
116.882815
 30
0.0
 11
110.708069
 21
116.882815
 31
0.0
  0
LINE
  5
7C5
330
1F
100
AcDbEntity
  8
00 Muro ext.
 48
0.05
100
AcDbLine
 10
110.708069
 20
116.882815
 30
0.0
 11
110.708069
 21
111.332815
 31
0.0
  0
LINE
  5
7C6
330
1F
100
AcDbEntity
  8
00 Muro ext.
 48
0.05
100
AcDbLine
 10
111.099536
 20
76.822815
 30
0.0
 11
110.899536
 21
76.822815
 31
0.0
  0
LINE
  5
7C7
330
1F
100
AcDbEntity
  8
00 Muro ext.
 48
0.05
100
AcDbLine
 10
110.765316
 20
80.707539
 30
0.0
 11
110.665316
 21
80.707539
 31
0.0
  0
LINE
  5
7C8
330
1F
100
AcDbEntity
  8
00 Muro ext.
 48
0.05
100
AcDbLine
 10
111.099536
 20
84.122815
 30
0.0
 11
110.899536
 21
84.122815
 31
0.0
  0
LINE
  5
7C9
330
1F
100
AcDbEntity
  8
00 Muro ext.
 48
0.05
100
AcDbLine
 10
91.310869
 20
88.574815
 30
0.0
 11
91.310869
 21
94.172815
 31
0.0
  0
LINE
  5
7CA
330
1F
100
AcDbEntity
  8
00 Muro ext.
 48
0.05
100
AcDbLine
 10
91.210869
 20
94.172815
 30
0.0
 11
91.210869
 21
88.574815
 31
0.0
  0
LINE
  5
7CB
330
1F
100
AcDbEntity
  8
00 Muro ext.
 48
0.05
100
AcDbLine
 10
91.049536
 20
88.674815
 30
0.0
 11
91.149536
 21
88.674815
 31
0.0
  0
LINE
  5
7CC
330
1F
100
AcDbEntity
  8
00 Muro ext.
 48
0.05
100
AcDbLine
 10
91.310869
 20
94.484721
 30
0.0
 11
91.310869
 21
100.074815
 31
0.0
  0
LINE
  5
7CD
330
1F
100
AcDbEntity
  8
00 Muro ext.
 48
0.05
100
AcDbLine
 10
91.149536
 20
99.974815
 30
0.0
 11
91.049536
 21
99.974815
 31
0.0
  0
LINE
  5
7CE
330
1F
100
AcDbEntity
  8
00 Muro ext.
 48
0.05
100
AcDbLine
 10
91.210869
 20
100.074815
 30
0.0
 11
91.210869
 21
94.484721
 31
0.0
  0
LINE
  5
7CF
330
1F
100
AcDbEntity
  8
00 Muro ext.
 48
0.05
100
AcDbLine
 10
91.210869
 20
94.484721
 30
0.0
 11
91.310869
 21
94.484721
 31
0.0
  0
LINE
  5
7D0
330
1F
100
AcDbEntity
  8
00 Muro ext.
 48
0.05
100
AcDbLine
 10
91.149536
 20
99.974815
 30
0.0
 11
90.949536
 21
99.974815
 31
0.0
  0
LINE
  5
7D1
330
1F
100
AcDbEntity
  8
00 Muro ext.
 48
0.05
100
AcDbLine
 10
91.149536
 20
88.674815
 30
0.0
 11
90.949536
 21
88.674815
 31
0.0
  0
LINE
  5
7D2
330
1F
100
AcDbEntity
  8
00 Muro ext.
 48
0.05
100
AcDbLine
 10
91.210869
 20
100.074815
 30
0.0
 11
91.310869
 21
100.074815
 31
0.0
  0
LINE
  5
7D3
330
1F
100
AcDbEntity
  8
00 Muro ext.
 48
0.05
100
AcDbLine
 10
91.210869
 20
88.574815
 30
0.0
 11
91.310869
 21
88.574815
 31
0.0
  0
LWPOLYLINE
  5
7D4
330
1F
100
AcDbEntity
  8
00 Muro ext.
 48
0.05
100
AcDbPolyline
 90
        4
 70
     1
 43
0.0
 10
90.833691
 20
94.582815
 10
91.143691
 20
94.582815
 10
91.143691
 20
94.072815
 10
90.833691
 20
94.072815
  0
LINE
  5
7D5
330
1F
100
AcDbEntity
  8
00 Muro ext.
 48
0.05
100
AcDbLine
 10
91.210869
 20
94.172288
 30
0.0
 11
91.310869
 21
94.172288
 31
0.0
  0
LINE
  5
7D6
330
1F
100
AcDbEntity
  8
00 Muro ext.
 48
0.05
100
AcDbLine
 10
111.099536
 20
117.782815
 30
0.0
 11
113.399536
 21
117.782815
 31
0.0
  0
LINE
  5
7D7
330
1F
100
AcDbEntity
  8
00 Muro ext.
 48
0.05
100
AcDbLine
 10
113.549536
 20
117.782815
 30
0.0
 11
120.399536
 21
117.782815
 31
0.0
  0
LINE
  5
7D8
330
1F
100
AcDbEntity
  8
00 Muro ext.
 48
0.05
100
AcDbLine
 10
113.399536
 20
117.782815
 30
0.0
 11
113.399536
 21
112.212815
 31
0.0
  0
LINE
  5
7D9
330
1F
100
AcDbEntity
  8
00 Muro ext.
 48
0.05
100
AcDbLine
 10
113.549536
 20
117.782815
 30
0.0
 11
113.549536
 21
112.212815
 31
0.0
  0
LINE
  5
7DA
330
1F
100
AcDbEntity
  8
00 Muro ext.
 48
0.05
100
AcDbLine
 10
120.399536
 20
117.782815
 30
0.0
 11
120.399536
 21
112.212815
 31
0.0
  0
LINE
  5
7DB
330
1F
100
AcDbEntity
  8
00 Muro ext.
 48
0.05
100
AcDbLine
 10
120.599536
 20
117.982815
 30
0.0
 11
120.599536
 21
112.012815
 31
0.0
  0
LINE
  5
7DC
330
1F
100
AcDbEntity
  8
00 Muro ext.
 48
0.05
100
AcDbLine
 10
111.099536
 20
112.212815
 30
0.0
 11
112.47981
 21
112.212815
 31
0.0
  0
LINE
  5
7DD
330
1F
100
AcDbEntity
  8
00 Muro ext.
 48
0.05
100
AcDbLine
 10
113.35981
 20
112.212815
 30
0.0
 11
113.399536
 21
112.212815
 31
0.0
  0
LINE
  5
7DE
330
1F
100
AcDbEntity
  8
00 Muro ext.
 48
0.05
100
AcDbLine
 10
113.549536
 20
112.212815
 30
0.0
 11
113.588497
 21
112.212815
 31
0.0
  0
LINE
  5
7DF
330
1F
100
AcDbEntity
  8
00 Muro ext.
 48
0.05
100
AcDbLine
 10
115.28784
 20
112.212815
 30
0.0
 11
120.399536
 21
112.212815
 31
0.0
  0
INSERT
  5
7E0
102
{ACAD_XDICTIONARY
360
7E1
102
}
330
1F
100
AcDbEntity
  8
00 Muro ext.
 48
0.05
100
AcDbBlockReference
  2
*U12
 10
113.35981
 20
112.127815
 30
0.0
  0
LINE
  5
7F4
330
1F
100
AcDbEntity
  8
00 Muro ext.
 48
0.05
100
AcDbLine
 10
113.35981
 20
112.212815
 30
0.0
 11
113.35981
 21
112.012815
 31
0.0
  0
LINE
  5
7F5
330
1F
100
AcDbEntity
  8
00 Muro ext.
 48
0.05
100
AcDbLine
 10
112.47981
 20
112.212815
 30
0.0
 11
112.47981
 21
112.012815
 31
0.0
  0
LINE
  5
7F6
330
1F
100
AcDbEntity
  8
00 Muro ext.
 48
0.05
100
AcDbLine
 10
113.588497
 20
112.212815
 30
0.0
 11
113.588497
 21
112.012815
 31
0.0
  0
LINE
  5
7F7
330
1F
100
AcDbEntity
  8
00 Muro ext.
 48
0.05
100
AcDbLine
 10
115.287939
 20
112.212815
 30
0.0
 11
115.287939
 21
112.012815
 31
0.0
  0
LWPOLYLINE
  5
7F8
330
1F
100
AcDbEntity
  8
00 Muro ext.
 62
     0
100
AcDbPolyline
 90
        5
 70
     0
 43
0.0
 10
115.267851
 20
113.012804
 10
115.277851
 20
113.012804
 10
115.277851
 20
112.972804
 10
115.267851
 20
112.972804
 10
115.267851
 20
113.012804
  0
LWPOLYLINE
  5
7F9
330
1F
100
AcDbEntity
  8
00 Muro ext.
 62
     0
100
AcDbPolyline
 90
        5
 70
     0
 43
0.0
 10
115.287851
 20
112.997437
 10
115.287851
 20
112.877437
 10
115.297851
 20
112.877437
 10
115.297851
 20
112.997437
 10
115.287851
 20
112.997437
  0
LINE
  5
7FA
330
1F
100
AcDbEntity
  8
00 Muro ext.
 62
     0
100
AcDbLine
 10
115.277851
 20
112.997437
 30
0.0
 11
115.287851
 21
112.997437
 31
0.0
  0
LINE
  5
7FB
330
1F
100
AcDbEntity
  8
00 Muro ext.
 62
     0
100
AcDbLine
 10
115.277851
 20
112.988171
 30
0.0
 11
115.287851
 21
112.988171
 31
0.0
  0
LWPOLYLINE
  5
7FC
330
1F
100
AcDbEntity
  8
00 Muro ext.
 62
     0
100
AcDbPolyline
 90
        5
 70
     0
 43
0.0
 10
115.227851
 20
113.012804
 10
115.217851
 20
113.012804
 10
115.217851
 20
112.972804
 10
115.227851
 20
112.972804
 10
115.227851
 20
113.012804
  0
LWPOLYLINE
  5
7FD
330
1F
100
AcDbEntity
  8
00 Muro ext.
 62
     0
100
AcDbPolyline
 90
        5
 70
     0
 43
0.0
 10
115.207851
 20
112.997437
 10
115.207851
 20
112.877437
 10
115.197851
 20
112.877437
 10
115.197851
 20
112.997437
 10
115.207851
 20
112.997437
  0
LINE
  5
7FE
330
1F
100
AcDbEntity
  8
00 Muro ext.
 62
     0
100
AcDbLine
 10
115.217851
 20
112.997437
 30
0.0
 11
115.207851
 21
112.997437
 31
0.0
  0
LINE
  5
7FF
330
1F
100
AcDbEntity
  8
00 Muro ext.
 62
     0
100
AcDbLine
 10
115.217851
 20
112.988171
 30
0.0
 11
115.207851
 21
112.988171
 31
0.0
  0
LWPOLYLINE
  5
800
330
1F
100
AcDbEntity
  8
00 Muro ext.
 48
0.05
100
AcDbPolyline
 90
        5
 70
     0
 43
0.0
 10
115.227851
 20
113.042804
 10
115.227851
 20
112.222804
 10
115.267851
 20
112.222804
 10
115.267851
 20
113.042804
 10
115.227851
 20
113.042804
  0
CIRCLE
  5
801
330
1F
100
AcDbEntity
  8
00 Muro ext.
 48
0.05
100
AcDbCircle
 10
115.26284
 20
112.217804
 30
0.0
 40
0.005
  0
ARC
  5
802
330
1F
100
AcDbEntity
  8
00 Muro ext.
 62
     0
100
AcDbCircle
 10
115.247851
 20
112.232793
 30
0.0
 40
0.8102576491602024
100
AcDbArc
 50
91.414404
 51
181.412841
  0
LWPOLYLINE
  5
803
330
1F
100
AcDbEntity
  8
00 Muro ext.
 48
0.05
100
AcDbPolyline
 90
        8
 70
     1
 43
0.0
 10
115.28784
 20
112.212815
 10
115.25784
 20
112.212815
 10
115.25784
 20
112.172815
 10
115.24584
 20
112.172815
 10
115.24584
 20
112.152815
 10
115.25784
 20
112.152815
 10
115.25784
 20
112.072815
 10
115.28784
 20
112.072815
  0
LWPOLYLINE
  5
804
330
1F
100
AcDbEntity
  8
00 Muro ext.
 62
     0
100
AcDbPolyline
 90
        5
 70
     0
 43
0.0
 10
113.607828
 20
113.012804
 10
113.597828
 20
113.012804
 10
113.597828
 20
112.972804
 10
113.607828
 20
112.972804
 10
113.607828
 20
113.012804
  0
LWPOLYLINE
  5
805
330
1F
100
AcDbEntity
  8
00 Muro ext.
 62
     0
100
AcDbPolyline
 90
        5
 70
     0
 43
0.0
 10
113.587828
 20
112.997437
 10
113.587828
 20
112.877437
 10
113.577828
 20
112.877437
 10
113.577828
 20
112.997437
 10
113.587828
 20
112.997437
  0
LINE
  5
806
330
1F
100
AcDbEntity
  8
00 Muro ext.
 62
     0
100
AcDbLine
 10
113.597828
 20
112.997437
 30
0.0
 11
113.587828
 21
112.997437
 31
0.0
  0
LINE
  5
807
330
1F
100
AcDbEntity
  8
00 Muro ext.
 62
     0
100
AcDbLine
 10
113.597828
 20
112.988171
 30
0.0
 11
113.587828
 21
112.988171
 31
0.0
  0
LWPOLYLINE
  5
808
330
1F
100
AcDbEntity
  8
00 Muro ext.
 62
     0
100
AcDbPolyline
 90
        5
 70
     0
 43
0.0
 10
113.647828
 20
113.012804
 10
113.657828
 20
113.012804
 10
113.657828
 20
112.972804
 10
113.647828
 20
112.972804
 10
113.647828
 20
113.012804
  0
LWPOLYLINE
  5
809
330
1F
100
AcDbEntity
  8
00 Muro ext.
 48
0.05
100
AcDbPolyline
 90
        5
 70
     0
 43
0.0
 10
113.667828
 20
112.997437
 10
113.667828
 20
112.877437
 10
113.677828
 20
112.877437
 10
113.677828
 20
112.997437
 10
113.667828
 20
112.997437
  0
LINE
  5
80A
330
1F
100
AcDbEntity
  8
00 Muro ext.
 62
     0
100
AcDbLine
 10
113.657828
 20
112.997437
 30
0.0
 11
113.667828
 21
112.997437
 31
0.0
  0
LINE
  5
80B
330
1F
100
AcDbEntity
  8
00 Muro ext.
 62
     0
100
AcDbLine
 10
113.657828
 20
112.988171
 30
0.0
 11
113.667828
 21
112.988171
 31
0.0
  0
LWPOLYLINE
  5
80C
330
1F
100
AcDbEntity
  8
00 Muro ext.
 48
0.05
100
AcDbPolyline
 90
        5
 70
     0
 43
0.0
 10
113.647828
 20
113.042804
 10
113.647828
 20
112.222804
 10
113.607828
 20
112.222804
 10
113.607828
 20
113.042804
 10
113.647828
 20
113.042804
  0
CIRCLE
  5
80D
330
1F
100
AcDbEntity
  8
00 Muro ext.
 48
0.05
100
AcDbCircle
 10
113.61284
 20
112.217804
 30
0.0
 40
0.005
  0
ARC
  5
80E
330
1F
100
AcDbEntity
  8
00 Muro ext.
 62
     0
100
AcDbCircle
 10
113.627828
 20
112.232793
 30
0.0
 40
0.8102576491602024
100
AcDbArc
 50
358.587159
 51
88.585596
  0
LWPOLYLINE
  5
80F
330
1F
100
AcDbEntity
  8
00 Muro ext.
 48
0.05
100
AcDbPolyline
 90
        8
 70
     1
 43
0.0
 10
113.58784
 20
112.212815
 10
113.61784
 20
112.212815
 10
113.61784
 20
112.172815
 10
113.62984
 20
112.172815
 10
113.62984
 20
112.152815
 10
113.61784
 20
112.152815
 10
113.61784
 20
112.072815
 10
113.58784
 20
112.072815
  0
LINE
  5
810
330
1F
100
AcDbEntity
  8
00 Muro ext.
 48
0.05
100
AcDbLine
 10
115.487939
 20
112.212815
 30
0.0
 11
115.487939
 21
112.012815
 31
0.0
  0
LINE
  5
811
330
1F
100
AcDbEntity
  8
00 Muro ext.
 48
0.05
100
AcDbLine
 10
116.487939
 20
112.212815
 30
0.0
 11
116.487939
 21
112.012815
 31
0.0
  0
LINE
  5
812
330
1F
100
AcDbEntity
  8
00 Muro ext.
 48
0.05
100
AcDbLine
 10
116.887939
 20
112.212815
 30
0.0
 11
116.887939
 21
112.012815
 31
0.0
  0
LINE
  5
813
330
1F
100
AcDbEntity
  8
00 Muro ext.
 48
0.05
100
AcDbLine
 10
117.887939
 20
112.212815
 30
0.0
 11
117.887939
 21
112.012815
 31
0.0
  0
LINE
  5
814
330
1F
100
AcDbEntity
  8
00 Muro ext.
 48
0.05
100
AcDbLine
 10
115.487939
 20
112.112815
 30
0.0
 11
116.487939
 21
112.112815
 31
0.0
  0
LINE
  5
815
330
1F
100
AcDbEntity
  8
00 Muro ext.
 48
0.05
100
AcDbLine
 10
116.887939
 20
112.112815
 30
0.0
 11
117.887939
 21
112.112815
 31
0.0
  0
LINE
  5
816
330
1F
100
AcDbEntity
  8
00 Muro ext.
 48
0.05
100
AcDbLine
 10
115.487939
 20
112.092815
 30
0.0
 11
116.487939
 21
112.092815
 31
0.0
  0
LINE
  5
817
330
1F
100
AcDbEntity
  8
00 Muro ext.
 48
0.05
100
AcDbLine
 10
116.887939
 20
112.092815
 30
0.0
 11
117.887939
 21
112.092815
 31
0.0
  0
LINE
  5
818
330
1F
100
AcDbEntity
  8
00 Muro ext.
 48
0.05
100
AcDbLine
 10
115.457939
 20
112.212815
 30
0.0
 11
115.457939
 21
112.012815
 31
0.0
  0
LINE
  5
819
330
1F
100
AcDbEntity
  8
00 Muro ext.
 48
0.05
100
AcDbLine
 10
116.517939
 20
112.212815
 30
0.0
 11
116.517939
 21
112.012815
 31
0.0
  0
LINE
  5
81A
330
1F
100
AcDbEntity
  8
00 Muro ext.
 48
0.05
100
AcDbLine
 10
116.857939
 20
112.212815
 30
0.0
 11
116.857939
 21
112.012815
 31
0.0
  0
LINE
  5
81B
330
1F
100
AcDbEntity
  8
00 Muro ext.
 48
0.05
100
AcDbLine
 10
117.917939
 20
112.212815
 30
0.0
 11
117.917939
 21
112.012815
 31
0.0
  0
LINE
  5
81C
330
1F
100
AcDbEntity
  8
00 Muro ext.
 48
0.05
100
AcDbLine
 10
115.487939
 20
112.212815
 30
0.0
 11
115.487939
 21
112.012815
 31
0.0
  0
LINE
  5
81D
330
1F
100
AcDbEntity
  8
00 Muro ext.
 48
0.05
100
AcDbLine
 10
116.487939
 20
112.212815
 30
0.0
 11
116.487939
 21
112.012815
 31
0.0
  0
LINE
  5
81E
330
1F
100
AcDbEntity
  8
00 Muro ext.
 48
0.05
100
AcDbLine
 10
116.887939
 20
112.212815
 30
0.0
 11
116.887939
 21
112.012815
 31
0.0
  0
LINE
  5
81F
330
1F
100
AcDbEntity
  8
00 Muro ext.
 48
0.05
100
AcDbLine
 10
117.887939
 20
112.212815
 30
0.0
 11
117.887939
 21
112.012815
 31
0.0
  0
LINE
  5
820
330
1F
100
AcDbEntity
  8
00 Muro ext.
 48
0.05
100
AcDbLine
 10
115.487939
 20
112.112815
 30
0.0
 11
116.487939
 21
112.112815
 31
0.0
  0
LINE
  5
821
330
1F
100
AcDbEntity
  8
00 Muro ext.
 48
0.05
100
AcDbLine
 10
116.887939
 20
112.112815
 30
0.0
 11
117.887939
 21
112.112815
 31
0.0
  0
LINE
  5
822
330
1F
100
AcDbEntity
  8
00 Muro ext.
 48
0.05
100
AcDbLine
 10
115.487939
 20
112.092815
 30
0.0
 11
116.487939
 21
112.092815
 31
0.0
  0
LINE
  5
823
330
1F
100
AcDbEntity
  8
00 Muro ext.
 48
0.05
100
AcDbLine
 10
116.887939
 20
112.092815
 30
0.0
 11
117.887939
 21
112.092815
 31
0.0
  0
LINE
  5
824
330
1F
100
AcDbEntity
  8
00 Muro ext.
 48
0.05
100
AcDbLine
 10
115.457939
 20
112.212815
 30
0.0
 11
115.457939
 21
112.012815
 31
0.0
  0
LINE
  5
825
330
1F
100
AcDbEntity
  8
00 Muro ext.
 48
0.05
100
AcDbLine
 10
116.517939
 20
112.212815
 30
0.0
 11
116.517939
 21
112.012815
 31
0.0
  0
LINE
  5
826
330
1F
100
AcDbEntity
  8
00 Muro ext.
 48
0.05
100
AcDbLine
 10
116.857939
 20
112.212815
 30
0.0
 11
116.857939
 21
112.012815
 31
0.0
  0
LINE
  5
827
330
1F
100
AcDbEntity
  8
00 Muro ext.
 48
0.05
100
AcDbLine
 10
117.917939
 20
112.212815
 30
0.0
 11
117.917939
 21
112.012815
 31
0.0
  0
LINE
  5
828
330
1F
100
AcDbEntity
  8
00 Muro ext.
 48
0.05
100
AcDbLine
 10
92.043613
 20
112.112815
 30
0.0
 11
92.043613
 21
112.012815
 31
0.0
  0
LINE
  5
829
330
1F
100
AcDbEntity
  8
00 Muro ext.
 48
0.05
100
AcDbLine
 10
92.043613
 20
112.012815
 30
0.0
 11
107.394536
 21
112.012815
 31
0.0
  0
LINE
  5
82A
330
1F
100
AcDbEntity
  8
00 Muro ext.
 48
0.05
100
AcDbLine
 10
98.439536
 20
112.132815
 30
0.0
 11
101.439536
 21
112.132815
 31
0.0
  0
LINE
  5
82B
330
1F
100
AcDbEntity
  8
00 Muro ext.
 48
0.05
100
AcDbLine
 10
98.439536
 20
112.212815
 30
0.0
 11
101.439536
 21
112.212815
 31
0.0
  0
LINE
  5
82C
330
1F
100
AcDbEntity
  8
00 Muro ext.
 48
0.05
100
AcDbLine
 10
98.439536
 20
112.932815
 30
0.0
 11
101.439536
 21
112.932815
 31
0.0
  0
LINE
  5
82D
330
1F
100
AcDbEntity
  8
00 Muro ext.
 48
0.05
100
AcDbLine
 10
98.439536
 20
113.032815
 30
0.0
 11
101.439536
 21
113.032815
 31
0.0
  0
LINE
  5
82E
330
1F
100
AcDbEntity
  8
00 Muro ext.
 48
0.05
100
AcDbLine
 10
98.639536
 20
112.212815
 30
0.0
 11
98.639536
 21
112.932815
 31
0.0
  0
LINE
  5
82F
330
1F
100
AcDbEntity
  8
00 Muro ext.
 48
0.05
100
AcDbLine
 10
98.839536
 20
112.212815
 30
0.0
 11
98.839536
 21
112.932815
 31
0.0
  0
LINE
  5
830
330
1F
100
AcDbEntity
  8
00 Muro ext.
 48
0.05
100
AcDbLine
 10
99.039536
 20
112.212815
 30
0.0
 11
99.039536
 21
112.932815
 31
0.0
  0
LINE
  5
831
330
1F
100
AcDbEntity
  8
00 Muro ext.
 48
0.05
100
AcDbLine
 10
99.239536
 20
112.212815
 30
0.0
 11
99.239536
 21
112.932815
 31
0.0
  0
LINE
  5
832
330
1F
100
AcDbEntity
  8
00 Muro ext.
 48
0.05
100
AcDbLine
 10
99.439536
 20
112.212815
 30
0.0
 11
99.439536
 21
112.932815
 31
0.0
  0
LINE
  5
833
330
1F
100
AcDbEntity
  8
00 Muro ext.
 48
0.05
100
AcDbLine
 10
99.639536
 20
112.212815
 30
0.0
 11
99.639536
 21
112.932815
 31
0.0
  0
LINE
  5
834
330
1F
100
AcDbEntity
  8
00 Muro ext.
 48
0.05
100
AcDbLine
 10
99.839536
 20
112.212815
 30
0.0
 11
99.839536
 21
112.932815
 31
0.0
  0
LINE
  5
835
330
1F
100
AcDbEntity
  8
00 Muro ext.
 48
0.05
100
AcDbLine
 10
100.039536
 20
112.212815
 30
0.0
 11
100.039536
 21
112.932815
 31
0.0
  0
LINE
  5
836
330
1F
100
AcDbEntity
  8
00 Muro ext.
 48
0.05
100
AcDbLine
 10
100.239536
 20
112.212815
 30
0.0
 11
100.239536
 21
112.932815
 31
0.0
  0
LINE
  5
837
330
1F
100
AcDbEntity
  8
00 Muro ext.
 48
0.05
100
AcDbLine
 10
100.439536
 20
112.212815
 30
0.0
 11
100.439536
 21
112.932815
 31
0.0
  0
LINE
  5
838
330
1F
100
AcDbEntity
  8
00 Muro ext.
 48
0.05
100
AcDbLine
 10
100.639536
 20
112.212815
 30
0.0
 11
100.639536
 21
112.932815
 31
0.0
  0
LINE
  5
839
330
1F
100
AcDbEntity
  8
00 Muro ext.
 48
0.05
100
AcDbLine
 10
100.839536
 20
112.212815
 30
0.0
 11
100.839536
 21
112.932815
 31
0.0
  0
LINE
  5
83A
330
1F
100
AcDbEntity
  8
00 Muro ext.
 48
0.05
100
AcDbLine
 10
101.039536
 20
112.212815
 30
0.0
 11
101.039536
 21
112.932815
 31
0.0
  0
LINE
  5
83B
330
1F
100
AcDbEntity
  8
00 Muro ext.
 48
0.05
100
AcDbLine
 10
101.239536
 20
112.212815
 30
0.0
 11
101.239536
 21
112.932815
 31
0.0
  0
LINE
  5
83C
330
1F
100
AcDbEntity
  8
00 Muro ext.
 48
0.05
100
AcDbLine
 10
101.439536
 20
112.132815
 30
0.0
 11
101.439536
 21
112.212815
 31
0.0
  0
LINE
  5
83D
330
1F
100
AcDbEntity
  8
00 Muro ext.
 48
0.05
100
AcDbLine
 10
101.439536
 20
112.932815
 30
0.0
 11
101.439536
 21
113.032815
 31
0.0
  0
INSERT
  5
83F
102
{ACAD_XDICTIONARY
360
840
102
}
330
1F
100
AcDbEntity
  8
00 Muro ext.
 48
0.05
100
AcDbBlockReference
  2
*U12
 10
94.454536
 20
114.742815
 30
0.0
 41
-1.0
 50
270.0
  0
LINE
  5
853
330
1F
100
AcDbEntity
  8
00 Muro ext.
 48
0.05
100
AcDbLine
 10
94.436759
 20
112.22721
 30
0.0
 11
94.436759
 21
113.72721
 31
0.0
  0
LINE
  5
854
330
1F
100
AcDbEntity
  8
00 Muro ext.
 48
0.05
100
AcDbLine
 10
94.416759
 20
112.22721
 30
0.0
 11
94.416759
 21
113.72721
 31
0.0
  0
LINE
  5
855
330
1F
100
AcDbEntity
  8
00 Muro ext.
 48
0.05
100
AcDbLine
 10
94.539537
 20
113.72721
 30
0.0
 11
94.299537
 21
113.72721
 31
0.0
  0
LINE
  5
856
330
1F
100
AcDbEntity
  8
00 Muro ext.
 48
0.05
100
AcDbLine
 10
94.299537
 20
112.22721
 30
0.0
 11
94.539537
 21
112.22721
 31
0.0
  0
LINE
  5
857
330
1F
100
AcDbEntity
  8
00 Muro ext.
 48
0.05
100
AcDbLine
 10
92.043613
 20
112.012815
 30
0.0
 11
94.299536
 21
112.012815
 31
0.0
  0
LINE
  5
858
330
1F
100
AcDbEntity
  8
00 Muro ext.
 48
0.05
100
AcDbLine
 10
92.143613
 20
112.073103
 30
0.0
 11
94.199536
 21
112.073103
 31
0.0
  0
LINE
  5
859
330
1F
100
AcDbEntity
  8
00 Muro ext.
 48
0.05
100
AcDbLine
 10
92.143613
 20
112.012815
 30
0.0
 11
92.143613
 21
112.112815
 31
0.0
  0
LINE
  5
85A
330
1F
100
AcDbEntity
  8
00 Muro ext.
 48
0.05
100
AcDbLine
 10
94.199536
 20
112.112815
 30
0.0
 11
94.199536
 21
112.012815
 31
0.0
  0
LINE
  5
85B
330
1F
100
AcDbEntity
  8
00 Muro ext.
 48
0.05
100
AcDbLine
 10
92.143613
 20
112.053103
 30
0.0
 11
94.199536
 21
112.053103
 31
0.0
  0
LINE
  5
85C
330
1F
100
AcDbEntity
  8
00 Muro ext.
 48
0.05
100
AcDbLine
 10
94.739536
 20
112.073103
 30
0.0
 11
98.039536
 21
112.073103
 31
0.0
  0
LINE
  5
85D
330
1F
100
AcDbEntity
  8
00 Muro ext.
 48
0.05
100
AcDbLine
 10
94.739536
 20
112.053103
 30
0.0
 11
98.039536
 21
112.053103
 31
0.0
  0
LINE
  5
85E
330
1F
100
AcDbEntity
  8
00 Muro ext.
 48
0.05
100
AcDbLine
 10
94.739536
 20
112.112815
 30
0.0
 11
94.739536
 21
112.012815
 31
0.0
  0
LINE
  5
85F
330
1F
100
AcDbEntity
  8
00 Muro ext.
 48
0.05
100
AcDbLine
 10
98.039536
 20
112.112815
 30
0.0
 11
98.039536
 21
112.012815
 31
0.0
  0
LINE
  5
860
330
1F
100
AcDbEntity
  8
00 Muro ext.
 48
0.05
100
AcDbLine
 10
104.049536
 20
106.756915
 30
0.0
 11
91.149536
 21
106.756915
 31
0.0
  0
LINE
  5
861
330
1F
100
AcDbEntity
  8
00 Muro ext.
 48
0.05
100
AcDbLine
 10
104.049536
 20
94.582815
 30
0.0
 11
104.049536
 21
106.756915
 31
0.0
  0
LINE
  5
862
330
1F
100
AcDbEntity
  8
00 Muro ext.
 48
0.05
100
AcDbLine
 10
104.049536
 20
94.582815
 30
0.0
 11
110.899536
 21
94.582815
 31
0.0
  0
LINE
  5
863
330
1F
100
AcDbEntity
  8
00 Muro ext.
 48
0.05
100
AcDbLine
 10
110.899536
 20
94.582815
 30
0.0
 11
110.899536
 21
112.012815
 31
0.0
  0
LINE
  5
864
330
1F
100
AcDbEntity
  8
00 Muro ext.
 48
0.05
100
AcDbLine
 10
110.899536
 20
112.012815
 30
0.0
 11
91.149536
 21
112.012815
 31
0.0
  0
LINE
  5
865
330
1F
100
AcDbEntity
  8
00 Muro ext.
 48
0.05
100
AcDbLine
 10
91.149536
 20
112.012815
 30
0.0
 11
91.149536
 21
106.756915
 31
0.0
  0
MTEXT
  5
866
330
1F
100
AcDbEntity
  8
00 Muro ext.
100
AcDbMText
 10
98.96802
 20
108.851893
 30
-0.000006
 40
0.24
 41
2.885831
 46
0.0
 71
     1
 72
     5
  1
\pi0.83923;Adoquin
  7
IRI-OCASA-Layout R 9$0$Standard
 73
     1
 44
1.0
1001
ACAD
1000
ACAD_MTEXT_COLUMN_INFO_BEGIN
1070
    75
1070
     2
1070
    79
1070
     0
1070
    76
1070
     1
1070
    78
1070
     0
1070
    48
1040
2.885831
1070
    49
1040
12.5
1070
    50
1070
     1
1040
0.0
1000
ACAD_MTEXT_COLUMN_INFO_END
  0
INSERT
  5
867
330
1F
100
AcDbEntity
  8
00 Muro ext.
100
AcDbBlockReference
  2
COLUMNAS
 10
0.371069
 20
-11.572277
 30
0.0
  0
LINE
  5
868
102
{ACAD_REACTORS
330
95F
102
}
330
1F
100
AcDbEntity
  8
00 Muro ext.
 48
0.05
100
AcDbLine
 10
110.899536
 20
117.782815
 30
0.0
 11
110.899536
 21
116.882815
 31
0.0
  0
LINE
  5
869
330
1F
100
AcDbEntity
  8
00 Muro ext.
 48
0.05
100
AcDbLine
 10
110.708069
 20
111.332815
 30
0.0
 11
110.808069
 21
111.332815
 31
0.0
  0
LINE
  5
86A
330
1F
100
AcDbEntity
  8
00 Muro ext.
 48
0.05
100
AcDbLine
 10
92.168613
 20
112.053103
 30
0.0
 11
92.168613
 21
112.073103
 31
0.0
  0
LINE
  5
86B
330
1F
100
AcDbEntity
  8
00 Muro ext.
 48
0.05
100
AcDbLine
 10
94.174536
 20
112.073103
 30
0.0
 11
94.174536
 21
112.053103
 31
0.0
  0
LINE
  5
86C
330
1F
100
AcDbEntity
  8
00 Muro ext.
 48
0.05
100
AcDbLine
 10
94.764536
 20
112.073103
 30
0.0
 11
94.764536
 21
112.053103
 31
0.0
  0
LINE
  5
86D
330
1F
100
AcDbEntity
  8
00 Muro ext.
 48
0.05
100
AcDbLine
 10
98.014536
 20
112.073103
 30
0.0
 11
98.014536
 21
112.053103
 31
0.0
  0
LINE
  5
86E
330
1F
100
AcDbEntity
  8
00 Muro ext.
 48
0.05
100
AcDbLine
 10
114.446934
 20
113.212815
 30
0.0
 11
114.446934
 21
113.312815
 31
0.0
  0
LINE
  5
86F
330
1F
100
AcDbEntity
  8
00 Muro ext.
 48
0.05
100
AcDbLine
 10
104.359536
 20
94.072815
 30
0.0
 11
104.159536
 21
94.072815
 31
0.0
  0
HATCH
  5
870
330
1F
100
AcDbEntity
  8
00 Muro ext.
 62
     7
 48
0.05
100
AcDbHatch
 10
0.0
 20
0.0
 30
0.0
210
0.0
220
0.0
230
1.0
  2
SOLID
 70
     1
 71
     0
 91
        1
 92
        7
 72
     0
 73
     1
 93
        4
 10
112.4138479577144
 20
113.7318216839483
 10
112.5124121382599
 20
113.7318216839483
 10
112.5125642036786
 20
114.4507950139375
 10
112.4138479577144
 20
114.4507950139375
 97
        0
 75
     1
 76
     1
 47
0.005746
 98
        4
 10
82.74343645663464
 20
65.53157424718643
 10
112.1737884757807
 20
114.9607733173905
 10
112.4628299111267
 20
114.0430011600399
 10
112.4628299111267
 20
114.0430011600399
1001
GradientColor1ACI
1070
     5
1001
GradientColor2ACI
1070
     2
1001
ACAD
1010
0.0
1020
0.0
1030
0.0
  0
HATCH
  5
871
330
1F
100
AcDbEntity
  8
00 Muro ext.
100
AcDbHatch
 10
0.0
 20
0.0
 30
0.0
210
0.0
220
0.0
230
1.0
  2
SOLID
 70
     1
 71
     0
 91
        1
 92
        7
 72
     0
 73
     1
 93
        6
 10
112.5128943137591
 20
116.0115762269268
 10
111.0995361078297
 20
116.0115762269268
 10
111.0995361078297
 20
115.889465759057
 10
112.4138479577144
 20
115.889465248925
 10
112.4138479577144
 20
115.3307950140586
 10
112.5127503257012
 20
115.3307950140586
 97
        0
 75
     1
 76
     1
 47
0.009218
 98
        1
 10
112.4184976042947
 20
115.7209841024739
1001
GradientColor1ACI
1070
     5
1001
GradientColor2ACI
1070
     2
1001
ACAD
1010
0.0
1020
0.0
1030
0.0
  0
LWPOLYLINE
  5
872
330
1F
100
AcDbEntity
  8
00 Muro ext.
 48
0.05
100
AcDbPolyline
 90
        6
 70
     1
 43
0.0
 10
111.099536
 20
115.889466
 10
111.099536
 20
116.011576
 10
112.512894
 20
116.011576
 10
112.512226
 20
112.851787
 10
112.413848
 20
112.851787
 10
112.413848
 20
115.889465
  0
LWPOLYLINE
  5
873
330
1F
100
AcDbEntity
  8
00 Muro ext.
 48
0.05
100
AcDbPolyline
 90
        2
 70
     0
 43
0.0
 10
104.159536
 20
91.112815
 10
104.159536
 20
89.072815
  0
LWPOLYLINE
  5
874
330
1F
100
AcDbEntity
  8
00 Muro ext.
 48
0.05
100
AcDbPolyline
 90
        2
 70
     0
 43
0.0
 10
104.359536
 20
91.112815
 10
104.359536
 20
89.072815
  0
INSERT
  5
884
330
1F
100
AcDbEntity
  8
00 Muro ext.
 48
0.05
100
AcDbBlockReference
  2
dwq
 10
-1293.040835
 20
-1225.140681
 30
0.0
  0
INSERT
  5
89B
330
1F
100
AcDbEntity
  8
00 Muro ext.
 48
0.05
100
AcDbBlockReference
  2
dwq
 10
-1293.040835
 20
-1228.540681
 30
0.0
  0
INSERT
  5
89C
330
1F
100
AcDbEntity
  8
00 Muro ext.
 48
0.05
100
AcDbBlockReference
  2
dwq
 10
-1293.040835
 20
-1231.940681
 30
0.0
  0
LWPOLYLINE
  5
8A3
330
1F
100
AcDbEntity
  8
05 Cotas.
100
AcDbPolyline
 90
        4
 70
     1
 43
0.0
 10
105.559536
 20
84.282813
 10
105.559536
 20
84.182813
 10
104.559536
 20
84.182815
 10
104.559536
 20
84.282815
  0
HATCH
  5
8A4
330
1F
100
AcDbEntity
  8
00 Muro ext.
 62
   253
 48
0.05
100
AcDbHatch
 10
0.0
 20
0.0
 30
0.0
210
0.0
220
0.0
230
1.0
  2
SOLID
 70
     1
 71
     0
 91
        1
 92
        7
 72
     0
 73
     1
 93
        3
 10
110.7143637612229
 20
92.43257265446277
 10
110.7143637612229
 20
93.93257265446277
 10
110.3143637617817
 20
93.93257265446277
 97
        0
 75
     1
 76
     1
 47
0.003759
 98
        1
 10
110.4706209823256
 20
93.75280234964134
1001
GradientColor1ACI
1070
     5
1001
GradientColor2ACI
1070
     2
1001
ACAD
1010
0.0
1020
0.0
1030
0.0
  0
LWPOLYLINE
  5
8A5
330
1F
100
AcDbEntity
  8
00 Muro ext.
 48
0.05
100
AcDbPolyline
 90
        4
 70
     1
 43
0.0
 10
110.314364
 20
93.932573
 10
110.314364
 20
92.432573
 10
110.714364
 20
92.432573
 10
110.714364
 20
93.932573
  0
MTEXT
  5
8A6
330
1F
100
AcDbEntity
  8
00 Muro ext.
 48
0.05
100
AcDbMText
 10
108.967975
 20
93.328228
 30
0.0
 40
0.1
 41
1.628128
 46
0.0
 71
     1
 72
     5
  1
\pi0.48078;{\fArial|b1|i0|c0|p34;TABLERO\P\pi0.41836;ELECTRICO}
 73
     1
 44
1.0
1001
ACAD
1000
ACAD_MTEXT_COLUMN_INFO_BEGIN
1070
    75
1070
     2
1070
    79
1070
     0
1070
    76
1070
     1
1070
    78
1070
     0
1070
    48
1040
1.628128
1070
    49
1040
12.5
1070
    50
1070
     1
1040
0.308834
1000
ACAD_MTEXT_COLUMN_INFO_END
  0
MTEXT
  5
8A9
330
1F
100
AcDbEntity
  8
00 Muro ext.
 48
0.05
100
AcDbMText
 10
110.133771
 20
85.834074
 30
0.0
 40
0.196
 41
17.889562
 46
0.0
 71
     1
 72
     5
  1
 solo piso
 11
6.123233995736766E-17
 21
1.0
 31
0.0
 73
     1
 44
1.0
1001
ACAD
1000
ACAD_MTEXT_COLUMN_INFO_BEGIN
1070
    75
1070
     2
1070
    79
1070
     0
1070
    76
1070
     1
1070
    78
1070
     0
1070
    48
1040
17.889562
1070
    49
1040
17.5
1070
    50
1070
     1
1040
0.0
1000
ACAD_MTEXT_COLUMN_INFO_END
  0
INSERT
  5
8AA
330
1F
100
AcDbEntity
  8
00 Muro ext.
100
AcDbBlockReference
  2
A$C0D016993
 10
109.598675
 20
85.419107
 30
0.0
 41
-1.0
 50
270.0
  0
INSERT
  5
8AB
330
1F
100
AcDbEntity
  8
00 Muro ext.
100
AcDbBlockReference
  2
A$C0D016993
 10
109.598675
 20
87.490327
 30
0.0
 50
270.0
  0
INSERT
  5
8AC
330
1F
100
AcDbEntity
  8
00 Muro ext.
 48
0.05
100
AcDbBlockReference
  2
dwq
 10
-1287.900835
 20
-1228.540681
 30
0.0
  0
LWPOLYLINE
  5
8B0
330
1F
100
AcDbEntity
  8
00 Muro ext.
 48
0.05
100
AcDbPolyline
 90
        4
 70
     1
 43
0.0
 10
105.559536
 20
91.082815
 10
109.699536
 20
91.082815
 10
109.699536
 20
90.982815
 10
105.559536
 20
90.982815
  0
LWPOLYLINE
  5
8B1
330
1F
100
AcDbEntity
  8
00 Muro ext.
 48
0.05
100
AcDbPolyline
 90
        4
 70
     1
 43
0.0
 10
105.559536
 20
87.682815
 10
109.699536
 20
87.682815
 10
109.699536
 20
87.582815
 10
105.559536
 20
87.582815
  0
INSERT
  5
8B2
102
{ACAD_XDICTIONARY
360
8B3
102
}
330
1F
100
AcDbEntity
  8
00 Muro ext.
 48
0.05
100
AcDbBlockReference
  2
*U12
 10
112.463447
 20
114.450795
 30
0.0
 41
-1.0
 50
90.0
  0
INSERT
  5
8C6
102
{ACAD_XDICTIONARY
360
8C7
102
}
330
1F
100
AcDbEntity
  8
00 Muro ext.
 48
0.05
100
AcDbBlockReference
  2
*U12
 10
112.458331
 20
112.851822
 30
0.0
 41
-1.0
 50
90.0
  0
LWPOLYLINE
  5
8DA
330
1F
100
AcDbEntity
  8
00 Muro ext.
100
AcDbPolyline
 90
        4
 70
     1
 43
0.0
 10
116.974536
 20
117.782815
 10
120.399536
 20
117.782815
 10
120.399536
 20
112.212815
 10
116.974536
 20
112.212815
  0
LWPOLYLINE
  5
8DB
330
1F
100
AcDbEntity
  8
00 Muro ext.
100
AcDbPolyline
 90
        4
 70
     1
 43
0.0
 10
94.539536
 20
117.782815
 10
98.239536
 20
117.782815
 10
98.239536
 20
114.842815
 10
94.539536
 20
114.842815
  0
LWPOLYLINE
  5
8DC
330
1F
100
AcDbEntity
  8
00 Muro ext.
 48
0.05
100
AcDbPolyline
 90
        5
 70
     0
 43
0.0
 10
99.348743
 20
116.820969
 10
101.348743
 20
116.820969
 10
101.348743
 20
117.770969
 10
99.348743
 20
117.770969
 10
99.348743
 20
116.820969
  0
MTEXT
  5
8DD
330
1F
100
AcDbEntity
  8
00 Muro ext.
 48
0.05
100
AcDbMText
 10
99.649375
 20
117.345729
 30
0.0
 40
0.1
 41
1.628128
 46
0.0
 71
     1
 72
     5
  1
{\fArial|b1|i0|c0|p34;MESA DE TRABAJO}
 73
     1
 44
1.0
1001
ACAD
1000
ACAD_MTEXT_COLUMN_INFO_BEGIN
1070
    75
1070
     2
1070
    79
1070
     0
1070
    76
1070
     1
1070
    78
1070
     0
1070
    48
1040
1.628128
1070
    49
1040
12.5
1070
    50
1070
     1
1040
0.308834
1000
ACAD_MTEXT_COLUMN_INFO_END
  0
LWPOLYLINE
  5
8DE
330
1F
100
AcDbEntity
  8
00 Muro ext.
 48
0.05
100
AcDbPolyline
 90
        5
 70
     0
 43
0.0
 10
100.328966
 20
117.779056
 10
101.228966
 20
117.779056
 10
101.228966
 20
117.529056
 10
100.328966
 20
117.529056
 10
100.328966
 20
117.779056
  0
MTEXT
  5
8DF
330
1F
100
AcDbEntity
  8
00 Muro ext.
 48
0.05
100
AcDbMText
 10
100.384301
 20
117.719959
 30
0.0
 40
0.1
 41
1.628128
 46
0.0
 71
     1
 72
     5
  1
{\fArial|b1|i0|c0|p34;AA 4500 Fg}
 73
     1
 44
1.0
1001
ACAD
1000
ACAD_MTEXT_COLUMN_INFO_BEGIN
1070
    75
1070
     2
1070
    79
1070
     0
1070
    76
1070
     1
1070
    78
1070
     0
1070
    48
1040
1.628128
1070
    49
1040
12.5
1070
    50
1070
     1
1040
0.308834
1000
ACAD_MTEXT_COLUMN_INFO_END
  0
LWPOLYLINE
  5
8E0
330
1F
100
AcDbEntity
  8
00 Muro ext.
 48
0.05
100
AcDbPolyline
 90
        5
 70
     0
 43
0.0
 10
99.206596
 20
115.582815
 10
99.806596
 20
115.582815
 10
99.806596
 20
114.982815
 10
99.206596
 20
114.982815
 10
99.206596
 20
115.582815
  0
MTEXT
  5
8E2
330
1F
100
AcDbEntity
  8
00 Muro ext.
 48
0.05
100
AcDbMText
 10
98.527095
 20
117.574237
 30
0.0
 40
0.1
 41
0.709595
 46
0.0
 71
     1
 72
     5
  1
{\fArial|b1|i0|c0|p34;PALOMAR\P0.8 X 2.10}
 73
     1
 44
1.0
1001
ACAD
1000
ACAD_MTEXT_COLUMN_INFO_BEGIN
1070
    75
1070
     2
1070
    79
1070
     0
1070
    76
1070
     1
1070
    78
1070
     0
1070
    48
1040
0.709595
1070
    49
1040
12.5
1070
    50
1070
     1
1040
0.0
1000
ACAD_MTEXT_COLUMN_INFO_END
  0
MTEXT
  5
8E3
330
1F
100
AcDbEntity
  8
00 Muro ext.
 48
0.05
100
AcDbMText
 10
91.174444
 20
117.378566
 30
0.0
 40
0.1
 41
0.709595
 46
0.0
 71
     1
 72
     5
  1
{\fArial|b1|i0|c0|p34;FICHERO}
 73
     1
 44
1.0
1001
ACAD
1000
ACAD_MTEXT_COLUMN_INFO_BEGIN
1070
    75
1070
     2
1070
    79
1070
     0
1070
    76
1070
     1
1070
    78
1070
     0
1070
    48
1040
0.709595
1070
    49
1040
12.5
1070
    50
1070
     1
1040
0.0
1000
ACAD_MTEXT_COLUMN_INFO_END
  0
LWPOLYLINE
  5
8E4
330
1F
100
AcDbEntity
  8
00 Muro ext.
100
AcDbPolyline
 90
        4
 70
     1
 43
0.0
 10
101.474536
 20
117.628883
 10
101.474536
 20
116.682815
 10
101.874536
 20
116.682815
 10
101.874536
 20
117.628883
  0
MTEXT
  5
8E5
330
1F
100
AcDbEntity
  8
00 Muro ext.
 48
0.05
100
AcDbMText
 10
101.634931
 20
116.748779
 30
0.0
 40
0.1
 41
0.662801
 46
0.0
 71
     1
 72
     5
  1
{\fArial|b1|i0|c0|p34;ARMARIO}
 11
6.123233995736766E-17
 21
1.0
 31
0.0
 73
     1
 44
1.0
1001
ACAD
1000
ACAD_MTEXT_COLUMN_INFO_BEGIN
1070
    75
1070
     2
1070
    79
1070
     0
1070
    76
1070
     1
1070
    78
1070
     0
1070
    48
1040
0.662801
1070
    49
1040
12.5
1070
    50
1070
     1
1040
0.0
1000
ACAD_MTEXT_COLUMN_INFO_END
  0
INSERT
  5
8E6
330
1F
100
AcDbEntity
  8
00 Muro ext.
100
AcDbBlockReference
  2
new blockqweqwewqe
 10
-385.66536
 20
214.368144
 30
0.0
 50
270.0
  0
INSERT
  5
8E7
330
1F
100
AcDbEntity
  8
00 Muro ext.
100
AcDbBlockReference
  2
new blockqweqwewqe
 10
-387.06536
 20
214.368144
 30
0.0
 50
270.0
  0
INSERT
  5
8E8
330
1F
100
AcDbEntity
  8
00 Muro ext.
100
AcDbBlockReference
  2
new blockqweqwewqe
 10
-379.840609
 20
217.12846
 30
0.0
 50
270.0
  0
LWPOLYLINE
  5
8E9
330
1F
100
AcDbEntity
  8
00 Muro ext.
 48
0.05
100
AcDbPolyline
 90
        5
 70
     0
 43
0.0
 10
107.627556
 20
114.982815
 10
107.627556
 20
116.732815
 10
108.467556
 20
116.732815
 10
108.467556
 20
114.982815
 10
107.627556
 20
114.982815
  0
INSERT
  5
8EA
330
1F
100
AcDbEntity
  8
00 Muro ext.
100
AcDbBlockReference
  2
IRI-OCASA-Layout R 9$0$OCA_SILLA
 10
106.940993
 20
116.148902
 30
0.0
 41
-1.0
 50
180.0
  0
MTEXT
  5
8EB
330
1F
100
AcDbEntity
  8
00 Muro ext.
 48
0.05
100
AcDbMText
 10
108.225302
 20
115.206125
 30
0.0
 40
0.1
 41
1.628128
 46
0.0
 71
     1
 72
     5
  1
{\fArial|b1|i0|c0|p34;MESA DE TRABAJO}
 11
6.123233995736766E-17
 21
1.0
 31
0.0
 73
     1
 44
1.0
1001
ACAD
1000
ACAD_MTEXT_COLUMN_INFO_BEGIN
1070
    75
1070
     2
1070
    79
1070
     0
1070
    76
1070
     1
1070
    78
1070
     0
1070
    48
1040
1.628128
1070
    49
1040
12.5
1070
    50
1070
     1
1040
0.308834
1000
ACAD_MTEXT_COLUMN_INFO_END
  0
LWPOLYLINE
  5
8ED
330
1F
100
AcDbEntity
  8
00 Muro ext.
 48
0.05
100
AcDbPolyline
 90
        5
 70
     0
 43
0.0
 10
109.307556
 20
114.982815
 10
109.307556
 20
116.732815
 10
108.467556
 20
116.732815
 10
108.467556
 20
114.982815
 10
109.307556
 20
114.982815
  0
INSERT
  5
8EE
330
1F
100
AcDbEntity
  8
00 Muro ext.
100
AcDbBlockReference
  2
IRI-OCASA-Layout R 9$0$OCA_SILLA
 10
109.994119
 20
116.148902
 30
0.0
 50
180.0
  0
MTEXT
  5
8EF
330
1F
100
AcDbEntity
  8
00 Muro ext.
 48
0.05
100
AcDbMText
 10
108.709809
 20
115.206125
 30
0.0
 40
0.1
 41
1.628128
 46
0.0
 71
     7
 72
     5
  1
{\fArial|b1|i0|c0|p34;MESA DE TRABAJO}
 11
-6.123233995736766E-17
 21
1.0
 31
0.0
 73
     1
 44
1.0
1001
ACAD
1000
ACAD_MTEXT_COLUMN_INFO_BEGIN
1070
    75
1070
     2
1070
    79
1070
     0
1070
    76
1070
     1
1070
    78
1070
     0
1070
    48
1040
1.628128
1070
    49
1040
12.5
1070
    50
1070
     1
1040
0.308834
1000
ACAD_MTEXT_COLUMN_INFO_END
  0
LWPOLYLINE
  5
8F1
330
1F
100
AcDbEntity
  8
00 Muro ext.
100
AcDbPolyline
 90
        4
 70
     1
 43
0.0
 10
105.61123
 20
115.530649
 10
106.024817
 20
115.530649
 10
106.024817
 20
115.117061
 10
105.61123
 20
115.117061
  0
LWPOLYLINE
  5
8F2
330
1F
100
AcDbEntity
  8
00 Muro ext.
100
AcDbPolyline
 90
        4
 70
     1
 43
0.0
 10
107.673586
 20
115.530649
 10
108.087174
 20
115.530649
 10
108.087174
 20
115.117061
 10
107.673586
 20
115.117061
  0
MTEXT
  5
8F5
330
1F
100
AcDbEntity
  8
00 Muro ext.
 48
0.05
100
AcDbMText
 10
107.72447
 20
115.021443
 30
0.0
 40
0.057624
 41
0.487786
 46
0.0
 71
     1
 72
     5
  1
{\fArial|b1|i0|c0|p34;IMPRESORA}
 11
6.123233995736767E-17
 21
1.0
 31
0.0
 73
     1
 44
1.0
1001
ACAD
1000
ACAD_MTEXT_COLUMN_INFO_BEGIN
1070
    75
1070
     2
1070
    79
1070
     0
1070
    76
1070
     1
1070
    78
1070
     0
1070
    48
1040
0.487786
1070
    49
1040
7.203005
1070
    50
1070
     1
1040
0.0
1000
ACAD_MTEXT_COLUMN_INFO_END
  0
INSERT
  5
8F9
330
1F
100
AcDbEntity
  8
00 Muro ext.
100
AcDbBlockReference
  2
Escritorio Gte
 10
-174.535194
 20
232.624855
 30
0.0
 41
-1.0
 50
180.0
  0
LWPOLYLINE
  5
926
330
1F
100
AcDbEntity
  8
00 Muro ext.
 48
0.05
100
AcDbPolyline
 90
        4
 70
     1
 43
0.0
 10
98.239536
 20
117.469139
 10
96.801645
 20
117.469139
 10
96.801645
 20
117.769139
 10
98.239536
 20
117.769139
  0
MTEXT
  5
927
330
1F
100
AcDbEntity
  8
00 Muro ext.
 48
0.05
100
AcDbMText
 10
96.917997
 20
117.441908
 30
0.0
 40
0.1
 41
1.628128
 46
0.0
 71
     1
 72
     5
  1
{\fArial|b1|i0|c0|p34;MUEBLE BAJO}
 73
     1
 44
1.0
1001
ACAD
1000
ACAD_MTEXT_COLUMN_INFO_BEGIN
1070
    75
1070
     2
1070
    79
1070
     0
1070
    76
1070
     1
1070
    78
1070
     0
1070
    48
1040
1.628128
1070
    49
1040
12.5
1070
    50
1070
     1
1040
0.308834
1000
ACAD_MTEXT_COLUMN_INFO_END
  0
MTEXT
  5
928
330
1F
100
AcDbEntity
  8
00 Muro ext.
 48
0.05
100
AcDbMText
 10
91.218006
 20
116.157093
 30
0.0
 40
0.1
 41
0.709595
 46
0.0
 71
     1
 72
     5
  1
{\fArial|b1|i0|c0|p34;PALOMAR\P0.8 X 2.10}
 73
     1
 44
1.0
1001
ACAD
1000
ACAD_MTEXT_COLUMN_INFO_BEGIN
1070
    75
1070
     2
1070
    79
1070
     0
1070
    76
1070
     1
1070
    78
1070
     0
1070
    48
1040
0.709595
1070
    49
1040
12.5
1070
    50
1070
     1
1040
0.0
1000
ACAD_MTEXT_COLUMN_INFO_END
  0
LWPOLYLINE
  5
929
330
1F
100
AcDbEntity
  8
00 Muro ext.
100
AcDbPolyline
 90
        4
 70
     1
 43
0.0
 10
111.109728
 20
116.619406
 10
111.909728
 20
116.619406
 10
111.909728
 20
116.034763
 10
111.109728
 20
116.034763
  0
LWPOLYLINE
  5
92A
330
1F
100
AcDbEntity
  8
00 Muro ext.
 48
0.05
100
AcDbPolyline
 90
        5
 70
     0
 43
0.0
 10
111.314543
 20
117.782815
 10
113.314543
 20
117.782815
 10
113.314543
 20
117.242815
 10
111.314543
 20
117.242815
 10
111.314543
 20
117.782815
  0
LINE
  5
92C
330
1F
100
AcDbEntity
  8
00 Muro ext.
100
AcDbLine
 10
111.109728
 20
116.619406
 30
0.0
 11
111.909728
 21
116.034763
 31
0.0
  0
LINE
  5
92D
330
1F
100
AcDbEntity
  8
00 Muro ext.
100
AcDbLine
 10
111.909728
 20
116.619406
 30
0.0
 11
111.109728
 21
116.034763
 31
0.0
  0
LWPOLYLINE
  5
930
330
1F
100
AcDbEntity
  8
00 Muro ext.
 48
0.05
100
AcDbPolyline
 90
        5
 70
     0
 43
0.0
 10
114.954841
 20
117.76716
 10
115.854841
 20
117.76716
 10
115.854841
 20
117.51716
 10
114.954841
 20
117.51716
 10
114.954841
 20
117.76716
  0
MTEXT
  5
931
330
1F
100
AcDbEntity
  8
00 Muro ext.
 48
0.05
100
AcDbMText
 10
115.010176
 20
117.708064
 30
0.0
 40
0.1
 41
1.628128
 46
0.0
 71
     1
 72
     5
  1
{\fArial|b1|i0|c0|p34;AA 5500 Fg}
 73
     1
 44
1.0
1001
ACAD
1000
ACAD_MTEXT_COLUMN_INFO_BEGIN
1070
    75
1070
     2
1070
    79
1070
     0
1070
    76
1070
     1
1070
    78
1070
     0
1070
    48
1040
1.628128
1070
    49
1040
12.5
1070
    50
1070
     1
1040
0.308834
1000
ACAD_MTEXT_COLUMN_INFO_END
  0
LWPOLYLINE
  5
934
330
1F
100
AcDbEntity
  8
00 Muro ext.
100
AcDbPolyline
 90
        4
 70
     1
 43
0.0
 10
113.656277
 20
115.845937
 10
114.356277
 20
115.845937
 10
114.356277
 20
114.645937
 10
113.656277
 20
114.645937
  0
LWPOLYLINE
  5
935
330
1F
100
AcDbEntity
  8
00 Muro ext.
100
AcDbPolyline
 90
        4
 70
     1
 43
0.0
 10
113.656277
 20
115.845937
 10
114.356277
 20
115.845937
 10
114.356277
 20
117.445937
 10
113.656277
 20
117.445937
  0
LWPOLYLINE
  5
937
330
1F
100
AcDbEntity
  8
00 Muro ext.
100
AcDbPolyline
 90
        4
 70
     1
 43
0.0
 10
114.356277
 20
115.845937
 10
114.408588
 20
115.845937
 10
114.408588
 20
114.645937
 10
114.356277
 20
114.645937
  0
LINE
  5
938
330
1F
100
AcDbEntity
  8
00 Muro ext.
100
AcDbLine
 10
114.408588
 20
115.245937
 30
0.0
 11
114.356277
 21
115.245937
 31
0.0
  0
LINE
  5
939
330
1F
100
AcDbEntity
  8
00 Muro ext.
100
AcDbLine
 10
114.356277
 20
116.645937
 30
0.0
 11
113.656277
 21
116.645937
 31
0.0
  0
LWPOLYLINE
  5
93B
330
1F
100
AcDbEntity
  8
00 Muro ext.
100
AcDbPolyline
 90
        4
 70
     1
 43
0.0
 10
116.88152
 20
116.766177
 10
116.88152
 20
115.766177
 10
115.68152
 20
115.766177
 10
115.68152
 20
116.766177
  0
LINE
  5
93C
330
1F
100
AcDbEntity
  8
00 Muro ext.
100
AcDbLine
 10
116.88152
 20
115.766177
 30
0.0
 11
115.68152
 21
116.766177
 31
0.0
  0
LINE
  5
93D
330
1F
100
AcDbEntity
  8
00 Muro ext.
100
AcDbLine
 10
115.68152
 20
115.766177
 30
0.0
 11
116.88152
 21
116.766177
 31
0.0
  0
LWPOLYLINE
  5
93E
330
1F
100
AcDbEntity
  8
00 Muro ext.
100
AcDbPolyline
 90
        4
 70
     1
 43
0.0
 10
116.88152
 20
115.766177
 10
116.88152
 20
114.766177
 10
115.68152
 20
114.766177
 10
115.68152
 20
115.766177
  0
LINE
  5
93F
330
1F
100
AcDbEntity
  8
00 Muro ext.
100
AcDbLine
 10
116.88152
 20
114.766177
 30
0.0
 11
115.68152
 21
115.766177
 31
0.0
  0
LINE
  5
940
330
1F
100
AcDbEntity
  8
00 Muro ext.
100
AcDbLine
 10
115.68152
 20
114.766177
 30
0.0
 11
116.88152
 21
115.766177
 31
0.0
  0
LWPOLYLINE
  5
943
330
1F
100
AcDbEntity
  8
00 Muro ext.
100
AcDbPolyline
 90
        4
 70
     1
 43
0.0
 10
104.775567
 20
80.148043
 10
109.375567
 20
80.148043
 10
109.375567
 20
72.848043
 10
104.775567
 20
72.848043
  0
LWPOLYLINE
  5
944
330
1F
100
AcDbEntity
  8
00 Muro ext.
100
AcDbPolyline
 90
        4
 70
     1
 43
0.0
 10
104.825567
 20
80.098043
 10
109.325567
 20
80.098043
 10
109.325567
 20
72.898043
 10
104.825567
 20
72.898043
  0
INSERT
  5
945
330
1F
100
AcDbEntity
  8
00 Muro ext.
 48
0.05
100
AcDbBlockReference
  2
dwq
 10
-1294.801469
 20
-1225.140681
 30
0.0
  0
INSERT
  5
947
330
1F
100
AcDbEntity
  8
00 Muro ext.
 48
0.05
100
AcDbBlockReference
  2
dwq
 10
-1294.826469
 20
-1228.540681
 30
0.0
  0
INSERT
  5
948
330
1F
100
AcDbEntity
  8
00 Muro ext.
 48
0.05
100
AcDbBlockReference
  2
dwq
 10
-1294.801469
 20
-1231.940681
 30
0.0
  0
INSERT
  5
949
330
1F
100
AcDbEntity
  8
00 Muro ext.
 48
0.05
100
AcDbBlockReference
  2
dwq
 10
-1294.801469
 20
-1235.340681
 30
0.0
  0
INSERT
  5
94A
330
1F
100
AcDbEntity
  8
00 Muro ext.
 48
0.05
100
AcDbBlockReference
  2
dwq
 10
-1294.851469
 20
-1238.740681
 30
0.0
  0
MTEXT
  5
94B
330
1F
100
AcDbEntity
  8
00 Muro ext.
100
AcDbMText
 10
105.353471
 20
76.849128
 30
0.0
 40
0.24
 41
2.885831
 46
0.0
 71
     1
 72
     5
  1
\pi0.04663;Jaula de Sencibles
  7
IRI-OCASA-Layout R 9$0$Standard
 73
     1
 44
1.0
1001
ACAD
1000
ACAD_MTEXT_COLUMN_INFO_BEGIN
1070
    75
1070
     2
1070
    79
1070
     0
1070
    76
1070
     1
1070
    78
1070
     0
1070
    48
1040
2.885831
1070
    49
1040
12.5
1070
    50
1070
     1
1040
0.0
1000
ACAD_MTEXT_COLUMN_INFO_END
  0
MTEXT
  5
94C
330
1F
100
AcDbEntity
  8
00 Muro ext.
100
AcDbMText
 10
114.045101
 20
114.989661
 30
0.0
 40
0.24
 41
2.885831
 46
0.0
 71
     1
 72
     5
  1
{\W9.541844; }Sala de \P{\W6.151686; }Contigencia\P{\W5.24148;  }15-25°
  7
IRI-OCASA-Layout R 9$0$Standard
 73
     1
 44
1.0
1001
ACAD
1000
ACAD_MTEXT_COLUMN_INFO_BEGIN
1070
    75
1070
     2
1070
    79
1070
     0
1070
    76
1070
     1
1070
    78
1070
     0
1070
    48
1040
2.885831
1070
    49
1040
12.5
1070
    50
1070
     1
1040
0.0
1000
ACAD_MTEXT_COLUMN_INFO_END
  0
LWPOLYLINE
  5
94D
330
1F
100
AcDbEntity
  8
00 Muro ext.
100
AcDbPolyline
 90
        4
 70
     1
 43
0.0
 10
111.099536
 20
114.427681
 10
112.414195
 20
114.427681
 10
112.414195
 20
115.889465
 10
111.099536
 20
115.889465
  0
MTEXT
  5
96C
330
1F
100
AcDbEntity
  8
00 Muro ext.
 48
0.05
100
AcDbMText
 10
101.551875
 20
112.300136
 30
0.0
 40
0.1
 41
0.852842
 46
0.0
 71
     1
 72
     5
  1
\pxt7;{\fArial|b1|i0|c0|p34;LUZ EMERG.}
 73
     1
 44
1.0
1001
ACAD
1000
ACAD_MTEXT_TEXT_BORDERS_BEGIN
1070
    80
1070
    16
1070
    46
1040
1.5
1070
    81
1070
     1
1070
     5
1005
97B
1000
ACAD_MTEXT_TEXT_BORDERS_END
1000
ACAD_MTEXT_COLUMN_INFO_BEGIN
1070
    75
1070
     2
1070
    79
1070
     0
1070
    76
1070
     1
1070
    78
1070
     0
1070
    48
1040
0.852842
1070
    49
1040
12.5
1070
    50
1070
     1
1040
0.0
1000
ACAD_MTEXT_COLUMN_INFO_END
  0
MTEXT
  5
96D
330
1F
100
AcDbEntity
  8
00 Muro ext.
 48
0.05
100
AcDbMText
 10
110.515144
 20
112.292794
 30
0.0
 40
0.1
 41
0.852842
 46
0.0
 71
     1
 72
     5
  1
\pxt7;{\fArial|b1|i0|c0|p34;LUZ EMERG.}
 11
6.123233995736766E-17
 21
1.0
 31
0.0
 73
     1
 44
1.0
1001
ACAD
1000
ACAD_MTEXT_TEXT_BORDERS_BEGIN
1070
    80
1070
    16
1070
    46
1040
1.5
1070
    81
1070
     1
1070
     5
1005
97C
1000
ACAD_MTEXT_TEXT_BORDERS_END
1000
ACAD_MTEXT_COLUMN_INFO_BEGIN
1070
    75
1070
     2
1070
    79
1070
     0
1070
    76
1070
     1
1070
    78
1070
     0
1070
    48
1040
0.852842
1070
    49
1040
12.5
1070
    50
1070
     1
1040
0.0
1000
ACAD_MTEXT_COLUMN_INFO_END
  0
LWPOLYLINE
  5
96F
330
1F
100
AcDbEntity
  8
00 Muro ext.
100
AcDbPolyline
 90
        4
 70
     1
 43
0.0
 10
108.558859
 20
101.841755
 10
108.558859
 20
102.980801
 10
108.891886
 20
102.980801
 10
108.891886
 20
101.841755
  0
MTEXT
  5
970
330
1F
100
AcDbEntity
  8
00 Muro ext.
100
AcDbMText
 10
108.608845
 20
101.88705
 30
-0.000006
 40
0.24
 41
1.043109
 46
0.0
 71
     1
 72
     5
  1
\pi0.01364;MIKEY
  7
IRI-OCASA-Layout R 9$0$Standard
 11
1.194340119486963E-15
 21
1.0
 31
0.0
 73
     1
 44
1.0
1001
ACAD
1000
ACAD_MTEXT_COLUMN_INFO_BEGIN
1070
    75
1070
     2
1070
    79
1070
     0
1070
    76
1070
     1
1070
    78
1070
     0
1070
    48
1040
1.043109
1070
    49
1040
12.5
1070
    50
1070
     1
1040
0.0
1000
ACAD_MTEXT_COLUMN_INFO_END
  0
CIRCLE
  5
971
330
1F
100
AcDbEntity
  8
00 Muro ext.
100
AcDbCircle
 10
108.351141
 20
102.238467
 30
0.0
 40
0.1642394160736486
  0
CIRCLE
  5
972
330
1F
100
AcDbEntity
  8
00 Muro ext.
100
AcDbCircle
 10
108.351141
 20
102.580184
 30
0.0
 40
0.1642394160736486
  0
LWPOLYLINE
  5
973
330
1F
100
AcDbEntity
  8
00 Muro ext.
100
AcDbPolyline
 90
        4
 70
     1
 43
0.0
 10
110.469876
 20
104.117841
 10
110.469876
 20
105.256886
 10
110.802903
 20
105.256886
 10
110.802903
 20
104.117841
  0
MTEXT
  5
974
330
1F
100
AcDbEntity
  8
00 Muro ext.
100
AcDbMText
 10
110.519862
 20
104.163135
 30
-0.000006
 40
0.24
 41
1.043109
 46
0.0
 71
     1
 72
     5
  1
\pi0.01364;MIKEY
  7
IRI-OCASA-Layout R 9$0$Standard
 11
1.194340119486963E-15
 21
1.0
 31
0.0
 73
     1
 44
1.0
1001
ACAD
1000
ACAD_MTEXT_COLUMN_INFO_BEGIN
1070
    75
1070
     2
1070
    79
1070
     0
1070
    76
1070
     1
1070
    78
1070
     0
1070
    48
1040
1.043109
1070
    49
1040
12.5
1070
    50
1070
     1
1040
0.0
1000
ACAD_MTEXT_COLUMN_INFO_END
  0
CIRCLE
  5
975
330
1F
100
AcDbEntity
  8
00 Muro ext.
100
AcDbCircle
 10
110.262158
 20
104.514552
 30
0.0
 40
0.1642394160736486
  0
CIRCLE
  5
976
330
1F
100
AcDbEntity
  8
00 Muro ext.
100
AcDbCircle
 10
110.262158
 20
104.856269
 30
0.0
 40
0.1642394160736486
  0
LWPOLYLINE
  5
977
330
1F
100
AcDbEntity
  8
00 Muro ext.
100
AcDbPolyline
 90
        4
 70
     1
 43
0.0
 10
110.469876
 20
84.137572
 10
110.469876
 20
85.276618
 10
110.802903
 20
85.276618
 10
110.802903
 20
84.137572
  0
MTEXT
  5
978
330
1F
100
AcDbEntity
  8
00 Muro ext.
100
AcDbMText
 10
110.519862
 20
84.182867
 30
-0.000006
 40
0.24
 41
1.043109
 46
0.0
 71
     1
 72
     5
  1
\pi0.01364;MIKEY
  7
IRI-OCASA-Layout R 9$0$Standard
 11
1.194340119486963E-15
 21
1.0
 31
0.0
 73
     1
 44
1.0
1001
ACAD
1000
ACAD_MTEXT_COLUMN_INFO_BEGIN
1070
    75
1070
     2
1070
    79
1070
     0
1070
    76
1070
     1
1070
    78
1070
     0
1070
    48
1040
1.043109
1070
    49
1040
12.5
1070
    50
1070
     1
1040
0.0
1000
ACAD_MTEXT_COLUMN_INFO_END
  0
CIRCLE
  5
979
330
1F
100
AcDbEntity
  8
00 Muro ext.
100
AcDbCircle
 10
110.262158
 20
84.534284
 30
0.0
 40
0.1642394160736486
  0
CIRCLE
  5
97A
330
1F
100
AcDbEntity
  8
00 Muro ext.
100
AcDbCircle
 10
110.262158
 20
84.876001
 30
0.0
 40
0.1642394160736486
  0
LWPOLYLINE
  5
97B
330
1F
100
AcDbEntity
  8
00 Muro ext.
 48
0.05
100
AcDbPolyline
 90
        4
 70
     1
 43
0.0
 10
101.501875
 20
112.350136
 10
101.501875
 20
112.146725
 10
102.454717
 20
112.146725
 10
102.454717
 20
112.350136
  0
LWPOLYLINE
  5
97C
330
1F
100
AcDbEntity
  8
00 Muro ext.
 48
0.05
100
AcDbPolyline
 90
        4
 70
     1
 43
0.0
 10
110.465144
 20
112.242794
 10
110.668555
 20
112.242794
 10
110.668555
 20
113.195636
 10
110.465144
 20
113.195636
  0
VIEWPORT
  5
20F
330
D6
100
AcDbEntity
 67
     1
  8
0
 48
100.0
100
AcDbViewport
 10
0.0
 20
0.0
 30
0.0
 40
466.965848
 41
238.196088
 68
     1
 69
     1
 12
128.5
 22
97.5
 13
0.0
 23
0.0
 14
10.0
 24
10.0
 15
10.0
 25
10.0
 16
0.0
 26
0.0
 36
1.0
 17
0.0
 27
0.0
 37
0.0
 42
50.0
 43
0.0
 44
0.0
 45
238.196088
 50
0.0
 51
0.0
 72
   100
 90
   557168
  1

281
     0
 71
     1
 74
     0
110
0.0
120
0.0
130
0.0
111
1.0
121
0.0
131
0.0
112
0.0
122
1.0
132
0.0
 79
     0
146
0.0
170
     0
 61
     5
348
F5
292
     1
282
     1
141
0.0
142
0.0
 63
   256
  0
ENDSEC
  0
SECTION
  2
OBJECTS
  0
DICTIONARY
  5
C
330
0
100
AcDbDictionary
281
     1
  3
ACAD_COLOR
350
6B
  3
ACAD_DETAILVIEWSTYLE
350
981
  3
ACAD_GROUP
350
D
  3
ACAD_IMAGE_DICT
350
351
  3
ACAD_LAYOUT
350
1A
  3
ACAD_MATERIAL
350
6A
  3
ACAD_MLEADERSTYLE
350
12D
  3
ACAD_MLINESTYLE
350
17
  3
ACAD_PLOTSETTINGS
350
19
  3
ACAD_PLOTSTYLENAME
350
E
  3
ACAD_SCALELIST
350
10C
  3
ACAD_SECTIONVIEWSTYLE
350
982
  3
ACAD_TABLESTYLE
350
7E
  3
ACAD_VISUALSTYLE
350
EF
  3
ACDB_RECOMPOSE_DATA
350
985
  3
AcDbVariableDictionary
350
5E
  3
MCS_STREAM_DICT
350
34E
  0
SUN
  5
364
330
EA
100
AcDbSun
 90
        1
290
     0
 63
     7
421
 16777215
 40
1.0
291
     1
 91
  2455826
 92
 54000000
292
     0
 70
     2
 71
   256
280
     1
  0
DICTIONARY
  5
97E
330
2
100
AcDbDictionary
280
     1
281
     1
  3
ACAD_LAYERSTATES
360
97F
  0
DICTIONARY
  5
234
330
1F
100
AcDbDictionary
280
     1
281
     1
  3
ACAD_SORTENTS
360
235
  0
DICTIONARY
  5
3C7
330
3C6
100
AcDbDictionary
280
     1
281
     1
  3
ACAD_SORTENTS
360
3C8
  0
DICTIONARY
  5
3CD
330
3CC
100
AcDbDictionary
280
     1
281
     1
  3
ACAD_SORTENTS
360
3CE
  0
DICTIONARY
  5
44F
330
44E
100
AcDbDictionary
280
     1
281
     1
  3
ACAD_SORTENTS
360
450
  0
DICTIONARY
  5
3EC
330
3EB
100
AcDbDictionary
280
     1
281
     1
  3
ACAD_ENHANCEDBLOCK
360
3ED
  3
ACAD_SORTENTS
360
411
  3
AcDbDynamicBlockRoundTripPurgePreventer
360
412
  0
DICTIONARY
  5
4BF
330
4BE
100
AcDbDictionary
280
     1
281
     1
  3
ACAD_SORTENTS
360
4C0
  0
DICTIONARY
  5
525
330
524
100
AcDbDictionary
280
     1
281
     1
  3
ACAD_SORTENTS
360
526
  0
DICTIONARY
  5
4E6
330
4E5
100
AcDbDictionary
280
     1
281
     1
  3
ACAD_ENHANCEDBLOCK
360
4E7
  3
ACAD_SORTENTS
360
4EC
  3
AcDbDynamicBlockRoundTripPurgePreventer
360
4ED
  0
DICTIONARY
  5
57A
330
579
100
AcDbDictionary
280
     1
281
     1
  3
ACAD_SORTENTS
360
57B
  0
DICTIONARY
  5
5A8
330
5A7
100
AcDbDictionary
280
     1
281
     1
  3
AcDbBlockTableRecordData
360
5A9
  0
DICTIONARY
  5
5CC
330
5CB
100
AcDbDictionary
280
     1
281
     1
  3
ACAD_SORTENTS
360
5CD
  0
DICTIONARY
  5
5E5
330
5E4
100
AcDbDictionary
280
     1
281
     1
  3
AcDbBlockTableRecordData
360
5E6
  0
DICTIONARY
  5
65E
330
65D
100
AcDbDictionary
280
     1
281
     1
  3
ACAD_SORTENTS
360
65F
  0
DICTIONARY
  5
609
330
608
100
AcDbDictionary
280
     1
281
     1
  3
ACAD_ENHANCEDBLOCK
360
60A
  3
ACAD_SORTENTS
360
61A
  3
AcDbDynamicBlockRoundTripPurgePreventer
360
61B
  0
DICTIONARY
  5
886
330
885
100
AcDbDictionary
280
     1
281
     1
  3
AcDbBlockTableRecordData
360
887
  0
DICTIONARY
  5
88F
330
88E
100
AcDbDictionary
280
     1
281
     1
  3
ACAD_SORTENTS
360
890
  0
DICTIONARY
  5
3E8
330
3E7
100
AcDbDictionary
280
     1
281
     1
  3
AcDbBlockRepresentation
360
3E9
  0
DICTIONARY
  5
49F
330
49E
100
AcDbDictionary
280
     1
281
     1
  3
AcDbBlockRepresentation
360
4A0
  0
DICTIONARY
  5
4E2
330
4E1
100
AcDbDictionary
280
     1
281
     1
  3
AcDbBlockRepresentation
360
4E3
  0
DICTIONARY
  5
58F
330
58E
100
AcDbDictionary
280
     1
281
     1
  0
DICTIONARY
  5
696
330
695
100
AcDbDictionary
280
     1
281
     1
  3
AcDbBlockRepresentation
360
697
  0
DICTIONARY
  5
6C6
330
6C5
100
AcDbDictionary
280
     1
281
     1
  3
AcDbBlockRepresentation
360
6C7
  0
DICTIONARY
  5
700
330
6FF
100
AcDbDictionary
280
     1
281
     1
  3
AcDbBlockRepresentation
360
701
  0
DICTIONARY
  5
749
330
748
100
AcDbDictionary
280
     1
281
     1
  3
AcDbBlockRepresentation
360
74A
  0
DICTIONARY
  5
783
330
782
100
AcDbDictionary
280
     1
281
     1
  3
AcDbBlockRepresentation
360
784
  0
DICTIONARY
  5
7E1
330
7E0
100
AcDbDictionary
280
     1
281
     1
  3
AcDbBlockRepresentation
360
7E2
  0
DICTIONARY
  5
840
330
83F
100
AcDbDictionary
280
     1
281
     1
  3
AcDbBlockRepresentation
360
841
  0
DICTIONARY
  5
8B3
330
8B2
100
AcDbDictionary
280
     1
281
     1
  3
AcDbBlockRepresentation
360
8B4
  0
DICTIONARY
  5
8C7
330
8C6
100
AcDbDictionary
280
     1
281
     1
  3
AcDbBlockRepresentation
360
8C8
  0
DICTIONARY
  5
6B
102
{ACAD_REACTORS
330
C
102
}
330
C
100
AcDbDictionary
281
     1
  0
DICTIONARY
  5
981
102
{ACAD_REACTORS
330
C
102
}
330
C
100
AcDbDictionary
281
     1
  0
DICTIONARY
  5
D
102
{ACAD_REACTORS
330
C
102
}
330
C
100
AcDbDictionary
281
     1
  0
DICTIONARY
  5
351
102
{ACAD_REACTORS
330
C
102
}
330
C
100
AcDbDictionary
281
     1
  0
DICTIONARY
  5
1A
102
{ACAD_REACTORS
330
C
102
}
330
C
100
AcDbDictionary
281
     1
  3
A0
350
225
  3
A1
350
220
  3
A2
350
21B
  3
A3
350
216
  3
A4
350
211
  3
Layout1
350
D3
  3
Layout2
350
D7
  3
Model
350
22
  0
DICTIONARY
  5
6A
102
{ACAD_REACTORS
330
C
102
}
330
C
100
AcDbDictionary
281
     1
  3
ByBlock
350
ED
  3
ByLayer
350
EC
  3
Global
350
EE
  0
DICTIONARY
  5
12D
102
{ACAD_REACTORS
330
C
102
}
330
C
100
AcDbDictionary
281
     1
  3
Standard
350
12E
  3
Аннотативный
350
13B
  0
DICTIONARY
  5
17
102
{ACAD_REACTORS
330
C
102
}
330
C
100
AcDbDictionary
281
     1
  3
Standard
350
18
  0
DICTIONARY
  5
19
102
{ACAD_REACTORS
330
C
102
}
330
C
100
AcDbDictionary
281
     1
  0
ACDBDICTIONARYWDFLT
  5
E
102
{ACAD_REACTORS
330
C
102
}
330
C
100
AcDbDictionary
281
     1
  3
Normal
350
F
100
AcDbDictionaryWithDefault
340
F
  0
DICTIONARY
  5
10C
102
{ACAD_REACTORS
330
C
102
}
330
C
100
AcDbDictionary
281
     1
  3
A0
350
10D
  3
A1
350
1BE
  3
A2
350
1BF
  3
A3
350
1C0
  3
A4
350
1C1
  3
A5
350
1C2
  3
A6
350
1C3
  3
A7
350
1C4
  3
A8
350
1C5
  3
A9
350
1C6
  3
B0
350
1C7
  3
B1
350
1C8
  3
B2
350
1C9
  3
B3
350
1CA
  3
B4
350
1CB
  3
B5
350
1CC
  3
B6
350
1CD
  0
DICTIONARY
  5
982
102
{ACAD_REACTORS
330
C
102
}
330
C
100
AcDbDictionary
281
     1
  0
DICTIONARY
  5
7E
102
{ACAD_REACTORS
330
C
102
}
330
C
100
AcDbDictionary
281
     1
  3
Standard
350
7F
  0
DICTIONARY
  5
EF
102
{ACAD_REACTORS
330
C
102
}
330
C
100
AcDbDictionary
281
     1
  3
2dWireframe
350
F5
  3
3D Hidden
350
F7
  3
3dWireframe
350
F6
  3
Basic
350
F4
  3
Brighten
350
FB
  3
ColorChange
350
FF
  3
Conceptual
350
F8
  3
Dim
350
FA
  3
EdgeColorOff
350
35E
  3
Facepattern
350
FE
  3
Flat
350
F0
  3
FlatWithEdges
350
F1
  3
Gouraud
350
F2
  3
GouraudWithEdges
350
F3
  3
Hidden
350
35B
  3
JitterOff
350
35C
  3
Linepattern
350
FD
  3
OverhangOff
350
35D
  3
Realistic
350
F9
  3
Shaded
350
363
  3
Shaded with edges
350
362
  3
Shades of Gray
350
35F
  3
Sketchy
350
360
  3
Thicken
350
FC
  3
Wireframe
350
35A
  3
X-Ray
350
361
  0
XRECORD
  5
985
102
{ACAD_REACTORS
330
C
102
}
330
C
100
AcDbXrecord
280
     1
 90
        1
330
7F
  0
DICTIONARY
  5
5E
102
{ACAD_REACTORS
330
C
102
}
330
C
100
AcDbDictionary
281
     1
  3
CANNOSCALE
350
146
  3
CMLEADERSTYLE
350
145
  3
CTABLESTYLE
350
84
  3
DIMASSOC
350
5F
  3
HIDETEXT
350
63
  3
LAYEREVAL
350
1AE
  3
LAYERNOTIFY
350
1AF
  3
XCLIPFRAME
350
356
  0
DICTIONARY
  5
34E
102
{ACAD_REACTORS
330
C
102
}
330
C
100
AcDbDictionary
281
     1
  3
MC_VERSION_DATA
350
980
  3
MCS_DOCUMENT_ID
350
357
  3
MCS_PARAMS_DATA
350
365
  0
DICTIONARY
  5
97F
102
{ACAD_REACTORS
330
97E
102
}
330
97E
100
AcDbDictionary
281
     1
  0
SORTENTSTABLE
  5
235
102
{ACAD_REACTORS
330
234
102
}
330
234
100
AcDbSortentsTable
330
1F
331
0
  5
237
  0
SORTENTSTABLE
  5
3C8
102
{ACAD_REACTORS
330
3C7
102
}
330
3C7
100
AcDbSortentsTable
330
3C6
  0
SORTENTSTABLE
  5
3CE
102
{ACAD_REACTORS
330
3CD
102
}
330
3CD
100
AcDbSortentsTable
330
3CC
  0
SORTENTSTABLE
  5
450
102
{ACAD_REACTORS
330
44F
102
}
330
44F
100
AcDbSortentsTable
330
44E
  0
ACAD_EVALUATION_GRAPH
  5
3ED
102
{ACAD_REACTORS
330
3EC
102
}
330
3EC
100
AcDbEvalGraph
 96
      118
 97
      118
 91
        0
 93
       32
 95
        1
360
3EE
 92
        0
 92
        0
 92
        1
 92
        2
 91
        1
 93
       32
 95
        2
360
3EF
 92
       -1
 92
       -1
 92
        0
 92
        0
 91
        2
 93
       32
 95
        3
360
3F0
 92
        1
 92
        1
 92
       -1
 92
       -1
 91
        3
 93
       32
 95
        4
360
3F1
 92
        2
 92
        2
 92
       -1
 92
       -1
 91
        4
 93
       32
 95
        5
360
3F2
 92
       23
 92
       23
 92
       -1
 92
       -1
 91
        5
 93
       32
 95
       41
360
3F3
 92
        6
 92
        6
 92
        3
 92
        7
 91
        6
 93
       32
 95
       42
360
3F4
 92
       -1
 92
       -1
 92
        6
 92
        6
 91
        7
 93
       32
 95
       43
360
3F5
 92
        5
 92
        5
 92
       -1
 92
       -1
 91
        8
 93
       32
 95
       44
360
3F6
 92
        3
 92
        3
 92
       -1
 92
       -1
 91
        9
 93
       32
 95
       45
360
3F7
 92
        4
 92
        4
 92
       -1
 92
       -1
 91
       10
 93
       32
 95
       46
360
3F8
 92
        7
 92
        7
 92
       -1
 92
       -1
 91
       11
 93
       32
 95
       55
360
3F9
 92
       11
 92
       11
 92
        8
 92
       12
 91
       12
 93
       32
 95
       56
360
3FA
 92
       -1
 92
       -1
 92
       11
 92
       11
 91
       13
 93
       32
 95
       57
360
3FB
 92
       10
 92
       10
 92
       -1
 92
       -1
 91
       14
 93
       32
 95
       58
360
3FC
 92
        8
 92
        8
 92
       -1
 92
       -1
 91
       15
 93
       32
 95
       59
360
3FD
 92
        9
 92
        9
 92
       -1
 92
       -1
 91
       16
 93
       32
 95
       60
360
3FE
 92
       12
 92
       12
 92
       -1
 92
       -1
 91
       17
 93
       32
 95
      101
360
3FF
 92
       16
 92
       16
 92
       13
 92
       17
 91
       18
 93
       32
 95
      102
360
400
 92
       -1
 92
       -1
 92
       16
 92
       16
 91
       19
 93
       32
 95
      103
360
401
 92
       15
 92
       15
 92
       -1
 92
       -1
 91
       20
 93
       32
 95
      104
360
402
 92
       13
 92
       13
 92
       -1
 92
       -1
 91
       21
 93
       32
 95
      105
360
403
 92
       14
 92
       14
 92
       -1
 92
       -1
 91
       22
 93
       32
 95
      106
360
404
 92
       17
 92
       17
 92
       23
 92
       23
 91
       23
 93
       32
 95
      107
360
405
 92
       21
 92
       21
 92
       18
 92
       22
 91
       24
 93
       32
 95
      108
360
406
 92
       -1
 92
       -1
 92
       21
 92
       21
 91
       25
 93
       32
 95
      109
360
407
 92
       20
 92
       20
 92
       -1
 92
       -1
 91
       26
 93
       32
 95
      110
360
408
 92
       18
 92
       18
 92
       -1
 92
       -1
 91
       27
 93
       32
 95
      111
360
409
 92
       19
 92
       19
 92
       -1
 92
       -1
 91
       28
 93
       32
 95
      112
360
40A
 92
       22
 92
       22
 92
       -1
 92
       -1
 91
       29
 93
       32
 95
      113
360
40B
 92
       27
 92
       27
 92
       24
 92
       28
 91
       30
 93
       32
 95
      114
360
40C
 92
       -1
 92
       -1
 92
       27
 92
       27
 91
       31
 93
       32
 95
      115
360
40D
 92
       26
 92
       26
 92
       -1
 92
       -1
 91
       32
 93
       32
 95
      116
360
40E
 92
       24
 92
       24
 92
       -1
 92
       -1
 91
       33
 93
       32
 95
      117
360
40F
 92
       25
 92
       25
 92
       -1
 92
       -1
 91
       34
 93
       32
 95
      118
360
410
 92
       28
 92
       28
 92
       -1
 92
       -1
 92
        0
 93
        0
 94
        1
 91
        1
 91
        0
 92
       -1
 92
       -1
 92
       -1
 92
       -1
 92
       -1
 92
        1
 93
        0
 94
        1
 91
        0
 91
        2
 92
       -1
 92
       -1
 92
       -1
 92
        2
 92
       -1
 92
        2
 93
        0
 94
        1
 91
        0
 91
        3
 92
       -1
 92
       -1
 92
        1
 92
       -1
 92
       -1
 92
        3
 93
        0
 94
        1
 91
        5
 91
        8
 92
       -1
 92
       -1
 92
       -1
 92
        4
 92
       -1
 92
        4
 93
        0
 94
        1
 91
        5
 91
        9
 92
       -1
 92
       -1
 92
        3
 92
        5
 92
       -1
 92
        5
 93
        0
 94
        1
 91
        5
 91
        7
 92
       -1
 92
       -1
 92
        4
 92
        7
 92
       -1
 92
        6
 93
        0
 94
        1
 91
        6
 91
        5
 92
       -1
 92
       -1
 92
       -1
 92
       -1
 92
       -1
 92
        7
 93
        0
 94
        4
 91
        5
 91
       10
 92
       -1
 92
       -1
 92
        5
 92
       -1
 92
       -1
 92
        8
 93
        0
 94
        1
 91
       11
 91
       14
 92
       -1
 92
       -1
 92
       -1
 92
        9
 92
       -1
 92
        9
 93
        0
 94
        1
 91
       11
 91
       15
 92
       -1
 92
       -1
 92
        8
 92
       10
 92
       -1
 92
       10
 93
        0
 94
        1
 91
       11
 91
       13
 92
       -1
 92
       -1
 92
        9
 92
       12
 92
       -1
 92
       11
 93
        0
 94
        1
 91
       12
 91
       11
 92
       -1
 92
       -1
 92
       -1
 92
       -1
 92
       -1
 92
       12
 93
        0
 94
        4
 91
       11
 91
       16
 92
       -1
 92
       -1
 92
       10
 92
       -1
 92
       -1
 92
       13
 93
        0
 94
        1
 91
       17
 91
       20
 92
       -1
 92
       -1
 92
       -1
 92
       14
 92
       -1
 92
       14
 93
        0
 94
        1
 91
       17
 91
       21
 92
       -1
 92
       -1
 92
       13
 92
       15
 92
       -1
 92
       15
 93
        0
 94
        1
 91
       17
 91
       19
 92
       -1
 92
       -1
 92
       14
 92
       17
 92
       -1
 92
       16
 93
        0
 94
        1
 91
       18
 91
       17
 92
       -1
 92
       -1
 92
       -1
 92
       -1
 92
       -1
 92
       17
 93
        0
 94
        4
 91
       17
 91
       22
 92
       -1
 92
       -1
 92
       15
 92
       -1
 92
       -1
 92
       18
 93
        0
 94
        1
 91
       23
 91
       26
 92
       -1
 92
       -1
 92
       -1
 92
       19
 92
       -1
 92
       19
 93
        0
 94
        1
 91
       23
 91
       27
 92
       -1
 92
       -1
 92
       18
 92
       20
 92
       -1
 92
       20
 93
        0
 94
        1
 91
       23
 91
       25
 92
       -1
 92
       -1
 92
       19
 92
       22
 92
       -1
 92
       21
 93
        0
 94
        1
 91
       24
 91
       23
 92
       -1
 92
       -1
 92
       -1
 92
       -1
 92
       -1
 92
       22
 93
        0
 94
        4
 91
       23
 91
       28
 92
       -1
 92
       -1
 92
       20
 92
       -1
 92
       -1
 92
       23
 93
        0
 94
        1
 91
       22
 91
        4
 92
       -1
 92
       -1
 92
       -1
 92
       -1
 92
       -1
 92
       24
 93
        0
 94
        1
 91
       29
 91
       32
 92
       -1
 92
       -1
 92
       -1
 92
       25
 92
       -1
 92
       25
 93
        0
 94
        1
 91
       29
 91
       33
 92
       -1
 92
       -1
 92
       24
 92
       26
 92
       -1
 92
       26
 93
        0
 94
        1
 91
       29
 91
       31
 92
       -1
 92
       -1
 92
       25
 92
       28
 92
       -1
 92
       27
 93
        0
 94
        1
 91
       30
 91
       29
 92
       -1
 92
       -1
 92
       -1
 92
       -1
 92
       -1
 92
       28
 93
        0
 94
        4
 91
       29
 91
       34
 92
       -1
 92
       -1
 92
       26
 92
       -1
 92
       -1
  0
SORTENTSTABLE
  5
411
102
{ACAD_REACTORS
330
3EC
102
}
330
3EC
100
AcDbSortentsTable
330
3EB
  0
ACDB_DYNAMICBLOCKPURGEPREVENTER_VERSION
  5
412
102
{ACAD_REACTORS
330
3EC
102
}
330
3EC
100
AcDbDynamicBlockPurgePreventer
 70
     1
  0
SORTENTSTABLE
  5
4C0
102
{ACAD_REACTORS
330
4BF
102
}
330
4BF
100
AcDbSortentsTable
330
4BE
  0
SORTENTSTABLE
  5
526
102
{ACAD_REACTORS
330
525
102
}
330
525
100
AcDbSortentsTable
330
524
  0
ACAD_EVALUATION_GRAPH
  5
4E7
102
{ACAD_REACTORS
330
4E6
102
}
330
4E6
100
AcDbEvalGraph
 96
        4
 97
        4
 91
        0
 93
       32
 95
        1
360
4E8
 92
        0
 92
        0
 92
        1
 92
        2
 91
        1
 93
       32
 95
        2
360
4E9
 92
       -1
 92
       -1
 92
        0
 92
        0
 91
        2
 93
       32
 95
        3
360
4EA
 92
        1
 92
        1
 92
       -1
 92
       -1
 91
        3
 93
       32
 95
        4
360
4EB
 92
        2
 92
        2
 92
       -1
 92
       -1
 92
        0
 93
        0
 94
        1
 91
        1
 91
        0
 92
       -1
 92
       -1
 92
       -1
 92
       -1
 92
       -1
 92
        1
 93
        0
 94
        1
 91
        0
 91
        2
 92
       -1
 92
       -1
 92
       -1
 92
        2
 92
       -1
 92
        2
 93
        0
 94
        1
 91
        0
 91
        3
 92
       -1
 92
       -1
 92
        1
 92
       -1
 92
       -1
  0
SORTENTSTABLE
  5
4EC
102
{ACAD_REACTORS
330
4E6
102
}
330
4E6
100
AcDbSortentsTable
330
4E5
  0
ACDB_DYNAMICBLOCKPURGEPREVENTER_VERSION
  5
4ED
102
{ACAD_REACTORS
330
4E6
102
}
330
4E6
100
AcDbDynamicBlockPurgePreventer
 70
     1
  0
SORTENTSTABLE
  5
57B
102
{ACAD_REACTORS
330
57A
102
}
330
57A
100
AcDbSortentsTable
330
579
  0
DICTIONARY
  5
5A9
102
{ACAD_REACTORS
330
5A8
102
}
330
5A8
100
AcDbDictionary
280
     1
281
     1
  0
SORTENTSTABLE
  5
5CD
102
{ACAD_REACTORS
330
5CC
102
}
330
5CC
100
AcDbSortentsTable
330
5CB
  0
DICTIONARY
  5
5E6
102
{ACAD_REACTORS
330
5E5
102
}
330
5E5
100
AcDbDictionary
280
     1
281
     1
  0
SORTENTSTABLE
  5
65F
102
{ACAD_REACTORS
330
65E
102
}
330
65E
100
AcDbSortentsTable
330
65D
  0
ACAD_EVALUATION_GRAPH
  5
60A
102
{ACAD_REACTORS
330
609
102
}
330
609
100
AcDbEvalGraph
 96
       16
 97
       16
 91
        0
 93
       32
 95
        1
360
60B
 92
        0
 92
        0
 92
        1
 92
        2
 91
        1
 93
       32
 95
        2
360
60C
 92
       -1
 92
       -1
 92
        0
 92
        0
 91
        2
 93
       32
 95
        3
360
60D
 92
        1
 92
        1
 92
       -1
 92
       -1
 91
        3
 93
       32
 95
        4
360
60E
 92
        2
 92
        2
 92
       -1
 92
       -1
 91
        4
 93
       32
 95
        5
360
60F
 92
        5
 92
        5
 92
        3
 92
       12
 91
        5
 93
       32
 95
        6
360
610
 92
       -1
 92
       -1
 92
        5
 92
        5
 91
        6
 93
       32
 95
        7
360
611
 92
        3
 92
        3
 92
       -1
 92
       -1
 91
        7
 93
       32
 95
        8
360
612
 92
        4
 92
        4
 92
       -1
 92
       -1
 91
        8
 93
       32
 95
        9
360
613
 92
        6
 92
        6
 92
       -1
 92
       -1
 91
        9
 93
       32
 95
       10
360
614
 92
        7
 92
        7
 92
       -1
 92
       -1
 91
       10
 93
       32
 95
       11
360
615
 92
        8
 92
        8
 92
       -1
 92
       -1
 91
       11
 93
       32
 95
       13
360
616
 92
        9
 92
        9
 92
       -1
 92
       -1
 91
       12
 93
       32
 95
       14
360
617
 92
       10
 92
       10
 92
       -1
 92
       -1
 91
       13
 93
       32
 95
       15
360
618
 92
       11
 92
       11
 92
       -1
 92
       -1
 91
       14
 93
       32
 95
       16
360
619
 92
       12
 92
       12
 92
       -1
 92
       -1
 92
        0
 93
        0
 94
        1
 91
        1
 91
        0
 92
       -1
 92
       -1
 92
       -1
 92
       -1
 92
       -1
 92
        1
 93
        0
 94
        1
 91
        0
 91
        2
 92
       -1
 92
       -1
 92
       -1
 92
        2
 92
       -1
 92
        2
 93
        0
 94
        1
 91
        0
 91
        3
 92
       -1
 92
       -1
 92
        1
 92
       -1
 92
       -1
 92
        3
 93
        0
 94
        1
 91
        4
 91
        6
 92
       -1
 92
       -1
 92
       -1
 92
        4
 92
       -1
 92
        4
 93
        0
 94
        1
 91
        4
 91
        7
 92
       -1
 92
       -1
 92
        3
 92
        6
 92
       -1
 92
        5
 93
        0
 94
        2
 91
        5
 91
        4
 92
       -1
 92
       -1
 92
       -1
 92
       -1
 92
       -1
 92
        6
 93
        0
 94
        3
 91
        4
 91
        8
 92
       -1
 92
       -1
 92
        4
 92
        7
 92
       -1
 92
        7
 93
        0
 94
        3
 91
        4
 91
        9
 92
       -1
 92
       -1
 92
        6
 92
        8
 92
       -1
 92
        8
 93
        0
 94
        3
 91
        4
 91
       10
 92
       -1
 92
       -1
 92
        7
 92
        9
 92
       -1
 92
        9
 93
        0
 94
        3
 91
        4
 91
       11
 92
       -1
 92
       -1
 92
        8
 92
       10
 92
       -1
 92
       10
 93
        0
 94
        3
 91
        4
 91
       12
 92
       -1
 92
       -1
 92
        9
 92
       11
 92
       -1
 92
       11
 93
        0
 94
        3
 91
        4
 91
       13
 92
       -1
 92
       -1
 92
       10
 92
       12
 92
       -1
 92
       12
 93
        0
 94
        3
 91
        4
 91
       14
 92
       -1
 92
       -1
 92
       11
 92
       -1
 92
       -1
  0
SORTENTSTABLE
  5
61A
102
{ACAD_REACTORS
330
609
102
}
330
609
100
AcDbSortentsTable
330
608
  0
ACDB_DYNAMICBLOCKPURGEPREVENTER_VERSION
  5
61B
102
{ACAD_REACTORS
330
609
102
}
330
609
100
AcDbDynamicBlockPurgePreventer
 70
     1
  0
DICTIONARY
  5
887
102
{ACAD_REACTORS
330
886
102
}
330
886
100
AcDbDictionary
280
     1
281
     1
  0
SORTENTSTABLE
  5
890
102
{ACAD_REACTORS
330
88F
102
}
330
88F
100
AcDbSortentsTable
330
88E
  0
DICTIONARY
  5
3E9
102
{ACAD_REACTORS
330
3E8
102
}
330
3E8
100
AcDbDictionary
280
     1
281
     1
  3
AcDbRepData
360
3EA
  3
AppDataCache
360
43E
  0
DICTIONARY
  5
4A0
102
{ACAD_REACTORS
330
49F
102
}
330
49F
100
AcDbDictionary
280
     1
281
     1
  3
AcDbRepData
360
4A1
  3
AppDataCache
360
4A2
  0
DICTIONARY
  5
4E3
102
{ACAD_REACTORS
330
4E2
102
}
330
4E2
100
AcDbDictionary
280
     1
281
     1
  3
AcDbRepData
360
4E4
  3
AppDataCache
360
521
  0
DICTIONARY
  5
697
102
{ACAD_REACTORS
330
696
102
}
330
696
100
AcDbDictionary
280
     1
281
     1
  3
AcDbRepData
360
698
  3
AppDataCache
360
699
  0
DICTIONARY
  5
6C7
102
{ACAD_REACTORS
330
6C6
102
}
330
6C6
100
AcDbDictionary
280
     1
281
     1
  3
AcDbRepData
360
6C8
  3
AppDataCache
360
6C9
  0
DICTIONARY
  5
701
102
{ACAD_REACTORS
330
700
102
}
330
700
100
AcDbDictionary
280
     1
281
     1
  3
AcDbRepData
360
702
  3
AppDataCache
360
703
  0
DICTIONARY
  5
74A
102
{ACAD_REACTORS
330
749
102
}
330
749
100
AcDbDictionary
280
     1
281
     1
  3
AcDbRepData
360
74B
  3
AppDataCache
360
74C
  0
DICTIONARY
  5
784
102
{ACAD_REACTORS
330
783
102
}
330
783
100
AcDbDictionary
280
     1
281
     1
  3
AcDbRepData
360
785
  3
AppDataCache
360
786
  0
DICTIONARY
  5
7E2
102
{ACAD_REACTORS
330
7E1
102
}
330
7E1
100
AcDbDictionary
280
     1
281
     1
  3
AcDbRepData
360
7E3
  3
AppDataCache
360
7E4
  0
DICTIONARY
  5
841
102
{ACAD_REACTORS
330
840
102
}
330
840
100
AcDbDictionary
280
     1
281
     1
  3
AcDbRepData
360
842
  3
AppDataCache
360
843
  0
DICTIONARY
  5
8B4
102
{ACAD_REACTORS
330
8B3
102
}
330
8B3
100
AcDbDictionary
280
     1
281
     1
  3
AcDbRepData
360
8B5
  3
AppDataCache
360
8B6
  0
DICTIONARY
  5
8C8
102
{ACAD_REACTORS
330
8C7
102
}
330
8C7
100
AcDbDictionary
280
     1
281
     1
  3
AcDbRepData
360
8C9
  3
AppDataCache
360
8CA
  0
LAYOUT
  5
225
102
{ACAD_REACTORS
330
1A
102
}
330
1A
100
AcDbPlotSettings
  1

  2
none_device
  4
ISO_A0_(1189.00_x_841.00_MM)
  6

 40
7.5
 41
20.0
 42
7.5
 43
20.0
 44
1189.0
 45
841.0
 46
0.0
 47
0.0
 48
0.0
 49
0.0
140
0.0
141
0.0
142
1.0
143
1.0
 70
   688
 72
     1
 73
     0
 74
     5
  7

 75
    16
 76
     0
 77
     2
 78
   300
147
1.0
148
0.0
149
0.0
100
AcDbLayout
  1
A0
 70
     0
 71
     7
 10
0.0
 20
0.0
 11
0.0
 21
0.0
 12
0.0
 22
0.0
 32
0.0
 14
0.0
 24
0.0
 34
0.0
 15
0.0
 25
0.0
 35
0.0
146
0.0
 13
0.0
 23
0.0
 33
0.0
 16
1.0
 26
0.0
 36
0.0
 17
0.0
 27
1.0
 37
0.0
 76
     0
330
224
331
228
  0
LAYOUT
  5
220
102
{ACAD_REACTORS
330
1A
102
}
330
1A
100
AcDbPlotSettings
  1

  2
none_device
  4
ISO_A1_(841.00_x_594.00_MM)
  6

 40
7.5
 41
20.0
 42
7.5
 43
20.0
 44
841.0
 45
594.0
 46
0.0
 47
0.0
 48
0.0
 49
0.0
140
0.0
141
0.0
142
1.0
143
1.0
 70
   688
 72
     1
 73
     0
 74
     5
  7

 75
    16
 76
     0
 77
     2
 78
   300
147
1.0
148
0.0
149
0.0
100
AcDbLayout
  1
A1
 70
     1
 71
     6
 10
-20.0
 20
-7.5
 11
277.0
 21
202.5
 12
0.0
 22
0.0
 32
0.0
 14
0.0
 24
0.0
 34
0.0
 15
0.0
 25
0.0
 35
0.0
146
0.0
 13
0.0
 23
0.0
 33
0.0
 16
1.0
 26
0.0
 36
0.0
 17
0.0
 27
1.0
 37
0.0
 76
     0
330
21F
331
223
  0
LAYOUT
  5
21B
102
{ACAD_REACTORS
330
1A
102
}
330
1A
100
AcDbPlotSettings
  1

  2
none_device
  4
ISO_A2_(594.00_x_420.00_MM)
  6

 40
7.5
 41
20.0
 42
7.5
 43
20.0
 44
594.0
 45
420.0
 46
0.0
 47
0.0
 48
0.0
 49
0.0
140
0.0
141
0.0
142
1.0
143
1.0
 70
   688
 72
     1
 73
     0
 74
     5
  7

 75
    16
 76
     0
 77
     2
 78
   300
147
1.0
148
0.0
149
0.0
100
AcDbLayout
  1
A2
 70
     1
 71
     5
 10
0.0
 20
0.0
 11
0.0
 21
0.0
 12
0.0
 22
0.0
 32
0.0
 14
0.0
 24
0.0
 34
0.0
 15
0.0
 25
0.0
 35
0.0
146
0.0
 13
0.0
 23
0.0
 33
0.0
 16
1.0
 26
0.0
 36
0.0
 17
0.0
 27
1.0
 37
0.0
 76
     0
330
21A
331
21E
  0
LAYOUT
  5
216
102
{ACAD_REACTORS
330
1A
102
}
330
1A
100
AcDbPlotSettings
  1

  2
none_device
  4
ISO_A3_(420.00_x_297.00_MM)
  6

 40
7.5
 41
20.0
 42
7.5
 43
20.0
 44
420.0
 45
297.0
 46
0.0
 47
0.0
 48
0.0
 49
0.0
140
0.0
141
0.0
142
1.0
143
1.0
 70
   688
 72
     1
 73
     0
 74
     5
  7

 75
    16
 76
     0
 77
     2
 78
   300
147
1.0
148
0.0
149
0.0
100
AcDbLayout
  1
A3
 70
     1
 71
     4
 10
0.0
 20
0.0
 11
0.0
 21
0.0
 12
0.0
 22
0.0
 32
0.0
 14
0.0
 24
0.0
 34
0.0
 15
0.0
 25
0.0
 35
0.0
146
0.0
 13
0.0
 23
0.0
 33
0.0
 16
1.0
 26
0.0
 36
0.0
 17
0.0
 27
1.0
 37
0.0
 76
     0
330
215
331
219
  0
LAYOUT
  5
211
102
{ACAD_REACTORS
330
1A
102
}
330
1A
100
AcDbPlotSettings
  1

  2
none_device
  4
ISO_A4_(210.00_x_297.00_MM)
  6

 40
7.5
 41
20.0
 42
7.5
 43
20.0
 44
210.0
 45
297.0
 46
0.0
 47
0.0
 48
0.0
 49
0.0
140
0.0
141
0.0
142
1.0
143
1.0
 70
   688
 72
     1
 73
     0
 74
     5
  7

 75
    16
 76
     0
 77
     2
 78
   300
147
1.0
148
0.0
149
0.0
100
AcDbLayout
  1
A4
 70
     1
 71
     3
 10
0.0
 20
0.0
 11
0.0
 21
0.0
 12
0.0
 22
0.0
 32
0.0
 14
0.0
 24
0.0
 34
0.0
 15
0.0
 25
0.0
 35
0.0
146
0.0
 13
0.0
 23
0.0
 33
0.0
 16
1.0
 26
0.0
 36
0.0
 17
0.0
 27
1.0
 37
0.0
 76
     0
330
210
331
214
  0
LAYOUT
  5
D3
102
{ACAD_REACTORS
330
1A
102
}
330
1A
100
AcDbPlotSettings
  1

  2
none_device
  4
ISO_A4_(210.00_x_297.00_MM)
  6

 40
7.5
 41
20.0
 42
7.5
 43
20.0
 44
210.0
 45
297.0
 46
0.0
 47
0.0
 48
0.0
 49
0.0
140
0.0
141
0.0
142
1.0
143
1.0
 70
   688
 72
     1
 73
     1
 74
     5
  7

 75
    16
 76
     0
 77
     2
 78
   300
147
1.0
148
0.0
149
0.0
100
AcDbLayout
  1
Layout1
 70
     0
 71
     1
 10
0.0
 20
0.0
 11
12.0
 21
9.0
 12
0.0
 22
0.0
 32
0.0
 14
0.0
 24
0.0
 34
0.0
 15
0.0
 25
0.0
 35
0.0
146
0.0
 13
0.0
 23
0.0
 33
0.0
 16
1.0
 26
0.0
 36
0.0
 17
0.0
 27
1.0
 37
0.0
 76
     0
330
D2
331
229
  0
LAYOUT
  5
D7
102
{ACAD_REACTORS
330
1A
102
}
330
1A
100
AcDbPlotSettings
  1

  2
none_device
  4
ISO_A4_(210.00_x_297.00_MM)
  6

 40
7.5
 41
20.0
 42
7.5
 43
20.0
 44
210.0
 45
297.0
 46
0.0
 47
0.0
 48
0.0
 49
0.0
140
0.0
141
0.0
142
1.0
143
1.0
 70
   688
 72
     1
 73
     1
 74
     5
  7

 75
    16
 76
     0
 77
     2
 78
   300
147
1.0
148
0.0
149
0.0
100
AcDbLayout
  1
Layout2
 70
     0
 71
     2
 10
-20.0
 20
-7.5
 11
277.0
 21
202.5
 12
0.0
 22
0.0
 32
0.0
 14
0.0
 24
0.0
 34
0.0
 15
0.0
 25
0.0
 35
0.0
146
0.0
 13
0.0
 23
0.0
 33
0.0
 16
1.0
 26
0.0
 36
0.0
 17
0.0
 27
1.0
 37
0.0
 76
     0
330
D6
331
20F
  0
LAYOUT
  5
22
102
{ACAD_REACTORS
330
1A
102
}
102
{ACAD_XDICTIONARY
360
358
102
}
330
1A
100
AcDbPlotSettings
  1

  2
none_device
  4
ISO_A4_(210.00_x_297.00_MM)
  6

 40
7.5
 41
20.0
 42
7.5
 43
20.0
 44
210.0
 45
297.0
 46
0.0
 47
0.0
 48
0.0
 49
0.0
140
0.0
141
0.0
142
1.0
143
3.249677
 70
 11952
 72
     1
 73
     0
 74
     0
  7

 75
     0
 76
     0
 77
     2
 78
   300
147
0.307723
148
0.0
149
0.0
100
AcDbLayout
  1
Model
 70
     1
 71
     0
 10
0.0
 20
0.0
 11
420.0
 21
297.0
 12
0.0
 22
0.0
 32
0.0
 14
90.833691
 24
70.212126
 34
-0.000032
 15
120.599536
 25
117.982815
 35
0.000003
146
0.0
 13
0.0
 23
0.0
 33
0.0
 16
1.0
 26
0.0
 36
0.0
 17
0.0
 27
1.0
 37
0.0
 76
     0
330
1F
331
EA
1001
ACAD_PSEXT
1000
None
1000
None
1000
Not applicable
1000
The layout will not be plotted unless a new plotter configuration name is selected.
1070
     0
  0
MATERIAL
  5
ED
102
{ACAD_REACTORS
330
6A
102
}
330
6A
100
AcDbMaterial
  1
ByBlock
 72
     1
 73
     2
 78
     2
172
     2
176
     2
270
     2
274
     2
 94
       63
  0
MATERIAL
  5
EC
102
{ACAD_REACTORS
330
6A
102
}
330
6A
100
AcDbMaterial
  1
ByLayer
 72
     1
 73
     2
 78
     2
172
     2
176
     2
270
     2
274
     2
 94
       63
  0
MATERIAL
  5
EE
102
{ACAD_REACTORS
330
6A
102
}
330
6A
100
AcDbMaterial
  1
Global
 72
     1
 73
     2
 43
0.0008
 43
0.0
 43
0.0
 43
0.0
 43
0.0
 43
0.0008
 43
0.0
 43
0.0
 43
0.0
 43
0.0
 43
1.0
 43
0.0
 43
0.0
 43
0.0
 43
0.0
 43
1.0
 78
     2
172
     2
 49
0.0008
 49
0.0
 49
0.0
 49
0.0
 49
0.0
 49
0.0008
 49
0.0
 49
0.0
 49
0.0
 49
0.0
 49
1.0
 49
0.0
 49
0.0
 49
0.0
 49
0.0
 49
1.0
176
     2
142
0.0008
142
0.0
142
0.0
142
0.0
142
0.0
142
0.0008
142
0.0
142
0.0
142
0.0
142
0.0
142
1.0
142
0.0
142
0.0
142
0.0
142
0.0
142
1.0
270
     2
144
0.0008
144
0.0
144
0.0
144
0.0
144
0.0
144
0.0008
144
0.0
144
0.0
144
0.0
144
0.0
144
1.0
144
0.0
144
0.0
144
0.0
144
0.0
144
1.0
274
     2
 94
       63
1001
ACAD
1070
    -1
1070
     3
1070
     0
1000

1071
        0
1070
     0
  0
MLEADERSTYLE
  5
12E
102
{ACAD_REACTORS
330
12D
102
}
330
12D
100
AcDbMLeaderStyle
179
     2
170
     2
171
     1
172
     0
 90
        2
 40
0.0
 41
0.0
173
     1
 91
-1056964608
340
14
 92
       -2
290
     1
 42
2.0
291
     1
 43
8.0
  3
Standard
341
0
 44
4.0
300

342
11
174
     1
178
     1
175
     1
176
     0
 93
-1056964608
 45
4.0
292
     0
297
     0
 46
4.0
343
0
 94
-1056964608
 47
1.0
 49
1.0
140
1.0
293
     1
141
0.0
294
     1
177
     0
142
1.0
295
     0
296
     0
143
3.75
271
     0
272
     9
273
     9
298
     0
1001
ACAD_MLEADERVER
1070
     2
  0
MLEADERSTYLE
  5
13B
102
{ACAD_REACTORS
330
12D
102
}
330
12D
100
AcDbMLeaderStyle
179
     2
170
     2
171
     1
172
     0
 90
        2
 40
0.0
 41
0.0
173
     1
 91
-1056964608
340
14
 92
       -2
290
     1
 42
2.0
291
     1
 43
8.0
  3
Standard
341
0
 44
4.0
300

342
11
174
     1
178
     1
175
     1
176
     0
 93
-1056964608
 45
4.0
292
     0
297
     0
 46
4.0
343
0
 94
-1056964608
 47
1.0
 49
1.0
140
1.0
293
     1
141
0.0
294
     1
177
     0
142
1.0
295
     1
296
     0
143
3.75
271
     0
272
     9
273
     9
298
     0
1001
ACAD_MLEADERVER
1070
     2
  0
MLINESTYLE
  5
18
102
{ACAD_REACTORS
330
17
102
}
330
17
100
AcDbMlineStyle
  2
STANDARD
 70
     0
  3

 62
   256
 51
90.0
 52
90.0
 71
     2
 49
0.5
 62
   256
  6
BYLAYER
 49
-0.5
 62
   256
  6
BYLAYER
  0
ACDBPLACEHOLDER
  5
F
102
{ACAD_REACTORS
330
E
102
}
330
E
  0
SCALE
  5
10D
102
{ACAD_REACTORS
330
10C
102
}
330
10C
100
AcDbScale
 70
     0
300
1:1
140
1.0
141
1.0
290
     1
  0
SCALE
  5
1BE
102
{ACAD_REACTORS
330
10C
102
}
330
10C
100
AcDbScale
 70
     0
300
1:2
140
1.0
141
2.0
290
     0
  0
SCALE
  5
1BF
102
{ACAD_REACTORS
330
10C
102
}
330
10C
100
AcDbScale
 70
     0
300
1:4
140
1.0
141
4.0
290
     0
  0
SCALE
  5
1C0
102
{ACAD_REACTORS
330
10C
102
}
330
10C
100
AcDbScale
 70
     0
300
1:5
140
1.0
141
5.0
290
     0
  0
SCALE
  5
1C1
102
{ACAD_REACTORS
330
10C
102
}
330
10C
100
AcDbScale
 70
     0
300
1:8
140
1.0
141
8.0
290
     0
  0
SCALE
  5
1C2
102
{ACAD_REACTORS
330
10C
102
}
330
10C
100
AcDbScale
 70
     0
300
1:10
140
1.0
141
10.0
290
     0
  0
SCALE
  5
1C3
102
{ACAD_REACTORS
330
10C
102
}
330
10C
100
AcDbScale
 70
     0
300
1:16
140
1.0
141
16.0
290
     0
  0
SCALE
  5
1C4
102
{ACAD_REACTORS
330
10C
102
}
330
10C
100
AcDbScale
 70
     0
300
1:20
140
1.0
141
20.0
290
     0
  0
SCALE
  5
1C5
102
{ACAD_REACTORS
330
10C
102
}
330
10C
100
AcDbScale
 70
     0
300
1:30
140
1.0
141
30.0
290
     0
  0
SCALE
  5
1C6
102
{ACAD_REACTORS
330
10C
102
}
330
10C
100
AcDbScale
 70
     0
300
1:40
140
1.0
141
40.0
290
     0
  0
SCALE
  5
1C7
102
{ACAD_REACTORS
330
10C
102
}
330
10C
100
AcDbScale
 70
     0
300
1:50
140
1.0
141
50.0
290
     0
  0
SCALE
  5
1C8
102
{ACAD_REACTORS
330
10C
102
}
330
10C
100
AcDbScale
 70
     0
300
1:100
140
1.0
141
100.0
290
     0
  0
SCALE
  5
1C9
102
{ACAD_REACTORS
330
10C
102
}
330
10C
100
AcDbScale
 70
     0
300
2:1
140
2.0
141
1.0
290
     0
  0
SCALE
  5
1CA
102
{ACAD_REACTORS
330
10C
102
}
330
10C
100
AcDbScale
 70
     0
300
4:1
140
4.0
141
1.0
290
     0
  0
SCALE
  5
1CB
102
{ACAD_REACTORS
330
10C
102
}
330
10C
100
AcDbScale
 70
     0
300
8:1
140
8.0
141
1.0
290
     0
  0
SCALE
  5
1CC
102
{ACAD_REACTORS
330
10C
102
}
330
10C
100
AcDbScale
 70
     0
300
10:1
140
10.0
141
1.0
290
     0
  0
SCALE
  5
1CD
102
{ACAD_REACTORS
330
10C
102
}
330
10C
100
AcDbScale
 70
     0
300
100:1
140
100.0
141
1.0
290
     0
  0
TABLESTYLE
  5
7F
102
{ACAD_REACTORS
330
7E
102
}
102
{ACAD_XDICTIONARY
360
983
102
}
330
7E
100
AcDbTableStyle
  3
Standard
 70
     0
 71
     0
 40
1.5
 41
1.5
280
     0
281
     0
  7
Standard
140
4.5
170
     2
 62
     0
 63
   257
283
     0
 90
      512
 91
        0
  1

274
    -2
284
     1
 64
     0
275
    -2
285
     1
 65
     0
276
    -2
286
     1
 66
     0
277
    -2
287
     1
 67
     0
278
    -2
288
     1
 68
     0
279
    -2
289
     1
 69
     0
  7
Standard
140
6.0
170
     5
 62
     0
 63
   257
283
     0
 90
      512
 91
        0
  1

274
    -2
284
     1
 64
     0
275
    -2
285
     1
 65
     0
276
    -2
286
     1
 66
     0
277
    -2
287
     1
 67
     0
278
    -2
288
     1
 68
     0
279
    -2
289
     1
 69
     0
  7
Standard
140
4.5
170
     5
 62
     0
 63
   257
283
     0
 90
      512
 91
        0
  1

274
    -2
284
     1
 64
     0
275
    -2
285
     1
 65
     0
276
    -2
286
     1
 66
     0
277
    -2
287
     1
 67
     0
278
    -2
288
     1
 68
     0
279
    -2
289
     1
 69
     0
  0
VISUALSTYLE
  5
F5
102
{ACAD_REACTORS
330
EF
102
}
330
EF
100
AcDbVisualStyle
  2
2dWireframe
 70
     4
177
     3
291
     0
 70
    58
 90
        0
176
     1
 90
        2
176
     1
 90
        1
176
     1
 90
        0
176
     1
 40
-0.6
176
     1
 40
-30.0
176
     1
 62
     7
420
 16777215
176
     1
 90
        1
176
     1
 90
        4
176
     1
 62
     7
176
     1
 62
   257
176
     1
 90
        1
176
     1
 90
        1
176
     1
 40
1.0
176
     1
 90
        0
176
     1
 62
   257
176
     1
 40
1.0
176
     1
 90
        1
176
     1
 90
        6
176
     1
 90
        2
176
     1
 62
     7
176
     1
 90
        5
176
     1
 90
        0
176
     1
 90
        0
176
     1
290
     0
176
     1
 90
        1
176
     1
 40
0.0
176
     1
 90
        0
176
     1
290
     1
176
     1
290
     1
176
     1
290
     0
176
     1
290
     0
176
     1
290
     0
176
     1
290
     0
176
     1
290
     0
176
     1
290
     0
176
     1
290
     0
176
     1
 90
       50
176
     1
 40
0.0
176
     1
 40
1.0
176
     1
 90
        0
176
     1
 62
    18
420
        0
176
     1
 90
       50
176
     1
 90
        3
176
     1
 62
     5
420
      255
176
     1
290
     0
176
     1
 90
       50
176
     1
 90
       50
176
     1
 90
       50
176
     1
290
     0
176
     1
 90
       50
176
     1
 62
   256
176
     0
 40
1.0
176
     0
 90
        2
176
     1
  1
strokes_ogs.tif
176
     1
290
     0
176
     1
 40
1.0
176
     1
 40
1.0
176
     1
  0
VISUALSTYLE
  5
F7
102
{ACAD_REACTORS
330
EF
102
}
330
EF
100
AcDbVisualStyle
  2
3D Hidden
 70
     6
177
     3
291
     0
 70
    58
 90
        1
176
     1
 90
        2
176
     1
 90
        2
176
     1
 90
        0
176
     1
 40
-0.6
176
     1
 40
-30.0
176
     1
 62
     7
420
 16777215
176
     1
 90
        2
176
     1
 90
        2
176
     1
 62
     7
176
     1
 62
   257
176
     1
 90
        2
176
     1
 90
        1
176
     1
 40
40.0
176
     1
 90
        0
176
     1
 62
   257
176
     1
 40
1.0
176
     1
 90
        1
176
     1
 90
        6
176
     1
 90
        2
176
     1
 62
     7
176
     1
 90
        3
176
     1
 90
        0
176
     1
 90
        0
176
     1
290
     0
176
     1
 90
        1
176
     1
 40
0.0
176
     1
 90
        0
176
     1
290
     0
176
     1
290
     1
176
     1
290
     1
176
     1
290
     0
176
     1
290
     0
176
     1
290
     0
176
     1
290
     0
176
     1
290
     0
176
     1
290
     0
176
     1
 90
       50
176
     1
 40
0.0
176
     1
 40
1.0
176
     1
 90
        0
176
     1
 62
    18
420
        0
176
     1
 90
       50
176
     1
 90
        3
176
     1
 62
     5
420
      255
176
     1
290
     0
176
     1
 90
       50
176
     1
 90
       50
176
     1
 90
       50
176
     1
290
     0
176
     1
 90
       50
176
     1
 62
   256
176
     0
 40
1.0
176
     0
 90
        2
176
     1
  1
strokes_ogs.tif
176
     1
290
     0
176
     1
 40
1.0
176
     1
 40
1.0
176
     1
  0
VISUALSTYLE
  5
F6
102
{ACAD_REACTORS
330
EF
102
}
330
EF
100
AcDbVisualStyle
  2
3dWireframe
 70
     5
177
     3
291
     0
 70
    58
 90
        0
176
     1
 90
        2
176
     1
 90
        1
176
     1
 90
        0
176
     1
 40
-0.6
176
     1
 40
-30.0
176
     1
 62
     7
420
 16777215
176
     1
 90
        1
176
     1
 90
        4
176
     1
 62
     7
176
     1
 62
   257
176
     1
 90
        1
176
     1
 90
        1
176
     1
 40
1.0
176
     1
 90
        0
176
     1
 62
   257
176
     1
 40
1.0
176
     1
 90
        1
176
     1
 90
        6
176
     1
 90
        2
176
     1
 62
     7
176
     1
 90
        5
176
     1
 90
        0
176
     1
 90
        0
176
     1
290
     0
176
     1
 90
        1
176
     1
 40
0.0
176
     1
 90
        0
176
     1
290
     0
176
     1
290
     1
176
     1
290
     1
176
     1
290
     0
176
     1
290
     0
176
     1
290
     0
176
     1
290
     0
176
     1
290
     0
176
     1
290
     0
176
     1
 90
       50
176
     1
 40
0.0
176
     1
 40
1.0
176
     1
 90
        0
176
     1
 62
    18
420
        0
176
     1
 90
       50
176
     1
 90
        3
176
     1
 62
     5
420
      255
176
     1
290
     0
176
     1
 90
       50
176
     1
 90
       50
176
     1
 90
       50
176
     1
290
     0
176
     1
 90
       50
176
     1
 62
   256
176
     0
 40
1.0
176
     0
 90
        2
176
     1
  1
strokes_ogs.tif
176
     1
290
     0
176
     1
 40
1.0
176
     1
 40
1.0
176
     1
  0
VISUALSTYLE
  5
F4
102
{ACAD_REACTORS
330
EF
102
}
330
EF
100
AcDbVisualStyle
  2
Basic
 70
     7
177
     3
291
     1
 70
    58
 90
        1
176
     1
 90
        0
176
     1
 90
        1
176
     1
 90
        0
176
     1
 40
-0.6
176
     1
 40
-30.0
176
     1
 62
     7
420
 16777215
176
     1
 90
        0
176
     1
 90
        4
176
     1
 62
     7
176
     1
 62
   257
176
     1
 90
        1
176
     1
 90
        1
176
     1
 40
1.0
176
     1
 90
        8
176
     1
 62
     7
176
     1
 40
1.0
176
     1
 90
        1
176
     1
 90
        6
176
     1
 90
        2
176
     1
 62
     7
176
     1
 90
        5
176
     1
 90
        0
176
     1
 90
        0
176
     1
290
     0
176
     1
 90
        1
176
     1
 40
0.0
176
     1
 90
        0
176
     1
290
     0
176
     1
290
     1
176
     1
290
     1
176
     1
290
     0
176
     1
290
     0
176
     1
290
     0
176
     1
290
     0
176
     1
290
     0
176
     1
290
     0
176
     1
 90
       50
176
     1
 40
0.0
176
     1
 40
1.0
176
     1
 90
        0
176
     1
 62
    18
420
        0
176
     1
 90
       50
176
     1
 90
        3
176
     1
 62
     5
420
      255
176
     1
290
     0
176
     1
 90
       50
176
     1
 90
       50
176
     1
 90
       50
176
     1
290
     0
176
     1
 90
       50
176
     1
 62
   256
176
     0
 40
1.0
176
     0
 90
        2
176
     1
  1
strokes_ogs.tif
176
     1
290
     0
176
     1
 40
1.0
176
     1
 40
1.0
176
     1
  0
VISUALSTYLE
  5
FB
102
{ACAD_REACTORS
330
EF
102
}
330
EF
100
AcDbVisualStyle
  2
Brighten
 70
    12
177
     3
291
     1
 70
    58
 90
        2
176
     1
 90
        2
176
     1
 90
        1
176
     1
 90
        0
176
     1
 40
-0.6
176
     1
 40
-30.0
176
     1
 62
     7
420
 16777215
176
     1
 90
        1
176
     1
 90
        4
176
     1
 62
     7
176
     1
 62
   257
176
     1
 90
        1
176
     1
 90
        1
176
     1
 40
1.0
176
     1
 90
        8
176
     1
 62
     7
176
     1
 40
1.0
176
     1
 90
        1
176
     1
 90
        6
176
     1
 90
        2
176
     1
 62
     7
176
     1
 90
        5
176
     1
 90
        0
176
     1
 90
        0
176
     1
290
     0
176
     1
 90
        1
176
     1
 40
50.0
176
     1
 90
        0
176
     1
290
     0
176
     1
290
     1
176
     1
290
     1
176
     1
290
     0
176
     1
290
     0
176
     1
290
     0
176
     1
290
     0
176
     1
290
     0
176
     1
290
     0
176
     1
 90
       50
176
     1
 40
0.0
176
     1
 40
1.0
176
     1
 90
        0
176
     1
 62
    18
420
        0
176
     1
 90
       50
176
     1
 90
        3
176
     1
 62
     5
420
      255
176
     1
290
     0
176
     1
 90
       50
176
     1
 90
       50
176
     1
 90
       50
176
     1
290
     0
176
     1
 90
       50
176
     1
 62
   256
176
     0
 40
1.0
176
     0
 90
        2
176
     1
  1
strokes_ogs.tif
176
     1
290
     0
176
     1
 40
1.0
176
     1
 40
1.0
176
     1
  0
VISUALSTYLE
  5
FF
102
{ACAD_REACTORS
330
EF
102
}
330
EF
100
AcDbVisualStyle
  2
ColorChange
 70
    16
177
     3
291
     1
 70
    58
 90
        2
176
     1
 90
        2
176
     1
 90
        3
176
     1
 90
        0
176
     1
 40
-0.6
176
     1
 40
-30.0
176
     1
 62
     8
420
  8421504
176
     1
 90
        1
176
     1
 90
        4
176
     1
 62
     7
176
     1
 62
   257
176
     1
 90
        1
176
     1
 90
        1
176
     1
 40
1.0
176
     1
 90
        8
176
     1
 62
     8
420
  8421504
176
     1
 40
1.0
176
     1
 90
        1
176
     1
 90
        6
176
     1
 90
        2
176
     1
 62
     7
176
     1
 90
        5
176
     1
 90
        0
176
     1
 90
        0
176
     1
290
     0
176
     1
 90
        1
176
     1
 40
0.0
176
     1
 90
        0
176
     1
290
     0
176
     1
290
     1
176
     1
290
     1
176
     1
290
     0
176
     1
290
     0
176
     1
290
     0
176
     1
290
     0
176
     1
290
     0
176
     1
290
     0
176
     1
 90
       50
176
     1
 40
0.0
176
     1
 40
1.0
176
     1
 90
        0
176
     1
 62
    18
420
        0
176
     1
 90
       50
176
     1
 90
        3
176
     1
 62
     5
420
      255
176
     1
290
     0
176
     1
 90
       50
176
     1
 90
       50
176
     1
 90
       50
176
     1
290
     0
176
     1
 90
       50
176
     1
 62
   256
176
     0
 40
1.0
176
     0
 90
        2
176
     1
  1
strokes_ogs.tif
176
     1
290
     0
176
     1
 40
1.0
176
     1
 40
1.0
176
     1
  0
VISUALSTYLE
  5
F8
102
{ACAD_REACTORS
330
EF
102
}
330
EF
100
AcDbVisualStyle
  2
Conceptual
 70
     9
177
     3
291
     0
 70
    58
 90
        3
176
     1
 90
        2
176
     1
 90
        1
176
     1
 90
        0
176
     1
 40
-0.6
176
     1
 40
-30.0
176
     1
 62
     7
420
 16777215
176
     1
 90
        2
176
     1
 90
        2
176
     1
 62
     7
176
     1
 62
   257
176
     1
 90
        1
176
     1
 90
        1
176
     1
 40
40.0
176
     1
 90
        8
176
     1
 62
     7
176
     1
 40
1.0
176
     1
 90
        1
176
     1
 90
        6
176
     1
 90
        2
176
     1
 62
     7
176
     1
 90
        3
176
     1
 90
        0
176
     1
 90
        0
176
     1
290
     0
176
     1
 90
        1
176
     1
 40
0.0
176
     1
 90
        0
176
     1
290
     0
176
     1
290
     1
176
     1
290
     1
176
     1
290
     0
176
     1
290
     0
176
     1
290
     0
176
     1
290
     0
176
     1
290
     0
176
     1
290
     0
176
     1
 90
       50
176
     1
 40
0.0
176
     1
 40
1.0
176
     1
 90
        0
176
     1
 62
    18
420
        0
176
     1
 90
       50
176
     1
 90
        3
176
     1
 62
     5
420
      255
176
     1
290
     0
176
     1
 90
       50
176
     1
 90
       50
176
     1
 90
       50
176
     1
290
     0
176
     1
 90
       50
176
     1
 62
   256
176
     0
 40
1.0
176
     0
 90
        2
176
     1
  1
strokes_ogs.tif
176
     1
290
     0
176
     1
 40
1.0
176
     1
 40
1.0
176
     1
  0
VISUALSTYLE
  5
FA
102
{ACAD_REACTORS
330
EF
102
}
330
EF
100
AcDbVisualStyle
  2
Dim
 70
    11
177
     3
291
     1
 70
    58
 90
        2
176
     1
 90
        2
176
     1
 90
        1
176
     1
 90
        0
176
     1
 40
-0.6
176
     1
 40
-30.0
176
     1
 62
     7
420
 16777215
176
     1
 90
        1
176
     1
 90
        4
176
     1
 62
     7
176
     1
 62
   257
176
     1
 90
        1
176
     1
 90
        1
176
     1
 40
1.0
176
     1
 90
        8
176
     1
 62
     7
176
     1
 40
1.0
176
     1
 90
        1
176
     1
 90
        6
176
     1
 90
        2
176
     1
 62
     7
176
     1
 90
        5
176
     1
 90
        0
176
     1
 90
        0
176
     1
290
     0
176
     1
 90
        1
176
     1
 40
-50.0
176
     1
 90
        0
176
     1
290
     0
176
     1
290
     1
176
     1
290
     1
176
     1
290
     0
176
     1
290
     0
176
     1
290
     0
176
     1
290
     0
176
     1
290
     0
176
     1
290
     0
176
     1
 90
       50
176
     1
 40
0.0
176
     1
 40
1.0
176
     1
 90
        0
176
     1
 62
    18
420
        0
176
     1
 90
       50
176
     1
 90
        3
176
     1
 62
     5
420
      255
176
     1
290
     0
176
     1
 90
       50
176
     1
 90
       50
176
     1
 90
       50
176
     1
290
     0
176
     1
 90
       50
176
     1
 62
   256
176
     0
 40
1.0
176
     0
 90
        2
176
     1
  1
strokes_ogs.tif
176
     1
290
     0
176
     1
 40
1.0
176
     1
 40
1.0
176
     1
  0
VISUALSTYLE
  5
35E
102
{ACAD_REACTORS
330
EF
102
}
330
EF
100
AcDbVisualStyle
  2
EdgeColorOff
 70
    22
177
     3
291
     1
 70
    58
 90
        2
176
     0
 90
        2
176
     0
 90
        0
176
     0
 90
        0
176
     0
 40
0.6
176
     0
 40
30.0
176
     0
 62
     7
420
 16777215
176
     0
 90
        1
176
     0
 90
        4
176
     0
 62
     7
176
     0
 62
   257
176
     0
 90
        1
176
     0
 90
        1
176
     0
 40
1.0
176
     0
 90
        8
176
     2
 62
     7
176
     0
 40
1.0
176
     0
 90
        1
176
     0
 90
        6
176
     0
 90
        2
176
     0
 62
     7
176
     0
 90
        5
176
     0
 90
        0
176
     0
 90
        0
176
     0
290
     0
176
     0
 90
        1
176
     0
 40
0.0
176
     0
 90
        0
176
     0
290
     0
176
     0
290
     1
176
     0
290
     1
176
     0
290
     0
176
     0
290
     0
176
     0
290
     0
176
     0
290
     0
176
     0
290
     0
176
     0
290
     0
176
     0
 90
       50
176
     0
 40
0.0
176
     0
 40
1.0
176
     0
 90
        0
176
     0
 62
    18
420
        0
176
     0
 90
       50
176
     0
 90
        3
176
     0
 62
     5
420
      255
176
     0
290
     0
176
     0
 90
       50
176
     0
 90
       50
176
     0
 90
       50
176
     0
290
     0
176
     0
 90
       50
176
     0
 62
   256
176
     0
 40
1.0
176
     0
 90
        2
176
     0
  1
strokes_ogs.tif
176
     0
290
     0
176
     0
 40
1.0
176
     0
 40
1.0
176
     0
  0
VISUALSTYLE
  5
FE
102
{ACAD_REACTORS
330
EF
102
}
330
EF
100
AcDbVisualStyle
  2
Facepattern
 70
    15
177
     3
291
     1
 70
    58
 90
        2
176
     1
 90
        2
176
     1
 90
        1
176
     1
 90
        0
176
     1
 40
-0.6
176
     1
 40
-30.0
176
     1
 62
     7
420
 16777215
176
     1
 90
        1
176
     1
 90
        4
176
     1
 62
     7
176
     1
 62
   257
176
     1
 90
        1
176
     1
 90
        1
176
     1
 40
1.0
176
     1
 90
        8
176
     1
 62
     7
176
     1
 40
1.0
176
     1
 90
        1
176
     1
 90
        6
176
     1
 90
        2
176
     1
 62
     7
176
     1
 90
        5
176
     1
 90
        0
176
     1
 90
        0
176
     1
290
     0
176
     1
 90
        1
176
     1
 40
0.0
176
     1
 90
        0
176
     1
290
     0
176
     1
290
     1
176
     1
290
     1
176
     1
290
     0
176
     1
290
     0
176
     1
290
     0
176
     1
290
     0
176
     1
290
     0
176
     1
290
     0
176
     1
 90
       50
176
     1
 40
0.0
176
     1
 40
1.0
176
     1
 90
        0
176
     1
 62
    18
420
        0
176
     1
 90
       50
176
     1
 90
        3
176
     1
 62
     5
420
      255
176
     1
290
     0
176
     1
 90
       50
176
     1
 90
       50
176
     1
 90
       50
176
     1
290
     0
176
     1
 90
       50
176
     1
 62
   256
176
     0
 40
1.0
176
     0
 90
        2
176
     1
  1
strokes_ogs.tif
176
     1
290
     0
176
     1
 40
1.0
176
     1
 40
1.0
176
     1
  0
VISUALSTYLE
  5
F0
102
{ACAD_REACTORS
330
EF
102
}
330
EF
100
AcDbVisualStyle
  2
Flat
 70
     0
177
     3
291
     1
 70
    58
 90
        2
176
     1
 90
        1
176
     1
 90
        1
176
     1
 90
        2
176
     1
 40
-0.6
176
     1
 40
30.0
176
     1
 62
     7
420
 16777215
176
     1
 90
        0
176
     1
 90
        4
176
     1
 62
     7
176
     1
 62
   257
176
     1
 90
        1
176
     1
 90
        1
176
     1
 40
1.0
176
     1
 90
        8
176
     1
 62
     7
176
     1
 40
1.0
176
     1
 90
        1
176
     1
 90
        6
176
     1
 90
        2
176
     1
 62
     7
176
     1
 90
        5
176
     1
 90
        0
176
     1
 90
        0
176
     1
290
     0
176
     1
 90
        1
176
     1
 40
0.0
176
     1
 90
        0
176
     1
290
     0
176
     1
290
     1
176
     1
290
     1
176
     1
290
     0
176
     1
290
     0
176
     1
290
     0
176
     1
290
     0
176
     1
290
     0
176
     1
290
     0
176
     1
 90
       50
176
     1
 40
0.0
176
     1
 40
1.0
176
     1
 90
        0
176
     1
 62
    18
420
        0
176
     1
 90
       50
176
     1
 90
        3
176
     1
 62
     5
420
      255
176
     1
290
     0
176
     1
 90
       50
176
     1
 90
       50
176
     1
 90
       50
176
     1
290
     0
176
     1
 90
       50
176
     1
 62
   256
176
     0
 40
1.0
176
     0
 90
        2
176
     1
  1
strokes_ogs.tif
176
     1
290
     0
176
     1
 40
1.0
176
     1
 40
1.0
176
     1
  0
VISUALSTYLE
  5
F1
102
{ACAD_REACTORS
330
EF
102
}
330
EF
100
AcDbVisualStyle
  2
FlatWithEdges
 70
     1
177
     3
291
     1
 70
    58
 90
        2
176
     1
 90
        1
176
     1
 90
        1
176
     1
 90
        2
176
     1
 40
-0.6
176
     1
 40
30.0
176
     1
 62
     7
420
 16777215
176
     1
 90
        1
176
     1
 90
        4
176
     1
 62
     7
176
     1
 62
   257
176
     1
 90
        1
176
     1
 90
        1
176
     1
 40
1.0
176
     1
 90
        0
176
     1
 62
   257
176
     1
 40
1.0
176
     1
 90
        1
176
     1
 90
        6
176
     1
 90
        2
176
     1
 62
     7
176
     1
 90
        5
176
     1
 90
        0
176
     1
 90
        0
176
     1
290
     0
176
     1
 90
        1
176
     1
 40
0.0
176
     1
 90
        0
176
     1
290
     0
176
     1
290
     1
176
     1
290
     1
176
     1
290
     0
176
     1
290
     0
176
     1
290
     0
176
     1
290
     0
176
     1
290
     0
176
     1
290
     0
176
     1
 90
       50
176
     1
 40
0.0
176
     1
 40
1.0
176
     1
 90
        0
176
     1
 62
    18
420
        0
176
     1
 90
       50
176
     1
 90
        3
176
     1
 62
     5
420
      255
176
     1
290
     0
176
     1
 90
       50
176
     1
 90
       50
176
     1
 90
       50
176
     1
290
     0
176
     1
 90
       50
176
     1
 62
   256
176
     0
 40
1.0
176
     0
 90
        2
176
     1
  1
strokes_ogs.tif
176
     1
290
     0
176
     1
 40
1.0
176
     1
 40
1.0
176
     1
  0
VISUALSTYLE
  5
F2
102
{ACAD_REACTORS
330
EF
102
}
330
EF
100
AcDbVisualStyle
  2
Gouraud
 70
     2
177
     3
291
     1
 70
    58
 90
        2
176
     1
 90
        2
176
     1
 90
        1
176
     1
 90
        2
176
     1
 40
-0.6
176
     1
 40
30.0
176
     1
 62
     7
420
 16777215
176
     1
 90
        0
176
     1
 90
        4
176
     1
 62
     7
176
     1
 62
   257
176
     1
 90
        1
176
     1
 90
        1
176
     1
 40
1.0
176
     1
 90
        0
176
     1
 62
     7
176
     1
 40
1.0
176
     1
 90
        1
176
     1
 90
        6
176
     1
 90
        2
176
     1
 62
     7
176
     1
 90
        5
176
     1
 90
        0
176
     1
 90
        0
176
     1
290
     0
176
     1
 90
        1
176
     1
 40
0.0
176
     1
 90
        0
176
     1
290
     0
176
     1
290
     1
176
     1
290
     1
176
     1
290
     0
176
     1
290
     0
176
     1
290
     0
176
     1
290
     0
176
     1
290
     0
176
     1
290
     0
176
     1
 90
       50
176
     1
 40
0.0
176
     1
 40
1.0
176
     1
 90
        0
176
     1
 62
    18
420
        0
176
     1
 90
       50
176
     1
 90
        3
176
     1
 62
     5
420
      255
176
     1
290
     0
176
     1
 90
       50
176
     1
 90
       50
176
     1
 90
       50
176
     1
290
     0
176
     1
 90
       50
176
     1
 62
   256
176
     0
 40
1.0
176
     0
 90
        2
176
     1
  1
strokes_ogs.tif
176
     1
290
     0
176
     1
 40
1.0
176
     1
 40
1.0
176
     1
  0
VISUALSTYLE
  5
F3
102
{ACAD_REACTORS
330
EF
102
}
330
EF
100
AcDbVisualStyle
  2
GouraudWithEdges
 70
     3
177
     3
291
     1
 70
    58
 90
        2
176
     1
 90
        2
176
     1
 90
        1
176
     1
 90
        2
176
     1
 40
-0.6
176
     1
 40
30.0
176
     1
 62
     7
420
 16777215
176
     1
 90
        1
176
     1
 90
        4
176
     1
 62
     7
176
     1
 62
   257
176
     1
 90
        1
176
     1
 90
        1
176
     1
 40
1.0
176
     1
 90
        0
176
     1
 62
   257
176
     1
 40
1.0
176
     1
 90
        1
176
     1
 90
        6
176
     1
 90
        2
176
     1
 62
     7
176
     1
 90
        5
176
     1
 90
        0
176
     1
 90
        0
176
     1
290
     0
176
     1
 90
        1
176
     1
 40
0.0
176
     1
 90
        0
176
     1
290
     0
176
     1
290
     1
176
     1
290
     1
176
     1
290
     0
176
     1
290
     0
176
     1
290
     0
176
     1
290
     0
176
     1
290
     0
176
     1
290
     0
176
     1
 90
       50
176
     1
 40
0.0
176
     1
 40
1.0
176
     1
 90
        0
176
     1
 62
    18
420
        0
176
     1
 90
       50
176
     1
 90
        3
176
     1
 62
     5
420
      255
176
     1
290
     0
176
     1
 90
       50
176
     1
 90
       50
176
     1
 90
       50
176
     1
290
     0
176
     1
 90
       50
176
     1
 62
   256
176
     0
 40
1.0
176
     0
 90
        2
176
     1
  1
strokes_ogs.tif
176
     1
290
     0
176
     1
 40
1.0
176
     1
 40
1.0
176
     1
  0
VISUALSTYLE
  5
35B
102
{ACAD_REACTORS
330
EF
102
}
330
EF
100
AcDbVisualStyle
  2
Hidden
 70
     6
177
     3
291
     0
 70
    58
 90
        1
176
     1
 90
        2
176
     1
 90
        2
176
     1
 90
        0
176
     1
 40
0.6
176
     1
 40
30.0
176
     1
 62
     7
420
 16777215
176
     1
 90
        2
176
     1
 90
        2
176
     1
 62
     7
176
     1
 62
   257
176
     1
 90
        2
176
     1
 90
        1
176
     1
 40
40.0
176
     1
 90
        0
176
     1
 62
   257
176
     1
 40
1.0
176
     1
 90
        1
176
     1
 90
        6
176
     1
 90
        2
176
     1
 62
     7
176
     1
 90
        3
176
     1
 90
        0
176
     1
 90
        0
176
     1
290
     0
176
     1
 90
        1
176
     1
 40
0.0
176
     1
 90
        0
176
     1
290
     0
176
     1
290
     1
176
     1
290
     1
176
     1
290
     0
176
     1
290
     0
176
     1
290
     0
176
     1
290
     0
176
     1
290
     0
176
     1
290
     0
176
     1
 90
       50
176
     1
 40
0.0
176
     1
 40
1.0
176
     1
 90
        0
176
     1
 62
    18
420
        0
176
     1
 90
       50
176
     1
 90
        3
176
     1
 62
     5
420
      255
176
     1
290
     0
176
     1
 90
       50
176
     1
 90
       50
176
     1
 90
       50
176
     1
290
     0
176
     1
 90
       50
176
     1
 62
   256
176
     0
 40
1.0
176
     0
 90
        2
176
     1
  1
strokes_ogs.tif
176
     1
290
     0
176
     1
 40
1.0
176
     1
 40
1.0
176
     1
  0
VISUALSTYLE
  5
35C
102
{ACAD_REACTORS
330
EF
102
}
330
EF
100
AcDbVisualStyle
  2
JitterOff
 70
    20
177
     3
291
     1
 70
    58
 90
        2
176
     0
 90
        2
176
     0
 90
        0
176
     0
 90
        0
176
     0
 40
0.6
176
     0
 40
30.0
176
     0
 62
     7
420
 16777215
176
     0
 90
        1
176
     0
 90
        4
176
     0
 62
     7
176
     0
 62
   257
176
     0
 90
        1
176
     0
 90
        1
176
     0
 40
1.0
176
     0
 90
       10
176
     2
 62
     7
176
     0
 40
1.0
176
     0
 90
        1
176
     0
 90
        6
176
     0
 90
        2
176
     0
 62
     7
176
     0
 90
        5
176
     0
 90
        0
176
     0
 90
        0
176
     0
290
     0
176
     0
 90
        1
176
     0
 40
0.0
176
     0
 90
        0
176
     0
290
     0
176
     0
290
     1
176
     0
290
     1
176
     0
290
     0
176
     0
290
     0
176
     0
290
     0
176
     0
290
     0
176
     0
290
     0
176
     0
290
     0
176
     0
 90
       50
176
     0
 40
0.0
176
     0
 40
1.0
176
     0
 90
        0
176
     0
 62
    18
420
        0
176
     0
 90
       50
176
     0
 90
        3
176
     0
 62
     5
420
      255
176
     0
290
     0
176
     0
 90
       50
176
     0
 90
       50
176
     0
 90
       50
176
     0
290
     0
176
     0
 90
       50
176
     0
 62
   256
176
     0
 40
1.0
176
     0
 90
        2
176
     0
  1
strokes_ogs.tif
176
     0
290
     0
176
     0
 40
1.0
176
     0
 40
1.0
176
     0
  0
VISUALSTYLE
  5
FD
102
{ACAD_REACTORS
330
EF
102
}
330
EF
100
AcDbVisualStyle
  2
Linepattern
 70
    14
177
     3
291
     1
 70
    58
 90
        2
176
     1
 90
        2
176
     1
 90
        1
176
     1
 90
        0
176
     1
 40
-0.6
176
     1
 40
-30.0
176
     1
 62
     7
420
 16777215
176
     1
 90
        1
176
     1
 90
        4
176
     1
 62
     7
176
     1
 62
   257
176
     1
 90
        7
176
     1
 90
        7
176
     1
 40
1.0
176
     1
 90
        8
176
     1
 62
     7
176
     1
 40
1.0
176
     1
 90
        1
176
     1
 90
        6
176
     1
 90
        2
176
     1
 62
     7
176
     1
 90
        5
176
     1
 90
        0
176
     1
 90
        0
176
     1
290
     0
176
     1
 90
        1
176
     1
 40
0.0
176
     1
 90
        0
176
     1
290
     0
176
     1
290
     1
176
     1
290
     1
176
     1
290
     0
176
     1
290
     0
176
     1
290
     0
176
     1
290
     0
176
     1
290
     0
176
     1
290
     0
176
     1
 90
       50
176
     1
 40
0.0
176
     1
 40
1.0
176
     1
 90
        0
176
     1
 62
    18
420
        0
176
     1
 90
       50
176
     1
 90
        3
176
     1
 62
     5
420
      255
176
     1
290
     0
176
     1
 90
       50
176
     1
 90
       50
176
     1
 90
       50
176
     1
290
     0
176
     1
 90
       50
176
     1
 62
   256
176
     0
 40
1.0
176
     0
 90
        2
176
     1
  1
strokes_ogs.tif
176
     1
290
     0
176
     1
 40
1.0
176
     1
 40
1.0
176
     1
  0
VISUALSTYLE
  5
35D
102
{ACAD_REACTORS
330
EF
102
}
330
EF
100
AcDbVisualStyle
  2
OverhangOff
 70
    21
177
     3
291
     1
 70
    58
 90
        2
176
     0
 90
        2
176
     0
 90
        0
176
     0
 90
        0
176
     0
 40
0.6
176
     0
 40
30.0
176
     0
 62
     7
420
 16777215
176
     0
 90
        1
176
     0
 90
        4
176
     0
 62
     7
176
     0
 62
   257
176
     0
 90
        1
176
     0
 90
        1
176
     0
 40
1.0
176
     0
 90
        9
176
     2
 62
     7
176
     0
 40
1.0
176
     0
 90
        1
176
     0
 90
        6
176
     0
 90
        2
176
     0
 62
     7
176
     0
 90
        5
176
     0
 90
        0
176
     0
 90
        0
176
     0
290
     0
176
     0
 90
        1
176
     0
 40
0.0
176
     0
 90
        0
176
     0
290
     0
176
     0
290
     1
176
     0
290
     1
176
     0
290
     0
176
     0
290
     0
176
     0
290
     0
176
     0
290
     0
176
     0
290
     0
176
     0
290
     0
176
     0
 90
       50
176
     0
 40
0.0
176
     0
 40
1.0
176
     0
 90
        0
176
     0
 62
    18
420
        0
176
     0
 90
       50
176
     0
 90
        3
176
     0
 62
     5
420
      255
176
     0
290
     0
176
     0
 90
       50
176
     0
 90
       50
176
     0
 90
       50
176
     0
290
     0
176
     0
 90
       50
176
     0
 62
   256
176
     0
 40
1.0
176
     0
 90
        2
176
     0
  1
strokes_ogs.tif
176
     0
290
     0
176
     0
 40
1.0
176
     0
 40
1.0
176
     0
  0
VISUALSTYLE
  5
F9
102
{ACAD_REACTORS
330
EF
102
}
330
EF
100
AcDbVisualStyle
  2
Realistic
 70
     8
177
     3
291
     0
 70
    58
 90
        2
176
     1
 90
        2
176
     1
 90
        1
176
     1
 90
        0
176
     1
 40
-0.6
176
     1
 40
-30.0
176
     1
 62
     7
420
 16777215
176
     1
 90
        1
176
     1
 90
        0
176
     1
 62
     7
176
     1
 62
   257
176
     1
 90
        1
176
     1
 90
        1
176
     1
 40
1.0
176
     1
 90
        8
176
     1
 62
     8
420
  7895160
176
     1
 40
1.0
176
     1
 90
        1
176
     1
 90
        6
176
     1
 90
        2
176
     1
 62
     7
176
     1
 90
        5
176
     1
 90
        0
176
     1
 90
        0
176
     1
290
     0
176
     1
 90
       13
176
     1
 40
0.0
176
     1
 90
        0
176
     1
290
     0
176
     1
290
     1
176
     1
290
     1
176
     1
290
     0
176
     1
290
     0
176
     1
290
     0
176
     1
290
     0
176
     1
290
     0
176
     1
290
     0
176
     1
 90
       50
176
     1
 40
0.0
176
     1
 40
1.0
176
     1
 90
        0
176
     1
 62
    18
420
        0
176
     1
 90
       50
176
     1
 90
        3
176
     1
 62
     5
420
      255
176
     1
290
     0
176
     1
 90
       50
176
     1
 90
       50
176
     1
 90
       50
176
     1
290
     0
176
     1
 90
       50
176
     1
 62
   256
176
     0
 40
1.0
176
     0
 90
        2
176
     1
  1
strokes_ogs.tif
176
     1
290
     0
176
     1
 40
1.0
176
     1
 40
1.0
176
     1
  0
VISUALSTYLE
  5
363
102
{ACAD_REACTORS
330
EF
102
}
330
EF
100
AcDbVisualStyle
  2
Shaded
 70
    27
177
     3
291
     0
 70
    58
 90
        2
176
     1
 90
        2
176
     1
 90
        1
176
     1
 90
        2
176
     1
 40
0.6
176
     1
 40
30.0
176
     1
 62
     7
420
 16777215
176
     1
 90
        0
176
     1
 90
        4
176
     1
 62
     7
176
     1
 62
   257
176
     1
 90
        1
176
     1
 90
        1
176
     1
 40
1.0
176
     1
 90
        8
176
     1
 62
   257
176
     1
 40
1.0
176
     1
 90
        1
176
     1
 90
        6
176
     1
 90
        2
176
     1
 62
     8
420
  7895160
176
     1
 90
        3
176
     1
 90
        0
176
     1
 90
        0
176
     1
290
     0
176
     1
 90
        5
176
     1
 40
0.0
176
     1
 90
        0
176
     1
290
     0
176
     1
290
     1
176
     1
290
     1
176
     1
290
     0
176
     1
290
     0
176
     1
290
     0
176
     1
290
     0
176
     1
290
     0
176
     1
290
     0
176
     1
 90
       50
176
     1
 40
0.0
176
     1
 40
1.0
176
     1
 90
        0
176
     1
 62
    18
420
        0
176
     1
 90
       50
176
     1
 90
        3
176
     1
 62
     5
420
      255
176
     1
290
     0
176
     1
 90
       50
176
     1
 90
       50
176
     1
 90
       50
176
     1
290
     0
176
     1
 90
       50
176
     1
 62
   256
176
     0
 40
1.0
176
     0
 90
        2
176
     1
  1
strokes_ogs.tif
176
     1
290
     0
176
     1
 40
1.0
176
     1
 40
1.0
176
     1
  0
VISUALSTYLE
  5
362
102
{ACAD_REACTORS
330
EF
102
}
330
EF
100
AcDbVisualStyle
  2
Shaded with edges
 70
    26
177
     3
291
     0
 70
    58
 90
        2
176
     1
 90
        2
176
     1
 90
        1
176
     1
 90
        2
176
     1
 40
0.6
176
     1
 40
30.0
176
     1
 62
     7
420
 16777215
176
     1
 90
        1
176
     1
 90
       10
176
     1
 62
     7
176
     1
 62
   257
176
     1
 90
        2
176
     1
 90
        1
176
     1
 40
1.0
176
     1
 90
        8
176
     1
 62
   257
176
     1
 40
1.0
176
     1
 90
        1
176
     1
 90
        6
176
     1
 90
        2
176
     1
 62
     7
176
     1
 90
        3
176
     1
 90
        0
176
     1
 90
        0
176
     1
290
     0
176
     1
 90
        5
176
     1
 40
0.0
176
     1
 90
        0
176
     1
290
     0
176
     1
290
     1
176
     1
290
     1
176
     1
290
     0
176
     1
290
     0
176
     1
290
     0
176
     1
290
     0
176
     1
290
     0
176
     1
290
     0
176
     1
 90
       50
176
     1
 40
0.0
176
     1
 40
1.0
176
     1
 90
        0
176
     1
 62
    18
420
        0
176
     1
 90
       50
176
     1
 90
        3
176
     1
 62
     5
420
      255
176
     1
290
     0
176
     1
 90
       50
176
     1
 90
       50
176
     1
 90
       50
176
     1
290
     0
176
     1
 90
       50
176
     1
 62
   256
176
     0
 40
1.0
176
     0
 90
        2
176
     1
  1
strokes_ogs.tif
176
     1
290
     0
176
     1
 40
1.0
176
     1
 40
1.0
176
     1
  0
VISUALSTYLE
  5
35F
102
{ACAD_REACTORS
330
EF
102
}
330
EF
100
AcDbVisualStyle
  2
Shades of Gray
 70
    23
177
     3
291
     0
 70
    58
 90
        2
176
     1
 90
        2
176
     1
 90
        3
176
     1
 90
        0
176
     1
 40
0.6
176
     1
 40
30.0
176
     1
 62
     7
420
 16777215
176
     1
 90
        2
176
     1
 90
        2
176
     1
 62
     7
176
     1
 62
     7
176
     1
 90
        1
176
     1
 90
        1
176
     1
 40
40.0
176
     1
 90
        8
176
     1
 62
     7
176
     1
 40
1.0
176
     1
 90
        1
176
     1
 90
        6
176
     1
 90
        2
176
     1
 62
     7
176
     1
 90
        3
176
     1
 90
        0
176
     1
 90
        0
176
     1
290
     0
176
     1
 90
        1
176
     1
 40
0.0
176
     1
 90
        0
176
     1
290
     0
176
     1
290
     1
176
     1
290
     1
176
     1
290
     0
176
     1
290
     0
176
     1
290
     0
176
     1
290
     0
176
     1
290
     0
176
     1
290
     0
176
     1
 90
       50
176
     1
 40
0.0
176
     1
 40
1.0
176
     1
 90
        0
176
     1
 62
    18
420
        0
176
     1
 90
       50
176
     1
 90
        3
176
     1
 62
     5
420
      255
176
     1
290
     0
176
     1
 90
       50
176
     1
 90
       50
176
     1
 90
       50
176
     1
290
     0
176
     1
 90
       50
176
     1
 62
   256
176
     0
 40
1.0
176
     0
 90
        2
176
     1
  1
strokes_ogs.tif
176
     1
290
     0
176
     1
 40
1.0
176
     1
 40
1.0
176
     1
  0
VISUALSTYLE
  5
360
102
{ACAD_REACTORS
330
EF
102
}
330
EF
100
AcDbVisualStyle
  2
Sketchy
 70
    24
177
     3
291
     0
 70
    58
 90
        1
176
     1
 90
        2
176
     1
 90
        2
176
     1
 90
        0
176
     1
 40
0.6
176
     1
 40
30.0
176
     1
 62
     7
420
 16777215
176
     1
 90
        2
176
     1
 90
        2
176
     1
 62
     7
176
     1
 62
     7
176
     1
 90
        1
176
     1
 90
        1
176
     1
 40
40.0
176
     1
 90
       11
176
     1
 62
     7
176
     1
 40
1.0
176
     1
 90
        1
176
     1
 90
        6
176
     1
 90
        2
176
     1
 62
     7
176
     1
 90
        6
176
     1
 90
        0
176
     1
 90
        0
176
     1
290
     0
176
     1
 90
        1
176
     1
 40
0.0
176
     1
 90
        0
176
     1
290
     0
176
     1
290
     1
176
     1
290
     1
176
     1
290
     0
176
     1
290
     0
176
     1
290
     0
176
     1
290
     0
176
     1
290
     0
176
     1
290
     0
176
     1
 90
       50
176
     1
 40
0.0
176
     1
 40
1.0
176
     1
 90
        0
176
     1
 62
    18
420
        0
176
     1
 90
       50
176
     1
 90
        3
176
     1
 62
     5
420
      255
176
     1
290
     0
176
     1
 90
       50
176
     1
 90
       50
176
     1
 90
       50
176
     1
290
     0
176
     1
 90
       50
176
     1
 62
   256
176
     0
 40
1.0
176
     0
 90
        2
176
     1
  1
strokes_ogs.tif
176
     1
290
     0
176
     1
 40
1.0
176
     1
 40
1.0
176
     1
  0
VISUALSTYLE
  5
FC
102
{ACAD_REACTORS
330
EF
102
}
330
EF
100
AcDbVisualStyle
  2
Thicken
 70
    13
177
     3
291
     1
 70
    58
 90
        2
176
     1
 90
        2
176
     1
 90
        1
176
     1
 90
        0
176
     1
 40
-0.6
176
     1
 40
-30.0
176
     1
 62
     7
420
 16777215
176
     1
 90
        1
176
     1
 90
        4
176
     1
 62
     7
176
     1
 62
   257
176
     1
 90
        1
176
     1
 90
        1
176
     1
 40
1.0
176
     1
 90
       12
176
     1
 62
     7
176
     1
 40
1.0
176
     1
 90
        1
176
     1
 90
        6
176
     1
 90
        2
176
     1
 62
     7
176
     1
 90
        5
176
     1
 90
        0
176
     1
 90
        0
176
     1
290
     0
176
     1
 90
        1
176
     1
 40
0.0
176
     1
 90
        0
176
     1
290
     0
176
     1
290
     1
176
     1
290
     1
176
     1
290
     0
176
     1
290
     0
176
     1
290
     0
176
     1
290
     0
176
     1
290
     0
176
     1
290
     0
176
     1
 90
       50
176
     1
 40
0.0
176
     1
 40
1.0
176
     1
 90
        0
176
     1
 62
    18
420
        0
176
     1
 90
       50
176
     1
 90
        3
176
     1
 62
     5
420
      255
176
     1
290
     0
176
     1
 90
       50
176
     1
 90
       50
176
     1
 90
       50
176
     1
290
     0
176
     1
 90
       50
176
     1
 62
   256
176
     0
 40
1.0
176
     0
 90
        2
176
     1
  1
strokes_ogs.tif
176
     1
290
     0
176
     1
 40
1.0
176
     1
 40
1.0
176
     1
  0
VISUALSTYLE
  5
35A
102
{ACAD_REACTORS
330
EF
102
}
330
EF
100
AcDbVisualStyle
  2
Wireframe
 70
     5
177
     3
291
     0
 70
    58
 90
        0
176
     1
 90
        2
176
     1
 90
        0
176
     1
 90
        0
176
     1
 40
0.6
176
     1
 40
30.0
176
     1
 62
     7
420
 16777215
176
     1
 90
        1
176
     1
 90
        4
176
     1
 62
     7
176
     1
 62
   257
176
     1
 90
        1
176
     1
 90
        1
176
     1
 40
1.0
176
     1
 90
        0
176
     1
 62
   257
176
     1
 40
1.0
176
     1
 90
        1
176
     1
 90
        6
176
     1
 90
        2
176
     1
 62
     7
176
     1
 90
        3
176
     1
 90
        0
176
     1
 90
        0
176
     1
290
     0
176
     1
 90
        1
176
     1
 40
0.0
176
     1
 90
        0
176
     1
290
     0
176
     1
290
     1
176
     1
290
     1
176
     1
290
     0
176
     1
290
     0
176
     1
290
     0
176
     1
290
     0
176
     1
290
     0
176
     1
290
     0
176
     1
 90
       50
176
     1
 40
0.0
176
     1
 40
1.0
176
     1
 90
        0
176
     1
 62
    18
420
        0
176
     1
 90
       50
176
     1
 90
        3
176
     1
 62
     5
420
      255
176
     1
290
     0
176
     1
 90
       50
176
     1
 90
       50
176
     1
 90
       50
176
     1
290
     0
176
     1
 90
       50
176
     1
 62
   256
176
     0
 40
1.0
176
     0
 90
        2
176
     1
  1
strokes_ogs.tif
176
     1
290
     0
176
     1
 40
1.0
176
     1
 40
1.0
176
     1
  0
VISUALSTYLE
  5
361
102
{ACAD_REACTORS
330
EF
102
}
330
EF
100
AcDbVisualStyle
  2
X-Ray
 70
    25
177
     3
291
     0
 70
    58
 90
        2
176
     1
 90
        2
176
     1
 90
        1
176
     1
 90
        1
176
     1
 40
0.5
176
     1
 40
30.0
176
     1
 62
     7
420
 16777215
176
     1
 90
        1
176
     1
 90
        0
176
     1
 62
     7
176
     1
 62
   257
176
     1
 90
        1
176
     1
 90
        1
176
     1
 40
1.0
176
     1
 90
        8
176
     1
 62
     7
176
     1
 40
1.0
176
     1
 90
        1
176
     1
 90
        6
176
     1
 90
        2
176
     1
 62
     7
176
     1
 90
        3
176
     1
 90
        0
176
     1
 90
        0
176
     1
290
     0
176
     1
 90
       13
176
     1
 40
0.0
176
     1
 90
        0
176
     1
290
     0
176
     1
290
     1
176
     1
290
     1
176
     1
290
     0
176
     1
290
     0
176
     1
290
     0
176
     1
290
     0
176
     1
290
     0
176
     1
290
     0
176
     1
 90
       50
176
     1
 40
0.0
176
     1
 40
1.0
176
     1
 90
        0
176
     1
 62
    18
420
        0
176
     1
 90
       50
176
     1
 90
        3
176
     1
 62
     5
420
      255
176
     1
290
     0
176
     1
 90
       50
176
     1
 90
       50
176
     1
 90
       50
176
     1
290
     0
176
     1
 90
       50
176
     1
 62
   256
176
     0
 40
1.0
176
     0
 90
        2
176
     1
  1
strokes_ogs.tif
176
     1
290
     0
176
     1
 40
1.0
176
     1
 40
1.0
176
     1
  0
DICTIONARYVAR
  5
146
102
{ACAD_REACTORS
330
5E
102
}
330
5E
100
DictionaryVariables
280
     0
  1
1:1
  0
DICTIONARYVAR
  5
145
102
{ACAD_REACTORS
330
5E
102
}
330
5E
100
DictionaryVariables
280
     0
  1
Standard
  0
DICTIONARYVAR
  5
84
102
{ACAD_REACTORS
330
5E
102
}
330
5E
100
DictionaryVariables
280
     0
  1
Standard
  0
DICTIONARYVAR
  5
5F
102
{ACAD_REACTORS
330
5E
102
}
330
5E
100
DictionaryVariables
280
     0
  1
2
  0
DICTIONARYVAR
  5
63
102
{ACAD_REACTORS
330
5E
102
}
330
5E
100
DictionaryVariables
280
     0
  1
1
  0
DICTIONARYVAR
  5
1AE
102
{ACAD_REACTORS
330
5E
102
}
330
5E
100
DictionaryVariables
280
     0
  1
0
  0
DICTIONARYVAR
  5
1AF
102
{ACAD_REACTORS
330
5E
102
}
330
5E
100
DictionaryVariables
280
     0
  1
0
  0
DICTIONARYVAR
  5
356
102
{ACAD_REACTORS
330
5E
102
}
330
5E
100
DictionaryVariables
280
     0
  1
0
  0
XRECORD
  5
980
102
{ACAD_REACTORS
330
34E
102
}
330
34E
100
AcDbXrecord
280
     1
300
MC_VERSION_DATA
 90
       95
310
0600000002000000570000001C000000E404000000000000000000007801936764E5D8CFFA9993818115C460606066E0646662626666706006F218793899F8DE3171E725E6E53B3BBA2878E6951050AF75FEFFFFFF520036E40F2657000000
  0
XRECORD
  5
357
102
{ACAD_REACTORS
330
34E
102
}
330
34E
100
AcDbXrecord
280
     1
300
MCS_DOCUMENT_ID
 90
       60
310
0600000002000000150000001C000000E404000000000000000000007801E3D5F02D9B2CCECAEDDBE558B078DD5FBDF2FF4000004F600A2A15000000
  0
XRECORD
  5
365
102
{ACAD_REACTORS
330
34E
102
}
330
34E
100
AcDbXrecord
280
     1
300
MCS_PARAMS_DATA
 90
     3313
310
0600000002000000F64B00001C000000E404000000000000000000007801C55C5B6C5CC519DE9D595FD6B9DF494B53970A1A6F4A58DF92A6426A1A1210527090E23EF0543976A2BA75E25CAC160A6DA92AF5A55255A96AD556551F4A49A0CF15A03EC0438190865E482021147221409310B6900B3826B1FB7F7366CEFC73E6
310
1CAFBDDE3D9B07D8FF3F73CEF7DFE6FB67E6ECBA757EA3143929F767A4FCCE8636299AA49C90529036BB402C105929F279912F89C6DEAF6FD8BC69AB14A46C51EAC2B9898909BA39945F872C1FCD848A834A91A13B1AD51D6D5266E8A9FAF627E9AABE92BD45CA6F03BD81A3CFC24D59D990C96408C7E066656E0232E13A03
310
14B0AB01724443F05CC3F08780DFC8F19B03FC710A073DC8486413411B49060E3311A05C24C45064703B01D7CCE196A818E5C59C9268B967CBD6DED68ED59DC52EEB78BEF08E09F8223D745649346F1DE9DB35D0B777C089FC5FC3C8EB60BF1A286CF47FE3467F17CC59C5CD990B0CD948C1A77FB9F5CA0E4F479188EA541E
310
3C25A2E22BC99C8892456878B2821857F6B05492C2AD881B41409C21325211340605C9C6DC6006EC49AC088A0CCBB25B1159B72248E415019155047D5453031360047082A7405D92B72AB0F03379693EAB50870260AC609E2C6F6510BB3D081DFE4EF5EFECD71494A7B3590EC7F12C5B25CB32539229914732934ECE22AF1D
310
D259AC8B7B7649E437DE7BDFA69EADF76EE95186E95A7ED74C032DBFA66A9BF1CEF341B19B78E45DDED9EF56FE29189043E4814BF734E1FF34659991678231F23A51010DA578E8294D435524988818E84710A7B2643B4F7C134F5CC6936D1E4176D01398C4D0A83AE0A6BDC86B0BB5C3E1E8299D70A5A945AC12322FE697C4
310
9C8DC3BBBE34D2BA77FBEEA1BEFEED79D15C120DF70F0FEE1A093EF60C8FF47F4BCAB3B0ED666EDB17F5733E2B445B5E2C298985C507BB8BEBBA3A3A3774178B1D777FA5B36B9D327BBE1ED84C030BC74C9EDAB5B64D88BC405AEF1E1CD9D73A34B88F70838775AD5DDBD1B9B6BBABBB73A0ABA37F5D7BE0E757F57D1DB80F
310
037BFBB60D6D6F1DDED1DA3B3CB47D6FDF2EF8A0AD5933506CEF2FF6F7ADD9D6B56D5DFF9A60D6A95222FF670B51F8295953F8455019945B7EE9315C7A8AFEC352DE9D4B4A5050256AA6D1B42D5F0C265BEED4473538E9811F770DEFDCDD3732B86D706870E4A1D69DC303E45F6349C807B6EFCB8B8692103DC352AE816545
310
9E9E798813B5E9A692C86DD9B1A355A5424F8E0BF018466AF90D150136590E2905AA568F782650907D5A7180140B84AD0159F8156902B8F63BDA8BE1A72E29AF48322EA98B5F578631B6F5489B26184C63434803DB221A328E6B58DEAED6DB808FEB6DC068BD0DF8A4DE065CABB7018B3045EB390B3EAD7704C6EA6DC07518
310
10B79C17773A0DB6C361F03BDD064B22C8C7303844629E5064B47323116EB9039777E096BB70247238880C6E39831B9F221C81B3E543C57019D4736C30574EE2DD4AD73B12B9771099772B997713E97A974DF4CECD5D9582B938116EC00926492C777A7F676A8F441E4C882C98032C983211AE26DE8974E196022EC7174366
310
F9AE62C95769E105B5C4B012E2E82ED8CD3516C5E34D519CF0D1F6765A8551C6CC0505130A3E8ABEC46EF81CED54DC1DA04AB7BC4DB0CA082453194AB29B82400C2B438BA6322032B88FE093B3E13470C11297490C8EEF78E88158D51A8AD42283A38F61044E78707A57F8BBDFE2DF2167F36975041D1DA7FCF59430C35792
310
05112533A905D5D3CAAB4759DBB4CA160F3E9309466F934A1794E7E1154C402D3088858048DCDF7EA3E7FECD5B7A7B376D5480CBF43A7E5E49CCBE6BEB37D945B2402FC65F52AB73B67E7F3A58AE93F37A04F6B7011D680556EBCCA2819BC8A21C320F385BBDB4EE56E6E32CE2CB18E358AD7676B4C7C096B1674BAF7B1278
310
1E906198B0DF8681EA696AF34D20563061CAB731C0DB01185B8B0DCA46538BD880EB0E2C6FC3120B40E62289BC162112587895C11513E18290E892090EBF46A9321968C513E0BB89A0AE8F2431B88A7DFC9E07A7BD0A8E668E3AF3CDEA083A3A8ECFB770A00AB53712018F2859D8DB3D93C2E4D422CB77A40BB73A5DB807A7
310
0857A5727AC8838BE45965D0D3D5B29CBEEF99145F4E558AC0C3E9C23D922EDC0FD285FBA107E7958EEDE721E98018A3E3AAC64E7F5C166D7ABA81B65C437BB31D766C74A6ED6E1FBC2766B7AFDAD87156F9771BF44A2A724C461AB43EE729AAFB710D63E2111810BBA3ABC9AE6037E09AB9BF3AB40BE8309F8736AB64CAB2
310
BE7E3364E5AC569CA6976081AF5A311628A8EF68C5B3A4609E3E86AC3AA156E3E83562F4B5A292099A878C61EB3B549CF92354989982613F016CE7AD5A4D09AA1F5126387AAD451EE384D9C035A925859E39C1AA865EE9A9B8DA21CEE289167F7CF1D4C4BC7A125EC5AED5D8BB0B5A9D9144D134CFA71BF85A8D44BE568348
310
F6AA55A2F3CAEACF6982FD29118CC249D3CBF852A586F278BA70FBD3853B90085793EDE51E143F0AD06C6B4CB2242BDDBDD1419166C2865E85F9CE1648F3CBF54B2E655D5432557AB8C599EEE6E763403914E55050D879E2BFFA30F366F009F0CB378371CA9B99D05949929DD07465EA8797A3808B6B06B9536E64AF9C844C
310
903AF2F3709D3783A318A078E4F37AEBBCEC2DD1B228B722F785DC2DB9D64C476675A63353CC74E937B1FA39BFA7DB58A6AFC19E49583A4A9B6110A6BA038D3C80418F79D091B18A763C1D8524AA5361F194EC4CC4B23EDBA3192533E95398E41423EB6DCA1C239B4DBF91D13F6D762A6897D7013D496371DC8BECCAA7D45E
310
0C251095ABC98AA38E1B6540CD3DACF829EF15C38D27C2B92DA64A071D13897001094F16523EC1C9E5A99FF465029665AB5B13C49AF8984D174EA40B273D389D33BB29A272F6749622C2719C22AC925104534E7A8CF33714555C6B3CF3BE4BE0AF28994CA9B8353E0F28878DD26D8D2F007FBAAD11BD305CEB4EAB35BE08B8
310
B8D678FEB81BD9134AB6ADF10A644BBEF9C2334A81E4EAA6772450D87DD2AF49C178F020A0EBD3055FF292CC5B8AB3FC4114C86BA708ACDB15F49C43C04EBBE7FCBD0CA8A1CB2AF59CC3897035E1E39713E16AD873FE91085A131FFF19C04DBEDBF8D75406FD3B3A2842E56C8ABE82A171BC3BF89ECB0E0F287926BC7B0450
310
75E4DDA3C09F2EEF56BE2579157071BCBBE7881BD93E255BDE7D04B225A07C61BD5230DE1DBA8C1158736B225E412358525F03747D78F79897E472BCCBAF5BAF2BA0DDE3804E9B765F2F035A65DA3D910857134A7A2311AE52DA8D6E0E9C1341735A873DD47F12A16BE2E99BE9C275792B70532835F1AEDB838B7404B509F7
310
74C449519D9AA19EB28205FF5B08785CE3F9307262735AC933693C270155C7C6730AF8E9359ED3808B6B3CA387DDC6734EC9B6F1C897238DE72006D89713F9C2E58B91C6F3388D608DE70CA0A7DA7866D30F8008DC16BEAA2D26A2AAB848F4108A0CF46D0F54D7A73989E2C56D75B6B8431D2F6EAB64C5CD94644C04869974
310
1626C5B6A280378D1BEE62BCE2C3917700E714386FAA719B1D7E7D464DF7DD444F8317374E8CAA75BEF65E19D0F8F0523EC21D7470DCC60B8CAEF29753FC38EF4760CFDBF99B4673F680D0869F6742513F06849341B61DF57EE3400A02734628D75C0DBC8B68A868B98655ECA330208EA3C6F1B52E3DF1E8849E2433679564
310
431A886148B568E62C4406F75F64308EFD2F9D7039EA6D259B5B2BF91AD8396F72B01004EFC5CD6C88F911E8CCDF849C077E5C64E9488747967101058B73015D99FA9B900B808B63FFB117DCC85E50324556799F2F34BC086EC70CD18A4318C0D9FF2AB6807CDB718046B0A4BE0FE8B4D9FFA207EA504E3D7E65FA014C7226
310
B329B0E8D703AAFEBAA304E869379E693123CD68457958A4FF2F11AE86ECFF6119D078F6E7138AD87FF2370F86D6E1E34789702D76FED2134932CCA824CB8C811832A3160D33426421BD940847AF6F0C11D33DEECB1CFE9B7175D1F926045DE5BD8DBFBDBE9C081764D0049324E6DDB40A8607F34A225C4D16463974B5B836
310
F3B3A32E193EACE499B49986C93A780A6DA631A981D7A6CD34012EAECDFCF23937B23F51B26D337F80CCDBCC36A5C0ECD07DE7E7A7236D663D8D6033A419D0536D33E07F56B8C4CA7C0D48229F9610695A461A0883CE7B494E8DD95B004DF38E8247AB09FE45AC1A52EDAC32A0861DD8DA85D8A76276989D08579353913989
310
700119397510D9BB4CAB9DF096393711B4263ECE4B176E7EBA700B3C389DB3F0B5335AA6A7234288EA142D784A9083AFB414616018456CF64C3293C4CD2F49D3E5A5F0410CEE3E0F2E6A6FEA11580893E29AEE529C2FC11C4DF48D4AA628982DB44A422820F8563073C8F989CF2240392BED74F7768B819FDEDE6E09E0E29A
310
EE0AFA030B3CB273954C91D5916E83CC9BEE074FAB1E6B73B11CFB6CBEB73B4C23589D2D05F4CC9AAE2E4C768646F0614DBB4BD40606BDCC4B726A4DF72640A7DD749797013521AB4ED3C5971C1BF2225712D922FD192CAA82F186C253F467B664EED8B163100EA1787299890C1D4314EEF90B040C236113FD72905624B8F0
310
99FF03A92412CEF64B0000
  0
BLOCKVISIBILITYPARAMETER
  5
3EE
330
3ED
100
AcDbEvalExpr
 90
        1
 98
       33
 99
      377
100
AcDbBlockElement
300
Visibility State
 98
       27
 99
        1
1071
        0
100
AcDbBlockParameter
280
     1
281
     0
100
AcDbBlock1PtParameter
1010
-0.417369
1020
0.29664
1030
0.0
 93
        2
170
     0
171
     0
100
AcDbBlockVisibilityParameter
281
     1
301
Visibility
302

 91
        0
 93
       41
331
41C
331
418
331
414
331
41D
331
419
331
415
331
41E
331
41A
331
416
331
41B
331
417
331
42B
331
427
331
423
331
41F
331
42C
331
428
331
424
331
420
331
42D
331
429
331
425
331
421
331
42E
331
42A
331
426
331
422
331
433
331
42F
331
434
331
430
331
435
331
431
331
436
331
432
331
43B
331
437
331
43C
331
438
331
439
331
43A
 92
        6
303
78 - Marco 14
 94
       13
332
42A
332
42E
332
42D
332
42C
332
42B
332
431
332
434
332
430
332
433
332
42F
332
432
332
437
332
438
 95
        6
333
405
333
404
333
400
333
3FF
333
40A
333
406
303
78 - Marco 18
 94
       13
332
42A
332
42E
332
42D
332
42C
332
42B
332
435
332
431
332
434
332
430
332
433
332
42F
332
436
332
432
 95
        5
333
405
333
410
333
40C
333
40B
333
40A
303
88 - Marco 14
 94
       13
332
417
332
41B
332
41E
332
416
332
41A
332
41D
332
415
332
419
332
41C
332
414
332
418
332
437
332
439
 95
        5
333
3F4
333
3F3
333
404
333
3FF
333
3F8
303
88 - Marco 18
 94
       13
332
435
332
433
332
415
332
419
332
416
332
41E
332
41A
332
417
332
41B
332
414
332
41C
332
418
332
43A
 95
        5
333
3F3
333
3F4
333
3F8
333
40B
333
410
303
98 - Marco 14
 94
       13
332
422
332
426
332
429
332
421
332
425
332
428
332
420
332
424
332
427
332
41F
332
423
332
43B
332
437
 95
        5
333
404
333
3FF
333
3FE
333
3FA
333
3F9
303
98 - Marco 18
 94
       13
332
422
332
426
332
429
332
421
332
425
332
428
332
420
332
424
332
427
332
41F
332
423
332
435
332
43C
 95
        5
333
3FE
333
3FA
333
3F9
333
40B
333
410
  0
BLOCKVISIBILITYGRIP
  5
3EF
330
3ED
100
AcDbEvalExpr
 90
        2
 98
       33
 99
      377
100
AcDbBlockElement
300
Grip
 98
       27
 99
        1
1071
        0
100
AcDbBlockGrip
 91
        3
 92
        4
1010
-0.417369
1020
0.29664
1030
0.0
280
     0
 93
       -1
100
AcDbBlockVisibilityGrip
  0
BLOCKGRIPLOCATIONCOMPONENT
  5
3F0
330
3ED
100
AcDbEvalExpr
 90
        3
 98
       33
 99
      377
  1

 70
    40
140
0.0
100
AcDbBlockGripExpr
 91
        1
300
UpdatedX
  0
BLOCKGRIPLOCATIONCOMPONENT
  5
3F1
330
3ED
100
AcDbEvalExpr
 90
        4
 98
       33
 99
      377
  1

 70
    40
140
0.0
100
AcDbBlockGripExpr
 91
        1
300
UpdatedY
  0
BLOCKBASEPOINTPARAMETER
  5
3F2
330
3ED
100
AcDbEvalExpr
 90
        5
 98
       33
 99
      377
100
AcDbBlockElement
300
Base Point
 98
       27
 99
        1
1071
        0
100
AcDbBlockParameter
280
     1
281
     0
100
AcDbBlock1PtParameter
1010
0.88
1020
0.085
1030
0.0
 93
        0
170
     0
171
     0
100
AcDbBlockBasepointParameter
1011
0.0
1021
0.0
1031
0.0
1012
0.0
1022
0.0
1032
0.0
  0
BLOCKFLIPPARAMETER
  5
3F3
330
3ED
100
AcDbEvalExpr
 90
       41
 98
       33
 99
      377
100
AcDbBlockElement
300
Flip2
 98
       27
 99
        1
1071
        0
100
AcDbBlockParameter
280
     1
281
     0
100
AcDbBlock2PtParameter
1010
-0.44
1020
0.0
1030
0.0
1011
-0.44
1021
-0.193179
1031
0.0
170
     4
 91
       42
 91
        0
 91
        0
 91
        0
171
     0
172
     0
173
     0
174
     0
177
     0
100
AcDbBlockFlipParameter
305
Flip state1
306

307
Not flipped
308
Flipped
1012
0.685369
1022
0.085
1032
0.0
309
UpdatedFlip
 96
       42
1001
ACAUTHENVIRON
1010
0.477985
1020
0.047015
1030
0.0
  0
BLOCKFLIPGRIP
  5
3F4
330
3ED
100
AcDbEvalExpr
 90
       42
 98
       33
 99
      377
100
AcDbBlockElement
300
Grip
 98
       27
 99
        1
1071
        0
100
AcDbBlockGrip
 91
       44
 92
       45
1010
-0.44
1020
0.0
1030
0.0
280
     0
 93
       -1
100
AcDbBlockFlipGrip
140
0.0
141
-0.193179
142
0.0
 93
       43
  0
BLOCKGRIPLOCATIONCOMPONENT
  5
3F5
330
3ED
100
AcDbEvalExpr
 90
       43
 98
       33
 99
      377
  1

 70
    70
 70
     0
100
AcDbBlockGripExpr
 91
       41
300
UpdatedFlip
  0
BLOCKGRIPLOCATIONCOMPONENT
  5
3F6
330
3ED
100
AcDbEvalExpr
 90
       44
 98
       33
 99
      377
  1

 70
    40
140
0.0
100
AcDbBlockGripExpr
 91
       41
300
UpdatedBaseX
  0
BLOCKGRIPLOCATIONCOMPONENT
  5
3F7
330
3ED
100
AcDbEvalExpr
 90
       45
 98
       33
 99
      377
  1

 70
    40
140
0.0
100
AcDbBlockGripExpr
 91
       41
300
UpdatedBaseY
  0
BLOCKFLIPACTION
  5
3F8
330
3ED
100
AcDbEvalExpr
 90
       46
 98
       33
 99
      377
100
AcDbBlockElement
300
Flip3
 98
       27
 99
        1
1071
        0
100
AcDbBlockAction
 70
     0
 71
    12
330
41E
330
41C
330
41B
330
41A
330
419
330
418
330
417
330
416
330
415
330
414
330
41D
330
433
1010
0.50767
1020
0.085
1030
0.0
100
AcDbBlockFlipAction
 92
       41
 93
       41
 94
       41
 95
       41
301
Flip
302
UpdatedFlip
303
UpdatedBase
304
UpdatedEnd
  0
BLOCKFLIPPARAMETER
  5
3F9
330
3ED
100
AcDbEvalExpr
 90
       55
 98
       33
 99
      377
100
AcDbBlockElement
300
Flip4
 98
       27
 99
        1
1071
        0
100
AcDbBlockParameter
280
     1
281
     0
100
AcDbBlock2PtParameter
1010
-0.49
1020
-0.049572
1030
0.0
1011
-0.49
1021
-0.223053
1031
0.0
170
     4
 91
       56
 91
        0
 91
        0
 91
        0
171
     0
172
     0
173
     0
174
     0
177
     0
100
AcDbBlockFlipParameter
305
Flip state2
306

307
Not flipped
308
Flipped
1012
0.620132
1022
0.035428
1032
0.0
309
UpdatedFlip
 96
       56
1001
ACAUTHENVIRON
1010
0.427985
1020
-0.002557
1030
0.0
  0
BLOCKFLIPGRIP
  5
3FA
330
3ED
100
AcDbEvalExpr
 90
       56
 98
       33
 99
      377
100
AcDbBlockElement
300
Grip
 98
       27
 99
        1
1071
        0
100
AcDbBlockGrip
 91
       58
 92
       59
1010
-0.49
1020
-0.049572
1030
0.0
280
     0
 93
       -1
100
AcDbBlockFlipGrip
140
0.0
141
-0.173481
142
0.0
 93
       57
  0
BLOCKGRIPLOCATIONCOMPONENT
  5
3FB
330
3ED
100
AcDbEvalExpr
 90
       57
 98
       33
 99
      377
  1

 70
    70
 70
     0
100
AcDbBlockGripExpr
 91
       55
300
UpdatedFlip
  0
BLOCKGRIPLOCATIONCOMPONENT
  5
3FC
330
3ED
100
AcDbEvalExpr
 90
       58
 98
       33
 99
      377
  1

 70
    40
140
0.0
100
AcDbBlockGripExpr
 91
       55
300
UpdatedBaseX
  0
BLOCKGRIPLOCATIONCOMPONENT
  5
3FD
330
3ED
100
AcDbEvalExpr
 90
       59
 98
       33
 99
      377
  1

 70
    40
140
0.0
100
AcDbBlockGripExpr
 91
       55
300
UpdatedBaseY
  0
BLOCKFLIPACTION
  5
3FE
330
3ED
100
AcDbEvalExpr
 90
       60
 98
       33
 99
      377
100
AcDbBlockElement
300
Flip5
 98
       27
 99
        1
1071
        0
100
AcDbBlockAction
 70
     0
 71
    11
330
429
330
427
330
426
330
425
330
424
330
423
330
422
330
421
330
420
330
41F
330
428
1010
0.410037
1020
0.035428
1030
0.0
100
AcDbBlockFlipAction
 92
       55
 93
       55
 94
       55
 95
       55
301
Flip
302
UpdatedFlip
303
UpdatedBase
304
UpdatedEnd
  0
BLOCKFLIPPARAMETER
  5
3FF
330
3ED
100
AcDbEvalExpr
 90
      101
 98
       33
 99
      377
100
AcDbBlockElement
300
Flip
 98
       27
 99
        1
1071
        0
100
AcDbBlockParameter
280
     1
281
     0
100
AcDbBlock2PtParameter
1010
-0.78
1020
0.015
1030
0.0
1011
0.0
1021
0.015
1031
0.0
170
     4
 91
      102
 91
        0
 91
        0
 91
        0
171
     0
172
     0
173
     0
174
     0
177
     0
100
AcDbBlockFlipParameter
305
Flip state
306

307
Not flipped
308
Flipped
1012
0.494767
1022
0.048034
1032
0.0
309
UpdatedFlip
 96
      102
1001
ACAUTHENVIRON
1010
0.137985
1020
0.062015
1030
0.0
  0
BLOCKFLIPGRIP
  5
400
330
3ED
100
AcDbEvalExpr
 90
      102
 98
       33
 99
      377
100
AcDbBlockElement
300
Grip
 98
       27
 99
        1
1071
        0
100
AcDbBlockGrip
 91
      104
 92
      105
1010
-0.408326
1020
0.015
1030
0.0
280
     0
 93
       -1
100
AcDbBlockFlipGrip
140
0.78
141
0.0
142
0.0
 93
      103
  0
BLOCKGRIPLOCATIONCOMPONENT
  5
401
330
3ED
100
AcDbEvalExpr
 90
      103
 98
       33
 99
      377
  1

 70
    70
 70
     0
100
AcDbBlockGripExpr
 91
      101
300
UpdatedFlip
  0
BLOCKGRIPLOCATIONCOMPONENT
  5
402
330
3ED
100
AcDbEvalExpr
 90
      104
 98
       33
 99
      377
  1

 70
    40
140
0.0
100
AcDbBlockGripExpr
 91
      101
300
UpdatedBaseX
  0
BLOCKGRIPLOCATIONCOMPONENT
  5
403
330
3ED
100
AcDbEvalExpr
 90
      105
 98
       33
 99
      377
  1

 70
    40
140
0.0
100
AcDbBlockGripExpr
 91
      101
300
UpdatedBaseY
  0
BLOCKFLIPACTION
  5
404
330
3ED
100
AcDbEvalExpr
 90
      106
 98
       33
 99
      377
100
AcDbBlockElement
300
Flip1
 98
       27
 99
        1
1071
        0
100
AcDbBlockAction
 70
     1
 91
        5
 71
    38
330
3F2
330
437
330
433
330
432
330
434
330
431
330
430
330
42F
330
42E
330
42D
330
42C
330
42B
330
42A
330
438
330
41D
330
41C
330
41E
330
41B
330
41A
330
419
330
418
330
417
330
416
330
415
330
414
330
439
330
428
330
427
330
429
330
426
330
425
330
424
330
423
330
422
330
421
330
420
330
41F
330
43B
1010
0.586184
1020
0.118654
1030
0.0
100
AcDbBlockFlipAction
 92
      101
 93
      101
 94
      101
 95
      101
301
Flip
302
UpdatedFlip
303
UpdatedBase
304
UpdatedEnd
  0
BLOCKFLIPPARAMETER
  5
405
330
3ED
100
AcDbEvalExpr
 90
      107
 98
       33
 99
      377
100
AcDbBlockElement
300
Flip6
 98
       27
 99
        1
1071
        0
100
AcDbBlockParameter
280
     1
281
     0
100
AcDbBlock2PtParameter
1010
-0.39
1020
0.015
1030
0.0
1011
-0.39
1021
0.134653
1031
0.0
170
     4
 91
      108
 91
        0
 91
        0
 91
        0
171
     0
172
     0
173
     0
174
     0
177
     0
100
AcDbBlockFlipParameter
305
Flip state3
306

307
Not flipped
308
Flipped
1012
0.436091
1022
0.27039
1032
0.0
309
UpdatedFlip
 96
      108
1001
ACAUTHENVIRON
1010
0.527985
1020
0.062015
1030
0.0
  0
BLOCKFLIPGRIP
  5
406
330
3ED
100
AcDbEvalExpr
 90
      108
 98
       33
 99
      377
100
AcDbBlockElement
300
Grip
 98
       27
 99
        1
1071
        0
100
AcDbBlockGrip
 91
      110
 92
      111
1010
-0.39
1020
0.077864
1030
0.0
280
     0
 93
       -1
100
AcDbBlockFlipGrip
140
0.0
141
0.119653
142
0.0
 93
      109
  0
BLOCKGRIPLOCATIONCOMPONENT
  5
407
330
3ED
100
AcDbEvalExpr
 90
      109
 98
       33
 99
      377
  1

 70
    70
 70
     0
100
AcDbBlockGripExpr
 91
      107
300
UpdatedFlip
  0
BLOCKGRIPLOCATIONCOMPONENT
  5
408
330
3ED
100
AcDbEvalExpr
 90
      110
 98
       33
 99
      377
  1

 70
    40
140
0.0
100
AcDbBlockGripExpr
 91
      107
300
UpdatedBaseX
  0
BLOCKGRIPLOCATIONCOMPONENT
  5
409
330
3ED
100
AcDbEvalExpr
 90
      111
 98
       33
 99
      377
  1

 70
    40
140
0.0
100
AcDbBlockGripExpr
 91
      107
300
UpdatedBaseY
  0
BLOCKFLIPACTION
  5
40A
330
3ED
100
AcDbEvalExpr
 90
      112
 98
       33
 99
      377
100
AcDbBlockElement
300
Flip7
 98
       27
 99
        1
1071
        0
100
AcDbBlockAction
 70
     0
 71
    11
330
434
330
433
330
432
330
431
330
430
330
42F
330
42E
330
42D
330
42C
330
42B
330
42A
1010
0.59988
1020
0.238391
1030
0.0
100
AcDbBlockFlipAction
 92
      107
 93
      107
 94
      107
 95
      107
301
Flip
302
UpdatedFlip
303
UpdatedBase
304
UpdatedEnd
  0
BLOCKFLIPPARAMETER
  5
40B
330
3ED
100
AcDbEvalExpr
 90
      113
 98
       33
 99
      377
100
AcDbBlockElement
300
Flip8
 98
       27
 99
        1
1071
        0
100
AcDbBlockParameter
280
     1
281
     0
100
AcDbBlock2PtParameter
1010
-0.78
1020
-0.005
1030
0.0
1011
0.0
1021
-0.005
1031
0.0
170
     4
 91
      114
 91
        0
 91
        0
 91
        0
171
     0
172
     0
173
     0
174
     0
177
     0
100
AcDbBlockFlipParameter
305
Flip state4
306

307
Not flipped
308
Flipped
1012
0.649042
1022
0.031927
1032
0.0
309
UpdatedFlip
 96
      114
1001
ACAUTHENVIRON
1010
0.137985
1020
0.042015
1030
0.0
  0
BLOCKFLIPGRIP
  5
40C
330
3ED
100
AcDbEvalExpr
 90
      114
 98
       33
 99
      377
100
AcDbBlockElement
300
Grip
 98
       27
 99
        1
1071
        0
100
AcDbBlockGrip
 91
      116
 92
      117
1010
-0.370609
1020
-0.005
1030
0.0
280
     0
 93
       -1
100
AcDbBlockFlipGrip
140
0.78
141
0.0
142
0.0
 93
      115
  0
BLOCKGRIPLOCATIONCOMPONENT
  5
40D
330
3ED
100
AcDbEvalExpr
 90
      115
 98
       33
 99
      377
  1

 70
    70
 70
     0
100
AcDbBlockGripExpr
 91
      113
300
UpdatedFlip
  0
BLOCKGRIPLOCATIONCOMPONENT
  5
40E
330
3ED
100
AcDbEvalExpr
 90
      116
 98
       33
 99
      377
  1

 70
    40
140
0.0
100
AcDbBlockGripExpr
 91
      113
300
UpdatedBaseX
  0
BLOCKGRIPLOCATIONCOMPONENT
  5
40F
330
3ED
100
AcDbEvalExpr
 90
      117
 98
       33
 99
      377
  1

 70
    40
140
0.0
100
AcDbBlockGripExpr
 91
      113
300
UpdatedBaseY
  0
BLOCKFLIPACTION
  5
410
330
3ED
100
AcDbEvalExpr
 90
      118
 98
       33
 99
      377
100
AcDbBlockElement
300
Flip9
 98
       27
 99
        1
1071
        0
100
AcDbBlockAction
 70
     0
 71
    36
330
436
330
434
330
435
330
433
330
432
330
431
330
430
330
42F
330
42E
330
42D
330
42C
330
42B
330
42A
330
428
330
427
330
429
330
426
330
425
330
424
330
423
330
422
330
421
330
420
330
41F
330
43C
330
41C
330
41E
330
41B
330
41A
330
419
330
418
330
417
330
416
330
415
330
414
330
43A
1010
0.685703
1020
-0.002246
1030
0.0
100
AcDbBlockFlipAction
 92
      113
 93
      113
 94
      113
 95
      113
301
Flip
302
UpdatedFlip
303
UpdatedBase
304
UpdatedEnd
  0
BLOCKVISIBILITYPARAMETER
  5
4E8
330
4E7
100
AcDbEvalExpr
 90
        1
 98
       33
 99
      377
100
AcDbBlockElement
300
Visibility State
 98
       27
 99
        1
1071
        0
100
AcDbBlockParameter
280
     1
281
     0
100
AcDbBlock1PtParameter
1010
23.487988
1020
26.630466
1030
0.0
 93
        2
170
     0
171
     0
100
AcDbBlockVisibilityParameter
281
     1
301
Visibility
302

 91
        0
 93
       49
331
4EF
331
4F0
331
4F1
331
4F2
331
4F3
331
4F4
331
4F5
331
4F6
331
4F7
331
4F8
331
4F9
331
4FA
331
4FB
331
4FC
331
4FD
331
4FE
331
4FF
331
500
331
501
331
502
331
503
331
504
331
505
331
506
331
507
331
508
331
509
331
50A
331
50B
331
50C
331
50D
331
50E
331
50F
331
510
331
511
331
512
331
513
331
514
331
515
331
516
331
517
331
518
331
519
331
51A
331
51B
331
51C
331
51D
331
51E
331
51F
 92
        2
303
Bacha Cocina
 94
       19
332
4EF
332
4F0
332
4F1
332
4F2
332
4F3
332
4F4
332
4F5
332
4F6
332
4F7
332
4F8
332
4F9
332
4FA
332
4FB
332
4FC
332
4FD
332
4FE
332
4FF
332
500
332
501
 95
        0
303
Bacha Baño
 94
       30
332
502
332
503
332
504
332
505
332
506
332
507
332
508
332
509
332
50A
332
50B
332
50C
332
50D
332
50E
332
50F
332
510
332
511
332
512
332
513
332
514
332
515
332
516
332
517
332
518
332
519
332
51A
332
51B
332
51C
332
51D
332
51E
332
51F
 95
        0
  0
BLOCKVISIBILITYGRIP
  5
4E9
330
4E7
100
AcDbEvalExpr
 90
        2
 98
       33
 99
      377
100
AcDbBlockElement
300
Grip
 98
       27
 99
        1
1071
        0
100
AcDbBlockGrip
 91
        3
 92
        4
1010
23.487988
1020
26.630466
1030
0.0
280
     0
 93
       -1
100
AcDbBlockVisibilityGrip
  0
BLOCKGRIPLOCATIONCOMPONENT
  5
4EA
330
4E7
100
AcDbEvalExpr
 90
        3
 98
       33
 99
      377
  1

 70
    40
140
0.0
100
AcDbBlockGripExpr
 91
        1
300
UpdatedX
  0
BLOCKGRIPLOCATIONCOMPONENT
  5
4EB
330
4E7
100
AcDbEvalExpr
 90
        4
 98
       33
 99
      377
  1

 70
    40
140
0.0
100
AcDbBlockGripExpr
 91
        1
300
UpdatedY
  0
BLOCKVISIBILITYPARAMETER
  5
60B
330
60A
100
AcDbEvalExpr
 90
        1
 98
       33
 99
      377
100
AcDbBlockElement
300
Visibility State
 98
       27
 99
        1
1071
        0
100
AcDbBlockParameter
280
     1
281
     0
100
AcDbBlock1PtParameter
1010
-55.529075
1020
12.705352
1030
0.0
 93
        2
170
     0
171
     0
100
AcDbBlockVisibilityParameter
281
     1
301
Visibility
302

 91
        0
 93
       19
331
61D
331
61E
331
61F
331
620
331
621
331
622
331
623
331
624
331
625
331
626
331
627
331
648
331
649
331
64A
331
64B
331
64C
331
64D
331
64E
331
64F
 92
        4
303
CAJA - 2 TOMAS - 10A
 94
        4
332
64C
332
64D
332
64E
332
64F
 95
        5
333
60F
333
610
333
613
333
618
333
619
303
CAJA - 1 TOMA - 10A
 94
        5
332
61D
332
61E
332
61F
332
620
332
621
 95
        3
333
610
333
60F
333
615
303
CAJA - 1 TOMA - 20A
 94
        5
332
622
332
623
332
624
332
625
332
626
 95
        3
333
610
333
60F
333
614
303
CAJA - 1 TOMA - 10A - EXT.
 94
        5
332
627
332
648
332
649
332
64A
332
64B
 95
        5
333
60F
333
610
333
613
333
616
333
617
  0
BLOCKVISIBILITYGRIP
  5
60C
330
60A
100
AcDbEvalExpr
 90
        2
 98
       33
 99
      377
100
AcDbBlockElement
300
Grip
 98
       27
 99
        1
1071
        0
100
AcDbBlockGrip
 91
        3
 92
        4
1010
-55.529075
1020
12.705352
1030
0.0
280
     0
 93
       -1
100
AcDbBlockVisibilityGrip
  0
BLOCKGRIPLOCATIONCOMPONENT
  5
60D
330
60A
100
AcDbEvalExpr
 90
        3
 98
       33
 99
      377
  1

 70
    40
140
0.0
100
AcDbBlockGripExpr
 91
        1
300
UpdatedX
  0
BLOCKGRIPLOCATIONCOMPONENT
  5
60E
330
60A
100
AcDbEvalExpr
 90
        4
 98
       33
 99
      377
  1

 70
    40
140
0.0
100
AcDbBlockGripExpr
 91
        1
300
UpdatedY
  0
BLOCKROTATIONPARAMETER
  5
60F
330
60A
100
AcDbEvalExpr
 90
        5
 98
       33
 99
      377
100
AcDbBlockElement
300
Rotation
 98
       27
 99
        1
1071
        0
100
AcDbBlockParameter
280
     1
281
     0
100
AcDbBlock2PtParameter
1010
-55.529075
1020
12.705352
1030
0.0
1011
-55.529075
1021
12.996246
1031
0.0
170
     4
 91
        0
 91
        6
 91
        0
 91
        0
171
     0
172
     0
173
     1
 94
        6
303
DisplacementX
174
     1
 95
        6
304
DisplacementY
177
     0
100
AcDbBlockRotationParameter
305
Angle
306

1011
-55.238181
1021
12.705352
1031
0.0
140
0.110796
307

 96
        3
141
0.0
142
6.283185
143
0.0
175
     0
1001
ACAUTHENVIRON
1010
-55.104383
1020
12.682351
1030
0.0
  0
BLOCKROTATIONGRIP
  5
610
330
60A
100
AcDbEvalExpr
 90
        6
 98
       33
 99
      377
100
AcDbBlockElement
300
Grip
 98
       27
 99
        1
1071
        0
100
AcDbBlockGrip
 91
        7
 92
        8
1010
-55.529075
1020
12.996246
1030
0.0
280
     0
 93
       -1
100
AcDbBlockRotationGrip
  0
BLOCKGRIPLOCATIONCOMPONENT
  5
611
330
60A
100
AcDbEvalExpr
 90
        7
 98
       33
 99
      377
  1

 70
    40
140
1.797693E+99
100
AcDbBlockGripExpr
 91
        5
300
UpdatedEndX
  0
BLOCKGRIPLOCATIONCOMPONENT
  5
612
330
60A
100
AcDbEvalExpr
 90
        8
 98
       33
 99
      377
  1

 70
    40
140
1.797693E+99
100
AcDbBlockGripExpr
 91
        5
300
UpdatedEndY
  0
BLOCKROTATEACTION
  5
613
330
60A
100
AcDbEvalExpr
 90
        9
 98
       33
 99
      377
100
AcDbBlockElement
300
Rotate
 98
       27
 99
        1
1071
        4
100
AcDbBlockAction
 70
     0
 71
     0
1010
-55.529075
1020
12.898228
1030
0.0
100
AcDbBlockActionWithBasePt
 92
        5
301
UpdatedBaseX
 93
        5
302
UpdatedBaseY
1011
0.0
1021
0.0
1031
0.0
280
     1
1012
0.0
1022
0.0
1032
0.0
100
AcDbBlockRotationAction
 94
        5
303
AngleDelta
  0
BLOCKROTATEACTION
  5
614
330
60A
100
AcDbEvalExpr
 90
       10
 98
       33
 99
      377
100
AcDbBlockElement
300
Rotate1
 98
       27
 99
        1
1071
        0
100
AcDbBlockAction
 70
     0
 71
     5
330
625
330
623
330
624
330
626
330
622
1010
-55.529075
1020
12.504442
1030
0.0
100
AcDbBlockActionWithBasePt
 92
        5
301
UpdatedBaseX
 93
        5
302
UpdatedBaseY
1011
0.0
1021
0.0
1031
0.0
280
     1
1012
0.0
1022
0.0
1032
0.0
100
AcDbBlockRotationAction
 94
        5
303
AngleDelta
  0
BLOCKROTATEACTION
  5
615
330
60A
100
AcDbEvalExpr
 90
       11
 98
       33
 99
      377
100
AcDbBlockElement
300
Rotate2
 98
       27
 99
        1
1071
        0
100
AcDbBlockAction
 70
     0
 71
     5
330
61D
330
61F
330
620
330
61E
330
621
1010
-55.529075
1020
12.429765
1030
0.0
100
AcDbBlockActionWithBasePt
 92
        5
301
UpdatedBaseX
 93
        5
302
UpdatedBaseY
1011
0.0
1021
0.0
1031
0.0
280
     1
1012
0.0
1022
0.0
1032
0.0
100
AcDbBlockRotationAction
 94
        5
303
AngleDelta
  0
BLOCKROTATEACTION
  5
616
330
60A
100
AcDbEvalExpr
 90
       13
 98
       33
 99
      377
100
AcDbBlockElement
300
Rotate3
 98
       27
 99
        1
1071
        4
100
AcDbBlockAction
 70
     0
 71
     0
1010
-55.529075
1020
12.410774
1030
0.0
100
AcDbBlockActionWithBasePt
 92
        5
301
UpdatedBaseX
 93
        5
302
UpdatedBaseY
1011
0.0
1021
0.0
1031
0.0
280
     1
1012
0.0
1022
0.0
1032
0.0
100
AcDbBlockRotationAction
 94
        5
303
AngleDelta
  0
BLOCKROTATEACTION
  5
617
330
60A
100
AcDbEvalExpr
 90
       14
 98
       33
 99
      377
100
AcDbBlockElement
300
Rotate4
 98
       27
 99
        1
1071
        0
100
AcDbBlockAction
 70
     0
 71
     5
330
648
330
64A
330
649
330
64B
330
627
1010
-55.086723
1020
12.27018
1030
0.0
100
AcDbBlockActionWithBasePt
 92
        5
301
UpdatedBaseX
 93
        5
302
UpdatedBaseY
1011
0.0
1021
0.0
1031
0.0
280
     1
1012
0.0
1022
0.0
1032
0.0
100
AcDbBlockRotationAction
 94
        5
303
AngleDelta
  0
BLOCKROTATEACTION
  5
618
330
60A
100
AcDbEvalExpr
 90
       15
 98
       33
 99
      377
100
AcDbBlockElement
300
Rotate5
 98
       27
 99
        1
1071
        4
100
AcDbBlockAction
 70
     0
 71
     0
1010
-54.828363
1020
12.682351
1030
0.0
100
AcDbBlockActionWithBasePt
 92
        5
301
UpdatedBaseX
 93
        5
302
UpdatedBaseY
1011
0.0
1021
0.0
1031
0.0
280
     1
1012
0.0
1022
0.0
1032
0.0
100
AcDbBlockRotationAction
 94
        5
303
AngleDelta
  0
BLOCKROTATEACTION
  5
619
330
60A
100
AcDbEvalExpr
 90
       16
 98
       33
 99
      377
100
AcDbBlockElement
300
Rotate6
 98
       27
 99
        1
1071
        0
100
AcDbBlockAction
 70
     0
 71
     4
330
64E
330
64C
330
64D
330
64F
1010
-54.528728
1020
12.682351
1030
0.0
100
AcDbBlockActionWithBasePt
 92
        5
301
UpdatedBaseX
 93
        5
302
UpdatedBaseY
1011
0.0
1021
0.0
1031
0.0
280
     1
1012
0.0
1022
0.0
1032
0.0
100
AcDbBlockRotationAction
 94
        5
303
AngleDelta
  0
ACDB_BLOCKREPRESENTATION_DATA
  5
3EA
102
{ACAD_REACTORS
330
3E9
102
}
330
3E9
100
AcDbBlockRepresentationData
 70
     1
340
3EB
  0
DICTIONARY
  5
43E
102
{ACAD_REACTORS
330
3E9
102
}
330
3E9
100
AcDbDictionary
280
     1
281
     1
  3
ACAD_ENHANCEDBLOCKDATA
360
43F
  3
ACAD_ENHANCEDBLOCKHDATA
360
44C
  3
ACAD_ENHANCEDBLOCKHISTORY
360
44D
  0
ACDB_BLOCKREPRESENTATION_DATA
  5
4A1
102
{ACAD_REACTORS
330
4A0
102
}
330
4A0
100
AcDbBlockRepresentationData
 70
     1
340
3EB
  0
DICTIONARY
  5
4A2
102
{ACAD_REACTORS
330
4A0
102
}
330
4A0
100
AcDbDictionary
280
     1
281
     1
  3
ACAD_ENHANCEDBLOCKDATA
360
4A3
  3
ACAD_ENHANCEDBLOCKHDATA
360
4B0
  3
ACAD_ENHANCEDBLOCKHISTORY
360
4B1
  0
ACDB_BLOCKREPRESENTATION_DATA
  5
4E4
102
{ACAD_REACTORS
330
4E3
102
}
330
4E3
100
AcDbBlockRepresentationData
 70
     1
340
4E5
  0
DICTIONARY
  5
521
102
{ACAD_REACTORS
330
4E3
102
}
330
4E3
100
AcDbDictionary
280
     1
281
     1
  3
ACAD_ENHANCEDBLOCKDATA
360
522
  0
ACDB_BLOCKREPRESENTATION_DATA
  5
698
102
{ACAD_REACTORS
330
697
102
}
330
697
100
AcDbBlockRepresentationData
 70
     1
340
608
  0
DICTIONARY
  5
699
102
{ACAD_REACTORS
330
697
102
}
330
697
100
AcDbDictionary
280
     1
281
     1
  3
ACAD_ENHANCEDBLOCKDATA
360
69A
  3
ACAD_ENHANCEDBLOCKHDATA
360
6A4
  0
ACDB_BLOCKREPRESENTATION_DATA
  5
6C8
102
{ACAD_REACTORS
330
6C7
102
}
330
6C7
100
AcDbBlockRepresentationData
 70
     1
340
608
  0
DICTIONARY
  5
6C9
102
{ACAD_REACTORS
330
6C7
102
}
330
6C7
100
AcDbDictionary
280
     1
281
     1
  3
ACAD_ENHANCEDBLOCKDATA
360
6CA
  3
ACAD_ENHANCEDBLOCKHDATA
360
6D4
  0
ACDB_BLOCKREPRESENTATION_DATA
  5
702
102
{ACAD_REACTORS
330
701
102
}
330
701
100
AcDbBlockRepresentationData
 70
     1
340
608
  0
DICTIONARY
  5
703
102
{ACAD_REACTORS
330
701
102
}
330
701
100
AcDbDictionary
280
     1
281
     1
  3
ACAD_ENHANCEDBLOCKDATA
360
704
  3
ACAD_ENHANCEDBLOCKHDATA
360
70E
  0
ACDB_BLOCKREPRESENTATION_DATA
  5
74B
102
{ACAD_REACTORS
330
74A
102
}
330
74A
100
AcDbBlockRepresentationData
 70
     1
340
3EB
  0
DICTIONARY
  5
74C
102
{ACAD_REACTORS
330
74A
102
}
330
74A
100
AcDbDictionary
280
     1
281
     1
  3
ACAD_ENHANCEDBLOCKDATA
360
74D
  3
ACAD_ENHANCEDBLOCKHDATA
360
75A
  3
ACAD_ENHANCEDBLOCKHISTORY
360
75B
  0
ACDB_BLOCKREPRESENTATION_DATA
  5
785
102
{ACAD_REACTORS
330
784
102
}
330
784
100
AcDbBlockRepresentationData
 70
     1
340
3EB
  0
DICTIONARY
  5
786
102
{ACAD_REACTORS
330
784
102
}
330
784
100
AcDbDictionary
280
     1
281
     1
  3
ACAD_ENHANCEDBLOCKDATA
360
787
  3
ACAD_ENHANCEDBLOCKHDATA
360
794
  3
ACAD_ENHANCEDBLOCKHISTORY
360
795
  0
ACDB_BLOCKREPRESENTATION_DATA
  5
7E3
102
{ACAD_REACTORS
330
7E2
102
}
330
7E2
100
AcDbBlockRepresentationData
 70
     1
340
3EB
  0
DICTIONARY
  5
7E4
102
{ACAD_REACTORS
330
7E2
102
}
330
7E2
100
AcDbDictionary
280
     1
281
     1
  3
ACAD_ENHANCEDBLOCKDATA
360
7E5
  3
ACAD_ENHANCEDBLOCKHDATA
360
7F2
  3
ACAD_ENHANCEDBLOCKHISTORY
360
7F3
  0
ACDB_BLOCKREPRESENTATION_DATA
  5
842
102
{ACAD_REACTORS
330
841
102
}
330
841
100
AcDbBlockRepresentationData
 70
     1
340
3EB
  0
DICTIONARY
  5
843
102
{ACAD_REACTORS
330
841
102
}
330
841
100
AcDbDictionary
280
     1
281
     1
  3
ACAD_ENHANCEDBLOCKDATA
360
844
  3
ACAD_ENHANCEDBLOCKHDATA
360
851
  3
ACAD_ENHANCEDBLOCKHISTORY
360
852
  0
ACDB_BLOCKREPRESENTATION_DATA
  5
8B5
102
{ACAD_REACTORS
330
8B4
102
}
330
8B4
100
AcDbBlockRepresentationData
 70
     1
340
3EB
  0
DICTIONARY
  5
8B6
102
{ACAD_REACTORS
330
8B4
102
}
330
8B4
100
AcDbDictionary
280
     1
281
     1
  3
ACAD_ENHANCEDBLOCKDATA
360
8B7
  3
ACAD_ENHANCEDBLOCKHDATA
360
8C4
  3
ACAD_ENHANCEDBLOCKHISTORY
360
8C5
  0
ACDB_BLOCKREPRESENTATION_DATA
  5
8C9
102
{ACAD_REACTORS
330
8C8
102
}
330
8C8
100
AcDbBlockRepresentationData
 70
     1
340
3EB
  0
DICTIONARY
  5
8CA
102
{ACAD_REACTORS
330
8C8
102
}
330
8C8
100
AcDbDictionary
280
     1
281
     1
  3
ACAD_ENHANCEDBLOCKDATA
360
8CB
  3
ACAD_ENHANCEDBLOCKHDATA
360
8D8
  3
ACAD_ENHANCEDBLOCKHISTORY
360
8D9
  0
DICTIONARY
  5
358
330
22
100
AcDbDictionary
280
     1
281
     1
  3
CSD_PLOT_CONFIG
360
359
  0
DICTIONARY
  5
983
330
7F
100
AcDbDictionary
280
     1
281
     1
  3
ACAD_ROUNDTRIP_2008_TABLESTYLE_CELLSTYLEMAP
360
984
  0
DICTIONARY
  5
43F
102
{ACAD_REACTORS
330
43E
102
}
330
43E
100
AcDbDictionary
280
     1
281
     1
  3
1
360
440
  3
101
360
441
  3
102
360
442
  3
107
360
443
  3
108
360
444
  3
113
360
445
  3
114
360
446
  3
41
360
447
  3
42
360
448
  3
5
360
449
  3
55
360
44A
  3
56
360
44B
  0
DICTIONARY
  5
44C
102
{ACAD_REACTORS
330
43E
102
}
330
43E
100
AcDbDictionary
281
     1
  0
XRECORD
  5
44D
102
{ACAD_REACTORS
330
43E
102
}
330
43E
100
AcDbXrecord
280
     1
1070
     3
1071
      102
300
GRIPFLIP
 70
     0
1071
      108
300
GRIPFLIP
 70
     0
1071
      102
300
GRIPFLIP
 70
     0
1071
      108
300
GRIPFLIP
 70
     0
1071
      108
300
GRIPFLIP
 70
     1
1071
       42
300
GRIPFLIP
 70
     1
1071
       42
300
GRIPFLIP
 70
     1
1071
       42
300
GRIPFLIP
 70
     0
1071
       56
300
GRIPFLIP
 70
     0
1071
       56
300
GRIPFLIP
 70
     0
1071
       42
300
GRIPFLIP
 70
     0
1071
       42
300
GRIPFLIP
 70
     0
1071
      114
300
GRIPFLIP
 70
     0
1071
      108
300
GRIPFLIP
 70
     0
1071
      108
300
GRIPFLIP
 70
     0
1071
      108
300
GRIPFLIP
 70
     0
1071
      102
300
GRIPFLIP
 70
     0
1071
      108
300
GRIPFLIP
 70
     0
1071
      114
300
GRIPFLIP
 70
     0
1071
       42
300
GRIPFLIP
 70
     0
1071
      102
300
GRIPFLIP
 70
     0
1071
       42
300
GRIPFLIP
 70
     0
1071
      114
300
GRIPFLIP
 70
     0
1071
       42
300
GRIPFLIP
 70
     0
1071
       56
300
GRIPFLIP
 70
     0
1071
      102
300
GRIPFLIP
 70
     0
1071
       56
300
GRIPFLIP
 70
     0
1071
      114
300
GRIPFLIP
 70
     0
1071
      114
300
GRIPFLIP
 70
     0
1071
      102
300
GRIPFLIP
 70
     0
1071
      108
300
GRIPFLIP
 70
     0
1071
      102
300
GRIPFLIP
 70
     0
1071
      108
300
GRIPFLIP
 70
     1
1071
        1
300
Visibility
  1
88 - Marco 14
1071
      102
300
GRIPFLIP
 70
     0
  0
DICTIONARY
  5
4A3
102
{ACAD_REACTORS
330
4A2
102
}
330
4A2
100
AcDbDictionary
280
     1
281
     1
  3
1
360
4A4
  3
101
360
4A5
  3
102
360
4A6
  3
107
360
4A7
  3
108
360
4A8
  3
113
360
4A9
  3
114
360
4AA
  3
41
360
4AB
  3
42
360
4AC
  3
5
360
4AD
  3
55
360
4AE
  3
56
360
4AF
  0
DICTIONARY
  5
4B0
102
{ACAD_REACTORS
330
4A2
102
}
330
4A2
100
AcDbDictionary
281
     1
  0
XRECORD
  5
4B1
102
{ACAD_REACTORS
330
4A2
102
}
330
4A2
100
AcDbXrecord
280
     1
1070
     3
1071
      102
300
GRIPFLIP
 70
     0
1071
      108
300
GRIPFLIP
 70
     0
1071
      102
300
GRIPFLIP
 70
     0
1071
      108
300
GRIPFLIP
 70
     0
1071
      108
300
GRIPFLIP
 70
     1
1071
       42
300
GRIPFLIP
 70
     1
1071
       42
300
GRIPFLIP
 70
     1
1071
       42
300
GRIPFLIP
 70
     0
1071
       56
300
GRIPFLIP
 70
     0
1071
       56
300
GRIPFLIP
 70
     0
1071
       42
300
GRIPFLIP
 70
     0
1071
       42
300
GRIPFLIP
 70
     0
1071
      114
300
GRIPFLIP
 70
     0
1071
      108
300
GRIPFLIP
 70
     0
1071
      108
300
GRIPFLIP
 70
     0
1071
      108
300
GRIPFLIP
 70
     0
1071
      102
300
GRIPFLIP
 70
     0
1071
      108
300
GRIPFLIP
 70
     0
1071
      114
300
GRIPFLIP
 70
     0
1071
       42
300
GRIPFLIP
 70
     0
1071
      102
300
GRIPFLIP
 70
     0
1071
       42
300
GRIPFLIP
 70
     0
1071
      114
300
GRIPFLIP
 70
     0
1071
       42
300
GRIPFLIP
 70
     0
1071
       56
300
GRIPFLIP
 70
     0
1071
      102
300
GRIPFLIP
 70
     0
1071
       56
300
GRIPFLIP
 70
     0
1071
      114
300
GRIPFLIP
 70
     0
1071
      114
300
GRIPFLIP
 70
     0
1071
      102
300
GRIPFLIP
 70
     0
1071
      108
300
GRIPFLIP
 70
     0
1071
      102
300
GRIPFLIP
 70
     0
1071
      108
300
GRIPFLIP
 70
     1
1071
        1
300
Visibility
  1
88 - Marco 14
1071
      102
300
GRIPFLIP
 70
     0
  0
DICTIONARY
  5
522
102
{ACAD_REACTORS
330
521
102
}
330
521
100
AcDbDictionary
280
     1
281
     1
  3
1
360
523
  0
DICTIONARY
  5
69A
102
{ACAD_REACTORS
330
699
102
}
330
699
100
AcDbDictionary
280
     1
281
     1
  3
1
360
69B
  3
10
360
69C
  3
11
360
69D
  3
13
360
69E
  3
14
360
69F
  3
15
360
6A0
  3
16
360
6A1
  3
5
360
6A2
  3
9
360
6A3
  0
DICTIONARY
  5
6A4
102
{ACAD_REACTORS
330
699
102
}
330
699
100
AcDbDictionary
281
     1
  0
DICTIONARY
  5
6CA
102
{ACAD_REACTORS
330
6C9
102
}
330
6C9
100
AcDbDictionary
280
     1
281
     1
  3
1
360
6CB
  3
10
360
6CC
  3
11
360
6CD
  3
13
360
6CE
  3
14
360
6CF
  3
15
360
6D0
  3
16
360
6D1
  3
5
360
6D2
  3
9
360
6D3
  0
DICTIONARY
  5
6D4
102
{ACAD_REACTORS
330
6C9
102
}
330
6C9
100
AcDbDictionary
281
     1
  0
DICTIONARY
  5
704
102
{ACAD_REACTORS
330
703
102
}
330
703
100
AcDbDictionary
280
     1
281
     1
  3
1
360
705
  3
10
360
706
  3
11
360
707
  3
13
360
708
  3
14
360
709
  3
15
360
70A
  3
16
360
70B
  3
5
360
70C
  3
9
360
70D
  0
DICTIONARY
  5
70E
102
{ACAD_REACTORS
330
703
102
}
330
703
100
AcDbDictionary
281
     1
  0
DICTIONARY
  5
74D
102
{ACAD_REACTORS
330
74C
102
}
330
74C
100
AcDbDictionary
280
     1
281
     1
  3
1
360
74E
  3
101
360
74F
  3
102
360
750
  3
107
360
751
  3
108
360
752
  3
113
360
753
  3
114
360
754
  3
41
360
755
  3
42
360
756
  3
5
360
757
  3
55
360
758
  3
56
360
759
  0
DICTIONARY
  5
75A
102
{ACAD_REACTORS
330
74C
102
}
330
74C
100
AcDbDictionary
281
     1
  0
XRECORD
  5
75B
102
{ACAD_REACTORS
330
74C
102
}
330
74C
100
AcDbXrecord
280
     1
1070
     3
1071
      102
300
GRIPFLIP
 70
     0
1071
      108
300
GRIPFLIP
 70
     0
1071
      102
300
GRIPFLIP
 70
     0
1071
      108
300
GRIPFLIP
 70
     0
1071
      108
300
GRIPFLIP
 70
     1
1071
       42
300
GRIPFLIP
 70
     1
1071
       42
300
GRIPFLIP
 70
     1
1071
       42
300
GRIPFLIP
 70
     0
1071
       56
300
GRIPFLIP
 70
     0
1071
       56
300
GRIPFLIP
 70
     0
1071
       42
300
GRIPFLIP
 70
     0
1071
       42
300
GRIPFLIP
 70
     0
1071
      114
300
GRIPFLIP
 70
     0
1071
      108
300
GRIPFLIP
 70
     0
1071
      108
300
GRIPFLIP
 70
     0
1071
      108
300
GRIPFLIP
 70
     0
1071
      102
300
GRIPFLIP
 70
     0
1071
      108
300
GRIPFLIP
 70
     0
1071
      114
300
GRIPFLIP
 70
     0
1071
       42
300
GRIPFLIP
 70
     0
1071
      102
300
GRIPFLIP
 70
     0
1071
       42
300
GRIPFLIP
 70
     0
1071
      114
300
GRIPFLIP
 70
     0
1071
       42
300
GRIPFLIP
 70
     0
1071
       56
300
GRIPFLIP
 70
     0
1071
      102
300
GRIPFLIP
 70
     0
1071
       56
300
GRIPFLIP
 70
     0
1071
      114
300
GRIPFLIP
 70
     0
1071
      114
300
GRIPFLIP
 70
     0
1071
      102
300
GRIPFLIP
 70
     0
1071
      108
300
GRIPFLIP
 70
     0
1071
      102
300
GRIPFLIP
 70
     0
1071
      108
300
GRIPFLIP
 70
     1
1071
        1
300
Visibility
  1
88 - Marco 14
1071
      102
300
GRIPFLIP
 70
     0
  0
DICTIONARY
  5
787
102
{ACAD_REACTORS
330
786
102
}
330
786
100
AcDbDictionary
280
     1
281
     1
  3
1
360
788
  3
101
360
789
  3
102
360
78A
  3
107
360
78B
  3
108
360
78C
  3
113
360
78D
  3
114
360
78E
  3
41
360
78F
  3
42
360
790
  3
5
360
791
  3
55
360
792
  3
56
360
793
  0
DICTIONARY
  5
794
102
{ACAD_REACTORS
330
786
102
}
330
786
100
AcDbDictionary
281
     1
  0
XRECORD
  5
795
102
{ACAD_REACTORS
330
786
102
}
330
786
100
AcDbXrecord
280
     1
1070
     3
1071
      102
300
GRIPFLIP
 70
     0
1071
      108
300
GRIPFLIP
 70
     0
1071
      102
300
GRIPFLIP
 70
     0
1071
      108
300
GRIPFLIP
 70
     0
1071
      108
300
GRIPFLIP
 70
     1
1071
       42
300
GRIPFLIP
 70
     1
1071
       42
300
GRIPFLIP
 70
     1
1071
       42
300
GRIPFLIP
 70
     0
1071
       56
300
GRIPFLIP
 70
     0
1071
       56
300
GRIPFLIP
 70
     0
1071
       42
300
GRIPFLIP
 70
     0
1071
       42
300
GRIPFLIP
 70
     0
1071
      114
300
GRIPFLIP
 70
     0
1071
      108
300
GRIPFLIP
 70
     0
1071
      108
300
GRIPFLIP
 70
     0
1071
      108
300
GRIPFLIP
 70
     0
1071
      102
300
GRIPFLIP
 70
     0
1071
      108
300
GRIPFLIP
 70
     0
1071
      114
300
GRIPFLIP
 70
     0
1071
       42
300
GRIPFLIP
 70
     0
1071
      102
300
GRIPFLIP
 70
     0
1071
       42
300
GRIPFLIP
 70
     0
1071
      114
300
GRIPFLIP
 70
     0
1071
       42
300
GRIPFLIP
 70
     0
1071
       56
300
GRIPFLIP
 70
     0
1071
      102
300
GRIPFLIP
 70
     0
1071
       56
300
GRIPFLIP
 70
     0
1071
      114
300
GRIPFLIP
 70
     0
1071
      114
300
GRIPFLIP
 70
     0
1071
      102
300
GRIPFLIP
 70
     0
1071
      108
300
GRIPFLIP
 70
     0
1071
      102
300
GRIPFLIP
 70
     0
1071
      108
300
GRIPFLIP
 70
     1
1071
        1
300
Visibility
  1
88 - Marco 14
1071
      102
300
GRIPFLIP
 70
     0
  0
DICTIONARY
  5
7E5
102
{ACAD_REACTORS
330
7E4
102
}
330
7E4
100
AcDbDictionary
280
     1
281
     1
  3
1
360
7E6
  3
101
360
7E7
  3
102
360
7E8
  3
107
360
7E9
  3
108
360
7EA
  3
113
360
7EB
  3
114
360
7EC
  3
41
360
7ED
  3
42
360
7EE
  3
5
360
7EF
  3
55
360
7F0
  3
56
360
7F1
  0
DICTIONARY
  5
7F2
102
{ACAD_REACTORS
330
7E4
102
}
330
7E4
100
AcDbDictionary
281
     1
  0
XRECORD
  5
7F3
102
{ACAD_REACTORS
330
7E4
102
}
330
7E4
100
AcDbXrecord
280
     1
1070
     3
1071
      102
300
GRIPFLIP
 70
     0
1071
      108
300
GRIPFLIP
 70
     0
1071
      102
300
GRIPFLIP
 70
     0
1071
      108
300
GRIPFLIP
 70
     0
1071
      108
300
GRIPFLIP
 70
     1
1071
       42
300
GRIPFLIP
 70
     1
1071
       42
300
GRIPFLIP
 70
     1
1071
       42
300
GRIPFLIP
 70
     0
1071
       56
300
GRIPFLIP
 70
     0
1071
       56
300
GRIPFLIP
 70
     0
1071
       42
300
GRIPFLIP
 70
     0
1071
       42
300
GRIPFLIP
 70
     0
1071
      114
300
GRIPFLIP
 70
     0
1071
      108
300
GRIPFLIP
 70
     0
1071
      108
300
GRIPFLIP
 70
     0
1071
      108
300
GRIPFLIP
 70
     0
1071
      102
300
GRIPFLIP
 70
     0
1071
      108
300
GRIPFLIP
 70
     0
1071
      114
300
GRIPFLIP
 70
     0
1071
       42
300
GRIPFLIP
 70
     0
1071
      102
300
GRIPFLIP
 70
     0
1071
       42
300
GRIPFLIP
 70
     0
1071
      114
300
GRIPFLIP
 70
     0
1071
       42
300
GRIPFLIP
 70
     0
1071
       56
300
GRIPFLIP
 70
     0
1071
      102
300
GRIPFLIP
 70
     0
1071
       56
300
GRIPFLIP
 70
     0
1071
      114
300
GRIPFLIP
 70
     0
1071
      114
300
GRIPFLIP
 70
     0
1071
      102
300
GRIPFLIP
 70
     0
1071
      108
300
GRIPFLIP
 70
     0
1071
      102
300
GRIPFLIP
 70
     0
1071
      108
300
GRIPFLIP
 70
     1
1071
        1
300
Visibility
  1
88 - Marco 14
1071
      102
300
GRIPFLIP
 70
     0
  0
DICTIONARY
  5
844
102
{ACAD_REACTORS
330
843
102
}
330
843
100
AcDbDictionary
280
     1
281
     1
  3
1
360
845
  3
101
360
846
  3
102
360
847
  3
107
360
848
  3
108
360
849
  3
113
360
84A
  3
114
360
84B
  3
41
360
84C
  3
42
360
84D
  3
5
360
84E
  3
55
360
84F
  3
56
360
850
  0
DICTIONARY
  5
851
102
{ACAD_REACTORS
330
843
102
}
330
843
100
AcDbDictionary
281
     1
  0
XRECORD
  5
852
102
{ACAD_REACTORS
330
843
102
}
330
843
100
AcDbXrecord
280
     1
1070
     3
1071
      102
300
GRIPFLIP
 70
     0
1071
      108
300
GRIPFLIP
 70
     0
1071
      102
300
GRIPFLIP
 70
     0
1071
      108
300
GRIPFLIP
 70
     0
1071
      108
300
GRIPFLIP
 70
     1
1071
       42
300
GRIPFLIP
 70
     1
1071
       42
300
GRIPFLIP
 70
     1
1071
       42
300
GRIPFLIP
 70
     0
1071
       56
300
GRIPFLIP
 70
     0
1071
       56
300
GRIPFLIP
 70
     0
1071
       42
300
GRIPFLIP
 70
     0
1071
       42
300
GRIPFLIP
 70
     0
1071
      114
300
GRIPFLIP
 70
     0
1071
      108
300
GRIPFLIP
 70
     0
1071
      108
300
GRIPFLIP
 70
     0
1071
      108
300
GRIPFLIP
 70
     0
1071
      102
300
GRIPFLIP
 70
     0
1071
      108
300
GRIPFLIP
 70
     0
1071
      114
300
GRIPFLIP
 70
     0
1071
       42
300
GRIPFLIP
 70
     0
1071
      102
300
GRIPFLIP
 70
     0
1071
       42
300
GRIPFLIP
 70
     0
1071
      114
300
GRIPFLIP
 70
     0
1071
       42
300
GRIPFLIP
 70
     0
1071
       56
300
GRIPFLIP
 70
     0
1071
      102
300
GRIPFLIP
 70
     0
1071
       56
300
GRIPFLIP
 70
     0
1071
      114
300
GRIPFLIP
 70
     0
1071
      114
300
GRIPFLIP
 70
     0
1071
      102
300
GRIPFLIP
 70
     0
1071
      108
300
GRIPFLIP
 70
     0
1071
      102
300
GRIPFLIP
 70
     0
1071
      108
300
GRIPFLIP
 70
     1
1071
        1
300
Visibility
  1
88 - Marco 14
1071
      102
300
GRIPFLIP
 70
     0
  0
DICTIONARY
  5
8B7
102
{ACAD_REACTORS
330
8B6
102
}
330
8B6
100
AcDbDictionary
280
     1
281
     1
  3
1
360
8B8
  3
101
360
8B9
  3
102
360
8BA
  3
107
360
8BB
  3
108
360
8BC
  3
113
360
8BD
  3
114
360
8BE
  3
41
360
8BF
  3
42
360
8C0
  3
5
360
8C1
  3
55
360
8C2
  3
56
360
8C3
  0
DICTIONARY
  5
8C4
102
{ACAD_REACTORS
330
8B6
102
}
330
8B6
100
AcDbDictionary
281
     1
  0
XRECORD
  5
8C5
102
{ACAD_REACTORS
330
8B6
102
}
330
8B6
100
AcDbXrecord
280
     1
1070
     3
1071
      102
300
GRIPFLIP
 70
     0
1071
      108
300
GRIPFLIP
 70
     0
1071
      102
300
GRIPFLIP
 70
     0
1071
      108
300
GRIPFLIP
 70
     0
1071
      108
300
GRIPFLIP
 70
     1
1071
       42
300
GRIPFLIP
 70
     1
1071
       42
300
GRIPFLIP
 70
     1
1071
       42
300
GRIPFLIP
 70
     0
1071
       56
300
GRIPFLIP
 70
     0
1071
       56
300
GRIPFLIP
 70
     0
1071
       42
300
GRIPFLIP
 70
     0
1071
       42
300
GRIPFLIP
 70
     0
1071
      114
300
GRIPFLIP
 70
     0
1071
      108
300
GRIPFLIP
 70
     0
1071
      108
300
GRIPFLIP
 70
     0
1071
      108
300
GRIPFLIP
 70
     0
1071
      102
300
GRIPFLIP
 70
     0
1071
      108
300
GRIPFLIP
 70
     0
1071
      114
300
GRIPFLIP
 70
     0
1071
       42
300
GRIPFLIP
 70
     0
1071
      102
300
GRIPFLIP
 70
     0
1071
       42
300
GRIPFLIP
 70
     0
1071
      114
300
GRIPFLIP
 70
     0
1071
       42
300
GRIPFLIP
 70
     0
1071
       56
300
GRIPFLIP
 70
     0
1071
      102
300
GRIPFLIP
 70
     0
1071
       56
300
GRIPFLIP
 70
     0
1071
      114
300
GRIPFLIP
 70
     0
1071
      114
300
GRIPFLIP
 70
     0
1071
      102
300
GRIPFLIP
 70
     0
1071
      108
300
GRIPFLIP
 70
     0
1071
      102
300
GRIPFLIP
 70
     0
1071
      108
300
GRIPFLIP
 70
     1
1071
        1
300
Visibility
  1
88 - Marco 14
1071
      102
300
GRIPFLIP
 70
     0
  0
DICTIONARY
  5
8CB
102
{ACAD_REACTORS
330
8CA
102
}
330
8CA
100
AcDbDictionary
280
     1
281
     1
  3
1
360
8CC
  3
101
360
8CD
  3
102
360
8CE
  3
107
360
8CF
  3
108
360
8D0
  3
113
360
8D1
  3
114
360
8D2
  3
41
360
8D3
  3
42
360
8D4
  3
5
360
8D5
  3
55
360
8D6
  3
56
360
8D7
  0
DICTIONARY
  5
8D8
102
{ACAD_REACTORS
330
8CA
102
}
330
8CA
100
AcDbDictionary
281
     1
  0
XRECORD
  5
8D9
102
{ACAD_REACTORS
330
8CA
102
}
330
8CA
100
AcDbXrecord
280
     1
1070
     3
1071
      102
300
GRIPFLIP
 70
     0
1071
      108
300
GRIPFLIP
 70
     0
1071
      102
300
GRIPFLIP
 70
     0
1071
      108
300
GRIPFLIP
 70
     0
1071
      108
300
GRIPFLIP
 70
     1
1071
       42
300
GRIPFLIP
 70
     1
1071
       42
300
GRIPFLIP
 70
     1
1071
       42
300
GRIPFLIP
 70
     0
1071
       56
300
GRIPFLIP
 70
     0
1071
       56
300
GRIPFLIP
 70
     0
1071
       42
300
GRIPFLIP
 70
     0
1071
       42
300
GRIPFLIP
 70
     0
1071
      114
300
GRIPFLIP
 70
     0
1071
      108
300
GRIPFLIP
 70
     0
1071
      108
300
GRIPFLIP
 70
     0
1071
      108
300
GRIPFLIP
 70
     0
1071
      102
300
GRIPFLIP
 70
     0
1071
      108
300
GRIPFLIP
 70
     0
1071
      114
300
GRIPFLIP
 70
     0
1071
       42
300
GRIPFLIP
 70
     0
1071
      102
300
GRIPFLIP
 70
     0
1071
       42
300
GRIPFLIP
 70
     0
1071
      114
300
GRIPFLIP
 70
     0
1071
       42
300
GRIPFLIP
 70
     0
1071
       56
300
GRIPFLIP
 70
     0
1071
      102
300
GRIPFLIP
 70
     0
1071
       56
300
GRIPFLIP
 70
     0
1071
      114
300
GRIPFLIP
 70
     0
1071
      114
300
GRIPFLIP
 70
     0
1071
      102
300
GRIPFLIP
 70
     0
1071
      108
300
GRIPFLIP
 70
     0
1071
      102
300
GRIPFLIP
 70
     0
1071
      108
300
GRIPFLIP
 70
     1
1071
        1
300
Visibility
  1
88 - Marco 14
1071
      102
300
GRIPFLIP
 70
     0
  0
LAYOUTPRINTCONFIG
  5
359
102
{ACAD_REACTORS
330
358
102
}
330
358
100
AcDbEntity
  8
0
160
                 8
310
0800000000000000
100
CAcLayoutPrintConfig
 93
        0
  0
CELLSTYLEMAP
  5
984
102
{ACAD_REACTORS
330
983
102
}
330
983
100
AcDbCellStyleMap
 90
        3
300
CELLSTYLE
  1
TABLEFORMAT_BEGIN
 90
        5
170
     1
 91
        0
 92
    32768
 62
   257
 93
        1
300
CONTENTFORMAT
  1
CONTENTFORMAT_BEGIN
 90
        0
 91
        0
 92
      512
 93
        0
300

 40
0.0
140
1.0
 94
        5
 62
     0
340
11
144
6.0
309
CONTENTFORMAT_END
171
     1
301
MARGIN
  1
CELLMARGIN_BEGIN
 40
1.5
 40
1.5
 40
1.5
 40
1.5
 40
4.5
 40
4.5
309
CELLMARGIN_END
 94
        6
 95
        1
302
GRIDFORMAT
  1
GRIDFORMAT_BEGIN
 90
        0
 91
        1
 62
     0
 92
       -2
340
14
 93
        0
 40
1.125
309
GRIDFORMAT_END
 95
        2
302
GRIDFORMAT
  1
GRIDFORMAT_BEGIN
 90
        0
 91
        1
 62
     0
 92
       -2
340
14
 93
        0
 40
1.125
309
GRIDFORMAT_END
 95
        4
302
GRIDFORMAT
  1
GRIDFORMAT_BEGIN
 90
        0
 91
        1
 62
     0
 92
       -2
340
14
 93
        0
 40
1.125
309
GRIDFORMAT_END
 95
        8
302
GRIDFORMAT
  1
GRIDFORMAT_BEGIN
 90
        0
 91
        1
 62
     0
 92
       -2
340
14
 93
        0
 40
1.125
309
GRIDFORMAT_END
 95
       16
302
GRIDFORMAT
  1
GRIDFORMAT_BEGIN
 90
        0
 91
        1
 62
     0
 92
       -2
340
14
 93
        0
 40
1.125
309
GRIDFORMAT_END
 95
       32
302
GRIDFORMAT
  1
GRIDFORMAT_BEGIN
 90
        0
 91
        1
 62
     0
 92
       -2
340
14
 93
        0
 40
1.125
309
GRIDFORMAT_END
309
TABLEFORMAT_END
  1
CELLSTYLE_BEGIN
 90
        1
 91
        1
300
_TITLE
309
CELLSTYLE_END
300
CELLSTYLE
  1
TABLEFORMAT_BEGIN
 90
        5
170
     1
 91
        0
 92
        0
 62
   257
 93
        1
300
CONTENTFORMAT
  1
CONTENTFORMAT_BEGIN
 90
        0
 91
        0
 92
      512
 93
        0
300

 40
0.0
140
1.0
 94
        5
 62
     0
340
11
144
4.5
309
CONTENTFORMAT_END
171
     1
301
MARGIN
  1
CELLMARGIN_BEGIN
 40
1.5
 40
1.5
 40
1.5
 40
1.5
 40
4.5
 40
4.5
309
CELLMARGIN_END
 94
        6
 95
        1
302
GRIDFORMAT
  1
GRIDFORMAT_BEGIN
 90
        0
 91
        1
 62
     0
 92
       -2
340
14
 93
        0
 40
1.125
309
GRIDFORMAT_END
 95
        2
302
GRIDFORMAT
  1
GRIDFORMAT_BEGIN
 90
        0
 91
        1
 62
     0
 92
       -2
340
14
 93
        0
 40
1.125
309
GRIDFORMAT_END
 95
        4
302
GRIDFORMAT
  1
GRIDFORMAT_BEGIN
 90
        0
 91
        1
 62
     0
 92
       -2
340
14
 93
        0
 40
1.125
309
GRIDFORMAT_END
 95
        8
302
GRIDFORMAT
  1
GRIDFORMAT_BEGIN
 90
        0
 91
        1
 62
     0
 92
       -2
340
14
 93
        0
 40
1.125
309
GRIDFORMAT_END
 95
       16
302
GRIDFORMAT
  1
GRIDFORMAT_BEGIN
 90
        0
 91
        1
 62
     0
 92
       -2
340
14
 93
        0
 40
1.125
309
GRIDFORMAT_END
 95
       32
302
GRIDFORMAT
  1
GRIDFORMAT_BEGIN
 90
        0
 91
        1
 62
     0
 92
       -2
340
14
 93
        0
 40
1.125
309
GRIDFORMAT_END
309
TABLEFORMAT_END
  1
CELLSTYLE_BEGIN
 90
        2
 91
        1
300
_HEADER
309
CELLSTYLE_END
300
CELLSTYLE
  1
TABLEFORMAT_BEGIN
 90
        5
170
     1
 91
        0
 92
        0
 62
   257
 93
        1
300
CONTENTFORMAT
  1
CONTENTFORMAT_BEGIN
 90
        0
 91
        0
 92
      512
 93
        0
300

 40
0.0
140
1.0
 94
        2
 62
     0
340
11
144
4.5
309
CONTENTFORMAT_END
171
     1
301
MARGIN
  1
CELLMARGIN_BEGIN
 40
1.5
 40
1.5
 40
1.5
 40
1.5
 40
4.5
 40
4.5
309
CELLMARGIN_END
 94
        6
 95
        1
302
GRIDFORMAT
  1
GRIDFORMAT_BEGIN
 90
        0
 91
        1
 62
     0
 92
       -2
340
14
 93
        0
 40
1.125
309
GRIDFORMAT_END
 95
        2
302
GRIDFORMAT
  1
GRIDFORMAT_BEGIN
 90
        0
 91
        1
 62
     0
 92
       -2
340
14
 93
        0
 40
1.125
309
GRIDFORMAT_END
 95
        4
302
GRIDFORMAT
  1
GRIDFORMAT_BEGIN
 90
        0
 91
        1
 62
     0
 92
       -2
340
14
 93
        0
 40
1.125
309
GRIDFORMAT_END
 95
        8
302
GRIDFORMAT
  1
GRIDFORMAT_BEGIN
 90
        0
 91
        1
 62
     0
 92
       -2
340
14
 93
        0
 40
1.125
309
GRIDFORMAT_END
 95
       16
302
GRIDFORMAT
  1
GRIDFORMAT_BEGIN
 90
        0
 91
        1
 62
     0
 92
       -2
340
14
 93
        0
 40
1.125
309
GRIDFORMAT_END
 95
       32
302
GRIDFORMAT
  1
GRIDFORMAT_BEGIN
 90
        0
 91
        1
 62
     0
 92
       -2
340
14
 93
        0
 40
1.125
309
GRIDFORMAT_END
309
TABLEFORMAT_END
  1
CELLSTYLE_BEGIN
 90
        3
 91
        2
300
_DATA
309
CELLSTYLE_END
  0
XRECORD
  5
440
102
{ACAD_REACTORS
330
43F
102
}
330
43F
100
AcDbXrecord
280
     1
1071
135625452
1071
184556386
 70
    25
 70
   104
 10
-0.417369
 20
0.29664
 30
0.0
  1
88 - Marco 14
  0
XRECORD
  5
441
102
{ACAD_REACTORS
330
43F
102
}
330
43F
100
AcDbXrecord
280
     1
1071
  6887019
1071
  9372877
 70
    25
 70
   104
 10
-0.78
 20
0.015
 30
0.0
 10
0.0
 20
0.015
 30
0.0
 10
0.0
 20
0.0
 30
-1.0
 70
     0
  0
XRECORD
  5
442
102
{ACAD_REACTORS
330
43F
102
}
330
43F
100
AcDbXrecord
280
     1
1071
   575085
1071
   763560
 70
    25
 70
   104
 70
     0
 70
     0
  0
XRECORD
  5
443
102
{ACAD_REACTORS
330
43F
102
}
330
43F
100
AcDbXrecord
280
     1
1071
  6887019
1071
  9372877
 70
    25
 70
   104
 10
-0.39
 20
0.015
 30
0.0
 10
-0.39
 20
0.134653
 30
0.0
 10
0.0
 20
0.0
 30
-1.0
 70
     1
  0
XRECORD
  5
444
102
{ACAD_REACTORS
330
43F
102
}
330
43F
100
AcDbXrecord
280
     1
1071
   575085
1071
   763560
 70
    25
 70
   104
 70
     0
 70
     1
  0
XRECORD
  5
445
102
{ACAD_REACTORS
330
43F
102
}
330
43F
100
AcDbXrecord
280
     1
1071
  6887019
1071
  9372877
 70
    25
 70
   104
 10
-0.78
 20
-0.005
 30
0.0
 10
0.0
 20
-0.005
 30
0.0
 10
0.0
 20
0.0
 30
-1.0
 70
     0
  0
XRECORD
  5
446
102
{ACAD_REACTORS
330
43F
102
}
330
43F
100
AcDbXrecord
280
     1
1071
   575085
1071
   763560
 70
    25
 70
   104
 70
     0
 70
     0
  0
XRECORD
  5
447
102
{ACAD_REACTORS
330
43F
102
}
330
43F
100
AcDbXrecord
280
     1
1071
  6887019
1071
  9372877
 70
    25
 70
   104
 10
-0.44
 20
0.0
 30
0.0
 10
-0.44
 20
-0.193179
 30
0.0
 10
0.0
 20
0.0
 30
-1.0
 70
     0
  0
XRECORD
  5
448
102
{ACAD_REACTORS
330
43F
102
}
330
43F
100
AcDbXrecord
280
     1
1071
   575085
1071
   763560
 70
    25
 70
   104
 70
     0
 70
     0
  0
XRECORD
  5
449
102
{ACAD_REACTORS
330
43F
102
}
330
43F
100
AcDbXrecord
280
     1
1071
 82437801
1071
112294725
 70
    25
 70
   104
 10
0.0
 20
0.0
 30
0.0
  0
XRECORD
  5
44A
102
{ACAD_REACTORS
330
43F
102
}
330
43F
100
AcDbXrecord
280
     1
1071
  6887019
1071
  9372877
 70
    25
 70
   104
 10
-0.49
 20
-0.049572
 30
0.0
 10
-0.49
 20
-0.223053
 30
0.0
 10
0.0
 20
0.0
 30
-1.0
 70
     0
  0
XRECORD
  5
44B
102
{ACAD_REACTORS
330
43F
102
}
330
43F
100
AcDbXrecord
280
     1
1071
   575085
1071
   763560
 70
    25
 70
   104
 70
     0
 70
     0
  0
XRECORD
  5
4A4
102
{ACAD_REACTORS
330
4A3
102
}
330
4A3
100
AcDbXrecord
280
     1
1071
135625452
1071
184556386
 70
    25
 70
   104
 10
-0.417369
 20
0.29664
 30
0.0
  1
88 - Marco 14
  0
XRECORD
  5
4A5
102
{ACAD_REACTORS
330
4A3
102
}
330
4A3
100
AcDbXrecord
280
     1
1071
  6887019
1071
  9372877
 70
    25
 70
   104
 10
-0.78
 20
0.015
 30
0.0
 10
0.0
 20
0.015
 30
0.0
 10
0.0
 20
0.0
 30
-1.0
 70
     0
  0
XRECORD
  5
4A6
102
{ACAD_REACTORS
330
4A3
102
}
330
4A3
100
AcDbXrecord
280
     1
1071
   575085
1071
   763560
 70
    25
 70
   104
 70
     0
 70
     0
  0
XRECORD
  5
4A7
102
{ACAD_REACTORS
330
4A3
102
}
330
4A3
100
AcDbXrecord
280
     1
1071
  6887019
1071
  9372877
 70
    25
 70
   104
 10
-0.39
 20
0.015
 30
0.0
 10
-0.39
 20
0.134653
 30
0.0
 10
0.0
 20
0.0
 30
-1.0
 70
     1
  0
XRECORD
  5
4A8
102
{ACAD_REACTORS
330
4A3
102
}
330
4A3
100
AcDbXrecord
280
     1
1071
   575085
1071
   763560
 70
    25
 70
   104
 70
     0
 70
     1
  0
XRECORD
  5
4A9
102
{ACAD_REACTORS
330
4A3
102
}
330
4A3
100
AcDbXrecord
280
     1
1071
  6887019
1071
  9372877
 70
    25
 70
   104
 10
-0.78
 20
-0.005
 30
0.0
 10
0.0
 20
-0.005
 30
0.0
 10
0.0
 20
0.0
 30
-1.0
 70
     0
  0
XRECORD
  5
4AA
102
{ACAD_REACTORS
330
4A3
102
}
330
4A3
100
AcDbXrecord
280
     1
1071
   575085
1071
   763560
 70
    25
 70
   104
 70
     0
 70
     0
  0
XRECORD
  5
4AB
102
{ACAD_REACTORS
330
4A3
102
}
330
4A3
100
AcDbXrecord
280
     1
1071
  6887019
1071
  9372877
 70
    25
 70
   104
 10
-0.44
 20
0.0
 30
0.0
 10
-0.44
 20
-0.193179
 30
0.0
 10
0.0
 20
0.0
 30
-1.0
 70
     0
  0
XRECORD
  5
4AC
102
{ACAD_REACTORS
330
4A3
102
}
330
4A3
100
AcDbXrecord
280
     1
1071
   575085
1071
   763560
 70
    25
 70
   104
 70
     0
 70
     0
  0
XRECORD
  5
4AD
102
{ACAD_REACTORS
330
4A3
102
}
330
4A3
100
AcDbXrecord
280
     1
1071
 82437801
1071
112294725
 70
    25
 70
   104
 10
0.0
 20
0.0
 30
0.0
  0
XRECORD
  5
4AE
102
{ACAD_REACTORS
330
4A3
102
}
330
4A3
100
AcDbXrecord
280
     1
1071
  6887019
1071
  9372877
 70
    25
 70
   104
 10
-0.49
 20
-0.049572
 30
0.0
 10
-0.49
 20
-0.223053
 30
0.0
 10
0.0
 20
0.0
 30
-1.0
 70
     0
  0
XRECORD
  5
4AF
102
{ACAD_REACTORS
330
4A3
102
}
330
4A3
100
AcDbXrecord
280
     1
1071
   575085
1071
   763560
 70
    25
 70
   104
 70
     0
 70
     0
  0
XRECORD
  5
523
102
{ACAD_REACTORS
330
522
102
}
330
522
100
AcDbXrecord
280
     1
1071
135625452
1071
184556386
 70
    25
 70
   104
 10
23.487988
 20
26.630466
 30
0.0
  1
Bacha Cocina
  0
XRECORD
  5
69B
102
{ACAD_REACTORS
330
69A
102
}
330
69A
100
AcDbXrecord
280
     1
1071
135625452
1071
184556386
 70
    25
 70
   104
 10
-55.529075
 20
12.705352
 30
0.0
  1
CAJA - 2 TOMAS - 10A
  0
XRECORD
  5
69C
102
{ACAD_REACTORS
330
69A
102
}
330
69A
100
AcDbXrecord
280
     1
1071
  4195796
1071
  5656503
 70
    25
 70
   104
 10
-55.529075
 20
12.705352
 30
0.0
  0
XRECORD
  5
69D
102
{ACAD_REACTORS
330
69A
102
}
330
69A
100
AcDbXrecord
280
     1
1071
  4195796
1071
  5656503
 70
    25
 70
   104
 10
-55.529075
 20
12.705352
 30
0.0
  0
XRECORD
  5
69E
102
{ACAD_REACTORS
330
69A
102
}
330
69A
100
AcDbXrecord
280
     1
1071
  4195796
1071
  5656503
 70
    25
 70
   104
 10
-55.529075
 20
12.705352
 30
0.0
  0
XRECORD
  5
69F
102
{ACAD_REACTORS
330
69A
102
}
330
69A
100
AcDbXrecord
280
     1
1071
  4195796
1071
  5656503
 70
    25
 70
   104
 10
-55.529075
 20
12.705352
 30
0.0
  0
XRECORD
  5
6A0
102
{ACAD_REACTORS
330
69A
102
}
330
69A
100
AcDbXrecord
280
     1
1071
  4195796
1071
  5656503
 70
    25
 70
   104
 10
-55.529075
 20
12.705352
 30
0.0
  0
XRECORD
  5
6A1
102
{ACAD_REACTORS
330
69A
102
}
330
69A
100
AcDbXrecord
280
     1
1071
  4195796
1071
  5656503
 70
    25
 70
   104
 10
-55.529075
 20
12.705352
 30
0.0
  0
XRECORD
  5
6A2
102
{ACAD_REACTORS
330
69A
102
}
330
69A
100
AcDbXrecord
280
     1
1071
 50242585
1071
 68333042
 70
    25
 70
   104
 10
-55.529075
 20
12.705352
 30
0.0
 10
-55.529075
 20
12.414458
 30
0.0
 10
0.0
 20
0.0
 30
-1.0
 10
-55.238181
 20
12.705352
 30
0.0
  0
XRECORD
  5
6A3
102
{ACAD_REACTORS
330
69A
102
}
330
69A
100
AcDbXrecord
280
     1
1071
  4195796
1071
  5656503
 70
    25
 70
   104
 10
-55.529075
 20
12.705352
 30
0.0
  0
XRECORD
  5
6CB
102
{ACAD_REACTORS
330
6CA
102
}
330
6CA
100
AcDbXrecord
280
     1
1071
135625452
1071
184556386
 70
    25
 70
   104
 10
-55.529075
 20
12.705352
 30
0.0
  1
CAJA - 2 TOMAS - 10A
  0
XRECORD
  5
6CC
102
{ACAD_REACTORS
330
6CA
102
}
330
6CA
100
AcDbXrecord
280
     1
1071
  4195796
1071
  5656503
 70
    25
 70
   104
 10
-55.529075
 20
12.705352
 30
0.0
  0
XRECORD
  5
6CD
102
{ACAD_REACTORS
330
6CA
102
}
330
6CA
100
AcDbXrecord
280
     1
1071
  4195796
1071
  5656503
 70
    25
 70
   104
 10
-55.529075
 20
12.705352
 30
0.0
  0
XRECORD
  5
6CE
102
{ACAD_REACTORS
330
6CA
102
}
330
6CA
100
AcDbXrecord
280
     1
1071
  4195796
1071
  5656503
 70
    25
 70
   104
 10
-55.529075
 20
12.705352
 30
0.0
  0
XRECORD
  5
6CF
102
{ACAD_REACTORS
330
6CA
102
}
330
6CA
100
AcDbXrecord
280
     1
1071
  4195796
1071
  5656503
 70
    25
 70
   104
 10
-55.529075
 20
12.705352
 30
0.0
  0
XRECORD
  5
6D0
102
{ACAD_REACTORS
330
6CA
102
}
330
6CA
100
AcDbXrecord
280
     1
1071
  4195796
1071
  5656503
 70
    25
 70
   104
 10
-55.529075
 20
12.705352
 30
0.0
  0
XRECORD
  5
6D1
102
{ACAD_REACTORS
330
6CA
102
}
330
6CA
100
AcDbXrecord
280
     1
1071
  4195796
1071
  5656503
 70
    25
 70
   104
 10
-55.529075
 20
12.705352
 30
0.0
  0
XRECORD
  5
6D2
102
{ACAD_REACTORS
330
6CA
102
}
330
6CA
100
AcDbXrecord
280
     1
1071
 50242585
1071
 68333042
 70
    25
 70
   104
 10
-55.529075
 20
12.705352
 30
0.0
 10
-55.529075
 20
12.414458
 30
0.0
 10
0.0
 20
0.0
 30
-1.0
 10
-55.238181
 20
12.705352
 30
0.0
  0
XRECORD
  5
6D3
102
{ACAD_REACTORS
330
6CA
102
}
330
6CA
100
AcDbXrecord
280
     1
1071
  4195796
1071
  5656503
 70
    25
 70
   104
 10
-55.529075
 20
12.705352
 30
0.0
  0
XRECORD
  5
705
102
{ACAD_REACTORS
330
704
102
}
330
704
100
AcDbXrecord
280
     1
1071
135625452
1071
184556386
 70
    25
 70
   104
 10
-55.529075
 20
12.705352
 30
0.0
  1
CAJA - 2 TOMAS - 10A
  0
XRECORD
  5
706
102
{ACAD_REACTORS
330
704
102
}
330
704
100
AcDbXrecord
280
     1
1071
  4195796
1071
  5656503
 70
    25
 70
   104
 10
-55.529075
 20
12.705352
 30
0.0
  0
XRECORD
  5
707
102
{ACAD_REACTORS
330
704
102
}
330
704
100
AcDbXrecord
280
     1
1071
  4195796
1071
  5656503
 70
    25
 70
   104
 10
-55.529075
 20
12.705352
 30
0.0
  0
XRECORD
  5
708
102
{ACAD_REACTORS
330
704
102
}
330
704
100
AcDbXrecord
280
     1
1071
  4195796
1071
  5656503
 70
    25
 70
   104
 10
-55.529075
 20
12.705352
 30
0.0
  0
XRECORD
  5
709
102
{ACAD_REACTORS
330
704
102
}
330
704
100
AcDbXrecord
280
     1
1071
  4195796
1071
  5656503
 70
    25
 70
   104
 10
-55.529075
 20
12.705352
 30
0.0
  0
XRECORD
  5
70A
102
{ACAD_REACTORS
330
704
102
}
330
704
100
AcDbXrecord
280
     1
1071
  4195796
1071
  5656503
 70
    25
 70
   104
 10
-55.529075
 20
12.705352
 30
0.0
  0
XRECORD
  5
70B
102
{ACAD_REACTORS
330
704
102
}
330
704
100
AcDbXrecord
280
     1
1071
  4195796
1071
  5656503
 70
    25
 70
   104
 10
-55.529075
 20
12.705352
 30
0.0
  0
XRECORD
  5
70C
102
{ACAD_REACTORS
330
704
102
}
330
704
100
AcDbXrecord
280
     1
1071
 50242585
1071
 68333042
 70
    25
 70
   104
 10
-55.529075
 20
12.705352
 30
0.0
 10
-55.529075
 20
12.414458
 30
0.0
 10
0.0
 20
0.0
 30
-1.0
 10
-55.238181
 20
12.705352
 30
0.0
  0
XRECORD
  5
70D
102
{ACAD_REACTORS
330
704
102
}
330
704
100
AcDbXrecord
280
     1
1071
  4195796
1071
  5656503
 70
    25
 70
   104
 10
-55.529075
 20
12.705352
 30
0.0
  0
XRECORD
  5
74E
102
{ACAD_REACTORS
330
74D
102
}
330
74D
100
AcDbXrecord
280
     1
1071
135625452
1071
184556386
 70
    25
 70
   104
 10
-0.417369
 20
0.29664
 30
0.0
  1
88 - Marco 14
  0
XRECORD
  5
74F
102
{ACAD_REACTORS
330
74D
102
}
330
74D
100
AcDbXrecord
280
     1
1071
  6887019
1071
  9372877
 70
    25
 70
   104
 10
-0.78
 20
0.015
 30
0.0
 10
0.0
 20
0.015
 30
0.0
 10
0.0
 20
0.0
 30
-1.0
 70
     0
  0
XRECORD
  5
750
102
{ACAD_REACTORS
330
74D
102
}
330
74D
100
AcDbXrecord
280
     1
1071
   575085
1071
   763560
 70
    25
 70
   104
 70
     0
 70
     0
  0
XRECORD
  5
751
102
{ACAD_REACTORS
330
74D
102
}
330
74D
100
AcDbXrecord
280
     1
1071
  6887019
1071
  9372877
 70
    25
 70
   104
 10
-0.39
 20
0.015
 30
0.0
 10
-0.39
 20
0.134653
 30
0.0
 10
0.0
 20
0.0
 30
-1.0
 70
     1
  0
XRECORD
  5
752
102
{ACAD_REACTORS
330
74D
102
}
330
74D
100
AcDbXrecord
280
     1
1071
   575085
1071
   763560
 70
    25
 70
   104
 70
     0
 70
     1
  0
XRECORD
  5
753
102
{ACAD_REACTORS
330
74D
102
}
330
74D
100
AcDbXrecord
280
     1
1071
  6887019
1071
  9372877
 70
    25
 70
   104
 10
-0.78
 20
-0.005
 30
0.0
 10
0.0
 20
-0.005
 30
0.0
 10
0.0
 20
0.0
 30
-1.0
 70
     0
  0
XRECORD
  5
754
102
{ACAD_REACTORS
330
74D
102
}
330
74D
100
AcDbXrecord
280
     1
1071
   575085
1071
   763560
 70
    25
 70
   104
 70
     0
 70
     0
  0
XRECORD
  5
755
102
{ACAD_REACTORS
330
74D
102
}
330
74D
100
AcDbXrecord
280
     1
1071
  6887019
1071
  9372877
 70
    25
 70
   104
 10
-0.44
 20
0.0
 30
0.0
 10
-0.44
 20
-0.193179
 30
0.0
 10
0.0
 20
0.0
 30
-1.0
 70
     0
  0
XRECORD
  5
756
102
{ACAD_REACTORS
330
74D
102
}
330
74D
100
AcDbXrecord
280
     1
1071
   575085
1071
   763560
 70
    25
 70
   104
 70
     0
 70
     0
  0
XRECORD
  5
757
102
{ACAD_REACTORS
330
74D
102
}
330
74D
100
AcDbXrecord
280
     1
1071
 82437801
1071
112294725
 70
    25
 70
   104
 10
0.0
 20
0.0
 30
0.0
  0
XRECORD
  5
758
102
{ACAD_REACTORS
330
74D
102
}
330
74D
100
AcDbXrecord
280
     1
1071
  6887019
1071
  9372877
 70
    25
 70
   104
 10
-0.49
 20
-0.049572
 30
0.0
 10
-0.49
 20
-0.223053
 30
0.0
 10
0.0
 20
0.0
 30
-1.0
 70
     0
  0
XRECORD
  5
759
102
{ACAD_REACTORS
330
74D
102
}
330
74D
100
AcDbXrecord
280
     1
1071
   575085
1071
   763560
 70
    25
 70
   104
 70
     0
 70
     0
  0
XRECORD
  5
788
102
{ACAD_REACTORS
330
787
102
}
330
787
100
AcDbXrecord
280
     1
1071
135625452
1071
184556386
 70
    25
 70
   104
 10
-0.417369
 20
0.29664
 30
0.0
  1
88 - Marco 14
  0
XRECORD
  5
789
102
{ACAD_REACTORS
330
787
102
}
330
787
100
AcDbXrecord
280
     1
1071
  6887019
1071
  9372877
 70
    25
 70
   104
 10
-0.78
 20
0.015
 30
0.0
 10
0.0
 20
0.015
 30
0.0
 10
0.0
 20
0.0
 30
-1.0
 70
     0
  0
XRECORD
  5
78A
102
{ACAD_REACTORS
330
787
102
}
330
787
100
AcDbXrecord
280
     1
1071
   575085
1071
   763560
 70
    25
 70
   104
 70
     0
 70
     0
  0
XRECORD
  5
78B
102
{ACAD_REACTORS
330
787
102
}
330
787
100
AcDbXrecord
280
     1
1071
  6887019
1071
  9372877
 70
    25
 70
   104
 10
-0.39
 20
0.015
 30
0.0
 10
-0.39
 20
0.134653
 30
0.0
 10
0.0
 20
0.0
 30
-1.0
 70
     1
  0
XRECORD
  5
78C
102
{ACAD_REACTORS
330
787
102
}
330
787
100
AcDbXrecord
280
     1
1071
   575085
1071
   763560
 70
    25
 70
   104
 70
     0
 70
     1
  0
XRECORD
  5
78D
102
{ACAD_REACTORS
330
787
102
}
330
787
100
AcDbXrecord
280
     1
1071
  6887019
1071
  9372877
 70
    25
 70
   104
 10
-0.78
 20
-0.005
 30
0.0
 10
0.0
 20
-0.005
 30
0.0
 10
0.0
 20
0.0
 30
-1.0
 70
     0
  0
XRECORD
  5
78E
102
{ACAD_REACTORS
330
787
102
}
330
787
100
AcDbXrecord
280
     1
1071
   575085
1071
   763560
 70
    25
 70
   104
 70
     0
 70
     0
  0
XRECORD
  5
78F
102
{ACAD_REACTORS
330
787
102
}
330
787
100
AcDbXrecord
280
     1
1071
  6887019
1071
  9372877
 70
    25
 70
   104
 10
-0.44
 20
0.0
 30
0.0
 10
-0.44
 20
-0.193179
 30
0.0
 10
0.0
 20
0.0
 30
-1.0
 70
     0
  0
XRECORD
  5
790
102
{ACAD_REACTORS
330
787
102
}
330
787
100
AcDbXrecord
280
     1
1071
   575085
1071
   763560
 70
    25
 70
   104
 70
     0
 70
     0
  0
XRECORD
  5
791
102
{ACAD_REACTORS
330
787
102
}
330
787
100
AcDbXrecord
280
     1
1071
 82437801
1071
112294725
 70
    25
 70
   104
 10
0.0
 20
0.0
 30
0.0
  0
XRECORD
  5
792
102
{ACAD_REACTORS
330
787
102
}
330
787
100
AcDbXrecord
280
     1
1071
  6887019
1071
  9372877
 70
    25
 70
   104
 10
-0.49
 20
-0.049572
 30
0.0
 10
-0.49
 20
-0.223053
 30
0.0
 10
0.0
 20
0.0
 30
-1.0
 70
     0
  0
XRECORD
  5
793
102
{ACAD_REACTORS
330
787
102
}
330
787
100
AcDbXrecord
280
     1
1071
   575085
1071
   763560
 70
    25
 70
   104
 70
     0
 70
     0
  0
XRECORD
  5
7E6
102
{ACAD_REACTORS
330
7E5
102
}
330
7E5
100
AcDbXrecord
280
     1
1071
135625452
1071
184556386
 70
    25
 70
   104
 10
-0.417369
 20
0.29664
 30
0.0
  1
88 - Marco 14
  0
XRECORD
  5
7E7
102
{ACAD_REACTORS
330
7E5
102
}
330
7E5
100
AcDbXrecord
280
     1
1071
  6887019
1071
  9372877
 70
    25
 70
   104
 10
-0.78
 20
0.015
 30
0.0
 10
0.0
 20
0.015
 30
0.0
 10
0.0
 20
0.0
 30
-1.0
 70
     0
  0
XRECORD
  5
7E8
102
{ACAD_REACTORS
330
7E5
102
}
330
7E5
100
AcDbXrecord
280
     1
1071
   575085
1071
   763560
 70
    25
 70
   104
 70
     0
 70
     0
  0
XRECORD
  5
7E9
102
{ACAD_REACTORS
330
7E5
102
}
330
7E5
100
AcDbXrecord
280
     1
1071
  6887019
1071
  9372877
 70
    25
 70
   104
 10
-0.39
 20
0.015
 30
0.0
 10
-0.39
 20
0.134653
 30
0.0
 10
0.0
 20
0.0
 30
-1.0
 70
     1
  0
XRECORD
  5
7EA
102
{ACAD_REACTORS
330
7E5
102
}
330
7E5
100
AcDbXrecord
280
     1
1071
   575085
1071
   763560
 70
    25
 70
   104
 70
     0
 70
     1
  0
XRECORD
  5
7EB
102
{ACAD_REACTORS
330
7E5
102
}
330
7E5
100
AcDbXrecord
280
     1
1071
  6887019
1071
  9372877
 70
    25
 70
   104
 10
-0.78
 20
-0.005
 30
0.0
 10
0.0
 20
-0.005
 30
0.0
 10
0.0
 20
0.0
 30
-1.0
 70
     0
  0
XRECORD
  5
7EC
102
{ACAD_REACTORS
330
7E5
102
}
330
7E5
100
AcDbXrecord
280
     1
1071
   575085
1071
   763560
 70
    25
 70
   104
 70
     0
 70
     0
  0
XRECORD
  5
7ED
102
{ACAD_REACTORS
330
7E5
102
}
330
7E5
100
AcDbXrecord
280
     1
1071
  6887019
1071
  9372877
 70
    25
 70
   104
 10
-0.44
 20
0.0
 30
0.0
 10
-0.44
 20
-0.193179
 30
0.0
 10
0.0
 20
0.0
 30
-1.0
 70
     0
  0
XRECORD
  5
7EE
102
{ACAD_REACTORS
330
7E5
102
}
330
7E5
100
AcDbXrecord
280
     1
1071
   575085
1071
   763560
 70
    25
 70
   104
 70
     0
 70
     0
  0
XRECORD
  5
7EF
102
{ACAD_REACTORS
330
7E5
102
}
330
7E5
100
AcDbXrecord
280
     1
1071
 82437801
1071
112294725
 70
    25
 70
   104
 10
0.0
 20
0.0
 30
0.0
  0
XRECORD
  5
7F0
102
{ACAD_REACTORS
330
7E5
102
}
330
7E5
100
AcDbXrecord
280
     1
1071
  6887019
1071
  9372877
 70
    25
 70
   104
 10
-0.49
 20
-0.049572
 30
0.0
 10
-0.49
 20
-0.223053
 30
0.0
 10
0.0
 20
0.0
 30
-1.0
 70
     0
  0
XRECORD
  5
7F1
102
{ACAD_REACTORS
330
7E5
102
}
330
7E5
100
AcDbXrecord
280
     1
1071
   575085
1071
   763560
 70
    25
 70
   104
 70
     0
 70
     0
  0
XRECORD
  5
845
102
{ACAD_REACTORS
330
844
102
}
330
844
100
AcDbXrecord
280
     1
1071
135625452
1071
184556386
 70
    25
 70
   104
 10
-0.417369
 20
0.29664
 30
0.0
  1
88 - Marco 14
  0
XRECORD
  5
846
102
{ACAD_REACTORS
330
844
102
}
330
844
100
AcDbXrecord
280
     1
1071
  6887019
1071
  9372877
 70
    25
 70
   104
 10
-0.78
 20
0.015
 30
0.0
 10
0.0
 20
0.015
 30
0.0
 10
0.0
 20
0.0
 30
-1.0
 70
     0
  0
XRECORD
  5
847
102
{ACAD_REACTORS
330
844
102
}
330
844
100
AcDbXrecord
280
     1
1071
   575085
1071
   763560
 70
    25
 70
   104
 70
     0
 70
     0
  0
XRECORD
  5
848
102
{ACAD_REACTORS
330
844
102
}
330
844
100
AcDbXrecord
280
     1
1071
  6887019
1071
  9372877
 70
    25
 70
   104
 10
-0.39
 20
0.015
 30
0.0
 10
-0.39
 20
0.134653
 30
0.0
 10
0.0
 20
0.0
 30
-1.0
 70
     1
  0
XRECORD
  5
849
102
{ACAD_REACTORS
330
844
102
}
330
844
100
AcDbXrecord
280
     1
1071
   575085
1071
   763560
 70
    25
 70
   104
 70
     0
 70
     1
  0
XRECORD
  5
84A
102
{ACAD_REACTORS
330
844
102
}
330
844
100
AcDbXrecord
280
     1
1071
  6887019
1071
  9372877
 70
    25
 70
   104
 10
-0.78
 20
-0.005
 30
0.0
 10
0.0
 20
-0.005
 30
0.0
 10
0.0
 20
0.0
 30
-1.0
 70
     0
  0
XRECORD
  5
84B
102
{ACAD_REACTORS
330
844
102
}
330
844
100
AcDbXrecord
280
     1
1071
   575085
1071
   763560
 70
    25
 70
   104
 70
     0
 70
     0
  0
XRECORD
  5
84C
102
{ACAD_REACTORS
330
844
102
}
330
844
100
AcDbXrecord
280
     1
1071
  6887019
1071
  9372877
 70
    25
 70
   104
 10
-0.44
 20
0.0
 30
0.0
 10
-0.44
 20
-0.193179
 30
0.0
 10
0.0
 20
0.0
 30
-1.0
 70
     0
  0
XRECORD
  5
84D
102
{ACAD_REACTORS
330
844
102
}
330
844
100
AcDbXrecord
280
     1
1071
   575085
1071
   763560
 70
    25
 70
   104
 70
     0
 70
     0
  0
XRECORD
  5
84E
102
{ACAD_REACTORS
330
844
102
}
330
844
100
AcDbXrecord
280
     1
1071
 82437801
1071
112294725
 70
    25
 70
   104
 10
0.0
 20
0.0
 30
0.0
  0
XRECORD
  5
84F
102
{ACAD_REACTORS
330
844
102
}
330
844
100
AcDbXrecord
280
     1
1071
  6887019
1071
  9372877
 70
    25
 70
   104
 10
-0.49
 20
-0.049572
 30
0.0
 10
-0.49
 20
-0.223053
 30
0.0
 10
0.0
 20
0.0
 30
-1.0
 70
     0
  0
XRECORD
  5
850
102
{ACAD_REACTORS
330
844
102
}
330
844
100
AcDbXrecord
280
     1
1071
   575085
1071
   763560
 70
    25
 70
   104
 70
     0
 70
     0
  0
XRECORD
  5
8B8
102
{ACAD_REACTORS
330
8B7
102
}
330
8B7
100
AcDbXrecord
280
     1
1071
135625452
1071
184556386
 70
    25
 70
   104
 10
-0.417369
 20
0.29664
 30
0.0
  1
88 - Marco 14
  0
XRECORD
  5
8B9
102
{ACAD_REACTORS
330
8B7
102
}
330
8B7
100
AcDbXrecord
280
     1
1071
  6887019
1071
  9372877
 70
    25
 70
   104
 10
-0.78
 20
0.015
 30
0.0
 10
0.0
 20
0.015
 30
0.0
 10
0.0
 20
0.0
 30
-1.0
 70
     0
  0
XRECORD
  5
8BA
102
{ACAD_REACTORS
330
8B7
102
}
330
8B7
100
AcDbXrecord
280
     1
1071
   575085
1071
   763560
 70
    25
 70
   104
 70
     0
 70
     0
  0
XRECORD
  5
8BB
102
{ACAD_REACTORS
330
8B7
102
}
330
8B7
100
AcDbXrecord
280
     1
1071
  6887019
1071
  9372877
 70
    25
 70
   104
 10
-0.39
 20
0.015
 30
0.0
 10
-0.39
 20
0.134653
 30
0.0
 10
0.0
 20
0.0
 30
-1.0
 70
     1
  0
XRECORD
  5
8BC
102
{ACAD_REACTORS
330
8B7
102
}
330
8B7
100
AcDbXrecord
280
     1
1071
   575085
1071
   763560
 70
    25
 70
   104
 70
     0
 70
     1
  0
XRECORD
  5
8BD
102
{ACAD_REACTORS
330
8B7
102
}
330
8B7
100
AcDbXrecord
280
     1
1071
  6887019
1071
  9372877
 70
    25
 70
   104
 10
-0.78
 20
-0.005
 30
0.0
 10
0.0
 20
-0.005
 30
0.0
 10
0.0
 20
0.0
 30
-1.0
 70
     0
  0
XRECORD
  5
8BE
102
{ACAD_REACTORS
330
8B7
102
}
330
8B7
100
AcDbXrecord
280
     1
1071
   575085
1071
   763560
 70
    25
 70
   104
 70
     0
 70
     0
  0
XRECORD
  5
8BF
102
{ACAD_REACTORS
330
8B7
102
}
330
8B7
100
AcDbXrecord
280
     1
1071
  6887019
1071
  9372877
 70
    25
 70
   104
 10
-0.44
 20
0.0
 30
0.0
 10
-0.44
 20
-0.193179
 30
0.0
 10
0.0
 20
0.0
 30
-1.0
 70
     0
  0
XRECORD
  5
8C0
102
{ACAD_REACTORS
330
8B7
102
}
330
8B7
100
AcDbXrecord
280
     1
1071
   575085
1071
   763560
 70
    25
 70
   104
 70
     0
 70
     0
  0
XRECORD
  5
8C1
102
{ACAD_REACTORS
330
8B7
102
}
330
8B7
100
AcDbXrecord
280
     1
1071
 82437801
1071
112294725
 70
    25
 70
   104
 10
0.0
 20
0.0
 30
0.0
  0
XRECORD
  5
8C2
102
{ACAD_REACTORS
330
8B7
102
}
330
8B7
100
AcDbXrecord
280
     1
1071
  6887019
1071
  9372877
 70
    25
 70
   104
 10
-0.49
 20
-0.049572
 30
0.0
 10
-0.49
 20
-0.223053
 30
0.0
 10
0.0
 20
0.0
 30
-1.0
 70
     0
  0
XRECORD
  5
8C3
102
{ACAD_REACTORS
330
8B7
102
}
330
8B7
100
AcDbXrecord
280
     1
1071
   575085
1071
   763560
 70
    25
 70
   104
 70
     0
 70
     0
  0
XRECORD
  5
8CC
102
{ACAD_REACTORS
330
8CB
102
}
330
8CB
100
AcDbXrecord
280
     1
1071
135625452
1071
184556386
 70
    25
 70
   104
 10
-0.417369
 20
0.29664
 30
0.0
  1
88 - Marco 14
  0
XRECORD
  5
8CD
102
{ACAD_REACTORS
330
8CB
102
}
330
8CB
100
AcDbXrecord
280
     1
1071
  6887019
1071
  9372877
 70
    25
 70
   104
 10
-0.78
 20
0.015
 30
0.0
 10
0.0
 20
0.015
 30
0.0
 10
0.0
 20
0.0
 30
-1.0
 70
     0
  0
XRECORD
  5
8CE
102
{ACAD_REACTORS
330
8CB
102
}
330
8CB
100
AcDbXrecord
280
     1
1071
   575085
1071
   763560
 70
    25
 70
   104
 70
     0
 70
     0
  0
XRECORD
  5
8CF
102
{ACAD_REACTORS
330
8CB
102
}
330
8CB
100
AcDbXrecord
280
     1
1071
  6887019
1071
  9372877
 70
    25
 70
   104
 10
-0.39
 20
0.015
 30
0.0
 10
-0.39
 20
0.134653
 30
0.0
 10
0.0
 20
0.0
 30
-1.0
 70
     1
  0
XRECORD
  5
8D0
102
{ACAD_REACTORS
330
8CB
102
}
330
8CB
100
AcDbXrecord
280
     1
1071
   575085
1071
   763560
 70
    25
 70
   104
 70
     0
 70
     1
  0
XRECORD
  5
8D1
102
{ACAD_REACTORS
330
8CB
102
}
330
8CB
100
AcDbXrecord
280
     1
1071
  6887019
1071
  9372877
 70
    25
 70
   104
 10
-0.78
 20
-0.005
 30
0.0
 10
0.0
 20
-0.005
 30
0.0
 10
0.0
 20
0.0
 30
-1.0
 70
     0
  0
XRECORD
  5
8D2
102
{ACAD_REACTORS
330
8CB
102
}
330
8CB
100
AcDbXrecord
280
     1
1071
   575085
1071
   763560
 70
    25
 70
   104
 70
     0
 70
     0
  0
XRECORD
  5
8D3
102
{ACAD_REACTORS
330
8CB
102
}
330
8CB
100
AcDbXrecord
280
     1
1071
  6887019
1071
  9372877
 70
    25
 70
   104
 10
-0.44
 20
0.0
 30
0.0
 10
-0.44
 20
-0.193179
 30
0.0
 10
0.0
 20
0.0
 30
-1.0
 70
     0
  0
XRECORD
  5
8D4
102
{ACAD_REACTORS
330
8CB
102
}
330
8CB
100
AcDbXrecord
280
     1
1071
   575085
1071
   763560
 70
    25
 70
   104
 70
     0
 70
     0
  0
XRECORD
  5
8D5
102
{ACAD_REACTORS
330
8CB
102
}
330
8CB
100
AcDbXrecord
280
     1
1071
 82437801
1071
112294725
 70
    25
 70
   104
 10
0.0
 20
0.0
 30
0.0
  0
XRECORD
  5
8D6
102
{ACAD_REACTORS
330
8CB
102
}
330
8CB
100
AcDbXrecord
280
     1
1071
  6887019
1071
  9372877
 70
    25
 70
   104
 10
-0.49
 20
-0.049572
 30
0.0
 10
-0.49
 20
-0.223053
 30
0.0
 10
0.0
 20
0.0
 30
-1.0
 70
     0
  0
XRECORD
  5
8D7
102
{ACAD_REACTORS
330
8CB
102
}
330
8CB
100
AcDbXrecord
280
     1
1071
   575085
1071
   763560
 70
    25
 70
   104
 70
     0
 70
     0
  0
ENDSEC
  0
EOF
