  0
SECTION
  2
HEADER
  9
$ACADVER
  1
AC1027
  9
$ACADMAINTVER
 70
     8
  9
$DWGCODEPAGE
  3
ANSI_1251
  9
$REQUIREDVERSIONS
160
                 0
  9
$LASTSAVEDBY
  1
Autodesk
  9
$INSBASE
 10
0.0
 20
0.0
 30
0.0
  9
$EXTMIN
 10
53.671155
 20
84.520915
 30
0.0
  9
$EXTMAX
 10
110.671196
 20
103.220957
 30
0.0
  9
$LIMMIN
 10
0.0
 20
0.0
  9
$LIMMAX
 10
420.0
 20
297.0
  9
$ORTHOMODE
 70
     0
  9
$REGENMODE
 70
     1
  9
$FILLMODE
 70
     1
  9
$QTEXTMODE
 70
     0
  9
$MIRRTEXT
 70
     0
  9
$LTSCALE
 40
1.0
  9
$ATTMODE
 70
     1
  9
$TEXTSIZE
 40
2.5
  9
$TRACEWID
 40
1.0
  9
$TEXTSTYLE
  7
Standard
  9
$CLAYER
  8
0
  9
$CELTYPE
  6
ByLayer
  9
$CECOLOR
 62
   256
  9
$CELTSCALE
 40
1.0
  9
$DISPSILH
 70
     0
  9
$DIMSCALE
 40
1.0
  9
$DIMASZ
 40
2.5
  9
$DIMEXO
 40
0.5
  9
$DIMDLI
 40
6.0
  9
$DIMRND
 40
0.0
  9
$DIMDLE
 40
0.0
  9
$DIMEXE
 40
0.0
  9
$DIMTP
 40
0.0
  9
$DIMTM
 40
0.0
  9
$DIMTXT
 40
2.5
  9
$DIMCEN
 40
2.5
  9
$DIMTSZ
 40
0.0
  9
$DIMTOL
 70
     0
  9
$DIMLIM
 70
     0
  9
$DIMTIH
 70
     0
  9
$DIMTOH
 70
     1
  9
$DIMSE1
 70
     0
  9
$DIMSE2
 70
     0
  9
$DIMTAD
 70
     0
  9
$DIMZIN
 70
     0
  9
$DIMBLK
  1

  9
$DIMASO
 70
     1
  9
$DIMSHO
 70
     1
  9
$DIMPOST
  1

  9
$DIMAPOST
  1

  9
$DIMALT
 70
     0
  9
$DIMALTD
 70
     2
  9
$DIMALTF
 40
25.4
  9
$DIMLFAC
 40
1.0
  9
$DIMTOFL
 70
     0
  9
$DIMTVP
 40
0.0
  9
$DIMTIX
 70
     0
  9
$DIMSOXD
 70
     0
  9
$DIMSAH
 70
     0
  9
$DIMBLK1
  1

  9
$DIMBLK2
  1

  9
$DIMSTYLE
  2
Standard
  9
$DIMCLRD
 70
     0
  9
$DIMCLRE
 70
     0
  9
$DIMCLRT
 70
     0
  9
$DIMTFAC
 40
1.0
  9
$DIMGAP
 40
1.0
  9
$DIMJUST
 70
     0
  9
$DIMSD1
 70
     0
  9
$DIMSD2
 70
     0
  9
$DIMTOLJ
 70
     1
  9
$DIMTZIN
 70
     0
  9
$DIMALTZ
 70
     0
  9
$DIMALTTZ
 70
     0
  9
$DIMUPT
 70
     0
  9
$DIMDEC
 70
     4
  9
$DIMTDEC
 70
     4
  9
$DIMALTU
 70
     2
  9
$DIMALTTD
 70
     2
  9
$DIMTXSTY
  7
Standard
  9
$DIMAUNIT
 70
     0
  9
$DIMADEC
 70
     0
  9
$DIMALTRND
 40
0.0
  9
$DIMAZIN
 70
     0
  9
$DIMDSEP
 70
    46
  9
$DIMATFIT
 70
     3
  9
$DIMFRAC
 70
     0
  9
$DIMLDRBLK
  1

  9
$DIMLUNIT
 70
     2
  9
$DIMLWD
 70
    -2
  9
$DIMLWE
 70
    -2
  9
$DIMTMOVE
 70
     0
  9
$DIMFXL
 40
1.0
  9
$DIMFXLON
 70
     0
  9
$DIMJOGANG
 40
0.785398
  9
$DIMTFILL
 70
     0
  9
$DIMTFILLCLR
 70
     0
  9
$DIMARCSYM
 70
     0
  9
$DIMLTYPE
  6
ByLayer
  9
$DIMLTEX1
  6
ByLayer
  9
$DIMLTEX2
  6
ByLayer
  9
$DIMTXTDIRECTION
 70
     0
  9
$LUNITS
 70
     2
  9
$LUPREC
 70
     4
  9
$SKETCHINC
 40
1.0
  9
$FILLETRAD
 40
0.0
  9
$AUNITS
 70
     0
  9
$AUPREC
 70
     0
  9
$MENU
  1
.
  9
$ELEVATION
 40
0.0
  9
$PELEVATION
 40
0.0
  9
$THICKNESS
 40
0.0
  9
$LIMCHECK
 70
     0
  9
$CHAMFERA
 40
0.0
  9
$CHAMFERB
 40
0.0
  9
$CHAMFERC
 40
0.0
  9
$CHAMFERD
 40
0.0
  9
$SKPOLY
 70
     0
  9
$TDCREATE
 40
2454082.78338338
  9
$TDUCREATE
 40
2454082.90838338
  9
$TDUPDATE
 40
2461295.682264525
  9
$TDUUPDATE
 40
2461295.807264525
  9
$TDINDWG
 40
0.0105753588
  9
$TDUSRTIMER
 40
0.0105751736
  9
$USRTIMER
 70
     1
  9
$ANGBASE
 50
0.0
  9
$ANGDIR
 70
     0
  9
$PDMODE
 70
     0
  9
$PDSIZE
 40
0.0
  9
$PLINEWID
 40
0.0
  9
$SPLFRAME
 70
     0
  9
$SPLINETYPE
 70
     6
  9
$SPLINESEGS
 70
     8
  9
$HANDSEED
  5
95C
  9
$SURFTAB1
 70
     6
  9
$SURFTAB2
 70
     6
  9
$SURFTYPE
 70
     6
  9
$SURFU
 70
     6
  9
$SURFV
 70
     6
  9
$UCSBASE
  2

  9
$UCSNAME
  2

  9
$UCSORG
 10
0.0
 20
0.0
 30
0.0
  9
$UCSXDIR
 10
1.0
 20
0.0
 30
0.0
  9
$UCSYDIR
 10
0.0
 20
1.0
 30
0.0
  9
$UCSORTHOREF
  2

  9
$UCSORTHOVIEW
 70
     0
  9
$UCSORGTOP
 10
0.0
 20
0.0
 30
0.0
  9
$UCSORGBOTTOM
 10
0.0
 20
0.0
 30
0.0
  9
$UCSORGLEFT
 10
0.0
 20
0.0
 30
0.0
  9
$UCSORGRIGHT
 10
0.0
 20
0.0
 30
0.0
  9
$UCSORGFRONT
 10
0.0
 20
0.0
 30
0.0
  9
$UCSORGBACK
 10
0.0
 20
0.0
 30
0.0
  9
$PUCSBASE
  2

  9
$PUCSNAME
  2

  9
$PUCSORG
 10
0.0
 20
0.0
 30
0.0
  9
$PUCSXDIR
 10
1.0
 20
0.0
 30
0.0
  9
$PUCSYDIR
 10
0.0
 20
1.0
 30
0.0
  9
$PUCSORTHOREF
  2

  9
$PUCSORTHOVIEW
 70
     0
  9
$PUCSORGTOP
 10
0.0
 20
0.0
 30
0.0
  9
$PUCSORGBOTTOM
 10
0.0
 20
0.0
 30
0.0
  9
$PUCSORGLEFT
 10
0.0
 20
0.0
 30
0.0
  9
$PUCSORGRIGHT
 10
0.0
 20
0.0
 30
0.0
  9
$PUCSORGFRONT
 10
0.0
 20
0.0
 30
0.0
  9
$PUCSORGBACK
 10
0.0
 20
0.0
 30
0.0
  9
$USERI1
 70
     0
  9
$USERI2
 70
     0
  9
$USERI3
 70
     0
  9
$USERI4
 70
     0
  9
$USERI5
 70
     0
  9
$USERR1
 40
0.0
  9
$USERR2
 40
0.0
  9
$USERR3
 40
0.0
  9
$USERR4
 40
0.0
  9
$USERR5
 40
0.0
  9
$WORLDVIEW
 70
     1
  9
$SHADEDGE
 70
     3
  9
$SHADEDIF
 70
    70
  9
$TILEMODE
 70
     1
  9
$MAXACTVP
 70
    64
  9
$PINSBASE
 10
0.0
 20
0.0
 30
0.0
  9
$PLIMCHECK
 70
     0
  9
$PEXTMIN
 10
0.0
 20
0.0
 30
0.0
  9
$PEXTMAX
 10
0.0
 20
0.0
 30
0.0
  9
$PLIMMIN
 10
-20.0
 20
-7.5
  9
$PLIMMAX
 10
277.0
 20
202.5
  9
$UNITMODE
 70
     0
  9
$VISRETAIN
 70
     1
  9
$PLINEGEN
 70
     0
  9
$PSLTSCALE
 70
     0
  9
$TREEDEPTH
 70
  3020
  9
$CMLSTYLE
  2
Standard
  9
$CMLJUST
 70
     0
  9
$CMLSCALE
 40
20.0
  9
$PROXYGRAPHICS
 70
     1
  9
$MEASUREMENT
 70
     1
  9
$CELWEIGHT
370
    -1
  9
$ENDCAPS
280
     0
  9
$JOINSTYLE
280
     0
  9
$LWDISPLAY
290
     1
  9
$INSUNITS
 70
     4
  9
$HYPERLINKBASE
  1

  9
$STYLESHEET
  1

  9
$XEDIT
290
     1
  9
$CEPSNTYPE
380
     0
  9
$PSTYLEMODE
290
     1
  9
$FINGERPRINTGUID
  2
{78B0F746-B111-4909-95E5-2EF5CBA97683}
  9
$VERSIONGUID
  2
{88884FFE-1838-4093-901C-E4DA6EFB818F}
  9
$EXTNAMES
290
     1
  9
$PSVPSCALE
 40
0.0
  9
$OLESTARTUP
290
     0
  9
$SORTENTS
280
   127
  9
$INDEXCTL
280
     0
  9
$HIDETEXT
280
     1
  9
$XCLIPFRAME
280
     0
  9
$HALOGAP
280
     0
  9
$OBSCOLOR
 70
   257
  9
$OBSLTYPE
280
     0
  9
$INTERSECTIONDISPLAY
280
     0
  9
$INTERSECTIONCOLOR
 70
   257
  9
$DIMASSOC
280
     2
  9
$PROJECTNAME
  1

  9
$CAMERADISPLAY
290
     0
  9
$LENSLENGTH
 40
50.0
  9
$CAMERAHEIGHT
 40
0.0
  9
$STEPSPERSEC
 40
2.0
  9
$STEPSIZE
 40
6.0
  9
$3DDWFPREC
 40
2.0
  9
$PSOLWIDTH
 40
5.0
  9
$PSOLHEIGHT
 40
80.0
  9
$LOFTANG1
 40
1.570796
  9
$LOFTANG2
 40
1.570796
  9
$LOFTMAG1
 40
0.0
  9
$LOFTMAG2
 40
0.0
  9
$LOFTPARAM
 70
     7
  9
$LOFTNORMALS
280
     1
  9
$LATITUDE
 40
37.795
  9
$LONGITUDE
 40
-122.394
  9
$NORTHDIRECTION
 40
0.0
  9
$TIMEZONE
 70
 -8000
  9
$LIGHTGLYPHDISPLAY
280
     1
  9
$TILEMODELIGHTSYNCH
280
     1
  9
$CMATERIAL
347
EC
  9
$SOLIDHIST
280
     1
  9
$SHOWHIST
280
     1
  9
$DWFFRAME
280
     2
  9
$DGNFRAME
280
     0
  9
$REALWORLDSCALE
290
     1
  9
$INTERFERECOLOR
 62
     1
  9
$CSHADOW
280
     0
  9
$SHADOWPLANELOCATION
 40
0.0
  0
ENDSEC
  0
SECTION
  2
CLASSES
  0
CLASS
  1
ACDBDICTIONARYWDFLT
  2
AcDbDictionaryWithDefault
  3
ObjectDBX Classes
 90
        0
 91
        9
280
     0
281
     0
  0
CLASS
  1
ACDBPLACEHOLDER
  2
AcDbPlaceHolder
  3
ObjectDBX Classes
 90
        0
 91
        1
280
     0
281
     0
  0
CLASS
  1
LAYOUT
  2
AcDbLayout
  3
ObjectDBX Classes
 90
        0
 91
        1
280
     0
281
     0
  0
CLASS
  1
DICTIONARYVAR
  2
AcDbDictionaryVar
  3
ObjectDBX Classes
 90
        0
 91
        6
280
     0
281
     0
  0
CLASS
  1
TABLESTYLE
  2
AcDbTableStyle
  3
ObjectDBX Classes
 90
     4095
 91
        6
280
     0
281
     0
  0
CLASS
  1
MATERIAL
  2
AcDbMaterial
  3
ObjectDBX Classes
 90
     1153
 91
        8
280
     0
281
     0
  0
CLASS
  1
VISUALSTYLE
  2
AcDbVisualStyle
  3
ObjectDBX Classes
 90
     4095
 91
        8
280
     0
281
     0
  0
CLASS
  1
SCALE
  2
AcDbScale
  3
ObjectDBX Classes
 90
     1153
 91
        8
280
     0
281
     0
  0
CLASS
  1
MLEADERSTYLE
  2
AcDbMLeaderStyle
  3
ACDB_MLEADERSTYLE_CLASS
 90
     4095
 91
        5
280
     0
281
     0
  0
CLASS
  1
CELLSTYLEMAP
  2
AcDbCellStyleMap
  3
ObjectDBX Classes
 90
     1152
 91
        5
280
     0
281
     0
  0
CLASS
  1
EXACXREFPANELOBJECT
  2
ExAcXREFPanelObject
  3
EXAC_ESW
 90
     1025
 91
        1
280
     1
281
     0
  0
CLASS
  1
NPOCOLLECTION
  2
AcDbImpNonPersistentObjectsCollection
  3
ObjectDBX Classes
 90
     1153
 91
        1
280
     1
281
     0
  0
CLASS
  1
LAYER_INDEX
  2
AcDbLayerIndex
  3
ObjectDBX Classes
 90
        0
 91
        5
280
     0
281
     0
  0
CLASS
  1
SPATIAL_INDEX
  2
AcDbSpatialIndex
  3
AutoCAD 2000
 90
        0
 91
        5
280
     0
281
     0
  0
CLASS
  1
IDBUFFER
  2
AcDbIdBuffer
  3
ObjectDBX Classes
 90
        0
 91
        5
280
     0
281
     0
  0
CLASS
  1
Wall
  2
PtDbWall
  3
NanoSPDS
 90
      893
 91
        1
280
     1
281
     1
  0
CLASS
  1
SORTENTSTABLE
  2
AcDbSortentsTable
  3
ObjectDBX Classes
 90
        0
 91
        6
280
     0
281
     0
  0
CLASS
  1
Format
  2
mcsDbObjectFormat
  3
NanoSPDS
 90
      893
 91
        1
280
     1
281
     1
  0
CLASS
  1
NOTEPOSITION
  2
mcsDbObjectNotePosition
  3
NanoSPDS
 90
      893
 91
        4
280
     0
281
     1
  0
CLASS
  1
mcsDbObject
  2
mcsDbObject
  3
NanoSPDS
 90
      893
 91
       21
280
     0
281
     1
  0
CLASS
  1
McDbContainer2
  2
McDbContainer2
  3
NanoSPDS
 90
      893
 91
        4
280
     0
281
     0
  0
CLASS
  1
spdsLevelMark
  2
mcsDbObjectLevelMark
  3
NanoSPDS
 90
      893
 91
        1
280
     1
281
     1
  0
CLASS
  1
spdsRelationMark
  2
mcsDbObjectRelationMark
  3
NanoSPDS
 90
      893
 91
        1
280
     1
281
     1
  0
CLASS
  1
LAYOUTPRINTCONFIG
  2
CAcLayoutPrintConfig
  3
"CSD_APP"
 90
     4095
 91
        4
280
     0
281
     1
  0
CLASS
  1
SUN
  2
AcDbSun
  3
SCENEOE
 90
     1153
 91
        8
280
     0
281
     0
  0
CLASS
  1
DIMASSOC
  2
AcDbDimAssoc
  3
"AcDbDimAssoc|Product Desc:     AcDim ARX App For Dimension|Company:          Autodesk, Inc.|WEB Address:      www.autodesk.com"
 90
        0
 91
        6
280
     0
281
     0
  0
CLASS
  1
ACDB_BLOCKREPRESENTATION_DATA
  2
AcDbBlockRepresentationData
  3
ObjectDBX Classes
 90
     1153
 91
        7
280
     0
281
     0
  0
CLASS
  1
ACAD_EVALUATION_GRAPH
  2
AcDbEvalGraph
  3
ObjectDBX Classes
 90
     1153
 91
        6
280
     0
281
     0
  0
CLASS
  1
BLOCKLINEARPARAMETER
  2
AcDbBlockLinearParameter
  3
ObjectDBX Classes
 90
     1153
 91
        6
280
     0
281
     0
  0
CLASS
  1
BLOCKSTRETCHACTION
  2
AcDbBlockStretchAction
  3
ObjectDBX Classes
 90
     1153
 91
        6
280
     0
281
     0
  0
CLASS
  1
BLOCKLINEARGRIP
  2
AcDbBlockLinearGrip
  3
ObjectDBX Classes
 90
     1153
 91
        6
280
     0
281
     0
  0
CLASS
  1
BLOCKGRIPLOCATIONCOMPONENT
  2
AcDbBlockGripExpr
  3
ObjectDBX Classes
 90
     1153
 91
        6
280
     0
281
     0
  0
CLASS
  1
BLOCKLOOKUPPARAMETER
  2
AcDbBlockLookupParameter
  3
ObjectDBX Classes
 90
     1153
 91
        6
280
     0
281
     0
  0
CLASS
  1
BLOCKLOOKUPGRIP
  2
AcDbBlockLookupGrip
  3
ObjectDBX Classes
 90
     1153
 91
        6
280
     0
281
     0
  0
CLASS
  1
BLOCKLOOKUPACTION
  2
AcDbBlockLookupAction
  3
ObjectDBX Classes
 90
     1153
 91
        6
280
     0
281
     0
  0
CLASS
  1
BLOCKBASEPOINTPARAMETER
  2
AcDbBlockBasepointParameter
  3
ObjectDBX Classes
 90
     1153
 91
        6
280
     0
281
     0
  0
CLASS
  1
BLOCKALIGNMENTPARAMETER
  2
AcDbBlockAlignmentParameter
  3
ObjectDBX Classes
 90
     1153
 91
        6
280
     0
281
     0
  0
CLASS
  1
BLOCKALIGNMENTGRIP
  2
AcDbBlockAlignmentGrip
  3
ObjectDBX Classes
 90
     1153
 91
        6
280
     0
281
     0
  0
CLASS
  1
BLOCKFLIPPARAMETER
  2
AcDbBlockFlipParameter
  3
ObjectDBX Classes
 90
     1153
 91
        6
280
     0
281
     0
  0
CLASS
  1
BLOCKFLIPGRIP
  2
AcDbBlockFlipGrip
  3
ObjectDBX Classes
 90
     1153
 91
        6
280
     0
281
     0
  0
CLASS
  1
BLOCKFLIPACTION
  2
AcDbBlockFlipAction
  3
ObjectDBX Classes
 90
     1153
 91
        6
280
     0
281
     0
  0
CLASS
  1
BLOCKVISIBILITYPARAMETER
  2
AcDbBlockVisibilityParameter
  3
ObjectDBX Classes
 90
     1153
 91
        6
280
     0
281
     0
  0
CLASS
  1
ACDB_DYNAMICBLOCKPURGEPREVENTER_VERSION
  2
AcDbDynamicBlockPurgePreventer
  3
ObjectDBX Classes
 90
     1153
 91
        6
280
     0
281
     0
  0
ENDSEC
  0
SECTION
  2
TABLES
  0
TABLE
  2
VPORT
  5
8
330
0
100
AcDbSymbolTable
 70
     1
  0
VPORT
  5
EA
330
8
100
AcDbSymbolTableRecord
100
AcDbViewportTableRecord
  2
*Active
 70
     0
 10
0.0
 20
0.0
 11
1.0
 21
1.0
 12
-127.828825
 22
-54.629064
 13
0.0
 23
0.0
 14
10.0
 24
10.0
 15
10.0
 25
10.0
 16
0.0
 26
0.0
 36
1.0
 17
210.0
 27
148.5
 37
0.0
 40
25.541651
 41
2.276284
 42
50.0
 43
0.0
 44
0.0
 50
0.0
 51
0.0
 71
    16
 72
  1000
 73
     1
 74
     3
 75
     0
 76
     0
 77
     0
 78
     0
281
     0
 65
     1
110
0.0
120
0.0
130
0.0
111
1.0
121
0.0
131
0.0
112
0.0
122
1.0
132
0.0
 79
     0
146
0.0
 60
     2
 61
     5
292
     1
282
     1
141
0.0
142
0.0
 63
   250
421
  3355443
361
364
  0
ENDTAB
  0
TABLE
  2
LTYPE
  5
5
330
0
100
AcDbSymbolTable
 70
     4
  0
LTYPE
  5
14
330
5
100
AcDbSymbolTableRecord
100
AcDbLinetypeTableRecord
  2
ByBlock
 70
     0
  3

 72
    65
 73
     0
 40
0.0
  0
LTYPE
  5
15
330
5
100
AcDbSymbolTableRecord
100
AcDbLinetypeTableRecord
  2
ByLayer
 70
     0
  3

 72
    65
 73
     0
 40
0.0
  0
LTYPE
  5
16
330
5
100
AcDbSymbolTableRecord
100
AcDbLinetypeTableRecord
  2
Continuous
 70
     0
  3
Solid line
 72
    65
 73
     0
 40
0.0
  0
LTYPE
  5
36F
330
5
100
AcDbSymbolTableRecord
100
AcDbLinetypeTableRecord
  2
ACAD_ISO03W100
 70
     0
  3
ISO dash space __    __    __    __    __    __
 72
    65
 73
     2
 40
30.0
 49
12.0
 74
     0
 49
-18.0
 74
     0
  0
LTYPE
  5
377
330
5
100
AcDbSymbolTableRecord
100
AcDbLinetypeTableRecord
  2
ACAD_ISO02W100
 70
     0
  3
ISO dash __ __ __ __ __ __ __ __ __ __ __ __ __
 72
    65
 73
     2
 40
15.0
 49
12.0
 74
     0
 49
-3.0
 74
     0
  0
LTYPE
  5
388
330
5
100
AcDbSymbolTableRecord
100
AcDbLinetypeTableRecord
  2
DASHED
 70
     0
  3
__ __ __ __ __ __ __ __ __ __ __ __ __ __ __ __
 72
    65
 73
     2
 40
0.75
 49
0.5
 74
     0
 49
-0.25
 74
     0
  0
ENDTAB
  0
TABLE
  2
LAYER
  5
2
102
{ACAD_XDICTIONARY
360
954
102
}
330
0
100
AcDbSymbolTable
 70
    29
  0
LAYER
  5
10
330
2
100
AcDbSymbolTableRecord
100
AcDbLayerTableRecord
  2
0
 70
     0
 62
     7
  6
Continuous
370
    -3
390
F
347
EE
348
0
  0
LAYER
  5
22D
330
2
100
AcDbSymbolTableRecord
100
AcDbLayerTableRecord
  2
Defpoints
 70
     0
 62
     7
  6
Continuous
290
     0
370
    -3
390
F
347
EE
348
0
  0
LAYER
  5
366
330
2
100
AcDbSymbolTableRecord
100
AcDbLayerTableRecord
  2
000 - MUROS
 70
     0
 62
     7
  6
Continuous
370
    20
390
F
347
EE
348
0
1001
AcAecLayerStandard
1000

1000

1001
AcCmTransparency
1071
        0
  0
LAYER
  5
36C
330
2
100
AcDbSymbolTableRecord
100
AcDbLayerTableRecord
  2
000 - COLUMNAS
 70
     0
 62
     7
  6
Continuous
370
    -3
390
F
347
EE
348
0
1001
AcAecLayerStandard
1000

1000

1001
AcCmTransparency
1071
        0
  0
LAYER
  5
36D
330
2
100
AcDbSymbolTableRecord
100
AcDbLayerTableRecord
  2
000 - DURLOCK
 70
     0
 62
    30
  6
Continuous
370
     9
390
F
347
EE
348
0
1001
AcAecLayerStandard
1000

1000

1001
AcCmTransparency
1071
        0
  0
LAYER
  5
36E
330
2
100
AcDbSymbolTableRecord
100
AcDbLayerTableRecord
  2
000 - PUERTAS
 70
     0
 62
   252
  6
ACAD_ISO03W100
370
    -3
390
F
347
EE
348
0
1001
AcAecLayerStandard
1000

1000

1001
AcCmTransparency
1071
        0
  0
LAYER
  5
370
330
2
100
AcDbSymbolTableRecord
100
AcDbLayerTableRecord
  2
000 - PROYECCION
 70
     0
 62
   253
  6
ACAD_ISO03W100
370
    -3
390
F
347
EE
348
0
1001
AcAecLayerStandard
1000

1000

1001
AcCmTransparency
1071
        0
  0
LAYER
  5
371
330
2
100
AcDbSymbolTableRecord
100
AcDbLayerTableRecord
  2
000 - HATCK DURLOCK
 70
     0
 62
    40
  6
Continuous
370
    -3
390
F
347
EE
348
0
1001
AcAecLayerStandard
1000

1000

1001
AcCmTransparency
1071
        0
  0
LAYER
  5
372
330
2
100
AcDbSymbolTableRecord
100
AcDbLayerTableRecord
  2
000 - HATCK MUROS
 70
     0
 62
   252
  6
ACAD_ISO03W100
370
    -3
390
F
347
EE
348
0
1001
AcAecLayerStandard
1000

1000

1001
AcCmTransparency
1071
        0
  0
LAYER
  5
373
330
2
100
AcDbSymbolTableRecord
100
AcDbLayerTableRecord
  2
000 - HATCH DURLOCK
 70
     0
 62
   252
  6
ACAD_ISO03W100
370
    -3
390
F
347
EE
348
0
1001
AcAecLayerStandard
1000

1000

1001
AcCmTransparency
1071
        0
  0
LAYER
  5
374
330
2
100
AcDbSymbolTableRecord
100
AcDbLayerTableRecord
  2
000 - EQUIPAMIENTO
 70
     0
 62
   252
  6
Continuous
370
    -3
390
F
347
EE
348
0
1001
AcAecLayerStandard
1000

1000

1001
AcCmTransparency
1071
        0
  0
LAYER
  5
375
330
2
100
AcDbSymbolTableRecord
100
AcDbLayerTableRecord
  2
000 - COTAS
 70
     0
 62
   252
  6
Continuous
370
    15
390
F
347
EE
348
0
1001
AcAecLayerStandard
1000

1000

1001
AcCmTransparency
1071
        0
  0
LAYER
  5
376
330
2
100
AcDbSymbolTableRecord
100
AcDbLayerTableRecord
  2
000 - TEXTO
 70
     0
 62
     7
  6
ACAD_ISO02W100
370
    -3
390
F
347
EE
348
0
1001
AcAecLayerStandard
1000

1000

1001
AcCmTransparency
1071
        0
  0
LAYER
  5
378
330
2
100
AcDbSymbolTableRecord
100
AcDbLayerTableRecord
  2
000 - ASCENSOR
 70
     0
 62
   253
  6
Continuous
370
    -3
390
F
347
EE
348
0
1001
AcAecLayerStandard
1000

1000

1001
AcCmTransparency
1071
        0
  0
LAYER
  5
379
330
2
100
AcDbSymbolTableRecord
100
AcDbLayerTableRecord
  2
000 - NIVEL
 70
     0
 62
   252
  6
Continuous
370
    15
390
F
347
EE
348
0
1001
AcAecLayerStandard
1000

1000

1001
AcCmTransparency
1071
        0
  0
LAYER
  5
37A
330
2
100
AcDbSymbolTableRecord
100
AcDbLayerTableRecord
  2
000 - TEXTO MOBILIARIO
 70
     0
 62
   252
  6
Continuous
370
     0
390
F
347
EE
348
0
1001
AcAecLayerStandard
1000

1000

1001
AcCmTransparency
1071
        0
  0
LAYER
  5
37B
330
2
100
AcDbSymbolTableRecord
100
AcDbLayerTableRecord
  2
Mobiliario
 70
     0
 62
     8
  6
Continuous
370
    -3
390
F
347
EE
348
0
1001
AcAecLayerStandard
1000

1000

  0
LAYER
  5
37C
330
2
100
AcDbSymbolTableRecord
100
AcDbLayerTableRecord
  2
000 - SEÑALIZACION
 70
     0
 62
     1
  6
Continuous
370
    -3
390
F
347
EE
348
0
1001
AcAecLayerStandard
1000

1000

1001
AcCmTransparency
1071
        0
  0
LAYER
  5
37D
330
2
100
AcDbSymbolTableRecord
100
AcDbLayerTableRecord
  2
000 - REJAS
 70
     0
 62
     3
  6
ACAD_ISO03W100
370
    -3
390
F
347
EE
348
0
1001
AcAecLayerStandard
1000

1000

1001
AcCmTransparency
1071
        0
  0
LAYER
  5
37E
330
2
100
AcDbSymbolTableRecord
100
AcDbLayerTableRecord
  2
000 - RACKS
 70
     0
 62
   252
  6
Continuous
370
     0
390
F
347
EE
348
0
1001
AcAecLayerStandard
1000

1000

1001
AcCmTransparency
1071
        0
  0
LAYER
  5
37F
330
2
100
AcDbSymbolTableRecord
100
AcDbLayerTableRecord
  2
000 - RACKS - ESTANTERIA LIVIANA
 70
     0
 62
   252
  6
Continuous
370
     0
390
F
347
EE
348
0
1001
AcAecLayerStandard
1000

1000

1001
AcCmTransparency
1071
        0
  0
LAYER
  5
380
330
2
100
AcDbSymbolTableRecord
100
AcDbLayerTableRecord
  2
A-CARPINTERIAS
 70
     0
 62
   252
  6
Continuous
370
     0
390
F
347
EE
348
0
  0
LAYER
  5
381
330
2
100
AcDbSymbolTableRecord
100
AcDbLayerTableRecord
  2
IRI-OCASA-Layout R 9$0$OCA_Mobiliario
 70
     0
 62
     8
  6
Continuous
370
    -3
390
F
347
EE
348
0
1001
AcAecLayerStandard
1000

1000

  0
LAYER
  5
382
330
2
100
AcDbSymbolTableRecord
100
AcDbLayerTableRecord
  2
OCASA_TODAS_r08$0$EQUIPAMIENTO
 70
     0
 62
     8
  6
Continuous
370
    15
390
F
347
EE
348
0
  0
LAYER
  5
383
330
2
100
AcDbSymbolTableRecord
100
AcDbLayerTableRecord
  2
A construir
 70
     0
 62
    10
  6
Continuous
370
    -3
390
F
347
EE
348
0
1001
AcAecLayerStandard
1000

1000

1001
AcCmTransparency
1071
        0
  0
LAYER
  5
384
330
2
100
AcDbSymbolTableRecord
100
AcDbLayerTableRecord
  2
IS ELECTRICA - BANDEJAS NUEVA
 70
     0
 62
   140
  6
Continuous
370
    -3
390
F
347
EE
348
0
1001
AcAecLayerStandard
1000

1000

1001
AcCmTransparency
1071
        0
  0
LAYER
  5
385
330
2
100
AcDbSymbolTableRecord
100
AcDbLayerTableRecord
  2
IS ILUM NUEVA
 70
     0
 62
    10
  6
Continuous
370
    -3
390
F
347
EE
348
0
1001
AcAecLayerStandard
1000

1000

1001
AcCmTransparency
1071
        0
  0
LAYER
  5
386
330
2
100
AcDbSymbolTableRecord
100
AcDbLayerTableRecord
  2
IS TOMAS NUEVA
 70
     0
 62
    10
  6
Continuous
370
     0
390
F
347
EE
348
0
1001
AcAecLayerStandard
1000

1000

1001
AcCmTransparency
1071
        0
  0
LAYER
  5
387
330
2
100
AcDbSymbolTableRecord
100
AcDbLayerTableRecord
  2
INST AA
 70
     0
 62
   160
  6
Continuous
370
     0
390
F
347
EE
348
0
1001
AcAecLayerStandard
1000

1000

1001
AcCmTransparency
1071
        0
  0
ENDTAB
  0
TABLE
  2
STYLE
  5
3
330
0
100
AcDbSymbolTable
 70
     6
  0
STYLE
  5
11
330
3
100
AcDbSymbolTableRecord
100
AcDbTextStyleTableRecord
  2
Standard
 70
     0
 40
0.0
 41
1.0
 50
0.0
 71
     0
 42
2.5
  3
txt.shx
  4

  0
STYLE
  5
1E3
330
3
100
AcDbSymbolTableRecord
100
AcDbTextStyleTableRecord
  2

 70
     1
 40
0.0
 41
1.0
 50
0.0
 71
     0
 42
0.2
  3
GOST 2.303-68.shx
  4

  0
STYLE
  5
39E
330
3
100
AcDbSymbolTableRecord
100
AcDbTextStyleTableRecord
  2
COTAS
 70
     0
 40
0.0
 41
1.0
 50
0.0
 71
     0
 42
2.5
  3
arial.ttf
  4

1001
ACAD
1000
Arial
1071
       34
  0
STYLE
  5
39F
330
3
100
AcDbSymbolTableRecord
100
AcDbTextStyleTableRecord
  2
DIM
 70
     0
 40
0.0
 41
0.8
 50
0.0
 71
     0
 42
2.5
  3
romans.shx
  4

  0
STYLE
  5
3A0
330
3
100
AcDbSymbolTableRecord
100
AcDbTextStyleTableRecord
  2
OpenGostTypeA-Regular
 70
     0
 40
0.0
 41
1.0
 50
0.0
 71
     0
 42
2.5
  3
OpenGostTypeA-Regular
  4

  0
ENDTAB
  0
TABLE
  2
VIEW
  5
6
330
0
100
AcDbSymbolTable
 70
     0
  0
ENDTAB
  0
TABLE
  2
UCS
  5
7
330
0
100
AcDbSymbolTable
 70
     0
  0
ENDTAB
  0
TABLE
  2
APPID
  5
9
330
0
100
AcDbSymbolTable
 70
    27
  0
APPID
  5
12
330
9
100
AcDbSymbolTableRecord
100
AcDbRegAppTableRecord
  2
ACAD
 70
     0
  0
APPID
  5
9E
330
9
100
AcDbSymbolTableRecord
100
AcDbRegAppTableRecord
  2
ACAD_PSEXT
 70
     0
  0
APPID
  5
133
330
9
100
AcDbSymbolTableRecord
100
AcDbRegAppTableRecord
  2
AcadAnnoPO
 70
     0
  0
APPID
  5
134
330
9
100
AcDbSymbolTableRecord
100
AcDbRegAppTableRecord
  2
AcadAnnotative
 70
     0
  0
APPID
  5
135
330
9
100
AcDbSymbolTableRecord
100
AcDbRegAppTableRecord
  2
ACAD_DSTYLE_DIMJAG
 70
     0
  0
APPID
  5
136
330
9
100
AcDbSymbolTableRecord
100
AcDbRegAppTableRecord
  2
ACAD_DSTYLE_DIMTALN
 70
     0
  0
APPID
  5
165
330
9
100
AcDbSymbolTableRecord
100
AcDbRegAppTableRecord
  2
ACAD_MLEADERVER
 70
     0
  0
APPID
  5
1E1
330
9
100
AcDbSymbolTableRecord
100
AcDbRegAppTableRecord
  2
MCS_DIM1
 70
     0
  0
APPID
  5
1E2
330
9
100
AcDbSymbolTableRecord
100
AcDbRegAppTableRecord
  2
McsXdata5
 70
     0
  0
APPID
  5
209
330
9
100
AcDbSymbolTableRecord
100
AcDbRegAppTableRecord
  2
MCS_PARAMS_DATA
 70
     0
  0
APPID
  5
20C
330
9
100
AcDbSymbolTableRecord
100
AcDbRegAppTableRecord
  2
MCS_PARAMS_HIDDEN_DATA
 70
     0
  0
APPID
  5
34D
330
9
100
AcDbSymbolTableRecord
100
AcDbRegAppTableRecord
  2
MCS_DOCUMENT_ID
 70
     0
  0
APPID
  5
353
330
9
100
AcDbSymbolTableRecord
100
AcDbRegAppTableRecord
  2
McSubentIdentification
 70
     0
  0
APPID
  5
355
330
9
100
AcDbSymbolTableRecord
100
AcDbRegAppTableRecord
  2
MC_VERSION_DATA
 70
     0
  0
APPID
  5
36A
330
9
100
AcDbSymbolTableRecord
100
AcDbRegAppTableRecord
  2
AcAecLayerStandard
 70
     0
  0
APPID
  5
36B
330
9
100
AcDbSymbolTableRecord
100
AcDbRegAppTableRecord
  2
AcCmTransparency
 70
     0
  0
APPID
  5
38F
330
9
100
AcDbSymbolTableRecord
100
AcDbRegAppTableRecord
  2
ACAD_DSTYLE_DIMJOGGED_JOGANGLE_SYMBOL
 70
     0
  0
APPID
  5
393
330
9
100
AcDbSymbolTableRecord
100
AcDbRegAppTableRecord
  2
ACAD_NAV_VCDISPLAY
 70
     0
  0
APPID
  5
394
330
9
100
AcDbSymbolTableRecord
100
AcDbRegAppTableRecord
  2
GradientColor1ACI
 70
     0
  0
APPID
  5
395
330
9
100
AcDbSymbolTableRecord
100
AcDbRegAppTableRecord
  2
GradientColor2ACI
 70
     0
  0
APPID
  5
396
330
9
100
AcDbSymbolTableRecord
100
AcDbRegAppTableRecord
  2
AcDbDynamicBlockGUID
 70
     0
  0
APPID
  5
397
330
9
100
AcDbSymbolTableRecord
100
AcDbRegAppTableRecord
  2
RAK
 70
     0
  0
APPID
  5
398
330
9
100
AcDbSymbolTableRecord
100
AcDbRegAppTableRecord
  2
AcDbBlockRepETag
 70
     0
  0
APPID
  5
399
330
9
100
AcDbSymbolTableRecord
100
AcDbRegAppTableRecord
  2
ACAUTHENVIRON
 70
     0
  0
APPID
  5
39A
330
9
100
AcDbSymbolTableRecord
100
AcDbRegAppTableRecord
  2
ACLAYERTOOLS
 70
     0
  0
APPID
  5
39B
330
9
100
AcDbSymbolTableRecord
100
AcDbRegAppTableRecord
  2
AcDbDynamicBlockTrueName
 70
     0
  0
APPID
  5
39C
330
9
100
AcDbSymbolTableRecord
100
AcDbRegAppTableRecord
  2
AcDbBlockRepBTag
 70
     0
  0
ENDTAB
  0
TABLE
  2
DIMSTYLE
  5
A
330
0
100
AcDbSymbolTable
 70
     2
100
AcDbDimStyleTable
  0
DIMSTYLE
105
1B0
330
A
100
AcDbSymbolTableRecord
100
AcDbDimStyleTableRecord
  2
Standard
 70
     0
 40
100.0
 41
2.5
 42
0.5
 43
6.0
 44
0.0
 50
45.000001
 73
     0
140
2.5
141
2.5
143
25.4
147
1.0
178
     0
340
11
345
15
346
15
347
15
  0
DIMSTYLE
105
389
330
A
100
AcDbSymbolTableRecord
100
AcDbDimStyleTableRecord
  2
COTAS-100
 70
     0
 41
0.15
 43
0.0
 44
0.1
 46
0.1
 49
1.25
290
     1
 73
     0
 74
     0
 77
     1
 78
     1
140
0.5
141
0.12
143
0.03937
147
0.025
171
     3
172
     1
174
     1
176
   252
177
   252
271
     2
178
     7
179
     5
271
     2
272
     2
274
     3
275
     1
279
     2
283
     0
284
     8
340
11
341
38B
342
38B
371
    -1
345
15
1001
ACAD_DSTYLE_DIMJOGGED_JOGANGLE_SYMBOL
1070
   384
1040
0.785398
1001
ACAD_DSTYLE_DIMJAG
1070
   388
1040
1.5
1001
ACAD_DSTYLE_DIMTALN
1070
   392
1070
     0
  0
ENDTAB
  0
TABLE
  2
BLOCK_RECORD
  5
1
330
0
100
AcDbSymbolTable
 70
    51
  0
BLOCK_RECORD
  5
1F
102
{ACAD_XDICTIONARY
360
234
102
}
330
1
100
AcDbSymbolTableRecord
100
AcDbBlockTableRecord
  2
*Model_Space
340
22
 70
     0
280
     1
281
     0
  0
BLOCK_RECORD
  5
D6
330
1
100
AcDbSymbolTableRecord
100
AcDbBlockTableRecord
  2
*Paper_Space
340
D7
 70
     0
280
     1
281
     0
  0
BLOCK_RECORD
  5
21A
330
1
100
AcDbSymbolTableRecord
100
AcDbBlockTableRecord
  2
*Paper_Space0
340
21B
 70
     0
280
     1
281
     0
  0
BLOCK_RECORD
  5
1EC
330
1
100
AcDbSymbolTableRecord
100
AcDbBlockTableRecord
  2
_ARCHTICK
340
0
 70
     0
280
     1
281
     0
  0
BLOCK_RECORD
  5
1F4
330
1
100
AcDbSymbolTableRecord
100
AcDbBlockTableRecord
  2
_OPEN30
340
0
 70
     0
280
     1
281
     0
  0
BLOCK_RECORD
  5
1FC
330
1
100
AcDbSymbolTableRecord
100
AcDbBlockTableRecord
  2
_DOT
340
0
 70
     0
280
     1
281
     0
  0
BLOCK_RECORD
  5
224
330
1
100
AcDbSymbolTableRecord
100
AcDbBlockTableRecord
  2
*Paper_Space4
340
225
 70
     0
280
     1
281
     0
  0
BLOCK_RECORD
  5
D2
330
1
100
AcDbSymbolTableRecord
100
AcDbBlockTableRecord
  2
*Paper_Space5
340
D3
 70
     0
280
     1
281
     0
  0
BLOCK_RECORD
  5
21F
330
1
100
AcDbSymbolTableRecord
100
AcDbBlockTableRecord
  2
*Paper_Space6
340
220
 70
     0
280
     1
281
     0
  0
BLOCK_RECORD
  5
210
330
1
100
AcDbSymbolTableRecord
100
AcDbBlockTableRecord
  2
*Paper_Space7
340
211
 70
     0
280
     1
281
     0
  0
BLOCK_RECORD
  5
215
330
1
100
AcDbSymbolTableRecord
100
AcDbBlockTableRecord
  2
*Paper_Space8
340
216
 70
     0
280
     1
281
     0
  0
BLOCK_RECORD
  5
38B
330
1
100
AcDbSymbolTableRecord
100
AcDbBlockTableRecord
  2
_OBLIQUE
340
0
102
{BLKREFS
331
8BD
331
8BE
331
780
331
781
331
78F
331
790
331
79E
331
79F
331
718
331
719
331
727
331
728
331
709
331
70A
331
736
331
737
331
751
331
752
331
8B0
331
8B1
331
6FA
331
6FB
331
6CD
331
6CE
331
6A0
331
6A1
331
691
331
692
331
674
331
675
331
6AF
331
6B0
331
6BE
331
6BF
331
6EB
331
6EC
331
6DC
331
6DD
102
}
 70
     0
280
     1
281
     0
  0
BLOCK_RECORD
  5
3C8
330
1
100
AcDbSymbolTableRecord
100
AcDbBlockTableRecord
  2
000 - MOBILIARIO - PUESTO TRABAJO
340
0
310
28000000200000002000000001002000000000000010000001000000010000000000000000000000302821FF302821FF302821FF302821FF302821FF302821FF302821FF302821FF302821FF302821FF302821FF302821FF302821FF302821FF302821FF302821FF302821FF302821FF302821FF302821FF302821FF302821
310
FF302821FF302821FF302821FF302821FF302821FF302821FF302821FF302821FF302821FF302821FF302821FF302821FF302821FF302821FF302821FF302821FF302821FF302821FF302821FF302821FF302821FF302821FF302821FF302821FF302821FF302821FF302821FF302821FF302821FF302821FF302821FF3028
310
21FF302821FF302821FF302821FF302821FF302821FF302821FF302821FF302821FF302821FF302821FF302821FF302821FF302821FF302821FF302821FF302821FF302821FF302821FF302821FF302821FF302821FF302821FF666666FF666666FF666666FF666666FF666666FF666666FF666666FF302821FF302821FF30
310
2821FF302821FF302821FF302821FF302821FF302821FF302821FF302821FF302821FF302821FF302821FF302821FF302821FF302821FF302821FF302821FF302821FF302821FF302821FF302821FF302821FF302821FF666666FF666666FF666666FF666666FF666666FF666666FF666666FF666666FF666666FF302821FF
310
302821FF302821FF302821FF302821FF302821FF302821FF302821FF302821FF302821FF302821FF302821FF302821FF302821FF302821FF302821FF302821FF302821FF302821FF302821FF302821FF302821FF666666FF666666FF302821FF302821FF302821FF302821FF302821FF302821FF302821FF302821FF666666
310
FF302821FF302821FF302821FF302821FF302821FF302821FF302821FF302821FF302821FF302821FF302821FF302821FF302821FF302821FF302821FF302821FF302821FF302821FF302821FF302821FF302821FF666666FF302821FF302821FF302821FF302821FF302821FF302821FF302821FF302821FF302821FF6666
310
66FF302821FF302821FF302821FF302821FF302821FF302821FF302821FF302821FF302821FF302821FF302821FF302821FF302821FF302821FF302821FF302821FF302821FF302821FF302821FF302821FF302821FF666666FF666666FF302821FF302821FF302821FF302821FF302821FF302821FF302821FF666666FF66
310
6666FF302821FF302821FF302821FF302821FF302821FF302821FF302821FF302821FF302821FF302821FF302821FF302821FF302821FF302821FF302821FF302821FF302821FF302821FF302821FF302821FF302821FF666666FF666666FF302821FF302821FF302821FF302821FF302821FF302821FF302821FF666666FF
310
666666FF302821FF302821FF302821FF302821FF302821FF302821FF302821FF302821FF302821FF302821FF302821FF302821FF302821FF302821FF302821FF302821FF302821FF302821FF302821FF302821FF302821FF666666FF666666FF302821FF302821FF302821FF302821FF302821FF302821FF302821FF666666
310
FF666666FF302821FF302821FF302821FF302821FF302821FF302821FF302821FF302821FF302821FF302821FF302821FF302821FF302821FF302821FF302821FF302821FF302821FF302821FF302821FF302821FF302821FF666666FF666666FF302821FF302821FF302821FF302821FF302821FF302821FF302821FF6666
310
66FF666666FF302821FF302821FF302821FF302821FF302821FF302821FF302821FF302821FF302821FF302821FF302821FF302821FF302821FF302821FF302821FF302821FF302821FF302821FF302821FF302821FF302821FF666666FF666666FF302821FF302821FF302821FF302821FF302821FF302821FF302821FF66
310
6666FF666666FF302821FF302821FF302821FF302821FF302821FF302821FF302821FF302821FF302821FF302821FF302821FF302821FF302821FF302821FF302821FF302821FF302821FF302821FF302821FF302821FF302821FF666666FF666666FF302821FF302821FF302821FF302821FF302821FF302821FF302821FF
310
666666FF666666FF302821FF302821FF302821FF302821FF302821FF302821FF302821FF302821FF302821FF302821FF302821FF302821FF302821FF302821FF302821FF302821FF302821FF302821FF302821FF302821FF302821FF666666FF666666FF302821FF302821FF302821FF302821FF302821FF302821FF302821
310
FF666666FF666666FF302821FF302821FF302821FF302821FF302821FF302821FF302821FF302821FF302821FF302821FF302821FF302821FF302821FF302821FF302821FF302821FF302821FF302821FF302821FF302821FF302821FF666666FF666666FF666666FF666666FF666666FF666666FF666666FF666666FF6666
310
66FF666666FF666666FF302821FF302821FF302821FF302821FF302821FF302821FF302821FF302821FF302821FF302821FF302821FF302821FF302821FF302821FF302821FF302821FF302821FF302821FF302821FF302821FF302821FF302821FF302821FF302821FF302821FF302821FF302821FF302821FF302821FF30
310
2821FF302821FF302821FF302821FF302821FF302821FF302821FF302821FF302821FF302821FF302821FF302821FF302821FF302821FF302821FF666666FF666666FF666666FF666666FF666666FF666666FF666666FF666666FF666666FF666666FF666666FF666666FF666666FF666666FF666666FF666666FF666666FF
310
666666FF666666FF666666FF666666FF666666FF666666FF666666FF666666FF666666FF666666FF666666FF666666FF666666FF302821FF302821FF666666FF302821FF302821FF302821FF302821FF302821FF302821FF302821FF302821FF302821FF302821FF302821FF302821FF302821FF302821FF302821FF302821
310
FF302821FF302821FF302821FF302821FF302821FF302821FF302821FF302821FF302821FF302821FF302821FF302821FF666666FF302821FF302821FF666666FF302821FF302821FF302821FF302821FF302821FF302821FF302821FF302821FF302821FF302821FF302821FF302821FF302821FF302821FF302821FF3028
310
21FF302821FF302821FF302821FF302821FF302821FF302821FF302821FF302821FF302821FF302821FF302821FF302821FF666666FF302821FF302821FF666666FF302821FF302821FF302821FF302821FF302821FF302821FF302821FF302821FF302821FF302821FF302821FF302821FF302821FF302821FF302821FF30
310
2821FF302821FF302821FF302821FF302821FF302821FF302821FF302821FF302821FF302821FF302821FF302821FF302821FF666666FF302821FF302821FF666666FF302821FF302821FF302821FF302821FF302821FF302821FF302821FF302821FF302821FF302821FF302821FF302821FF302821FF302821FF302821FF
310
302821FF302821FF302821FF302821FF302821FF302821FF302821FF302821FF302821FF302821FF302821FF302821FF302821FF666666FF302821FF302821FF666666FF302821FF302821FF302821FF302821FF302821FF302821FF302821FF302821FF302821FF302821FF302821FF302821FF302821FF302821FF302821
310
FF302821FF302821FF302821FF302821FF302821FF302821FF302821FF302821FF302821FF302821FF302821FF302821FF302821FF666666FF302821FF302821FF666666FF302821FF302821FF302821FF302821FF302821FF302821FF302821FF302821FF302821FF666666FF666666FF666666FF666666FF666666FF6666
310
66FF666666FF666666FF302821FF302821FF302821FF302821FF302821FF302821FF302821FF302821FF302821FF302821FF302821FF666666FF302821FF302821FF666666FF302821FF302821FF302821FF302821FF302821FF302821FF302821FF302821FF302821FF666666FF302821FF302821FF302821FF302821FF30
310
2821FF302821FF666666FF302821FF302821FF302821FF302821FF302821FF302821FF302821FF302821FF302821FF302821FF302821FF666666FF302821FF302821FF666666FF302821FF302821FF302821FF302821FF302821FF302821FF302821FF302821FF302821FF666666FF302821FF302821FF302821FF302821FF
310
302821FF302821FF666666FF302821FF302821FF302821FF302821FF302821FF302821FF302821FF302821FF302821FF302821FF302821FF666666FF302821FF302821FF666666FF302821FF302821FF302821FF302821FF302821FF302821FF302821FF302821FF302821FF666666FF666666FF666666FF666666FF666666
310
FF666666FF666666FF666666FF302821FF302821FF302821FF302821FF302821FF302821FF302821FF302821FF302821FF302821FF302821FF666666FF302821FF302821FF666666FF302821FF302821FF302821FF302821FF302821FF302821FF302821FF302821FF666666FF666666FF666666FF666666FF666666FF6666
310
66FF666666FF666666FF666666FF666666FF302821FF302821FF302821FF302821FF302821FF302821FF302821FF302821FF302821FF302821FF666666FF302821FF302821FF666666FF302821FF302821FF302821FF302821FF302821FF302821FF302821FF302821FF666666FF666666FF666666FF666666FF666666FF66
310
6666FF666666FF666666FF666666FF666666FF302821FF302821FF302821FF302821FF302821FF302821FF302821FF302821FF302821FF302821FF666666FF302821FF302821FF666666FF302821FF302821FF302821FF302821FF302821FF302821FF302821FF302821FF302821FF302821FF302821FF302821FF302821FF
310
302821FF302821FF302821FF302821FF302821FF302821FF302821FF302821FF302821FF302821FF302821FF302821FF302821FF302821FF302821FF666666FF302821FF302821FF666666FF302821FF302821FF302821FF302821FF302821FF302821FF302821FF302821FF302821FF302821FF302821FF302821FF302821
310
FF302821FF302821FF302821FF302821FF302821FF302821FF302821FF302821FF302821FF302821FF302821FF302821FF302821FF302821FF302821FF666666FF302821FF302821FF666666FF666666FF666666FF666666FF666666FF666666FF666666FF666666FF666666FF666666FF666666FF666666FF666666FF6666
310
66FF666666FF666666FF666666FF666666FF666666FF666666FF666666FF666666FF666666FF666666FF666666FF666666FF666666FF666666FF666666FF666666FF302821FF302821FF302821FF302821FF302821FF302821FF302821FF302821FF302821FF302821FF302821FF302821FF302821FF302821FF302821FF30
310
2821FF302821FF302821FF302821FF302821FF302821FF302821FF302821FF302821FF302821FF302821FF302821FF302821FF302821FF302821FF302821FF302821FF302821FF302821FF302821FF302821FF302821FF302821FF302821FF302821FF302821FF302821FF302821FF302821FF302821FF302821FF302821FF
310
302821FF302821FF302821FF302821FF302821FF302821FF302821FF302821FF302821FF302821FF302821FF302821FF302821FF302821FF302821FF302821FF302821FF302821FF
102
{BLKREFS
331
4EB
331
3C7
331
3E5
331
522
331
523
331
524
331
525
331
526
331
527
331
528
331
529
102
}
 70
     4
280
     1
281
     0
  0
BLOCK_RECORD
  5
3CE
102
{ACAD_XDICTIONARY
360
3CF
102
}
330
1
100
AcDbSymbolTableRecord
100
AcDbBlockTableRecord
  2
IRI-OCASA-Layout R 9$0$OCA_SILLA
340
0
310
2800000020000000200000000100080000000000000400000000000000000000000000000000000000000000000080000080000000808000800000008000800080800000C0C0C000C0DCC000F0CAA6000020400000206000002080000020A0000020C0000020E00000400000004020000040400000406000004080000040A0
310
000040C0000040E00000600000006020000060400000606000006080000060A0000060C0000060E00000800000008020000080400000806000008080000080A0000080C0000080E00000A0000000A0200000A0400000A0600000A0800000A0A00000A0C00000A0E00000C0000000C0200000C0400000C0600000C0800000C0
310
A00000C0C00000C0E00000E0000000E0200000E0400000E0600000E0800000E0A00000E0C00000E0E00040000000400020004000400040006000400080004000A0004000C0004000E00040200000402020004020400040206000402080004020A0004020C0004020E000404000004040200040404000404060004040800040
310
40A0004040C0004040E00040600000406020004060400040606000406080004060A0004060C0004060E00040800000408020004080400040806000408080004080A0004080C0004080E00040A0000040A0200040A0400040A0600040A0800040A0A00040A0C00040A0E00040C0000040C0200040C0400040C0600040C08000
310
40C0A00040C0C00040C0E00040E0000040E0200040E0400040E0600040E0800040E0A00040E0C00040E0E00080000000800020008000400080006000800080008000A0008000C0008000E00080200000802020008020400080206000802080008020A0008020C0008020E00080400000804020008040400080406000804080
310
008040A0008040C0008040E00080600000806020008060400080606000806080008060A0008060C0008060E00080800000808020008080400080806000808080008080A0008080C0008080E00080A0000080A0200080A0400080A0600080A0800080A0A00080A0C00080A0E00080C0000080C0200080C0400080C0600080C0
310
800080C0A00080C0C00080C0E00080E0000080E0200080E0400080E0600080E0800080E0A00080E0C00080E0E000C0000000C0002000C0004000C0006000C0008000C000A000C000C000C000E000C0200000C0202000C0204000C0206000C0208000C020A000C020C000C020E000C0400000C0402000C0404000C0406000C0
310
408000C040A000C040C000C040E000C0600000C0602000C0604000C0606000C0608000C060A000C060C000C060E000C0800000C0802000C0804000C0806000C0808000C080A000C080C000C080E000C0A00000C0A02000C0A04000C0A06000C0A08000C0A0A000C0A0C000C0A0E000C0C00000C0C02000C0C04000C0C06000
310
C0C08000C0C0A000F0FBFF00A4A0A000808080000000FF0000FF000000FFFF00FF000000FF00FF00FFFF0000FFFFFF0000000000000000000000000000000000000000000000000000000000000000000000000000000000000000000000000000000000000000000000000000000000000000000000000000000000000000
310
00000000000000000000000000000000000000000000000008080808080808080808080808080808080808080800000000000000000008080000000808080808080808080808080808080808000808000000000000080000000000080808080808080808080808080808080800000008000000000008000000000000000000
310
00000000000000000000000000000000080000000000080000000000000000000000000000000000000000000000000008000008080808000000000000000000000000000000000000000000000000000800000800000800000000000000000000000000000000000000000000000000080000080000080000000000000000
310
00000000000000000000000000000000000800000800000800000000000000000000000000000000000000000000000000080000080000080000000000000000000000000000000000000000000000000008000008000008000000000000000000000000000000000000000000000000000800000800000800000000000000
310
00000000000000000000000000000000000008000008000008000000000000000000000000000000000000000000000000000800000800000800000000000000000000000000000000000000000000000000080000080000080000000000000000000000000000000000000000000000000008000008000008000000000000
310
00000000000000000000000000000000000000080000080000080000000000000000000000000000000000000000000000000008000008000008000000000000000000000000000000000000000000000000000800000800000800000000000000000000000000000000000000000000000000080000080000080000000000
310
00000000000000000000000000000000000000000800000808080800000000000000000000000000000000000000000000000000080000000000080000000000000000000000000000000000000000000000000008000000000008000000000000000000000000000000000000000000000000000800000000000800000000
310
00000000000000000000000000000000000000000008000000000000080000000008080808080808080808080808080808080000080000000000000000080808080808080808080808080808080808080808080800000000000000000000000000000000000000000000000000000000000000000000000000000000000000
310
0000000000000000000000000000000000000000000000000000000000000000000000000000000000000000000000000000000000000000
102
{BLKREFS
331
76E
331
770
331
771
331
772
331
775
331
0
331
3CD
331
3CD
102
}
 70
     6
280
     1
281
     0
1001
AcDbDynamicBlockGUID
1000
{201C9349-88F6-41EF-ACD0-8B1BC93D3F77}
  0
BLOCK_RECORD
  5
3F4
330
1
100
AcDbSymbolTableRecord
100
AcDbBlockTableRecord
  2
000 - COLUMNA 20X25
340
0
310
28000000200000002000000001002000000000000010000001000000010000000000000000000000302821FF302821FF302821FF302821FF302821FF302821FF302821FF302821FF302821FF302821FF302821FF302821FF302821FF302821FF302821FF302821FF302821FF302821FF302821FF302821FF302821FF302821
310
FF302821FF302821FF302821FF302821FF302821FF302821FF302821FF302821FF302821FF302821FF302821FF302821FF302821FF302821FF302821FF302821FF302821FF302821FF302821FF302821FF302821FF302821FF302821FF302821FF302821FF302821FF302821FF302821FF302821FF302821FF302821FF3028
310
21FF302821FF302821FF302821FF302821FF302821FF302821FF302821FF302821FF302821FF302821FF302821FF302821FF302821FF302821FF302821FF302821FF302821FF302821FF302821FF302821FF302821FF302821FF302821FF302821FF302821FF302821FF302821FF302821FF302821FF302821FF302821FF30
310
2821FF302821FF302821FF302821FF302821FF302821FF302821FF302821FF302821FF302821FF302821FF302821FF302821FF302821FF302821FF302821FF302821FF302821FF302821FF302821FF302821FF302821FF302821FF302821FF302821FF302821FFFFFFFFFF302821FF302821FF302821FF302821FF302821FF
310
302821FF302821FF302821FF302821FF302821FF302821FF302821FF302821FF302821FF302821FF302821FF302821FF302821FF302821FF302821FF302821FF302821FF302821FF302821FF302821FF302821FF302821FF302821FF302821FF302821FF302821FFFFFFFFFF302821FF302821FF302821FF302821FF302821
310
FF302821FF302821FF302821FF302821FF302821FF302821FF302821FF302821FF302821FF302821FF302821FF302821FF302821FF302821FF302821FF302821FF302821FF302821FF302821FF302821FF302821FF302821FF302821FF302821FF302821FF302821FFFFFFFFFF302821FF302821FF302821FF302821FF3028
310
21FF302821FF302821FF302821FF302821FF302821FF302821FF302821FF302821FF302821FF302821FF302821FF302821FF302821FF302821FF302821FF302821FF302821FF302821FF302821FF302821FF302821FF302821FF302821FF302821FF302821FF302821FFFFFFFFFF302821FF302821FF302821FF302821FF30
310
2821FF302821FF302821FF302821FF302821FF302821FF302821FF302821FF302821FF302821FF302821FF302821FF302821FF302821FF302821FF302821FF302821FF302821FF302821FF302821FF302821FF302821FF302821FF302821FF302821FF302821FF302821FFFFFFFFFF302821FF302821FF302821FF302821FF
310
302821FF302821FF302821FF302821FF302821FF302821FF302821FF302821FF302821FF302821FF302821FF302821FF302821FF302821FF302821FF302821FF302821FF302821FF302821FF302821FF302821FF302821FF302821FF302821FF302821FF302821FF302821FFFFFFFFFF302821FF302821FF302821FF302821
310
FF302821FF302821FF302821FF302821FF302821FF302821FF302821FF302821FF302821FF302821FF302821FF302821FF302821FF302821FF302821FF302821FF302821FF302821FF302821FF302821FFFFFFFFFFFFFFFFFFFFFFFFFFFFFFFFFFFFFFFFFFFFFFFFFFFFFFFFFFFFFFFFFFFFFFFFFFFFFFFFFFFFFFFFFFFFFF
310
FFFFFFFFFFFFFFFFFFFFFFFFFFFFFFFFFFFF302821FF302821FF302821FF302821FF302821FF302821FF302821FF302821FF302821FF302821FF302821FF302821FF302821FF302821FF302821FF302821FFFFFFFFFF302821FF302821FFFFFFFFFF302821FF302821FFFFFFFFFFFFFFFFFF302821FFFFFFFFFF302821FFFF
310
FFFFFF302821FF302821FFFFFFFFFFFFFFFFFF302821FF302821FF302821FF302821FF302821FF302821FF302821FF302821FF302821FF302821FF302821FF302821FF302821FF302821FF302821FF302821FFFFFFFFFFFFFFFFFF302821FF302821FFFFFFFFFF302821FF302821FFFFFFFFFF302821FF302821FFFFFFFFFF
310
302821FFFFFFFFFF302821FF302821FFFFFFFFFF302821FF302821FF302821FF302821FF302821FF302821FF302821FF302821FF302821FF302821FF302821FF302821FF302821FF302821FF302821FF302821FFFFFFFFFF302821FFFFFFFFFF302821FF302821FFFFFFFFFF302821FFFFFFFFFFFFFFFFFF302821FF302821
310
FFFFFFFFFF302821FFFFFFFFFF302821FFFFFFFFFF302821FF302821FF302821FF302821FF302821FF302821FF302821FF302821FF302821FF302821FF302821FF302821FF302821FF302821FF302821FF302821FFFFFFFFFF302821FF302821FFFFFFFFFF302821FF302821FFFFFFFFFFFFFFFFFF302821FFFFFFFFFF3028
310
21FF302821FFFFFFFFFF302821FFFFFFFFFFFFFFFFFF302821FF302821FF302821FF302821FF302821FF302821FF302821FF302821FF302821FF302821FF302821FF302821FF302821FF302821FF302821FF302821FFFFFFFFFFFFFFFFFF302821FF302821FFFFFFFFFF302821FF302821FFFFFFFFFF302821FF302821FFFF
310
FFFFFF302821FFFFFFFFFF302821FF302821FFFFFFFFFF302821FF302821FF302821FF302821FF302821FF302821FF302821FF302821FF302821FF302821FF302821FF302821FF302821FF302821FF302821FF302821FFFFFFFFFF302821FFFFFFFFFF302821FF302821FFFFFFFFFF302821FFFFFFFFFFFFFFFFFF302821FF
310
FFFFFFFF302821FF302821FFFFFFFFFF302821FFFFFFFFFF302821FF302821FF302821FF302821FF302821FF302821FF302821FF302821FF302821FFFFFFFFFFFFFFFFFFFFFFFFFFFFFFFFFFFFFFFFFFFFFFFFFFFFFFFFFFFFFFFFFFFFFFFFFFFFFFFFFFFFFFFFFFFFFFFFFFFFFFFFFFFFFFFFFFFFFFFFFFFFFFFFFFFFFFFF
310
FFFFFFFFFFFFFFFFFFFFFFFFFFFFFFFFFFFFFFFFFFFFFFFFFFFFFFFFFFFFFFFFFFFFFFFFFFFFFFFFFFFFFFFFFFFFFFFFFFFFFFFFFF302821FF302821FF302821FF302821FF302821FF302821FF302821FF302821FF302821FFFFFFFFFF302821FFFFFFFFFF302821FFFFFFFFFF302821FF302821FFFFFFFFFF302821FF3028
310
21FFFFFFFFFF302821FFFFFFFFFF302821FF302821FFFFFFFFFF302821FF302821FF302821FF302821FF302821FF302821FF302821FF302821FF302821FF302821FF302821FF302821FF302821FF302821FF302821FF302821FFFFFFFFFF302821FF302821FFFFFFFFFF302821FFFFFFFFFF302821FFFFFFFFFFFFFFFFFF30
310
2821FF302821FFFFFFFFFF302821FFFFFFFFFF302821FFFFFFFFFF302821FF302821FF302821FF302821FF302821FF302821FF302821FF302821FF302821FF302821FF302821FF302821FF302821FF302821FF302821FF302821FFFFFFFFFFFFFFFFFF302821FFFFFFFFFF302821FF302821FFFFFFFFFFFFFFFFFF302821FF
310
FFFFFFFF302821FF302821FFFFFFFFFF302821FFFFFFFFFFFFFFFFFF302821FF302821FF302821FF302821FF302821FF302821FF302821FF302821FF302821FF302821FF302821FF302821FF302821FF302821FF302821FF302821FFFFFFFFFF302821FFFFFFFFFF302821FFFFFFFFFF302821FF302821FFFFFFFFFF302821
310
FF302821FFFFFFFFFF302821FF302821FFFFFFFFFF302821FFFFFFFFFF302821FF302821FF302821FF302821FF302821FF302821FF302821FF302821FF302821FF302821FF302821FF302821FF302821FF302821FF302821FF302821FFFFFFFFFF302821FFFFFFFFFF302821FF302821FFFFFFFFFF302821FFFFFFFFFFFFFF
310
FFFF302821FF302821FFFFFFFFFF302821FF302821FFFFFFFFFFFFFFFFFF302821FF302821FF302821FF302821FF302821FF302821FF302821FF302821FF302821FF302821FF302821FF302821FF302821FF302821FF302821FF302821FFFFFFFFFFFFFFFFFFFFFFFFFFFFFFFFFFFFFFFFFFFFFFFFFFFFFFFFFFFFFFFFFFFF
310
FFFFFFFFFFFFFFFFFFFFFFFFFFFFFFFFFFFFFFFFFFFFFFFFFFFFFFFFFFFFFF302821FF302821FF302821FF302821FF302821FF302821FF302821FF302821FF302821FF302821FF302821FF302821FF302821FF302821FF302821FF302821FF302821FF302821FF302821FF302821FF302821FF302821FF302821FFFFFFFFFF
310
302821FF302821FF302821FF302821FF302821FF302821FF302821FF302821FF302821FF302821FF302821FF302821FF302821FF302821FF302821FF302821FF302821FF302821FF302821FF302821FF302821FF302821FF302821FF302821FF302821FF302821FF302821FF302821FF302821FF302821FF302821FFFFFFFF
310
FF302821FF302821FF302821FF302821FF302821FF302821FF302821FF302821FF302821FF302821FF302821FF302821FF302821FF302821FF302821FF302821FF302821FF302821FF302821FF302821FF302821FF302821FF302821FF302821FF302821FF302821FF302821FF302821FF302821FF302821FF302821FFFFFF
310
FFFF302821FF302821FF302821FF302821FF302821FF302821FF302821FF302821FF302821FF302821FF302821FF302821FF302821FF302821FF302821FF302821FF302821FF302821FF302821FF302821FF302821FF302821FF302821FF302821FF302821FF302821FF302821FF302821FF302821FF302821FF302821FFFF
310
FFFFFF302821FF302821FF302821FF302821FF302821FF302821FF302821FF302821FF302821FF302821FF302821FF302821FF302821FF302821FF302821FF302821FF302821FF302821FF302821FF302821FF302821FF302821FF302821FF302821FF302821FF302821FF302821FF302821FF302821FF302821FF302821FF
310
FFFFFFFF302821FF302821FF302821FF302821FF302821FF302821FF302821FF302821FF302821FF302821FF302821FF302821FF302821FF302821FF302821FF302821FF302821FF302821FF302821FF302821FF302821FF302821FF302821FF302821FF302821FF302821FF302821FF302821FF302821FF302821FF302821
310
FFFFFFFFFF302821FF302821FF302821FF302821FF302821FF302821FF302821FF302821FF302821FF302821FF302821FF302821FF302821FF302821FF302821FF302821FF302821FF302821FF302821FF302821FF302821FF302821FF302821FF302821FF302821FF302821FF302821FF302821FF302821FF302821FF3028
310
21FF302821FF302821FF302821FF302821FF302821FF302821FF302821FF302821FF302821FF302821FF302821FF302821FF302821FF302821FF302821FF302821FF302821FF302821FF302821FF302821FF302821FF302821FF302821FF302821FF302821FF302821FF302821FF302821FF302821FF302821FF302821FF30
310
2821FF302821FF302821FF302821FF302821FF302821FF302821FF302821FF302821FF302821FF302821FF302821FF302821FF302821FF302821FF302821FF302821FF302821FF302821FF302821FF302821FF302821FF302821FF302821FF302821FF302821FF302821FF302821FF302821FF302821FF302821FF302821FF
310
302821FF302821FF302821FF302821FF302821FF302821FF302821FF302821FF302821FF302821FF302821FF302821FF302821FF302821FF302821FF302821FF302821FF302821FF
102
{BLKREFS
331
41B
331
919
331
421
331
422
331
423
331
424
331
426
331
427
331
428
331
3F3
331
3FB
331
3FC
331
3FD
331
3FE
331
3FF
331
400
331
401
331
402
102
}
 70
     4
280
     1
281
     0
  0
BLOCK_RECORD
  5
44A
330
1
100
AcDbSymbolTableRecord
100
AcDbBlockTableRecord
  2
000 - EQUIPAMIENTO - RACKS
340
0
310
28000000200000002000000001002000000000000010000001000000010000000000000000000000302821FF302821FF302821FF302821FF302821FF302821FF302821FF302821FF302821FF302821FF302821FF302821FF302821FF302821FF302821FF302821FF302821FF302821FF302821FF302821FF302821FF302821
310
FF302821FF302821FF302821FF302821FF302821FF302821FF302821FF302821FF302821FF302821FF302821FF302821FF302821FF302821FF302821FF302821FF302821FF302821FF302821FF302821FF302821FF302821FF302821FF302821FF302821FF302821FF302821FF302821FF302821FF302821FF302821FF3028
310
21FF302821FF302821FF302821FF302821FF302821FF302821FF302821FF302821FF302821FF302821FF302821FF302821FF302821FF302821FF302821FF302821FF302821FF302821FF302821FF302821FF302821FF302821FF302821FF302821FF302821FF302821FF302821FF302821FF302821FF302821FF302821FF30
310
2821FF302821FF302821FF302821FF302821FF302821FF302821FF302821FF302821FF302821FF302821FF302821FF302821FF302821FF302821FF302821FF302821FF302821FF302821FF302821FF302821FF302821FF302821FF302821FF302821FF302821FF302821FF302821FF302821FF302821FF302821FF302821FF
310
302821FF302821FF302821FF302821FF302821FF302821FF302821FF302821FF302821FF302821FF302821FF302821FF302821FF302821FF302821FF302821FF302821FF302821FF302821FF302821FF302821FF302821FF302821FF302821FF302821FF302821FF302821FF302821FF302821FF302821FF302821FF302821
310
FF302821FF302821FF302821FF302821FF302821FF302821FF302821FF302821FF302821FF302821FF302821FF302821FF302821FF302821FF302821FF302821FF302821FF302821FF302821FF302821FF302821FF302821FF302821FF302821FF302821FF302821FF302821FF302821FF302821FF302821FF302821FF3028
310
21FF302821FF302821FF302821FF302821FF302821FF302821FF302821FF302821FF302821FF302821FF302821FF302821FF302821FF302821FF302821FF302821FF302821FF302821FF302821FF302821FF302821FF302821FF302821FF302821FF302821FF302821FF302821FF302821FF302821FF302821FF302821FF30
310
2821FF302821FF302821FF302821FF302821FF302821FF302821FF302821FF302821FF302821FF302821FF302821FF302821FF302821FF302821FF302821FF302821FF302821FF302821FF302821FF302821FF302821FF302821FF302821FF302821FF302821FF302821FF302821FF302821FF302821FF302821FF302821FF
310
302821FF302821FF302821FF302821FF302821FF302821FF302821FF302821FF302821FF302821FF302821FF302821FF302821FF302821FF302821FF302821FF302821FF302821FF302821FF302821FF302821FF302821FF302821FF302821FF302821FF302821FF302821FF302821FF302821FF302821FF302821FF302821
310
FF302821FF302821FF302821FF302821FF302821FF302821FF302821FF302821FF302821FF302821FF302821FF302821FF302821FF302821FF302821FF302821FF302821FF302821FF302821FF302821FF302821FF302821FF302821FF302821FF302821FF302821FF302821FF302821FF302821FF302821FF302821FF3028
310
21FF302821FF302821FF302821FF302821FF302821FF302821FF302821FF302821FF302821FF302821FF302821FF302821FF302821FF302821FF302821FF302821FF302821FF302821FF302821FF302821FF302821FF302821FF302821FF302821FF302821FF302821FF302821FF302821FF302821FF302821FF302821FF30
310
2821FF302821FF302821FF302821FF302821FF302821FF302821FF302821FF302821FF302821FF302821FF302821FF302821FF302821FF302821FF302821FF999999FF999999FF999999FF999999FF999999FF999999FF999999FF999999FF999999FF999999FF999999FF999999FF999999FF999999FF999999FF999999FF
310
999999FF999999FF999999FF999999FF999999FF999999FF999999FF999999FF999999FF999999FF302821FF302821FF302821FF302821FF999999FF999999FF999999FF999999FF999999FF999999FF999999FF999999FF999999FF999999FF999999FF999999FF999999FF999999FF999999FF999999FF999999FF999999
310
FF999999FF999999FF999999FF999999FF999999FF999999FF999999FF999999FF999999FF999999FF999999FF999999FF302821FF302821FF999999FF999999FF999999FF302821FF999999FF302821FF302821FF302821FF999999FF302821FF999999FF999999FF302821FF999999FF302821FF302821FF302821FF9999
310
99FF302821FF999999FF302821FF999999FF302821FF302821FF302821FF999999FF302821FF999999FF999999FF999999FF302821FF302821FF999999FF999999FF999999FF302821FF302821FF999999FF302821FF999999FF302821FF302821FF999999FF999999FF302821FF302821FF999999FF302821FF999999FF30
310
2821FF302821FF999999FF302821FF302821FF999999FF302821FF999999FF302821FF302821FF999999FF999999FF999999FF302821FF302821FF999999FF999999FF999999FF302821FF302821FF302821FF999999FF302821FF302821FF302821FF999999FF999999FF302821FF302821FF302821FF999999FF302821FF
310
302821FF302821FF999999FF302821FF302821FF302821FF999999FF302821FF302821FF302821FF999999FF999999FF999999FF302821FF302821FF999999FF999999FF999999FF302821FF302821FF302821FF999999FF302821FF302821FF302821FF999999FF999999FF302821FF302821FF302821FF999999FF302821
310
FF302821FF302821FF999999FF302821FF302821FF302821FF999999FF302821FF302821FF302821FF999999FF999999FF999999FF302821FF302821FF999999FF999999FF999999FF302821FF302821FF999999FF302821FF999999FF302821FF302821FF999999FF999999FF302821FF302821FF999999FF302821FF9999
310
99FF302821FF302821FF999999FF302821FF302821FF999999FF302821FF999999FF302821FF302821FF999999FF999999FF999999FF302821FF302821FF999999FF999999FF999999FF302821FF999999FF302821FF302821FF302821FF999999FF302821FF999999FF999999FF302821FF999999FF302821FF302821FF30
310
2821FF999999FF302821FF999999FF302821FF999999FF302821FF302821FF302821FF999999FF302821FF999999FF999999FF999999FF302821FF302821FF999999FF999999FF999999FF999999FF999999FF999999FF999999FF999999FF999999FF999999FF999999FF999999FF999999FF999999FF999999FF999999FF
310
999999FF999999FF999999FF999999FF999999FF999999FF999999FF999999FF999999FF999999FF999999FF999999FF999999FF999999FF302821FF302821FF302821FF302821FF999999FF999999FF999999FF999999FF999999FF999999FF999999FF999999FF999999FF999999FF999999FF999999FF999999FF999999
310
FF999999FF999999FF999999FF999999FF999999FF999999FF999999FF999999FF999999FF999999FF999999FF999999FF302821FF302821FF302821FF302821FF302821FF302821FF302821FF302821FF302821FF302821FF302821FF302821FF302821FF302821FF302821FF302821FF302821FF302821FF302821FF3028
310
21FF302821FF302821FF302821FF302821FF302821FF302821FF302821FF302821FF302821FF302821FF302821FF302821FF302821FF302821FF302821FF302821FF302821FF302821FF302821FF302821FF302821FF302821FF302821FF302821FF302821FF302821FF302821FF302821FF302821FF302821FF302821FF30
310
2821FF302821FF302821FF302821FF302821FF302821FF302821FF302821FF302821FF302821FF302821FF302821FF302821FF302821FF302821FF302821FF302821FF302821FF302821FF302821FF302821FF302821FF302821FF302821FF302821FF302821FF302821FF302821FF302821FF302821FF302821FF302821FF
310
302821FF302821FF302821FF302821FF302821FF302821FF302821FF302821FF302821FF302821FF302821FF302821FF302821FF302821FF302821FF302821FF302821FF302821FF302821FF302821FF302821FF302821FF302821FF302821FF302821FF302821FF302821FF302821FF302821FF302821FF302821FF302821
310
FF302821FF302821FF302821FF302821FF302821FF302821FF302821FF302821FF302821FF302821FF302821FF302821FF302821FF302821FF302821FF302821FF302821FF302821FF302821FF302821FF302821FF302821FF302821FF302821FF302821FF302821FF302821FF302821FF302821FF302821FF302821FF3028
310
21FF302821FF302821FF302821FF302821FF302821FF302821FF302821FF302821FF302821FF302821FF302821FF302821FF302821FF302821FF302821FF302821FF302821FF302821FF302821FF302821FF302821FF302821FF302821FF302821FF302821FF302821FF302821FF302821FF302821FF302821FF302821FF30
310
2821FF302821FF302821FF302821FF302821FF302821FF302821FF302821FF302821FF302821FF302821FF302821FF302821FF302821FF302821FF302821FF302821FF302821FF302821FF302821FF302821FF302821FF302821FF302821FF302821FF302821FF302821FF302821FF302821FF302821FF302821FF302821FF
310
302821FF302821FF302821FF302821FF302821FF302821FF302821FF302821FF302821FF302821FF302821FF302821FF302821FF302821FF302821FF302821FF302821FF302821FF302821FF302821FF302821FF302821FF302821FF302821FF302821FF302821FF302821FF302821FF302821FF302821FF302821FF302821
310
FF302821FF302821FF302821FF302821FF302821FF302821FF302821FF302821FF302821FF302821FF302821FF302821FF302821FF302821FF302821FF302821FF302821FF302821FF302821FF302821FF302821FF302821FF302821FF302821FF302821FF302821FF302821FF302821FF302821FF302821FF302821FF3028
310
21FF302821FF302821FF302821FF302821FF302821FF302821FF302821FF302821FF302821FF302821FF302821FF302821FF302821FF302821FF302821FF302821FF302821FF302821FF302821FF302821FF302821FF302821FF302821FF302821FF302821FF302821FF302821FF302821FF302821FF302821FF302821FF30
310
2821FF302821FF302821FF302821FF302821FF302821FF302821FF302821FF302821FF302821FF302821FF302821FF302821FF302821FF302821FF302821FF302821FF302821FF302821FF302821FF302821FF302821FF302821FF302821FF302821FF302821FF302821FF302821FF302821FF302821FF302821FF302821FF
310
302821FF302821FF302821FF302821FF302821FF302821FF302821FF302821FF302821FF302821FF302821FF302821FF302821FF302821FF302821FF302821FF302821FF302821FF
102
{BLKREFS
331
4D2
331
4D3
331
4D4
331
4D5
331
4D6
331
4D7
331
449
331
4CA
331
4CB
331
4CC
331
4CD
331
4CE
331
4CF
331
4D0
331
4D1
102
}
 70
     4
280
     1
281
     0
  0
BLOCK_RECORD
  5
4C0
330
1
100
AcDbSymbolTableRecord
100
AcDbBlockTableRecord
  2
PUERTA 090
340
0
310
28000000200000002000000001002000000000000010000001000000010000000000000000000000302821FF302821FF302821FF302821FF302821FF302821FF302821FF302821FF302821FF302821FF302821FF302821FF302821FF302821FF302821FF302821FF302821FF302821FF302821FF302821FF302821FF302821
310
FF302821FF302821FF302821FF302821FF302821FF302821FF302821FF302821FF302821FF302821FF302821FF666666FF666666FF666666FF666666FF666666FF666666FF666666FF666666FF666666FF666666FF666666FF666666FF666666FF666666FF666666FF666666FF666666FF666666FF666666FF666666FF6666
310
66FF666666FF666666FF666666FF666666FF666666FF666666FF666666FF666666FF666666FF302821FF302821FF666666FF302821FF302821FF302821FF302821FF302821FF302821FF302821FF302821FF302821FF302821FF302821FF302821FF302821FF302821FF302821FF302821FF302821FF302821FF302821FF30
310
2821FF302821FF302821FF302821FF302821FF302821FF302821FF302821FF302821FF666666FF302821FF302821FF666666FF666666FF666666FF666666FF666666FF666666FF666666FF666666FF666666FF666666FF666666FF666666FF666666FF666666FF666666FF666666FF666666FF666666FF666666FF666666FF
310
666666FF666666FF666666FF666666FF666666FF666666FF666666FF666666FF666666FF666666FF302821FF302821FF666666FF302821FF302821FF302821FF302821FF302821FF302821FF302821FF302821FF302821FF302821FF302821FF302821FF302821FF302821FF302821FF302821FF302821FF302821FF302821
310
FF302821FF302821FF302821FF302821FF302821FF302821FF302821FF302821FF302821FF302821FF302821FF302821FF666666FF302821FF302821FF302821FF302821FF302821FF302821FF302821FF302821FF302821FF302821FF302821FF302821FF302821FF302821FF302821FF302821FF302821FF302821FF3028
310
21FF302821FF302821FF302821FF302821FF302821FF302821FF302821FF302821FF302821FF302821FF302821FF302821FF302821FF666666FF302821FF302821FF302821FF302821FF302821FF302821FF302821FF302821FF302821FF302821FF302821FF302821FF302821FF302821FF302821FF302821FF302821FF30
310
2821FF302821FF302821FF302821FF302821FF302821FF302821FF302821FF302821FF302821FF302821FF302821FF302821FF302821FF666666FF302821FF302821FF302821FF302821FF302821FF302821FF302821FF302821FF302821FF302821FF302821FF302821FF302821FF302821FF302821FF302821FF302821FF
310
302821FF302821FF302821FF302821FF302821FF302821FF302821FF302821FF302821FF302821FF302821FF302821FF302821FF302821FF666666FF302821FF302821FF302821FF302821FF302821FF302821FF302821FF302821FF302821FF302821FF302821FF302821FF302821FF302821FF302821FF302821FF302821
310
FF302821FF302821FF302821FF302821FF302821FF302821FF302821FF302821FF302821FF302821FF302821FF302821FF302821FF302821FF302821FF666666FF302821FF302821FF302821FF302821FF302821FF302821FF302821FF302821FF302821FF302821FF302821FF302821FF302821FF302821FF302821FF3028
310
21FF302821FF302821FF302821FF302821FF302821FF302821FF302821FF302821FF302821FF302821FF302821FF302821FF302821FF302821FF302821FF666666FF302821FF302821FF302821FF302821FF302821FF302821FF302821FF302821FF302821FF302821FF302821FF302821FF302821FF302821FF302821FF30
310
2821FF302821FF302821FF302821FF302821FF302821FF302821FF302821FF302821FF302821FF302821FF302821FF302821FF302821FF302821FF302821FF302821FF666666FF302821FF302821FF302821FF302821FF302821FF302821FF302821FF302821FF302821FF302821FF302821FF302821FF302821FF302821FF
310
302821FF302821FF302821FF302821FF302821FF302821FF302821FF302821FF302821FF302821FF302821FF302821FF302821FF302821FF302821FF302821FF302821FF666666FF302821FF302821FF302821FF302821FF302821FF302821FF302821FF302821FF302821FF302821FF302821FF302821FF302821FF302821
310
FF302821FF302821FF302821FF302821FF302821FF302821FF302821FF302821FF302821FF302821FF302821FF302821FF302821FF302821FF302821FF302821FF302821FF302821FF666666FF302821FF302821FF302821FF302821FF302821FF302821FF302821FF302821FF302821FF302821FF302821FF302821FF3028
310
21FF302821FF302821FF302821FF302821FF302821FF302821FF302821FF302821FF302821FF302821FF302821FF302821FF302821FF302821FF302821FF302821FF302821FF302821FF666666FF302821FF302821FF302821FF302821FF302821FF302821FF302821FF302821FF302821FF302821FF302821FF302821FF30
310
2821FF302821FF302821FF302821FF302821FF302821FF302821FF302821FF302821FF302821FF302821FF302821FF302821FF302821FF302821FF302821FF302821FF302821FF302821FF302821FF666666FF302821FF302821FF302821FF302821FF302821FF302821FF302821FF302821FF302821FF302821FF302821FF
310
302821FF302821FF302821FF302821FF302821FF302821FF302821FF302821FF302821FF302821FF302821FF302821FF302821FF302821FF302821FF302821FF302821FF302821FF302821FF302821FF666666FF302821FF302821FF302821FF302821FF302821FF302821FF302821FF302821FF302821FF302821FF302821
310
FF302821FF302821FF302821FF302821FF302821FF302821FF302821FF302821FF302821FF302821FF302821FF302821FF302821FF302821FF302821FF302821FF302821FF302821FF302821FF302821FF302821FF666666FF302821FF302821FF302821FF302821FF302821FF302821FF302821FF302821FF302821FF3028
310
21FF302821FF302821FF302821FF302821FF302821FF302821FF302821FF302821FF302821FF302821FF302821FF302821FF302821FF302821FF302821FF302821FF302821FF302821FF302821FF302821FF302821FF302821FF666666FF302821FF302821FF302821FF302821FF302821FF302821FF302821FF302821FF30
310
2821FF302821FF302821FF302821FF302821FF302821FF302821FF302821FF302821FF302821FF302821FF302821FF302821FF302821FF302821FF302821FF302821FF302821FF302821FF302821FF302821FF302821FF302821FF666666FF302821FF302821FF302821FF302821FF302821FF302821FF302821FF302821FF
310
302821FF302821FF302821FF302821FF302821FF302821FF302821FF302821FF302821FF302821FF302821FF302821FF302821FF302821FF302821FF302821FF302821FF302821FF302821FF302821FF302821FF302821FF302821FF302821FF666666FF302821FF302821FF302821FF302821FF302821FF302821FF302821
310
FF302821FF302821FF302821FF302821FF302821FF302821FF302821FF302821FF302821FF302821FF302821FF302821FF302821FF302821FF302821FF302821FF302821FF302821FF302821FF302821FF302821FF302821FF302821FF302821FF302821FF666666FF302821FF302821FF302821FF302821FF302821FF3028
310
21FF302821FF302821FF302821FF302821FF302821FF302821FF302821FF302821FF302821FF302821FF302821FF302821FF302821FF302821FF302821FF302821FF302821FF302821FF302821FF302821FF302821FF302821FF302821FF302821FF302821FF302821FF666666FF302821FF302821FF302821FF302821FF30
310
2821FF302821FF302821FF302821FF302821FF302821FF302821FF302821FF302821FF302821FF302821FF302821FF302821FF302821FF302821FF302821FF302821FF302821FF302821FF302821FF302821FF302821FF302821FF302821FF302821FF302821FF302821FF302821FF666666FF302821FF302821FF302821FF
310
302821FF302821FF302821FF302821FF302821FF302821FF302821FF302821FF302821FF302821FF302821FF302821FF302821FF302821FF302821FF302821FF302821FF302821FF302821FF302821FF302821FF302821FF302821FF302821FF302821FF302821FF302821FF302821FF302821FF666666FF666666FF302821
310
FF302821FF302821FF302821FF302821FF302821FF302821FF302821FF302821FF302821FF302821FF302821FF302821FF302821FF302821FF302821FF302821FF302821FF302821FF302821FF302821FF302821FF302821FF302821FF302821FF302821FF302821FF302821FF302821FF302821FF302821FF302821FF6666
310
66FF302821FF302821FF302821FF302821FF302821FF302821FF302821FF302821FF302821FF302821FF302821FF302821FF302821FF302821FF302821FF302821FF302821FF302821FF302821FF302821FF302821FF302821FF302821FF302821FF302821FF302821FF302821FF302821FF302821FF302821FF302821FF30
310
2821FF666666FF666666FF302821FF302821FF302821FF302821FF302821FF302821FF302821FF302821FF302821FF302821FF302821FF302821FF302821FF302821FF302821FF302821FF302821FF302821FF302821FF302821FF302821FF302821FF302821FF302821FF302821FF302821FF302821FF302821FF302821FF
310
302821FF302821FF302821FF666666FF666666FF302821FF302821FF302821FF302821FF302821FF302821FF302821FF302821FF302821FF302821FF302821FF302821FF302821FF302821FF302821FF302821FF302821FF302821FF302821FF302821FF302821FF302821FF302821FF302821FF302821FF302821FF302821
310
FF302821FF302821FF302821FF302821FF302821FF666666FF666666FF666666FF302821FF302821FF302821FF302821FF302821FF302821FF302821FF302821FF302821FF302821FF302821FF302821FF302821FF302821FF302821FF302821FF302821FF302821FF302821FF302821FF302821FF302821FF302821FF3028
310
21FF302821FF302821FF302821FF302821FF302821FF302821FF302821FF302821FF666666FF666666FF666666FF666666FF666666FF302821FF302821FF302821FF302821FF302821FF302821FF302821FF302821FF302821FF302821FF302821FF302821FF302821FF302821FF302821FF302821FF302821FF302821FF30
310
2821FF302821FF302821FF302821FF302821FF302821FF302821FF302821FF302821FF302821FF302821FF302821FF302821FF302821FF666666FF666666FF666666FF302821FF302821FF302821FF302821FF302821FF302821FF302821FF302821FF302821FF302821FF302821FF302821FF302821FF302821FF302821FF
310
302821FF302821FF302821FF302821FF302821FF302821FF302821FF302821FF302821FF302821FF302821FF302821FF302821FF302821FF302821FF302821FF302821FF302821FF
102
{BLKREFS
331
4BF
102
}
 70
     4
280
     1
281
     0
  0
BLOCK_RECORD
  5
4DA
102
{ACAD_XDICTIONARY
360
4DB
102
}
330
1
100
AcDbSymbolTableRecord
100
AcDbBlockTableRecord
  2
A$C0D016993
340
0
102
{BLKREFS
331
5ED
331
5EE
331
5EF
331
4D9
331
5F0
331
5F1
331
5F3
331
5F2
331
5F4
331
5F6
331
5E5
331
5E6
331
5E7
331
5E8
331
5E9
331
5EA
331
5EB
331
5EC
102
}
 70
     0
280
     1
281
     0
  0
BLOCK_RECORD
  5
501
330
1
100
AcDbSymbolTableRecord
100
AcDbBlockTableRecord
  2
000 - EQUIPAMIENTO - MESA TRABAJO
340
0
310
28000000200000002000000001002000000000000010000001000000010000000000000000000000302821FF302821FF302821FF302821FF302821FF302821FF302821FF302821FF302821FF302821FF302821FF302821FF302821FF302821FF302821FF302821FF302821FF302821FF302821FF302821FF302821FF302821
310
FF302821FF302821FF302821FF302821FF302821FF302821FF302821FF302821FF302821FF302821FF302821FF302821FF302821FF302821FF302821FF302821FF302821FF302821FF302821FF302821FF302821FF302821FF302821FF302821FF302821FF302821FF302821FF302821FF302821FF302821FF302821FF3028
310
21FF302821FF302821FF302821FF302821FF302821FF302821FF302821FF302821FF302821FF302821FF302821FF302821FF302821FF302821FF302821FF302821FF302821FF302821FF302821FF302821FF302821FF302821FF302821FF302821FF302821FF302821FF302821FF302821FF302821FF302821FF302821FF30
310
2821FF302821FF302821FF302821FF302821FF302821FF302821FF302821FF302821FF302821FF302821FF302821FF302821FF302821FF302821FF302821FF302821FF302821FF302821FF302821FF302821FF302821FF302821FF302821FF302821FF302821FF302821FF302821FF302821FF302821FF302821FF302821FF
310
302821FF302821FF302821FF302821FF302821FF302821FF302821FF302821FF302821FF302821FF302821FF302821FF302821FF302821FF302821FF302821FF302821FF302821FF302821FF302821FF302821FF302821FF302821FF302821FF302821FF302821FF302821FF302821FF302821FF302821FF302821FF302821
310
FF302821FF302821FF302821FF302821FF302821FF302821FF302821FF302821FF302821FF302821FF302821FF302821FF302821FF302821FF302821FF302821FF302821FF302821FF302821FF302821FF302821FF302821FF302821FF302821FF302821FF302821FF302821FF302821FF302821FF302821FF302821FF3028
310
21FF302821FF302821FF302821FF302821FF302821FF302821FF302821FF302821FF302821FF302821FF302821FF302821FF302821FF302821FF302821FF302821FF302821FF302821FF302821FF302821FF302821FF302821FF302821FF302821FF302821FF302821FF302821FF302821FF302821FF302821FF302821FF30
310
2821FF302821FF302821FF302821FF302821FF302821FF302821FF302821FF302821FF302821FF302821FF302821FF302821FF302821FF302821FF302821FF302821FF302821FF302821FF302821FF302821FF302821FF302821FF302821FF302821FF302821FF302821FF302821FF302821FF302821FF302821FF302821FF
310
302821FF302821FF302821FF302821FF302821FF302821FF302821FF302821FF302821FF302821FF302821FF302821FF302821FF302821FF302821FF302821FF302821FF302821FF302821FF302821FF302821FF302821FF302821FF302821FF302821FF302821FF302821FF302821FF302821FF302821FF302821FF302821
310
FF302821FF302821FF302821FF302821FF302821FF302821FF302821FF302821FF302821FF302821FF302821FF302821FF302821FF666666FF666666FF666666FF666666FF666666FF666666FF666666FF666666FF666666FF666666FF666666FF666666FF666666FF666666FF666666FF666666FF666666FF666666FF6666
310
66FF666666FF666666FF666666FF666666FF666666FF666666FF666666FF666666FF666666FF666666FF302821FF302821FF302821FF666666FF666666FF302821FF302821FF302821FF302821FF302821FF302821FF302821FF302821FF302821FF302821FF302821FF302821FF302821FF302821FF302821FF302821FF30
310
2821FF302821FF302821FF302821FF302821FF302821FF302821FF302821FF302821FF302821FF666666FF302821FF302821FF302821FF666666FF666666FF302821FF302821FF302821FF302821FF302821FF302821FF302821FF302821FF302821FF302821FF302821FF302821FF302821FF302821FF302821FF302821FF
310
302821FF302821FF302821FF302821FF302821FF302821FF302821FF302821FF302821FF302821FF666666FF302821FF302821FF302821FF666666FF666666FF302821FF302821FF302821FF302821FF302821FF302821FF302821FF302821FF302821FF302821FF302821FF302821FF302821FF302821FF302821FF302821
310
FF302821FF302821FF302821FF302821FF302821FF302821FF302821FF302821FF302821FF302821FF666666FF302821FF302821FF302821FF666666FF666666FF302821FF302821FF302821FF302821FF302821FF666666FF666666FF666666FF666666FF666666FF666666FF666666FF666666FF666666FF666666FF3028
310
21FF302821FF302821FF302821FF302821FF302821FF302821FF302821FF302821FF302821FF302821FF666666FF302821FF302821FF302821FF666666FF666666FF302821FF302821FF302821FF302821FF302821FF666666FF666666FF666666FF666666FF666666FF666666FF666666FF666666FF666666FF666666FF30
310
2821FF302821FF302821FF302821FF302821FF302821FF302821FF302821FF302821FF302821FF302821FF666666FF302821FF302821FF302821FF666666FF666666FF302821FF302821FF302821FF302821FF302821FF666666FF302821FF302821FF302821FF666666FF302821FF666666FF666666FF666666FF666666FF
310
302821FF302821FF302821FF302821FF302821FF666666FF302821FF302821FF302821FF302821FF302821FF666666FF302821FF302821FF302821FF666666FF666666FF302821FF302821FF302821FF302821FF302821FF666666FF666666FF666666FF666666FF666666FF666666FF666666FF302821FF666666FF666666
310
FF666666FF666666FF666666FF666666FF666666FF666666FF666666FF666666FF302821FF302821FF302821FF666666FF302821FF302821FF302821FF666666FF666666FF302821FF302821FF302821FF302821FF302821FF666666FF666666FF666666FF666666FF666666FF666666FF666666FF302821FF666666FF6666
310
66FF666666FF666666FF666666FF666666FF666666FF666666FF666666FF666666FF302821FF302821FF302821FF666666FF302821FF302821FF302821FF666666FF666666FF302821FF302821FF302821FF302821FF302821FF302821FF302821FF302821FF302821FF302821FF302821FF302821FF302821FF302821FF30
310
2821FF302821FF302821FF302821FF302821FF302821FF302821FF302821FF302821FF302821FF302821FF302821FF666666FF302821FF302821FF302821FF666666FF666666FF302821FF302821FF302821FF302821FF302821FF302821FF302821FF302821FF302821FF302821FF302821FF302821FF302821FF302821FF
310
302821FF302821FF302821FF302821FF302821FF302821FF302821FF302821FF302821FF302821FF302821FF302821FF666666FF302821FF302821FF302821FF666666FF666666FF302821FF302821FF302821FF302821FF302821FF302821FF302821FF302821FF302821FF302821FF302821FF302821FF302821FF302821
310
FF302821FF302821FF302821FF302821FF302821FF302821FF302821FF302821FF302821FF302821FF302821FF302821FF666666FF302821FF302821FF302821FF666666FF666666FF302821FF302821FF302821FF302821FF302821FF302821FF302821FF302821FF302821FF302821FF302821FF302821FF302821FF3028
310
21FF302821FF302821FF302821FF302821FF302821FF302821FF302821FF302821FF302821FF302821FF302821FF302821FF666666FF302821FF302821FF302821FF666666FF666666FF666666FF666666FF666666FF666666FF666666FF666666FF666666FF666666FF666666FF666666FF666666FF666666FF666666FF66
310
6666FF666666FF666666FF666666FF666666FF666666FF666666FF666666FF666666FF666666FF666666FF666666FF666666FF666666FF302821FF302821FF302821FF302821FF302821FF302821FF302821FF302821FF302821FF302821FF302821FF302821FF302821FF302821FF302821FF302821FF302821FF302821FF
310
302821FF302821FF302821FF302821FF302821FF302821FF302821FF302821FF302821FF302821FF302821FF302821FF302821FF302821FF302821FF302821FF302821FF302821FF302821FF302821FF302821FF302821FF302821FF302821FF302821FF302821FF302821FF302821FF302821FF302821FF302821FF302821
310
FF302821FF302821FF302821FF302821FF302821FF302821FF302821FF302821FF302821FF302821FF302821FF302821FF302821FF302821FF302821FF302821FF302821FF302821FF302821FF302821FF302821FF302821FF302821FF302821FF302821FF302821FF302821FF302821FF302821FF302821FF302821FF3028
310
21FF302821FF302821FF302821FF302821FF302821FF302821FF302821FF302821FF302821FF302821FF302821FF302821FF302821FF302821FF302821FF302821FF302821FF302821FF302821FF302821FF302821FF302821FF302821FF302821FF302821FF302821FF302821FF302821FF302821FF302821FF302821FF30
310
2821FF302821FF302821FF302821FF302821FF302821FF302821FF302821FF302821FF302821FF302821FF302821FF302821FF302821FF302821FF302821FF302821FF302821FF302821FF302821FF302821FF302821FF302821FF302821FF302821FF302821FF302821FF302821FF302821FF302821FF302821FF302821FF
310
302821FF302821FF302821FF302821FF302821FF302821FF302821FF302821FF302821FF302821FF302821FF302821FF302821FF302821FF302821FF302821FF302821FF302821FF302821FF302821FF302821FF302821FF302821FF302821FF302821FF302821FF302821FF302821FF302821FF302821FF302821FF302821
310
FF302821FF302821FF302821FF302821FF302821FF302821FF302821FF302821FF302821FF302821FF302821FF302821FF302821FF302821FF302821FF302821FF302821FF302821FF302821FF302821FF302821FF302821FF302821FF302821FF302821FF302821FF302821FF302821FF302821FF302821FF302821FF3028
310
21FF302821FF302821FF302821FF302821FF302821FF302821FF302821FF302821FF302821FF302821FF302821FF302821FF302821FF302821FF302821FF302821FF302821FF302821FF302821FF302821FF302821FF302821FF302821FF302821FF302821FF302821FF302821FF302821FF302821FF302821FF302821FF30
310
2821FF302821FF302821FF302821FF302821FF302821FF302821FF302821FF302821FF302821FF302821FF302821FF302821FF302821FF302821FF302821FF302821FF302821FF302821FF302821FF302821FF302821FF302821FF302821FF302821FF302821FF302821FF302821FF302821FF302821FF302821FF302821FF
310
302821FF302821FF302821FF302821FF302821FF302821FF302821FF302821FF302821FF302821FF302821FF302821FF302821FF302821FF302821FF302821FF302821FF302821FF
102
{BLKREFS
331
500
331
507
102
}
 70
     4
280
     1
281
     0
1001
AcDbDynamicBlockGUID
1000
{163306FA-E897-4384-9336-7C5FBB5ADF86}
  0
BLOCK_RECORD
  5
52B
330
1
100
AcDbSymbolTableRecord
100
AcDbBlockTableRecord
  2
000 - SANITARIO - BACHA GRANDE
340
0
310
28000000200000002000000001002000000000000010000001000000010000000000000000000000302821FF302821FF302821FF302821FF302821FF302821FF302821FF302821FF302821FF302821FF302821FF302821FF302821FF302821FF302821FF302821FF302821FF302821FF302821FF302821FF302821FF302821
310
FF302821FF302821FF302821FF302821FF302821FF302821FF302821FF302821FF302821FF302821FF302821FF302821FF302821FF302821FF302821FF302821FF302821FF302821FF302821FF302821FF302821FF302821FF302821FF302821FF302821FF302821FF302821FF302821FF302821FF302821FF302821FF3028
310
21FF302821FF302821FF302821FF302821FF302821FF302821FF302821FF302821FF302821FF302821FF302821FF302821FF302821FF302821FF302821FF302821FF302821FF302821FF302821FF302821FF302821FF302821FF302821FF302821FF302821FF302821FF302821FF302821FF302821FF302821FF302821FF30
310
2821FF302821FF302821FF302821FF302821FF302821FF302821FF302821FF302821FF302821FF302821FF302821FF302821FF302821FF302821FF302821FF302821FF302821FF302821FF302821FF302821FF302821FF302821FF302821FF302821FF302821FF302821FF302821FF302821FF302821FF302821FF302821FF
310
302821FF302821FF302821FF302821FF302821FF302821FF302821FF302821FF302821FF302821FF302821FF302821FF302821FF302821FF302821FF302821FF302821FF302821FFCCCCCCFFCCCCCCFFCCCCCCFFCCCCCCFFCCCCCCFFCCCCCCFFCCCCCCFFCCCCCCFFCCCCCCFFCCCCCCFFCCCCCCFFCCCCCCFFCCCCCCFFCCCCCC
310
FFCCCCCCFFCCCCCCFFCCCCCCFFCCCCCCFFCCCCCCFF302821FF302821FF302821FF302821FF302821FF302821FF302821FF302821FF302821FF302821FF302821FFCCCCCCFFCCCCCCFF302821FF302821FF302821FF302821FF302821FF302821FF302821FF302821FF302821FF302821FF302821FF302821FF302821FF3028
310
21FF302821FF302821FF302821FF302821FF302821FFCCCCCCFFCCCCCCFF302821FF302821FF302821FF302821FF302821FF302821FF302821FF302821FFCCCCCCFF302821FF302821FFCCCCCCFFCCCCCCFFCCCCCCFFCCCCCCFFCCCCCCFFCCCCCCFFCCCCCCFFCCCCCCFFCCCCCCFFCCCCCCFFCCCCCCFFCCCCCCFFCCCCCCFFCC
310
CCCCFFCCCCCCFFCCCCCCFFCCCCCCFFCCCCCCFF302821FF302821FF302821FFCCCCCCFF302821FF302821FF302821FF302821FF302821FF302821FF302821FFCCCCCCFF302821FFCCCCCCFF302821FF302821FF302821FF302821FF302821FF302821FF302821FF302821FF302821FF302821FF302821FF302821FF302821FF
310
302821FF302821FF302821FF302821FF302821FFCCCCCCFF302821FF302821FFCCCCCCFF302821FF302821FF302821FF302821FF302821FF302821FFCCCCCCFF302821FFCCCCCCFF302821FF302821FF302821FF302821FF302821FF302821FF302821FF302821FF302821FF302821FF302821FF302821FF302821FF302821
310
FF302821FF302821FF302821FF302821FF302821FF302821FFCCCCCCFF302821FF302821FFCCCCCCFF302821FF302821FF302821FF302821FFCCCCCCFF302821FFCCCCCCFF302821FF302821FF302821FF302821FF302821FF302821FF302821FF302821FF302821FF302821FF302821FF302821FF302821FF302821FF3028
310
21FF302821FF302821FF302821FF302821FF302821FF302821FF302821FFCCCCCCFF302821FFCCCCCCFF302821FF302821FF302821FF302821FFCCCCCCFF302821FFCCCCCCFF302821FF302821FF302821FF302821FF302821FF302821FF302821FF302821FF302821FF302821FF302821FF302821FF302821FF302821FF30
310
2821FF302821FF302821FF302821FF302821FF302821FF302821FF302821FF302821FFCCCCCCFF302821FFCCCCCCFF302821FF302821FFCCCCCCFF302821FFCCCCCCFF302821FF302821FF302821FF302821FF302821FF302821FF302821FF302821FF302821FF302821FF302821FFCCCCCCFFCCCCCCFF302821FF302821FF
310
302821FF302821FF302821FF302821FF302821FF302821FF302821FF302821FF302821FFCCCCCCFF302821FFCCCCCCFF302821FF302821FFCCCCCCFF302821FFCCCCCCFF302821FF302821FF302821FF302821FF302821FF302821FF302821FF302821FF302821FF302821FF302821FFCCCCCCFFCCCCCCFF302821FF302821
310
FF302821FF302821FF302821FF302821FF302821FF302821FF302821FF302821FF302821FFCCCCCCFF302821FFCCCCCCFF302821FF302821FFCCCCCCFF302821FFCCCCCCFF302821FF302821FF302821FF302821FF302821FF302821FF302821FF302821FF302821FF302821FF302821FFCCCCCCFFCCCCCCFF302821FF3028
310
21FF302821FF302821FF302821FF302821FF302821FF302821FF302821FF302821FF302821FFCCCCCCFF302821FFCCCCCCFF302821FF302821FFCCCCCCFF302821FFCCCCCCFF302821FF302821FF302821FF302821FF302821FF302821FF302821FF302821FF302821FF302821FF302821FF302821FF302821FF302821FF30
310
2821FF302821FF302821FF302821FF302821FF302821FF302821FF302821FF302821FF302821FFCCCCCCFF302821FFCCCCCCFF302821FF302821FFCCCCCCFF302821FF302821FFCCCCCCFF302821FF302821FF302821FF302821FF302821FF302821FF302821FF302821FF302821FF302821FFCCCCCCFFCCCCCCFF302821FF
310
302821FF302821FF302821FF302821FF302821FF302821FF302821FF302821FF302821FF302821FFCCCCCCFF302821FFCCCCCCFF302821FF302821FFCCCCCCFF302821FF302821FFCCCCCCFF302821FF302821FF302821FF302821FF302821FF302821FF302821FF302821FF302821FF302821FFCCCCCCFFCCCCCCFF302821
310
FF302821FF302821FF302821FF302821FF302821FF302821FF302821FF302821FF302821FFCCCCCCFF302821FF302821FFCCCCCCFF302821FF302821FFCCCCCCFF302821FF302821FF302821FFCCCCCCFF302821FF302821FF302821FF302821FF302821FF302821FF302821FF302821FF302821FFCCCCCCFFCCCCCCFF3028
310
21FF302821FF302821FF302821FF302821FF302821FF302821FF302821FF302821FFCCCCCCFF302821FF302821FF302821FFCCCCCCFF302821FF302821FFCCCCCCFF302821FF302821FF302821FF302821FFCCCCCCFFCCCCCCFF302821FF302821FF302821FF302821FF302821FF302821FF302821FFCCCCCCFFCCCCCCFF30
310
2821FF302821FF302821FF302821FF302821FF302821FF302821FFCCCCCCFFCCCCCCFF302821FF302821FF302821FF302821FFCCCCCCFF302821FF302821FFCCCCCCFF302821FF302821FF302821FF302821FF302821FF302821FFCCCCCCFFCCCCCCFFCCCCCCFFCCCCCCFFCCCCCCFFCCCCCCFFCCCCCCFFCCCCCCFFCCCCCCFF
310
CCCCCCFFCCCCCCFFCCCCCCFFCCCCCCFFCCCCCCFFCCCCCCFFCCCCCCFF302821FF302821FF302821FF302821FF302821FF302821FFCCCCCCFF302821FF302821FFCCCCCCFF302821FF302821FF302821FF302821FF302821FF302821FF302821FF302821FF302821FF302821FF302821FF302821FFCCCCCCFF302821FF302821
310
FFCCCCCCFF302821FF302821FF302821FF302821FF302821FF302821FF302821FF302821FF302821FF302821FF302821FF302821FFCCCCCCFF302821FF302821FFCCCCCCFF302821FF302821FF302821FF302821FF302821FF302821FF302821FF302821FF302821FF302821FF302821FF302821FFCCCCCCFF302821FF3028
310
21FFCCCCCCFF302821FF302821FF302821FF302821FF302821FF302821FF302821FF302821FF302821FF302821FF302821FF302821FFCCCCCCFF302821FF302821FFCCCCCCFF302821FF302821FF302821FF302821FF302821FF302821FF302821FF302821FF302821FF302821FF302821FF302821FFCCCCCCFF302821FF30
310
2821FFCCCCCCFF302821FF302821FF302821FF302821FF302821FF302821FF302821FF302821FF302821FF302821FF302821FF302821FFCCCCCCFF302821FF302821FFCCCCCCFF302821FF302821FF302821FF302821FF302821FF302821FF302821FF302821FF302821FF302821FF302821FF302821FFCCCCCCFFCCCCCCFF
310
CCCCCCFFCCCCCCFF302821FF302821FF302821FF302821FF302821FF302821FF302821FF302821FF302821FF302821FF302821FF302821FFCCCCCCFF302821FF302821FFCCCCCCFF302821FF302821FF302821FF302821FF302821FF302821FF302821FF302821FF302821FF302821FF302821FF302821FF302821FF302821
310
FF302821FF302821FF302821FF302821FF302821FF302821FF302821FF302821FF302821FF302821FF302821FF302821FF302821FF302821FFCCCCCCFF302821FF302821FFCCCCCCFF302821FF302821FF302821FF302821FF302821FF302821FF302821FF302821FF302821FF302821FF302821FF302821FF302821FF3028
310
21FF302821FF302821FF302821FF302821FF302821FF302821FF302821FF302821FF302821FF302821FF302821FF302821FF302821FF302821FFCCCCCCFF302821FF302821FF302821FFCCCCCCFF302821FF302821FF302821FF302821FF302821FF302821FF302821FF302821FF302821FF302821FF302821FF302821FF30
310
2821FF302821FF302821FF302821FF302821FF302821FF302821FF302821FF302821FF302821FF302821FF302821FF302821FF302821FFCCCCCCFF302821FF302821FF302821FF302821FF302821FFCCCCCCFFCCCCCCFFCCCCCCFFCCCCCCFFCCCCCCFFCCCCCCFFCCCCCCFFCCCCCCFFCCCCCCFFCCCCCCFFCCCCCCFFCCCCCCFF
310
CCCCCCFFCCCCCCFFCCCCCCFFCCCCCCFFCCCCCCFFCCCCCCFFCCCCCCFFCCCCCCFFCCCCCCFFCCCCCCFFCCCCCCFFCCCCCCFFCCCCCCFFCCCCCCFF302821FF302821FF302821FF302821FF302821FF302821FF302821FF302821FF302821FF302821FF302821FF302821FF302821FF302821FF302821FF302821FF302821FF302821
310
FF302821FF302821FF302821FF302821FF302821FF302821FF302821FF302821FF302821FF302821FF302821FF302821FF302821FF302821FF302821FF302821FF302821FF302821FF302821FF302821FF302821FF302821FF302821FF302821FF302821FF302821FF302821FF302821FF302821FF302821FF302821FF3028
310
21FF302821FF302821FF302821FF302821FF302821FF302821FF302821FF302821FF302821FF302821FF302821FF302821FF302821FF302821FF302821FF302821FF302821FF302821FF302821FF302821FF302821FF302821FF302821FF302821FF302821FF302821FF302821FF302821FF302821FF302821FF302821FF30
310
2821FF302821FF302821FF302821FF302821FF302821FF302821FF302821FF302821FF302821FF302821FF302821FF302821FF302821FF302821FF302821FF302821FF302821FF302821FF302821FF302821FF302821FF302821FF302821FF302821FF302821FF302821FF302821FF302821FF302821FF302821FF302821FF
310
302821FF302821FF302821FF302821FF302821FF302821FF302821FF302821FF302821FF302821FF302821FF302821FF302821FF302821FF302821FF302821FF302821FF302821FF
102
{BLKREFS
331
52A
331
5B9
102
}
 70
     4
280
     1
281
     0
1001
AcDbDynamicBlockGUID
1000
{5846AA90-87A6-4247-B4F8-CB4B9A303902}
  0
BLOCK_RECORD
  5
56B
102
{ACAD_XDICTIONARY
360
56C
102
}
330
1
100
AcDbSymbolTableRecord
100
AcDbBlockTableRecord
  2
Inodoro
340
0
310
28000000200000002000000001002000000000000010000001000000010000000000000000000000302821FF302821FF302821FF302821FF302821FF302821FF302821FF302821FF302821FF302821FF302821FF302821FF302821FF302821FF302821FF302821FF302821FF302821FF302821FF302821FF302821FF302821
310
FF302821FF302821FF302821FF302821FF302821FF302821FF302821FF302821FF302821FF302821FF302821FF302821FF302821FF302821FF302821FF302821FF302821FF302821FF302821FF302821FF302821FF302821FF302821FF302821FF302821FF302821FF302821FF302821FF302821FF302821FF302821FF3028
310
21FF302821FF302821FF302821FF302821FF302821FF302821FF302821FF302821FF302821FF302821FF302821FF302821FF302821FF302821FF302821FF302821FF302821FF302821FF302821FF302821FF302821FF302821FF302821FF302821FF302821FF302821FF302821FF302821FF302821FF302821FF302821FF30
310
2821FF302821FF302821FF302821FF302821FF302821FF302821FF302821FF302821FF302821FF302821FF302821FF302821FF302821FF302821FF302821FF302821FF302821FF302821FF302821FF302821FF302821FF302821FF302821FF302821FF302821FF302821FF302821FF302821FF302821FF302821FF302821FF
310
302821FF302821FF302821FF302821FF302821FF302821FF302821FF302821FF302821FF302821FF302821FF302821FF302821FF302821FF302821FF302821FF302821FF302821FF302821FF302821FF302821FF302821FF302821FF302821FF302821FF302821FF302821FF302821FF302821FF302821FF302821FF302821
310
FF302821FF302821FF302821FF302821FF302821FF302821FF302821FF302821FF302821FF302821FF302821FF302821FF302821FF302821FF302821FF302821FF302821FF302821FF302821FF302821FF302821FF302821FF302821FF302821FF302821FF302821FF302821FF302821FF302821FF302821FF302821FF3028
310
21FF302821FF302821FF302821FF302821FF302821FF302821FF302821FF302821FF302821FF302821FF302821FF302821FF302821FF302821FF302821FF302821FF302821FF302821FF302821FF302821FF302821FF302821FF302821FF302821FF302821FF302821FF302821FF302821FF302821FF302821FF302821FF30
310
2821FF302821FF302821FF302821FF302821FF999999FF999999FF999999FF999999FF999999FF999999FF302821FF302821FF302821FF302821FF302821FF302821FF302821FF302821FF999999FF999999FF999999FF999999FF999999FF999999FF999999FF999999FF999999FF999999FF302821FF302821FF302821FF
310
302821FF302821FF302821FF999999FF999999FF302821FF302821FF302821FF302821FF302821FF999999FF302821FF302821FF302821FF302821FF302821FF302821FF999999FF999999FF302821FF302821FF302821FF302821FF302821FF302821FF302821FF302821FF302821FF302821FF999999FF999999FF302821
310
FF302821FF302821FF302821FF999999FF302821FF302821FF302821FF302821FF302821FF302821FF999999FF302821FF302821FF302821FF302821FF302821FF999999FF302821FF302821FF999999FF999999FF999999FF999999FF999999FF999999FF999999FF999999FF302821FF302821FF302821FF302821FF9999
310
99FF302821FF302821FF302821FF999999FF302821FF302821FF302821FF302821FF302821FF302821FF999999FF302821FF302821FF302821FF302821FF999999FF302821FF999999FF999999FF302821FF302821FF302821FF302821FF302821FF302821FF302821FF302821FF999999FF302821FF302821FF302821FF30
310
2821FF999999FF302821FF302821FF999999FF302821FF302821FF302821FF302821FF302821FF302821FF999999FF302821FF302821FF302821FF302821FF999999FF999999FF302821FF302821FF302821FF302821FF302821FF302821FF302821FF302821FF302821FF302821FF302821FF999999FF302821FF302821FF
310
302821FF302821FF999999FF999999FF999999FF302821FF302821FF302821FF302821FF302821FF302821FF999999FF302821FF302821FF302821FF999999FF302821FF999999FF302821FF302821FF302821FF302821FF302821FF302821FF302821FF302821FF302821FF302821FF302821FF302821FF999999FF302821
310
FF302821FF302821FF302821FF302821FF999999FF302821FF302821FF302821FF302821FF302821FF302821FF999999FF302821FF302821FF302821FF999999FF999999FF302821FF302821FF302821FF302821FF302821FF302821FF302821FF302821FF302821FF302821FF302821FF302821FF302821FF999999FF3028
310
21FF302821FF302821FF302821FF302821FF999999FF302821FF302821FF302821FF302821FF302821FF302821FF999999FF302821FF302821FF302821FF999999FF999999FF302821FF302821FF302821FF302821FF302821FF302821FF302821FF302821FF302821FF302821FF302821FF302821FF302821FF999999FF30
310
2821FF302821FF302821FF302821FF302821FF999999FF302821FF302821FF302821FF302821FF302821FF302821FF999999FF302821FF302821FF999999FF302821FF999999FF302821FF302821FF302821FF302821FF302821FF302821FF302821FF302821FF302821FF302821FF302821FF302821FF302821FF999999FF
310
302821FF302821FF302821FF302821FF302821FF999999FF302821FF302821FF302821FF302821FF302821FF302821FF999999FF302821FF302821FF302821FF999999FF999999FF302821FF302821FF302821FF302821FF302821FF302821FF302821FF302821FF302821FF302821FF302821FF302821FF302821FF999999
310
FF302821FF302821FF302821FF302821FF302821FF999999FF302821FF302821FF302821FF302821FF302821FF302821FF999999FF302821FF302821FF302821FF999999FF999999FF302821FF302821FF302821FF302821FF302821FF302821FF302821FF302821FF302821FF302821FF302821FF302821FF302821FF9999
310
99FF302821FF302821FF302821FF302821FF302821FF999999FF302821FF302821FF302821FF302821FF302821FF302821FF999999FF302821FF302821FF302821FF999999FF999999FF302821FF302821FF302821FF302821FF302821FF302821FF302821FF302821FF302821FF302821FF302821FF302821FF302821FF99
310
9999FF302821FF302821FF302821FF302821FF302821FF999999FF302821FF302821FF302821FF302821FF302821FF302821FF999999FF302821FF302821FF302821FF999999FF302821FF999999FF302821FF302821FF302821FF302821FF302821FF302821FF302821FF302821FF302821FF302821FF302821FF999999FF
310
302821FF302821FF302821FF302821FF302821FF302821FF999999FF302821FF302821FF302821FF302821FF302821FF302821FF999999FF302821FF302821FF302821FF302821FF999999FF999999FF999999FF302821FF302821FF302821FF302821FF302821FF302821FF302821FF302821FF302821FF302821FF999999
310
FF302821FF302821FF302821FF302821FF999999FF999999FF999999FF302821FF302821FF302821FF302821FF302821FF302821FF999999FF302821FF302821FF302821FF302821FF302821FF999999FF999999FF999999FF302821FF302821FF302821FF302821FF302821FF302821FF999999FF999999FF999999FF3028
310
21FF302821FF302821FF999999FF999999FF302821FF302821FF999999FF302821FF302821FF302821FF302821FF302821FF302821FF999999FF302821FF302821FF302821FF302821FF302821FF302821FF999999FF302821FF999999FF999999FF999999FF999999FF999999FF999999FF302821FF302821FF302821FF30
310
2821FF999999FF999999FF302821FF302821FF302821FF302821FF999999FF302821FF302821FF302821FF302821FF302821FF302821FF999999FF302821FF302821FF302821FF302821FF302821FF302821FF302821FF999999FF999999FF302821FF302821FF302821FF302821FF302821FF302821FF999999FF999999FF
310
999999FF302821FF302821FF302821FF302821FF302821FF302821FF999999FF302821FF302821FF302821FF302821FF302821FF302821FF999999FF302821FF302821FF302821FF302821FF302821FF302821FF302821FF302821FF302821FF999999FF999999FF999999FF999999FF999999FF999999FF302821FF302821
310
FF302821FF302821FF302821FF302821FF302821FF302821FF302821FF999999FF999999FF999999FF302821FF302821FF302821FF302821FF999999FF302821FF302821FF302821FF302821FF302821FF302821FF302821FF302821FF302821FF302821FF302821FF302821FF302821FF302821FF302821FF302821FF3028
310
21FF302821FF302821FF302821FF302821FF302821FF302821FF302821FF302821FF302821FF302821FF999999FF999999FF999999FF999999FF999999FF302821FF302821FF302821FF302821FF302821FF302821FF302821FF302821FF302821FF302821FF302821FF302821FF302821FF302821FF302821FF302821FF30
310
2821FF302821FF302821FF302821FF302821FF302821FF302821FF302821FF302821FF302821FF302821FF302821FF302821FF302821FF302821FF302821FF302821FF302821FF302821FF302821FF302821FF302821FF302821FF302821FF302821FF302821FF302821FF302821FF302821FF302821FF302821FF302821FF
310
302821FF302821FF302821FF302821FF302821FF302821FF302821FF302821FF302821FF302821FF302821FF302821FF302821FF302821FF302821FF302821FF302821FF302821FF302821FF302821FF302821FF302821FF302821FF302821FF302821FF302821FF302821FF302821FF302821FF302821FF302821FF302821
310
FF302821FF302821FF302821FF302821FF302821FF302821FF302821FF302821FF302821FF302821FF302821FF302821FF302821FF302821FF302821FF302821FF302821FF302821FF302821FF302821FF302821FF302821FF302821FF302821FF302821FF302821FF302821FF302821FF302821FF302821FF302821FF3028
310
21FF302821FF302821FF302821FF302821FF302821FF302821FF302821FF302821FF302821FF302821FF302821FF302821FF302821FF302821FF302821FF302821FF302821FF302821FF302821FF302821FF302821FF302821FF302821FF302821FF302821FF302821FF302821FF302821FF302821FF302821FF302821FF30
310
2821FF302821FF302821FF302821FF302821FF302821FF302821FF302821FF302821FF302821FF302821FF302821FF302821FF302821FF302821FF302821FF302821FF302821FF302821FF302821FF302821FF302821FF302821FF302821FF302821FF302821FF302821FF302821FF302821FF302821FF302821FF302821FF
310
302821FF302821FF302821FF302821FF302821FF302821FF302821FF302821FF302821FF302821FF302821FF302821FF302821FF302821FF302821FF302821FF302821FF302821FF
102
{BLKREFS
331
56A
331
5B7
102
}
 70
     0
280
     1
281
     0
1001
AcDbDynamicBlockGUID
1000
{D6906BDC-7218-4B58-8A40-DE40A1B4AEDD}
  0
BLOCK_RECORD
  5
5B0
330
1
100
AcDbSymbolTableRecord
100
AcDbBlockTableRecord
  2
000 - EQUIPAMIENTO - BIDE
340
0
310
28000000200000002000000001002000000000000010000001000000010000000000000000000000302821FF302821FF302821FF302821FF302821FF302821FF302821FF302821FF302821FF302821FF302821FF302821FF302821FF302821FF302821FF302821FF302821FF302821FF302821FF302821FF302821FF302821
310
FF302821FF302821FF302821FF302821FF302821FF302821FF302821FF302821FF302821FF302821FF302821FF302821FF302821FF302821FF302821FF302821FF302821FF302821FF302821FF302821FF302821FF302821FF302821FF302821FF302821FF666666FF666666FF302821FF302821FF302821FF302821FF3028
310
21FF302821FF302821FF302821FF302821FF302821FF302821FF302821FF302821FF302821FF302821FF302821FF302821FF302821FF302821FF302821FF302821FF302821FF302821FF302821FF302821FF302821FF302821FF666666FF666666FF666666FF302821FF302821FF666666FF666666FF666666FF302821FF30
310
2821FF302821FF302821FF302821FF302821FF302821FF302821FF302821FF302821FF302821FF302821FF302821FF302821FF302821FF302821FF302821FF302821FF302821FF302821FF302821FF302821FF302821FF666666FF302821FF302821FF302821FF302821FF302821FF302821FF302821FF302821FF666666FF
310
302821FF302821FF302821FF302821FF302821FF302821FF302821FF302821FF302821FF302821FF302821FF302821FF302821FF302821FF302821FF302821FF302821FF302821FF302821FF302821FF302821FF666666FF302821FF302821FF666666FF666666FF666666FF666666FF666666FF666666FF302821FF302821
310
FF666666FF302821FF302821FF302821FF302821FF302821FF302821FF302821FF302821FF302821FF302821FF302821FF302821FF302821FF302821FF302821FF302821FF302821FF302821FF302821FF666666FF302821FF666666FF666666FF302821FF302821FF302821FF302821FF302821FF302821FF666666FF6666
310
66FF302821FF666666FF302821FF302821FF302821FF302821FF302821FF302821FF302821FF302821FF302821FF302821FF302821FF302821FF302821FF302821FF302821FF302821FF302821FF302821FF666666FF302821FF666666FF302821FF302821FF302821FF302821FF302821FF302821FF302821FF302821FF30
310
2821FF666666FF302821FF666666FF302821FF302821FF302821FF302821FF302821FF302821FF302821FF302821FF302821FF302821FF302821FF302821FF302821FF302821FF302821FF302821FF666666FF302821FF666666FF302821FF302821FF302821FF302821FF302821FF302821FF302821FF302821FF302821FF
310
302821FF666666FF302821FF666666FF302821FF302821FF302821FF302821FF302821FF302821FF302821FF302821FF302821FF302821FF302821FF302821FF302821FF302821FF302821FF302821FF666666FF666666FF302821FF302821FF302821FF302821FF302821FF302821FF302821FF302821FF302821FF302821
310
FF302821FF302821FF666666FF302821FF666666FF302821FF302821FF302821FF302821FF302821FF302821FF302821FF302821FF302821FF302821FF302821FF302821FF302821FF302821FF666666FF302821FF666666FF302821FF302821FF302821FF302821FF302821FF302821FF302821FF302821FF302821FF3028
310
21FF302821FF302821FF666666FF302821FF666666FF302821FF302821FF302821FF302821FF302821FF302821FF302821FF302821FF302821FF302821FF302821FF302821FF302821FF302821FF666666FF302821FF666666FF302821FF302821FF302821FF302821FF302821FF302821FF302821FF302821FF302821FF30
310
2821FF302821FF302821FF666666FF302821FF302821FF666666FF302821FF302821FF302821FF302821FF302821FF302821FF302821FF302821FF302821FF302821FF302821FF302821FF666666FF302821FF302821FF666666FF302821FF302821FF302821FF302821FF302821FF302821FF302821FF302821FF302821FF
310
302821FF302821FF302821FF302821FF666666FF302821FF666666FF302821FF302821FF302821FF302821FF302821FF302821FF302821FF302821FF302821FF302821FF302821FF302821FF666666FF302821FF666666FF302821FF302821FF302821FF302821FF302821FF302821FF302821FF302821FF302821FF302821
310
FF302821FF302821FF302821FF302821FF666666FF302821FF666666FF302821FF302821FF302821FF302821FF302821FF302821FF302821FF302821FF302821FF302821FF302821FF302821FF666666FF302821FF666666FF302821FF302821FF302821FF302821FF302821FF302821FF302821FF302821FF302821FF3028
310
21FF302821FF302821FF302821FF302821FF666666FF302821FF666666FF302821FF302821FF302821FF302821FF302821FF302821FF302821FF302821FF302821FF302821FF302821FF302821FF666666FF302821FF666666FF302821FF302821FF302821FF302821FF302821FF302821FF302821FF302821FF302821FF30
310
2821FF302821FF302821FF302821FF302821FF666666FF302821FF666666FF302821FF302821FF302821FF302821FF302821FF302821FF302821FF302821FF302821FF302821FF302821FF302821FF666666FF302821FF666666FF302821FF302821FF302821FF302821FF302821FF302821FF302821FF302821FF302821FF
310
302821FF302821FF302821FF302821FF302821FF666666FF302821FF666666FF302821FF302821FF302821FF302821FF302821FF302821FF302821FF302821FF302821FF302821FF302821FF302821FF666666FF302821FF666666FF302821FF302821FF302821FF302821FF302821FF302821FF302821FF302821FF302821
310
FF302821FF302821FF302821FF302821FF302821FF666666FF302821FF666666FF302821FF302821FF302821FF302821FF302821FF302821FF302821FF302821FF302821FF302821FF302821FF302821FF666666FF302821FF666666FF302821FF302821FF302821FF302821FF302821FF302821FF302821FF302821FF3028
310
21FF302821FF302821FF302821FF302821FF302821FF666666FF302821FF666666FF302821FF302821FF302821FF302821FF302821FF302821FF302821FF302821FF302821FF302821FF302821FF302821FF666666FF302821FF666666FF302821FF302821FF302821FF302821FF302821FF302821FF302821FF302821FF30
310
2821FF302821FF302821FF302821FF302821FF302821FF666666FF302821FF666666FF302821FF302821FF302821FF302821FF302821FF302821FF302821FF302821FF302821FF302821FF302821FF302821FF666666FF302821FF302821FF666666FF302821FF302821FF302821FF302821FF302821FF666666FF666666FF
310
302821FF302821FF302821FF302821FF302821FF666666FF302821FF302821FF666666FF302821FF302821FF302821FF302821FF302821FF302821FF302821FF302821FF302821FF302821FF302821FF302821FF302821FF666666FF302821FF666666FF302821FF302821FF302821FF302821FF666666FF666666FF666666
310
FF666666FF302821FF302821FF302821FF302821FF666666FF302821FF302821FF666666FF302821FF302821FF302821FF302821FF302821FF302821FF302821FF302821FF302821FF302821FF302821FF302821FF302821FF666666FF302821FF666666FF302821FF302821FF302821FF302821FF666666FF666666FF6666
310
66FF666666FF302821FF302821FF302821FF302821FF666666FF302821FF666666FF302821FF302821FF302821FF302821FF302821FF302821FF302821FF302821FF302821FF302821FF302821FF302821FF302821FF302821FF666666FF302821FF666666FF302821FF302821FF302821FF302821FF302821FF666666FF66
310
6666FF302821FF302821FF302821FF302821FF302821FF666666FF302821FF666666FF302821FF302821FF302821FF302821FF302821FF302821FF302821FF302821FF302821FF302821FF302821FF302821FF302821FF302821FF666666FF302821FF666666FF666666FF666666FF666666FF666666FF302821FF302821FF
310
302821FF302821FF666666FF666666FF666666FF666666FF666666FF302821FF666666FF302821FF302821FF302821FF302821FF302821FF302821FF302821FF302821FF302821FF302821FF302821FF302821FF302821FF302821FF666666FF302821FF302821FF302821FF302821FF302821FF302821FF666666FF666666
310
FF666666FF666666FF302821FF302821FF302821FF302821FF302821FF302821FF666666FF302821FF302821FF302821FF302821FF302821FF302821FF302821FF302821FF302821FF302821FF302821FF302821FF302821FF302821FF302821FF666666FF302821FF302821FF302821FF302821FF302821FF302821FF3028
310
21FF302821FF302821FF302821FF302821FF302821FF302821FF302821FF666666FF302821FF302821FF302821FF302821FF302821FF302821FF302821FF302821FF302821FF302821FF302821FF302821FF302821FF302821FF302821FF302821FF666666FF302821FF302821FF302821FF302821FF302821FF302821FF30
310
2821FF302821FF302821FF302821FF302821FF302821FF302821FF302821FF666666FF302821FF302821FF302821FF302821FF302821FF302821FF302821FF302821FF302821FF302821FF302821FF302821FF302821FF302821FF302821FF302821FF666666FF302821FF302821FF302821FF302821FF302821FF302821FF
310
302821FF302821FF302821FF302821FF302821FF302821FF302821FF302821FF666666FF302821FF302821FF302821FF302821FF302821FF302821FF302821FF302821FF302821FF302821FF302821FF302821FF302821FF302821FF302821FF302821FF302821FF666666FF302821FF302821FF302821FF302821FF302821
310
FF302821FF302821FF302821FF302821FF302821FF302821FF302821FF666666FF302821FF302821FF302821FF302821FF302821FF302821FF302821FF302821FF302821FF302821FF302821FF302821FF302821FF302821FF302821FF302821FF302821FF302821FF666666FF666666FF666666FF666666FF666666FF6666
310
66FF302821FF302821FF666666FF666666FF666666FF666666FF666666FF666666FF302821FF302821FF302821FF302821FF302821FF302821FF302821FF302821FF302821FF302821FF302821FF302821FF302821FF302821FF302821FF302821FF302821FF302821FF302821FF302821FF302821FF302821FF302821FF30
310
2821FF666666FF666666FF302821FF302821FF302821FF302821FF302821FF302821FF302821FF302821FF302821FF302821FF302821FF302821FF302821FF302821FF302821FF302821FF302821FF302821FF302821FF302821FF302821FF302821FF302821FF302821FF302821FF302821FF302821FF302821FF302821FF
310
302821FF302821FF302821FF302821FF302821FF302821FF302821FF302821FF302821FF302821FF302821FF302821FF302821FF302821FF302821FF302821FF302821FF302821FF
102
{BLKREFS
331
5AF
331
5B8
102
}
 70
     4
280
     1
281
     0
  0
BLOCK_RECORD
  5
5BC
102
{ACAD_XDICTIONARY
360
5BD
102
}
330
1
100
AcDbSymbolTableRecord
100
AcDbBlockTableRecord
  2
estanteria_liviana_90x45
340
0
310
2800000020000000200000000100080000000000000400000000000000000000000000000000000000000000000080000080000000808000800000008000800080800000C0C0C000C0DCC000F0CAA6000020400000206000002080000020A0000020C0000020E00000400000004020000040400000406000004080000040A0
310
000040C0000040E00000600000006020000060400000606000006080000060A0000060C0000060E00000800000008020000080400000806000008080000080A0000080C0000080E00000A0000000A0200000A0400000A0600000A0800000A0A00000A0C00000A0E00000C0000000C0200000C0400000C0600000C0800000C0
310
A00000C0C00000C0E00000E0000000E0200000E0400000E0600000E0800000E0A00000E0C00000E0E00040000000400020004000400040006000400080004000A0004000C0004000E00040200000402020004020400040206000402080004020A0004020C0004020E000404000004040200040404000404060004040800040
310
40A0004040C0004040E00040600000406020004060400040606000406080004060A0004060C0004060E00040800000408020004080400040806000408080004080A0004080C0004080E00040A0000040A0200040A0400040A0600040A0800040A0A00040A0C00040A0E00040C0000040C0200040C0400040C0600040C08000
310
40C0A00040C0C00040C0E00040E0000040E0200040E0400040E0600040E0800040E0A00040E0C00040E0E00080000000800020008000400080006000800080008000A0008000C0008000E00080200000802020008020400080206000802080008020A0008020C0008020E00080400000804020008040400080406000804080
310
008040A0008040C0008040E00080600000806020008060400080606000806080008060A0008060C0008060E00080800000808020008080400080806000808080008080A0008080C0008080E00080A0000080A0200080A0400080A0600080A0800080A0A00080A0C00080A0E00080C0000080C0200080C0400080C0600080C0
310
800080C0A00080C0C00080C0E00080E0000080E0200080E0400080E0600080E0800080E0A00080E0C00080E0E000C0000000C0002000C0004000C0006000C0008000C000A000C000C000C000E000C0200000C0202000C0204000C0206000C0208000C020A000C020C000C020E000C0400000C0402000C0404000C0406000C0
310
408000C040A000C040C000C040E000C0600000C0602000C0604000C0606000C0608000C060A000C060C000C060E000C0800000C0802000C0804000C0806000C0808000C080A000C080C000C080E000C0A00000C0A02000C0A04000C0A06000C0A08000C0A0A000C0A0C000C0A0E000C0C00000C0C02000C0C04000C0C06000
310
C0C08000C0C0A000F0FBFF00A4A0A000808080000000FF0000FF000000FFFF00FF000000FF00FF00FFFF0000FFFFFF0049494949494949494949494949494949494949494949494949494949494949494949494949494949494949494949494949494949494949494949494949494949494949494949494949494949494949
310
49494949494949494949494949494949494949494949494949494949494949494949494949494949494949494949494949494949494949494949494949494949494949494949494949494949494949494949494949494949494949494949494949494949494949494949494949494949494949494949494949494949494949
310
494949494949494949494949494949494949494949494949494949494949494949494949494949494949494949494949494949FFFFFFFFFFFFFFFFFFFFFFFFFFFFFFFFFFFFFFFFFFFFFFFFFFFFFFFFFFFF4949FF49494949494949494949494949494949494949494949494949494949FF4949FF4949494949494949494949
310
4949494949494949494949494949494949FF4949FF49494949494949494949494949494949494949494949494949494949FF4949FF49494949494949494949494949494949494949494949494949494949FF4949FF49494949494949494949494949494949494949494949494949494949FF4949FF49494949494949494949
310
494949494949494949494949494949494949FF4949FF49494949494949494949494949494949494949494949494949494949FF4949FF49494949494949494949494949494949494949494949494949494949FF4949FF49494949494949494949494949494949494949494949494949494949FF4949FF494949494949494949
310
49494949494949494949494949494949494949FF4949FF49494949494949494949494949494949494949494949494949494949FF4949FF49494949494949494949494949494949494949494949494949494949FF4949FF49494949494949494949494949494949494949494949494949494949FF4949FF4949494949494949
310
4949494949494949494949494949494949494949FF4949FFFFFFFFFFFFFFFFFFFFFFFFFFFFFFFFFFFFFFFFFFFFFFFFFFFFFFFFFFFF4949494949494949494949494949494949494949494949494949494949494949494949494949494949494949494949494949494949494949494949494949494949494949494949494949
310
49494949494949494949494949494949494949494949494949494949494949494949494949494949494949494949494949494949494949494949494949494949494949494949494949494949494949494949494949494949494949494949494949494949494949494949494949494949494949494949494949494949494949
310
4949494949494949494949494949494949494949494949494949494949494949494949494949494949494949494949494949494949494949
102
{BLKREFS
331
5BB
331
5E2
331
5E3
331
5E4
102
}
 70
     4
280
     1
281
     0
  0
BLOCK_RECORD
  5
5F8
330
1
100
AcDbSymbolTableRecord
100
AcDbBlockTableRecord
  2
000 - EQUIPAMIENTO - BACHA
340
0
310
28000000200000002000000001002000000000000010000001000000010000000000000000000000302821FF302821FF302821FF302821FF302821FF302821FF302821FF302821FF302821FF302821FF302821FF302821FF302821FF302821FF302821FF302821FF302821FF302821FF302821FF302821FF302821FF302821
310
FF302821FF302821FF302821FF302821FF302821FF302821FF302821FF302821FF302821FF302821FF302821FF302821FF302821FF302821FF302821FF302821FF666666FF666666FF666666FF666666FF666666FF666666FF666666FF666666FF666666FF666666FF666666FF666666FF666666FF666666FF666666FF6666
310
66FF666666FF666666FF302821FF302821FF302821FF302821FF302821FF302821FF302821FF302821FF302821FF302821FF302821FF302821FF302821FF666666FF666666FF302821FF302821FF302821FF302821FF302821FF302821FF302821FF302821FF302821FF302821FF302821FF302821FF302821FF302821FF30
310
2821FF302821FF302821FF666666FF666666FF666666FF302821FF302821FF302821FF302821FF302821FF302821FF302821FF302821FF302821FF666666FF302821FF302821FF302821FF302821FF302821FF302821FF302821FF302821FF302821FF302821FF302821FF302821FF302821FF302821FF302821FF302821FF
310
302821FF302821FF302821FF302821FF302821FF666666FF666666FF302821FF302821FF302821FF302821FF302821FF302821FF302821FF302821FF666666FF302821FF302821FF302821FF302821FF302821FF302821FF302821FF302821FF302821FF302821FF302821FF302821FF302821FF302821FF302821FF302821
310
FF302821FF302821FF302821FF302821FF302821FF302821FF666666FF302821FF302821FF302821FF302821FF302821FF302821FF302821FF302821FF666666FF302821FF302821FF302821FF302821FF302821FF302821FF302821FF302821FF302821FF302821FF302821FF302821FF302821FF302821FF302821FF3028
310
21FF302821FF302821FF302821FF302821FF302821FF302821FF666666FF302821FF302821FF302821FF302821FF302821FF302821FF302821FF302821FF666666FF302821FF302821FF302821FF302821FF302821FF302821FF302821FF302821FF302821FF302821FF302821FF302821FF302821FF302821FF302821FF30
310
2821FF302821FF302821FF302821FF302821FF302821FF302821FF666666FF302821FF302821FF302821FF302821FF302821FF302821FF302821FF302821FF666666FF302821FF302821FF302821FF302821FF302821FF302821FF302821FF302821FF302821FF302821FF302821FF302821FF302821FF302821FF302821FF
310
302821FF302821FF302821FF302821FF302821FF302821FF302821FF666666FF302821FF302821FF302821FF302821FF302821FF302821FF302821FF302821FF666666FF302821FF302821FF302821FF302821FF302821FF302821FF302821FF302821FF302821FF302821FF302821FF302821FF302821FF302821FF302821
310
FF302821FF302821FF302821FF302821FF302821FF302821FF302821FF666666FF302821FF302821FF302821FF302821FF302821FF302821FF302821FF302821FF666666FF302821FF302821FF302821FF302821FF302821FF302821FF302821FF302821FF302821FF302821FF302821FF302821FF302821FF302821FF3028
310
21FF302821FF302821FF302821FF302821FF302821FF302821FF302821FF666666FF302821FF302821FF302821FF302821FF302821FF302821FF302821FF302821FF666666FF302821FF302821FF302821FF302821FF302821FF302821FF302821FF302821FF302821FF302821FF302821FF302821FF302821FF302821FF30
310
2821FF302821FF302821FF302821FF302821FF302821FF302821FF302821FF666666FF302821FF302821FF302821FF302821FF302821FF302821FF302821FF302821FF666666FF302821FF302821FF302821FF302821FF302821FF302821FF302821FF302821FF302821FF302821FF302821FF302821FF302821FF302821FF
310
302821FF302821FF302821FF302821FF302821FF302821FF302821FF302821FF666666FF302821FF302821FF302821FF302821FF302821FF302821FF302821FF302821FF666666FF302821FF302821FF302821FF302821FF302821FF302821FF302821FF302821FF302821FF302821FF302821FF302821FF302821FF302821
310
FF302821FF302821FF302821FF302821FF302821FF302821FF302821FF302821FF666666FF302821FF302821FF302821FF302821FF302821FF302821FF302821FF302821FF666666FF302821FF302821FF302821FF302821FF302821FF302821FF302821FF302821FF302821FF666666FF666666FF666666FF666666FF3028
310
21FF302821FF302821FF302821FF302821FF302821FF302821FF302821FF302821FF666666FF302821FF302821FF302821FF302821FF302821FF302821FF302821FF302821FF666666FF302821FF302821FF302821FF302821FF302821FF302821FF302821FF302821FF666666FF666666FF666666FF666666FF666666FF66
310
6666FF302821FF302821FF302821FF302821FF302821FF302821FF302821FF302821FF666666FF302821FF302821FF302821FF302821FF302821FF302821FF302821FF302821FF666666FF302821FF302821FF302821FF302821FF302821FF302821FF302821FF302821FF666666FF666666FF302821FF302821FF666666FF
310
666666FF302821FF302821FF302821FF302821FF302821FF302821FF302821FF302821FF666666FF302821FF302821FF302821FF302821FF302821FF302821FF302821FF302821FF666666FF302821FF302821FF302821FF302821FF302821FF302821FF302821FF302821FF666666FF666666FF666666FF666666FF666666
310
FF666666FF302821FF302821FF302821FF302821FF302821FF302821FF302821FF302821FF666666FF302821FF302821FF302821FF302821FF302821FF302821FF302821FF302821FF666666FF302821FF302821FF302821FF302821FF302821FF302821FF302821FF302821FF666666FF666666FF302821FF302821FF6666
310
66FF666666FF302821FF302821FF302821FF302821FF302821FF302821FF302821FF302821FF666666FF302821FF302821FF302821FF302821FF302821FF302821FF302821FF302821FF666666FF302821FF302821FF302821FF302821FF302821FF302821FF302821FF302821FF302821FF302821FF666666FF666666FF66
310
6666FF302821FF302821FF302821FF302821FF302821FF302821FF302821FF302821FF302821FF666666FF302821FF302821FF302821FF302821FF302821FF302821FF302821FF302821FF666666FF302821FF302821FF302821FF302821FF302821FF302821FF302821FF302821FF302821FF302821FF302821FF302821FF
310
302821FF302821FF302821FF302821FF302821FF302821FF302821FF302821FF302821FF302821FF666666FF302821FF302821FF302821FF302821FF302821FF302821FF302821FF302821FF666666FF302821FF302821FF302821FF302821FF302821FF302821FF302821FF302821FF302821FF302821FF302821FF302821
310
FF302821FF302821FF302821FF302821FF302821FF302821FF302821FF302821FF302821FF302821FF666666FF302821FF302821FF302821FF302821FF302821FF302821FF302821FF302821FF666666FF302821FF302821FF302821FF302821FF302821FF302821FF302821FF302821FF302821FF302821FF302821FF3028
310
21FF302821FF302821FF302821FF302821FF302821FF302821FF302821FF302821FF302821FF302821FF666666FF302821FF302821FF302821FF302821FF302821FF302821FF302821FF302821FF666666FF302821FF302821FF302821FF302821FF302821FF302821FF302821FF302821FF302821FF302821FF302821FF30
310
2821FF302821FF302821FF302821FF302821FF302821FF302821FF302821FF302821FF302821FF302821FF666666FF302821FF302821FF302821FF302821FF302821FF302821FF302821FF302821FF666666FF302821FF302821FF302821FF302821FF302821FF302821FF302821FF302821FF302821FF302821FF302821FF
310
302821FF302821FF302821FF302821FF302821FF302821FF302821FF302821FF302821FF302821FF302821FF666666FF302821FF302821FF302821FF302821FF302821FF302821FF302821FF302821FF666666FF302821FF302821FF302821FF302821FF302821FF302821FF302821FF302821FF302821FF302821FF302821
310
FF302821FF302821FF302821FF302821FF302821FF302821FF302821FF302821FF302821FF302821FF302821FF666666FF302821FF302821FF302821FF302821FF302821FF302821FF302821FF302821FF666666FF302821FF302821FF302821FF302821FF302821FF302821FF302821FF302821FF302821FF302821FF3028
310
21FF302821FF302821FF302821FF302821FF302821FF302821FF302821FF302821FF302821FF302821FF302821FF666666FF302821FF302821FF302821FF302821FF302821FF302821FF302821FF302821FF666666FF302821FF302821FF302821FF302821FF302821FF302821FF302821FF302821FF302821FF302821FF30
310
2821FF302821FF302821FF302821FF302821FF302821FF302821FF302821FF302821FF302821FF302821FF302821FF666666FF302821FF302821FF302821FF302821FF302821FF302821FF302821FF302821FF666666FF302821FF302821FF302821FF302821FF302821FF302821FF302821FF302821FF302821FF302821FF
310
302821FF302821FF302821FF302821FF302821FF302821FF302821FF302821FF302821FF302821FF302821FF302821FF666666FF302821FF302821FF302821FF302821FF302821FF302821FF302821FF302821FF666666FF302821FF302821FF302821FF302821FF302821FF302821FF302821FF302821FF302821FF302821
310
FF302821FF302821FF302821FF302821FF302821FF302821FF302821FF302821FF302821FF302821FF302821FF666666FF666666FF302821FF302821FF302821FF302821FF302821FF302821FF302821FF302821FF302821FF666666FF666666FF302821FF302821FF302821FF302821FF302821FF302821FF302821FF3028
310
21FF302821FF302821FF302821FF302821FF302821FF302821FF302821FF302821FF302821FF666666FF666666FF666666FF302821FF302821FF302821FF302821FF302821FF302821FF302821FF302821FF302821FF302821FF302821FF666666FF666666FF666666FF666666FF666666FF666666FF666666FF666666FF66
310
6666FF666666FF666666FF666666FF666666FF666666FF666666FF666666FF666666FF666666FF302821FF302821FF302821FF302821FF302821FF302821FF302821FF302821FF302821FF302821FF302821FF302821FF302821FF302821FF302821FF302821FF302821FF302821FF302821FF302821FF302821FF302821FF
310
302821FF302821FF302821FF302821FF302821FF302821FF302821FF302821FF302821FF302821FF302821FF302821FF302821FF302821FF302821FF302821FF302821FF302821FF
102
{BLKREFS
331
5F7
102
}
 70
     4
280
     1
281
     0
  0
BLOCK_RECORD
  5
606
330
1
100
AcDbSymbolTableRecord
100
AcDbBlockTableRecord
  2
000 - EQUIPAMIENTO - HELADERA 060 x 060
340
0
310
28000000200000002000000001002000000000000010000001000000010000000000000000000000302821FF302821FF302821FF302821FF302821FF302821FF302821FF302821FF302821FF302821FF302821FF302821FF302821FF302821FF302821FF302821FF302821FF302821FF302821FF302821FF302821FF302821
310
FF302821FF302821FF302821FF302821FF302821FF302821FF302821FF302821FF302821FF302821FF302821FF302821FF302821FF302821FF302821FF302821FF302821FF302821FF302821FF302821FF302821FF302821FF302821FF302821FF302821FF302821FF302821FF302821FF302821FF302821FF302821FF3028
310
21FF302821FF302821FF302821FF302821FF302821FF302821FF302821FF302821FF302821FF302821FF302821FF302821FF302821FF302821FF302821FF302821FF302821FF302821FF302821FF302821FF302821FF302821FF302821FF302821FF302821FF302821FF302821FF302821FF302821FF302821FF302821FF30
310
2821FF302821FF302821FF302821FF302821FF302821FF302821FF302821FF302821FF302821FF302821FF302821FF5291A5FF5291A5FF5291A5FF5291A5FF5291A5FF5291A5FF5291A5FF5291A5FF5291A5FF5291A5FF5291A5FF5291A5FF5291A5FF5291A5FF5291A5FF5291A5FF5291A5FF5291A5FF5291A5FF5291A5FF
310
5291A5FF5291A5FF5291A5FF5291A5FF5291A5FF5291A5FF5291A5FF5291A5FF302821FF302821FF302821FF302821FF5291A5FF5291A5FF5291A5FF5291A5FF302821FF302821FF302821FF302821FF302821FF302821FF302821FF302821FF302821FF302821FF302821FF302821FF302821FF302821FF302821FF302821
310
FF302821FF302821FF302821FF302821FF302821FF302821FF302821FF5291A5FF302821FF302821FF302821FF302821FF5291A5FF5291A5FF5291A5FF5291A5FF302821FF302821FF302821FF302821FF302821FF302821FF302821FF302821FF302821FF302821FF302821FF302821FF302821FF302821FF302821FF3028
310
21FF302821FF302821FF302821FF302821FF302821FF302821FF302821FF5291A5FF302821FF302821FF302821FF302821FF302821FF5291A5FF5291A5FF5291A5FF302821FF302821FF302821FF302821FF302821FF302821FF302821FF302821FF302821FF302821FF302821FF302821FF302821FF302821FF302821FF30
310
2821FF302821FF302821FF302821FF302821FF302821FF302821FF302821FF5291A5FF5291A5FF5291A5FF302821FF302821FF302821FF5291A5FF5291A5FF5291A5FF302821FF302821FF302821FF302821FF302821FF302821FF302821FF302821FF302821FF302821FF302821FF302821FF302821FF302821FF302821FF
310
302821FF302821FF302821FF302821FF302821FF302821FF302821FF302821FF5291A5FF5291A5FF5291A5FF302821FF302821FF302821FF5291A5FF5291A5FF5291A5FF302821FF302821FF302821FF302821FF302821FF302821FF302821FF302821FF302821FF302821FF302821FF302821FF302821FF302821FF302821
310
FF302821FF302821FF302821FF302821FF302821FF302821FF302821FF302821FF5291A5FF5291A5FF5291A5FF302821FF302821FF302821FF5291A5FF5291A5FF5291A5FF302821FF302821FF302821FF302821FF302821FF302821FF302821FF302821FF302821FF302821FF302821FF302821FF302821FF302821FF3028
310
21FF302821FF302821FF302821FF302821FF302821FF302821FF302821FF302821FF5291A5FF5291A5FF5291A5FF302821FF302821FF302821FF5291A5FF5291A5FF5291A5FF302821FF302821FF302821FF302821FF302821FF302821FF302821FF302821FF302821FF302821FF302821FF302821FF302821FF302821FF30
310
2821FF302821FF302821FF302821FF302821FF302821FF302821FF302821FF302821FF5291A5FF5291A5FF5291A5FF302821FF302821FF302821FF5291A5FF5291A5FF5291A5FF302821FF302821FF302821FF302821FF302821FF302821FF302821FF302821FF302821FF302821FF302821FF302821FF302821FF302821FF
310
302821FF302821FF302821FF302821FF302821FF302821FF302821FF302821FF302821FF5291A5FF5291A5FF5291A5FF302821FF302821FF302821FF5291A5FF5291A5FF5291A5FF302821FF302821FF302821FF302821FF302821FF302821FF302821FF302821FF302821FF302821FF302821FF302821FF302821FF302821
310
FF302821FF302821FF302821FF302821FF302821FF302821FF302821FF302821FF302821FF5291A5FF5291A5FF5291A5FF302821FF302821FF302821FF5291A5FF5291A5FF5291A5FF302821FF302821FF302821FF302821FF302821FF302821FF302821FF302821FF302821FF302821FF302821FF302821FF302821FF3028
310
21FF302821FF302821FF302821FF302821FF302821FF302821FF302821FF302821FF302821FF5291A5FF5291A5FF5291A5FF302821FF302821FF302821FF5291A5FF5291A5FF5291A5FF302821FF302821FF302821FF302821FF302821FF302821FF302821FF302821FF302821FF302821FF302821FF302821FF302821FF30
310
2821FF302821FF302821FF302821FF302821FF302821FF302821FF302821FF302821FF302821FF5291A5FF5291A5FF5291A5FF302821FF302821FF302821FF5291A5FF5291A5FF5291A5FF302821FF302821FF302821FF302821FF302821FF302821FF302821FF302821FF302821FF302821FF302821FF302821FF302821FF
310
302821FF302821FF302821FF302821FF302821FF302821FF302821FF302821FF302821FF302821FF5291A5FF5291A5FF5291A5FF302821FF302821FF302821FF5291A5FF5291A5FF5291A5FF302821FF302821FF302821FF302821FF302821FF302821FF302821FF302821FF302821FF302821FF302821FF302821FF302821
310
FF302821FF302821FF302821FF302821FF302821FF302821FF302821FF302821FF302821FF302821FF5291A5FF5291A5FF5291A5FF302821FF302821FF302821FF5291A5FF5291A5FF5291A5FF302821FF302821FF302821FF302821FF302821FF302821FF302821FF302821FF302821FF302821FF302821FF302821FF3028
310
21FF302821FF302821FF302821FF302821FF302821FF302821FF302821FF302821FF302821FF302821FF5291A5FF5291A5FF5291A5FF302821FF302821FF302821FF5291A5FF5291A5FF5291A5FF302821FF302821FF302821FF302821FF302821FF302821FF302821FF302821FF302821FF302821FF302821FF302821FF30
310
2821FF302821FF302821FF302821FF302821FF302821FF302821FF302821FF302821FF302821FF302821FF5291A5FF5291A5FF5291A5FF302821FF302821FF302821FF5291A5FF5291A5FF5291A5FF302821FF302821FF302821FF302821FF302821FF302821FF302821FF302821FF302821FF302821FF302821FF302821FF
310
302821FF302821FF302821FF302821FF302821FF302821FF302821FF302821FF302821FF302821FF302821FF5291A5FF5291A5FF5291A5FF302821FF302821FF302821FF5291A5FF5291A5FF5291A5FF302821FF302821FF302821FF302821FF302821FF302821FF302821FF302821FF302821FF302821FF302821FF302821
310
FF302821FF302821FF302821FF302821FF302821FF302821FF302821FF302821FF302821FF302821FF302821FF5291A5FF5291A5FF5291A5FF302821FF302821FF302821FF5291A5FF5291A5FF5291A5FF302821FF302821FF302821FF302821FF302821FF302821FF302821FF302821FF302821FF302821FF302821FF3028
310
21FF302821FF302821FF302821FF302821FF302821FF302821FF302821FF302821FF302821FF302821FF302821FF5291A5FF5291A5FF5291A5FF302821FF302821FF302821FF5291A5FF5291A5FF5291A5FF302821FF302821FF302821FF302821FF302821FF302821FF302821FF302821FF302821FF302821FF302821FF30
310
2821FF302821FF302821FF302821FF302821FF302821FF302821FF302821FF302821FF302821FF302821FF302821FF5291A5FF5291A5FF5291A5FF302821FF302821FF302821FF5291A5FF5291A5FF5291A5FF302821FF302821FF302821FF302821FF302821FF302821FF302821FF302821FF302821FF302821FF302821FF
310
302821FF302821FF302821FF302821FF302821FF302821FF302821FF302821FF302821FF302821FF302821FF302821FF5291A5FF5291A5FF5291A5FF302821FF302821FF302821FF5291A5FF5291A5FF5291A5FF302821FF302821FF302821FF302821FF302821FF302821FF302821FF302821FF302821FF302821FF302821
310
FF302821FF302821FF302821FF302821FF302821FF302821FF302821FF302821FF302821FF302821FF302821FF302821FF5291A5FF5291A5FF5291A5FF302821FF302821FF302821FF5291A5FF5291A5FF5291A5FF302821FF302821FF302821FF302821FF302821FF302821FF302821FF302821FF302821FF302821FF3028
310
21FF302821FF302821FF302821FF302821FF302821FF302821FF302821FF302821FF302821FF302821FF302821FF302821FF5291A5FF5291A5FF5291A5FF302821FF302821FF302821FF5291A5FF5291A5FF5291A5FF302821FF302821FF302821FF302821FF302821FF302821FF302821FF302821FF302821FF302821FF30
310
2821FF302821FF302821FF302821FF302821FF302821FF302821FF302821FF302821FF302821FF302821FF302821FF302821FF5291A5FF302821FF302821FF302821FF302821FF302821FF5291A5FF5291A5FF5291A5FF302821FF302821FF302821FF302821FF302821FF302821FF302821FF302821FF302821FF302821FF
310
302821FF302821FF302821FF302821FF302821FF302821FF302821FF302821FF302821FF302821FF302821FF302821FF302821FF5291A5FF302821FF302821FF302821FF302821FF302821FF5291A5FF5291A5FF5291A5FF5291A5FF5291A5FF5291A5FF5291A5FF5291A5FF5291A5FF5291A5FF5291A5FF5291A5FF5291A5
310
FF5291A5FF5291A5FF5291A5FF5291A5FF5291A5FF5291A5FF5291A5FF5291A5FF5291A5FF5291A5FF5291A5FF5291A5FF5291A5FF5291A5FF302821FF302821FF302821FF302821FF302821FF302821FF302821FF302821FF302821FF302821FF302821FF302821FF302821FF302821FF302821FF302821FF302821FF3028
310
21FF302821FF302821FF302821FF302821FF302821FF302821FF302821FF302821FF302821FF302821FF302821FF302821FF302821FF302821FF302821FF302821FF302821FF302821FF302821FF302821FF302821FF302821FF302821FF302821FF302821FF302821FF302821FF302821FF302821FF302821FF302821FF30
310
2821FF302821FF302821FF302821FF302821FF302821FF302821FF302821FF302821FF302821FF302821FF302821FF302821FF302821FF302821FF302821FF302821FF302821FF302821FF302821FF302821FF302821FF302821FF302821FF302821FF302821FF302821FF302821FF302821FF302821FF302821FF302821FF
310
302821FF302821FF302821FF302821FF302821FF302821FF302821FF302821FF302821FF302821FF302821FF302821FF302821FF302821FF302821FF302821FF302821FF302821FF
102
{BLKREFS
331
605
102
}
 70
     4
280
     1
281
     0
1001
AcDbDynamicBlockGUID
1000
{009D92EA-6094-A74A-9C6B-C0769DAC47CA}
  0
BLOCK_RECORD
  5
61B
102
{ACAD_XDICTIONARY
360
61C
102
}
330
1
100
AcDbSymbolTableRecord
100
AcDbBlockTableRecord
  2
A$C741D6D8E
340
0
102
{BLKREFS
331
61A
102
}
 70
     4
280
     1
281
     0
1001
AcDbDynamicBlockGUID
1000
{4CDEBD3A-16C5-42DE-B76C-505FF1E86800}
  0
BLOCK_RECORD
  5
647
330
1
100
AcDbSymbolTableRecord
100
AcDbBlockTableRecord
  2
Niv-p
340
0
102
{BLKREFS
331
0
331
0
331
0
331
0
102
}
 70
     0
280
     1
281
     0
  0
BLOCK_RECORD
  5
66F
330
1
100
AcDbSymbolTableRecord
100
AcDbBlockTableRecord
  2
*D25
340
0
 70
     0
280
     1
281
     0
  0
BLOCK_RECORD
  5
68C
330
1
100
AcDbSymbolTableRecord
100
AcDbBlockTableRecord
  2
*D26
340
0
 70
     0
280
     1
281
     0
  0
BLOCK_RECORD
  5
69B
330
1
100
AcDbSymbolTableRecord
100
AcDbBlockTableRecord
  2
*D27
340
0
 70
     0
280
     1
281
     0
  0
BLOCK_RECORD
  5
6AA
330
1
100
AcDbSymbolTableRecord
100
AcDbBlockTableRecord
  2
*D28
340
0
 70
     0
280
     1
281
     0
  0
BLOCK_RECORD
  5
6B9
330
1
100
AcDbSymbolTableRecord
100
AcDbBlockTableRecord
  2
*D29
340
0
 70
     0
280
     1
281
     0
  0
BLOCK_RECORD
  5
6C8
330
1
100
AcDbSymbolTableRecord
100
AcDbBlockTableRecord
  2
*D30
340
0
 70
     0
280
     1
281
     0
  0
BLOCK_RECORD
  5
6D7
330
1
100
AcDbSymbolTableRecord
100
AcDbBlockTableRecord
  2
*D31
340
0
 70
     0
280
     1
281
     0
  0
BLOCK_RECORD
  5
6E6
330
1
100
AcDbSymbolTableRecord
100
AcDbBlockTableRecord
  2
*D32
340
0
 70
     0
280
     1
281
     0
  0
BLOCK_RECORD
  5
6F5
330
1
100
AcDbSymbolTableRecord
100
AcDbBlockTableRecord
  2
*D33
340
0
 70
     0
280
     1
281
     0
  0
BLOCK_RECORD
  5
704
330
1
100
AcDbSymbolTableRecord
100
AcDbBlockTableRecord
  2
*D34
340
0
 70
     0
280
     1
281
     0
  0
BLOCK_RECORD
  5
713
330
1
100
AcDbSymbolTableRecord
100
AcDbBlockTableRecord
  2
*D35
340
0
 70
     0
280
     1
281
     0
  0
BLOCK_RECORD
  5
722
330
1
100
AcDbSymbolTableRecord
100
AcDbBlockTableRecord
  2
*D36
340
0
 70
     0
280
     1
281
     0
  0
BLOCK_RECORD
  5
731
330
1
100
AcDbSymbolTableRecord
100
AcDbBlockTableRecord
  2
*D37
340
0
 70
     0
280
     1
281
     0
  0
BLOCK_RECORD
  5
74C
330
1
100
AcDbSymbolTableRecord
100
AcDbBlockTableRecord
  2
*D38
340
0
 70
     0
280
     1
281
     0
  0
BLOCK_RECORD
  5
76A
102
{ACAD_XDICTIONARY
360
76B
102
}
330
1
100
AcDbSymbolTableRecord
100
AcDbBlockTableRecord
  2
mesa comedor. 4
340
0
310
2800000020000000200000000100080000000000000400000000000000000000000000000000000000000000000080000080000000808000800000008000800080800000C0C0C000C0DCC000F0CAA6000020400000206000002080000020A0000020C0000020E00000400000004020000040400000406000004080000040A0
310
000040C0000040E00000600000006020000060400000606000006080000060A0000060C0000060E00000800000008020000080400000806000008080000080A0000080C0000080E00000A0000000A0200000A0400000A0600000A0800000A0A00000A0C00000A0E00000C0000000C0200000C0400000C0600000C0800000C0
310
A00000C0C00000C0E00000E0000000E0200000E0400000E0600000E0800000E0A00000E0C00000E0E00040000000400020004000400040006000400080004000A0004000C0004000E00040200000402020004020400040206000402080004020A0004020C0004020E000404000004040200040404000404060004040800040
310
40A0004040C0004040E00040600000406020004060400040606000406080004060A0004060C0004060E00040800000408020004080400040806000408080004080A0004080C0004080E00040A0000040A0200040A0400040A0600040A0800040A0A00040A0C00040A0E00040C0000040C0200040C0400040C0600040C08000
310
40C0A00040C0C00040C0E00040E0000040E0200040E0400040E0600040E0800040E0A00040E0C00040E0E00080000000800020008000400080006000800080008000A0008000C0008000E00080200000802020008020400080206000802080008020A0008020C0008020E00080400000804020008040400080406000804080
310
008040A0008040C0008040E00080600000806020008060400080606000806080008060A0008060C0008060E00080800000808020008080400080806000808080008080A0008080C0008080E00080A0000080A0200080A0400080A0600080A0800080A0A00080A0C00080A0E00080C0000080C0200080C0400080C0600080C0
310
800080C0A00080C0C00080C0E00080E0000080E0200080E0400080E0600080E0800080E0A00080E0C00080E0E000C0000000C0002000C0004000C0006000C0008000C000A000C000C000C000E000C0200000C0202000C0204000C0206000C0208000C020A000C020C000C020E000C0400000C0402000C0404000C0406000C0
310
408000C040A000C040C000C040E000C0600000C0602000C0604000C0606000C0608000C060A000C060C000C060E000C0800000C0802000C0804000C0806000C0808000C080A000C080C000C080E000C0A00000C0A02000C0A04000C0A06000C0A08000C0A0A000C0A0C000C0A0E000C0C00000C0C02000C0C04000C0C06000
310
C0C08000C0C0A000F0FBFF00A4A0A000808080000000FF0000FF000000FFFF00FF000000FF00FF00FFFF0000FFFFFF004949494949494949494949494949494949494949494949494949494949494949494949494949494949A4A4A4A4A449494949A4A4A4A4A44949494949494949494949494949494949A4A4A4A4A4A4A4
310
4949A4A4A4A4A4A4A449494949494949494949494949494949A44949494949A44949A44949494949A449494949494949494949494949494949A44949494949A44949A44949494949A449494949494949494949494949494949A44949494949A44949A44949494949A449494949494949494949494949494949A44949494949
310
A44949A44949494949A449494949494949494949494949494949A44949494949A44949A44949494949A449494949494949494949494949494949A44949494949A44949A44949494949A44949494949494949494949494949A4A4A4A4A4A4A4A4A4A4A4A4A4A4A4A4A4A4A4A4494949494949494949494949A4494949494949
310
494949494949494949494949A4494949494949494949494949A4494949494949494949494949494949494949A4494949494949494949494949A4494949494949494949494949494949494949A4494949494949494949494949A4494949494949494949494949494949494949A4494949494949494949494949A44949494949
310
49494949494949494949494949A4494949494949494949494949A4494949494949494949494949494949494949A4494949494949494949494949A4494949494949494949494949494949494949A4494949494949494949494949A4494949494949494949494949494949494949A4494949494949494949494949A449494949
310
4949494949494949494949494949A4494949494949494949494949A4494949494949494949494949494949494949A4494949494949494949494949A4494949494949494949494949494949494949A4494949494949494949494949A4494949494949494949494949494949494949A4494949494949494949494949A4A4A4A4
310
A4A4A4A4A4A4A4A4A4A4A4A4A4A4A4A44949494949494949494949494949A44949494949A44949A44949494949A449494949494949494949494949494949A44949494949A44949A44949494949A449494949494949494949494949494949A44949494949A44949A44949494949A449494949494949494949494949494949A4
310
4949494949A44949A44949494949A449494949494949494949494949494949A44949494949A44949A44949494949A449494949494949494949494949494949A44949494949A44949A44949494949A449494949494949494949494949494949A4A4A4A4A4A4A44949A4A4A4A4A4A4A449494949494949494949494949494949
310
49A4A4A4A4A449494949A4A4A4A4A44949494949494949494949494949494949494949494949494949494949494949494949494949494949
102
{BLKREFS
331
769
331
774
102
}
 70
     6
280
     1
281
     0
  0
BLOCK_RECORD
  5
77B
330
1
100
AcDbSymbolTableRecord
100
AcDbBlockTableRecord
  2
*D40
340
0
 70
     0
280
     1
281
     0
  0
BLOCK_RECORD
  5
78A
330
1
100
AcDbSymbolTableRecord
100
AcDbBlockTableRecord
  2
*D41
340
0
 70
     0
280
     1
281
     0
  0
BLOCK_RECORD
  5
799
330
1
100
AcDbSymbolTableRecord
100
AcDbBlockTableRecord
  2
*D42
340
0
 70
     0
280
     1
281
     0
  0
BLOCK_RECORD
  5
809
102
{ACAD_XDICTIONARY
360
80A
102
}
330
1
100
AcDbSymbolTableRecord
100
AcDbBlockTableRecord
  2
*U43
340
0
102
{BLKREFS
331
0
102
}
 70
     0
280
     0
281
     0
1001
AcDbBlockRepBTag
1070
     1
1005
7C9
  0
BLOCK_RECORD
  5
7C9
102
{ACAD_XDICTIONARY
360
7CA
102
}
330
1
100
AcDbSymbolTableRecord
100
AcDbBlockTableRecord
  2
BANDEJAS
340
0
310
2800000020000000200000000100080000000000000400000000000000000000000000000000000000000000000080000080000000808000800000008000800080800000C0C0C000C0DCC000F0CAA6000020400000206000002080000020A0000020C0000020E00000400000004020000040400000406000004080000040A0
310
000040C0000040E00000600000006020000060400000606000006080000060A0000060C0000060E00000800000008020000080400000806000008080000080A0000080C0000080E00000A0000000A0200000A0400000A0600000A0800000A0A00000A0C00000A0E00000C0000000C0200000C0400000C0600000C0800000C0
310
A00000C0C00000C0E00000E0000000E0200000E0400000E0600000E0800000E0A00000E0C00000E0E00040000000400020004000400040006000400080004000A0004000C0004000E00040200000402020004020400040206000402080004020A0004020C0004020E000404000004040200040404000404060004040800040
310
40A0004040C0004040E00040600000406020004060400040606000406080004060A0004060C0004060E00040800000408020004080400040806000408080004080A0004080C0004080E00040A0000040A0200040A0400040A0600040A0800040A0A00040A0C00040A0E00040C0000040C0200040C0400040C0600040C08000
310
40C0A00040C0C00040C0E00040E0000040E0200040E0400040E0600040E0800040E0A00040E0C00040E0E00080000000800020008000400080006000800080008000A0008000C0008000E00080200000802020008020400080206000802080008020A0008020C0008020E00080400000804020008040400080406000804080
310
008040A0008040C0008040E00080600000806020008060400080606000806080008060A0008060C0008060E00080800000808020008080400080806000808080008080A0008080C0008080E00080A0000080A0200080A0400080A0600080A0800080A0A00080A0C00080A0E00080C0000080C0200080C0400080C0600080C0
310
800080C0A00080C0C00080C0E00080E0000080E0200080E0400080E0600080E0800080E0A00080E0C00080E0E000C0000000C0002000C0004000C0006000C0008000C000A000C000C000C000E000C0200000C0202000C0204000C0206000C0208000C020A000C020C000C020E000C0400000C0402000C0404000C0406000C0
310
408000C040A000C040C000C040E000C0600000C0602000C0604000C0606000C0608000C060A000C060C000C060E000C0800000C0802000C0804000C0806000C0808000C080A000C080C000C080E000C0A00000C0A02000C0A04000C0A06000C0A08000C0A0A000C0A0C000C0A0E000C0C00000C0C02000C0C04000C0C06000
310
C0C08000C0C0A000F0FBFF00A4A0A000808080000000FF0000FF000000FFFF00FF000000FF00FF00FFFF0000FFFFFF0000000000000000000000000000000000000000000000000000000000000000000000000000000000000000000000000000000000000000000000000000000000000000000000000000000000000000
310
00000000000000000000000000000000000000000000000000000000000000000000000000000000000000000000000000000000000000000000000000000000000000000000000000000000000000000000000000000000000000000000000000000000000000000000000000000000000000000000000000000000000000
310
00000000000000000000000000000000000000000000000000000000000000000000000000000000000000000000000000000000000000000000000000000000000000000000000000000000000000000000000000000000000000000000000000000000000000000000000000000000000000000000000000000000000000
310
0000000000000000000000000000000000000000000000000000000000000000000000000000000000000000000000000000000000000000000000000000000000000000000000000000000000000000000000000000000000000000000000000000000000000000000000000000000000000000FCFCFCFCFCFCFCFCFCFCFC
310
FCFCFCFCFCFCFCFCFCFCFCFCFCFCFCFCFCFCFC0000FC00FC00FCFC00FC00FC00FC00FCFC00FC00FC00FC00FCFC00FC00FC00FC0000FC00FC00FCFC00FC00FC00FC00FCFC00FC00FC00FC00FCFC00FC00FC00FC0000FCFCFCFCFCFCFCFCFCFCFCFCFCFCFCFCFCFCFCFCFCFCFCFCFCFCFCFCFCFC000000000000000000000000
310
00000000000000000000000000000000000000000000000000000000000000000000000000000000000000000000000000000000000000000000000000000000000000000000000000000000000000000000000000000000000000000000000000000000000000000000000000000000000000000000000000000000000000
310
00000000000000000000000000000000000000000000000000000000000000000000000000000000000000000000000000000000000000000000000000000000000000000000000000000000000000000000000000000000000000000000000000000000000000000000000000000000000000000000000000000000000000
310
00000000000000000000000000000000000000000000000000000000000000000000000000000000000000000000000000000000000000000000000000000000000000000000000000000000000000000000000000000000000000000000000000000000000000000000000000000000000000000000000000000000000000
310
0000000000000000000000000000000000000000000000000000000000000000000000000000000000000000000000000000000000000000
 70
     4
280
     0
281
     0
1001
AcDbBlockRepETag
1070
     1
1071
       16
1001
AcDbDynamicBlockTrueName
1000
BANDEJAS
1001
AcDbDynamicBlockGUID
1000
{4ECD65A2-7BE3-7B42-A8BA-76038077575B}
  0
BLOCK_RECORD
  5
82D
102
{ACAD_XDICTIONARY
360
82E
102
}
330
1
100
AcDbSymbolTableRecord
100
AcDbBlockTableRecord
  2
*U45
340
0
102
{BLKREFS
331
0
331
0
102
}
 70
     0
280
     0
281
     0
1001
AcDbBlockRepBTag
1070
     1
1005
7C9
  0
BLOCK_RECORD
  5
866
102
{ACAD_XDICTIONARY
360
867
102
}
330
1
100
AcDbSymbolTableRecord
100
AcDbBlockTableRecord
  2
*U46
340
0
102
{BLKREFS
331
0
102
}
 70
     0
280
     0
281
     0
1001
AcDbBlockRepBTag
1070
     1
1005
7C9
  0
BLOCK_RECORD
  5
88A
102
{ACAD_XDICTIONARY
360
88B
102
}
330
1
100
AcDbSymbolTableRecord
100
AcDbBlockTableRecord
  2
*U47
340
0
102
{BLKREFS
331
875
102
}
 70
     0
280
     0
281
     0
1001
AcDbBlockRepBTag
1070
     1
1005
7C9
  0
BLOCK_RECORD
  5
8AB
330
1
100
AcDbSymbolTableRecord
100
AcDbBlockTableRecord
  2
*D48
340
0
 70
     0
280
     1
281
     0
  0
BLOCK_RECORD
  5
8B8
330
1
100
AcDbSymbolTableRecord
100
AcDbBlockTableRecord
  2
*D49
340
0
 70
     0
280
     1
281
     0
  0
BLOCK_RECORD
  5
921
102
{ACAD_XDICTIONARY
360
922
102
}
330
1
100
AcDbSymbolTableRecord
100
AcDbBlockTableRecord
  2
OCASA_TODAS_r08$0$HELADERA
340
0
310
2800000020000000200000000100080000000000000400000000000000000000000000000000000000000000000080000080000000808000800000008000800080800000C0C0C000C0DCC000F0CAA6000020400000206000002080000020A0000020C0000020E00000400000004020000040400000406000004080000040A0
310
000040C0000040E00000600000006020000060400000606000006080000060A0000060C0000060E00000800000008020000080400000806000008080000080A0000080C0000080E00000A0000000A0200000A0400000A0600000A0800000A0A00000A0C00000A0E00000C0000000C0200000C0400000C0600000C0800000C0
310
A00000C0C00000C0E00000E0000000E0200000E0400000E0600000E0800000E0A00000E0C00000E0E00040000000400020004000400040006000400080004000A0004000C0004000E00040200000402020004020400040206000402080004020A0004020C0004020E000404000004040200040404000404060004040800040
310
40A0004040C0004040E00040600000406020004060400040606000406080004060A0004060C0004060E00040800000408020004080400040806000408080004080A0004080C0004080E00040A0000040A0200040A0400040A0600040A0800040A0A00040A0C00040A0E00040C0000040C0200040C0400040C0600040C08000
310
40C0A00040C0C00040C0E00040E0000040E0200040E0400040E0600040E0800040E0A00040E0C00040E0E00080000000800020008000400080006000800080008000A0008000C0008000E00080200000802020008020400080206000802080008020A0008020C0008020E00080400000804020008040400080406000804080
310
008040A0008040C0008040E00080600000806020008060400080606000806080008060A0008060C0008060E00080800000808020008080400080806000808080008080A0008080C0008080E00080A0000080A0200080A0400080A0600080A0800080A0A00080A0C00080A0E00080C0000080C0200080C0400080C0600080C0
310
800080C0A00080C0C00080C0E00080E0000080E0200080E0400080E0600080E0800080E0A00080E0C00080E0E000C0000000C0002000C0004000C0006000C0008000C000A000C000C000C000E000C0200000C0202000C0204000C0206000C0208000C020A000C020C000C020E000C0400000C0402000C0404000C0406000C0
310
408000C040A000C040C000C040E000C0600000C0602000C0604000C0606000C0608000C060A000C060C000C060E000C0800000C0802000C0804000C0806000C0808000C080A000C080C000C080E000C0A00000C0A02000C0A04000C0A06000C0A08000C0A0A000C0A0C000C0A0E000C0C00000C0C02000C0C04000C0C06000
310
C0C08000C0C0A000F0FBFF00A4A0A000808080000000FF0000FF000000FFFF00FF000000FF00FF00FFFF0000FFFFFF00000000000000000000000000000000000000000000000000000000000000000000000000000000000000000000000000000000000000000000FFFFFF00000000000000000000000000000000000000
310
000000000000000000000000FF000000000000FFFFFFFFFFFFFFFFFFFFFFFFFFFFFFFFFFFFFFFFFFFFFFFFFFFFFFFF00000000FFFFFFFFFFFFFFFFFFFFFFFFFFFFFFFFFFFFFFFFFFFFFFFFFFFFFFFF00000000FFFFFFFFFFFFFFFFFFFFFFFFFFFFFFFFFFFFFFFFFFFFFFFFFFFFFFFF00000000FF0000000000000000000000
310
000000000000000000000000000000FF00000000FF0000000000000000000000000000000000000000000000000000FF00000000FF0000000000000000000000000000000000000000000000000000FF00000000FF0000000000000000000000000000000000000000000000000000FF00000000FF00000000000000000000
310
00000000000000000000000000000000FF00000000FF0000000000000000000000000000000000000000000000000000FF00000000FF0000000000000000000000000000000000000000000000000000FF00000000FF0000000000000000000000000000000000000000000000000000FF00000000FF000000000000000000
310
0000000000000000000000000000000000FF00000000FF0000000000000000000000000000000000000000000000000000FF00000000FF0000000000000000000000000000000000000000000000000000FF00000000FF0000000000000000000000000000000000000000000000000000FF00000000FF0000000000000000
310
000000000000000000000000000000000000FF00000000FF0000000000000000000000000000000000000000000000000000FF00000000FF0000000000000000000000000000000000000000000000000000FF00000000FF0000000000000000000000000000000000000000000000000000FF00000000FF00000000000000
310
00000000000000000000000000000000000000FF00000000FF0000000000000000000000000000000000000000000000000000FF00000000FF0000000000000000000000000000000000000000000000000000FF00000000FF0000000000000000000000000000000000000000000000000000FF00000000FF000000000000
310
0000000000000000000000000000000000000000FF00000000FFFFFFFFFFFFFFFFFFFFFFFFFFFFFFFFFFFFFFFFFFFFFFFFFFFFFFFF00000000FFFFFFFFFFFFFFFFFFFFFFFFFFFFFFFFFFFFFFFFFFFFFFFFFFFFFFFF00000000FFFFFFFFFFFFFFFFFFFFFFFFFFFFFFFFFFFFFFFFFFFFFFFFFFFFFFFF00000000FFFFFFFFFFFF
310
FFFFFFFFFFFFFFFFFFFFFFFFFFFFFFFFFFFFFFFFFFFF00000000000000000000000000000000000000000000000000000000000000000000
102
{BLKREFS
331
920
102
}
 70
     0
280
     1
281
     0
1001
AcDbDynamicBlockGUID
1000
{E5C72C4A-AB8E-40E7-9AF0-C1127DCE6333}
  0
ENDTAB
  0
ENDSEC
  0
SECTION
  2
BLOCKS
  0
BLOCK
  5
20
330
1F
100
AcDbEntity
  8
0
100
AcDbBlockBegin
  2
*Model_Space
 70
     0
 10
0.0
 20
0.0
 30
0.0
  3
*Model_Space
  1
*Model_Space
  0
ENDBLK
  5
21
330
1F
100
AcDbEntity
  8
0
100
AcDbBlockEnd
  0
BLOCK
  5
D8
330
D6
100
AcDbEntity
 67
     1
  8
0
100
AcDbBlockBegin
  2
*Paper_Space
 70
     0
 10
0.0
 20
0.0
 30
0.0
  3
*Paper_Space
  1
*Paper_Space
  0
ENDBLK
  5
D9
330
D6
100
AcDbEntity
 67
     1
  8
0
100
AcDbBlockEnd
  0
BLOCK
  5
21C
330
21A
100
AcDbEntity
  8
0
100
AcDbBlockBegin
  2
*Paper_Space0
 70
     0
 10
0.0
 20
0.0
 30
0.0
  3
*Paper_Space0
  1
*Paper_Space0
  0
VIEWPORT
  5
21E
330
21A
100
AcDbEntity
  8
0
 48
100.0
100
AcDbViewport
 10
0.0
 20
0.0
 30
0.0
 40
840.779612
 41
486.114466
 68
     1
 69
     1
 12
328.692132
 22
196.71883
 13
0.0
 23
0.0
 14
10.0
 24
10.0
 15
10.0
 25
10.0
 16
0.0
 26
0.0
 36
1.0
 17
0.0
 27
0.0
 37
0.0
 42
50.0
 43
0.0
 44
0.0
 45
486.114466
 50
0.0
 51
0.0
 72
   100
 90
   557168
  1

281
     0
 71
     1
 74
     0
110
0.0
120
0.0
130
0.0
111
1.0
121
0.0
131
0.0
112
0.0
122
1.0
132
0.0
 79
     0
146
0.0
170
     0
 61
     5
348
F5
292
     1
282
     1
141
0.0
142
0.0
 63
   256
  0
ENDBLK
  5
21D
330
21A
100
AcDbEntity
  8
0
100
AcDbBlockEnd
  0
BLOCK
  5
1ED
330
1EC
100
AcDbEntity
  8
0
100
AcDbBlockBegin
  2
_ARCHTICK
 70
     0
 10
0.0
 20
0.0
 30
0.0
  3
_ARCHTICK
  1
_ARCHTICK
  0
POLYLINE
  5
1EF
330
1EC
100
AcDbEntity
  8
0
  6
ByBlock
 62
     0
100
AcDb2dPolyline
 66
     1
 10
0.0
 20
0.0
 30
0.0
 40
0.15
 41
0.15
  0
VERTEX
  5
1F0
330
1EF
100
AcDbEntity
  8
0
  6
ByBlock
 62
     0
100
AcDbVertex
100
AcDb2dVertex
 10
-0.5
 20
-0.5
 30
0.0
  0
VERTEX
  5
1F1
330
1EF
100
AcDbEntity
  8
0
  6
ByBlock
 62
     0
100
AcDbVertex
100
AcDb2dVertex
 10
0.5
 20
0.5
 30
0.0
  0
SEQEND
  5
1F2
330
1EF
100
AcDbEntity
  8
0
  6
ByBlock
 62
     0
  0
ENDBLK
  5
1EE
330
1EC
100
AcDbEntity
  8
0
100
AcDbBlockEnd
  0
BLOCK
  5
1F5
330
1F4
100
AcDbEntity
  8
0
100
AcDbBlockBegin
  2
_OPEN30
 70
     0
 10
0.0
 20
0.0
 30
0.0
  3
_OPEN30
  1
_OPEN30
  0
LINE
  5
1F7
330
1F4
100
AcDbEntity
  8
0
  6
ByBlock
 62
     0
370
    -2
100
AcDbLine
 10
-1.0
 20
0.267949
 30
0.0
 11
0.0
 21
0.0
 31
0.0
  0
LINE
  5
1F8
330
1F4
100
AcDbEntity
  8
0
  6
ByBlock
 62
     0
370
    -2
100
AcDbLine
 10
0.0
 20
0.0
 30
0.0
 11
-1.0
 21
-0.267949
 31
0.0
  0
LINE
  5
1F9
330
1F4
100
AcDbEntity
  8
0
  6
ByBlock
 62
     0
370
    -2
100
AcDbLine
 10
0.0
 20
0.0
 30
0.0
 11
-1.0
 21
0.0
 31
0.0
  0
ENDBLK
  5
1F6
330
1F4
100
AcDbEntity
  8
0
100
AcDbBlockEnd
  0
BLOCK
  5
1FD
330
1FC
100
AcDbEntity
  8
0
100
AcDbBlockBegin
  2
_DOT
 70
     0
 10
0.0
 20
0.0
 30
0.0
  3
_DOT
  1
_DOT
  0
POLYLINE
  5
1FF
330
1FC
100
AcDbEntity
  8
0
  6
ByBlock
 62
     0
100
AcDb2dPolyline
 66
     1
 10
0.0
 20
0.0
 30
0.0
 70
     1
 40
0.5
 41
0.5
  0
VERTEX
  5
201
330
1FF
100
AcDbEntity
  8
0
  6
ByBlock
 62
     0
100
AcDbVertex
100
AcDb2dVertex
 10
-0.25
 20
0.0
 30
0.0
 42
1.0
  0
VERTEX
  5
202
330
1FF
100
AcDbEntity
  8
0
  6
ByBlock
 62
     0
100
AcDbVertex
100
AcDb2dVertex
 10
0.25
 20
0.0
 30
0.0
 42
1.0
  0
SEQEND
  5
203
330
1FF
100
AcDbEntity
  8
0
  6
ByBlock
 62
     0
  0
LINE
  5
200
330
1FC
100
AcDbEntity
  8
0
  6
ByBlock
 62
     0
370
    -2
100
AcDbLine
 10
-0.5
 20
0.0
 30
0.0
 11
-1.0
 21
0.0
 31
0.0
  0
ENDBLK
  5
1FE
330
1FC
100
AcDbEntity
  8
0
100
AcDbBlockEnd
  0
BLOCK
  5
226
330
224
100
AcDbEntity
  8
0
100
AcDbBlockBegin
  2
*Paper_Space4
 70
     0
 10
0.0
 20
0.0
 30
0.0
  3
*Paper_Space4
  1
*Paper_Space4
  0
VIEWPORT
  5
228
330
224
100
AcDbEntity
  8
0
 48
100.0
100
AcDbViewport
 10
0.0
 20
0.0
 30
0.0
 40
1715.87676
 41
992.070339
 68
     1
 69
     1
 12
497.20797
 22
380.27835
 13
0.0
 23
0.0
 14
10.0
 24
10.0
 15
10.0
 25
10.0
 16
0.0
 26
0.0
 36
1.0
 17
0.0
 27
0.0
 37
0.0
 42
50.0
 43
0.0
 44
0.0
 45
992.070339
 50
0.0
 51
0.0
 72
   100
 90
   557168
  1

281
     0
 71
     1
 74
     0
110
0.0
120
0.0
130
0.0
111
1.0
121
0.0
131
0.0
112
0.0
122
1.0
132
0.0
 79
     0
146
0.0
170
     0
 61
     5
348
F5
292
     1
282
     1
141
0.0
142
0.0
 63
   256
  0
ENDBLK
  5
227
330
224
100
AcDbEntity
  8
0
100
AcDbBlockEnd
  0
BLOCK
  5
D4
330
D2
100
AcDbEntity
  8
0
100
AcDbBlockBegin
  2
*Paper_Space5
 70
     0
 10
0.0
 20
0.0
 30
0.0
  3
*Paper_Space5
  1
*Paper_Space5
  0
VIEWPORT
  5
229
330
D2
100
AcDbEntity
  8
0
 48
100.0
100
AcDbViewport
 10
0.0
 20
0.0
 30
0.0
 40
460.802478
 41
238.196088
 68
     1
 69
     1
 12
128.5
 22
97.5
 13
0.0
 23
0.0
 14
10.0
 24
10.0
 15
10.0
 25
10.0
 16
0.0
 26
0.0
 36
1.0
 17
0.0
 27
0.0
 37
0.0
 42
50.0
 43
0.0
 44
0.0
 45
238.196088
 50
0.0
 51
0.0
 72
   100
 90
   557168
  1

281
     0
 71
     1
 74
     0
110
0.0
120
0.0
130
0.0
111
1.0
121
0.0
131
0.0
112
0.0
122
1.0
132
0.0
 79
     0
146
0.0
170
     0
 61
     5
348
F5
292
     1
282
     1
141
0.0
142
0.0
 63
   256
  0
ENDBLK
  5
D5
330
D2
100
AcDbEntity
  8
0
100
AcDbBlockEnd
  0
BLOCK
  5
221
330
21F
100
AcDbEntity
  8
0
100
AcDbBlockBegin
  2
*Paper_Space6
 70
     0
 10
0.0
 20
0.0
 30
0.0
  3
*Paper_Space6
  1
*Paper_Space6
  0
VIEWPORT
  5
223
330
21F
100
AcDbEntity
  8
0
 48
100.0
100
AcDbViewport
 10
0.0
 20
0.0
 30
0.0
 40
1201.113732
 41
694.449237
 68
     1
 69
     1
 12
454.893705
 22
285.342469
 13
0.0
 23
0.0
 14
10.0
 24
10.0
 15
10.0
 25
10.0
 16
0.0
 26
0.0
 36
1.0
 17
0.0
 27
0.0
 37
0.0
 42
50.0
 43
0.0
 44
0.0
 45
694.449237
 50
0.0
 51
0.0
 72
   100
 90
   557168
  1

281
     0
 71
     1
 74
     0
110
0.0
120
0.0
130
0.0
111
1.0
121
0.0
131
0.0
112
0.0
122
1.0
132
0.0
 79
     0
146
0.0
170
     0
 61
     5
348
F5
292
     1
282
     1
141
0.0
142
0.0
 63
   256
  0
ENDBLK
  5
222
330
21F
100
AcDbEntity
  8
0
100
AcDbBlockEnd
  0
BLOCK
  5
212
330
210
100
AcDbEntity
  8
0
100
AcDbBlockBegin
  2
*Paper_Space7
 70
     0
 10
0.0
 20
0.0
 30
0.0
  3
*Paper_Space7
  1
*Paper_Space7
  0
VIEWPORT
  5
214
330
210
100
AcDbEntity
  8
0
 48
100.0
100
AcDbViewport
 10
0.0
 20
0.0
 30
0.0
 40
588.545729
 41
340.280126
 68
     1
 69
     1
 12
151.627136
 22
129.479246
 13
0.0
 23
0.0
 14
10.0
 24
10.0
 15
10.0
 25
10.0
 16
0.0
 26
0.0
 36
1.0
 17
0.0
 27
0.0
 37
0.0
 42
50.0
 43
0.0
 44
0.0
 45
340.280126
 50
0.0
 51
0.0
 72
   100
 90
   557168
  1

281
     0
 71
     1
 74
     0
110
0.0
120
0.0
130
0.0
111
1.0
121
0.0
131
0.0
112
0.0
122
1.0
132
0.0
 79
     0
146
0.0
170
     0
 61
     5
348
F5
292
     1
282
     1
141
0.0
142
0.0
 63
   256
  0
ENDBLK
  5
213
330
210
100
AcDbEntity
  8
0
100
AcDbBlockEnd
  0
BLOCK
  5
217
330
215
100
AcDbEntity
  8
0
100
AcDbBlockBegin
  2
*Paper_Space8
 70
     0
 10
0.0
 20
0.0
 30
0.0
  3
*Paper_Space8
  1
*Paper_Space8
  0
VIEWPORT
  5
219
330
215
100
AcDbEntity
  8
0
 48
100.0
100
AcDbViewport
 10
0.0
 20
0.0
 30
0.0
 40
588.545729
 41
340.280126
 68
     1
 69
     1
 12
213.910905
 22
130.914724
 13
0.0
 23
0.0
 14
10.0
 24
10.0
 15
10.0
 25
10.0
 16
0.0
 26
0.0
 36
1.0
 17
0.0
 27
0.0
 37
0.0
 42
50.0
 43
0.0
 44
0.0
 45
340.280126
 50
0.0
 51
0.0
 72
   100
 90
   557168
  1

281
     0
 71
     1
 74
     0
110
0.0
120
0.0
130
0.0
111
1.0
121
0.0
131
0.0
112
0.0
122
1.0
132
0.0
 79
     0
146
0.0
170
     0
 61
     5
348
F5
292
     1
282
     1
141
0.0
142
0.0
 63
   256
  0
ENDBLK
  5
218
330
215
100
AcDbEntity
  8
0
100
AcDbBlockEnd
  0
BLOCK
  5
38C
330
38B
100
AcDbEntity
  8
0
100
AcDbBlockBegin
  2
_OBLIQUE
 70
     0
 10
0.0
 20
0.0
 30
0.0
  3
_OBLIQUE
  1
_OBLIQUE
  0
LINE
  5
38D
330
38B
100
AcDbEntity
  8
0
  6
ByBlock
 62
     0
100
AcDbLine
 10
-0.5
 20
-0.5
 30
0.0
 11
0.5
 21
0.5
 31
0.0
  0
ENDBLK
  5
38E
330
38B
100
AcDbEntity
  8
0
100
AcDbBlockEnd
  0
BLOCK
  5
3C9
330
3C8
100
AcDbEntity
  8
0
100
AcDbBlockBegin
  2
000 - MOBILIARIO - PUESTO TRABAJO
 70
     0
 10
0.0
 20
0.0
 30
0.0
  3
000 - MOBILIARIO - PUESTO TRABAJO
  1
000 - MOBILIARIO - PUESTO TRABAJO
  0
LWPOLYLINE
  5
3CA
330
3C8
100
AcDbEntity
  8
000 - EQUIPAMIENTO
100
AcDbPolyline
 90
        4
 70
     1
 43
0.0
 10
-6.121122
 20
62.490331
 10
-6.121122
 20
63.190331
 10
-7.521122
 20
63.190331
 10
-7.521122
 20
62.490331
  0
LINE
  5
3CB
330
3C8
100
AcDbEntity
  8
000 - EQUIPAMIENTO
100
AcDbLine
 10
-7.103372
 20
63.069387
 30
0.0
 11
-7.103372
 21
63.019387
 31
0.0
  0
LINE
  5
3CC
330
3C8
100
AcDbEntity
  8
000 - EQUIPAMIENTO
100
AcDbLine
 10
-6.625956
 20
63.069387
 30
0.0
 11
-7.103372
 21
63.069387
 31
0.0
  0
INSERT
  5
3CD
330
3C8
100
AcDbEntity
  8
000 - EQUIPAMIENTO
100
AcDbBlockReference
  2
IRI-OCASA-Layout R 9$0$OCA_SILLA
 10
-6.583041
 20
61.884493
 30
0.0
 50
90.0
  0
LINE
  5
3DE
330
3C8
100
AcDbEntity
  8
000 - EQUIPAMIENTO
100
AcDbLine
 10
-7.103372
 20
63.019387
 30
0.0
 11
-6.625956
 21
63.019387
 31
0.0
  0
LINE
  5
3DF
330
3C8
100
AcDbEntity
  8
000 - EQUIPAMIENTO
100
AcDbLine
 10
-6.706559
 20
62.830185
 30
0.0
 11
-6.706559
 21
62.968333
 31
0.0
  0
LINE
  5
3E0
330
3C8
100
AcDbEntity
  8
000 - EQUIPAMIENTO
100
AcDbLine
 10
-6.706559
 20
62.968333
 30
0.0
 11
-7.039717
 21
62.968333
 31
0.0
  0
LINE
  5
3E1
330
3C8
100
AcDbEntity
  8
000 - EQUIPAMIENTO
100
AcDbLine
 10
-7.039717
 20
62.968333
 30
0.0
 11
-7.039717
 21
62.830185
 31
0.0
  0
LINE
  5
3E2
330
3C8
100
AcDbEntity
  8
000 - EQUIPAMIENTO
100
AcDbLine
 10
-6.625956
 20
63.019387
 30
0.0
 11
-6.625956
 21
63.069387
 31
0.0
  0
LINE
  5
3E3
330
3C8
100
AcDbEntity
  8
000 - EQUIPAMIENTO
100
AcDbLine
 10
-7.039717
 20
62.830185
 30
0.0
 11
-6.706559
 21
62.830185
 31
0.0
  0
ENDBLK
  5
3E4
330
3C8
100
AcDbEntity
  8
0
100
AcDbBlockEnd
  0
BLOCK
  5
3D1
330
3CE
100
AcDbEntity
  8
0
100
AcDbBlockBegin
  2
IRI-OCASA-Layout R 9$0$OCA_SILLA
 70
     0
 10
0.0
 20
0.0
 30
0.0
  3
IRI-OCASA-Layout R 9$0$OCA_SILLA
  1
IRI-OCASA-Layout R 9$0$OCA_SILLA
  0
LINE
  5
3D2
330
3CE
100
AcDbEntity
  8
0
  6
Continuous
100
AcDbLine
 10
0.5523
 20
0.4483
 30
0.0
 11
0.5523
 21
0.05
 31
0.0
  0
LINE
  5
3D3
330
3CE
100
AcDbEntity
  8
0
  6
Continuous
100
AcDbLine
 10
0.5023
 20
0.0
 30
0.0
 11
0.1049
 21
0.0
 31
0.0
  0
LINE
  5
3D4
330
3CE
100
AcDbEntity
  8
0
  6
Continuous
100
AcDbLine
 10
0.0549
 20
0.05
 30
0.0
 11
0.0549
 21
0.4483
 31
0.0
  0
LINE
  5
3D5
330
3CE
100
AcDbEntity
  8
0
  6
Continuous
100
AcDbLine
 10
0.1049
 20
0.4983
 30
0.0
 11
0.5023
 21
0.4983
 31
0.0
  0
ARC
  5
3D6
330
3CE
100
AcDbEntity
  8
0
  6
Continuous
100
AcDbCircle
 10
0.1049
 20
0.05
 30
0.0
 40
0.05
100
AcDbArc
 50
180.0
 51
270.0
  0
ARC
  5
3D7
330
3CE
100
AcDbEntity
  8
0
  6
Continuous
100
AcDbCircle
 10
0.1049
 20
0.4483
 30
0.0
 40
0.05
100
AcDbArc
 50
90.0
 51
180.0
  0
ARC
  5
3D8
330
3CE
100
AcDbEntity
  8
0
  6
Continuous
100
AcDbCircle
 10
0.5023
 20
0.4483
 30
0.0
 40
0.05
100
AcDbArc
 50
0.0
 51
90.0
  0
ARC
  5
3D9
330
3CE
100
AcDbEntity
  8
0
  6
Continuous
100
AcDbCircle
 10
0.5023
 20
0.05
 30
0.0
 40
0.05
100
AcDbArc
 50
270.0
 51
0.0
  0
LWPOLYLINE
  5
3DA
330
3CE
100
AcDbEntity
  8
0
  6
Continuous
100
AcDbPolyline
 90
        4
 70
     1
 43
0.0
 10
0.0
 20
0.1087
 10
0.0
 20
0.3889
 10
0.0427
 20
0.3889
 10
0.0427
 20
0.1087
  0
LWPOLYLINE
  5
3DB
330
3CE
100
AcDbEntity
  8
0
  6
Continuous
100
AcDbPolyline
 90
        4
 70
     1
 43
0.0
 10
0.1681
 20
0.0207
 10
0.1681
 20
0.0394
 10
0.4749
 20
0.0394
 10
0.4749
 20
0.0207
  0
LWPOLYLINE
  5
3DC
330
3CE
100
AcDbEntity
  8
0
  6
Continuous
100
AcDbPolyline
 90
        4
 70
     1
 43
0.0
 10
0.1654
 20
0.4663
 10
0.1654
 20
0.4876
 10
0.4749
 20
0.4876
 10
0.4749
 20
0.4663
  0
ENDBLK
  5
3DD
330
3CE
100
AcDbEntity
  8
0
100
AcDbBlockEnd
  0
BLOCK
  5
3F5
330
3F4
100
AcDbEntity
  8
0
100
AcDbBlockBegin
  2
000 - COLUMNA 20X25
 70
     0
 10
0.0
 20
0.0
 30
0.0
  3
000 - COLUMNA 20X25
  1
000 - COLUMNA 20X25
  0
HATCH
  5
3F6
330
3F4
100
AcDbEntity
  8
0
100
AcDbHatch
 10
0.0
 20
0.0
 30
0.0
210
0.0
220
0.0
230
1.0
  2
ANSI31
 70
     0
 71
     1
 91
        1
 92
        7
 72
     0
 73
     1
 93
        4
 10
11.90436969129314
 20
109.6464516372496
 10
12.15436969129314
 20
109.6464516372496
 10
12.15436969129314
 20
109.8464516372496
 10
11.90436969129314
 20
109.8464516372496
 97
        1
330
3F7
 75
     1
 76
     1
 52
0.0
 41
0.01
 77
     0
 78
     1
 53
45.0
 43
0.0
 44
0.0
 45
-0.0224506403026729
 46
0.0224506403026729
 79
     0
 47
0.00235
 98
        1
 10
11.98580091707481
 20
109.7510731034035
1001
GradientColor1ACI
1070
     5
1001
GradientColor2ACI
1070
     2
1001
ACAD
1010
0.0
1020
0.0
1030
0.0
  0
LWPOLYLINE
  5
3F7
102
{ACAD_REACTORS
330
3F6
102
}
330
3F4
100
AcDbEntity
  8
0
100
AcDbPolyline
 90
        5
 70
     0
 43
0.0
 10
12.15437
 20
109.846452
 10
11.90437
 20
109.846452
 10
11.90437
 20
109.646452
 10
12.15437
 20
109.646452
 10
12.15437
 20
109.846452
  0
LINE
  5
3F8
330
3F4
100
AcDbEntity
  8
0
  6
ACAD_ISO03W100
 48
0.008
100
AcDbLine
 10
12.02937
 20
109.546452
 30
0.0
 11
12.02937
 21
109.946452
 31
0.0
  0
LINE
  5
3F9
330
3F4
100
AcDbEntity
  8
0
  6
ACAD_ISO03W100
 48
0.008
100
AcDbLine
 10
12.25437
 20
109.746452
 30
0.0
 11
11.80437
 21
109.746452
 31
0.0
  0
ENDBLK
  5
3FA
330
3F4
100
AcDbEntity
  8
0
100
AcDbBlockEnd
  0
BLOCK
  5
44B
330
44A
100
AcDbEntity
  8
0
100
AcDbBlockBegin
  2
000 - EQUIPAMIENTO - RACKS
 70
     0
 10
0.0
 20
0.0
 30
0.0
  3
000 - EQUIPAMIENTO - RACKS
  1
000 - EQUIPAMIENTO - RACKS
  0
LWPOLYLINE
  5
44C
330
44A
100
AcDbEntity
  8
000 - RACKS
100
AcDbPolyline
 90
        4
 70
     1
 43
0.0
 10
3213.46567
 20
1578.778782
 10
3216.76267
 20
1578.778782
 10
3216.76267
 20
1578.728782
 10
3213.46567
 20
1578.728782
  0
LWPOLYLINE
  5
44D
330
44A
100
AcDbEntity
  8
000 - RACKS
100
AcDbPolyline
 90
        4
 70
     1
 43
0.0
 10
3213.46567
 20
1579.678782
 10
3216.76267
 20
1579.678782
 10
3216.76267
 20
1579.728782
 10
3213.46567
 20
1579.728782
  0
LWPOLYLINE
  5
44E
330
44A
100
AcDbEntity
  8
000 - RACKS
  6
DASHED
100
AcDbPolyline
 90
        5
 70
     0
 43
0.0
 10
3215.70567
 20
1578.628781
 10
3216.70567
 20
1578.628781
 10
3216.70567
 20
1579.828781
 10
3215.70567
 20
1579.828781
 10
3215.70567
 20
1578.628781
  0
LWPOLYLINE
  5
44F
330
44A
100
AcDbEntity
  8
000 - RACKS
  6
DASHED
100
AcDbPolyline
 90
        2
 70
     0
 43
0.0
 10
3215.70567
 20
1578.628781
 10
3216.70567
 20
1579.828781
  0
LWPOLYLINE
  5
450
330
44A
100
AcDbEntity
  8
000 - RACKS
  6
DASHED
100
AcDbPolyline
 90
        2
 70
     0
 43
0.0
 10
3216.70567
 20
1578.628781
 10
3215.70567
 20
1579.828781
  0
LWPOLYLINE
  5
451
330
44A
100
AcDbEntity
  8
000 - RACKS
  6
DASHED
100
AcDbPolyline
 90
        5
 70
     0
 43
0.0
 10
3215.63567
 20
1578.628781
 10
3214.63567
 20
1578.628781
 10
3214.63567
 20
1579.828781
 10
3215.63567
 20
1579.828781
 10
3215.63567
 20
1578.628781
  0
LWPOLYLINE
  5
452
330
44A
100
AcDbEntity
  8
000 - RACKS
  6
DASHED
100
AcDbPolyline
 90
        2
 70
     0
 43
0.0
 10
3215.63567
 20
1578.628781
 10
3214.63567
 20
1579.828781
  0
LWPOLYLINE
  5
453
330
44A
100
AcDbEntity
  8
000 - RACKS
  6
DASHED
100
AcDbPolyline
 90
        2
 70
     0
 43
0.0
 10
3214.63567
 20
1578.628781
 10
3215.63567
 20
1579.828781
  0
LWPOLYLINE
  5
454
330
44A
100
AcDbEntity
  8
000 - RACKS
  6
DASHED
100
AcDbPolyline
 90
        5
 70
     0
 43
0.0
 10
3214.56567
 20
1578.628781
 10
3213.56567
 20
1578.628781
 10
3213.56567
 20
1579.828781
 10
3214.56567
 20
1579.828781
 10
3214.56567
 20
1578.628781
  0
LWPOLYLINE
  5
455
330
44A
100
AcDbEntity
  8
000 - RACKS
  6
DASHED
100
AcDbPolyline
 90
        2
 70
     0
 43
0.0
 10
3214.56567
 20
1578.628781
 10
3213.56567
 20
1579.828781
  0
LWPOLYLINE
  5
456
330
44A
100
AcDbEntity
  8
000 - RACKS
  6
DASHED
100
AcDbPolyline
 90
        2
 70
     0
 43
0.0
 10
3213.56567
 20
1578.628781
 10
3214.56567
 20
1579.828781
  0
LWPOLYLINE
  5
457
330
44A
100
AcDbEntity
  8
000 - RACKS
100
AcDbPolyline
 90
        4
 70
     1
 43
0.0
 10
3213.34267
 20
1579.728782
 10
3213.46567
 20
1579.728782
 10
3213.46567
 20
1578.728782
 10
3213.34267
 20
1578.728782
  0
LWPOLYLINE
  5
458
330
44A
100
AcDbEntity
  8
000 - RACKS
100
AcDbPolyline
 90
        4
 70
     1
 43
0.0
 10
3216.76267
 20
1579.728782
 10
3216.88567
 20
1579.728782
 91
        1
 10
3216.88567
 20
1578.728782
 91
        2
 10
3216.76267
 20
1578.728782
 91
       54
  0
LWPOLYLINE
  5
459
330
44A
100
AcDbEntity
  8
000 - RACKS
100
AcDbPolyline
 90
        4
 70
     1
 43
0.0
 10
3216.76267
 20
1579.728782
 10
3216.88567
 20
1579.728782
 10
3216.88567
 20
1578.728782
 91
       18
 10
3216.76267
 20
1578.728782
 91
       19
  0
LINE
  5
45A
330
44A
100
AcDbEntity
  8
000 - RACKS
100
AcDbLine
 10
3216.88567
 20
1578.728782
 30
0.0
 11
3216.88567
 21
1579.728782
 31
0.0
  0
LWPOLYLINE
  5
45B
330
44A
100
AcDbEntity
  8
000 - RACKS
100
AcDbPolyline
 90
        4
 70
     1
 43
0.0
 10
3216.88567
 20
1578.728782
 10
3216.88567
 20
1579.728782
 10
3216.76267
 20
1579.728782
 10
3216.76267
 20
1578.728782
  0
ENDBLK
  5
45C
330
44A
100
AcDbEntity
  8
0
100
AcDbBlockEnd
  0
BLOCK
  5
4C1
330
4C0
100
AcDbEntity
  8
0
100
AcDbBlockBegin
  2
PUERTA 090
 70
     0
 10
0.0
 20
0.0
 30
0.0
  3
PUERTA 090
  1
PUERTA 090
  0
LINE
  5
4C2
330
4C0
100
AcDbEntity
  8
000 - PUERTAS
100
AcDbLine
 10
2559.613705
 20
1733.580865
 30
0.0
 11
2558.713705
 21
1733.580865
 31
0.0
  0
LINE
  5
4C3
330
4C0
100
AcDbEntity
  8
000 - PUERTAS
100
AcDbLine
 10
2558.713705
 20
1733.580865
 30
0.0
 11
2558.713705
 21
1733.630865
 31
0.0
  0
LINE
  5
4C4
330
4C0
100
AcDbEntity
  8
000 - PUERTAS
100
AcDbLine
 10
2558.713705
 20
1733.630865
 30
0.0
 11
2559.613705
 21
1733.630865
 31
0.0
  0
LINE
  5
4C5
330
4C0
100
AcDbEntity
  8
000 - PUERTAS
100
AcDbLine
 10
2559.613705
 20
1733.630865
 30
0.0
 11
2559.613705
 21
1733.580865
 31
0.0
  0
ARC
  5
4C6
330
4C0
100
AcDbEntity
  8
000 - PUERTAS
100
AcDbCircle
 10
2559.613705
 20
1733.580865
 30
0.0
 40
0.900000000000091
100
AcDbArc
 50
90.0
 51
176.815261
  0
ENDBLK
  5
4C7
330
4C0
100
AcDbEntity
  8
0
100
AcDbBlockEnd
  0
BLOCK
  5
4DD
330
4DA
100
AcDbEntity
  8
0
100
AcDbBlockBegin
  2
A$C0D016993
 70
     0
 10
0.0
 20
0.0
 30
0.0
  3
A$C0D016993
  1
A$C0D016993
  0
LWPOLYLINE
  5
4DE
330
4DA
100
AcDbEntity
  8
0
  6
DASHED
100
AcDbPolyline
 90
        5
 70
     0
 43
0.0
 10
0.0
 20
1.2
 10
1.0
 20
1.2
 10
1.0
 20
0.0
 10
0.0
 20
0.0
 10
0.0
 20
1.2
  0
LWPOLYLINE
  5
4DF
330
4DA
100
AcDbEntity
  8
0
  6
DASHED
100
AcDbPolyline
 90
        2
 70
     0
 43
0.0
 10
0.0
 20
1.2
 10
1.0
 20
0.0
  0
LWPOLYLINE
  5
4E0
330
4DA
100
AcDbEntity
  8
0
  6
DASHED
100
AcDbPolyline
 90
        2
 70
     0
 43
0.0
 10
1.0
 20
1.2
 10
0.0
 20
0.0
  0
ENDBLK
  5
4E1
330
4DA
100
AcDbEntity
  8
0
100
AcDbBlockEnd
  0
BLOCK
  5
502
330
501
100
AcDbEntity
  8
0
100
AcDbBlockBegin
  2
000 - EQUIPAMIENTO - MESA TRABAJO
 70
     0
 10
0.0
 20
0.0
 30
0.0
  3
000 - EQUIPAMIENTO - MESA TRABAJO
  1
000 - EQUIPAMIENTO - MESA TRABAJO
  0
LWPOLYLINE
  5
503
330
501
100
AcDbEntity
  8
000 - EQUIPAMIENTO
100
AcDbPolyline
 90
        4
 70
     1
 43
0.0
 10
1.278701
 20
67.750796
 10
-0.521299
 20
67.750796
 10
-0.521299
 20
66.870796
 10
1.278701
 20
66.870796
  0
LWPOLYLINE
  5
504
330
501
100
AcDbEntity
  8
000 - EQUIPAMIENTO
100
AcDbPolyline
 90
        4
 70
     0
 43
0.0
 10
-0.496299
 20
67.750796
 10
-0.496299
 20
66.895796
 10
1.253701
 20
66.895796
 10
1.253701
 20
67.750796
  0
ENDBLK
  5
505
330
501
100
AcDbEntity
  8
0
100
AcDbBlockEnd
  0
BLOCK
  5
52C
330
52B
100
AcDbEntity
  8
0
100
AcDbBlockBegin
  2
000 - SANITARIO - BACHA GRANDE
 70
     0
 10
0.0
 20
0.0
 30
0.0
  3
000 - SANITARIO - BACHA GRANDE
  1
000 - SANITARIO - BACHA GRANDE
  0
POLYLINE
  5
52D
330
52B
100
AcDbEntity
  8
000 - EQUIPAMIENTO
100
AcDb2dPolyline
 66
     1
 10
0.0
 20
0.0
 30
0.0
  0
VERTEX
  5
52E
330
52D
100
AcDbEntity
  8
000 - EQUIPAMIENTO
100
AcDbVertex
100
AcDb2dVertex
 10
1729.156763
 20
1124.399628
 30
0.0
  0
VERTEX
  5
52F
330
52D
100
AcDbEntity
  8
000 - EQUIPAMIENTO
100
AcDbVertex
100
AcDb2dVertex
 10
1729.132029
 20
1124.391317
 30
0.0
  0
VERTEX
  5
530
330
52D
100
AcDbEntity
  8
000 - EQUIPAMIENTO
100
AcDbVertex
100
AcDb2dVertex
 10
1729.115541
 20
1124.358339
 30
0.0
  0
SEQEND
  5
531
330
52D
100
AcDbEntity
  8
000 - EQUIPAMIENTO
  0
POLYLINE
  5
532
330
52B
100
AcDbEntity
  8
000 - EQUIPAMIENTO
100
AcDb2dPolyline
 66
     1
 10
0.0
 20
0.0
 30
0.0
  0
VERTEX
  5
533
330
532
100
AcDbEntity
  8
000 - EQUIPAMIENTO
100
AcDbVertex
100
AcDb2dVertex
 10
1729.716783
 20
1124.358339
 30
0.0
  0
VERTEX
  5
534
330
532
100
AcDbEntity
  8
000 - EQUIPAMIENTO
100
AcDbVertex
100
AcDb2dVertex
 10
1729.708606
 20
1124.391317
 30
0.0
  0
VERTEX
  5
535
330
532
100
AcDbEntity
  8
000 - EQUIPAMIENTO
100
AcDbVertex
100
AcDb2dVertex
 10
1729.683872
 20
1124.399628
 30
0.0
  0
SEQEND
  5
536
330
532
100
AcDbEntity
  8
000 - EQUIPAMIENTO
  0
POLYLINE
  5
537
330
52B
100
AcDbEntity
  8
000 - EQUIPAMIENTO
100
AcDb2dPolyline
 66
     1
 10
0.0
 20
0.0
 30
0.0
  0
VERTEX
  5
538
330
537
100
AcDbEntity
  8
000 - EQUIPAMIENTO
100
AcDbVertex
100
AcDb2dVertex
 10
1729.115541
 20
1124.070118
 30
0.0
  0
VERTEX
  5
539
330
537
100
AcDbEntity
  8
000 - EQUIPAMIENTO
100
AcDbVertex
100
AcDb2dVertex
 10
1729.140274
 20
1123.995985
 30
0.0
  0
VERTEX
  5
53A
330
537
100
AcDbEntity
  8
000 - EQUIPAMIENTO
100
AcDbVertex
100
AcDb2dVertex
 10
1729.189674
 20
1123.946518
 30
0.0
  0
VERTEX
  5
53B
330
537
100
AcDbEntity
  8
000 - EQUIPAMIENTO
100
AcDbVertex
100
AcDb2dVertex
 10
1729.255562
 20
1123.930163
 30
0.0
  0
SEQEND
  5
53C
330
537
100
AcDbEntity
  8
000 - EQUIPAMIENTO
  0
POLYLINE
  5
53D
330
52B
100
AcDbEntity
  8
000 - EQUIPAMIENTO
100
AcDb2dPolyline
 66
     1
 10
0.0
 20
0.0
 30
0.0
  0
VERTEX
  5
53E
330
53D
100
AcDbEntity
  8
000 - EQUIPAMIENTO
100
AcDbVertex
100
AcDb2dVertex
 10
1729.576828
 20
1123.930163
 30
0.0
  0
VERTEX
  5
53F
330
53D
100
AcDbEntity
  8
000 - EQUIPAMIENTO
100
AcDbVertex
100
AcDb2dVertex
 10
1729.650961
 20
1123.946518
 30
0.0
  0
VERTEX
  5
540
330
53D
100
AcDbEntity
  8
000 - EQUIPAMIENTO
100
AcDbVertex
100
AcDb2dVertex
 10
1729.700361
 20
1123.995985
 30
0.0
  0
VERTEX
  5
541
330
53D
100
AcDbEntity
  8
000 - EQUIPAMIENTO
100
AcDbVertex
100
AcDb2dVertex
 10
1729.716783
 20
1124.070118
 30
0.0
  0
SEQEND
  5
542
330
53D
100
AcDbEntity
  8
000 - EQUIPAMIENTO
  0
POLYLINE
  5
543
330
52B
100
AcDbEntity
  8
000 - EQUIPAMIENTO
100
AcDb2dPolyline
 66
     1
 10
0.0
 20
0.0
 30
0.0
  0
VERTEX
  5
544
330
543
100
AcDbEntity
  8
000 - EQUIPAMIENTO
100
AcDbVertex
100
AcDb2dVertex
 10
1729.255562
 20
1124.234873
 30
0.0
  0
VERTEX
  5
545
330
543
100
AcDbEntity
  8
000 - EQUIPAMIENTO
100
AcDbVertex
100
AcDb2dVertex
 10
1729.206163
 20
1124.226562
 30
0.0
  0
VERTEX
  5
546
330
543
100
AcDbEntity
  8
000 - EQUIPAMIENTO
100
AcDbVertex
100
AcDb2dVertex
 10
1729.173185
 20
1124.185406
 30
0.0
  0
VERTEX
  5
547
330
543
100
AcDbEntity
  8
000 - EQUIPAMIENTO
100
AcDbVertex
100
AcDb2dVertex
 10
1729.156763
 20
1124.136074
 30
0.0
  0
SEQEND
  5
548
330
543
100
AcDbEntity
  8
000 - EQUIPAMIENTO
  0
POLYLINE
  5
549
330
52B
100
AcDbEntity
  8
000 - EQUIPAMIENTO
100
AcDb2dPolyline
 66
     1
 10
0.0
 20
0.0
 30
0.0
  0
VERTEX
  5
54A
330
549
100
AcDbEntity
  8
000 - EQUIPAMIENTO
100
AcDbVertex
100
AcDb2dVertex
 10
1729.683872
 20
1124.136074
 30
0.0
  0
VERTEX
  5
54B
330
549
100
AcDbEntity
  8
000 - EQUIPAMIENTO
100
AcDbVertex
100
AcDb2dVertex
 10
1729.667383
 20
1124.185406
 30
0.0
  0
VERTEX
  5
54C
330
549
100
AcDbEntity
  8
000 - EQUIPAMIENTO
100
AcDbVertex
100
AcDb2dVertex
 10
1729.626228
 20
1124.226562
 30
0.0
  0
VERTEX
  5
54D
330
549
100
AcDbEntity
  8
000 - EQUIPAMIENTO
100
AcDbVertex
100
AcDb2dVertex
 10
1729.576828
 20
1124.234873
 30
0.0
  0
SEQEND
  5
54E
330
549
100
AcDbEntity
  8
000 - EQUIPAMIENTO
  0
POLYLINE
  5
54F
330
52B
100
AcDbEntity
  8
000 - EQUIPAMIENTO
100
AcDb2dPolyline
 66
     1
 10
0.0
 20
0.0
 30
0.0
  0
VERTEX
  5
550
330
54F
100
AcDbEntity
  8
000 - EQUIPAMIENTO
100
AcDbVertex
100
AcDb2dVertex
 10
1729.156763
 20
1124.070118
 30
0.0
  0
VERTEX
  5
551
330
54F
100
AcDbEntity
  8
000 - EQUIPAMIENTO
100
AcDbVertex
100
AcDb2dVertex
 10
1729.173185
 20
1124.020651
 30
0.0
  0
VERTEX
  5
552
330
54F
100
AcDbEntity
  8
000 - EQUIPAMIENTO
100
AcDbVertex
100
AcDb2dVertex
 10
1729.206163
 20
1123.979496
 30
0.0
  0
VERTEX
  5
553
330
54F
100
AcDbEntity
  8
000 - EQUIPAMIENTO
100
AcDbVertex
100
AcDb2dVertex
 10
1729.255562
 20
1123.971319
 30
0.0
  0
SEQEND
  5
554
330
54F
100
AcDbEntity
  8
000 - EQUIPAMIENTO
  0
POLYLINE
  5
555
330
52B
100
AcDbEntity
  8
000 - EQUIPAMIENTO
100
AcDb2dPolyline
 66
     1
 10
0.0
 20
0.0
 30
0.0
  0
VERTEX
  5
556
330
555
100
AcDbEntity
  8
000 - EQUIPAMIENTO
100
AcDbVertex
100
AcDb2dVertex
 10
1729.576828
 20
1123.971319
 30
0.0
  0
VERTEX
  5
557
330
555
100
AcDbEntity
  8
000 - EQUIPAMIENTO
100
AcDbVertex
100
AcDb2dVertex
 10
1729.626228
 20
1123.979496
 30
0.0
  0
VERTEX
  5
558
330
555
100
AcDbEntity
  8
000 - EQUIPAMIENTO
100
AcDbVertex
100
AcDb2dVertex
 10
1729.667383
 20
1124.020651
 30
0.0
  0
VERTEX
  5
559
330
555
100
AcDbEntity
  8
000 - EQUIPAMIENTO
100
AcDbVertex
100
AcDb2dVertex
 10
1729.683872
 20
1124.070118
 30
0.0
  0
SEQEND
  5
55A
330
555
100
AcDbEntity
  8
000 - EQUIPAMIENTO
  0
LINE
  5
55B
330
52B
100
AcDbEntity
  8
000 - EQUIPAMIENTO
100
AcDbLine
 10
1729.255562
 20
1124.234873
 30
0.0
 11
1729.396972
 21
1124.234873
 31
0.0
  0
LINE
  5
55C
330
52B
100
AcDbEntity
  8
000 - EQUIPAMIENTO
100
AcDbLine
 10
1729.435427
 20
1124.234873
 30
0.0
 11
1729.576828
 21
1124.234873
 31
0.0
  0
LINE
  5
55D
330
52B
100
AcDbEntity
  8
000 - EQUIPAMIENTO
100
AcDbLine
 10
1729.156763
 20
1124.070118
 30
0.0
 11
1729.156763
 21
1124.136074
 31
0.0
  0
LINE
  5
55E
330
52B
100
AcDbEntity
  8
000 - EQUIPAMIENTO
100
AcDbLine
 10
1729.683872
 20
1124.136074
 30
0.0
 11
1729.683872
 21
1124.070118
 31
0.0
  0
LINE
  5
55F
330
52B
100
AcDbEntity
  8
000 - EQUIPAMIENTO
100
AcDbLine
 10
1729.576828
 20
1123.971319
 30
0.0
 11
1729.255562
 21
1123.971319
 31
0.0
  0
LINE
  5
560
330
52B
100
AcDbEntity
  8
000 - EQUIPAMIENTO
100
AcDbLine
 10
1729.716783
 20
1124.358339
 30
0.0
 11
1729.716783
 21
1124.070118
 31
0.0
  0
LINE
  5
561
330
52B
100
AcDbEntity
  8
000 - EQUIPAMIENTO
100
AcDbLine
 10
1729.156763
 20
1124.399628
 30
0.0
 11
1729.683872
 21
1124.399628
 31
0.0
  0
LINE
  5
562
330
52B
100
AcDbEntity
  8
000 - EQUIPAMIENTO
100
AcDbLine
 10
1729.115541
 20
1124.070118
 30
0.0
 11
1729.115541
 21
1124.358339
 31
0.0
  0
LINE
  5
563
330
52B
100
AcDbEntity
  8
000 - EQUIPAMIENTO
100
AcDbLine
 10
1729.576828
 20
1123.930163
 30
0.0
 11
1729.255562
 21
1123.930163
 31
0.0
  0
ARC
  5
564
330
52B
100
AcDbEntity
  8
000 - EQUIPAMIENTO
100
AcDbCircle
 10
1729.416203
 20
1124.176732
 30
0.0
 40
0.012306217124267
100
AcDbArc
 50
194.52616
 51
345.479613
  0
ARC
  5
565
330
52B
100
AcDbEntity
  8
000 - EQUIPAMIENTO
100
AcDbCircle
 10
1729.416198
 20
1124.271421
 30
0.0
 40
0.0534116801566873
100
AcDbArc
 50
62.599994
 51
117.405779
  0
ARC
  5
566
330
52B
100
AcDbEntity
  8
000 - EQUIPAMIENTO
100
AcDbCircle
 10
1728.120823
 20
1124.360802
 30
0.0
 40
1.320621904657594
100
AcDbArc
 50
351.852727
 51
358.179182
  0
ARC
  5
567
330
52B
100
AcDbEntity
  8
000 - EQUIPAMIENTO
100
AcDbCircle
 10
1730.711564
 20
1124.360933
 30
0.0
 40
1.320621904657594
100
AcDbArc
 50
181.826591
 51
188.153046
  0
CIRCLE
  5
568
330
52B
100
AcDbEntity
  8
000 - EQUIPAMIENTO
100
AcDbCircle
 10
1729.416208
 20
1124.082321
 30
0.0
 40
0.02
  0
ENDBLK
  5
569
330
52B
100
AcDbEntity
  8
0
100
AcDbBlockEnd
  0
BLOCK
  5
56E
330
56B
100
AcDbEntity
  8
0
100
AcDbBlockBegin
  2
Inodoro
 70
     0
 10
0.0
 20
0.0
 30
0.0
  3
Inodoro
  1
Inodoro
  0
LINE
  5
56F
330
56B
100
AcDbEntity
  8
000 - EQUIPAMIENTO
100
AcDbLine
 10
0.420473
 20
-0.047783
 30
0.0
 11
0.420473
 21
0.209217
 31
0.0
  0
LINE
  5
570
330
56B
100
AcDbEntity
  8
000 - EQUIPAMIENTO
100
AcDbLine
 10
0.420473
 20
0.002217
 30
0.0
 11
0.420473
 21
-0.204782
 31
0.0
  0
ARC
  5
571
330
56B
100
AcDbEntity
  8
000 - EQUIPAMIENTO
100
AcDbCircle
 10
0.412473
 20
-0.204783
 30
0.0
 40
0.008
100
AcDbArc
 50
270.0
 51
0.0
  0
ARC
  5
572
330
56B
100
AcDbEntity
  8
000 - EQUIPAMIENTO
100
AcDbCircle
 10
0.259628
 20
-0.077325
 30
0.0
 40
0.008
100
AcDbArc
 50
313.691396
 51
0.059385
  0
ARC
  5
573
330
56B
100
AcDbEntity
  8
000 - EQUIPAMIENTO
100
AcDbCircle
 10
0.275611
 20
-0.06015
 30
0.0
 40
0.008
100
AcDbArc
 50
144.628441
 51
180.059385
  0
ARC
  5
574
330
56B
100
AcDbEntity
  8
000 - EQUIPAMIENTO
100
AcDbCircle
 10
0.259467
 20
0.077863
 30
0.0
 40
0.008
100
AcDbArc
 50
0.059385
 51
46.427375
  0
ARC
  5
575
330
56B
100
AcDbEntity
  8
000 - EQUIPAMIENTO
100
AcDbCircle
 10
0.275481
 20
0.065069
 30
0.0
 40
0.008
100
AcDbArc
 50
180.059385
 51
215.49033
  0
ARC
  5
576
330
56B
100
AcDbEntity
  8
000 - EQUIPAMIENTO
100
AcDbCircle
 10
0.290675
 20
-0.172219
 30
0.0
 40
0.028
100
AcDbArc
 50
171.710509
 51
258.220459
  0
ARC
  5
577
330
56B
100
AcDbEntity
  8
000 - EQUIPAMIENTO
100
AcDbCircle
 10
0.412473
 20
0.411837
 30
0.0
 40
0.624619963147622
100
AcDbArc
 50
258.220459
 51
270.0
  0
ARC
  5
578
330
56B
100
AcDbEntity
  8
000 - EQUIPAMIENTO
100
AcDbCircle
 10
0.187546
 20
0.002368
 30
0.0
 40
0.1
100
AcDbArc
 50
29.128699
 51
35.49033
  0
ARC
  5
579
330
56B
100
AcDbEntity
  8
000 - EQUIPAMIENTO
100
AcDbCircle
 10
-1.027446
 20
-0.015394
 30
0.0
 40
1.304038379609825
100
AcDbArc
 50
0.773795
 51
8.289491
  0
ARC
  5
57A
330
56B
100
AcDbEntity
  8
000 - EQUIPAMIENTO
100
AcDbCircle
 10
-1.027446
 20
0.019827
 30
0.0
 40
1.304038379609825
100
AcDbArc
 50
351.710509
 51
359.226205
  0
ARC
  5
57B
330
56B
100
AcDbEntity
  8
000 - EQUIPAMIENTO
100
AcDbCircle
 10
0.187546
 20
0.002368
 30
0.0
 40
0.1
100
AcDbArc
 50
324.628441
 51
330.891305
  0
ARC
  5
57C
330
56B
100
AcDbEntity
  8
000 - EQUIPAMIENTO
100
AcDbCircle
 10
-0.041999
 20
-0.01885
 30
0.0
 40
0.187770751814762
100
AcDbArc
 50
36.108162
 51
46.378791
  0
ARC
  5
57D
330
56B
100
AcDbEntity
  8
000 - EQUIPAMIENTO
100
AcDbCircle
 10
0.0
 20
0.0
 30
0.0
 40
0.1430480453281657
100
AcDbArc
 50
0.059385
 51
39.924466
  0
ARC
  5
57E
330
56B
100
AcDbEntity
  8
000 - EQUIPAMIENTO
100
AcDbCircle
 10
-0.019487
 20
-0.00002
 30
0.0
 40
0.1674644451933609
100
AcDbArc
 50
143.116522
 51
180.059385
  0
ARC
  5
57F
330
56B
100
AcDbEntity
  8
000 - EQUIPAMIENTO
100
AcDbCircle
 10
-0.020062
 20
0.000186
 30
0.0
 40
0.1973905956151455
100
AcDbArc
 50
93.963589
 51
180.119507
  0
LINE
  5
580
330
56B
100
AcDbEntity
  8
000 - EQUIPAMIENTO
100
AcDbLine
 10
0.267481
 20
0.065061
 30
0.0
 11
0.267467
 21
0.077871
 31
0.0
  0
ARC
  5
581
330
56B
100
AcDbEntity
  8
000 - EQUIPAMIENTO
100
AcDbCircle
 10
-0.026041
 20
-0.030397
 30
0.0
 40
0.186145991681309
100
AcDbArc
 50
52.397501
 51
119.943791
  0
ARC
  5
582
330
56B
100
AcDbEntity
  8
000 - EQUIPAMIENTO
100
AcDbCircle
 10
-0.065281
 20
0.035295
 30
0.0
 40
0.1096433880569993
100
AcDbArc
 50
119.310244
 51
143.514819
  0
ARC
  5
583
330
56B
100
AcDbEntity
  8
000 - EQUIPAMIENTO
100
AcDbCircle
 10
-0.019466
 20
-0.215326
 30
0.0
 40
0.4126768271820834
100
AcDbArc
 50
46.427375
 51
91.977505
  0
ARC
  5
584
330
56B
100
AcDbEntity
  8
000 - EQUIPAMIENTO
100
AcDbCircle
 10
-0.019708
 20
0.02345
 30
0.0
 40
0.2210420600047739
100
AcDbArc
 50
260.603442
 51
266.475246
  0
ARC
  5
585
330
56B
100
AcDbEntity
  8
000 - EQUIPAMIENTO
100
AcDbCircle
 10
-0.019912
 20
0.215285
 30
0.0
 40
0.4126768271820834
100
AcDbArc
 50
268.141266
 51
313.691396
  0
ARC
  5
586
330
56B
100
AcDbEntity
  8
000 - EQUIPAMIENTO
100
AcDbCircle
 10
-0.065207
 20
-0.03543
 30
0.0
 40
0.1096433880569993
100
AcDbArc
 50
216.603952
 51
240.808527
  0
ARC
  5
587
330
56B
100
AcDbEntity
  8
000 - EQUIPAMIENTO
100
AcDbCircle
 10
-0.026104
 20
0.030343
 30
0.0
 40
0.186145991681309
100
AcDbArc
 50
240.17498
 51
307.72127
  0
LINE
  5
588
330
56B
100
AcDbEntity
  8
000 - EQUIPAMIENTO
100
AcDbLine
 10
0.267611
 20
-0.060159
 30
0.0
 11
0.267628
 21
-0.077316
 31
0.0
  0
ARC
  5
589
330
56B
100
AcDbEntity
  8
000 - EQUIPAMIENTO
100
AcDbCircle
 10
-0.019487
 20
-0.00002
 30
0.0
 40
0.1979644451933609
100
AcDbArc
 50
180.059385
 51
259.4315
  0
ARC
  5
58A
330
56B
100
AcDbEntity
  8
000 - EQUIPAMIENTO
100
AcDbCircle
 10
-0.019487
 20
-0.00002
 30
0.0
 40
0.1674644451933609
100
AcDbArc
 50
180.059385
 51
217.002249
  0
ARC
  5
58B
330
56B
100
AcDbEntity
  8
000 - EQUIPAMIENTO
100
AcDbCircle
 10
0.0
 20
0.0
 30
0.0
 40
0.1430480453281657
100
AcDbArc
 50
320.194305
 51
0.059385
  0
ARC
  5
58C
330
56B
100
AcDbEntity
  8
000 - EQUIPAMIENTO
100
AcDbCircle
 10
-0.042038
 20
0.018763
 30
0.0
 40
0.187770751814762
100
AcDbArc
 50
313.73998
 51
324.010609
  0
ARC
  5
58D
330
56B
100
AcDbEntity
  8
000 - EQUIPAMIENTO
100
AcDbCircle
 10
0.412473
 20
0.209217
 30
0.0
 40
0.008
100
AcDbArc
 50
0.0
 51
90.0
  0
LINE
  5
58E
330
56B
100
AcDbEntity
  8
000 - EQUIPAMIENTO
100
AcDbLine
 10
0.420473
 20
-0.047783
 30
0.0
 11
0.420473
 21
0.209217
 31
0.0
  0
LINE
  5
58F
330
56B
100
AcDbEntity
  8
000 - EQUIPAMIENTO
100
AcDbLine
 10
0.420473
 20
0.002217
 30
0.0
 11
0.420473
 21
-0.204782
 31
0.0
  0
ARC
  5
590
330
56B
100
AcDbEntity
  8
000 - EQUIPAMIENTO
100
AcDbCircle
 10
0.412473
 20
-0.204783
 30
0.0
 40
0.008
100
AcDbArc
 50
270.0
 51
0.0
  0
ARC
  5
591
330
56B
100
AcDbEntity
  8
000 - EQUIPAMIENTO
100
AcDbCircle
 10
0.259628
 20
-0.077325
 30
0.0
 40
0.008
100
AcDbArc
 50
313.691396
 51
0.059385
  0
ARC
  5
592
330
56B
100
AcDbEntity
  8
000 - EQUIPAMIENTO
100
AcDbCircle
 10
0.275611
 20
-0.06015
 30
0.0
 40
0.008
100
AcDbArc
 50
144.628441
 51
180.059385
  0
ARC
  5
593
330
56B
100
AcDbEntity
  8
000 - EQUIPAMIENTO
100
AcDbCircle
 10
0.259467
 20
0.077863
 30
0.0
 40
0.008
100
AcDbArc
 50
0.059385
 51
46.427375
  0
ARC
  5
594
330
56B
100
AcDbEntity
  8
000 - EQUIPAMIENTO
100
AcDbCircle
 10
0.275481
 20
0.065069
 30
0.0
 40
0.008
100
AcDbArc
 50
180.059385
 51
215.49033
  0
ARC
  5
595
330
56B
100
AcDbEntity
  8
000 - EQUIPAMIENTO
100
AcDbCircle
 10
0.290675
 20
0.176652
 30
0.0
 40
0.028
100
AcDbArc
 50
101.779541
 51
188.289491
  0
ARC
  5
596
330
56B
100
AcDbEntity
  8
000 - EQUIPAMIENTO
100
AcDbCircle
 10
0.412473
 20
-0.407403
 30
0.0
 40
0.624619963147622
100
AcDbArc
 50
90.0
 51
101.779541
  0
ARC
  5
597
330
56B
100
AcDbEntity
  8
000 - EQUIPAMIENTO
100
AcDbCircle
 10
0.290675
 20
-0.172219
 30
0.0
 40
0.028
100
AcDbArc
 50
171.710509
 51
258.220459
  0
ARC
  5
598
330
56B
100
AcDbEntity
  8
000 - EQUIPAMIENTO
100
AcDbCircle
 10
0.412473
 20
0.411837
 30
0.0
 40
0.624619963147622
100
AcDbArc
 50
258.220459
 51
270.0
  0
ARC
  5
599
330
56B
100
AcDbEntity
  8
000 - EQUIPAMIENTO
100
AcDbCircle
 10
0.187546
 20
0.002368
 30
0.0
 40
0.1
100
AcDbArc
 50
29.128699
 51
35.49033
  0
ARC
  5
59A
330
56B
100
AcDbEntity
  8
000 - EQUIPAMIENTO
100
AcDbCircle
 10
-1.027446
 20
-0.015394
 30
0.0
 40
1.304038379609825
100
AcDbArc
 50
0.773795
 51
8.289491
  0
ARC
  5
59B
330
56B
100
AcDbEntity
  8
000 - EQUIPAMIENTO
100
AcDbCircle
 10
-1.027446
 20
0.019827
 30
0.0
 40
1.304038379609825
100
AcDbArc
 50
351.710509
 51
359.226205
  0
ARC
  5
59C
330
56B
100
AcDbEntity
  8
000 - EQUIPAMIENTO
100
AcDbCircle
 10
0.187546
 20
0.002368
 30
0.0
 40
0.1
100
AcDbArc
 50
324.628441
 51
330.891305
  0
ARC
  5
59D
330
56B
100
AcDbEntity
  8
000 - EQUIPAMIENTO
100
AcDbCircle
 10
-0.041999
 20
-0.01885
 30
0.0
 40
0.187770751814762
100
AcDbArc
 50
36.108162
 51
46.378791
  0
ARC
  5
59E
330
56B
100
AcDbEntity
  8
000 - EQUIPAMIENTO
100
AcDbCircle
 10
0.0
 20
0.0
 30
0.0
 40
0.1430480453281657
100
AcDbArc
 50
0.059385
 51
39.924466
  0
ARC
  5
59F
330
56B
100
AcDbEntity
  8
000 - EQUIPAMIENTO
100
AcDbCircle
 10
-0.019487
 20
-0.00002
 30
0.0
 40
0.1674644451933609
100
AcDbArc
 50
143.116522
 51
180.059385
  0
ARC
  5
5A0
330
56B
100
AcDbEntity
  8
000 - EQUIPAMIENTO
100
AcDbCircle
 10
-0.020062
 20
0.000186
 30
0.0
 40
0.1973905956151455
100
AcDbArc
 50
93.963589
 51
180.119507
  0
LINE
  5
5A1
330
56B
100
AcDbEntity
  8
000 - EQUIPAMIENTO
100
AcDbLine
 10
0.267481
 20
0.065061
 30
0.0
 11
0.267467
 21
0.077871
 31
0.0
  0
ARC
  5
5A2
330
56B
100
AcDbEntity
  8
000 - EQUIPAMIENTO
100
AcDbCircle
 10
-0.026041
 20
-0.030397
 30
0.0
 40
0.186145991681309
100
AcDbArc
 50
52.397501
 51
119.943791
  0
ARC
  5
5A3
330
56B
100
AcDbEntity
  8
000 - EQUIPAMIENTO
100
AcDbCircle
 10
-0.065281
 20
0.035295
 30
0.0
 40
0.1096433880569993
100
AcDbArc
 50
119.310244
 51
143.514819
  0
ARC
  5
5A4
330
56B
100
AcDbEntity
  8
000 - EQUIPAMIENTO
100
AcDbCircle
 10
-0.019466
 20
-0.215326
 30
0.0
 40
0.4126768271820834
100
AcDbArc
 50
46.427375
 51
91.977505
  0
ARC
  5
5A5
330
56B
100
AcDbEntity
  8
000 - EQUIPAMIENTO
100
AcDbCircle
 10
-0.019708
 20
0.02345
 30
0.0
 40
0.2210420600047739
100
AcDbArc
 50
260.603442
 51
266.475246
  0
ARC
  5
5A6
330
56B
100
AcDbEntity
  8
000 - EQUIPAMIENTO
100
AcDbCircle
 10
-0.019912
 20
0.215285
 30
0.0
 40
0.4126768271820834
100
AcDbArc
 50
268.141266
 51
313.691396
  0
ARC
  5
5A7
330
56B
100
AcDbEntity
  8
000 - EQUIPAMIENTO
100
AcDbCircle
 10
-0.065207
 20
-0.03543
 30
0.0
 40
0.1096433880569993
100
AcDbArc
 50
216.603952
 51
240.808527
  0
ARC
  5
5A8
330
56B
100
AcDbEntity
  8
000 - EQUIPAMIENTO
100
AcDbCircle
 10
-0.026104
 20
0.030343
 30
0.0
 40
0.186145991681309
100
AcDbArc
 50
240.17498
 51
307.72127
  0
LINE
  5
5A9
330
56B
100
AcDbEntity
  8
000 - EQUIPAMIENTO
100
AcDbLine
 10
0.267611
 20
-0.060159
 30
0.0
 11
0.267628
 21
-0.077316
 31
0.0
  0
ARC
  5
5AA
330
56B
100
AcDbEntity
  8
000 - EQUIPAMIENTO
100
AcDbCircle
 10
-0.019487
 20
-0.00002
 30
0.0
 40
0.1979644451933609
100
AcDbArc
 50
180.059385
 51
259.4315
  0
ARC
  5
5AB
330
56B
100
AcDbEntity
  8
000 - EQUIPAMIENTO
100
AcDbCircle
 10
-0.019487
 20
-0.00002
 30
0.0
 40
0.1674644451933609
100
AcDbArc
 50
180.059385
 51
217.002249
  0
ARC
  5
5AC
330
56B
100
AcDbEntity
  8
000 - EQUIPAMIENTO
100
AcDbCircle
 10
0.0
 20
0.0
 30
0.0
 40
0.1430480453281657
100
AcDbArc
 50
320.194305
 51
0.059385
  0
ARC
  5
5AD
330
56B
100
AcDbEntity
  8
000 - EQUIPAMIENTO
100
AcDbCircle
 10
-0.042038
 20
0.018763
 30
0.0
 40
0.187770751814762
100
AcDbArc
 50
313.73998
 51
324.010609
  0
ENDBLK
  5
5AE
330
56B
100
AcDbEntity
  8
0
100
AcDbBlockEnd
  0
BLOCK
  5
5B1
330
5B0
100
AcDbEntity
  8
0
100
AcDbBlockBegin
  2
000 - EQUIPAMIENTO - BIDE
 70
     0
 10
0.0
 20
0.0
 30
0.0
  3
000 - EQUIPAMIENTO - BIDE
  1
000 - EQUIPAMIENTO - BIDE
  0
LINE
  5
5B2
330
5B0
100
AcDbEntity
  8
000 - EQUIPAMIENTO
100
AcDbLine
 10
9.228301
 20
64.027199
 30
0.0
 11
9.228301
 21
64.027199
 31
0.0
  0
CIRCLE
  5
5B3
330
5B0
100
AcDbEntity
  8
000 - EQUIPAMIENTO
100
AcDbCircle
 10
9.361234
 20
64.195387
 30
0.0
 40
0.023
  0
LWPOLYLINE
  5
5B4
330
5B0
100
AcDbEntity
  8
000 - EQUIPAMIENTO
100
AcDbPolyline
 90
       10
 70
     1
 43
0.0
 10
9.361234
 20
63.835387
 42
0.246826
 10
9.491383
 20
63.903804
 42
0.151861
 10
9.535711
 20
64.046387
 42
0.10033
 10
9.496475
 20
64.321729
 42
0.271364
 10
9.45392
 20
64.357521
 42
0.042357
 10
9.361234
 20
64.365387
 42
0.042357
 10
9.268548
 20
64.357521
 42
0.271364
 10
9.225993
 20
64.321729
 42
0.10033
 10
9.186757
 20
64.046387
 42
0.151861
 10
9.231085
 20
63.903804
 42
0.246826
  0
LWPOLYLINE
  5
5B5
330
5B0
100
AcDbEntity
  8
000 - EQUIPAMIENTO
100
AcDbPolyline
 90
       10
 70
     1
 43
0.0
 10
9.278489
 20
64.249127
 42
0.318789
 10
9.236867
 20
64.208911
 42
0.069237
 10
9.228301
 20
64.027199
 42
0.151427
 10
9.275957
 20
63.911828
 42
0.20471
 10
9.361234
 20
63.875387
 42
0.20471
 10
9.446511
 20
63.911828
 42
0.151427
 10
9.494167
 20
64.027199
 42
0.069237
 10
9.485601
 20
64.208911
 42
0.318789
 10
9.443979
 20
64.249127
 42
0.037773
 10
9.361234
 20
64.255387
 42
0.037773
  0
ENDBLK
  5
5B6
330
5B0
100
AcDbEntity
  8
0
100
AcDbBlockEnd
  0
BLOCK
  5
5BF
330
5BC
100
AcDbEntity
  8
0
100
AcDbBlockBegin
  2
estanteria_liviana_90x45
 70
     0
 10
0.0
 20
0.0
 30
0.0
  3
estanteria_liviana_90x45
  1
estanteria_liviana_90x45
  0
LWPOLYLINE
  5
5C0
330
5BC
100
AcDbEntity
  8
0
100
AcDbPolyline
 90
        4
 70
     1
 43
0.0
 10
-0.9125
 20
0.0
 10
-0.9125
 20
0.451
 10
0.0005
 20
0.451
 10
0.0005
 20
0.0
  0
LINE
  5
5C1
330
5BC
100
AcDbEntity
  8
0
100
AcDbLine
 10
-0.0345
 20
0.0
 30
0.0
 11
-0.0025
 21
0.0
 31
0.0
  0
LINE
  5
5C2
330
5BC
100
AcDbEntity
  8
0
100
AcDbLine
 10
-0.0345
 20
-0.002
 30
0.0
 11
-0.0025
 21
-0.002
 31
0.0
  0
LINE
  5
5C3
330
5BC
100
AcDbEntity
  8
0
100
AcDbLine
 10
0.0005
 20
0.003
 30
0.0
 11
0.0005
 21
0.035
 31
0.0
  0
LINE
  5
5C4
330
5BC
100
AcDbEntity
  8
0
100
AcDbLine
 10
0.0025
 20
0.003
 30
0.0
 11
0.0025
 21
0.035
 31
0.0
  0
LINE
  5
5C5
330
5BC
100
AcDbEntity
  8
0
100
AcDbLine
 10
-0.0345
 20
0.0
 30
0.0
 11
-0.0345
 21
-0.002
 31
0.0
  0
LINE
  5
5C6
330
5BC
100
AcDbEntity
  8
0
100
AcDbLine
 10
0.0005
 20
0.035
 30
0.0
 11
0.0025
 21
0.035
 31
0.0
  0
ARC
  5
5C7
330
5BC
100
AcDbEntity
  8
0
100
AcDbCircle
 10
-0.0025
 20
0.003
 30
0.0
 40
0.003
100
AcDbArc
 50
270.0
 51
0.0
  0
ARC
  5
5C8
330
5BC
100
AcDbEntity
  8
0
100
AcDbCircle
 10
-0.0025
 20
0.003
 30
0.0
 40
0.005
100
AcDbArc
 50
270.0
 51
0.0
  0
LINE
  5
5C9
330
5BC
100
AcDbEntity
  8
0
100
AcDbLine
 10
-0.0345
 20
0.451
 30
0.0
 11
-0.0025
 21
0.451
 31
0.0
  0
LINE
  5
5CA
330
5BC
100
AcDbEntity
  8
0
100
AcDbLine
 10
-0.0345
 20
0.453
 30
0.0
 11
-0.0025
 21
0.453
 31
0.0
  0
LINE
  5
5CB
330
5BC
100
AcDbEntity
  8
0
100
AcDbLine
 10
0.0005
 20
0.448
 30
0.0
 11
0.0005
 21
0.416
 31
0.0
  0
LINE
  5
5CC
330
5BC
100
AcDbEntity
  8
0
100
AcDbLine
 10
0.0025
 20
0.448
 30
0.0
 11
0.0025
 21
0.416
 31
0.0
  0
LINE
  5
5CD
330
5BC
100
AcDbEntity
  8
0
100
AcDbLine
 10
-0.0345
 20
0.451
 30
0.0
 11
-0.0345
 21
0.453
 31
0.0
  0
LINE
  5
5CE
330
5BC
100
AcDbEntity
  8
0
100
AcDbLine
 10
0.0005
 20
0.416
 30
0.0
 11
0.0025
 21
0.416
 31
0.0
  0
ARC
  5
5CF
330
5BC
100
AcDbEntity
  8
0
100
AcDbCircle
 10
-0.0025
 20
0.448
 30
0.0
 40
0.003
100
AcDbArc
 50
0.0
 51
90.0
  0
ARC
  5
5D0
330
5BC
100
AcDbEntity
  8
0
100
AcDbCircle
 10
-0.0025
 20
0.448
 30
0.0
 40
0.005
100
AcDbArc
 50
0.0
 51
90.0
  0
LINE
  5
5D1
330
5BC
100
AcDbEntity
  8
0
100
AcDbLine
 10
-0.8755
 20
0.0
 30
0.0
 11
-0.9075
 21
0.0
 31
0.0
  0
LINE
  5
5D2
330
5BC
100
AcDbEntity
  8
0
100
AcDbLine
 10
-0.8755
 20
-0.002
 30
0.0
 11
-0.9075
 21
-0.002
 31
0.0
  0
LINE
  5
5D3
330
5BC
100
AcDbEntity
  8
0
100
AcDbLine
 10
-0.9105
 20
0.003
 30
0.0
 11
-0.9105
 21
0.035
 31
0.0
  0
LINE
  5
5D4
330
5BC
100
AcDbEntity
  8
0
100
AcDbLine
 10
-0.9125
 20
0.003
 30
0.0
 11
-0.9125
 21
0.035
 31
0.0
  0
LINE
  5
5D5
330
5BC
100
AcDbEntity
  8
0
100
AcDbLine
 10
-0.8755
 20
0.0
 30
0.0
 11
-0.8755
 21
-0.002
 31
0.0
  0
LINE
  5
5D6
330
5BC
100
AcDbEntity
  8
0
100
AcDbLine
 10
-0.9105
 20
0.035
 30
0.0
 11
-0.9125
 21
0.035
 31
0.0
  0
ARC
  5
5D7
330
5BC
100
AcDbEntity
  8
0
100
AcDbCircle
 10
-0.9075
 20
0.003
 30
0.0
 40
0.003
100
AcDbArc
 50
180.0
 51
270.0
  0
ARC
  5
5D8
330
5BC
100
AcDbEntity
  8
0
100
AcDbCircle
 10
-0.9075
 20
0.003
 30
0.0
 40
0.005
100
AcDbArc
 50
180.0
 51
270.0
  0
LINE
  5
5D9
330
5BC
100
AcDbEntity
  8
0
100
AcDbLine
 10
-0.8755
 20
0.451
 30
0.0
 11
-0.9075
 21
0.451
 31
0.0
  0
LINE
  5
5DA
330
5BC
100
AcDbEntity
  8
0
100
AcDbLine
 10
-0.8755
 20
0.453
 30
0.0
 11
-0.9075
 21
0.453
 31
0.0
  0
LINE
  5
5DB
330
5BC
100
AcDbEntity
  8
0
100
AcDbLine
 10
-0.9105
 20
0.448
 30
0.0
 11
-0.9105
 21
0.416
 31
0.0
  0
LINE
  5
5DC
330
5BC
100
AcDbEntity
  8
0
100
AcDbLine
 10
-0.9125
 20
0.448
 30
0.0
 11
-0.9125
 21
0.416
 31
0.0
  0
LINE
  5
5DD
330
5BC
100
AcDbEntity
  8
0
100
AcDbLine
 10
-0.8755
 20
0.451
 30
0.0
 11
-0.8755
 21
0.453
 31
0.0
  0
LINE
  5
5DE
330
5BC
100
AcDbEntity
  8
0
100
AcDbLine
 10
-0.9105
 20
0.416
 30
0.0
 11
-0.9125
 21
0.416
 31
0.0
  0
ARC
  5
5DF
330
5BC
100
AcDbEntity
  8
0
100
AcDbCircle
 10
-0.9075
 20
0.448
 30
0.0
 40
0.003
100
AcDbArc
 50
90.0
 51
180.0
  0
ARC
  5
5E0
330
5BC
100
AcDbEntity
  8
0
100
AcDbCircle
 10
-0.9075
 20
0.448
 30
0.0
 40
0.005
100
AcDbArc
 50
90.0
 51
180.0
  0
ENDBLK
  5
5E1
330
5BC
100
AcDbEntity
  8
0
100
AcDbBlockEnd
  0
BLOCK
  5
5F9
330
5F8
100
AcDbEntity
  8
0
100
AcDbBlockBegin
  2
000 - EQUIPAMIENTO - BACHA
 70
     0
 10
0.0
 20
0.0
 30
0.0
  3
000 - EQUIPAMIENTO - BACHA
  1
000 - EQUIPAMIENTO - BACHA
  0
ARC
  5
5FA
330
5F8
100
AcDbEntity
  8
000 - EQUIPAMIENTO
 48
0.5
100
AcDbCircle
 10
12.294692
 20
64.832182
 30
0.0
 40
0.03
100
AcDbArc
 50
90.0
 51
180.0
  0
ARC
  5
5FB
330
5F8
100
AcDbEntity
  8
000 - EQUIPAMIENTO
 48
0.5
100
AcDbCircle
 10
12.294692
 20
64.462182
 30
0.0
 40
0.03
100
AcDbArc
 50
180.0
 51
270.0
  0
LINE
  5
5FC
330
5F8
100
AcDbEntity
  8
000 - EQUIPAMIENTO
 48
0.5
100
AcDbLine
 10
12.264692
 20
64.832182
 30
0.0
 11
12.264692
 21
64.462182
 31
0.0
  0
ARC
  5
5FD
330
5F8
100
AcDbEntity
  8
000 - EQUIPAMIENTO
 48
0.5
100
AcDbCircle
 10
12.548028
 20
64.50051
 30
0.0
 40
0.0684099025766299
100
AcDbArc
 50
267.205091
 51
325.925011
  0
LINE
  5
5FE
330
5F8
100
AcDbEntity
  8
000 - EQUIPAMIENTO
 48
0.5
100
AcDbLine
 10
12.294692
 20
64.432182
 30
0.0
 11
12.544692
 21
64.432182
 31
0.0
  0
LINE
  5
5FF
330
5F8
100
AcDbEntity
  8
000 - EQUIPAMIENTO
 48
0.5
100
AcDbLine
 10
12.294692
 20
64.862182
 30
0.0
 11
12.544692
 21
64.862182
 31
0.0
  0
LINE
  5
600
330
5F8
100
AcDbEntity
  8
000 - EQUIPAMIENTO
 48
0.5
100
AcDbLine
 10
12.604692
 20
64.832182
 30
0.0
 11
12.604692
 21
64.462182
 31
0.0
  0
ARC
  5
601
330
5F8
100
AcDbEntity
  8
000 - EQUIPAMIENTO
 48
0.5
100
AcDbCircle
 10
12.548028
 20
64.793853
 30
0.0
 40
0.0684099025766401
100
AcDbArc
 50
34.074989
 51
92.794909
  0
CIRCLE
  5
602
330
5F8
100
AcDbEntity
  8
000 - EQUIPAMIENTO
100
AcDbCircle
 10
12.434195
 20
64.642182
 30
0.0
 40
0.0399999999999991
  0
CIRCLE
  5
603
330
5F8
100
AcDbEntity
  8
000 - EQUIPAMIENTO
100
AcDbCircle
 10
12.434195
 20
64.642182
 30
0.0
 40
0.0199999999999991
  0
ENDBLK
  5
604
330
5F8
100
AcDbEntity
  8
0
100
AcDbBlockEnd
  0
BLOCK
  5
607
330
606
100
AcDbEntity
  8
0
100
AcDbBlockBegin
  2
000 - EQUIPAMIENTO - HELADERA 060 x 060
 70
     0
 10
0.0
 20
0.0
 30
0.0
  3
000 - EQUIPAMIENTO - HELADERA 060 x 060
  1
000 - EQUIPAMIENTO - HELADERA 060 x 060
  0
LINE
  5
608
330
606
100
AcDbEntity
  8
0
370
     0
100
AcDbLine
 10
6026.063278
 20
1321.855536
 30
0.0
 11
6026.080992
 21
1321.855536
 31
0.0
  0
LINE
  5
609
330
606
100
AcDbEntity
  8
0
370
     0
100
AcDbLine
 10
6026.063278
 20
1321.40797
 30
0.0
 11
6026.080992
 21
1321.40797
 31
0.0
  0
LINE
  5
60A
330
606
100
AcDbEntity
  8
0
370
     0
100
AcDbLine
 10
6026.063278
 20
1321.40797
 30
0.0
 11
6026.063278
 21
1321.855536
 31
0.0
  0
LINE
  5
60B
330
606
100
AcDbEntity
  8
0
370
     0
100
AcDbLine
 10
6026.080992
 20
1321.40797
 30
0.0
 11
6026.080992
 21
1321.855536
 31
0.0
  0
LINE
  5
60C
330
606
100
AcDbEntity
  8
0
370
     0
100
AcDbLine
 10
6025.42785
 20
1321.38152
 30
0.0
 11
6025.44335
 21
1321.38152
 31
0.0
  0
LINE
  5
60D
330
606
100
AcDbEntity
  8
0
370
     0
100
AcDbLine
 10
6025.42785
 20
1321.331753
 30
0.0
 11
6025.44335
 21
1321.331753
 31
0.0
  0
LINE
  5
60E
330
606
100
AcDbEntity
  8
0
370
     0
100
AcDbLine
 10
6025.42785
 20
1321.331753
 30
0.0
 11
6025.42785
 21
1321.38152
 31
0.0
  0
LINE
  5
60F
330
606
100
AcDbEntity
  8
0
370
     0
100
AcDbLine
 10
6025.44335
 20
1321.331753
 30
0.0
 11
6025.44335
 21
1321.38152
 31
0.0
  0
LINE
  5
610
330
606
100
AcDbEntity
  8
0
370
     0
100
AcDbLine
 10
6025.44335
 20
1321.331753
 30
0.0
 11
6025.45885
 21
1321.331753
 31
0.0
  0
LINE
  5
611
330
606
100
AcDbEntity
  8
0
370
     0
100
AcDbLine
 10
6025.480992
 20
1321.931753
 30
0.0
 11
6025.480992
 21
1321.331753
 31
0.0
  0
LINE
  5
612
330
606
100
AcDbEntity
  8
0
370
     0
100
AcDbLine
 10
6025.45885
 20
1321.331753
 30
0.0
 11
6025.45885
 21
1321.931753
 31
0.0
  0
LINE
  5
613
330
606
100
AcDbEntity
  8
0
370
     0
100
AcDbLine
 10
6025.44335
 20
1321.331753
 30
0.0
 11
6025.44335
 21
1321.931753
 31
0.0
  0
LINE
  5
614
330
606
100
AcDbEntity
  8
0
370
     0
100
AcDbLine
 10
6026.036707
 20
1321.331753
 30
0.0
 11
6026.036707
 21
1321.931753
 31
0.0
  0
LINE
  5
615
330
606
100
AcDbEntity
  8
0
370
     0
100
AcDbLine
 10
6026.036707
 20
1321.331753
 30
0.0
 11
6025.480992
 21
1321.331753
 31
0.0
  0
LINE
  5
616
330
606
100
AcDbEntity
  8
0
370
     0
100
AcDbLine
 10
6026.036707
 20
1321.931753
 30
0.0
 11
6025.480992
 21
1321.931753
 31
0.0
  0
ENDBLK
  5
617
330
606
100
AcDbEntity
  8
0
100
AcDbBlockEnd
  0
BLOCK
  5
61E
330
61B
100
AcDbEntity
  8
0
100
AcDbBlockBegin
  2
A$C741D6D8E
 70
     0
 10
0.0
 20
0.0
 30
0.0
  3
A$C741D6D8E
  1
A$C741D6D8E
  0
LINE
  5
61F
330
61B
100
AcDbEntity
  8
Mobiliario
100
AcDbLine
 10
0.455
 20
1.805
 30
0.0
 11
0.0
 21
1.805
 31
0.0
  0
LINE
  5
620
330
61B
100
AcDbEntity
  8
Mobiliario
100
AcDbLine
 10
0.0
 20
1.8003
 30
0.0
 11
0.0
 21
0.0
 31
0.0
  0
LINE
  5
621
330
61B
100
AcDbEntity
  8
Mobiliario
100
AcDbLine
 10
0.0
 20
0.0
 30
0.0
 11
0.455
 21
0.0
 31
0.0
  0
LINE
  5
622
330
61B
100
AcDbEntity
  8
Mobiliario
100
AcDbLine
 10
0.455
 20
0.0
 30
0.0
 11
0.455
 21
1.805
 31
0.0
  0
ENDBLK
  5
623
330
61B
100
AcDbEntity
  8
0
100
AcDbBlockEnd
  0
BLOCK
  5
648
330
647
100
AcDbEntity
  8
0
100
AcDbBlockBegin
  2
Niv-p
 70
     2
 10
0.0
 20
0.0
 30
0.0
  3
Niv-p
  1
Niv-p
  0
LWPOLYLINE
  5
649
330
647
100
AcDbEntity
  8
0
 62
     4
100
AcDbPolyline
 90
        2
 70
     0
 43
0.00144
 10
0.0
 20
-0.00072
 42
-0.414214
 10
-0.00072
 20
0.0
 42
0.0
  0
LWPOLYLINE
  5
64A
330
647
100
AcDbEntity
  8
0
 62
     4
100
AcDbPolyline
 90
        2
 70
     0
 43
0.00144
 10
0.0
 20
0.00072
 42
-0.414214
 10
0.00072
 20
0.0
 42
0.0
  0
LINE
  5
64B
330
647
100
AcDbEntity
  8
0
 62
     2
100
AcDbLine
 10
0.0
 20
0.0
 30
0.0
 11
0.009933
 21
0.0
 31
0.0
  0
LINE
  5
64C
330
647
100
AcDbEntity
  8
0
 62
     2
100
AcDbLine
 10
0.0
 20
0.0
 30
0.0
 11
0.0
 21
-0.002159
 31
0.0
  0
LINE
  5
64D
330
647
100
AcDbEntity
  8
0
 62
     2
100
AcDbLine
 10
-0.002159
 20
0.0
 30
0.0
 11
0.0
 21
0.0
 31
0.0
  0
LINE
  5
64E
330
647
100
AcDbEntity
  8
0
 62
     2
100
AcDbLine
 10
0.0
 20
0.002159
 30
0.0
 11
0.0
 21
0.0
 31
0.0
  0
CIRCLE
  5
64F
330
647
100
AcDbEntity
  8
0
 62
     2
100
AcDbCircle
 10
0.0
 20
0.0
 30
0.0
 40
0.00144
  0
ATTDEF
  5
650
330
647
100
AcDbEntity
  8
0
 62
     3
100
AcDbText
 10
0.003373
 20
0.000843
 30
0.0
 40
0.0018
  1

 41
0.75
  7
DIM
100
AcDbAttributeDefinition
  3
INGRESE NIVEL DE PISO
  2
NIVEL
 70
     0
280
     0
  0
ENDBLK
  5
651
330
647
100
AcDbEntity
  8
0
100
AcDbBlockEnd
  0
BLOCK
  5
670
330
66F
100
AcDbEntity
  8
0
100
AcDbBlockBegin
  2
*D25
 70
     1
 10
0.0
 20
0.0
 30
0.0
  3
*D25
  1
*D25
  0
LINE
  5
671
330
66F
100
AcDbEntity
  8
000 - COTAS
 62
   252
370
    -2
100
AcDbLine
 10
93.571196
 20
84.642032
 30
0.0
 11
93.571196
 21
83.292032
 31
0.0
  0
LINE
  5
672
330
66F
100
AcDbEntity
  8
000 - COTAS
 62
   252
370
    -2
100
AcDbLine
 10
95.033696
 20
84.642032
 30
0.0
 11
95.033696
 21
83.292032
 31
0.0
  0
LINE
  5
673
330
66F
100
AcDbEntity
  8
000 - COTAS
 62
   252
100
AcDbLine
 10
93.471196
 20
83.392032
 30
0.0
 11
95.133696
 21
83.392032
 31
0.0
  0
INSERT
  5
674
330
66F
100
AcDbEntity
  8
000 - COTAS
 62
   252
100
AcDbBlockReference
  2
_OBLIQUE
 10
93.571196
 20
83.392032
 30
0.0
 41
0.15
 42
0.15
 43
0.15
 50
180.0
  0
INSERT
  5
675
330
66F
100
AcDbEntity
  8
000 - COTAS
 62
   252
100
AcDbBlockReference
  2
_OBLIQUE
 10
95.033696
 20
83.392032
 30
0.0
 41
0.15
 42
0.15
 43
0.15
  0
MTEXT
  5
676
330
66F
100
AcDbEntity
  8
000 - COTAS
 62
     7
100
AcDbMText
 10
94.302446
 20
83.557032
 30
0.0
 40
0.3
 41
0.0
 46
0.0
 71
     5
 72
     1
  1
1.46
 73
     1
 44
1.0
  0
POINT
  5
677
330
66F
100
AcDbEntity
  8
Defpoints
 62
     0
100
AcDbPoint
 10
93.571196
 20
84.820957
 30
0.0
  0
POINT
  5
678
330
66F
100
AcDbEntity
  8
Defpoints
 62
     0
100
AcDbPoint
 10
95.033696
 20
84.820957
 30
0.0
  0
POINT
  5
679
330
66F
100
AcDbEntity
  8
Defpoints
 62
     0
100
AcDbPoint
 10
95.033696
 20
83.392032
 30
0.0
  0
ENDBLK
  5
67A
330
66F
100
AcDbEntity
  8
0
100
AcDbBlockEnd
  0
BLOCK
  5
68D
330
68C
100
AcDbEntity
  8
0
100
AcDbBlockBegin
  2
*D26
 70
     1
 10
0.0
 20
0.0
 30
0.0
  3
*D26
  1
*D26
  0
LINE
  5
68E
330
68C
100
AcDbEntity
  8
000 - COTAS
 62
   252
370
    -2
100
AcDbLine
 10
96.796196
 20
84.642032
 30
0.0
 11
96.796196
 21
83.292032
 31
0.0
  0
LINE
  5
68F
330
68C
100
AcDbEntity
  8
000 - COTAS
 62
   252
370
    -2
100
AcDbLine
 10
103.346196
 20
84.642032
 30
0.0
 11
103.346196
 21
83.292032
 31
0.0
  0
LINE
  5
690
330
68C
100
AcDbEntity
  8
000 - COTAS
 62
   252
100
AcDbLine
 10
96.696196
 20
83.392032
 30
0.0
 11
103.446196
 21
83.392032
 31
0.0
  0
INSERT
  5
691
330
68C
100
AcDbEntity
  8
000 - COTAS
 62
   252
100
AcDbBlockReference
  2
_OBLIQUE
 10
96.796196
 20
83.392032
 30
0.0
 41
0.15
 42
0.15
 43
0.15
 50
180.0
  0
INSERT
  5
692
330
68C
100
AcDbEntity
  8
000 - COTAS
 62
   252
100
AcDbBlockReference
  2
_OBLIQUE
 10
103.346196
 20
83.392032
 30
0.0
 41
0.15
 42
0.15
 43
0.15
  0
MTEXT
  5
693
330
68C
100
AcDbEntity
  8
000 - COTAS
 62
     7
100
AcDbMText
 10
100.071196
 20
83.557032
 30
0.0
 40
0.3
 41
0.0
 46
0.0
 71
     5
 72
     1
  1
6.55
 73
     1
 44
1.0
  0
POINT
  5
694
330
68C
100
AcDbEntity
  8
Defpoints
 62
     0
100
AcDbPoint
 10
96.796196
 20
84.820957
 30
0.0
  0
POINT
  5
695
330
68C
100
AcDbEntity
  8
Defpoints
 62
     0
100
AcDbPoint
 10
103.346196
 20
84.820957
 30
0.0
  0
POINT
  5
696
330
68C
100
AcDbEntity
  8
Defpoints
 62
     0
100
AcDbPoint
 10
103.346196
 20
83.392032
 30
0.0
  0
ENDBLK
  5
697
330
68C
100
AcDbEntity
  8
0
100
AcDbBlockEnd
  0
BLOCK
  5
69C
330
69B
100
AcDbEntity
  8
0
100
AcDbBlockBegin
  2
*D27
 70
     1
 10
0.0
 20
0.0
 30
0.0
  3
*D27
  1
*D27
  0
LINE
  5
69D
330
69B
100
AcDbEntity
  8
000 - COTAS
 62
   252
370
    -2
100
AcDbLine
 10
80.471196
 20
84.642032
 30
0.0
 11
80.471196
 21
83.292032
 31
0.0
  0
LINE
  5
69E
330
69B
100
AcDbEntity
  8
000 - COTAS
 62
   252
370
    -2
100
AcDbLine
 10
91.873696
 20
84.642032
 30
0.0
 11
91.873696
 21
83.292032
 31
0.0
  0
LINE
  5
69F
330
69B
100
AcDbEntity
  8
000 - COTAS
 62
   252
100
AcDbLine
 10
80.371196
 20
83.392032
 30
0.0
 11
91.973696
 21
83.392032
 31
0.0
  0
INSERT
  5
6A0
330
69B
100
AcDbEntity
  8
000 - COTAS
 62
   252
100
AcDbBlockReference
  2
_OBLIQUE
 10
80.471196
 20
83.392032
 30
0.0
 41
0.15
 42
0.15
 43
0.15
 50
180.0
  0
INSERT
  5
6A1
330
69B
100
AcDbEntity
  8
000 - COTAS
 62
   252
100
AcDbBlockReference
  2
_OBLIQUE
 10
91.873696
 20
83.392032
 30
0.0
 41
0.15
 42
0.15
 43
0.15
  0
MTEXT
  5
6A2
330
69B
100
AcDbEntity
  8
000 - COTAS
 62
     7
100
AcDbMText
 10
86.172446
 20
83.557032
 30
0.0
 40
0.3
 41
0.0
 46
0.0
 71
     5
 72
     1
  1
11.40
 73
     1
 44
1.0
  0
POINT
  5
6A3
330
69B
100
AcDbEntity
  8
Defpoints
 62
     0
100
AcDbPoint
 10
80.471196
 20
84.820957
 30
0.0
  0
POINT
  5
6A4
330
69B
100
AcDbEntity
  8
Defpoints
 62
     0
100
AcDbPoint
 10
91.873696
 20
84.820957
 30
0.0
  0
POINT
  5
6A5
330
69B
100
AcDbEntity
  8
Defpoints
 62
     0
100
AcDbPoint
 10
91.873696
 20
83.392032
 30
0.0
  0
ENDBLK
  5
6A6
330
69B
100
AcDbEntity
  8
0
100
AcDbBlockEnd
  0
BLOCK
  5
6AB
330
6AA
100
AcDbEntity
  8
0
100
AcDbBlockBegin
  2
*D28
 70
     1
 10
0.0
 20
0.0
 30
0.0
  3
*D28
  1
*D28
  0
LINE
  5
6AC
330
6AA
100
AcDbEntity
  8
000 - COTAS
 62
   252
370
    -2
100
AcDbLine
 10
91.973696
 20
84.642032
 30
0.0
 11
91.973696
 21
83.292032
 31
0.0
  0
LINE
  5
6AD
330
6AA
100
AcDbEntity
  8
000 - COTAS
 62
   252
370
    -2
100
AcDbLine
 10
93.471196
 20
84.642032
 30
0.0
 11
93.471196
 21
83.292032
 31
0.0
  0
LINE
  5
6AE
330
6AA
100
AcDbEntity
  8
000 - COTAS
 62
   252
100
AcDbLine
 10
91.873696
 20
83.392032
 30
0.0
 11
93.571196
 21
83.392032
 31
0.0
  0
INSERT
  5
6AF
330
6AA
100
AcDbEntity
  8
000 - COTAS
 62
   252
100
AcDbBlockReference
  2
_OBLIQUE
 10
91.973696
 20
83.392032
 30
0.0
 41
0.15
 42
0.15
 43
0.15
 50
180.0
  0
INSERT
  5
6B0
330
6AA
100
AcDbEntity
  8
000 - COTAS
 62
   252
100
AcDbBlockReference
  2
_OBLIQUE
 10
93.471196
 20
83.392032
 30
0.0
 41
0.15
 42
0.15
 43
0.15
  0
MTEXT
  5
6B1
330
6AA
100
AcDbEntity
  8
000 - COTAS
 62
     7
100
AcDbMText
 10
92.722446
 20
83.557032
 30
0.0
 40
0.3
 41
0.0
 46
0.0
 71
     5
 72
     1
  1
1.50
 73
     1
 44
1.0
  0
POINT
  5
6B2
330
6AA
100
AcDbEntity
  8
Defpoints
 62
     0
100
AcDbPoint
 10
91.973696
 20
84.820957
 30
0.0
  0
POINT
  5
6B3
330
6AA
100
AcDbEntity
  8
Defpoints
 62
     0
100
AcDbPoint
 10
93.471196
 20
84.820957
 30
0.0
  0
POINT
  5
6B4
330
6AA
100
AcDbEntity
  8
Defpoints
 62
     0
100
AcDbPoint
 10
93.471196
 20
83.392032
 30
0.0
  0
ENDBLK
  5
6B5
330
6AA
100
AcDbEntity
  8
0
100
AcDbBlockEnd
  0
BLOCK
  5
6BA
330
6B9
100
AcDbEntity
  8
0
100
AcDbBlockBegin
  2
*D29
 70
     1
 10
0.0
 20
0.0
 30
0.0
  3
*D29
  1
*D29
  0
LINE
  5
6BB
330
6B9
100
AcDbEntity
  8
000 - COTAS
 62
   252
370
    -2
100
AcDbLine
 10
95.133696
 20
84.642032
 30
0.0
 11
95.133696
 21
83.292032
 31
0.0
  0
LINE
  5
6BC
330
6B9
100
AcDbEntity
  8
000 - COTAS
 62
   252
370
    -2
100
AcDbLine
 10
96.696196
 20
84.642032
 30
0.0
 11
96.696196
 21
83.292032
 31
0.0
  0
LINE
  5
6BD
330
6B9
100
AcDbEntity
  8
000 - COTAS
 62
   252
100
AcDbLine
 10
95.033696
 20
83.392032
 30
0.0
 11
96.796196
 21
83.392032
 31
0.0
  0
INSERT
  5
6BE
330
6B9
100
AcDbEntity
  8
000 - COTAS
 62
   252
100
AcDbBlockReference
  2
_OBLIQUE
 10
95.133696
 20
83.392032
 30
0.0
 41
0.15
 42
0.15
 43
0.15
 50
180.0
  0
INSERT
  5
6BF
330
6B9
100
AcDbEntity
  8
000 - COTAS
 62
   252
100
AcDbBlockReference
  2
_OBLIQUE
 10
96.696196
 20
83.392032
 30
0.0
 41
0.15
 42
0.15
 43
0.15
  0
MTEXT
  5
6C0
330
6B9
100
AcDbEntity
  8
000 - COTAS
 62
     7
100
AcDbMText
 10
95.914946
 20
83.557032
 30
0.0
 40
0.3
 41
0.0
 46
0.0
 71
     5
 72
     1
  1
1.56
 73
     1
 44
1.0
  0
POINT
  5
6C1
330
6B9
100
AcDbEntity
  8
Defpoints
 62
     0
100
AcDbPoint
 10
95.133696
 20
84.820957
 30
0.0
  0
POINT
  5
6C2
330
6B9
100
AcDbEntity
  8
Defpoints
 62
     0
100
AcDbPoint
 10
96.696196
 20
84.820957
 30
0.0
  0
POINT
  5
6C3
330
6B9
100
AcDbEntity
  8
Defpoints
 62
     0
100
AcDbPoint
 10
96.696196
 20
83.392032
 30
0.0
  0
ENDBLK
  5
6C4
330
6B9
100
AcDbEntity
  8
0
100
AcDbBlockEnd
  0
BLOCK
  5
6C9
330
6C8
100
AcDbEntity
  8
0
100
AcDbBlockBegin
  2
*D30
 70
     1
 10
0.0
 20
0.0
 30
0.0
  3
*D30
  1
*D30
  0
LINE
  5
6CA
330
6C8
100
AcDbEntity
  8
000 - COTAS
 62
   252
370
    -2
100
AcDbLine
 10
99.83077
 20
84.820957
 30
0.0
 11
99.79327
 21
84.820957
 31
0.0
  0
LINE
  5
6CB
330
6C8
100
AcDbEntity
  8
000 - COTAS
 62
   252
370
    -2
100
AcDbLine
 10
99.83077
 20
88.820957
 30
0.0
 11
99.79327
 21
88.820957
 31
0.0
  0
LINE
  5
6CC
330
6C8
100
AcDbEntity
  8
000 - COTAS
 62
   252
100
AcDbLine
 10
99.89327
 20
84.720957
 30
0.0
 11
99.89327
 21
88.920957
 31
0.0
  0
INSERT
  5
6CD
330
6C8
100
AcDbEntity
  8
000 - COTAS
 62
   252
100
AcDbBlockReference
  2
_OBLIQUE
 10
99.89327
 20
84.820957
 30
0.0
 41
0.15
 42
0.15
 43
0.15
 50
270.0
  0
INSERT
  5
6CE
330
6C8
100
AcDbEntity
  8
000 - COTAS
 62
   252
100
AcDbBlockReference
  2
_OBLIQUE
 10
99.89327
 20
88.820957
 30
0.0
 41
0.15
 42
0.15
 43
0.15
 50
90.0
  0
MTEXT
  5
6CF
330
6C8
100
AcDbEntity
  8
000 - COTAS
 62
     7
100
AcDbMText
 10
99.72827
 20
86.820957
 30
0.0
 40
0.3
 41
0.0
 46
0.0
 71
     5
 72
     1
  1
4.00
 11
0.0
 21
1.0
 31
0.0
 73
     1
 44
1.0
  0
POINT
  5
6D0
330
6C8
100
AcDbEntity
  8
Defpoints
 62
     0
100
AcDbPoint
 10
99.89327
 20
84.820957
 30
0.0
  0
POINT
  5
6D1
330
6C8
100
AcDbEntity
  8
Defpoints
 62
     0
100
AcDbPoint
 10
99.89327
 20
88.820957
 30
0.0
  0
POINT
  5
6D2
330
6C8
100
AcDbEntity
  8
Defpoints
 62
     0
100
AcDbPoint
 10
99.89327
 20
88.820957
 30
0.0
  0
ENDBLK
  5
6D3
330
6C8
100
AcDbEntity
  8
0
100
AcDbBlockEnd
  0
BLOCK
  5
6D8
330
6D7
100
AcDbEntity
  8
0
100
AcDbBlockBegin
  2
*D31
 70
     1
 10
0.0
 20
0.0
 30
0.0
  3
*D31
  1
*D31
  0
LINE
  5
6D9
330
6D7
100
AcDbEntity
  8
000 - COTAS
 62
   252
370
    -2
100
AcDbLine
 10
107.021196
 20
84.642032
 30
0.0
 11
107.021196
 21
83.292032
 31
0.0
  0
LINE
  5
6DA
330
6D7
100
AcDbEntity
  8
000 - COTAS
 62
   252
370
    -2
100
AcDbLine
 10
109.321196
 20
84.642032
 30
0.0
 11
109.321196
 21
83.292032
 31
0.0
  0
LINE
  5
6DB
330
6D7
100
AcDbEntity
  8
000 - COTAS
 62
   252
100
AcDbLine
 10
106.921196
 20
83.392032
 30
0.0
 11
109.421196
 21
83.392032
 31
0.0
  0
INSERT
  5
6DC
330
6D7
100
AcDbEntity
  8
000 - COTAS
 62
   252
100
AcDbBlockReference
  2
_OBLIQUE
 10
107.021196
 20
83.392032
 30
0.0
 41
0.15
 42
0.15
 43
0.15
 50
180.0
  0
INSERT
  5
6DD
330
6D7
100
AcDbEntity
  8
000 - COTAS
 62
   252
100
AcDbBlockReference
  2
_OBLIQUE
 10
109.321196
 20
83.392032
 30
0.0
 41
0.15
 42
0.15
 43
0.15
  0
MTEXT
  5
6DE
330
6D7
100
AcDbEntity
  8
000 - COTAS
 62
     7
100
AcDbMText
 10
108.171196
 20
83.557032
 30
0.0
 40
0.3
 41
0.0
 46
0.0
 71
     5
 72
     1
  1
2.30
 73
     1
 44
1.0
  0
POINT
  5
6DF
330
6D7
100
AcDbEntity
  8
Defpoints
 62
     0
100
AcDbPoint
 10
107.021196
 20
84.820957
 30
0.0
  0
POINT
  5
6E0
330
6D7
100
AcDbEntity
  8
Defpoints
 62
     0
100
AcDbPoint
 10
109.321196
 20
84.820957
 30
0.0
  0
POINT
  5
6E1
330
6D7
100
AcDbEntity
  8
Defpoints
 62
     0
100
AcDbPoint
 10
109.321196
 20
83.392032
 30
0.0
  0
ENDBLK
  5
6E2
330
6D7
100
AcDbEntity
  8
0
100
AcDbBlockEnd
  0
BLOCK
  5
6E7
330
6E6
100
AcDbEntity
  8
0
100
AcDbBlockBegin
  2
*D32
 70
     1
 10
0.0
 20
0.0
 30
0.0
  3
*D32
  1
*D32
  0
LINE
  5
6E8
330
6E6
100
AcDbEntity
  8
000 - COTAS
 62
   252
370
    -2
100
AcDbLine
 10
103.446196
 20
84.642032
 30
0.0
 11
103.446196
 21
83.292032
 31
0.0
  0
LINE
  5
6E9
330
6E6
100
AcDbEntity
  8
000 - COTAS
 62
   252
370
    -2
100
AcDbLine
 10
106.921196
 20
84.642032
 30
0.0
 11
106.921196
 21
83.292032
 31
0.0
  0
LINE
  5
6EA
330
6E6
100
AcDbEntity
  8
000 - COTAS
 62
   252
100
AcDbLine
 10
103.346196
 20
83.392032
 30
0.0
 11
107.021196
 21
83.392032
 31
0.0
  0
INSERT
  5
6EB
330
6E6
100
AcDbEntity
  8
000 - COTAS
 62
   252
100
AcDbBlockReference
  2
_OBLIQUE
 10
103.446196
 20
83.392032
 30
0.0
 41
0.15
 42
0.15
 43
0.15
 50
180.0
  0
INSERT
  5
6EC
330
6E6
100
AcDbEntity
  8
000 - COTAS
 62
   252
100
AcDbBlockReference
  2
_OBLIQUE
 10
106.921196
 20
83.392032
 30
0.0
 41
0.15
 42
0.15
 43
0.15
  0
MTEXT
  5
6ED
330
6E6
100
AcDbEntity
  8
000 - COTAS
 62
     7
100
AcDbMText
 10
105.183696
 20
83.557032
 30
0.0
 40
0.3
 41
0.0
 46
0.0
 71
     5
 72
     1
  1
3.48
 73
     1
 44
1.0
  0
POINT
  5
6EE
330
6E6
100
AcDbEntity
  8
Defpoints
 62
     0
100
AcDbPoint
 10
103.446196
 20
84.820957
 30
0.0
  0
POINT
  5
6EF
330
6E6
100
AcDbEntity
  8
Defpoints
 62
     0
100
AcDbPoint
 10
106.921196
 20
84.820957
 30
0.0
  0
POINT
  5
6F0
330
6E6
100
AcDbEntity
  8
Defpoints
 62
     0
100
AcDbPoint
 10
106.921196
 20
83.392032
 30
0.0
  0
ENDBLK
  5
6F1
330
6E6
100
AcDbEntity
  8
0
100
AcDbBlockEnd
  0
BLOCK
  5
6F6
330
6F5
100
AcDbEntity
  8
0
100
AcDbBlockBegin
  2
*D33
 70
     1
 10
0.0
 20
0.0
 30
0.0
  3
*D33
  1
*D33
  0
LINE
  5
6F7
330
6F5
100
AcDbEntity
  8
000 - COTAS
 62
   252
370
    -2
100
AcDbLine
 10
91.377119
 20
84.820957
 30
0.0
 11
91.339619
 21
84.820957
 31
0.0
  0
LINE
  5
6F8
330
6F5
100
AcDbEntity
  8
000 - COTAS
 62
   252
370
    -2
100
AcDbLine
 10
91.377119
 20
90.220957
 30
0.0
 11
91.339619
 21
90.220957
 31
0.0
  0
LINE
  5
6F9
330
6F5
100
AcDbEntity
  8
000 - COTAS
 62
   252
100
AcDbLine
 10
91.439619
 20
84.720957
 30
0.0
 11
91.439619
 21
90.320957
 31
0.0
  0
INSERT
  5
6FA
330
6F5
100
AcDbEntity
  8
000 - COTAS
 62
   252
100
AcDbBlockReference
  2
_OBLIQUE
 10
91.439619
 20
84.820957
 30
0.0
 41
0.15
 42
0.15
 43
0.15
 50
270.0
  0
INSERT
  5
6FB
330
6F5
100
AcDbEntity
  8
000 - COTAS
 62
   252
100
AcDbBlockReference
  2
_OBLIQUE
 10
91.439619
 20
90.220957
 30
0.0
 41
0.15
 42
0.15
 43
0.15
 50
90.0
  0
MTEXT
  5
6FC
330
6F5
100
AcDbEntity
  8
000 - COTAS
 62
     7
100
AcDbMText
 10
91.274619
 20
87.520957
 30
0.0
 40
0.3
 41
0.0
 46
0.0
 71
     5
 72
     1
  1
5.40
 11
0.0
 21
1.0
 31
0.0
 73
     1
 44
1.0
  0
POINT
  5
6FD
330
6F5
100
AcDbEntity
  8
Defpoints
 62
     0
100
AcDbPoint
 10
91.439619
 20
84.820957
 30
0.0
  0
POINT
  5
6FE
330
6F5
100
AcDbEntity
  8
Defpoints
 62
     0
100
AcDbPoint
 10
91.439619
 20
90.220957
 30
0.0
  0
POINT
  5
6FF
330
6F5
100
AcDbEntity
  8
Defpoints
 62
     0
100
AcDbPoint
 10
91.439619
 20
90.220957
 30
0.0
  0
ENDBLK
  5
700
330
6F5
100
AcDbEntity
  8
0
100
AcDbBlockEnd
  0
BLOCK
  5
705
330
704
100
AcDbEntity
  8
0
100
AcDbBlockBegin
  2
*D34
 70
     1
 10
0.0
 20
0.0
 30
0.0
  3
*D34
  1
*D34
  0
LINE
  5
706
330
704
100
AcDbEntity
  8
000 - COTAS
 62
   252
370
    -2
100
AcDbLine
 10
53.455693
 20
95.320957
 30
0.0
 11
52.105693
 21
95.320957
 31
0.0
  0
LINE
  5
707
330
704
100
AcDbEntity
  8
000 - COTAS
 62
   252
370
    -2
100
AcDbLine
 10
53.455693
 20
102.920957
 30
0.0
 11
52.105693
 21
102.920957
 31
0.0
  0
LINE
  5
708
330
704
100
AcDbEntity
  8
000 - COTAS
 62
   252
100
AcDbLine
 10
52.205693
 20
95.220957
 30
0.0
 11
52.205693
 21
103.020957
 31
0.0
  0
INSERT
  5
709
330
704
100
AcDbEntity
  8
000 - COTAS
 62
   252
100
AcDbBlockReference
  2
_OBLIQUE
 10
52.205693
 20
95.320957
 30
0.0
 41
0.15
 42
0.15
 43
0.15
 50
270.0
  0
INSERT
  5
70A
330
704
100
AcDbEntity
  8
000 - COTAS
 62
   252
100
AcDbBlockReference
  2
_OBLIQUE
 10
52.205693
 20
102.920957
 30
0.0
 41
0.15
 42
0.15
 43
0.15
 50
90.0
  0
MTEXT
  5
70B
330
704
100
AcDbEntity
  8
000 - COTAS
 62
     7
100
AcDbMText
 10
52.040693
 20
99.120957
 30
0.0
 40
0.3
 41
0.0
 46
0.0
 71
     5
 72
     1
  1
7.60
 11
0.0
 21
1.0
 31
0.0
 73
     1
 44
1.0
  0
POINT
  5
70C
330
704
100
AcDbEntity
  8
Defpoints
 62
     0
100
AcDbPoint
 10
65.771196
 20
95.320957
 30
0.0
  0
POINT
  5
70D
330
704
100
AcDbEntity
  8
Defpoints
 62
     0
100
AcDbPoint
 10
65.771196
 20
102.920957
 30
0.0
  0
POINT
  5
70E
330
704
100
AcDbEntity
  8
Defpoints
 62
     0
100
AcDbPoint
 10
52.205693
 20
102.920957
 30
0.0
  0
ENDBLK
  5
70F
330
704
100
AcDbEntity
  8
0
100
AcDbBlockEnd
  0
BLOCK
  5
714
330
713
100
AcDbEntity
  8
0
100
AcDbBlockBegin
  2
*D35
 70
     1
 10
0.0
 20
0.0
 30
0.0
  3
*D35
  1
*D35
  0
LINE
  5
715
330
713
100
AcDbEntity
  8
000 - COTAS
 62
   252
370
    -2
100
AcDbLine
 10
53.455693
 20
95.320957
 30
0.0
 11
52.105693
 21
95.320957
 31
0.0
  0
LINE
  5
716
330
713
100
AcDbEntity
  8
000 - COTAS
 62
   252
370
    -2
100
AcDbLine
 10
53.455693
 20
84.820957
 30
0.0
 11
52.105693
 21
84.820957
 31
0.0
  0
LINE
  5
717
330
713
100
AcDbEntity
  8
000 - COTAS
 62
   252
100
AcDbLine
 10
52.205693
 20
95.420957
 30
0.0
 11
52.205693
 21
84.720957
 31
0.0
  0
INSERT
  5
718
330
713
100
AcDbEntity
  8
000 - COTAS
 62
   252
100
AcDbBlockReference
  2
_OBLIQUE
 10
52.205693
 20
95.320957
 30
0.0
 41
0.15
 42
0.15
 43
0.15
 50
90.0
  0
INSERT
  5
719
330
713
100
AcDbEntity
  8
000 - COTAS
 62
   252
100
AcDbBlockReference
  2
_OBLIQUE
 10
52.205693
 20
84.820957
 30
0.0
 41
0.15
 42
0.15
 43
0.15
 50
270.0
  0
MTEXT
  5
71A
330
713
100
AcDbEntity
  8
000 - COTAS
 62
     7
100
AcDbMText
 10
52.040693
 20
90.070957
 30
0.0
 40
0.3
 41
0.0
 46
0.0
 71
     5
 72
     1
  1
10.50
 11
0.0
 21
1.0
 31
0.0
 73
     1
 44
1.0
  0
POINT
  5
71B
330
713
100
AcDbEntity
  8
Defpoints
 62
     0
100
AcDbPoint
 10
65.771196
 20
95.320957
 30
0.0
  0
POINT
  5
71C
330
713
100
AcDbEntity
  8
Defpoints
 62
     0
100
AcDbPoint
 10
65.771196
 20
84.820957
 30
0.0
  0
POINT
  5
71D
330
713
100
AcDbEntity
  8
Defpoints
 62
     0
100
AcDbPoint
 10
52.205693
 20
84.820957
 30
0.0
  0
ENDBLK
  5
71E
330
713
100
AcDbEntity
  8
0
100
AcDbBlockEnd
  0
BLOCK
  5
723
330
722
100
AcDbEntity
  8
0
100
AcDbBlockBegin
  2
*D36
 70
     1
 10
0.0
 20
0.0
 30
0.0
  3
*D36
  1
*D36
  0
LINE
  5
724
330
722
100
AcDbEntity
  8
000 - COTAS
 62
   252
370
    -2
100
AcDbLine
 10
52.475955
 20
84.520957
 30
0.0
 11
51.125955
 21
84.520957
 31
0.0
  0
LINE
  5
725
330
722
100
AcDbEntity
  8
000 - COTAS
 62
   252
370
    -2
100
AcDbLine
 10
52.475955
 20
103.220957
 30
0.0
 11
51.125955
 21
103.220957
 31
0.0
  0
LINE
  5
726
330
722
100
AcDbEntity
  8
000 - COTAS
 62
   252
100
AcDbLine
 10
51.225955
 20
84.420957
 30
0.0
 11
51.225955
 21
103.320957
 31
0.0
  0
INSERT
  5
727
330
722
100
AcDbEntity
  8
000 - COTAS
 62
   252
100
AcDbBlockReference
  2
_OBLIQUE
 10
51.225955
 20
84.520957
 30
0.0
 41
0.15
 42
0.15
 43
0.15
 50
270.0
  0
INSERT
  5
728
330
722
100
AcDbEntity
  8
000 - COTAS
 62
   252
100
AcDbBlockReference
  2
_OBLIQUE
 10
51.225955
 20
103.220957
 30
0.0
 41
0.15
 42
0.15
 43
0.15
 50
90.0
  0
MTEXT
  5
729
330
722
100
AcDbEntity
  8
000 - COTAS
 62
     7
100
AcDbMText
 10
51.060955
 20
93.870957
 30
0.0
 40
0.3
 41
0.0
 46
0.0
 71
     5
 72
     1
  1
18.70
 11
0.0
 21
1.0
 31
0.0
 73
     1
 44
1.0
  0
POINT
  5
72A
330
722
100
AcDbEntity
  8
Defpoints
 62
     0
100
AcDbPoint
 10
53.671196
 20
84.520957
 30
0.0
  0
POINT
  5
72B
330
722
100
AcDbEntity
  8
Defpoints
 62
     0
100
AcDbPoint
 10
53.671196
 20
103.220957
 30
0.0
  0
POINT
  5
72C
330
722
100
AcDbEntity
  8
Defpoints
 62
     0
100
AcDbPoint
 10
51.225955
 20
103.220957
 30
0.0
  0
ENDBLK
  5
72D
330
722
100
AcDbEntity
  8
0
100
AcDbBlockEnd
  0
BLOCK
  5
732
330
731
100
AcDbEntity
  8
0
100
AcDbBlockBegin
  2
*D37
 70
     1
 10
0.0
 20
0.0
 30
0.0
  3
*D37
  1
*D37
  0
LINE
  5
733
330
731
100
AcDbEntity
  8
000 - COTAS
 62
   252
370
    -2
100
AcDbLine
 10
66.071196
 20
102.983457
 30
0.0
 11
66.071196
 21
103.615449
 31
0.0
  0
LINE
  5
734
330
731
100
AcDbEntity
  8
000 - COTAS
 62
   252
370
    -2
100
AcDbLine
 10
82.271196
 20
102.983457
 30
0.0
 11
82.271196
 21
103.615449
 31
0.0
  0
LINE
  5
735
330
731
100
AcDbEntity
  8
000 - COTAS
 62
   252
100
AcDbLine
 10
65.971196
 20
103.515449
 30
0.0
 11
82.371196
 21
103.515449
 31
0.0
  0
INSERT
  5
736
330
731
100
AcDbEntity
  8
000 - COTAS
 62
   252
100
AcDbBlockReference
  2
_OBLIQUE
 10
66.071196
 20
103.515449
 30
0.0
 41
0.15
 42
0.15
 43
0.15
 50
180.0
  0
INSERT
  5
737
330
731
100
AcDbEntity
  8
000 - COTAS
 62
   252
100
AcDbBlockReference
  2
_OBLIQUE
 10
82.271196
 20
103.515449
 30
0.0
 41
0.15
 42
0.15
 43
0.15
  0
MTEXT
  5
738
330
731
100
AcDbEntity
  8
000 - COTAS
 62
     7
100
AcDbMText
 10
74.171196
 20
103.680449
 30
0.0
 40
0.3
 41
0.0
 46
0.0
 71
     5
 72
     1
  1
16.20
 73
     1
 44
1.0
  0
POINT
  5
739
330
731
100
AcDbEntity
  8
Defpoints
 62
     0
100
AcDbPoint
 10
66.071196
 20
102.920957
 30
0.0
  0
POINT
  5
73A
330
731
100
AcDbEntity
  8
Defpoints
 62
     0
100
AcDbPoint
 10
82.271196
 20
102.920957
 30
0.0
  0
POINT
  5
73B
330
731
100
AcDbEntity
  8
Defpoints
 62
     0
100
AcDbPoint
 10
82.271196
 20
103.515449
 30
0.0
  0
ENDBLK
  5
73C
330
731
100
AcDbEntity
  8
0
100
AcDbBlockEnd
  0
BLOCK
  5
74D
330
74C
100
AcDbEntity
  8
0
100
AcDbBlockBegin
  2
*D38
 70
     1
 10
0.0
 20
0.0
 30
0.0
  3
*D38
  1
*D38
  0
LINE
  5
74E
330
74C
100
AcDbEntity
  8
000 - COTAS
 62
   252
370
    -2
100
AcDbLine
 10
53.671196
 20
83.378856
 30
0.0
 11
53.671196
 21
82.028856
 31
0.0
  0
LINE
  5
74F
330
74C
100
AcDbEntity
  8
000 - COTAS
 62
   252
370
    -2
100
AcDbLine
 10
109.321196
 20
83.378856
 30
0.0
 11
109.321196
 21
82.028856
 31
0.0
  0
LINE
  5
750
330
74C
100
AcDbEntity
  8
000 - COTAS
 62
   252
100
AcDbLine
 10
53.571196
 20
82.128856
 30
0.0
 11
109.421196
 21
82.128856
 31
0.0
  0
INSERT
  5
751
330
74C
100
AcDbEntity
  8
000 - COTAS
 62
   252
100
AcDbBlockReference
  2
_OBLIQUE
 10
53.671196
 20
82.128856
 30
0.0
 41
0.15
 42
0.15
 43
0.15
 50
180.0
  0
INSERT
  5
752
330
74C
100
AcDbEntity
  8
000 - COTAS
 62
   252
100
AcDbBlockReference
  2
_OBLIQUE
 10
109.321196
 20
82.128856
 30
0.0
 41
0.15
 42
0.15
 43
0.15
  0
MTEXT
  5
753
330
74C
100
AcDbEntity
  8
000 - COTAS
 62
     7
100
AcDbMText
 10
81.496196
 20
82.293856
 30
0.0
 40
0.3
 41
0.0
 46
0.0
 71
     5
 72
     1
  1
55.65
 73
     1
 44
1.0
  0
POINT
  5
754
330
74C
100
AcDbEntity
  8
Defpoints
 62
     0
100
AcDbPoint
 10
53.671196
 20
84.520957
 30
0.0
  0
POINT
  5
755
330
74C
100
AcDbEntity
  8
Defpoints
 62
     0
100
AcDbPoint
 10
109.321196
 20
84.520957
 30
0.0
  0
POINT
  5
756
330
74C
100
AcDbEntity
  8
Defpoints
 62
     0
100
AcDbPoint
 10
109.321196
 20
82.128856
 30
0.0
  0
ENDBLK
  5
757
330
74C
100
AcDbEntity
  8
0
100
AcDbBlockEnd
  0
BLOCK
  5
76D
330
76A
100
AcDbEntity
  8
0
100
AcDbBlockBegin
  2
mesa comedor. 4
 70
     0
 10
0.0
 20
0.0
 30
0.0
  3
mesa comedor. 4
  1
mesa comedor. 4
  0
INSERT
  5
76E
330
76A
100
AcDbEntity
  8
IRI-OCASA-Layout R 9$0$OCA_Mobiliario
100
AcDbBlockReference
  2
IRI-OCASA-Layout R 9$0$OCA_SILLA
 10
0.979782
 20
-22.559319
 30
-0.00004
 43
-1.0
 50
270.0
210
0.0
220
0.0
230
-1.0
  0
LWPOLYLINE
  5
76F
330
76A
100
AcDbEntity
  8
IRI-OCASA-Layout R 9$0$OCA_Mobiliario
100
AcDbPolyline
 90
        4
 70
     1
 43
0.0
 38
0.00004
 10
-1.590945
 20
-23.165157
 10
-1.590945
 20
-24.065157
 10
-0.190945
 20
-24.065157
 10
-0.190945
 20
-23.165157
  0
INSERT
  5
770
330
76A
100
AcDbEntity
  8
IRI-OCASA-Layout R 9$0$OCA_Mobiliario
100
AcDbBlockReference
  2
IRI-OCASA-Layout R 9$0$OCA_SILLA
 10
0.802108
 20
-22.559319
 30
-0.00004
 41
-1.0
 43
-1.0
 50
90.0
210
0.0
220
0.0
230
-1.0
  0
INSERT
  5
771
330
76A
100
AcDbEntity
  8
IRI-OCASA-Layout R 9$0$OCA_Mobiliario
100
AcDbBlockReference
  2
IRI-OCASA-Layout R 9$0$OCA_SILLA
 10
0.979782
 20
-24.670996
 30
-0.00004
 41
-1.0
 43
-1.0
 50
270.0
210
0.0
220
0.0
230
-1.0
  0
INSERT
  5
772
330
76A
100
AcDbEntity
  8
IRI-OCASA-Layout R 9$0$OCA_Mobiliario
100
AcDbBlockReference
  2
IRI-OCASA-Layout R 9$0$OCA_SILLA
 10
0.802108
 20
-24.670996
 30
-0.00004
 43
-1.0
 50
90.0
210
0.0
220
0.0
230
-1.0
  0
ENDBLK
  5
773
330
76A
100
AcDbEntity
  8
0
100
AcDbBlockEnd
  0
BLOCK
  5
77C
330
77B
100
AcDbEntity
  8
0
100
AcDbBlockBegin
  2
*D40
 70
     1
 10
0.0
 20
0.0
 30
0.0
  3
*D40
  1
*D40
  0
LINE
  5
77D
330
77B
100
AcDbEntity
  8
000 - COTAS
 62
   252
370
    -2
100
AcDbLine
 10
80.371196
 20
84.642032
 30
0.0
 11
80.371196
 21
83.292032
 31
0.0
  0
LINE
  5
77E
330
77B
100
AcDbEntity
  8
000 - COTAS
 62
   252
370
    -2
100
AcDbLine
 10
76.471196
 20
84.642032
 30
0.0
 11
76.471196
 21
83.292032
 31
0.0
  0
LINE
  5
77F
330
77B
100
AcDbEntity
  8
000 - COTAS
 62
   252
100
AcDbLine
 10
80.471196
 20
83.392032
 30
0.0
 11
76.371196
 21
83.392032
 31
0.0
  0
INSERT
  5
780
330
77B
100
AcDbEntity
  8
000 - COTAS
 62
   252
100
AcDbBlockReference
  2
_OBLIQUE
 10
80.371196
 20
83.392032
 30
0.0
 41
0.15
 42
0.15
 43
0.15
  0
INSERT
  5
781
330
77B
100
AcDbEntity
  8
000 - COTAS
 62
   252
100
AcDbBlockReference
  2
_OBLIQUE
 10
76.471196
 20
83.392032
 30
0.0
 41
0.15
 42
0.15
 43
0.15
 50
180.0
  0
MTEXT
  5
782
330
77B
100
AcDbEntity
  8
000 - COTAS
 62
     7
100
AcDbMText
 10
78.421196
 20
83.557032
 30
0.0
 40
0.3
 41
0.0
 46
0.0
 71
     5
 72
     1
  1
3.90
 73
     1
 44
1.0
  0
POINT
  5
783
330
77B
100
AcDbEntity
  8
Defpoints
 62
     0
100
AcDbPoint
 10
80.371196
 20
84.820957
 30
0.0
  0
POINT
  5
784
330
77B
100
AcDbEntity
  8
Defpoints
 62
     0
100
AcDbPoint
 10
76.471196
 20
84.820957
 30
0.0
  0
POINT
  5
785
330
77B
100
AcDbEntity
  8
Defpoints
 62
     0
100
AcDbPoint
 10
76.471196
 20
83.392032
 30
0.0
  0
ENDBLK
  5
786
330
77B
100
AcDbEntity
  8
0
100
AcDbBlockEnd
  0
BLOCK
  5
78B
330
78A
100
AcDbEntity
  8
0
100
AcDbBlockBegin
  2
*D41
 70
     1
 10
0.0
 20
0.0
 30
0.0
  3
*D41
  1
*D41
  0
LINE
  5
78C
330
78A
100
AcDbEntity
  8
000 - COTAS
 62
   252
370
    -2
100
AcDbLine
 10
76.371196
 20
84.642032
 30
0.0
 11
76.371196
 21
83.292032
 31
0.0
  0
LINE
  5
78D
330
78A
100
AcDbEntity
  8
000 - COTAS
 62
   252
370
    -2
100
AcDbLine
 10
71.621196
 20
84.642032
 30
0.0
 11
71.621196
 21
83.292032
 31
0.0
  0
LINE
  5
78E
330
78A
100
AcDbEntity
  8
000 - COTAS
 62
   252
100
AcDbLine
 10
76.471196
 20
83.392032
 30
0.0
 11
71.521196
 21
83.392032
 31
0.0
  0
INSERT
  5
78F
330
78A
100
AcDbEntity
  8
000 - COTAS
 62
   252
100
AcDbBlockReference
  2
_OBLIQUE
 10
76.371196
 20
83.392032
 30
0.0
 41
0.15
 42
0.15
 43
0.15
  0
INSERT
  5
790
330
78A
100
AcDbEntity
  8
000 - COTAS
 62
   252
100
AcDbBlockReference
  2
_OBLIQUE
 10
71.621196
 20
83.392032
 30
0.0
 41
0.15
 42
0.15
 43
0.15
 50
180.0
  0
MTEXT
  5
791
330
78A
100
AcDbEntity
  8
000 - COTAS
 62
     7
100
AcDbMText
 10
73.996196
 20
83.557032
 30
0.0
 40
0.3
 41
0.0
 46
0.0
 71
     5
 72
     1
  1
4.75
 73
     1
 44
1.0
  0
POINT
  5
792
330
78A
100
AcDbEntity
  8
Defpoints
 62
     0
100
AcDbPoint
 10
76.371196
 20
84.820957
 30
0.0
  0
POINT
  5
793
330
78A
100
AcDbEntity
  8
Defpoints
 62
     0
100
AcDbPoint
 10
71.621196
 20
84.820957
 30
0.0
  0
POINT
  5
794
330
78A
100
AcDbEntity
  8
Defpoints
 62
     0
100
AcDbPoint
 10
71.621196
 20
83.392032
 30
0.0
  0
ENDBLK
  5
795
330
78A
100
AcDbEntity
  8
0
100
AcDbBlockEnd
  0
BLOCK
  5
79A
330
799
100
AcDbEntity
  8
0
100
AcDbBlockBegin
  2
*D42
 70
     1
 10
0.0
 20
0.0
 30
0.0
  3
*D42
  1
*D42
  0
LINE
  5
79B
330
799
100
AcDbEntity
  8
000 - COTAS
 62
   252
370
    -2
100
AcDbLine
 10
53.971196
 20
84.642032
 30
0.0
 11
53.971196
 21
83.292032
 31
0.0
  0
LINE
  5
79C
330
799
100
AcDbEntity
  8
000 - COTAS
 62
   252
370
    -2
100
AcDbLine
 10
71.571196
 20
84.642032
 30
0.0
 11
71.571196
 21
83.292032
 31
0.0
  0
LINE
  5
79D
330
799
100
AcDbEntity
  8
000 - COTAS
 62
   252
100
AcDbLine
 10
53.871196
 20
83.392032
 30
0.0
 11
71.671196
 21
83.392032
 31
0.0
  0
INSERT
  5
79E
330
799
100
AcDbEntity
  8
000 - COTAS
 62
   252
100
AcDbBlockReference
  2
_OBLIQUE
 10
53.971196
 20
83.392032
 30
0.0
 41
0.15
 42
0.15
 43
0.15
 50
180.0
  0
INSERT
  5
79F
330
799
100
AcDbEntity
  8
000 - COTAS
 62
   252
100
AcDbBlockReference
  2
_OBLIQUE
 10
71.571196
 20
83.392032
 30
0.0
 41
0.15
 42
0.15
 43
0.15
  0
MTEXT
  5
7A0
330
799
100
AcDbEntity
  8
000 - COTAS
 62
     7
100
AcDbMText
 10
62.771196
 20
83.557032
 30
0.0
 40
0.3
 41
0.0
 46
0.0
 71
     5
 72
     1
  1
17.60
 73
     1
 44
1.0
  0
POINT
  5
7A1
330
799
100
AcDbEntity
  8
Defpoints
 62
     0
100
AcDbPoint
 10
53.971196
 20
84.820957
 30
0.0
  0
POINT
  5
7A2
330
799
100
AcDbEntity
  8
Defpoints
 62
     0
100
AcDbPoint
 10
71.571196
 20
84.820957
 30
0.0
  0
POINT
  5
7A3
330
799
100
AcDbEntity
  8
Defpoints
 62
     0
100
AcDbPoint
 10
71.571196
 20
83.392032
 30
0.0
  0
ENDBLK
  5
7A4
330
799
100
AcDbEntity
  8
0
100
AcDbBlockEnd
  0
BLOCK
  5
80C
330
809
100
AcDbEntity
  8
0
100
AcDbBlockBegin
  2
*U43
 70
     1
 10
0.0
 20
0.0
 30
0.0
  3
*U43
  1
*U43
  0
LWPOLYLINE
  5
80D
330
809
100
AcDbEntity
  8
0
100
AcDbPolyline
 90
        4
 70
     1
 43
0.0
 10
0.0
 20
0.1
 10
11.175394
 20
0.1
 10
11.175394
 20
0.083988
 10
0.0
 20
0.083988
1001
AcDbBlockRepETag
1070
     1
1071
        0
1005
80D
  0
LWPOLYLINE
  5
80E
330
809
100
AcDbEntity
  8
0
100
AcDbPolyline
 90
        4
 70
     1
 43
0.0
 10
0.0
 20
0.016012
 10
11.175394
 20
0.016012
 10
11.175394
 20
0.0
 10
0.0
 20
0.0
1001
AcDbBlockRepETag
1070
     1
1071
        1
1005
80E
  0
HATCH
  5
80F
330
809
100
AcDbEntity
  8
0
 60
     1
100
AcDbHatch
 10
0.0
 20
0.0
 30
0.0
210
0.0
220
0.0
230
1.0
  2
LINE
 70
     0
 71
     1
 91
        1
 92
        1
 93
        4
 72
     1
 10
0.0
 20
0.0839877023923691
 11
11.17539350723132
 21
0.0839877023923691
 72
     1
 10
11.17539350723132
 20
0.0839877023923691
 11
11.17539350723132
 21
0.0160122976076309
 72
     1
 10
11.17539350723132
 20
0.0160122976076309
 11
0.0
 21
0.0160122976076309
 72
     1
 10
0.0
 20
0.0160122976076309
 11
0.0
 21
0.0839877023923691
 97
        1
330
810
 75
     0
 76
     1
 52
90.0
 41
0.1
 77
     0
 78
     1
 53
90.0
 43
-1190.72212747328
 44
-974.3883176111455
 45
-0.3175
 46
0.0
 79
     0
 98
        1
 10
-1190.72212747328
 20
-974.3883176111455
1001
AcDbBlockRepETag
1070
     1
1071
        2
1005
80F
1001
ACAD
1010
0.0
1020
0.0
1030
0.0
  0
LWPOLYLINE
  5
810
102
{ACAD_REACTORS
330
80F
330
811
102
}
330
809
100
AcDbEntity
  8
0
100
AcDbPolyline
 90
        4
 70
     1
 43
0.0
 10
0.0
 20
0.083988
 10
11.175394
 20
0.083988
 10
11.175394
 20
0.016012
 10
0.0
 20
0.016012
1001
AcDbBlockRepETag
1070
     1
1071
        3
1005
810
  0
HATCH
  5
811
330
809
100
AcDbEntity
  8
0
100
AcDbHatch
 10
0.0
 20
0.0
 30
0.0
210
0.0
220
0.0
230
1.0
  2
DASH
 70
     0
 71
     1
 91
        1
 92
        1
 93
        4
 72
     1
 10
0.0
 20
0.0839877023923691
 11
11.17539350723132
 21
0.0839877023923691
 72
     1
 10
11.17539350723132
 20
0.0839877023923691
 11
11.17539350723132
 21
0.0160122976076309
 72
     1
 10
11.17539350723132
 20
0.0160122976076309
 11
0.0
 21
0.0160122976076309
 72
     1
 10
0.0
 20
0.0160122976076309
 11
0.0
 21
0.0839877023923691
 97
        1
330
810
 75
     0
 76
     1
 52
0.0
 41
0.02
 77
     0
 78
     1
 53
0.0
 43
16.145368697491
 44
-0.2160122976076991
 45
0.0635
 46
0.0635
 79
     2
 49
0.0635
 49
-0.0635
 98
        1
 10
16.145368697491
 20
-0.2160122976076991
1001
AcDbBlockRepETag
1070
     1
1071
        4
1005
811
1001
ACAD
1010
0.0
1020
0.0
1030
0.0
  0
MTEXT
  5
812
330
809
100
AcDbEntity
  8
0
 62
    42
 60
     1
 48
7.0
100
AcDbMText
 10
5.587697
 20
0.075
 30
0.0
 40
0.1
 41
1.131762
 46
0.0
 71
     5
 72
     5
  1
{\fArial|b0|i0|c0|p34;BPC 150}
 73
     1
 44
1.0
1001
AcDbBlockRepETag
1070
     1
1071
        5
1005
812
1001
ACAD
1000
ACAD_MTEXT_COLUMN_INFO_BEGIN
1070
    75
1070
     2
1070
    79
1070
     0
1070
    76
1070
     1
1070
    78
1070
     0
1070
    48
1040
1.131762
1070
    49
1040
12.5
1070
    50
1070
     1
1040
0.0
1000
ACAD_MTEXT_COLUMN_INFO_END
  0
MTEXT
  5
813
330
809
100
AcDbEntity
  8
0
 62
    42
 60
     1
 48
7.0
100
AcDbMText
 10
5.587697
 20
0.1
 30
0.0
 40
0.1
 41
1.131762
 46
0.0
 71
     5
 72
     5
  1
{\fArial|b0|i0|c0|p34;BPC 200}
 73
     1
 44
1.0
1001
AcDbBlockRepETag
1070
     1
1071
        6
1005
813
1001
ACAD
1000
ACAD_MTEXT_COLUMN_INFO_BEGIN
1070
    75
1070
     2
1070
    79
1070
     0
1070
    76
1070
     1
1070
    78
1070
     0
1070
    48
1040
1.131762
1070
    49
1040
12.5
1070
    50
1070
     1
1040
0.0
1000
ACAD_MTEXT_COLUMN_INFO_END
  0
MTEXT
  5
814
330
809
100
AcDbEntity
  8
0
 62
    42
 60
     1
 48
7.0
100
AcDbMText
 10
5.587697
 20
0.158006
 30
0.0
 40
0.15
 41
1.131762
 46
0.0
 71
     5
 72
     5
  1
{\fArial|b0|i0|c0|p34;BPC 300}
 73
     1
 44
1.0
1001
AcDbBlockRepETag
1070
     1
1071
        7
1005
814
1001
ACAD
1000
ACAD_MTEXT_COLUMN_INFO_BEGIN
1070
    75
1070
     2
1070
    79
1070
     0
1070
    76
1070
     1
1070
    78
1070
     0
1070
    48
1040
1.131762
1070
    49
1040
12.5
1070
    50
1070
     1
1040
0.0
1000
ACAD_MTEXT_COLUMN_INFO_END
  0
MTEXT
  5
815
330
809
100
AcDbEntity
  8
0
 62
    42
 60
     1
 48
7.0
100
AcDbMText
 10
5.587697
 20
0.225
 30
0.0
 40
0.15
 41
1.131762
 46
0.0
 71
     5
 72
     5
  1
{\fArial|b0|i0|c0|p34;BPC 450}
 73
     1
 44
1.0
1001
AcDbBlockRepETag
1070
     1
1071
        8
1005
815
1001
ACAD
1000
ACAD_MTEXT_COLUMN_INFO_BEGIN
1070
    75
1070
     2
1070
    79
1070
     0
1070
    76
1070
     1
1070
    78
1070
     0
1070
    48
1040
1.131762
1070
    49
1040
12.5
1070
    50
1070
     1
1040
0.0
1000
ACAD_MTEXT_COLUMN_INFO_END
  0
MTEXT
  5
816
330
809
100
AcDbEntity
  8
0
 62
    42
 60
     1
 48
7.0
100
AcDbMText
 10
5.587697
 20
0.316012
 30
0.0
 40
0.2
 41
1.131762
 46
0.0
 71
     5
 72
     5
  1
{\fArial|b0|i0|c0|p34;BPC 600}
 73
     1
 44
1.0
1001
AcDbBlockRepETag
1070
     1
1071
        9
1005
816
1001
ACAD
1000
ACAD_MTEXT_COLUMN_INFO_BEGIN
1070
    75
1070
     2
1070
    79
1070
     0
1070
    76
1070
     1
1070
    78
1070
     0
1070
    48
1040
1.131762
1070
    49
1040
12.5
1070
    50
1070
     1
1040
0.0
1000
ACAD_MTEXT_COLUMN_INFO_END
  0
ENDBLK
  5
817
330
809
100
AcDbEntity
  8
0
100
AcDbBlockEnd
  0
BLOCK
  5
7EC
330
7C9
100
AcDbEntity
  8
0
100
AcDbBlockBegin
  2
BANDEJAS
 70
     0
 10
0.0
 20
0.0
 30
0.0
  3
BANDEJAS
  1
BANDEJAS
  0
LWPOLYLINE
  5
7ED
330
7C9
100
AcDbEntity
  8
0
100
AcDbPolyline
 90
        4
 70
     1
 43
0.0
 10
0.0
 20
0.632025
 10
5.0
 20
0.632025
 10
5.0
 20
0.616012
 10
0.0
 20
0.616012
1001
AcDbBlockRepETag
1070
     1
1071
        0
1005
7ED
  0
LWPOLYLINE
  5
7EE
330
7C9
100
AcDbEntity
  8
0
100
AcDbPolyline
 90
        4
 70
     1
 43
0.0
 10
0.0
 20
0.016012
 10
5.0
 20
0.016012
 10
5.0
 20
0.0
 10
0.0
 20
0.0
1001
AcDbBlockRepETag
1070
     1
1071
        1
1005
7EE
  0
HATCH
  5
7EF
330
7C9
100
AcDbEntity
  8
0
 60
     1
100
AcDbHatch
 10
0.0
 20
0.0
 30
0.0
210
0.0
220
0.0
230
1.0
  2
LINE
 70
     0
 71
     1
 91
        1
 92
        1
 93
        4
 72
     1
 10
0.0
 20
0.6160122976076536
 11
5.0
 21
0.6160122976076536
 72
     1
 10
5.0
 20
0.6160122976076536
 11
5.0
 21
0.0160122976076309
 72
     1
 10
5.0
 20
0.0160122976076309
 11
0.0
 21
0.0160122976076309
 72
     1
 10
0.0
 20
0.0160122976076309
 11
0.0
 21
0.6160122976076536
 97
        1
330
7F0
 75
     0
 76
     1
 52
90.0
 41
0.1
 77
     0
 78
     1
 53
90.0
 43
-1206.867496170771
 44
-973.8562930159303
 45
-0.3175
 46
0.0
 79
     0
 98
        1
 10
-1206.867496170771
 20
-973.8562930159303
1001
AcDbBlockRepETag
1070
     1
1071
        2
1005
7EF
1001
ACAD
1010
0.0
1020
0.0
1030
0.0
  0
LWPOLYLINE
  5
7F0
102
{ACAD_REACTORS
330
7EF
330
7F1
102
}
330
7C9
100
AcDbEntity
  8
0
100
AcDbPolyline
 90
        4
 70
     1
 43
0.0
 10
0.0
 20
0.616012
 10
5.0
 20
0.616012
 10
5.0
 20
0.016012
 10
0.0
 20
0.016012
1001
AcDbBlockRepETag
1070
     1
1071
        3
1005
7F0
  0
HATCH
  5
7F1
330
7C9
100
AcDbEntity
  8
0
100
AcDbHatch
 10
0.0
 20
0.0
 30
0.0
210
0.0
220
0.0
230
1.0
  2
DASH
 70
     0
 71
     1
 91
        1
 92
        1
 93
        4
 72
     1
 10
0.0
 20
0.6160122976076536
 11
5.0
 21
0.6160122976076536
 72
     1
 10
5.0
 20
0.6160122976076536
 11
5.0
 21
0.0160122976076309
 72
     1
 10
5.0
 20
0.0160122976076309
 11
0.0
 21
0.0160122976076309
 72
     1
 10
0.0
 20
0.0160122976076309
 11
0.0
 21
0.6160122976076536
 97
        1
330
7F0
 75
     0
 76
     1
 52
0.0
 41
0.02
 77
     0
 78
     1
 53
0.0
 43
0.0
 44
0.3160122976075854
 45
0.0635
 46
0.0635
 79
     2
 49
0.0635
 49
-0.0635
 98
        1
 10
0.0
 20
0.3160122976075854
1001
AcDbBlockRepETag
1070
     1
1071
        4
1005
7F1
1001
ACAD
1010
0.0
1020
0.0
1030
0.0
  0
MTEXT
  5
7F2
330
7C9
100
AcDbEntity
  8
0
 62
    42
 48
7.0
100
AcDbMText
 10
2.5
 20
0.075
 30
0.0
 40
0.1
 41
1.131762
 46
0.0
 71
     5
 72
     5
  1
{\fArial|b0|i0|c0|p34;BPC 150}
 73
     1
 44
1.0
1001
AcDbBlockRepETag
1070
     1
1071
        5
1005
7F2
1001
ACAD
1000
ACAD_MTEXT_COLUMN_INFO_BEGIN
1070
    75
1070
     2
1070
    79
1070
     0
1070
    76
1070
     1
1070
    78
1070
     0
1070
    48
1040
1.131762
1070
    49
1040
12.5
1070
    50
1070
     1
1040
0.0
1000
ACAD_MTEXT_COLUMN_INFO_END
  0
MTEXT
  5
7F3
330
7C9
100
AcDbEntity
  8
0
 62
    42
 60
     1
 48
7.0
100
AcDbMText
 10
2.5
 20
0.1
 30
0.0
 40
0.1
 41
1.131762
 46
0.0
 71
     5
 72
     5
  1
{\fArial|b0|i0|c0|p34;BPC 200}
 73
     1
 44
1.0
1001
AcDbBlockRepETag
1070
     1
1071
        6
1005
7F3
1001
ACAD
1000
ACAD_MTEXT_COLUMN_INFO_BEGIN
1070
    75
1070
     2
1070
    79
1070
     0
1070
    76
1070
     1
1070
    78
1070
     0
1070
    48
1040
1.131762
1070
    49
1040
12.5
1070
    50
1070
     1
1040
0.0
1000
ACAD_MTEXT_COLUMN_INFO_END
  0
MTEXT
  5
7F4
330
7C9
100
AcDbEntity
  8
0
 62
    42
 60
     1
 48
7.0
100
AcDbMText
 10
2.5
 20
0.158006
 30
0.0
 40
0.15
 41
1.131762
 46
0.0
 71
     5
 72
     5
  1
{\fArial|b0|i0|c0|p34;BPC 300}
 73
     1
 44
1.0
1001
AcDbBlockRepETag
1070
     1
1071
        7
1005
7F4
1001
ACAD
1000
ACAD_MTEXT_COLUMN_INFO_BEGIN
1070
    75
1070
     2
1070
    79
1070
     0
1070
    76
1070
     1
1070
    78
1070
     0
1070
    48
1040
1.131762
1070
    49
1040
12.5
1070
    50
1070
     1
1040
0.0
1000
ACAD_MTEXT_COLUMN_INFO_END
  0
MTEXT
  5
7F5
330
7C9
100
AcDbEntity
  8
0
 62
    42
 60
     1
 48
7.0
100
AcDbMText
 10
2.5
 20
0.225
 30
0.0
 40
0.15
 41
1.131762
 46
0.0
 71
     5
 72
     5
  1
{\fArial|b0|i0|c0|p34;BPC 450}
 73
     1
 44
1.0
1001
AcDbBlockRepETag
1070
     1
1071
        8
1005
7F5
1001
ACAD
1000
ACAD_MTEXT_COLUMN_INFO_BEGIN
1070
    75
1070
     2
1070
    79
1070
     0
1070
    76
1070
     1
1070
    78
1070
     0
1070
    48
1040
1.131762
1070
    49
1040
12.5
1070
    50
1070
     1
1040
0.0
1000
ACAD_MTEXT_COLUMN_INFO_END
  0
MTEXT
  5
7F6
330
7C9
100
AcDbEntity
  8
0
 62
    42
 60
     1
 48
7.0
100
AcDbMText
 10
2.5
 20
0.316012
 30
0.0
 40
0.2
 41
1.131762
 46
0.0
 71
     5
 72
     5
  1
{\fArial|b0|i0|c0|p34;BPC 600}
 73
     1
 44
1.0
1001
AcDbBlockRepETag
1070
     1
1071
        9
1005
7F6
1001
ACAD
1000
ACAD_MTEXT_COLUMN_INFO_BEGIN
1070
    75
1070
     2
1070
    79
1070
     0
1070
    76
1070
     1
1070
    78
1070
     0
1070
    48
1040
1.131762
1070
    49
1040
12.5
1070
    50
1070
     1
1040
0.0
1000
ACAD_MTEXT_COLUMN_INFO_END
  0
ENDBLK
  5
7F7
330
7C9
100
AcDbEntity
  8
0
100
AcDbBlockEnd
  0
BLOCK
  5
830
330
82D
100
AcDbEntity
  8
0
100
AcDbBlockBegin
  2
*U45
 70
     1
 10
0.0
 20
0.0
 30
0.0
  3
*U45
  1
*U45
  0
LWPOLYLINE
  5
831
330
82D
100
AcDbEntity
  8
0
100
AcDbPolyline
 90
        4
 70
     1
 43
0.0
 10
0.0
 20
0.1
 10
6.988707
 20
0.1
 10
6.988707
 20
0.083988
 10
0.0
 20
0.083988
1001
AcDbBlockRepETag
1070
     1
1071
        0
1005
831
  0
LWPOLYLINE
  5
832
330
82D
100
AcDbEntity
  8
0
100
AcDbPolyline
 90
        4
 70
     1
 43
0.0
 10
0.0
 20
0.016012
 10
6.988707
 20
0.016012
 10
6.988707
 20
0.0
 10
0.0
 20
0.0
1001
AcDbBlockRepETag
1070
     1
1071
        1
1005
832
  0
HATCH
  5
833
330
82D
100
AcDbEntity
  8
0
 60
     1
100
AcDbHatch
 10
0.0
 20
0.0
 30
0.0
210
0.0
220
0.0
230
1.0
  2
LINE
 70
     0
 71
     1
 91
        1
 92
        1
 93
        4
 72
     1
 10
0.0
 20
0.0839877023923691
 11
6.988707470654159
 21
0.0839877023923691
 72
     1
 10
6.988707470654159
 20
0.0839877023923691
 11
6.988707470654159
 21
0.0160122976076309
 72
     1
 10
6.988707470654159
 20
0.0160122976076309
 11
0.0
 21
0.0160122976076309
 72
     1
 10
0.0
 20
0.0160122976076309
 11
0.0
 21
0.0839877023923691
 97
        1
330
834
 75
     0
 76
     1
 52
90.0
 41
0.1
 77
     0
 78
     1
 53
90.0
 43
-1194.908813509858
 44
-974.3883176111455
 45
-0.3175
 46
0.0
 79
     0
 98
        1
 10
-1194.908813509858
 20
-974.3883176111455
1001
AcDbBlockRepETag
1070
     1
1071
        2
1005
833
1001
ACAD
1010
0.0
1020
0.0
1030
0.0
  0
LWPOLYLINE
  5
834
102
{ACAD_REACTORS
330
833
330
835
102
}
330
82D
100
AcDbEntity
  8
0
100
AcDbPolyline
 90
        4
 70
     1
 43
0.0
 10
0.0
 20
0.083988
 10
6.988707
 20
0.083988
 10
6.988707
 20
0.016012
 10
0.0
 20
0.016012
1001
AcDbBlockRepETag
1070
     1
1071
        3
1005
834
  0
HATCH
  5
835
330
82D
100
AcDbEntity
  8
0
100
AcDbHatch
 10
0.0
 20
0.0
 30
0.0
210
0.0
220
0.0
230
1.0
  2
DASH
 70
     0
 71
     1
 91
        1
 92
        1
 93
        4
 72
     1
 10
0.0
 20
0.0839877023923691
 11
6.988707470654159
 21
0.0839877023923691
 72
     1
 10
6.988707470654159
 20
0.0839877023923691
 11
6.988707470654159
 21
0.0160122976076309
 72
     1
 10
6.988707470654159
 20
0.0160122976076309
 11
0.0
 21
0.0160122976076309
 72
     1
 10
0.0
 20
0.0160122976076309
 11
0.0
 21
0.0839877023923691
 97
        1
330
834
 75
     0
 76
     1
 52
0.0
 41
0.02
 77
     0
 78
     1
 53
0.0
 43
11.95868266091385
 44
-0.2160122976076991
 45
0.0635
 46
0.0635
 79
     2
 49
0.0635
 49
-0.0635
 98
        1
 10
11.95868266091385
 20
-0.2160122976076991
1001
AcDbBlockRepETag
1070
     1
1071
        4
1005
835
1001
ACAD
1010
0.0
1020
0.0
1030
0.0
  0
MTEXT
  5
836
330
82D
100
AcDbEntity
  8
0
 62
    42
 60
     1
 48
7.0
100
AcDbMText
 10
3.494354
 20
0.075
 30
0.0
 40
0.1
 41
1.131762
 46
0.0
 71
     5
 72
     5
  1
{\fArial|b0|i0|c0|p34;BPC 150}
 73
     1
 44
1.0
1001
AcDbBlockRepETag
1070
     1
1071
        5
1005
836
1001
ACAD
1000
ACAD_MTEXT_COLUMN_INFO_BEGIN
1070
    75
1070
     2
1070
    79
1070
     0
1070
    76
1070
     1
1070
    78
1070
     0
1070
    48
1040
1.131762
1070
    49
1040
12.5
1070
    50
1070
     1
1040
0.0
1000
ACAD_MTEXT_COLUMN_INFO_END
  0
MTEXT
  5
837
330
82D
100
AcDbEntity
  8
0
 62
    42
 60
     1
 48
7.0
100
AcDbMText
 10
3.494354
 20
0.1
 30
0.0
 40
0.1
 41
1.131762
 46
0.0
 71
     5
 72
     5
  1
{\fArial|b0|i0|c0|p34;BPC 200}
 73
     1
 44
1.0
1001
AcDbBlockRepETag
1070
     1
1071
        6
1005
837
1001
ACAD
1000
ACAD_MTEXT_COLUMN_INFO_BEGIN
1070
    75
1070
     2
1070
    79
1070
     0
1070
    76
1070
     1
1070
    78
1070
     0
1070
    48
1040
1.131762
1070
    49
1040
12.5
1070
    50
1070
     1
1040
0.0
1000
ACAD_MTEXT_COLUMN_INFO_END
  0
MTEXT
  5
838
330
82D
100
AcDbEntity
  8
0
 62
    42
 60
     1
 48
7.0
100
AcDbMText
 10
3.494354
 20
0.158006
 30
0.0
 40
0.15
 41
1.131762
 46
0.0
 71
     5
 72
     5
  1
{\fArial|b0|i0|c0|p34;BPC 300}
 73
     1
 44
1.0
1001
AcDbBlockRepETag
1070
     1
1071
        7
1005
838
1001
ACAD
1000
ACAD_MTEXT_COLUMN_INFO_BEGIN
1070
    75
1070
     2
1070
    79
1070
     0
1070
    76
1070
     1
1070
    78
1070
     0
1070
    48
1040
1.131762
1070
    49
1040
12.5
1070
    50
1070
     1
1040
0.0
1000
ACAD_MTEXT_COLUMN_INFO_END
  0
MTEXT
  5
839
330
82D
100
AcDbEntity
  8
0
 62
    42
 60
     1
 48
7.0
100
AcDbMText
 10
3.494354
 20
0.225
 30
0.0
 40
0.15
 41
1.131762
 46
0.0
 71
     5
 72
     5
  1
{\fArial|b0|i0|c0|p34;BPC 450}
 73
     1
 44
1.0
1001
AcDbBlockRepETag
1070
     1
1071
        8
1005
839
1001
ACAD
1000
ACAD_MTEXT_COLUMN_INFO_BEGIN
1070
    75
1070
     2
1070
    79
1070
     0
1070
    76
1070
     1
1070
    78
1070
     0
1070
    48
1040
1.131762
1070
    49
1040
12.5
1070
    50
1070
     1
1040
0.0
1000
ACAD_MTEXT_COLUMN_INFO_END
  0
MTEXT
  5
83A
330
82D
100
AcDbEntity
  8
0
 62
    42
 60
     1
 48
7.0
100
AcDbMText
 10
3.494354
 20
0.316012
 30
0.0
 40
0.2
 41
1.131762
 46
0.0
 71
     5
 72
     5
  1
{\fArial|b0|i0|c0|p34;BPC 600}
 73
     1
 44
1.0
1001
AcDbBlockRepETag
1070
     1
1071
        9
1005
83A
1001
ACAD
1000
ACAD_MTEXT_COLUMN_INFO_BEGIN
1070
    75
1070
     2
1070
    79
1070
     0
1070
    76
1070
     1
1070
    78
1070
     0
1070
    48
1040
1.131762
1070
    49
1040
12.5
1070
    50
1070
     1
1040
0.0
1000
ACAD_MTEXT_COLUMN_INFO_END
  0
ENDBLK
  5
83B
330
82D
100
AcDbEntity
  8
0
100
AcDbBlockEnd
  0
BLOCK
  5
869
330
866
100
AcDbEntity
  8
0
100
AcDbBlockBegin
  2
*U46
 70
     1
 10
0.0
 20
0.0
 30
0.0
  3
*U46
  1
*U46
  0
LWPOLYLINE
  5
86A
330
866
100
AcDbEntity
  8
0
100
AcDbPolyline
 90
        4
 70
     1
 43
0.0
 10
0.0
 20
0.1
 10
6.542527
 20
0.1
 10
6.542527
 20
0.083988
 10
0.0
 20
0.083988
1001
AcDbBlockRepETag
1070
     1
1071
        0
1005
86A
  0
LWPOLYLINE
  5
86B
330
866
100
AcDbEntity
  8
0
100
AcDbPolyline
 90
        4
 70
     1
 43
0.0
 10
0.0
 20
0.016012
 10
6.542527
 20
0.016012
 10
6.542527
 20
0.0
 10
0.0
 20
0.0
1001
AcDbBlockRepETag
1070
     1
1071
        1
1005
86B
  0
HATCH
  5
86C
330
866
100
AcDbEntity
  8
0
 60
     1
100
AcDbHatch
 10
0.0
 20
0.0
 30
0.0
210
0.0
220
0.0
230
1.0
  2
LINE
 70
     0
 71
     1
 91
        1
 92
        1
 93
        4
 72
     1
 10
0.0
 20
0.0839877023923691
 11
6.542527351947452
 21
0.0839877023923691
 72
     1
 10
6.542527351947452
 20
0.0839877023923691
 11
6.542527351947452
 21
0.0160122976076309
 72
     1
 10
6.542527351947452
 20
0.0160122976076309
 11
0.0
 21
0.0160122976076309
 72
     1
 10
0.0
 20
0.0160122976076309
 11
0.0
 21
0.0839877023923691
 97
        1
330
86D
 75
     0
 76
     1
 52
90.0
 41
0.1
 77
     0
 78
     1
 53
90.0
 43
-1194.908813509858
 44
-974.3883176111455
 45
-0.3175
 46
0.0
 79
     0
 98
        1
 10
-1194.908813509858
 20
-974.3883176111455
1001
AcDbBlockRepETag
1070
     1
1071
        2
1005
86C
1001
ACAD
1010
0.0
1020
0.0
1030
0.0
  0
LWPOLYLINE
  5
86D
102
{ACAD_REACTORS
330
86C
330
86E
102
}
330
866
100
AcDbEntity
  8
0
100
AcDbPolyline
 90
        4
 70
     1
 43
0.0
 10
0.0
 20
0.083988
 10
6.542527
 20
0.083988
 10
6.542527
 20
0.016012
 10
0.0
 20
0.016012
1001
AcDbBlockRepETag
1070
     1
1071
        3
1005
86D
  0
HATCH
  5
86E
330
866
100
AcDbEntity
  8
0
100
AcDbHatch
 10
0.0
 20
0.0
 30
0.0
210
0.0
220
0.0
230
1.0
  2
DASH
 70
     0
 71
     1
 91
        1
 92
        1
 93
        4
 72
     1
 10
0.0
 20
0.0839877023923691
 11
6.542527351947452
 21
0.0839877023923691
 72
     1
 10
6.542527351947452
 20
0.0839877023923691
 11
6.542527351947452
 21
0.0160122976076309
 72
     1
 10
6.542527351947452
 20
0.0160122976076309
 11
0.0
 21
0.0160122976076309
 72
     1
 10
0.0
 20
0.0160122976076309
 11
0.0
 21
0.0839877023923691
 97
        1
330
86D
 75
     0
 76
     1
 52
0.0
 41
0.02
 77
     0
 78
     1
 53
0.0
 43
11.95868266091385
 44
-0.2160122976076991
 45
0.0635
 46
0.0635
 79
     2
 49
0.0635
 49
-0.0635
 98
        1
 10
11.95868266091385
 20
-0.2160122976076991
1001
AcDbBlockRepETag
1070
     1
1071
        4
1005
86E
1001
ACAD
1010
0.0
1020
0.0
1030
0.0
  0
MTEXT
  5
86F
330
866
100
AcDbEntity
  8
0
 62
    42
 60
     1
 48
7.0
100
AcDbMText
 10
3.271264
 20
0.075
 30
0.0
 40
0.1
 41
1.131762
 46
0.0
 71
     5
 72
     5
  1
{\fArial|b0|i0|c0|p34;BPC 150}
 73
     1
 44
1.0
1001
AcDbBlockRepETag
1070
     1
1071
        5
1005
86F
1001
ACAD
1000
ACAD_MTEXT_COLUMN_INFO_BEGIN
1070
    75
1070
     2
1070
    79
1070
     0
1070
    76
1070
     1
1070
    78
1070
     0
1070
    48
1040
1.131762
1070
    49
1040
12.5
1070
    50
1070
     1
1040
0.0
1000
ACAD_MTEXT_COLUMN_INFO_END
  0
MTEXT
  5
870
330
866
100
AcDbEntity
  8
0
 62
    42
 60
     1
 48
7.0
100
AcDbMText
 10
3.271264
 20
0.1
 30
0.0
 40
0.1
 41
1.131762
 46
0.0
 71
     5
 72
     5
  1
{\fArial|b0|i0|c0|p34;BPC 200}
 73
     1
 44
1.0
1001
AcDbBlockRepETag
1070
     1
1071
        6
1005
870
1001
ACAD
1000
ACAD_MTEXT_COLUMN_INFO_BEGIN
1070
    75
1070
     2
1070
    79
1070
     0
1070
    76
1070
     1
1070
    78
1070
     0
1070
    48
1040
1.131762
1070
    49
1040
12.5
1070
    50
1070
     1
1040
0.0
1000
ACAD_MTEXT_COLUMN_INFO_END
  0
MTEXT
  5
871
330
866
100
AcDbEntity
  8
0
 62
    42
 60
     1
 48
7.0
100
AcDbMText
 10
3.271264
 20
0.158006
 30
0.0
 40
0.15
 41
1.131762
 46
0.0
 71
     5
 72
     5
  1
{\fArial|b0|i0|c0|p34;BPC 300}
 73
     1
 44
1.0
1001
AcDbBlockRepETag
1070
     1
1071
        7
1005
871
1001
ACAD
1000
ACAD_MTEXT_COLUMN_INFO_BEGIN
1070
    75
1070
     2
1070
    79
1070
     0
1070
    76
1070
     1
1070
    78
1070
     0
1070
    48
1040
1.131762
1070
    49
1040
12.5
1070
    50
1070
     1
1040
0.0
1000
ACAD_MTEXT_COLUMN_INFO_END
  0
MTEXT
  5
872
330
866
100
AcDbEntity
  8
0
 62
    42
 60
     1
 48
7.0
100
AcDbMText
 10
3.271264
 20
0.225
 30
0.0
 40
0.15
 41
1.131762
 46
0.0
 71
     5
 72
     5
  1
{\fArial|b0|i0|c0|p34;BPC 450}
 73
     1
 44
1.0
1001
AcDbBlockRepETag
1070
     1
1071
        8
1005
872
1001
ACAD
1000
ACAD_MTEXT_COLUMN_INFO_BEGIN
1070
    75
1070
     2
1070
    79
1070
     0
1070
    76
1070
     1
1070
    78
1070
     0
1070
    48
1040
1.131762
1070
    49
1040
12.5
1070
    50
1070
     1
1040
0.0
1000
ACAD_MTEXT_COLUMN_INFO_END
  0
MTEXT
  5
873
330
866
100
AcDbEntity
  8
0
 62
    42
 60
     1
 48
7.0
100
AcDbMText
 10
3.271264
 20
0.316012
 30
0.0
 40
0.2
 41
1.131762
 46
0.0
 71
     5
 72
     5
  1
{\fArial|b0|i0|c0|p34;BPC 600}
 73
     1
 44
1.0
1001
AcDbBlockRepETag
1070
     1
1071
        9
1005
873
1001
ACAD
1000
ACAD_MTEXT_COLUMN_INFO_BEGIN
1070
    75
1070
     2
1070
    79
1070
     0
1070
    76
1070
     1
1070
    78
1070
     0
1070
    48
1040
1.131762
1070
    49
1040
12.5
1070
    50
1070
     1
1040
0.0
1000
ACAD_MTEXT_COLUMN_INFO_END
  0
ENDBLK
  5
874
330
866
100
AcDbEntity
  8
0
100
AcDbBlockEnd
  0
BLOCK
  5
88D
330
88A
100
AcDbEntity
  8
0
100
AcDbBlockBegin
  2
*U47
 70
     1
 10
0.0
 20
0.0
 30
0.0
  3
*U47
  1
*U47
  0
LWPOLYLINE
  5
88E
330
88A
100
AcDbEntity
  8
0
100
AcDbPolyline
 90
        4
 70
     1
 43
0.0
 10
0.0
 20
0.1
 10
4.382764
 20
0.1
 10
4.382764
 20
0.083988
 10
0.0
 20
0.083988
1001
AcDbBlockRepETag
1070
     1
1071
        0
1005
88E
  0
LWPOLYLINE
  5
88F
330
88A
100
AcDbEntity
  8
0
100
AcDbPolyline
 90
        4
 70
     1
 43
0.0
 10
0.0
 20
0.016012
 10
4.382764
 20
0.016012
 10
4.382764
 20
0.0
 10
0.0
 20
0.0
1001
AcDbBlockRepETag
1070
     1
1071
        1
1005
88F
  0
HATCH
  5
890
330
88A
100
AcDbEntity
  8
0
 60
     1
100
AcDbHatch
 10
0.0
 20
0.0
 30
0.0
210
0.0
220
0.0
230
1.0
  2
LINE
 70
     0
 71
     1
 91
        1
 92
        1
 93
        4
 72
     1
 10
0.0
 20
0.0839877023923691
 11
4.382763568298199
 21
0.0839877023923691
 72
     1
 10
4.382763568298199
 20
0.0839877023923691
 11
4.382763568298199
 21
0.0160122976076309
 72
     1
 10
4.382763568298199
 20
0.0160122976076309
 11
0.0
 21
0.0160122976076309
 72
     1
 10
0.0
 20
0.0160122976076309
 11
0.0
 21
0.0839877023923691
 97
        1
330
891
 75
     0
 76
     1
 52
90.0
 41
0.1
 77
     0
 78
     1
 53
90.0
 43
-1194.908813509858
 44
-974.3883176111455
 45
-0.3175
 46
0.0
 79
     0
 98
        1
 10
-1194.908813509858
 20
-974.3883176111455
1001
AcDbBlockRepETag
1070
     1
1071
        2
1005
890
1001
ACAD
1010
0.0
1020
0.0
1030
0.0
  0
LWPOLYLINE
  5
891
102
{ACAD_REACTORS
330
890
330
892
102
}
330
88A
100
AcDbEntity
  8
0
100
AcDbPolyline
 90
        4
 70
     1
 43
0.0
 10
0.0
 20
0.083988
 10
4.382764
 20
0.083988
 10
4.382764
 20
0.016012
 10
0.0
 20
0.016012
1001
AcDbBlockRepETag
1070
     1
1071
        3
1005
891
  0
HATCH
  5
892
330
88A
100
AcDbEntity
  8
0
100
AcDbHatch
 10
0.0
 20
0.0
 30
0.0
210
0.0
220
0.0
230
1.0
  2
DASH
 70
     0
 71
     1
 91
        1
 92
        1
 93
        4
 72
     1
 10
0.0
 20
0.0839877023923691
 11
4.382763568298199
 21
0.0839877023923691
 72
     1
 10
4.382763568298199
 20
0.0839877023923691
 11
4.382763568298199
 21
0.0160122976076309
 72
     1
 10
4.382763568298199
 20
0.0160122976076309
 11
0.0
 21
0.0160122976076309
 72
     1
 10
0.0
 20
0.0160122976076309
 11
0.0
 21
0.0839877023923691
 97
        1
330
891
 75
     0
 76
     1
 52
0.0
 41
0.02
 77
     0
 78
     1
 53
0.0
 43
11.95868266091385
 44
-0.2160122976076991
 45
0.0635
 46
0.0635
 79
     2
 49
0.0635
 49
-0.0635
 98
        1
 10
11.95868266091385
 20
-0.2160122976076991
1001
AcDbBlockRepETag
1070
     1
1071
        4
1005
892
1001
ACAD
1010
0.0
1020
0.0
1030
0.0
  0
MTEXT
  5
893
330
88A
100
AcDbEntity
  8
0
 62
    42
 60
     1
 48
7.0
100
AcDbMText
 10
2.191382
 20
0.075
 30
0.0
 40
0.1
 41
1.131762
 46
0.0
 71
     5
 72
     5
  1
{\fArial|b0|i0|c0|p34;BPC 150}
 73
     1
 44
1.0
1001
AcDbBlockRepETag
1070
     1
1071
        5
1005
893
1001
ACAD
1000
ACAD_MTEXT_COLUMN_INFO_BEGIN
1070
    75
1070
     2
1070
    79
1070
     0
1070
    76
1070
     1
1070
    78
1070
     0
1070
    48
1040
1.131762
1070
    49
1040
12.5
1070
    50
1070
     1
1040
0.0
1000
ACAD_MTEXT_COLUMN_INFO_END
  0
MTEXT
  5
894
330
88A
100
AcDbEntity
  8
0
 62
    42
 60
     1
 48
7.0
100
AcDbMText
 10
2.191382
 20
0.1
 30
0.0
 40
0.1
 41
1.131762
 46
0.0
 71
     5
 72
     5
  1
{\fArial|b0|i0|c0|p34;BPC 200}
 73
     1
 44
1.0
1001
AcDbBlockRepETag
1070
     1
1071
        6
1005
894
1001
ACAD
1000
ACAD_MTEXT_COLUMN_INFO_BEGIN
1070
    75
1070
     2
1070
    79
1070
     0
1070
    76
1070
     1
1070
    78
1070
     0
1070
    48
1040
1.131762
1070
    49
1040
12.5
1070
    50
1070
     1
1040
0.0
1000
ACAD_MTEXT_COLUMN_INFO_END
  0
MTEXT
  5
895
330
88A
100
AcDbEntity
  8
0
 62
    42
 60
     1
 48
7.0
100
AcDbMText
 10
2.191382
 20
0.158006
 30
0.0
 40
0.15
 41
1.131762
 46
0.0
 71
     5
 72
     5
  1
{\fArial|b0|i0|c0|p34;BPC 300}
 73
     1
 44
1.0
1001
AcDbBlockRepETag
1070
     1
1071
        7
1005
895
1001
ACAD
1000
ACAD_MTEXT_COLUMN_INFO_BEGIN
1070
    75
1070
     2
1070
    79
1070
     0
1070
    76
1070
     1
1070
    78
1070
     0
1070
    48
1040
1.131762
1070
    49
1040
12.5
1070
    50
1070
     1
1040
0.0
1000
ACAD_MTEXT_COLUMN_INFO_END
  0
MTEXT
  5
896
330
88A
100
AcDbEntity
  8
0
 62
    42
 60
     1
 48
7.0
100
AcDbMText
 10
2.191382
 20
0.225
 30
0.0
 40
0.15
 41
1.131762
 46
0.0
 71
     5
 72
     5
  1
{\fArial|b0|i0|c0|p34;BPC 450}
 73
     1
 44
1.0
1001
AcDbBlockRepETag
1070
     1
1071
        8
1005
896
1001
ACAD
1000
ACAD_MTEXT_COLUMN_INFO_BEGIN
1070
    75
1070
     2
1070
    79
1070
     0
1070
    76
1070
     1
1070
    78
1070
     0
1070
    48
1040
1.131762
1070
    49
1040
12.5
1070
    50
1070
     1
1040
0.0
1000
ACAD_MTEXT_COLUMN_INFO_END
  0
MTEXT
  5
897
330
88A
100
AcDbEntity
  8
0
 62
    42
 60
     1
 48
7.0
100
AcDbMText
 10
2.191382
 20
0.316012
 30
0.0
 40
0.2
 41
1.131762
 46
0.0
 71
     5
 72
     5
  1
{\fArial|b0|i0|c0|p34;BPC 600}
 73
     1
 44
1.0
1001
AcDbBlockRepETag
1070
     1
1071
        9
1005
897
1001
ACAD
1000
ACAD_MTEXT_COLUMN_INFO_BEGIN
1070
    75
1070
     2
1070
    79
1070
     0
1070
    76
1070
     1
1070
    78
1070
     0
1070
    48
1040
1.131762
1070
    49
1040
12.5
1070
    50
1070
     1
1040
0.0
1000
ACAD_MTEXT_COLUMN_INFO_END
  0
ENDBLK
  5
898
330
88A
100
AcDbEntity
  8
0
100
AcDbBlockEnd
  0
BLOCK
  5
8AC
330
8AB
100
AcDbEntity
  8
0
100
AcDbBlockBegin
  2
*D48
 70
     1
 10
0.0
 20
0.0
 30
0.0
  3
*D48
  1
*D48
  0
LINE
  5
8AD
330
8AB
100
AcDbEntity
  8
000 - COTAS
 62
   252
370
    -2
100
AcDbLine
 10
80.123299
 20
90.220957
 30
0.0
 11
80.012606
 21
90.220957
 31
0.0
  0
LINE
  5
8AE
330
8AB
100
AcDbEntity
  8
000 - COTAS
 62
   252
370
    -2
100
AcDbLine
 10
80.100106
 20
84.820957
 30
0.0
 11
80.012606
 21
84.820957
 31
0.0
  0
LINE
  5
8AF
330
8AB
100
AcDbEntity
  8
000 - COTAS
 62
   252
100
AcDbLine
 10
80.112606
 20
90.320957
 30
0.0
 11
80.112606
 21
84.720957
 31
0.0
  0
INSERT
  5
8B0
330
8AB
100
AcDbEntity
  8
000 - COTAS
 62
   252
100
AcDbBlockReference
  2
_OBLIQUE
 10
80.112606
 20
90.220957
 30
0.0
 41
0.15
 42
0.15
 43
0.15
 50
90.0
  0
INSERT
  5
8B1
330
8AB
100
AcDbEntity
  8
000 - COTAS
 62
   252
100
AcDbBlockReference
  2
_OBLIQUE
 10
80.112606
 20
84.820957
 30
0.0
 41
0.15
 42
0.15
 43
0.15
 50
270.0
  0
MTEXT
  5
8B2
330
8AB
100
AcDbEntity
  8
000 - COTAS
 62
     7
100
AcDbMText
 10
79.947606
 20
87.520957
 30
0.0
 40
0.3
 41
0.0
 46
0.0
 71
     5
 72
     1
  1
5.40
 11
0.0
 21
1.0
 31
0.0
 73
     1
 44
1.0
  0
POINT
  5
8B3
330
8AB
100
AcDbEntity
  8
Defpoints
 62
     0
100
AcDbPoint
 10
80.185799
 20
90.220957
 30
0.0
  0
POINT
  5
8B4
330
8AB
100
AcDbEntity
  8
Defpoints
 62
     0
100
AcDbPoint
 10
80.162606
 20
84.820957
 30
0.0
  0
POINT
  5
8B5
330
8AB
100
AcDbEntity
  8
Defpoints
 62
     0
100
AcDbPoint
 10
80.112606
 20
84.820957
 30
0.0
  0
ENDBLK
  5
8B6
330
8AB
100
AcDbEntity
  8
0
100
AcDbBlockEnd
  0
BLOCK
  5
8B9
330
8B8
100
AcDbEntity
  8
0
100
AcDbBlockBegin
  2
*D49
 70
     1
 10
0.0
 20
0.0
 30
0.0
  3
*D49
  1
*D49
  0
LINE
  5
8BA
330
8B8
100
AcDbEntity
  8
000 - COTAS
 62
   252
370
    -2
100
AcDbLine
 10
76.471196
 20
85.254443
 30
0.0
 11
76.471196
 21
85.133829
 31
0.0
  0
LINE
  5
8BB
330
8B8
100
AcDbEntity
  8
000 - COTAS
 62
   252
370
    -2
100
AcDbLine
 10
80.371196
 20
85.254443
 30
0.0
 11
80.371196
 21
85.133829
 31
0.0
  0
LINE
  5
8BC
330
8B8
100
AcDbEntity
  8
000 - COTAS
 62
   252
100
AcDbLine
 10
76.371196
 20
85.233829
 30
0.0
 11
80.471196
 21
85.233829
 31
0.0
  0
INSERT
  5
8BD
330
8B8
100
AcDbEntity
  8
000 - COTAS
 62
   252
100
AcDbBlockReference
  2
_OBLIQUE
 10
76.471196
 20
85.233829
 30
0.0
 41
0.15
 42
0.15
 43
0.15
 50
180.0
  0
INSERT
  5
8BE
330
8B8
100
AcDbEntity
  8
000 - COTAS
 62
   252
100
AcDbBlockReference
  2
_OBLIQUE
 10
80.371196
 20
85.233829
 30
0.0
 41
0.15
 42
0.15
 43
0.15
  0
MTEXT
  5
8BF
330
8B8
100
AcDbEntity
  8
000 - COTAS
 62
     7
100
AcDbMText
 10
78.421196
 20
85.398829
 30
0.0
 40
0.3
 41
0.0
 46
0.0
 71
     5
 72
     1
  1
3.90
 73
     1
 44
1.0
  0
POINT
  5
8C0
330
8B8
100
AcDbEntity
  8
Defpoints
 62
     0
100
AcDbPoint
 10
76.471196
 20
85.316943
 30
0.0
  0
POINT
  5
8C1
330
8B8
100
AcDbEntity
  8
Defpoints
 62
     0
100
AcDbPoint
 10
80.371196
 20
85.316943
 30
0.0
  0
POINT
  5
8C2
330
8B8
100
AcDbEntity
  8
Defpoints
 62
     0
100
AcDbPoint
 10
80.371196
 20
85.233829
 30
0.0
  0
ENDBLK
  5
8C3
330
8B8
100
AcDbEntity
  8
0
100
AcDbBlockEnd
  0
BLOCK
  5
924
330
921
100
AcDbEntity
  8
0
100
AcDbBlockBegin
  2
OCASA_TODAS_r08$0$HELADERA
 70
     0
 10
0.0
 20
0.0
 30
0.0
  3
OCASA_TODAS_r08$0$HELADERA
  1
OCASA_TODAS_r08$0$HELADERA
  0
LINE
  5
925
330
921
100
AcDbEntity
  8
OCASA_TODAS_r08$0$EQUIPAMIENTO
  6
ByBlock
100
AcDbLine
 10
108.3701
 20
-142.361184
 30
0.0
 11
108.3701
 21
-62.361184
 31
0.0
  0
LINE
  5
926
330
921
100
AcDbEntity
  8
OCASA_TODAS_r08$0$EQUIPAMIENTO
  6
ByBlock
100
AcDbLine
 10
108.3701
 20
-54.361184
 30
0.0
 11
12.3701
 21
-54.361184
 31
0.0
  0
LINE
  5
927
330
921
100
AcDbEntity
  8
OCASA_TODAS_r08$0$EQUIPAMIENTO
  6
ByBlock
100
AcDbLine
 10
12.3701
 20
-54.361184
 30
0.0
 11
12.3701
 21
-59.161184
 31
0.0
  0
LINE
  5
928
330
921
100
AcDbEntity
  8
OCASA_TODAS_r08$0$EQUIPAMIENTO
  6
ByBlock
100
AcDbLine
 10
12.3701
 20
-142.361184
 30
0.0
 11
108.3701
 21
-142.361184
 31
0.0
  0
LINE
  5
929
330
921
100
AcDbEntity
  8
OCASA_TODAS_r08$0$EQUIPAMIENTO
  6
ByBlock
100
AcDbLine
 10
12.3701
 20
-150.361184
 30
0.0
 11
108.3701
 21
-150.361184
 31
0.0
  0
LINE
  5
92A
330
921
100
AcDbEntity
  8
OCASA_TODAS_r08$0$EQUIPAMIENTO
  6
ByBlock
100
AcDbLine
 10
12.3701
 20
-145.561184
 30
0.0
 11
108.3701
 21
-145.561184
 31
0.0
  0
LINE
  5
92B
330
921
100
AcDbEntity
  8
OCASA_TODAS_r08$0$EQUIPAMIENTO
  6
ByBlock
100
AcDbLine
 10
108.3701
 20
-62.361184
 30
0.0
 11
12.3701
 21
-62.361184
 31
0.0
  0
LINE
  5
92C
330
921
100
AcDbEntity
  8
OCASA_TODAS_r08$0$EQUIPAMIENTO
  6
ByBlock
100
AcDbLine
 10
108.3701
 20
-55.961184
 30
0.0
 11
12.3701
 21
-55.961184
 31
0.0
  0
LINE
  5
92D
330
921
100
AcDbEntity
  8
OCASA_TODAS_r08$0$EQUIPAMIENTO
  6
ByBlock
100
AcDbLine
 10
108.3701
 20
-57.561184
 30
0.0
 11
12.3701
 21
-57.561184
 31
0.0
  0
LINE
  5
92E
330
921
100
AcDbEntity
  8
OCASA_TODAS_r08$0$EQUIPAMIENTO
  6
ByBlock
100
AcDbLine
 10
108.3701
 20
-59.161184
 30
0.0
 11
12.3701
 21
-59.161184
 31
0.0
  0
LINE
  5
92F
330
921
100
AcDbEntity
  8
OCASA_TODAS_r08$0$EQUIPAMIENTO
  6
ByBlock
100
AcDbLine
 10
108.3701
 20
-150.361184
 30
0.0
 11
108.3701
 21
-145.561184
 31
0.0
  0
LINE
  5
930
330
921
100
AcDbEntity
  8
OCASA_TODAS_r08$0$EQUIPAMIENTO
  6
ByBlock
100
AcDbLine
 10
12.3701
 20
-150.361184
 30
0.0
 11
12.3701
 21
-145.561184
 31
0.0
  0
LINE
  5
931
330
921
100
AcDbEntity
  8
OCASA_TODAS_r08$0$EQUIPAMIENTO
  6
ByBlock
100
AcDbLine
 10
101.9475
 20
-150.361184
 30
0.0
 11
101.9475
 21
-155.06445
 31
0.0
  0
LINE
  5
932
330
921
100
AcDbEntity
  8
OCASA_TODAS_r08$0$EQUIPAMIENTO
  6
ByBlock
100
AcDbLine
 10
101.9475
 20
-155.06445
 30
0.0
 11
94.891686
 21
-155.06445
 31
0.0
  0
LINE
  5
933
330
921
100
AcDbEntity
  8
OCASA_TODAS_r08$0$EQUIPAMIENTO
  6
ByBlock
100
AcDbLine
 10
108.3701
 20
-59.161184
 30
0.0
 11
108.3701
 21
-54.361184
 31
0.0
  0
LINE
  5
934
330
921
100
AcDbEntity
  8
OCASA_TODAS_r08$0$EQUIPAMIENTO
  6
ByBlock
100
AcDbLine
 10
12.3701
 20
-62.361184
 30
0.0
 11
12.3701
 21
-142.361184
 31
0.0
  0
ENDBLK
  5
935
330
921
100
AcDbEntity
  8
0
100
AcDbBlockEnd
  0
ENDSEC
  0
SECTION
  2
ENTITIES
  0
LWPOLYLINE
  5
3C1
330
1F
100
AcDbEntity
  8
A-CARPINTERIAS
100
AcDbPolyline
 90
        4
 70
     1
 43
0.0
 10
77.521196
 20
90.320957
 10
77.571196
 20
90.320957
 10
77.571196
 20
90.220957
 10
77.521196
 20
90.220957
  0
LINE
  5
3C2
330
1F
100
AcDbEntity
  8
A construir
 62
    10
100
AcDbLine
 10
77.521196
 20
90.320957
 30
0.0
 11
77.571196
 21
90.320957
 31
0.0
  0
LWPOLYLINE
  5
3C3
330
1F
100
AcDbEntity
  8
A-CARPINTERIAS
100
AcDbPolyline
 90
        4
 70
     1
 43
0.0
 10
76.571196
 20
90.320957
 10
76.621196
 20
90.320957
 10
76.621196
 20
90.220957
 10
76.571196
 20
90.220957
  0
LWPOLYLINE
  5
3C4
330
1F
100
AcDbEntity
  8
A-CARPINTERIAS
100
AcDbPolyline
 90
        4
 70
     1
 43
0.0
 10
76.621196
 20
90.220957
 10
76.671196
 20
90.220957
 10
76.671196
 20
89.320957
 10
76.621196
 20
89.320957
  0
ARC
  5
3C5
330
1F
100
AcDbEntity
  8
A-CARPINTERIAS
100
AcDbCircle
 10
76.618654
 20
90.221969
 30
0.0
 40
0.9025423691205261
100
AcDbArc
 50
273.33738
 51
359.935774
  0
LINE
  5
3C6
330
1F
100
AcDbEntity
  8
000 - DURLOCK
100
AcDbLine
 10
93.571196
 20
86.270957
 30
0.0
 11
95.033696
 21
86.270957
 31
0.0
  0
INSERT
  5
3C7
330
1F
100
AcDbEntity
  8
000 - HATCK DURLOCK
100
AcDbBlockReference
  2
000 - MOBILIARIO - PUESTO TRABAJO
 10
168.383029
 20
78.699835
 30
0.0
 41
-1.0
 50
90.0
  0
INSERT
  5
3E5
330
1F
100
AcDbEntity
  8
000 - HATCK DURLOCK
100
AcDbBlockReference
  2
000 - MOBILIARIO - PUESTO TRABAJO
 10
42.002366
 20
78.699835
 30
0.0
 50
270.0
  0
HATCH
  5
3E6
330
1F
100
AcDbEntity
  8
000 - HATCK MUROS
440
 33554687
100
AcDbHatch
 10
0.0
 20
0.0
 30
0.0
210
0.0
220
0.0
230
1.0
  2
SOLID
 70
     1
 71
     0
 91
        1
 92
        7
 72
     0
 73
     1
 93
       12
 10
53.9711552400604
 20
84.82091533245693
 10
53.9711552400604
 20
102.9209153324564
 10
65.77115524006058
 20
102.9209153324564
 10
65.77115524006058
 20
95.32091533245648
 10
67.42115524006022
 20
95.32091533245648
 10
67.42115524006022
 20
95.62091533245666
 10
66.07115524006076
 20
95.62091533245666
 10
66.07115524006076
 20
103.2209153324566
 10
53.67115524006022
 20
103.2209153324566
 10
53.67115524006022
 20
84.52091533245675
 10
110.6711552400602
 20
84.52091533245675
 10
110.6711552400602
 20
84.82091533245693
 97
        0
 75
     1
 76
     1
 47
0.08629
 98
        1
 10
97.6303050036413
 20
84.77397678999569
450
        0
451
        0
460
0.0
461
0.0
452
        0
462
1.0
453
        2
463
0.0
 63
     5
421
      255
463
1.0
 63
     2
421
 16776960
470
LINEAR
1001
GradientColor1ACI
1070
     5
1001
GradientColor2ACI
1070
     2
1001
ACAD
1010
0.0
1020
0.0
1030
0.0
  0
LWPOLYLINE
  5
3E7
102
{ACAD_REACTORS
330
721
102
}
330
1F
100
AcDbEntity
  8
000 - MUROS
100
AcDbPolyline
 90
        5
 70
     0
 43
0.0
 10
53.671196
 20
84.520957
 10
53.671196
 20
103.220957
 10
66.071196
 20
103.220957
 10
66.071196
 20
95.620957
 10
67.421196
 20
95.620957
  0
LWPOLYLINE
  5
3E8
330
1F
100
AcDbEntity
  8
000 - MUROS
100
AcDbPolyline
 90
        2
 70
     0
 43
0.0
 10
73.771196
 20
95.620957
 10
74.071196
 20
95.620957
  0
HATCH
  5
3E9
330
1F
100
AcDbEntity
  8
000 - HATCK MUROS
440
 33554687
100
AcDbHatch
 10
0.0
 20
0.0
 30
0.0
210
0.0
220
0.0
230
1.0
  2
SOLID
 70
     1
 71
     0
 91
        2
 92
        7
 72
     0
 73
     1
 93
        8
 10
110.6711956466474
 20
102.9209568322558
 10
110.6711956466474
 20
103.220956832256
 10
82.27119564664781
 20
103.220956832256
 10
82.27119564664781
 20
95.62095683225698
 10
74.97119564664763
 20
95.62095683225652
 10
74.97119564664763
 20
95.32095683225634
 10
82.571195646648
 20
95.3209568322568
 10
82.571195646648
 20
102.9209568322558
 97
        0
 92
       23
 72
     0
 73
     1
 93
       12
 10
80.62119564664727
 20
95.37095683225698
 10
80.49619564664727
 20
95.27095683225662
 10
80.49619564664727
 20
95.37095683225698
 10
80.37119564664727
 20
95.37095683225698
 10
80.27119564664781
 20
95.47095683225689
 10
80.37119564664727
 20
95.47095683225689
 10
80.37119564664727
 20
95.5709568322568
 10
80.49619564664727
 20
95.6709568322567
 10
80.49619564664727
 20
95.5709568322568
 10
80.62119564664727
 20
95.5709568322568
 10
80.72119564664763
 20
95.47095683225689
 10
80.62119564664727
 20
95.47095683225689
 97
        0
 75
     1
 76
     1
 47
0.033921
 98
        2
 10
99.33946032478389
 20
103.0082594422106
 10
99.33946032478389
 20
103.0082594422106
450
        0
451
        0
460
0.0
461
0.0
452
        0
462
1.0
453
        2
463
0.0
 63
     5
421
      255
463
1.0
 63
     2
421
 16776960
470
LINEAR
1001
GradientColor1ACI
1070
     5
1001
GradientColor2ACI
1070
     2
1001
ACAD
1010
0.0
1020
0.0
1030
0.0
  0
LWPOLYLINE
  5
3EA
330
1F
100
AcDbEntity
  8
000 - MUROS
100
AcDbPolyline
 90
        5
 70
     0
 43
0.0
 10
74.971196
 20
95.620957
 10
82.271196
 20
95.620957
 10
82.271196
 20
103.220957
 10
110.671196
 20
103.220957
 10
110.671196
 20
102.920957
  0
LWPOLYLINE
  5
3EB
330
1F
100
AcDbEntity
  8
000 - MUROS
100
AcDbPolyline
 90
        3
 70
     0
 43
0.0
 10
110.671196
 20
84.820957
 10
110.671196
 20
84.520957
 10
53.671196
 20
84.520957
  0
LWPOLYLINE
  5
3EC
330
1F
100
AcDbEntity
  8
000 - MUROS
100
AcDbPolyline
 90
        2
 70
     0
 43
0.0
 10
73.771196
 20
95.320957
 10
74.071196
 20
95.320957
  0
HATCH
  5
3ED
330
1F
100
AcDbEntity
  8
000 - HATCK MUROS
440
 33554687
100
AcDbHatch
 10
0.0
 20
0.0
 30
0.0
210
0.0
220
0.0
230
1.0
  2
SOLID
 70
     1
 71
     0
 91
        2
 92
        7
 72
     0
 73
     1
 93
        4
 10
108.5711956466471
 20
98.72095683225598
 10
108.5711956466471
 20
95.1709568322567
 10
108.7211956466476
 20
95.1709568322567
 10
108.7211956466476
 20
98.72095683225598
 97
        0
 92
        7
 72
     0
 73
     1
 93
        4
 10
108.571195646648
 20
102.9209568322558
 10
108.571195646648
 20
102.720956832256
 10
108.7211956466476
 20
102.720956832256
 10
108.7211956466476
 20
102.9209568322558
 97
        0
 75
     1
 76
     1
 47
0.020879
 98
        2
 10
108.6482275297599
 20
98.11152780305702
 10
108.6273510412225
 20
102.7733443473785
450
        0
451
        0
460
0.0
461
0.0
452
        0
462
1.0
453
        2
463
0.0
 63
     5
421
      255
463
1.0
 63
     2
421
 16776960
470
LINEAR
1001
GradientColor1ACI
1070
     5
1001
GradientColor2ACI
1070
     2
1001
ACAD
1010
0.0
1020
0.0
1030
0.0
  0
LWPOLYLINE
  5
3EE
330
1F
100
AcDbEntity
  8
000 - MUROS
100
AcDbPolyline
 90
        4
 70
     0
 43
0.0
 10
74.971196
 20
95.320957
 10
82.571196
 20
95.320957
 10
82.571196
 20
102.920957
 10
110.671196
 20
102.920957
  0
HATCH
  5
3EF
330
1F
100
AcDbEntity
  8
000 - HATCK MUROS
440
 33554687
100
AcDbHatch
 10
0.0
 20
0.0
 30
0.0
210
0.0
220
0.0
230
1.0
  2
SOLID
 70
     1
 71
     0
 91
        2
 92
        7
 72
     0
 73
     1
 93
        8
 10
108.7211956466476
 20
87.02095683225662
 10
108.571195646648
 20
87.02095683225662
 10
107.9711956466476
 20
87.02095683225662
 10
107.9711956466476
 20
86.92095683225716
 10
109.321195646648
 20
86.92095683225716
 10
109.321195646648
 20
84.8209568322568
 10
109.4211956466474
 20
84.8209568322568
 10
109.4211956466474
 20
87.02095683225707
 97
        0
 92
        7
 72
     0
 73
     1
 93
        6
 10
106.9211956466479
 20
87.02095683225707
 10
106.9211956466474
 20
85.02095683225662
 10
107.0211956466478
 20
85.02095683225662
 10
107.0211956466478
 20
86.92095683225716
 10
107.071195646648
 20
86.92095683225716
 10
107.071195646648
 20
87.02095683225662
 97
        0
 75
     1
 76
     1
 47
0.008208
 98
        2
 10
109.1983149526554
 20
86.97858248319744
 10
106.9904317467312
 20
86.97036424790849
450
        0
451
        0
460
0.0
461
0.0
452
        0
462
1.0
453
        2
463
0.0
 63
     5
421
      255
463
1.0
 63
     2
421
 16776960
470
LINEAR
1001
GradientColor1ACI
1070
     5
1001
GradientColor2ACI
1070
     2
1001
ACAD
1010
0.0
1020
0.0
1030
0.0
  0
LINE
  5
3F0
330
1F
100
AcDbEntity
  8
A-CARPINTERIAS
 62
     2
100
AcDbLine
 10
67.421196
 20
95.620957
 30
0.0
 11
67.421196
 21
95.320957
 31
0.0
  0
HATCH
  5
3F1
330
1F
100
AcDbEntity
  8
A construir
440
 33554495
100
AcDbHatch
 10
0.0
 20
0.0
 30
0.0
210
0.0
220
0.0
230
1.0
  2
SOLID
 70
     1
 71
     1
 91
        2
 92
        7
 72
     0
 73
     1
 93
        4
 10
77.571195646648
 20
90.3209568322568
 10
80.37119564664772
 20
90.3209568322568
 10
80.37119564664772
 20
90.22095683225689
 10
77.571195646648
 20
90.22095683225689
 97
        4
330
75B
330
768
330
759
330
42A
 92
        7
 72
     0
 73
     1
 93
        6
 10
76.37119564664772
 20
90.3209568322568
 10
76.57119564664754
 20
90.3209568322568
 10
76.57119564664754
 20
90.22095683225689
 10
76.47119564664763
 20
90.22095683225689
 10
76.47119564664763
 20
84.8209568322568
 10
76.37119564664772
 20
84.8209568322568
 97
        4
330
766
330
75E
330
75A
330
3F2
 75
     1
 76
     1
 47
0.012344
 98
        2
 10
78.61010998975144
 20
90.28262163015302
 10
76.44039560549027
 20
88.60661269610637
450
        0
451
        0
460
0.0
461
0.0
452
        0
462
1.0
453
        2
463
0.0
 63
     5
421
      255
463
1.0
 63
     2
421
 16776960
470
LINEAR
1001
GradientColor1ACI
1070
     5
1001
GradientColor2ACI
1070
     2
1001
ACAD
1010
0.0
1020
0.0
1030
0.0
  0
LWPOLYLINE
  5
3F2
102
{ACAD_REACTORS
330
6F4
330
6C7
330
703
330
712
330
798
330
3F1
102
}
330
1F
100
AcDbEntity
  8
000 - MUROS
100
AcDbPolyline
 90
        6
 70
     0
 43
0.0
 10
110.671196
 20
84.820957
 10
53.971196
 20
84.820957
 10
53.971196
 20
102.920957
 10
65.771196
 20
102.920957
 10
65.771196
 20
95.320957
 10
67.421196
 20
95.320957
  0
INSERT
  5
3F3
330
1F
100
AcDbEntity
  8
0
  6
ACAD_ISO03W100
100
AcDbBlockReference
  2
000 - COLUMNA 20X25
 10
42.066826
 20
-24.825495
 30
0.0
  0
INSERT
  5
3FB
330
1F
100
AcDbEntity
  8
0
  6
ACAD_ISO03W100
100
AcDbBlockReference
  2
000 - COLUMNA 20X25
 10
48.666826
 20
-24.825495
 30
0.0
  0
INSERT
  5
3FC
330
1F
100
AcDbEntity
  8
0
  6
ACAD_ISO03W100
100
AcDbBlockReference
  2
000 - COLUMNA 20X25
 10
55.266826
 20
-24.825495
 30
0.0
  0
INSERT
  5
3FD
330
1F
100
AcDbEntity
  8
0
  6
ACAD_ISO03W100
100
AcDbBlockReference
  2
000 - COLUMNA 20X25
 10
61.866826
 20
-24.825495
 30
0.0
  0
INSERT
  5
3FE
102
{ACAD_REACTORS
330
69A
330
77A
102
}
330
1F
100
AcDbEntity
  8
0
  6
ACAD_ISO03W100
100
AcDbBlockReference
  2
000 - COLUMNA 20X25
 10
68.466826
 20
-24.825495
 30
0.0
  0
INSERT
  5
3FF
330
1F
100
AcDbEntity
  8
0
  6
ACAD_ISO03W100
100
AcDbBlockReference
  2
000 - COLUMNA 20X25
 10
75.066826
 20
-24.825495
 30
0.0
  0
INSERT
  5
400
330
1F
100
AcDbEntity
  8
0
  6
ACAD_ISO03W100
100
AcDbBlockReference
  2
000 - COLUMNA 20X25
 10
81.666826
 20
-24.825495
 30
0.0
  0
INSERT
  5
401
330
1F
100
AcDbEntity
  8
0
  6
ACAD_ISO03W100
100
AcDbBlockReference
  2
000 - COLUMNA 20X25
 10
88.266826
 20
-24.825495
 30
0.0
  0
INSERT
  5
402
102
{ACAD_REACTORS
330
6D6
102
}
330
1F
100
AcDbEntity
  8
0
  6
ACAD_ISO03W100
100
AcDbBlockReference
  2
000 - COLUMNA 20X25
 10
94.866826
 20
-24.825495
 30
0.0
  0
LINE
  5
403
330
1F
100
AcDbEntity
  8
000 - MUROS
100
AcDbLine
 10
66.071196
 20
103.220957
 30
0.0
 11
82.271196
 21
103.220957
 31
0.0
  0
LINE
  5
404
102
{ACAD_REACTORS
330
730
102
}
330
1F
100
AcDbEntity
  8
000 - PROYECCION
 48
0.05
100
AcDbLine
 10
66.071196
 20
95.620957
 30
0.0
 11
82.271196
 21
102.920957
 31
0.0
  0
LINE
  5
405
102
{ACAD_REACTORS
330
730
102
}
330
1F
100
AcDbEntity
  8
000 - PROYECCION
 48
0.05
100
AcDbLine
 10
66.071196
 20
102.920957
 30
0.0
 11
82.271196
 21
95.620957
 31
0.0
  0
LINE
  5
406
102
{ACAD_REACTORS
330
66E
102
}
330
1F
100
AcDbEntity
  8
000 - DURLOCK
100
AcDbLine
 10
93.571196
 20
84.820957
 30
0.0
 11
93.571196
 21
85.520957
 31
0.0
  0
LINE
  5
407
330
1F
100
AcDbEntity
  8
000 - DURLOCK
100
AcDbLine
 10
93.571196
 20
86.270957
 30
0.0
 11
93.571196
 21
86.770957
 31
0.0
  0
LINE
  5
408
330
1F
100
AcDbEntity
  8
000 - DURLOCK
100
AcDbLine
 10
93.571196
 20
87.570957
 30
0.0
 11
93.571196
 21
88.820957
 31
0.0
  0
LINE
  5
409
102
{ACAD_REACTORS
330
6A9
102
}
330
1F
100
AcDbEntity
  8
000 - DURLOCK
100
AcDbLine
 10
93.471196
 20
84.820957
 30
0.0
 11
93.471196
 21
85.520957
 31
0.0
  0
LINE
  5
40A
330
1F
100
AcDbEntity
  8
000 - DURLOCK
100
AcDbLine
 10
93.471196
 20
86.170957
 30
0.0
 11
93.471196
 21
86.770957
 31
0.0
  0
LINE
  5
40B
330
1F
100
AcDbEntity
  8
000 - DURLOCK
100
AcDbLine
 10
93.471196
 20
87.570957
 30
0.0
 11
93.471196
 21
88.920957
 31
0.0
  0
LINE
  5
40C
330
1F
100
AcDbEntity
  8
000 - DURLOCK
100
AcDbLine
 10
93.471196
 20
86.170957
 30
0.0
 11
95.033696
 21
86.170957
 31
0.0
  0
LINE
  5
40D
330
1F
100
AcDbEntity
  8
000 - DURLOCK
100
AcDbLine
 10
95.133696
 20
86.170957
 30
0.0
 11
96.696196
 21
86.170957
 31
0.0
  0
LINE
  5
40E
330
1F
100
AcDbEntity
  8
000 - DURLOCK
100
AcDbLine
 10
95.133696
 20
86.270957
 30
0.0
 11
96.696196
 21
86.270957
 31
0.0
  0
LINE
  5
40F
330
1F
100
AcDbEntity
  8
000 - DURLOCK
100
AcDbLine
 10
93.471196
 20
87.470957
 30
0.0
 11
95.033696
 21
87.470957
 31
0.0
  0
LINE
  5
410
330
1F
100
AcDbEntity
  8
000 - DURLOCK
100
AcDbLine
 10
95.133696
 20
87.470957
 30
0.0
 11
96.696196
 21
87.470957
 31
0.0
  0
LINE
  5
411
330
1F
100
AcDbEntity
  8
000 - DURLOCK
100
AcDbLine
 10
93.571196
 20
87.570957
 30
0.0
 11
96.696196
 21
87.570957
 31
0.0
  0
LINE
  5
412
330
1F
100
AcDbEntity
  8
000 - DURLOCK
100
AcDbLine
 10
93.571196
 20
88.820957
 30
0.0
 11
95.133696
 21
88.820957
 31
0.0
  0
LINE
  5
413
330
1F
100
AcDbEntity
  8
000 - DURLOCK
100
AcDbLine
 10
95.133696
 20
86.270957
 30
0.0
 11
95.133696
 21
86.720957
 31
0.0
  0
LINE
  5
414
330
1F
100
AcDbEntity
  8
000 - DURLOCK
100
AcDbLine
 10
96.033696
 20
88.820957
 30
0.0
 11
96.696196
 21
88.820957
 31
0.0
  0
LINE
  5
415
330
1F
100
AcDbEntity
  8
000 - DURLOCK
100
AcDbLine
 10
93.471196
 20
88.920957
 30
0.0
 11
95.133696
 21
88.920957
 31
0.0
  0
LINE
  5
416
330
1F
100
AcDbEntity
  8
000 - DURLOCK
100
AcDbLine
 10
96.033696
 20
88.920957
 30
0.0
 11
96.796196
 21
88.920957
 31
0.0
  0
LINE
  5
417
102
{ACAD_REACTORS
330
6B8
102
}
330
1F
100
AcDbEntity
  8
000 - DURLOCK
100
AcDbLine
 10
96.696196
 20
84.820957
 30
0.0
 11
96.696196
 21
86.170957
 31
0.0
  0
LINE
  5
418
330
1F
100
AcDbEntity
  8
000 - DURLOCK
100
AcDbLine
 10
96.696196
 20
86.270957
 30
0.0
 11
96.696196
 21
87.470957
 31
0.0
  0
LINE
  5
419
330
1F
100
AcDbEntity
  8
000 - DURLOCK
100
AcDbLine
 10
96.696196
 20
87.570957
 30
0.0
 11
96.696196
 21
88.820957
 31
0.0
  0
LINE
  5
41A
102
{ACAD_REACTORS
330
68B
102
}
330
1F
100
AcDbEntity
  8
000 - DURLOCK
100
AcDbLine
 10
96.796196
 20
84.820957
 30
0.0
 11
96.796196
 21
88.820957
 31
0.0
  0
INSERT
  5
41B
330
1F
100
AcDbEntity
  8
0
  6
ACAD_ISO03W100
100
AcDbBlockReference
  2
000 - COLUMNA 20X25
 10
68.466826
 20
-14.275495
 30
0.0
  0
LINE
  5
41C
330
1F
100
AcDbEntity
  8
A-CARPINTERIAS
 62
     2
100
AcDbLine
 10
95.133696
 20
86.120957
 30
0.0
 11
95.833696
 21
86.120957
 31
0.0
  0
LINE
  5
41D
330
1F
100
AcDbEntity
  8
A-CARPINTERIAS
 62
     2
100
AcDbLine
 10
95.833696
 20
86.120957
 30
0.0
 11
95.833696
 21
86.070957
 31
0.0
  0
LINE
  5
41E
330
1F
100
AcDbEntity
  8
A-CARPINTERIAS
 62
     2
100
AcDbLine
 10
95.833696
 20
86.070957
 30
0.0
 11
95.133696
 21
86.070957
 31
0.0
  0
LINE
  5
41F
330
1F
100
AcDbEntity
  8
A-CARPINTERIAS
 62
     2
100
AcDbLine
 10
95.133696
 20
86.070957
 30
0.0
 11
95.133696
 21
86.120957
 31
0.0
  0
ARC
  5
420
330
1F
100
AcDbEntity
  8
000 - PUERTAS
100
AcDbCircle
 10
95.133696
 20
86.120957
 30
0.0
 40
0.700000000000273
100
AcDbArc
 50
270.0
 51
355.903956
  0
INSERT
  5
421
330
1F
100
AcDbEntity
  8
0
  6
ACAD_ISO03W100
100
AcDbBlockReference
  2
000 - COLUMNA 20X25
 10
61.866826
 20
-14.275495
 30
0.0
  0
INSERT
  5
422
330
1F
100
AcDbEntity
  8
0
  6
ACAD_ISO03W100
100
AcDbBlockReference
  2
000 - COLUMNA 20X25
 10
42.066826
 20
-6.925495
 30
0.0
  0
INSERT
  5
423
330
1F
100
AcDbEntity
  8
0
  6
ACAD_ISO03W100
100
AcDbBlockReference
  2
000 - COLUMNA 20X25
 10
48.666826
 20
-6.925495
 30
0.0
  0
INSERT
  5
424
330
1F
100
AcDbEntity
  8
0
  6
ACAD_ISO03W100
100
AcDbBlockReference
  2
000 - COLUMNA 20X25
 10
75.066826
 20
-6.925495
 30
0.0
  0
LINE
  5
425
330
1F
100
AcDbEntity
  8
000 - DURLOCK
100
AcDbLine
 10
96.796196
 20
88.920957
 30
0.0
 11
98.643147
 21
88.920957
 31
0.0
  0
INSERT
  5
426
330
1F
100
AcDbEntity
  8
0
  6
ACAD_ISO03W100
100
AcDbBlockReference
  2
000 - COLUMNA 20X25
 10
81.666826
 20
-6.925495
 30
0.0
  0
INSERT
  5
427
330
1F
100
AcDbEntity
  8
0
  6
ACAD_ISO03W100
100
AcDbBlockReference
  2
000 - COLUMNA 20X25
 10
88.266826
 20
-6.925495
 30
0.0
  0
INSERT
  5
428
330
1F
100
AcDbEntity
  8
0
  6
ACAD_ISO03W100
100
AcDbBlockReference
  2
000 - COLUMNA 20X25
 10
94.866826
 20
-6.925495
 30
0.0
  0
LWPOLYLINE
  5
429
330
1F
100
AcDbEntity
  8
000 - DURLOCK
100
AcDbPolyline
 90
        2
 70
     0
 43
0.0
 10
80.371196
 20
84.820957
 10
80.371196
 20
86.776291
  0
LWPOLYLINE
  5
42A
102
{ACAD_REACTORS
330
3F1
102
}
330
1F
100
AcDbEntity
  8
000 - DURLOCK
100
AcDbPolyline
 90
        3
 70
     0
 43
0.0
 10
80.371196
 20
88.276291
 10
80.371196
 20
90.320957
 10
82.174321
 20
90.320957
  0
LWPOLYLINE
  5
42B
330
1F
100
AcDbEntity
  8
000 - DURLOCK
100
AcDbPolyline
 90
        2
 70
     0
 43
0.0
 10
83.724321
 20
90.320957
 10
85.377446
 20
90.320957
  0
LWPOLYLINE
  5
42C
330
1F
100
AcDbEntity
  8
000 - DURLOCK
100
AcDbPolyline
 90
        2
 70
     0
 43
0.0
 10
86.977446
 20
90.320957
 10
88.680571
 20
90.320957
  0
LWPOLYLINE
  5
42D
330
1F
100
AcDbEntity
  8
000 - DURLOCK
100
AcDbPolyline
 90
        2
 70
     0
 43
0.0
 10
91.973696
 20
90.320957
 10
91.973696
 20
90.170957
  0
LWPOLYLINE
  5
42E
330
1F
100
AcDbEntity
  8
A-CARPINTERIAS
 62
   252
100
AcDbPolyline
 90
        2
 70
     0
 43
0.0
 10
91.973696
 20
90.120957
 10
91.973696
 20
89.020957
  0
LWPOLYLINE
  5
42F
330
1F
100
AcDbEntity
  8
000 - DURLOCK
100
AcDbPolyline
 90
        2
 70
     0
 43
0.0
 10
91.973696
 20
88.970957
 10
91.973696
 20
87.570957
  0
LWPOLYLINE
  5
430
102
{ACAD_REACTORS
330
6A9
102
}
330
1F
100
AcDbEntity
  8
000 - DURLOCK
100
AcDbPolyline
 90
        2
 70
     0
 43
0.0
 10
91.973696
 20
87.470957
 10
91.973696
 20
84.820957
  0
LWPOLYLINE
  5
431
102
{ACAD_REACTORS
330
69A
102
}
330
1F
100
AcDbEntity
  8
000 - DURLOCK
100
AcDbPolyline
 90
        2
 70
     0
 43
0.0
 10
80.471196
 20
84.820957
 10
80.471196
 20
86.776291
  0
LWPOLYLINE
  5
432
330
1F
100
AcDbEntity
  8
000 - DURLOCK
100
AcDbPolyline
 90
        3
 70
     0
 43
0.0
 10
80.471196
 20
88.276291
 10
80.471196
 20
90.220957
 10
82.174321
 20
90.220957
  0
LWPOLYLINE
  5
433
330
1F
100
AcDbEntity
  8
000 - DURLOCK
100
AcDbPolyline
 90
        2
 70
     0
 43
0.0
 10
83.724321
 20
90.220957
 10
85.377446
 20
90.220957
  0
LWPOLYLINE
  5
434
330
1F
100
AcDbEntity
  8
000 - DURLOCK
100
AcDbPolyline
 90
        2
 70
     0
 43
0.0
 10
86.977446
 20
90.220957
 10
88.680571
 20
90.220957
  0
LWPOLYLINE
  5
435
330
1F
100
AcDbEntity
  8
A-CARPINTERIAS
 62
   252
100
AcDbPolyline
 90
        2
 70
     0
 43
0.0
 10
91.873696
 20
90.120957
 10
91.873696
 20
89.020957
  0
LWPOLYLINE
  5
436
102
{ACAD_REACTORS
330
69A
102
}
330
1F
100
AcDbEntity
  8
000 - DURLOCK
100
AcDbPolyline
 90
        2
 70
     0
 43
0.0
 10
91.873696
 20
88.970957
 10
91.873696
 20
84.820957
  0
LWPOLYLINE
  5
437
102
{ACAD_REACTORS
330
798
102
}
330
1F
100
AcDbEntity
  8
000 - REJAS
 62
    10
 48
0.05
100
AcDbPolyline
 90
        3
 70
     0
 43
0.0
 10
71.571196
 20
84.820957
 10
71.571196
 20
90.320957
 10
74.821196
 20
90.320957
  0
LWPOLYLINE
  5
438
102
{ACAD_REACTORS
330
789
102
}
330
1F
100
AcDbEntity
  8
000 - REJAS
 62
    10
 48
0.05
100
AcDbPolyline
 90
        3
 70
     0
 43
0.0
 10
71.621196
 20
84.820957
 10
71.621196
 20
90.270957
 10
74.821196
 20
90.270957
  0
LINE
  5
439
330
1F
100
AcDbEntity
  8
000 - REJAS
 62
    10
100
AcDbLine
 10
75.821196
 20
90.320957
 30
0.0
 11
75.821196
 21
90.270957
 31
0.0
  0
LINE
  5
43A
330
1F
100
AcDbEntity
  8
000 - REJAS
 62
    10
 48
0.05
100
AcDbLine
 10
75.821196
 20
90.270957
 30
0.0
 11
76.371196
 21
90.270957
 31
0.0
  0
LINE
  5
43B
330
1F
100
AcDbEntity
  8
000 - REJAS
 62
    10
 48
0.05
100
AcDbLine
 10
75.821196
 20
90.320957
 30
0.0
 11
76.371196
 21
90.320957
 31
0.0
  0
LINE
  5
43C
330
1F
100
AcDbEntity
  8
000 - REJAS
 62
    10
 48
0.05
100
AcDbLine
 10
74.821196
 20
90.270957
 30
0.0
 11
74.821196
 21
90.320957
 31
0.0
  0
LINE
  5
43D
330
1F
100
AcDbEntity
  8
000 - DURLOCK
100
AcDbLine
 10
85.377446
 20
90.320957
 30
0.0
 11
85.377446
 21
90.220957
 31
0.0
  0
LINE
  5
43E
330
1F
100
AcDbEntity
  8
000 - DURLOCK
100
AcDbLine
 10
86.977446
 20
90.220957
 30
0.0
 11
86.977446
 21
90.320957
 31
0.0
  0
LINE
  5
43F
330
1F
100
AcDbEntity
  8
A-CARPINTERIAS
 62
     2
100
AcDbLine
 10
85.377446
 20
90.220957
 30
0.0
 11
85.377446
 21
89.420957
 31
0.0
  0
LINE
  5
440
330
1F
100
AcDbEntity
  8
A-CARPINTERIAS
 62
     2
100
AcDbLine
 10
85.377446
 20
89.420957
 30
0.0
 11
85.427446
 21
89.420957
 31
0.0
  0
LINE
  5
441
330
1F
100
AcDbEntity
  8
A-CARPINTERIAS
 62
     2
100
AcDbLine
 10
85.427446
 20
89.420957
 30
0.0
 11
85.427446
 21
90.220957
 31
0.0
  0
LINE
  5
442
330
1F
100
AcDbEntity
  8
000 - PUERTAS
100
AcDbLine
 10
85.427446
 20
90.220957
 30
0.0
 11
85.377446
 21
90.220957
 31
0.0
  0
LINE
  5
443
330
1F
100
AcDbEntity
  8
A-CARPINTERIAS
 62
     2
100
AcDbLine
 10
86.977446
 20
90.220957
 30
0.0
 11
86.977446
 21
89.420957
 31
0.0
  0
LINE
  5
444
330
1F
100
AcDbEntity
  8
A-CARPINTERIAS
 62
     2
100
AcDbLine
 10
86.977446
 20
89.420957
 30
0.0
 11
86.927446
 21
89.420957
 31
0.0
  0
LINE
  5
445
330
1F
100
AcDbEntity
  8
A-CARPINTERIAS
 62
     2
100
AcDbLine
 10
86.927446
 20
89.420957
 30
0.0
 11
86.927446
 21
90.220957
 31
0.0
  0
LINE
  5
446
330
1F
100
AcDbEntity
  8
000 - PUERTAS
100
AcDbLine
 10
86.927446
 20
90.220957
 30
0.0
 11
86.977446
 21
90.220957
 31
0.0
  0
ARC
  5
447
330
1F
100
AcDbEntity
  8
000 - PUERTAS
100
AcDbCircle
 10
85.377446
 20
90.220957
 30
0.0
 40
0.7999999999999545
100
AcDbArc
 50
273.583322
 51
0.0
  0
ARC
  5
448
330
1F
100
AcDbEntity
  8
000 - PUERTAS
100
AcDbCircle
 10
86.977446
 20
90.220957
 30
0.0
 40
0.8000000000001819
100
AcDbArc
 50
180.0
 51
266.416678
  0
INSERT
  5
449
330
1F
100
AcDbEntity
  8
000 - DURLOCK
100
AcDbBlockReference
  2
000 - EQUIPAMIENTO - RACKS
 10
3311.772915
 20
1681.282805
 30
0.0
 50
180.0
  0
LINE
  5
45D
330
1F
100
AcDbEntity
  8
A-CARPINTERIAS
 62
     2
100
AcDbLine
 10
73.771196
 20
95.620957
 30
0.0
 11
73.771196
 21
95.320957
 31
0.0
  0
LINE
  5
45E
330
1F
100
AcDbEntity
  8
A-CARPINTERIAS
 62
     2
100
AcDbLine
 10
73.721196
 20
95.620957
 30
0.0
 11
73.721196
 21
95.320957
 31
0.0
  0
LINE
  5
45F
330
1F
100
AcDbEntity
  8
000 - HATCH DURLOCK
  6
ByBlock
100
AcDbLine
 10
73.721196
 20
95.620957
 30
0.0
 11
67.471196
 21
95.620957
 31
0.0
  0
LINE
  5
460
330
1F
100
AcDbEntity
  8
000 - HATCH DURLOCK
  6
ByBlock
100
AcDbLine
 10
67.471196
 20
95.320957
 30
0.0
 11
73.721196
 21
95.320957
 31
0.0
  0
LINE
  5
461
330
1F
100
AcDbEntity
  8
000 - MUROS
100
AcDbLine
 10
74.071196
 20
95.620957
 30
0.0
 11
74.071196
 21
95.320957
 31
0.0
  0
LINE
  5
462
330
1F
100
AcDbEntity
  8
A-CARPINTERIAS
 62
     2
100
AcDbLine
 10
74.071196
 20
95.320957
 30
0.0
 11
74.071196
 21
94.420957
 31
0.0
  0
LINE
  5
463
330
1F
100
AcDbEntity
  8
A-CARPINTERIAS
 62
     2
100
AcDbLine
 10
74.071196
 20
94.420957
 30
0.0
 11
74.121196
 21
94.420957
 31
0.0
  0
LINE
  5
464
330
1F
100
AcDbEntity
  8
A-CARPINTERIAS
 62
     2
100
AcDbLine
 10
74.121196
 20
94.420957
 30
0.0
 11
74.121196
 21
95.320957
 31
0.0
  0
LINE
  5
465
330
1F
100
AcDbEntity
  8
A-CARPINTERIAS
 62
     2
100
AcDbLine
 10
74.121196
 20
95.320957
 30
0.0
 11
74.071196
 21
95.320957
 31
0.0
  0
LINE
  5
466
330
1F
100
AcDbEntity
  8
000 - MUROS
100
AcDbLine
 10
74.971196
 20
95.620957
 30
0.0
 11
74.971196
 21
95.320957
 31
0.0
  0
ARC
  5
467
330
1F
100
AcDbEntity
  8
000 - PUERTAS
100
AcDbCircle
 10
74.071196
 20
95.320957
 30
0.0
 40
0.900000000000091
100
AcDbArc
 50
273.184739
 51
0.0
  0
LINE
  5
468
330
1F
100
AcDbEntity
  8
000 - DURLOCK
100
AcDbLine
 10
93.471196
 20
85.520957
 30
0.0
 11
93.571196
 21
85.520957
 31
0.0
  0
LINE
  5
469
330
1F
100
AcDbEntity
  8
000 - DURLOCK
100
AcDbLine
 10
93.471196
 20
86.770957
 30
0.0
 11
93.571196
 21
86.770957
 31
0.0
  0
LINE
  5
46A
102
{ACAD_REACTORS
330
4E6
102
}
330
1F
100
AcDbEntity
  8
000 - COLUMNAS
100
AcDbLine
 10
108.471196
 20
93.470957
 30
0.0
 11
108.721196
 21
93.470957
 31
0.0
  0
LINE
  5
46B
102
{ACAD_REACTORS
330
6B8
102
}
330
1F
100
AcDbEntity
  8
000 - DURLOCK
100
AcDbLine
 10
95.133696
 20
84.820957
 30
0.0
 11
95.133696
 21
85.420957
 31
0.0
  0
LINE
  5
46C
330
1F
100
AcDbEntity
  8
000 - DURLOCK
100
AcDbLine
 10
95.133696
 20
86.120957
 30
0.0
 11
95.133696
 21
86.170957
 31
0.0
  0
LINE
  5
46D
330
1F
100
AcDbEntity
  8
000 - DURLOCK
100
AcDbLine
 10
95.133696
 20
87.420957
 30
0.0
 11
95.133696
 21
87.470957
 31
0.0
  0
LINE
  5
46E
102
{ACAD_REACTORS
330
66E
102
}
330
1F
100
AcDbEntity
  8
000 - DURLOCK
100
AcDbLine
 10
95.033696
 20
84.820957
 30
0.0
 11
95.033696
 21
85.420957
 31
0.0
  0
LINE
  5
46F
330
1F
100
AcDbEntity
  8
000 - DURLOCK
100
AcDbLine
 10
95.033696
 20
86.270957
 30
0.0
 11
95.033696
 21
86.720957
 31
0.0
  0
LINE
  5
470
330
1F
100
AcDbEntity
  8
000 - DURLOCK
100
AcDbLine
 10
95.033696
 20
86.120957
 30
0.0
 11
95.033696
 21
86.170957
 31
0.0
  0
LINE
  5
471
330
1F
100
AcDbEntity
  8
000 - DURLOCK
100
AcDbLine
 10
95.033696
 20
87.420957
 30
0.0
 11
95.033696
 21
87.470957
 31
0.0
  0
LINE
  5
472
330
1F
100
AcDbEntity
  8
000 - DURLOCK
100
AcDbLine
 10
95.033696
 20
86.120957
 30
0.0
 11
95.133696
 21
86.120957
 31
0.0
  0
LINE
  5
473
330
1F
100
AcDbEntity
  8
000 - DURLOCK
100
AcDbLine
 10
95.033696
 20
85.420957
 30
0.0
 11
95.133696
 21
85.420957
 31
0.0
  0
LINE
  5
474
330
1F
100
AcDbEntity
  8
000 - DURLOCK
100
AcDbLine
 10
95.033696
 20
87.420957
 30
0.0
 11
95.133696
 21
87.420957
 31
0.0
  0
LINE
  5
475
330
1F
100
AcDbEntity
  8
000 - DURLOCK
100
AcDbLine
 10
95.133696
 20
88.820957
 30
0.0
 11
95.133696
 21
88.920957
 31
0.0
  0
LINE
  5
476
330
1F
100
AcDbEntity
  8
000 - DURLOCK
100
AcDbLine
 10
95.033696
 20
86.720957
 30
0.0
 11
95.133696
 21
86.720957
 31
0.0
  0
LINE
  5
477
330
1F
100
AcDbEntity
  8
000 - DURLOCK
100
AcDbLine
 10
96.033696
 20
88.820957
 30
0.0
 11
96.033696
 21
88.920957
 31
0.0
  0
LINE
  5
478
330
1F
100
AcDbEntity
  8
A-CARPINTERIAS
 62
     2
100
AcDbLine
 10
95.133696
 20
87.420957
 30
0.0
 11
95.833696
 21
87.420957
 31
0.0
  0
LINE
  5
479
330
1F
100
AcDbEntity
  8
A-CARPINTERIAS
 62
     2
100
AcDbLine
 10
95.833696
 20
87.420957
 30
0.0
 11
95.833696
 21
87.370957
 31
0.0
  0
LINE
  5
47A
330
1F
100
AcDbEntity
  8
A-CARPINTERIAS
 62
     2
100
AcDbLine
 10
95.833696
 20
87.370957
 30
0.0
 11
95.133696
 21
87.370957
 31
0.0
  0
LINE
  5
47B
330
1F
100
AcDbEntity
  8
000 - PUERTAS
100
AcDbLine
 10
95.133696
 20
87.370957
 30
0.0
 11
95.133696
 21
87.420957
 31
0.0
  0
ARC
  5
47C
330
1F
100
AcDbEntity
  8
000 - PUERTAS
100
AcDbCircle
 10
95.133696
 20
87.420957
 30
0.0
 40
0.700000000000273
100
AcDbArc
 50
270.0
 51
355.903956
  0
ARC
  5
47D
330
1F
100
AcDbEntity
  8
000 - PUERTAS
100
AcDbCircle
 10
108.721196
 20
93.470957
 30
0.0
 40
0.9000000000005457
100
AcDbArc
 50
270.0
 51
356.815261
  0
LINE
  5
47E
330
1F
100
AcDbEntity
  8
000 - PROYECCION
 48
0.05
100
AcDbLine
 10
108.571196
 20
98.720957
 30
0.0
 11
108.571196
 21
102.720957
 31
0.0
  0
LINE
  5
47F
330
1F
100
AcDbEntity
  8
000 - EQUIPAMIENTO
100
AcDbLine
 10
95.033696
 20
85.320957
 30
0.0
 11
93.571196
 21
85.320957
 31
0.0
  0
LINE
  5
480
330
1F
100
AcDbEntity
  8
A-CARPINTERIAS
 62
    10
100
AcDbLine
 10
74.871196
 20
90.320957
 30
0.0
 11
74.821196
 21
90.320957
 31
0.0
  0
LINE
  5
481
330
1F
100
AcDbEntity
  8
A-CARPINTERIAS
 62
    10
100
AcDbLine
 10
74.871196
 20
90.320957
 30
0.0
 11
74.871196
 21
91.320957
 31
0.0
  0
LINE
  5
482
330
1F
100
AcDbEntity
  8
A-CARPINTERIAS
 62
    10
100
AcDbLine
 10
74.871196
 20
91.320957
 30
0.0
 11
74.821196
 21
91.320957
 31
0.0
  0
LINE
  5
483
330
1F
100
AcDbEntity
  8
A-CARPINTERIAS
 62
    10
100
AcDbLine
 10
74.821196
 20
91.320957
 30
0.0
 11
74.821196
 21
90.320957
 31
0.0
  0
ARC
  5
484
330
1F
100
AcDbEntity
  8
A construir
 62
    10
100
AcDbCircle
 10
74.821196
 20
90.320957
 30
0.0
 40
1.0
100
AcDbArc
 50
0.0
 51
87.134016
  0
LINE
  5
485
330
1F
100
AcDbEntity
  8
000 - DURLOCK
100
AcDbLine
 10
103.296196
 20
88.920957
 30
0.0
 11
105.471196
 21
88.920957
 31
0.0
  0
LINE
  5
486
330
1F
100
AcDbEntity
  8
A-CARPINTERIAS
 62
     2
100
AcDbLine
 10
108.571196
 20
88.720957
 30
0.0
 11
108.721196
 21
88.720957
 31
0.0
  0
LINE
  5
487
330
1F
100
AcDbEntity
  8
000 - DURLOCK
100
AcDbLine
 10
106.971196
 20
88.920957
 30
0.0
 11
108.471196
 21
88.920957
 31
0.0
  0
LINE
  5
488
330
1F
100
AcDbEntity
  8
000 - DURLOCK
100
AcDbLine
 10
100.243147
 20
88.820957
 30
0.0
 11
102.146196
 21
88.820957
 31
0.0
  0
LINE
  5
489
330
1F
100
AcDbEntity
  8
000 - DURLOCK
100
AcDbLine
 10
102.246196
 20
88.820957
 30
0.0
 11
102.296196
 21
88.820957
 31
0.0
  0
LINE
  5
48A
330
1F
100
AcDbEntity
  8
000 - DURLOCK
100
AcDbLine
 10
103.296196
 20
88.820957
 30
0.0
 11
103.346196
 21
88.820957
 31
0.0
  0
LINE
  5
48B
330
1F
100
AcDbEntity
  8
000 - DURLOCK
100
AcDbLine
 10
103.446196
 20
88.820957
 30
0.0
 11
105.471196
 21
88.820957
 31
0.0
  0
LINE
  5
48C
330
1F
100
AcDbEntity
  8
000 - DURLOCK
100
AcDbLine
 10
106.971196
 20
88.820957
 30
0.0
 11
108.471196
 21
88.820957
 31
0.0
  0
LINE
  5
48D
330
1F
100
AcDbEntity
  8
000 - DURLOCK
100
AcDbLine
 10
91.973696
 20
87.570957
 30
0.0
 11
92.023696
 21
87.570957
 31
0.0
  0
LINE
  5
48E
330
1F
100
AcDbEntity
  8
000 - DURLOCK
100
AcDbLine
 10
92.023696
 20
87.570957
 30
0.0
 11
92.023696
 21
87.470957
 31
0.0
  0
LINE
  5
48F
330
1F
100
AcDbEntity
  8
000 - DURLOCK
100
AcDbLine
 10
92.023696
 20
87.470957
 30
0.0
 11
91.973696
 21
87.470957
 31
0.0
  0
LINE
  5
490
330
1F
100
AcDbEntity
  8
000 - DURLOCK
100
AcDbLine
 10
92.933696
 20
87.570957
 30
0.0
 11
93.471196
 21
87.570957
 31
0.0
  0
LINE
  5
491
330
1F
100
AcDbEntity
  8
000 - DURLOCK
100
AcDbLine
 10
92.933696
 20
87.470957
 30
0.0
 11
93.471196
 21
87.470957
 31
0.0
  0
LINE
  5
492
330
1F
100
AcDbEntity
  8
000 - DURLOCK
100
AcDbLine
 10
92.933696
 20
87.470957
 30
0.0
 11
92.933696
 21
87.570957
 31
0.0
  0
LINE
  5
493
330
1F
100
AcDbEntity
  8
A-CARPINTERIAS
 62
     2
100
AcDbLine
 10
92.033696
 20
87.470957
 30
0.0
 11
92.033696
 21
86.570957
 31
0.0
  0
LINE
  5
494
330
1F
100
AcDbEntity
  8
A-CARPINTERIAS
 62
     2
100
AcDbLine
 10
92.033696
 20
86.570957
 30
0.0
 11
92.083696
 21
86.570957
 31
0.0
  0
LINE
  5
495
330
1F
100
AcDbEntity
  8
A-CARPINTERIAS
 62
     2
100
AcDbLine
 10
92.083696
 20
86.570957
 30
0.0
 11
92.083696
 21
87.470957
 31
0.0
  0
LINE
  5
496
330
1F
100
AcDbEntity
  8
000 - PUERTAS
100
AcDbLine
 10
92.083696
 20
87.470957
 30
0.0
 11
92.033696
 21
87.470957
 31
0.0
  0
ARC
  5
497
330
1F
100
AcDbEntity
  8
000 - PUERTAS
100
AcDbCircle
 10
92.033696
 20
87.470957
 30
0.0
 40
0.900000000000091
100
AcDbArc
 50
273.184739
 51
0.0
  0
LINE
  5
498
330
1F
100
AcDbEntity
  8
000 - DURLOCK
100
AcDbLine
 10
102.296196
 20
88.820957
 30
0.0
 11
102.296196
 21
88.920957
 31
0.0
  0
LINE
  5
499
330
1F
100
AcDbEntity
  8
000 - DURLOCK
100
AcDbLine
 10
103.296196
 20
88.820957
 30
0.0
 11
103.296196
 21
88.920957
 31
0.0
  0
LINE
  5
49A
330
1F
100
AcDbEntity
  8
000 - DURLOCK
100
AcDbLine
 10
103.346196
 20
87.820957
 30
0.0
 11
102.246196
 21
87.820957
 31
0.0
  0
LINE
  5
49B
330
1F
100
AcDbEntity
  8
000 - DURLOCK
100
AcDbLine
 10
103.346196
 20
87.720957
 30
0.0
 11
102.146196
 21
87.720957
 31
0.0
  0
LINE
  5
49C
102
{ACAD_REACTORS
330
6E5
102
}
330
1F
100
AcDbEntity
  8
000 - DURLOCK
100
AcDbLine
 10
103.446196
 20
87.870957
 30
0.0
 11
103.446196
 21
84.820957
 31
0.0
  0
LINE
  5
49D
102
{ACAD_REACTORS
330
68B
102
}
330
1F
100
AcDbEntity
  8
000 - DURLOCK
100
AcDbLine
 10
103.346196
 20
87.720957
 30
0.0
 11
103.346196
 21
84.820957
 31
0.0
  0
LINE
  5
49E
330
1F
100
AcDbEntity
  8
000 - DURLOCK
100
AcDbLine
 10
103.346196
 20
88.820957
 30
0.0
 11
103.346196
 21
88.770957
 31
0.0
  0
LINE
  5
49F
330
1F
100
AcDbEntity
  8
000 - DURLOCK
100
AcDbLine
 10
103.346196
 20
88.770957
 30
0.0
 11
103.446196
 21
88.770957
 31
0.0
  0
LINE
  5
4A0
330
1F
100
AcDbEntity
  8
000 - DURLOCK
100
AcDbLine
 10
103.446196
 20
88.770957
 30
0.0
 11
103.446196
 21
88.820957
 31
0.0
  0
LINE
  5
4A1
330
1F
100
AcDbEntity
  8
A-CARPINTERIAS
 62
     2
100
AcDbLine
 10
103.446196
 20
88.770957
 30
0.0
 11
104.346196
 21
88.770957
 31
0.0
  0
LINE
  5
4A2
330
1F
100
AcDbEntity
  8
A-CARPINTERIAS
 62
     2
100
AcDbLine
 10
104.346196
 20
88.770957
 30
0.0
 11
104.346196
 21
88.720957
 31
0.0
  0
LINE
  5
4A3
330
1F
100
AcDbEntity
  8
A-CARPINTERIAS
 62
     2
100
AcDbLine
 10
104.346196
 20
88.720957
 30
0.0
 11
103.446196
 21
88.720957
 31
0.0
  0
LINE
  5
4A4
330
1F
100
AcDbEntity
  8
A-CARPINTERIAS
 62
     2
100
AcDbLine
 10
103.446196
 20
88.720957
 30
0.0
 11
103.446196
 21
88.770957
 31
0.0
  0
ARC
  5
4A5
330
1F
100
AcDbEntity
  8
000 - PUERTAS
100
AcDbCircle
 10
103.446196
 20
88.770957
 30
0.0
 40
0.900000000000091
100
AcDbArc
 50
270.0
 51
356.815261
  0
LINE
  5
4A6
330
1F
100
AcDbEntity
  8
000 - DURLOCK
100
AcDbLine
 10
103.446196
 20
87.870957
 30
0.0
 11
103.346196
 21
87.870957
 31
0.0
  0
LINE
  5
4A7
330
1F
100
AcDbEntity
  8
000 - DURLOCK
100
AcDbLine
 10
103.346196
 20
87.870957
 30
0.0
 11
103.346196
 21
87.820957
 31
0.0
  0
LINE
  5
4A8
330
1F
100
AcDbEntity
  8
000 - DURLOCK
100
AcDbLine
 10
102.246196
 20
88.820957
 30
0.0
 11
102.246196
 21
88.770957
 31
0.0
  0
LINE
  5
4A9
330
1F
100
AcDbEntity
  8
000 - DURLOCK
100
AcDbLine
 10
102.246196
 20
88.770957
 30
0.0
 11
102.146196
 21
88.770957
 31
0.0
  0
LINE
  5
4AA
330
1F
100
AcDbEntity
  8
000 - DURLOCK
100
AcDbLine
 10
102.146196
 20
88.770957
 30
0.0
 11
102.146196
 21
88.820957
 31
0.0
  0
LINE
  5
4AB
330
1F
100
AcDbEntity
  8
000 - DURLOCK
100
AcDbLine
 10
102.146196
 20
87.720957
 30
0.0
 11
102.146196
 21
87.870957
 31
0.0
  0
LINE
  5
4AC
330
1F
100
AcDbEntity
  8
A-CARPINTERIAS
 62
     2
100
AcDbLine
 10
102.146196
 20
88.770957
 30
0.0
 11
101.246196
 21
88.770957
 31
0.0
  0
LINE
  5
4AD
330
1F
100
AcDbEntity
  8
A-CARPINTERIAS
 62
     2
100
AcDbLine
 10
101.246196
 20
88.770957
 30
0.0
 11
101.246196
 21
88.720957
 31
0.0
  0
LINE
  5
4AE
330
1F
100
AcDbEntity
  8
A-CARPINTERIAS
 62
     2
100
AcDbLine
 10
101.246196
 20
88.720957
 30
0.0
 11
102.146196
 21
88.720957
 31
0.0
  0
LINE
  5
4AF
330
1F
100
AcDbEntity
  8
A-CARPINTERIAS
 62
     2
100
AcDbLine
 10
102.146196
 20
88.720957
 30
0.0
 11
102.146196
 21
88.770957
 31
0.0
  0
ARC
  5
4B0
330
1F
100
AcDbEntity
  8
000 - PUERTAS
100
AcDbCircle
 10
102.146196
 20
88.770957
 30
0.0
 40
0.900000000000091
100
AcDbArc
 50
183.184739
 51
270.0
  0
LINE
  5
4B1
330
1F
100
AcDbEntity
  8
000 - DURLOCK
100
AcDbLine
 10
102.146196
 20
87.870957
 30
0.0
 11
102.246196
 21
87.870957
 31
0.0
  0
LINE
  5
4B2
330
1F
100
AcDbEntity
  8
000 - DURLOCK
100
AcDbLine
 10
102.246196
 20
87.870957
 30
0.0
 11
102.246196
 21
87.820957
 31
0.0
  0
LINE
  5
4B3
330
1F
100
AcDbEntity
  8
000 - MUROS
100
AcDbLine
 10
107.021196
 20
86.920957
 30
0.0
 11
107.071196
 21
86.920957
 31
0.0
  0
LINE
  5
4B4
330
1F
100
AcDbEntity
  8
000 - MUROS
100
AcDbLine
 10
107.971196
 20
86.920957
 30
0.0
 11
109.321196
 21
86.920957
 31
0.0
  0
LINE
  5
4B5
330
1F
100
AcDbEntity
  8
000 - MUROS
100
AcDbLine
 10
106.921196
 20
87.020957
 30
0.0
 11
107.071196
 21
87.020957
 31
0.0
  0
LINE
  5
4B6
330
1F
100
AcDbEntity
  8
000 - MUROS
100
AcDbLine
 10
107.971196
 20
87.020957
 30
0.0
 11
108.571196
 21
87.020957
 31
0.0
  0
LINE
  5
4B7
330
1F
100
AcDbEntity
  8
000 - MUROS
100
AcDbLine
 10
108.721196
 20
87.020957
 30
0.0
 11
109.421196
 21
87.020957
 31
0.0
  0
LINE
  5
4B8
330
1F
100
AcDbEntity
  8
000 - MUROS
100
AcDbLine
 10
107.021196
 20
85.020957
 30
0.0
 11
107.021196
 21
86.920957
 31
0.0
  0
LINE
  5
4B9
330
1F
100
AcDbEntity
  8
000 - MUROS
100
AcDbLine
 10
106.921196
 20
85.020957
 30
0.0
 11
106.921196
 21
87.020957
 31
0.0
  0
LINE
  5
4BA
102
{ACAD_REACTORS
330
6D6
102
}
330
1F
100
AcDbEntity
  8
000 - MUROS
100
AcDbLine
 10
109.321196
 20
84.820957
 30
0.0
 11
109.321196
 21
86.920957
 31
0.0
  0
LINE
  5
4BB
330
1F
100
AcDbEntity
  8
000 - MUROS
100
AcDbLine
 10
109.421196
 20
84.820957
 30
0.0
 11
109.421196
 21
87.020957
 31
0.0
  0
LINE
  5
4BC
330
1F
100
AcDbEntity
  8
000 - MUROS
100
AcDbLine
 10
107.021196
 20
86.920957
 30
0.0
 11
107.071196
 21
86.920957
 31
0.0
  0
LINE
  5
4BD
330
1F
100
AcDbEntity
  8
000 - MUROS
100
AcDbLine
 10
107.071196
 20
86.920957
 30
0.0
 11
107.071196
 21
87.020957
 31
0.0
  0
LINE
  5
4BE
330
1F
100
AcDbEntity
  8
000 - MUROS
100
AcDbLine
 10
107.971196
 20
87.020957
 30
0.0
 11
107.971196
 21
86.920957
 31
0.0
  0
INSERT
  5
4BF
330
1F
100
AcDbEntity
  8
000 - PUERTAS
100
AcDbBlockReference
  2
PUERTA 090
 10
-1626.50967
 20
-2472.692748
 30
0.0
 41
-1.0
 50
270.0
  0
LINE
  5
4C8
330
1F
100
AcDbEntity
  8
000 - MUROS
100
AcDbLine
 10
108.571196
 20
98.720957
 30
0.0
 11
108.571196
 21
95.170957
 31
0.0
  0
LINE
  5
4C9
330
1F
100
AcDbEntity
  8
000 - MUROS
100
AcDbLine
 10
108.721196
 20
98.720957
 30
0.0
 11
108.721196
 21
95.170957
 31
0.0
  0
INSERT
  5
4CA
330
1F
100
AcDbEntity
  8
000 - DURLOCK
100
AcDbBlockReference
  2
000 - EQUIPAMIENTO - RACKS
 10
1634.228479
 20
-3115.487954
 30
0.0
 50
90.0
  0
INSERT
  5
4CB
330
1F
100
AcDbEntity
  8
000 - DURLOCK
100
AcDbBlockReference
  2
000 - EQUIPAMIENTO - RACKS
 10
1634.228479
 20
-3118.907954
 30
0.0
 50
90.0
  0
INSERT
  5
4CC
330
1F
100
AcDbEntity
  8
000 - DURLOCK
100
AcDbBlockReference
  2
000 - EQUIPAMIENTO - RACKS
 10
1634.228479
 20
-3122.327954
 30
0.0
 50
90.0
  0
INSERT
  5
4CD
330
1F
100
AcDbEntity
  8
000 - DURLOCK
100
AcDbBlockReference
  2
000 - EQUIPAMIENTO - RACKS
 10
1634.228479
 20
-3125.747954
 30
0.0
 50
90.0
  0
INSERT
  5
4CE
330
1F
100
AcDbEntity
  8
000 - DURLOCK
100
AcDbBlockReference
  2
000 - EQUIPAMIENTO - RACKS
 10
-3157.256114
 20
-1493.393136
 30
0.0
  0
INSERT
  5
4CF
330
1F
100
AcDbEntity
  8
000 - DURLOCK
100
AcDbBlockReference
  2
000 - EQUIPAMIENTO - RACKS
 10
-3153.836114
 20
-1493.393136
 30
0.0
  0
INSERT
  5
4D0
330
1F
100
AcDbEntity
  8
000 - DURLOCK
100
AcDbBlockReference
  2
000 - EQUIPAMIENTO - RACKS
 10
-3156.683446
 20
-1477.331066
 30
0.0
  0
INSERT
  5
4D1
330
1F
100
AcDbEntity
  8
000 - DURLOCK
100
AcDbBlockReference
  2
000 - EQUIPAMIENTO - RACKS
 10
-3153.263446
 20
-1477.331066
 30
0.0
  0
INSERT
  5
4D2
330
1F
100
AcDbEntity
  8
000 - DURLOCK
100
AcDbBlockReference
  2
000 - EQUIPAMIENTO - RACKS
 10
-1514.29468
 20
3314.740386
 30
0.0
 50
270.0
  0
INSERT
  5
4D3
330
1F
100
AcDbEntity
  8
000 - DURLOCK
100
AcDbBlockReference
  2
000 - EQUIPAMIENTO - RACKS
 10
-1495.885714
 20
3311.353693
 30
0.0
 50
270.0
  0
INSERT
  5
4D4
330
1F
100
AcDbEntity
  8
000 - DURLOCK
100
AcDbBlockReference
  2
000 - EQUIPAMIENTO - RACKS
 10
-1495.885714
 20
3314.896693
 30
0.0
 50
270.0
  0
INSERT
  5
4D5
330
1F
100
AcDbEntity
  8
000 - DURLOCK
100
AcDbBlockReference
  2
000 - EQUIPAMIENTO - RACKS
 10
3301.512915
 20
1681.282805
 30
0.0
 50
180.0
  0
INSERT
  5
4D6
330
1F
100
AcDbEntity
  8
000 - DURLOCK
100
AcDbBlockReference
  2
000 - EQUIPAMIENTO - RACKS
 10
3304.932915
 20
1681.282805
 30
0.0
 50
180.0
  0
INSERT
  5
4D7
330
1F
100
AcDbEntity
  8
000 - DURLOCK
100
AcDbBlockReference
  2
000 - EQUIPAMIENTO - RACKS
 10
3308.352915
 20
1681.282805
 30
0.0
 50
180.0
  0
LINE
  5
4D8
330
1F
100
AcDbEntity
  8
000 - ASCENSOR
100
AcDbLine
 10
108.571196
 20
102.720957
 30
0.0
 11
103.371196
 21
102.720957
 31
0.0
  0
INSERT
  5
4D9
330
1F
100
AcDbEntity
  8
000 - RACKS
100
AcDbBlockReference
  2
A$C0D016993
 10
90.787933
 20
96.501374
 30
0.0
 50
90.0
  0
LINE
  5
4E2
330
1F
100
AcDbEntity
  8
000 - ASCENSOR
100
AcDbLine
 10
103.371196
 20
102.720957
 30
0.0
 11
103.371196
 21
98.720957
 31
0.0
  0
LINE
  5
4E3
330
1F
100
AcDbEntity
  8
000 - ASCENSOR
100
AcDbLine
 10
103.371196
 20
98.720957
 30
0.0
 11
108.571196
 21
98.720957
 31
0.0
  0
LINE
  5
4E4
330
1F
100
AcDbEntity
  8
000 - ASCENSOR
100
AcDbLine
 10
103.371196
 20
100.720957
 30
0.0
 11
108.571196
 21
98.720957
 31
0.0
  0
LINE
  5
4E5
330
1F
100
AcDbEntity
  8
000 - ASCENSOR
100
AcDbLine
 10
103.371196
 20
100.720957
 30
0.0
 11
108.571196
 21
102.720957
 31
0.0
  0
HATCH
  5
4E6
330
1F
100
AcDbEntity
  8
000 - COLUMNAS
440
 33554687
100
AcDbHatch
 10
0.0
 20
0.0
 30
0.0
210
0.0
220
0.0
230
1.0
  2
ANSI31
 70
     0
 71
     1
 91
        2
 92
        7
 72
     0
 73
     1
 93
        4
 10
108.4711956466476
 20
93.6709568322567
 10
108.7211956466476
 20
93.6709568322567
 10
108.7211956466476
 20
93.47095683225689
 10
108.4711956466476
 20
93.47095683225689
 97
        4
330
46A
330
4ED
330
4EC
330
4EE
 92
        7
 72
     0
 73
     1
 93
        4
 10
108.4711956466476
 20
88.97095683225689
 10
108.7211956466476
 20
88.97095683225689
 10
108.7211956466476
 20
88.77095683225707
 10
108.4711956466476
 20
88.77095683225707
 97
        4
330
4E8
330
4EA
330
4E7
330
4E9
 75
     1
 76
     1
 52
0.0
 41
0.02
 77
     0
 78
     1
 53
45.0
 43
-3211.551682614157
 44
-1458.13827182933
 45
-0.0449012806053458
 46
0.0449012806053458
 79
     0
 47
0.008041
 98
        2
 10
108.6323718013223
 20
93.59005313630905
 10
108.5835859812355
 20
88.83917044870395
1001
GradientColor1ACI
1070
     5
1001
GradientColor2ACI
1070
     2
1001
ACAD
1010
0.0
1020
0.0
1030
0.0
  0
LINE
  5
4E7
102
{ACAD_REACTORS
330
4E6
102
}
330
1F
100
AcDbEntity
  8
000 - COLUMNAS
100
AcDbLine
 10
108.471196
 20
88.770957
 30
0.0
 11
108.721196
 21
88.770957
 31
0.0
  0
LINE
  5
4E8
102
{ACAD_REACTORS
330
4E6
102
}
330
1F
100
AcDbEntity
  8
000 - COLUMNAS
100
AcDbLine
 10
108.471196
 20
88.970957
 30
0.0
 11
108.721196
 21
88.970957
 31
0.0
  0
LINE
  5
4E9
102
{ACAD_REACTORS
330
4E6
102
}
330
1F
100
AcDbEntity
  8
000 - COLUMNAS
100
AcDbLine
 10
108.471196
 20
88.770957
 30
0.0
 11
108.471196
 21
88.970957
 31
0.0
  0
LINE
  5
4EA
102
{ACAD_REACTORS
330
4E6
102
}
330
1F
100
AcDbEntity
  8
000 - COLUMNAS
100
AcDbLine
 10
108.721196
 20
88.970957
 30
0.0
 11
108.721196
 21
88.770957
 31
0.0
  0
INSERT
  5
4EB
330
1F
100
AcDbEntity
  8
000 - HATCK DURLOCK
100
AcDbBlockReference
  2
000 - MOBILIARIO - PUESTO TRABAJO
 10
165.094136
 20
79.299518
 30
0.0
 41
-1.0
 50
90.0
  0
LINE
  5
4EC
102
{ACAD_REACTORS
330
4E6
102
}
330
1F
100
AcDbEntity
  8
000 - COLUMNAS
100
AcDbLine
 10
108.471196
 20
93.470957
 30
0.0
 11
108.471196
 21
93.670957
 31
0.0
  0
LINE
  5
4ED
102
{ACAD_REACTORS
330
4E6
102
}
330
1F
100
AcDbEntity
  8
000 - COLUMNAS
100
AcDbLine
 10
108.471196
 20
93.670957
 30
0.0
 11
108.721196
 21
93.670957
 31
0.0
  0
LINE
  5
4EE
102
{ACAD_REACTORS
330
4E6
102
}
330
1F
100
AcDbEntity
  8
000 - COLUMNAS
100
AcDbLine
 10
108.721196
 20
93.670957
 30
0.0
 11
108.721196
 21
93.470957
 31
0.0
  0
LINE
  5
4EF
330
1F
100
AcDbEntity
  8
000 - COLUMNAS
100
AcDbLine
 10
108.721196
 20
93.470957
 30
0.0
 11
108.571196
 21
93.470957
 31
0.0
  0
LINE
  5
4F0
330
1F
100
AcDbEntity
  8
A-CARPINTERIAS
 62
     2
100
AcDbLine
 10
108.721196
 20
91.670957
 30
0.0
 11
108.571196
 21
91.670957
 31
0.0
  0
LINE
  5
4F1
330
1F
100
AcDbEntity
  8
A-CARPINTERIAS
 62
     2
100
AcDbLine
 10
108.721196
 20
91.620957
 30
0.0
 11
108.571196
 21
91.620957
 31
0.0
  0
LINE
  5
4F2
330
1F
100
AcDbEntity
  8
A-CARPINTERIAS
 62
     2
100
AcDbLine
 10
109.621196
 20
91.670957
 30
0.0
 11
108.721196
 21
91.670957
 31
0.0
  0
LINE
  5
4F3
330
1F
100
AcDbEntity
  8
A-CARPINTERIAS
 62
     2
100
AcDbLine
 10
108.721196
 20
91.670957
 30
0.0
 11
108.721196
 21
91.720957
 31
0.0
  0
LINE
  5
4F4
330
1F
100
AcDbEntity
  8
A-CARPINTERIAS
 62
     2
100
AcDbLine
 10
108.721196
 20
91.720957
 30
0.0
 11
109.621196
 21
91.720957
 31
0.0
  0
LINE
  5
4F5
330
1F
100
AcDbEntity
  8
000 - PUERTAS
100
AcDbLine
 10
109.621196
 20
91.720957
 30
0.0
 11
109.621196
 21
91.670957
 31
0.0
  0
LINE
  5
4F6
330
1F
100
AcDbEntity
  8
A-CARPINTERIAS
 62
     2
100
AcDbLine
 10
109.621196
 20
93.420957
 30
0.0
 11
108.721196
 21
93.420957
 31
0.0
  0
LINE
  5
4F7
330
1F
100
AcDbEntity
  8
A-CARPINTERIAS
 62
     2
100
AcDbLine
 10
108.721196
 20
93.420957
 30
0.0
 11
108.721196
 21
93.470957
 31
0.0
  0
LINE
  5
4F8
330
1F
100
AcDbEntity
  8
A-CARPINTERIAS
 62
     2
100
AcDbLine
 10
108.721196
 20
93.470957
 30
0.0
 11
109.621196
 21
93.470957
 31
0.0
  0
LINE
  5
4F9
330
1F
100
AcDbEntity
  8
A-CARPINTERIAS
 62
     2
100
AcDbLine
 10
109.621196
 20
93.470957
 30
0.0
 11
109.621196
 21
93.420957
 31
0.0
  0
ARC
  5
4FA
330
1F
100
AcDbEntity
  8
000 - PUERTAS
100
AcDbCircle
 10
108.721196
 20
91.670957
 30
0.0
 40
0.900000000000091
100
AcDbArc
 50
3.184739
 51
90.0
  0
LINE
  5
4FB
330
1F
100
AcDbEntity
  8
A-CARPINTERIAS
 62
     2
100
AcDbLine
 10
108.721196
 20
95.120957
 30
0.0
 11
108.571196
 21
95.120957
 31
0.0
  0
LINE
  5
4FC
330
1F
100
AcDbEntity
  8
A-CARPINTERIAS
 62
     2
100
AcDbLine
 10
108.721196
 20
95.170957
 30
0.0
 11
108.571196
 21
95.170957
 31
0.0
  0
LINE
  5
4FD
330
1F
100
AcDbEntity
  8
000 - MUROS
100
AcDbLine
 10
108.571196
 20
98.720957
 30
0.0
 11
108.721196
 21
98.720957
 31
0.0
  0
LINE
  5
4FE
330
1F
100
AcDbEntity
  8
000 - MUROS
100
AcDbLine
 10
108.721196
 20
87.020957
 30
0.0
 11
108.571196
 21
87.020957
 31
0.0
  0
LINE
  5
4FF
330
1F
100
AcDbEntity
  8
A-CARPINTERIAS
 62
     2
100
AcDbLine
 10
108.721196
 20
87.070957
 30
0.0
 11
108.571196
 21
87.070957
 31
0.0
  0
INSERT
  5
500
330
1F
100
AcDbEntity
  8
000 - HATCK DURLOCK
100
AcDbBlockReference
  2
000 - EQUIPAMIENTO - MESA TRABAJO
 10
172.046992
 20
92.342256
 30
0.0
 50
90.0
  0
LINE
  5
506
330
1F
100
AcDbEntity
  8
A-CARPINTERIAS
 62
     2
100
AcDbLine
 10
108.571196
 20
88.770957
 30
0.0
 11
108.571196
 21
88.720957
 31
0.0
  0
INSERT
  5
507
330
1F
100
AcDbEntity
  8
000 - HATCK DURLOCK
100
AcDbBlockReference
  2
000 - EQUIPAMIENTO - MESA TRABAJO
 10
172.046992
 20
90.567256
 30
0.0
 50
90.0
  0
LINE
  5
508
330
1F
100
AcDbEntity
  8
A-CARPINTERIAS
 62
     2
100
AcDbLine
 10
108.721196
 20
89.020957
 30
0.0
 11
108.571196
 21
89.020957
 31
0.0
  0
LINE
  5
509
330
1F
100
AcDbEntity
  8
A-CARPINTERIAS
 62
     2
100
AcDbLine
 10
108.660906
 20
89.020957
 30
0.0
 11
108.660906
 21
91.620957
 31
0.0
  0
LINE
  5
50A
330
1F
100
AcDbEntity
  8
A-CARPINTERIAS
 62
     2
100
AcDbLine
 10
108.630906
 20
89.020957
 30
0.0
 11
108.630906
 21
91.620957
 31
0.0
  0
LINE
  5
50B
330
1F
100
AcDbEntity
  8
A-CARPINTERIAS
 62
     2
100
AcDbLine
 10
108.721196
 20
93.720957
 30
0.0
 11
108.571196
 21
93.720957
 31
0.0
  0
LINE
  5
50C
330
1F
100
AcDbEntity
  8
A-CARPINTERIAS
 62
     2
100
AcDbLine
 10
108.626821
 20
93.720957
 30
0.0
 11
108.626821
 21
95.120957
 31
0.0
  0
LINE
  5
50D
330
1F
100
AcDbEntity
  8
A-CARPINTERIAS
 62
     2
100
AcDbLine
 10
108.656821
 20
93.720957
 30
0.0
 11
108.656821
 21
95.120957
 31
0.0
  0
LINE
  5
50E
330
1F
100
AcDbEntity
  8
A-CARPINTERIAS
 62
     2
100
AcDbLine
 10
108.571196
 20
95.170957
 30
0.0
 11
108.571196
 21
95.120957
 31
0.0
  0
LINE
  5
50F
330
1F
100
AcDbEntity
  8
A-CARPINTERIAS
 62
     2
100
AcDbLine
 10
108.721196
 20
95.120957
 30
0.0
 11
108.721196
 21
95.170957
 31
0.0
  0
LINE
  5
510
330
1F
100
AcDbEntity
  8
A-CARPINTERIAS
 62
     2
100
AcDbLine
 10
108.721196
 20
93.720957
 30
0.0
 11
108.721196
 21
93.670957
 31
0.0
  0
LINE
  5
511
330
1F
100
AcDbEntity
  8
A-CARPINTERIAS
 62
     2
100
AcDbLine
 10
108.571196
 20
93.720957
 30
0.0
 11
108.571196
 21
93.670957
 31
0.0
  0
LINE
  5
512
330
1F
100
AcDbEntity
  8
A-CARPINTERIAS
 62
     2
100
AcDbLine
 10
108.571196
 20
89.020957
 30
0.0
 11
108.571196
 21
88.970957
 31
0.0
  0
LINE
  5
513
330
1F
100
AcDbEntity
  8
A-CARPINTERIAS
 62
     2
100
AcDbLine
 10
108.721196
 20
89.020957
 30
0.0
 11
108.721196
 21
88.970957
 31
0.0
  0
LINE
  5
514
330
1F
100
AcDbEntity
  8
A-CARPINTERIAS
 62
     2
100
AcDbLine
 10
108.721196
 20
91.670957
 30
0.0
 11
108.721196
 21
91.620957
 31
0.0
  0
LINE
  5
515
330
1F
100
AcDbEntity
  8
A-CARPINTERIAS
 62
     2
100
AcDbLine
 10
108.571196
 20
91.620957
 30
0.0
 11
108.571196
 21
91.670957
 31
0.0
  0
LINE
  5
516
330
1F
100
AcDbEntity
  8
A-CARPINTERIAS
 62
     2
100
AcDbLine
 10
108.721196
 20
88.720957
 30
0.0
 11
108.721196
 21
88.770957
 31
0.0
  0
LINE
  5
517
330
1F
100
AcDbEntity
  8
A-CARPINTERIAS
 62
     2
100
AcDbLine
 10
108.571196
 20
87.070957
 30
0.0
 11
108.571196
 21
87.020957
 31
0.0
  0
LINE
  5
518
330
1F
100
AcDbEntity
  8
A-CARPINTERIAS
 62
     2
100
AcDbLine
 10
108.721196
 20
87.070957
 30
0.0
 11
108.721196
 21
87.020957
 31
0.0
  0
LINE
  5
519
330
1F
100
AcDbEntity
  8
A-CARPINTERIAS
 62
   252
100
AcDbLine
 10
108.571196
 20
87.070957
 30
0.0
 11
108.571196
 21
88.720957
 31
0.0
  0
LINE
  5
51A
330
1F
100
AcDbEntity
  8
A-CARPINTERIAS
 62
   252
100
AcDbLine
 10
108.571196
 20
89.020957
 30
0.0
 11
108.571196
 21
91.620957
 31
0.0
  0
LINE
  5
51B
330
1F
100
AcDbEntity
  8
A-CARPINTERIAS
 62
   252
100
AcDbLine
 10
108.721196
 20
91.620957
 30
0.0
 11
108.721196
 21
89.020957
 31
0.0
  0
LINE
  5
51C
330
1F
100
AcDbEntity
  8
A-CARPINTERIAS
 62
   252
100
AcDbLine
 10
108.721196
 20
88.720957
 30
0.0
 11
108.721196
 21
87.070957
 31
0.0
  0
LINE
  5
51D
330
1F
100
AcDbEntity
  8
A-CARPINTERIAS
 62
   252
100
AcDbLine
 10
108.571196
 20
93.720957
 30
0.0
 11
108.571196
 21
95.120957
 31
0.0
  0
LINE
  5
51E
330
1F
100
AcDbEntity
  8
A-CARPINTERIAS
 62
   252
100
AcDbLine
 10
108.721196
 20
95.120957
 30
0.0
 11
108.721196
 21
93.720957
 31
0.0
  0
LINE
  5
51F
330
1F
100
AcDbEntity
  8
000 - MUROS
100
AcDbLine
 10
108.571196
 20
102.920957
 30
0.0
 11
108.571196
 21
102.720957
 31
0.0
  0
LINE
  5
520
330
1F
100
AcDbEntity
  8
000 - MUROS
100
AcDbLine
 10
108.571196
 20
102.720957
 30
0.0
 11
108.721196
 21
102.720957
 31
0.0
  0
LINE
  5
521
330
1F
100
AcDbEntity
  8
000 - MUROS
100
AcDbLine
 10
108.721196
 20
102.720957
 30
0.0
 11
108.721196
 21
102.920957
 31
0.0
  0
INSERT
  5
522
330
1F
100
AcDbEntity
  8
000 - HATCK DURLOCK
100
AcDbBlockReference
  2
000 - MOBILIARIO - PUESTO TRABAJO
 10
26.071063
 20
78.930691
 30
0.0
 50
270.0
  0
INSERT
  5
523
330
1F
100
AcDbEntity
  8
000 - HATCK DURLOCK
100
AcDbBlockReference
  2
000 - MOBILIARIO - PUESTO TRABAJO
 10
152.451725
 20
78.930691
 30
0.0
 41
-1.0
 50
90.0
  0
INSERT
  5
524
330
1F
100
AcDbEntity
  8
000 - HATCK DURLOCK
100
AcDbBlockReference
  2
000 - MOBILIARIO - PUESTO TRABAJO
 10
26.071063
 20
82.547445
 30
0.0
 50
270.0
  0
INSERT
  5
525
330
1F
100
AcDbEntity
  8
000 - HATCK DURLOCK
100
AcDbBlockReference
  2
000 - MOBILIARIO - PUESTO TRABAJO
 10
152.451725
 20
82.547445
 30
0.0
 41
-1.0
 50
90.0
  0
INSERT
  5
526
330
1F
100
AcDbEntity
  8
000 - HATCK DURLOCK
100
AcDbBlockReference
  2
000 - MOBILIARIO - PUESTO TRABAJO
 10
22.20713
 20
78.930691
 30
0.0
 50
270.0
  0
INSERT
  5
527
330
1F
100
AcDbEntity
  8
000 - HATCK DURLOCK
100
AcDbBlockReference
  2
000 - MOBILIARIO - PUESTO TRABAJO
 10
148.587792
 20
78.930691
 30
0.0
 41
-1.0
 50
90.0
  0
INSERT
  5
528
330
1F
100
AcDbEntity
  8
000 - HATCK DURLOCK
100
AcDbBlockReference
  2
000 - MOBILIARIO - PUESTO TRABAJO
 10
18.926865
 20
78.930691
 30
0.0
 50
270.0
  0
INSERT
  5
529
330
1F
100
AcDbEntity
  8
000 - HATCK DURLOCK
100
AcDbBlockReference
  2
000 - MOBILIARIO - PUESTO TRABAJO
 10
145.307527
 20
78.930691
 30
0.0
 41
-1.0
 50
90.0
  0
INSERT
  5
52A
330
1F
100
AcDbEntity
  8
000 - EQUIPAMIENTO
100
AcDbBlockReference
  2
000 - SANITARIO - BACHA GRANDE
 10
1535.674479
 20
1022.009581
 30
0.0
 41
0.833444
 42
0.833444
 43
0.833444
 50
180.0
  0
INSERT
  5
56A
330
1F
100
AcDbEntity
  8
000 - EQUIPAMIENTO
100
AcDbBlockReference
  2
Inodoro
 10
96.370334
 20
86.747246
 30
0.0
 50
270.0
  0
INSERT
  5
5AF
330
1F
100
AcDbEntity
  8
000 - EQUIPAMIENTO
100
AcDbBlockReference
  2
000 - EQUIPAMIENTO - BIDE
 10
105.103123
 20
150.69216
 30
0.0
 50
180.0
  0
INSERT
  5
5B7
330
1F
100
AcDbEntity
  8
000 - EQUIPAMIENTO
100
AcDbBlockReference
  2
Inodoro
 10
96.358628
 20
85.308571
 30
0.0
 50
270.0
  0
INSERT
  5
5B8
330
1F
100
AcDbEntity
  8
000 - EQUIPAMIENTO
100
AcDbBlockReference
  2
000 - EQUIPAMIENTO - BIDE
 10
105.091417
 20
149.253485
 30
0.0
 50
180.0
  0
INSERT
  5
5B9
330
1F
100
AcDbEntity
  8
000 - EQUIPAMIENTO
100
AcDbBlockReference
  2
000 - SANITARIO - BACHA GRANDE
 10
1535.674479
 20
1023.394535
 30
0.0
 41
0.833444
 42
0.833444
 43
0.833444
 50
180.0
  0
LINE
  5
5BA
330
1F
100
AcDbEntity
  8
000 - EQUIPAMIENTO
100
AcDbLine
 10
95.034312
 20
86.720961
 30
0.0
 11
93.571196
 21
86.720961
 31
0.0
  0
INSERT
  5
5BB
330
1F
100
AcDbEntity
  8
000 - RACKS - ESTANTERIA LIVIANA
100
AcDbBlockReference
  2
estanteria_liviana_90x45
 10
63.41765
 20
85.402999
 30
0.0
 50
180.0
  0
INSERT
  5
5E2
330
1F
100
AcDbEntity
  8
000 - RACKS - ESTANTERIA LIVIANA
100
AcDbBlockReference
  2
estanteria_liviana_90x45
 10
64.33265
 20
85.402999
 30
0.0
 50
180.0
  0
INSERT
  5
5E3
330
1F
100
AcDbEntity
  8
000 - RACKS - ESTANTERIA LIVIANA
100
AcDbBlockReference
  2
estanteria_liviana_90x45
 10
65.24565
 20
85.402999
 30
0.0
 50
180.0
  0
INSERT
  5
5E4
330
1F
100
AcDbEntity
  8
000 - RACKS - ESTANTERIA LIVIANA
100
AcDbBlockReference
  2
estanteria_liviana_90x45
 10
66.16065
 20
85.402999
 30
0.0
 50
180.0
  0
INSERT
  5
5E5
330
1F
100
AcDbEntity
  8
000 - RACKS
100
AcDbBlockReference
  2
A$C0D016993
 10
72.97043
 20
84.963591
 30
0.0
 50
90.0
  0
INSERT
  5
5E6
330
1F
100
AcDbEntity
  8
000 - RACKS
100
AcDbBlockReference
  2
A$C0D016993
 10
72.97043
 20
86.258526
 30
0.0
 50
90.0
  0
INSERT
  5
5E7
330
1F
100
AcDbEntity
  8
000 - RACKS
100
AcDbBlockReference
  2
A$C0D016993
 10
72.97043
 20
87.498215
 30
0.0
 50
90.0
  0
INSERT
  5
5E8
330
1F
100
AcDbEntity
  8
000 - RACKS
100
AcDbBlockReference
  2
A$C0D016993
 10
89.427245
 20
99.958523
 30
0.0
 50
90.0
  0
INSERT
  5
5E9
330
1F
100
AcDbEntity
  8
000 - RACKS
100
AcDbBlockReference
  2
A$C0D016993
 10
89.427245
 20
98.807591
 30
0.0
 50
90.0
  0
INSERT
  5
5EA
330
1F
100
AcDbEntity
  8
000 - RACKS
100
AcDbBlockReference
  2
A$C0D016993
 10
89.427245
 20
97.652306
 30
0.0
 50
90.0
  0
INSERT
  5
5EB
330
1F
100
AcDbEntity
  8
000 - RACKS
100
AcDbBlockReference
  2
A$C0D016993
 10
89.427245
 20
96.501374
 30
0.0
 50
90.0
  0
INSERT
  5
5EC
330
1F
100
AcDbEntity
  8
000 - RACKS
100
AcDbBlockReference
  2
A$C0D016993
 10
89.427245
 20
95.321343
 30
0.0
 50
90.0
  0
INSERT
  5
5ED
330
1F
100
AcDbEntity
  8
000 - RACKS
100
AcDbBlockReference
  2
A$C0D016993
 10
90.787933
 20
99.958523
 30
0.0
 50
90.0
  0
INSERT
  5
5EE
330
1F
100
AcDbEntity
  8
000 - RACKS
100
AcDbBlockReference
  2
A$C0D016993
 10
90.787933
 20
98.807591
 30
0.0
 50
90.0
  0
INSERT
  5
5EF
330
1F
100
AcDbEntity
  8
000 - RACKS
100
AcDbBlockReference
  2
A$C0D016993
 10
90.787933
 20
97.652306
 30
0.0
 50
90.0
  0
INSERT
  5
5F0
330
1F
100
AcDbEntity
  8
000 - RACKS
100
AcDbBlockReference
  2
A$C0D016993
 10
90.787933
 20
95.321343
 30
0.0
 50
90.0
  0
INSERT
  5
5F1
330
1F
100
AcDbEntity
  8
000 - RACKS
100
AcDbBlockReference
  2
A$C0D016993
 10
92.145059
 20
99.958523
 30
0.0
 50
90.0
  0
INSERT
  5
5F2
330
1F
100
AcDbEntity
  8
000 - RACKS
100
AcDbBlockReference
  2
A$C0D016993
 10
92.145059
 20
97.652306
 30
0.0
 50
90.0
  0
INSERT
  5
5F3
330
1F
100
AcDbEntity
  8
000 - RACKS
100
AcDbBlockReference
  2
A$C0D016993
 10
92.145059
 20
98.807591
 30
0.0
 50
90.0
  0
INSERT
  5
5F4
330
1F
100
AcDbEntity
  8
000 - RACKS
100
AcDbBlockReference
  2
A$C0D016993
 10
92.145059
 20
96.501374
 30
0.0
 50
90.0
  0
LINE
  5
5F5
330
1F
100
AcDbEntity
  8
A-CARPINTERIAS
 62
   252
100
AcDbLine
 10
100.193147
 20
88.920957
 30
0.0
 11
98.693147
 21
88.920957
 31
0.0
  0
INSERT
  5
5F6
330
1F
100
AcDbEntity
  8
000 - RACKS
100
AcDbBlockReference
  2
A$C0D016993
 10
92.145059
 20
95.321343
 30
0.0
 50
90.0
  0
INSERT
  5
5F7
330
1F
100
AcDbEntity
  8
000 - EQUIPAMIENTO
100
AcDbBlockReference
  2
000 - EQUIPAMIENTO - BACHA
 10
83.294686
 20
23.220607
 30
0.0
  0
INSERT
  5
605
330
1F
100
AcDbEntity
  8
000 - EQUIPAMIENTO
100
AcDbBlockReference
  2
000 - EQUIPAMIENTO - HELADERA 060 x 060
 10
1415.556826
 20
6113.691907
 30
0.0
 41
-1.0
 50
90.0
  0
LINE
  5
618
330
1F
100
AcDbEntity
  8
000 - EQUIPAMIENTO
100
AcDbLine
 10
94.310011
 20
87.570957
 30
0.0
 11
94.310011
 21
88.170957
 31
0.0
  0
LINE
  5
619
330
1F
100
AcDbEntity
  8
000 - EQUIPAMIENTO
100
AcDbLine
 10
94.310011
 20
88.170957
 30
0.0
 11
96.696196
 21
88.170957
 31
0.0
  0
INSERT
  5
61A
330
1F
100
AcDbEntity
  8
000 - EQUIPAMIENTO
100
AcDbBlockReference
  2
A$C741D6D8E
 10
99.675872
 20
85.275957
 30
0.0
 41
-1.0
 50
90.0
  0
LINE
  5
629
330
1F
100
AcDbEntity
  8
A-CARPINTERIAS
 62
   252
100
AcDbLine
 10
108.421196
 20
93.670957
 30
0.0
 11
104.346196
 21
93.670957
 31
0.0
  0
LINE
  5
62A
330
1F
100
AcDbEntity
  8
A-CARPINTERIAS
 62
   252
100
AcDbLine
 10
108.421196
 20
93.620957
 30
0.0
 11
104.346196
 21
93.620957
 31
0.0
  0
LINE
  5
62B
330
1F
100
AcDbEntity
  8
000 - REJAS
 48
0.05
100
AcDbLine
 10
103.296196
 20
93.670957
 30
0.0
 11
103.296196
 21
90.420957
 31
0.0
  0
LINE
  5
62C
330
1F
100
AcDbEntity
  8
000 - REJAS
 48
0.05
100
AcDbLine
 10
103.346196
 20
93.670957
 30
0.0
 11
103.346196
 21
90.420957
 31
0.0
  0
LINE
  5
62D
330
1F
100
AcDbEntity
  8
000 - REJAS
 48
0.05
100
AcDbLine
 10
104.296196
 20
93.670957
 30
0.0
 11
103.296196
 21
93.670957
 31
0.0
  0
LINE
  5
62E
330
1F
100
AcDbEntity
  8
000 - REJAS
 48
0.05
100
AcDbLine
 10
104.296196
 20
93.620957
 30
0.0
 11
103.296196
 21
93.620957
 31
0.0
  0
LINE
  5
62F
330
1F
100
AcDbEntity
  8
A-CARPINTERIAS
 62
     2
100
AcDbLine
 10
104.296196
 20
93.620957
 30
0.0
 11
104.296196
 21
93.670957
 31
0.0
  0
LINE
  5
630
330
1F
100
AcDbEntity
  8
A-CARPINTERIAS
 62
     2
100
AcDbLine
 10
105.361196
 20
93.620957
 30
0.0
 11
105.361196
 21
93.670957
 31
0.0
  0
LINE
  5
631
330
1F
100
AcDbEntity
  8
A-CARPINTERIAS
 62
     2
100
AcDbLine
 10
105.311196
 20
93.620957
 30
0.0
 11
105.311196
 21
93.670957
 31
0.0
  0
LINE
  5
632
330
1F
100
AcDbEntity
  8
A-CARPINTERIAS
 62
     2
100
AcDbLine
 10
106.401196
 20
93.620957
 30
0.0
 11
106.401196
 21
93.670957
 31
0.0
  0
LINE
  5
633
330
1F
100
AcDbEntity
  8
A-CARPINTERIAS
 62
     2
100
AcDbLine
 10
106.351196
 20
93.620957
 30
0.0
 11
106.351196
 21
93.670957
 31
0.0
  0
LINE
  5
634
330
1F
100
AcDbEntity
  8
A-CARPINTERIAS
 62
     2
100
AcDbLine
 10
107.441196
 20
93.620957
 30
0.0
 11
107.441196
 21
93.670957
 31
0.0
  0
LINE
  5
635
330
1F
100
AcDbEntity
  8
A-CARPINTERIAS
 62
     2
100
AcDbLine
 10
107.391196
 20
93.620957
 30
0.0
 11
107.391196
 21
93.670957
 31
0.0
  0
LINE
  5
636
330
1F
100
AcDbEntity
  8
000 - REJAS
100
AcDbLine
 10
103.346196
 20
90.420957
 30
0.0
 11
103.296196
 21
90.420957
 31
0.0
  0
LINE
  5
638
330
1F
100
AcDbEntity
  8
A-CARPINTERIAS
 62
   252
100
AcDbLine
 10
90.230571
 20
90.320957
 30
0.0
 11
88.680571
 21
90.320957
 31
0.0
  0
LINE
  5
63A
330
1F
100
AcDbEntity
  8
A-CARPINTERIAS
 62
     2
100
AcDbLine
 10
108.471196
 20
93.620957
 30
0.0
 11
108.421196
 21
93.620957
 31
0.0
  0
LINE
  5
63B
330
1F
100
AcDbEntity
  8
A-CARPINTERIAS
 62
     2
100
AcDbLine
 10
108.421196
 20
93.620957
 30
0.0
 11
108.421196
 21
93.670957
 31
0.0
  0
LINE
  5
63C
330
1F
100
AcDbEntity
  8
A-CARPINTERIAS
 62
     2
100
AcDbLine
 10
108.421196
 20
93.670957
 30
0.0
 11
108.471196
 21
93.670957
 31
0.0
  0
LINE
  5
63D
330
1F
100
AcDbEntity
  8
A-CARPINTERIAS
 62
     2
100
AcDbLine
 10
104.296196
 20
93.620957
 30
0.0
 11
104.346196
 21
93.620957
 31
0.0
  0
LINE
  5
63E
330
1F
100
AcDbEntity
  8
A-CARPINTERIAS
 62
     2
100
AcDbLine
 10
104.346196
 20
93.620957
 30
0.0
 11
104.346196
 21
93.670957
 31
0.0
  0
LINE
  5
63F
330
1F
100
AcDbEntity
  8
A-CARPINTERIAS
 62
     2
100
AcDbLine
 10
104.346196
 20
93.670957
 30
0.0
 11
104.296196
 21
93.670957
 31
0.0
  0
LINE
  5
640
330
1F
100
AcDbEntity
  8
A-CARPINTERIAS
 62
     2
100
AcDbLine
 10
107.441196
 20
93.670957
 30
0.0
 11
107.391196
 21
93.670957
 31
0.0
  0
LINE
  5
641
330
1F
100
AcDbEntity
  8
A-CARPINTERIAS
 62
     2
100
AcDbLine
 10
107.391196
 20
93.620957
 30
0.0
 11
107.441196
 21
93.620957
 31
0.0
  0
LINE
  5
642
330
1F
100
AcDbEntity
  8
A-CARPINTERIAS
 62
     2
100
AcDbLine
 10
106.351196
 20
93.670957
 30
0.0
 11
106.401196
 21
93.670957
 31
0.0
  0
LINE
  5
643
330
1F
100
AcDbEntity
  8
A-CARPINTERIAS
 62
     2
100
AcDbLine
 10
106.401196
 20
93.620957
 30
0.0
 11
106.351196
 21
93.620957
 31
0.0
  0
LINE
  5
644
330
1F
100
AcDbEntity
  8
A-CARPINTERIAS
 62
     2
100
AcDbLine
 10
105.311196
 20
93.620957
 30
0.0
 11
105.361196
 21
93.620957
 31
0.0
  0
LINE
  5
645
330
1F
100
AcDbEntity
  8
A-CARPINTERIAS
 62
     2
100
AcDbLine
 10
105.311196
 20
93.670957
 30
0.0
 11
105.361196
 21
93.670957
 31
0.0
  0
LINE
  5
657
330
1F
100
AcDbEntity
  8
A-CARPINTERIAS
 62
     2
100
AcDbLine
 10
106.971196
 20
88.820957
 30
0.0
 11
106.971196
 21
88.920957
 31
0.0
  0
LINE
  5
658
330
1F
100
AcDbEntity
  8
000 - DURLOCK
100
AcDbLine
 10
107.021196
 20
88.820957
 30
0.0
 11
107.021196
 21
88.920957
 31
0.0
  0
LINE
  5
659
330
1F
100
AcDbEntity
  8
A-CARPINTERIAS
 62
     2
100
AcDbLine
 10
105.471196
 20
88.920957
 30
0.0
 11
105.471196
 21
88.820957
 31
0.0
  0
LINE
  5
65A
330
1F
100
AcDbEntity
  8
000 - DURLOCK
100
AcDbLine
 10
105.421196
 20
88.920957
 30
0.0
 11
105.421196
 21
88.820957
 31
0.0
  0
LINE
  5
65B
330
1F
100
AcDbEntity
  8
A-CARPINTERIAS
 62
     2
100
AcDbLine
 10
105.471196
 20
88.920957
 30
0.0
 11
105.421196
 21
88.920957
 31
0.0
  0
LINE
  5
65C
330
1F
100
AcDbEntity
  8
A-CARPINTERIAS
 62
     2
100
AcDbLine
 10
105.421196
 20
88.820957
 30
0.0
 11
105.471196
 21
88.820957
 31
0.0
  0
LINE
  5
65D
330
1F
100
AcDbEntity
  8
A-CARPINTERIAS
 62
     2
100
AcDbLine
 10
107.021196
 20
88.920957
 30
0.0
 11
106.971196
 21
88.920957
 31
0.0
  0
LINE
  5
65E
330
1F
100
AcDbEntity
  8
A-CARPINTERIAS
 62
     2
100
AcDbLine
 10
106.971196
 20
88.820957
 30
0.0
 11
107.021196
 21
88.820957
 31
0.0
  0
LINE
  5
65F
330
1F
100
AcDbEntity
  8
A-CARPINTERIAS
 62
   252
100
AcDbLine
 10
106.971196
 20
88.920957
 30
0.0
 11
105.471196
 21
88.920957
 31
0.0
  0
LINE
  5
660
330
1F
100
AcDbEntity
  8
A-CARPINTERIAS
 62
   252
100
AcDbLine
 10
105.471196
 20
88.820957
 30
0.0
 11
106.971196
 21
88.820957
 31
0.0
  0
LINE
  5
661
330
1F
100
AcDbEntity
  8
A-CARPINTERIAS
 62
     2
100
AcDbLine
 10
100.193147
 20
88.820957
 30
0.0
 11
100.193147
 21
88.920957
 31
0.0
  0
LINE
  5
662
330
1F
100
AcDbEntity
  8
000 - DURLOCK
100
AcDbLine
 10
100.243147
 20
88.820957
 30
0.0
 11
100.243147
 21
88.920957
 31
0.0
  0
LINE
  5
663
330
1F
100
AcDbEntity
  8
A-CARPINTERIAS
 62
     2
100
AcDbLine
 10
98.693147
 20
88.920957
 30
0.0
 11
98.693147
 21
88.820957
 31
0.0
  0
LINE
  5
664
330
1F
100
AcDbEntity
  8
000 - DURLOCK
100
AcDbLine
 10
98.643147
 20
88.920957
 30
0.0
 11
98.643147
 21
88.820957
 31
0.0
  0
LINE
  5
665
330
1F
100
AcDbEntity
  8
A-CARPINTERIAS
 62
     2
100
AcDbLine
 10
98.693147
 20
88.920957
 30
0.0
 11
98.643147
 21
88.920957
 31
0.0
  0
LINE
  5
666
330
1F
100
AcDbEntity
  8
A-CARPINTERIAS
 62
     2
100
AcDbLine
 10
98.643147
 20
88.820957
 30
0.0
 11
98.693147
 21
88.820957
 31
0.0
  0
LINE
  5
667
330
1F
100
AcDbEntity
  8
A-CARPINTERIAS
 62
     2
100
AcDbLine
 10
100.243147
 20
88.920957
 30
0.0
 11
100.193147
 21
88.920957
 31
0.0
  0
LINE
  5
668
330
1F
100
AcDbEntity
  8
A-CARPINTERIAS
 62
     2
100
AcDbLine
 10
100.193147
 20
88.820957
 30
0.0
 11
100.243147
 21
88.820957
 31
0.0
  0
LINE
  5
669
102
{ACAD_REACTORS
330
6C7
102
}
330
1F
100
AcDbEntity
  8
A-CARPINTERIAS
 62
   252
100
AcDbLine
 10
98.693147
 20
88.820957
 30
0.0
 11
100.193147
 21
88.820957
 31
0.0
  0
LINE
  5
66A
330
1F
100
AcDbEntity
  8
000 - DURLOCK
100
AcDbLine
 10
100.243147
 20
88.920957
 30
0.0
 11
102.296196
 21
88.920957
 31
0.0
  0
LINE
  5
66B
330
1F
100
AcDbEntity
  8
000 - DURLOCK
100
AcDbLine
 10
98.643147
 20
88.820957
 30
0.0
 11
96.796196
 21
88.820957
 31
0.0
  0
LINE
  5
67B
330
1F
100
AcDbEntity
  8
A-CARPINTERIAS
 62
   252
100
AcDbLine
 10
88.680571
 20
90.220957
 30
0.0
 11
90.230571
 21
90.220957
 31
0.0
  0
LINE
  5
682
330
1F
100
AcDbEntity
  8
A-CARPINTERIAS
 62
     2
100
AcDbLine
 10
83.674321
 20
90.257129
 30
0.0
 11
82.174321
 21
90.257129
 31
0.0
  0
LINE
  5
683
330
1F
100
AcDbEntity
  8
A-CARPINTERIAS
 62
     2
100
AcDbLine
 10
83.674321
 20
90.287129
 30
0.0
 11
82.174321
 21
90.287129
 31
0.0
  0
LINE
  5
684
330
1F
100
AcDbEntity
  8
A-CARPINTERIAS
 62
   252
100
AcDbLine
 10
83.724321
 20
90.320957
 30
0.0
 11
82.124321
 21
90.320957
 31
0.0
  0
LINE
  5
685
330
1F
100
AcDbEntity
  8
A-CARPINTERIAS
 62
   252
100
AcDbLine
 10
82.174321
 20
90.220957
 30
0.0
 11
83.674321
 21
90.220957
 31
0.0
  0
LINE
  5
686
330
1F
100
AcDbEntity
  8
000 - DURLOCK
100
AcDbLine
 10
91.973696
 20
90.320957
 30
0.0
 11
90.230571
 21
90.320957
 31
0.0
  0
LINE
  5
687
102
{ACAD_REACTORS
330
6F4
102
}
330
1F
100
AcDbEntity
  8
000 - DURLOCK
100
AcDbLine
 10
90.230571
 20
90.220957
 30
0.0
 11
91.873696
 21
90.220957
 31
0.0
  0
LINE
  5
73D
330
1F
100
AcDbEntity
  8
000 - PUERTAS
100
AcDbLine
 10
108.421196
 20
100.720957
 30
0.0
 11
108.521196
 21
100.720957
 31
0.0
  0
LINE
  5
73E
330
1F
100
AcDbEntity
  8
000 - PUERTAS
100
AcDbLine
 10
108.421196
 20
100.720957
 30
0.0
 11
108.421196
 21
96.720957
 31
0.0
  0
LINE
  5
73F
330
1F
100
AcDbEntity
  8
000 - PUERTAS
100
AcDbLine
 10
108.421196
 20
96.720957
 30
0.0
 11
108.521196
 21
96.720957
 31
0.0
  0
LINE
  5
740
330
1F
100
AcDbEntity
  8
000 - PUERTAS
100
AcDbLine
 10
108.521196
 20
96.720957
 30
0.0
 11
108.521196
 21
100.720957
 31
0.0
  0
LINE
  5
741
330
1F
100
AcDbEntity
  8
000 - PROYECCION
 48
0.05
100
AcDbLine
 10
108.421196
 20
96.720957
 30
0.0
 11
108.421196
 21
94.720957
 31
0.0
  0
LINE
  5
742
330
1F
100
AcDbEntity
  8
000 - PROYECCION
 48
0.05
100
AcDbLine
 10
108.421196
 20
94.720957
 30
0.0
 11
108.521196
 21
94.720957
 31
0.0
  0
LINE
  5
743
330
1F
100
AcDbEntity
  8
000 - PROYECCION
 48
0.05
100
AcDbLine
 10
108.521196
 20
94.720957
 30
0.0
 11
108.521196
 21
96.720957
 31
0.0
  0
LINE
  5
744
330
1F
100
AcDbEntity
  8
000 - PROYECCION
 48
0.05
100
AcDbLine
 10
108.421196
 20
100.720957
 30
0.0
 11
108.421196
 21
102.720957
 31
0.0
  0
LINE
  5
745
330
1F
100
AcDbEntity
  8
000 - PROYECCION
100
AcDbLine
 10
108.421196
 20
102.720957
 30
0.0
 11
108.521196
 21
102.720957
 31
0.0
  0
LINE
  5
746
330
1F
100
AcDbEntity
  8
000 - PROYECCION
 48
0.05
100
AcDbLine
 10
108.521196
 20
102.720957
 30
0.0
 11
108.521196
 21
100.720957
 31
0.0
  0
LINE
  5
747
330
1F
100
AcDbEntity
  8
000 - PROYECCION
 48
0.05
100
AcDbLine
 10
108.721196
 20
102.720957
 30
0.0
 11
108.721196
 21
98.720957
 31
0.0
  0
LINE
  5
749
330
1F
100
AcDbEntity
  8
000 - SEÑALIZACION
100
AcDbLine
 10
108.221196
 20
97.841543
 30
0.0
 11
108.362617
 21
97.982964
 31
0.0
  0
LINE
  5
74A
330
1F
100
AcDbEntity
  8
000 - SEÑALIZACION
100
AcDbLine
 10
108.221196
 20
97.841543
 30
0.0
 11
108.079774
 21
97.982964
 31
0.0
  0
LINE
  5
758
330
1F
100
AcDbEntity
  8
000 - MUROS
100
AcDbLine
 10
66.071196
 20
102.920957
 30
0.0
 11
82.271196
 21
102.920957
 31
0.0
  0
LWPOLYLINE
  5
759
102
{ACAD_REACTORS
330
3F1
102
}
330
1F
100
AcDbEntity
  8
000 - DURLOCK
 62
    30
100
AcDbPolyline
 90
        2
 70
     0
 43
0.0
 10
80.371196
 20
90.320957
 10
77.571196
 20
90.320957
  0
LWPOLYLINE
  5
75A
102
{ACAD_REACTORS
330
789
330
3F1
102
}
330
1F
100
AcDbEntity
  8
000 - DURLOCK
 62
    30
100
AcDbPolyline
 90
        3
 70
     0
 43
0.0
 10
76.571196
 20
90.320957
 10
76.371196
 20
90.320957
 10
76.371196
 20
84.820957
  0
LWPOLYLINE
  5
75B
102
{ACAD_REACTORS
330
3F1
102
}
330
1F
100
AcDbEntity
  8
000 - DURLOCK
 62
    30
100
AcDbPolyline
 90
        2
 70
     0
 43
0.0
 10
80.371196
 20
90.220957
 10
77.571196
 20
90.220957
  0
LWPOLYLINE
  5
75C
330
1F
100
AcDbEntity
  8
IRI-OCASA-Layout R 9$0$OCA_Mobiliario
  6
ACAD_ISO03W100
 48
0.04
100
AcDbPolyline
 90
        2
 70
     0
 43
0.0
 10
78.98056
 20
89.820957
 10
78.38056
 20
89.820957
  0
LWPOLYLINE
  5
75D
330
1F
100
AcDbEntity
  8
IRI-OCASA-Layout R 9$0$OCA_Mobiliario
100
AcDbPolyline
 90
        2
 70
     0
 43
0.0
 10
79.549339
 20
89.620957
 10
78.349339
 20
89.620957
  0
LWPOLYLINE
  5
75E
102
{ACAD_REACTORS
330
77A
330
3F1
102
}
330
1F
100
AcDbEntity
  8
000 - DURLOCK
 62
    30
100
AcDbPolyline
 90
        3
 70
     0
 43
0.0
 10
76.571196
 20
90.220957
 10
76.471196
 20
90.220957
 10
76.471196
 20
84.820957
  0
LINE
  5
760
330
1F
100
AcDbEntity
  8
A construir
 62
    10
100
AcDbLine
 10
76.621196
 20
90.220957
 30
0.0
 11
76.621196
 21
89.320957
 31
0.0
  0
LINE
  5
761
330
1F
100
AcDbEntity
  8
A construir
 62
    10
100
AcDbLine
 10
76.621196
 20
89.320957
 30
0.0
 11
76.671196
 21
89.320957
 31
0.0
  0
LINE
  5
762
330
1F
100
AcDbEntity
  8
A construir
 62
    10
100
AcDbLine
 10
76.671196
 20
89.320957
 30
0.0
 11
76.671196
 21
90.220957
 31
0.0
  0
LINE
  5
763
330
1F
100
AcDbEntity
  8
A construir
 62
    10
100
AcDbLine
 10
76.671196
 20
90.220957
 30
0.0
 11
76.621196
 21
90.220957
 31
0.0
  0
ARC
  5
764
330
1F
100
AcDbEntity
  8
A construir
 62
    10
100
AcDbCircle
 10
76.618654
 20
90.221969
 30
0.0
 40
0.9025423691209598
100
AcDbArc
 50
273.33738
 51
359.935774
  0
LWPOLYLINE
  5
765
330
1F
100
AcDbEntity
  8
A construir
 62
    10
100
AcDbPolyline
 90
        2
 70
     0
 43
0.0
 10
76.621196
 20
90.220957
 10
76.621196
 20
90.320957
  0
LWPOLYLINE
  5
766
102
{ACAD_REACTORS
330
3F1
102
}
330
1F
100
AcDbEntity
  8
000 - DURLOCK
100
AcDbPolyline
 90
        2
 70
     0
 43
0.0
 10
76.571196
 20
90.220957
 10
76.571196
 20
90.320957
  0
LWPOLYLINE
  5
767
330
1F
100
AcDbEntity
  8
A construir
 62
    10
100
AcDbPolyline
 90
        2
 70
     0
 43
0.0
 10
77.521196
 20
90.220957
 10
77.521196
 20
90.320957
  0
LWPOLYLINE
  5
768
102
{ACAD_REACTORS
330
3F1
102
}
330
1F
100
AcDbEntity
  8
000 - DURLOCK
 62
    30
100
AcDbPolyline
 90
        2
 70
     0
 43
0.0
 10
77.571196
 20
90.220957
 10
77.571196
 20
90.320957
  0
INSERT
  5
769
330
1F
100
AcDbEntity
  8
IRI-OCASA-Layout R 9$0$OCA_Mobiliario
100
AcDbBlockReference
  2
mesa comedor. 4
 10
102.036353
 20
85.536063
 30
-0.00004
 50
270.0
  0
INSERT
  5
774
330
1F
100
AcDbEntity
  8
IRI-OCASA-Layout R 9$0$OCA_Mobiliario
100
AcDbBlockReference
  2
mesa comedor. 4
 10
102.036353
 20
86.936063
 30
-0.00004
 50
270.0
  0
INSERT
  5
775
330
1F
100
AcDbEntity
  8
IRI-OCASA-Layout R 9$0$OCA_Mobiliario
100
AcDbBlockReference
  2
IRI-OCASA-Layout R 9$0$OCA_SILLA
 10
-78.172046
 20
85.134738
 30
0.0
 43
-1.0
 50
90.0
210
0.0
220
0.0
230
-1.0
  0
LINE
  5
7AF
330
1F
100
AcDbEntity
  8
000 - DURLOCK
100
AcDbLine
 10
80.371196
 20
88.276291
 30
0.0
 11
80.471196
 21
88.276291
 31
0.0
  0
LINE
  5
7B0
330
1F
100
AcDbEntity
  8
000 - DURLOCK
100
AcDbLine
 10
80.371196
 20
86.776291
 30
0.0
 11
80.471196
 21
86.776291
 31
0.0
  0
HATCH
  5
7B1
330
1F
100
AcDbEntity
  8
IS ILUM NUEVA
100
AcDbHatch
 10
0.0
 20
0.0
 30
0.0
210
0.0
220
0.0
230
1.0
  2
SOLID
 70
     1
 71
     1
 91
        1
 92
        7
 72
     0
 73
     1
 93
        3
 10
76.49523873793532
 20
90.03164991826884
 10
76.7593997439094
 20
90.03164991826884
 10
76.49523873793532
 20
89.50372040055481
 97
        2
330
7B2
330
89F
 75
     1
 76
     1
 47
0.002239
 98
        1
 10
76.55597474013166
 20
89.9020900725427
450
        0
451
        0
460
0.0
461
0.0
452
        0
462
1.0
453
        2
463
0.0
 63
     5
421
      255
463
1.0
 63
     2
421
 16776960
470
LINEAR
1001
GradientColor1ACI
1070
     5
1001
GradientColor2ACI
1070
     2
1001
ACAD
1010
0.0
1020
0.0
1030
0.0
  0
LWPOLYLINE
  5
7B2
102
{ACAD_REACTORS
330
7B1
102
}
330
1F
100
AcDbEntity
  8
IS ILUM NUEVA
100
AcDbPolyline
 90
        4
 70
     1
 43
0.0
 10
76.495239
 20
90.03165
 10
76.7594
 20
90.03165
 10
76.7594
 20
89.50372
 10
76.495239
 20
89.50372
  0
LINE
  5
7B3
330
1F
100
AcDbEntity
  8
A-CARPINTERIAS
 62
     2
100
AcDbLine
 10
80.471196
 20
88.246291
 30
0.0
 11
80.371196
 21
88.246291
 31
0.0
  0
LINE
  5
7B4
330
1F
100
AcDbEntity
  8
A-CARPINTERIAS
 62
     2
100
AcDbLine
 10
80.471196
 20
86.806291
 30
0.0
 11
80.371196
 21
86.806291
 31
0.0
  0
LINE
  5
7B5
330
1F
100
AcDbEntity
  8
A-CARPINTERIAS
 62
     2
100
AcDbLine
 10
80.371196
 20
86.776291
 30
0.0
 11
80.371196
 21
86.806291
 31
0.0
  0
LINE
  5
7B6
330
1F
100
AcDbEntity
  8
A-CARPINTERIAS
 62
     2
100
AcDbLine
 10
80.471196
 20
86.776291
 30
0.0
 11
80.471196
 21
86.806291
 31
0.0
  0
LINE
  5
7B7
330
1F
100
AcDbEntity
  8
A-CARPINTERIAS
 62
     2
100
AcDbLine
 10
80.371196
 20
88.246291
 30
0.0
 11
80.371196
 21
88.276291
 31
0.0
  0
LINE
  5
7B8
330
1F
100
AcDbEntity
  8
A-CARPINTERIAS
 62
     2
100
AcDbLine
 10
80.471196
 20
88.276291
 30
0.0
 11
80.471196
 21
88.246291
 31
0.0
  0
LINE
  5
7B9
330
1F
100
AcDbEntity
  8
A-CARPINTERIAS
 62
   252
100
AcDbLine
 10
80.371196
 20
86.806291
 30
0.0
 11
80.371196
 21
88.246291
 31
0.0
  0
LINE
  5
7BA
330
1F
100
AcDbEntity
  8
A-CARPINTERIAS
 62
   252
100
AcDbLine
 10
80.471196
 20
86.806291
 30
0.0
 11
80.471196
 21
88.246291
 31
0.0
  0
LINE
  5
7BB
330
1F
100
AcDbEntity
  8
A-CARPINTERIAS
 62
     2
100
AcDbLine
 10
80.436196
 20
86.806291
 30
0.0
 11
80.436196
 21
88.246291
 31
0.0
  0
LINE
  5
7BC
330
1F
100
AcDbEntity
  8
A-CARPINTERIAS
 62
     2
100
AcDbLine
 10
80.406196
 20
86.806291
 30
0.0
 11
80.406196
 21
88.246291
 31
0.0
  0
LINE
  5
7C2
330
1F
100
AcDbEntity
  8
A construir
 62
    10
100
AcDbLine
 10
76.571196
 20
90.320957
 30
0.0
 11
76.621196
 21
90.320957
 31
0.0
  0
LINE
  5
7C3
330
1F
100
AcDbEntity
  8
A construir
 62
    10
100
AcDbLine
 10
76.571196
 20
90.220957
 30
0.0
 11
76.621196
 21
90.220957
 31
0.0
  0
LINE
  5
7C4
330
1F
100
AcDbEntity
  8
A construir
100
AcDbLine
 10
77.521196
 20
90.220957
 30
0.0
 11
77.571196
 21
90.220957
 31
0.0
  0
INSERT
  5
875
102
{ACAD_XDICTIONARY
360
876
102
}
330
1F
100
AcDbEntity
  8
IS ELECTRICA - BANDEJAS NUEVA
100
AcDbBlockReference
  2
*U47
 10
76.573217
 20
89.50372
 30
0.0
 50
270.0
  0
HATCH
  5
89A
330
1F
100
AcDbEntity
  8
IS ILUM NUEVA
 62
     0
100
AcDbHatch
 10
0.0
 20
0.0
 30
0.0
210
0.0
220
0.0
230
1.0
  2
SOLID
 70
     1
 71
     1
 91
        1
 92
        7
 72
     0
 73
     1
 93
        3
 10
108.0289358850946
 20
84.82782577006037
 10
108.5107838061517
 20
85.04180206336946
 10
108.5107838061517
 20
84.82782577006037
 97
        2
330
89B
330
8A4
 75
     1
 76
     1
 47
0.001356
 98
        1
 10
108.4267644164997
 20
84.8964455275443
450
        0
451
        0
460
0.0
461
0.0
452
        0
462
1.0
453
        2
463
0.0
 63
     5
421
      255
463
1.0
 63
     2
421
 16776960
470
LINEAR
1001
GradientColor1ACI
1070
     5
1001
GradientColor2ACI
1070
     2
1001
ACAD
1010
0.0
1020
0.0
1030
0.0
  0
LWPOLYLINE
  5
89B
102
{ACAD_REACTORS
330
89A
102
}
330
1F
100
AcDbEntity
  8
IS ILUM NUEVA
 62
     0
100
AcDbPolyline
 90
        4
 70
     1
 43
0.0
 10
108.028936
 20
85.041802
 10
108.510784
 20
85.041802
 10
108.510784
 20
84.827826
 10
108.028936
 20
84.827826
  0
LINE
  5
89C
330
1F
100
AcDbEntity
  8
IS ILUM NUEVA
100
AcDbLine
 10
108.269845
 20
84.934807
 30
0.0
 11
108.269845
 21
85.063136
 31
0.0
  0
LINE
  5
89D
330
1F
100
AcDbEntity
  8
IS ILUM NUEVA
100
AcDbLine
 10
108.269845
 20
85.063136
 30
0.0
 11
76.602221
 21
85.063136
 31
0.0
  0
LINE
  5
89E
330
1F
100
AcDbEntity
  8
IS ILUM NUEVA
100
AcDbLine
 10
76.602221
 20
85.063136
 30
0.0
 11
76.602221
 21
89.50372
 31
0.0
  0
LINE
  5
89F
102
{ACAD_REACTORS
330
7B1
102
}
330
1F
100
AcDbEntity
  8
IS ILUM NUEVA
100
AcDbLine
 10
76.7594
 20
90.03165
 30
0.0
 11
76.495239
 21
89.50372
 31
0.0
  0
LINE
  5
8A4
102
{ACAD_REACTORS
330
89A
102
}
330
1F
100
AcDbEntity
  8
IS ILUM NUEVA
 62
     0
100
AcDbLine
 10
108.028936
 20
84.827826
 30
0.0
 11
108.510784
 21
85.041802
 31
0.0
  0
CIRCLE
  5
8A5
330
1F
100
AcDbEntity
  8
IS ILUM NUEVA
100
AcDbCircle
 10
77.728687
 20
90.144178
 30
0.0
 40
0.0512517552933787
  0
LINE
  5
8A6
330
1F
100
AcDbEntity
  8
IS ILUM NUEVA
100
AcDbLine
 10
77.683392
 20
90.120197
 30
0.0
 11
77.81521
 21
89.871221
 31
0.0
  0
LINE
  5
8A7
330
1F
100
AcDbEntity
  8
IS ILUM NUEVA
100
AcDbLine
 10
77.81521
 20
89.871221
 30
0.0
 11
77.929769
 21
89.931873
 31
0.0
  0
LINE
  5
8C4
330
1F
100
AcDbEntity
  8
IS TOMAS NUEVA
100
AcDbLine
 10
78.637056
 20
84.84442
 30
0.0
 11
78.516564
 21
84.84442
 31
0.0
  0
LINE
  5
8C5
330
1F
100
AcDbEntity
  8
IS TOMAS NUEVA
100
AcDbLine
 10
78.325827
 20
84.84442
 30
0.0
 11
78.205335
 21
84.84442
 31
0.0
  0
HATCH
  5
8C6
330
1F
100
AcDbEntity
  8
IS TOMAS NUEVA
100
AcDbHatch
 10
0.0
 20
0.0
 30
0.0
210
0.0
220
0.0
230
1.0
  2
SOLID
 70
     1
 71
     1
 91
        1
 92
        7
 72
     1
 73
     1
 93
        3
 10
78.42119564664699
 20
84.99006579002106
 42
-0.5405084022355718
 10
78.51656443914948
 20
84.84442028581066
 42
0.0
 10
78.42119564664745
 20
84.8444202858102
 42
0.0
 97
        3
330
8C7
330
8D5
330
8D6
 75
     1
 76
     1
 47
0.000732
 98
        1
 10
78.472405900382
 20
84.8958862005918
450
        0
451
        0
460
0.0
461
0.0
452
        0
462
1.0
453
        2
463
0.0
 63
     5
421
      255
463
1.0
 63
     2
421
 16776960
470
LINEAR
1001
GradientColor1ACI
1070
     5
1001
GradientColor2ACI
1070
     2
1001
ACAD
1010
0.0
1020
0.0
1030
0.0
  0
ARC
  5
8C7
102
{ACAD_REACTORS
330
8C6
102
}
330
1F
100
AcDbEntity
  8
IS TOMAS NUEVA
100
AcDbCircle
 10
78.421196
 20
84.886019
 30
0.0
 40
0.1040465328620785
100
AcDbArc
 50
336.433622
 51
203.566378
  0
LINE
  5
8C8
330
1F
100
AcDbEntity
  8
IS TOMAS NUEVA
100
AcDbLine
 10
78.421196
 20
84.990066
 30
0.0
 11
78.421196
 21
85.063136
 31
0.0
  0
LINE
  5
8CA
330
1F
100
AcDbEntity
  8
IS TOMAS NUEVA
100
AcDbLine
 10
76.571872
 20
90.187002
 30
0.0
 11
76.571872
 21
90.03165
 31
0.0
  0
LINE
  5
8CB
330
1F
100
AcDbEntity
  8
IS TOMAS NUEVA
100
AcDbLine
 10
78.433676
 20
90.182727
 30
0.0
 11
78.554167
 21
90.182727
 31
0.0
  0
LINE
  5
8CC
330
1F
100
AcDbEntity
  8
IS TOMAS NUEVA
100
AcDbLine
 10
78.744905
 20
90.182727
 30
0.0
 11
78.865396
 21
90.182727
 31
0.0
  0
ARC
  5
8CD
330
1F
100
AcDbEntity
  8
IS TOMAS NUEVA
100
AcDbCircle
 10
78.649536
 20
90.141128
 30
0.0
 40
0.1040465328620785
100
AcDbArc
 50
156.433622
 51
23.566378
  0
LINE
  5
8CE
330
1F
100
AcDbEntity
  8
IS TOMAS NUEVA
100
AcDbLine
 10
78.649536
 20
90.037081
 30
0.0
 11
78.649536
 21
89.932709
 31
0.0
  0
LINE
  5
8CF
330
1F
100
AcDbEntity
  8
IS TOMAS NUEVA
100
AcDbLine
 10
79.049353
 20
90.184544
 30
0.0
 11
79.169844
 21
90.184544
 31
0.0
  0
LINE
  5
8D0
330
1F
100
AcDbEntity
  8
IS TOMAS NUEVA
100
AcDbLine
 10
79.360582
 20
90.184544
 30
0.0
 11
79.481073
 21
90.184544
 31
0.0
  0
ARC
  5
8D1
330
1F
100
AcDbEntity
  8
IS TOMAS NUEVA
100
AcDbCircle
 10
79.265213
 20
90.142945
 30
0.0
 40
0.1040465328620785
100
AcDbArc
 50
156.433622
 51
23.566378
  0
LINE
  5
8D2
330
1F
100
AcDbEntity
  8
IS TOMAS NUEVA
100
AcDbLine
 10
79.265213
 20
90.038899
 30
0.0
 11
79.265213
 21
89.963397
 31
0.0
  0
LINE
  5
8D3
330
1F
100
AcDbEntity
  8
IS TOMAS NUEVA
100
AcDbLine
 10
79.264244
 20
90.208333
 30
0.0
 11
79.264244
 21
90.095328
 31
0.0
  0
LINE
  5
8D4
330
1F
100
AcDbEntity
  8
A-CARPINTERIAS
100
AcDbLine
 10
80.358378
 20
85.834555
 30
0.0
 11
80.358378
 21
85.714042
 31
0.0
  0
LINE
  5
8D5
102
{ACAD_REACTORS
330
8C6
102
}
330
1F
100
AcDbEntity
  8
IS TOMAS NUEVA
100
AcDbLine
 10
78.421196
 20
84.990066
 30
0.0
 11
78.421196
 21
84.84442
 31
0.0
  0
LINE
  5
8D6
102
{ACAD_REACTORS
330
8C6
102
}
330
1F
100
AcDbEntity
  8
IS TOMAS NUEVA
100
AcDbLine
 10
78.516564
 20
84.84442
 30
0.0
 11
78.421196
 21
84.84442
 31
0.0
  0
LINE
  5
8E1
330
1F
100
AcDbEntity
  8
IS TOMAS NUEVA
100
AcDbLine
 10
76.31535
 20
85.276527
 30
0.0
 11
76.31535
 21
85.156036
 31
0.0
  0
LINE
  5
8E2
330
1F
100
AcDbEntity
  8
IS TOMAS NUEVA
100
AcDbLine
 10
76.31535
 20
84.965298
 30
0.0
 11
76.31535
 21
84.844807
 31
0.0
  0
ARC
  5
8E3
330
1F
100
AcDbEntity
  8
IS TOMAS NUEVA
100
AcDbCircle
 10
76.273751
 20
85.060667
 30
0.0
 40
0.1040465328620785
100
AcDbArc
 50
66.433622
 51
293.566378
  0
LINE
  5
8E4
330
1F
100
AcDbEntity
  8
IS TOMAS NUEVA
100
AcDbLine
 10
76.169705
 20
85.060667
 30
0.0
 11
76.065333
 21
85.060667
 31
0.0
  0
LINE
  5
8E6
330
1F
100
AcDbEntity
  8
IS ILUM NUEVA
100
AcDbLine
 10
76.602221
 20
85.063136
 30
0.0
 11
76.295064
 21
85.063136
 31
0.0
  0
LINE
  5
8EA
330
1F
100
AcDbEntity
  8
A-CARPINTERIAS
 62
     2
100
AcDbLine
 10
67.471196
 20
95.620957
 30
0.0
 11
67.471196
 21
95.320957
 31
0.0
  0
LWPOLYLINE
  5
8EB
330
1F
100
AcDbEntity
  8
000 - DURLOCK
100
AcDbPolyline
 90
        2
 70
     0
 43
0.0
 10
91.873696
 20
90.220957
 10
91.873696
 20
90.170957
  0
LINE
  5
8EC
330
1F
100
AcDbEntity
  8
A-CARPINTERIAS
 62
     2
100
AcDbLine
 10
91.873696
 20
88.970957
 30
0.0
 11
91.873696
 21
89.020957
 31
0.0
  0
LINE
  5
8ED
330
1F
100
AcDbEntity
  8
A-CARPINTERIAS
 62
     2
100
AcDbLine
 10
90.180571
 20
90.220957
 30
0.0
 11
90.230571
 21
90.220957
 31
0.0
  0
LINE
  5
8EE
330
1F
100
AcDbEntity
  8
000 - DURLOCK
100
AcDbLine
 10
91.873696
 20
90.170957
 30
0.0
 11
91.973696
 21
90.170957
 31
0.0
  0
LINE
  5
8EF
330
1F
100
AcDbEntity
  8
A-CARPINTERIAS
 62
     2
100
AcDbLine
 10
91.873696
 20
90.120957
 30
0.0
 11
91.973696
 21
90.120957
 31
0.0
  0
LINE
  5
8F0
330
1F
100
AcDbEntity
  8
000 - DURLOCK
100
AcDbLine
 10
91.873696
 20
88.970957
 30
0.0
 11
91.973696
 21
88.970957
 31
0.0
  0
LINE
  5
8F1
330
1F
100
AcDbEntity
  8
A-CARPINTERIAS
 62
     2
100
AcDbLine
 10
91.873696
 20
89.020957
 30
0.0
 11
91.973696
 21
89.020957
 31
0.0
  0
LINE
  5
8F2
330
1F
100
AcDbEntity
  8
A-CARPINTERIAS
 62
     2
100
AcDbLine
 10
91.973696
 20
88.970957
 30
0.0
 11
91.973696
 21
89.020957
 31
0.0
  0
LINE
  5
8F3
330
1F
100
AcDbEntity
  8
A-CARPINTERIAS
 62
     2
100
AcDbLine
 10
91.873696
 20
90.120957
 30
0.0
 11
91.873696
 21
90.170957
 31
0.0
  0
LINE
  5
8F4
330
1F
100
AcDbEntity
  8
A-CARPINTERIAS
 62
     2
100
AcDbLine
 10
91.973696
 20
90.120957
 30
0.0
 11
91.973696
 21
90.170957
 31
0.0
  0
LINE
  5
8F5
330
1F
100
AcDbEntity
  8
A-CARPINTERIAS
 62
     2
100
AcDbLine
 10
90.180571
 20
90.220957
 30
0.0
 11
90.180571
 21
90.320957
 31
0.0
  0
LINE
  5
8F6
330
1F
100
AcDbEntity
  8
000 - DURLOCK
100
AcDbLine
 10
90.230571
 20
90.220957
 30
0.0
 11
90.230571
 21
90.320957
 31
0.0
  0
LINE
  5
8F7
330
1F
100
AcDbEntity
  8
A-CARPINTERIAS
 62
     2
100
AcDbLine
 10
88.680571
 20
90.320957
 30
0.0
 11
88.680571
 21
90.220957
 31
0.0
  0
LINE
  5
8F8
330
1F
100
AcDbEntity
  8
000 - DURLOCK
100
AcDbLine
 10
88.630571
 20
90.320957
 30
0.0
 11
88.630571
 21
90.220957
 31
0.0
  0
LINE
  5
8F9
330
1F
100
AcDbEntity
  8
A-CARPINTERIAS
 62
     2
100
AcDbLine
 10
88.680571
 20
90.320957
 30
0.0
 11
88.630571
 21
90.320957
 31
0.0
  0
LINE
  5
8FA
330
1F
100
AcDbEntity
  8
A-CARPINTERIAS
 62
     2
100
AcDbLine
 10
88.630571
 20
90.220957
 30
0.0
 11
88.680571
 21
90.220957
 31
0.0
  0
LINE
  5
8FB
330
1F
100
AcDbEntity
  8
A-CARPINTERIAS
 62
     2
100
AcDbLine
 10
90.230571
 20
90.320957
 30
0.0
 11
90.180571
 21
90.320957
 31
0.0
  0
LINE
  5
8FC
330
1F
100
AcDbEntity
  8
000 - DURLOCK
100
AcDbLine
 10
83.724321
 20
90.220957
 30
0.0
 11
83.724321
 21
90.320957
 31
0.0
  0
LINE
  5
8FD
330
1F
100
AcDbEntity
  8
A-CARPINTERIAS
 62
     2
100
AcDbLine
 10
83.674321
 20
90.220957
 30
0.0
 11
83.674321
 21
90.320957
 31
0.0
  0
LINE
  5
8FE
330
1F
100
AcDbEntity
  8
A-CARPINTERIAS
 62
     2
100
AcDbLine
 10
82.174321
 20
90.320957
 30
0.0
 11
82.174321
 21
90.220957
 31
0.0
  0
LINE
  5
8FF
330
1F
100
AcDbEntity
  8
000 - DURLOCK
100
AcDbLine
 10
82.124321
 20
90.320957
 30
0.0
 11
82.124321
 21
90.220957
 31
0.0
  0
LINE
  5
900
330
1F
100
AcDbEntity
  8
A-CARPINTERIAS
 62
     2
100
AcDbLine
 10
83.724321
 20
90.320957
 30
0.0
 11
83.674321
 21
90.320957
 31
0.0
  0
LINE
  5
901
330
1F
100
AcDbEntity
  8
A-CARPINTERIAS
 62
     2
100
AcDbLine
 10
82.124321
 20
90.220957
 30
0.0
 11
82.174321
 21
90.220957
 31
0.0
  0
LINE
  5
902
330
1F
100
AcDbEntity
  8
A-CARPINTERIAS
 62
     2
100
AcDbLine
 10
82.174321
 20
90.320957
 30
0.0
 11
82.124321
 21
90.320957
 31
0.0
  0
LINE
  5
903
330
1F
100
AcDbEntity
  8
A-CARPINTERIAS
 62
     2
100
AcDbLine
 10
83.674321
 20
90.220957
 30
0.0
 11
83.724321
 21
90.220957
 31
0.0
  0
LINE
  5
904
330
1F
100
AcDbEntity
  8
A-CARPINTERIAS
 62
     2
100
AcDbLine
 10
90.180571
 20
90.257129
 30
0.0
 11
88.680571
 21
90.257129
 31
0.0
  0
LINE
  5
905
330
1F
100
AcDbEntity
  8
A-CARPINTERIAS
 62
     2
100
AcDbLine
 10
90.180571
 20
90.287129
 30
0.0
 11
88.680571
 21
90.287129
 31
0.0
  0
LINE
  5
906
330
1F
100
AcDbEntity
  8
A-CARPINTERIAS
 62
     2
100
AcDbLine
 10
91.908963
 20
90.120957
 30
0.0
 11
91.908963
 21
89.020957
 31
0.0
  0
LINE
  5
907
330
1F
100
AcDbEntity
  8
A-CARPINTERIAS
 62
     2
100
AcDbLine
 10
91.938963
 20
90.120957
 30
0.0
 11
91.938963
 21
89.020957
 31
0.0
  0
LINE
  5
908
330
1F
100
AcDbEntity
  8
A-CARPINTERIAS
 62
     2
100
AcDbLine
 10
100.193147
 20
88.857129
 30
0.0
 11
98.693147
 21
88.857129
 31
0.0
  0
LINE
  5
909
330
1F
100
AcDbEntity
  8
A-CARPINTERIAS
 62
     2
100
AcDbLine
 10
100.193147
 20
88.887129
 30
0.0
 11
98.693147
 21
88.887129
 31
0.0
  0
LINE
  5
90A
330
1F
100
AcDbEntity
  8
A-CARPINTERIAS
 62
     2
100
AcDbLine
 10
106.971196
 20
88.857129
 30
0.0
 11
105.471196
 21
88.857129
 31
0.0
  0
LINE
  5
90B
330
1F
100
AcDbEntity
  8
A-CARPINTERIAS
 62
     2
100
AcDbLine
 10
106.971196
 20
88.887129
 30
0.0
 11
105.471196
 21
88.887129
 31
0.0
  0
LWPOLYLINE
  5
90C
330
1F
100
AcDbEntity
  8
INST AA
100
AcDbPolyline
 90
        4
 70
     1
 43
0.0
 10
77.984978
 20
85.212452
 10
78.898394
 20
85.212452
 10
78.898394
 20
84.874584
 10
77.984978
 20
84.874584
  0
LINE
  5
90E
330
1F
100
AcDbEntity
  8
INST AA
100
AcDbLine
 10
78.898394
 20
84.904098
 30
0.0
 11
94.304456
 21
84.904098
 31
0.0
  0
LINE
  5
912
330
1F
100
AcDbEntity
  8
INST AA
100
AcDbLine
 10
104.346196
 20
93.658431
 30
0.0
 11
104.346196
 21
93.645957
 31
0.0
  0
LINE
  5
913
330
1F
100
AcDbEntity
  8
A-CARPINTERIAS
 62
     2
100
AcDbLine
 10
104.346196
 20
93.645957
 30
0.0
 11
105.311196
 21
93.645957
 31
0.0
  0
LINE
  5
914
330
1F
100
AcDbEntity
  8
A-CARPINTERIAS
 62
     2
100
AcDbLine
 10
105.361196
 20
93.645957
 30
0.0
 11
106.351196
 21
93.645957
 31
0.0
  0
LINE
  5
915
330
1F
100
AcDbEntity
  8
A-CARPINTERIAS
 62
     2
100
AcDbLine
 10
107.441196
 20
93.645957
 30
0.0
 11
108.421196
 21
93.645957
 31
0.0
  0
LINE
  5
916
330
1F
100
AcDbEntity
  8
A-CARPINTERIAS
 62
     2
100
AcDbLine
 10
106.401196
 20
93.645381
 30
0.0
 11
107.391196
 21
93.645381
 31
0.0
  0
LINE
  5
917
330
1F
100
AcDbEntity
  8
A-CARPINTERIAS
 62
     2
100
AcDbLine
 10
108.659409
 20
88.720957
 30
0.0
 11
108.659409
 21
87.070957
 31
0.0
  0
LINE
  5
918
330
1F
100
AcDbEntity
  8
A-CARPINTERIAS
 62
     2
100
AcDbLine
 10
108.629409
 20
88.720957
 30
0.0
 11
108.629409
 21
87.070957
 31
0.0
  0
INSERT
  5
919
330
1F
100
AcDbEntity
  8
0
  6
ACAD_ISO03W100
100
AcDbBlockReference
  2
000 - COLUMNA 20X25
 10
55.266826
 20
-14.275495
 30
0.0
  0
LINE
  5
91A
330
1F
100
AcDbEntity
  8
A-CARPINTERIAS
 62
     2
100
AcDbLine
 10
67.421196
 20
95.620957
 30
0.0
 11
67.471196
 21
95.620957
 31
0.0
  0
LINE
  5
91B
330
1F
100
AcDbEntity
  8
A-CARPINTERIAS
 62
     2
100
AcDbLine
 10
67.421196
 20
95.320957
 30
0.0
 11
67.471196
 21
95.320957
 31
0.0
  0
LINE
  5
91C
330
1F
100
AcDbEntity
  8
A-CARPINTERIAS
 62
     2
100
AcDbLine
 10
73.721196
 20
95.620957
 30
0.0
 11
73.771196
 21
95.620957
 31
0.0
  0
LINE
  5
91D
330
1F
100
AcDbEntity
  8
A-CARPINTERIAS
 62
     2
100
AcDbLine
 10
73.721196
 20
95.320957
 30
0.0
 11
73.771196
 21
95.320957
 31
0.0
  0
LINE
  5
91E
330
1F
100
AcDbEntity
  8
A-CARPINTERIAS
 62
     2
100
AcDbLine
 10
67.471196
 20
95.507183
 30
0.0
 11
73.721196
 21
95.507183
 31
0.0
  0
LINE
  5
91F
330
1F
100
AcDbEntity
  8
A-CARPINTERIAS
 62
     2
100
AcDbLine
 10
67.471196
 20
95.447183
 30
0.0
 11
73.721196
 21
95.447183
 31
0.0
  0
INSERT
  5
920
330
1F
100
AcDbEntity
  8
OCASA_TODAS_r08$0$EQUIPAMIENTO
100
AcDbBlockReference
  2
OCASA_TODAS_r08$0$HELADERA
 10
80.421996
 20
90.5928
 30
0.0
 41
-0.007292
 42
0.007292
 43
0.007292
  0
LINE
  5
936
330
1F
100
AcDbEntity
  8
IRI-OCASA-Layout R 9$0$OCA_Mobiliario
  6
ACAD_ISO03W100
 48
0.04
100
AcDbLine
 10
78.38056
 20
89.820957
 30
0.0
 11
78.38056
 21
90.220957
 31
0.0
  0
LINE
  5
937
330
1F
100
AcDbEntity
  8
IRI-OCASA-Layout R 9$0$OCA_Mobiliario
  6
ACAD_ISO03W100
 48
0.04
100
AcDbLine
 10
78.98056
 20
89.820957
 30
0.0
 11
78.98056
 21
90.220957
 31
0.0
  0
LINE
  5
939
330
1F
100
AcDbEntity
  8
IS TOMAS NUEVA
100
AcDbLine
 10
79.7773
 20
90.182942
 30
0.0
 11
79.897791
 21
90.182942
 31
0.0
  0
LINE
  5
93A
330
1F
100
AcDbEntity
  8
IS TOMAS NUEVA
100
AcDbLine
 10
80.088529
 20
90.182942
 30
0.0
 11
80.209021
 21
90.182942
 31
0.0
  0
ARC
  5
93B
330
1F
100
AcDbEntity
  8
IS TOMAS NUEVA
100
AcDbCircle
 10
79.99316
 20
90.141343
 30
0.0
 40
0.1040465328620785
100
AcDbArc
 50
156.433622
 51
23.566378
  0
LINE
  5
93C
330
1F
100
AcDbEntity
  8
IS TOMAS NUEVA
100
AcDbLine
 10
79.99316
 20
90.037297
 30
0.0
 11
79.99316
 21
89.932925
 31
0.0
  0
LINE
  5
93D
330
1F
100
AcDbEntity
  8
IS TOMAS NUEVA
100
AcDbLine
 10
79.99357
 20
90.208333
 30
0.0
 11
79.99357
 21
90.12617
 31
0.0
  0
LINE
  5
93E
330
1F
100
AcDbEntity
  8
IS TOMAS NUEVA
100
AcDbLine
 10
78.648957
 20
90.208333
 30
0.0
 11
78.648957
 21
90.085744
 31
0.0
  0
LINE
  5
940
330
1F
100
AcDbEntity
  8
IS TOMAS NUEVA
100
AcDbLine
 10
79.049353
 20
90.042567
 30
0.0
 11
79.169844
 21
90.042567
 31
0.0
  0
LINE
  5
941
330
1F
100
AcDbEntity
  8
IS TOMAS NUEVA
100
AcDbLine
 10
79.360582
 20
90.042567
 30
0.0
 11
79.481073
 21
90.042567
 31
0.0
  0
ARC
  5
942
330
1F
100
AcDbEntity
  8
IS TOMAS NUEVA
100
AcDbCircle
 10
79.265213
 20
90.000968
 30
0.0
 40
0.1040465328620785
100
AcDbArc
 50
156.433622
 51
23.566378
  0
LINE
  5
943
330
1F
100
AcDbEntity
  8
IS TOMAS NUEVA
100
AcDbLine
 10
79.265213
 20
89.896921
 30
0.0
 11
79.265213
 21
89.821419
 31
0.0
  0
LINE
  5
944
330
1F
100
AcDbEntity
  8
IRI-OCASA-Layout R 9$0$OCA_Mobiliario
100
AcDbLine
 10
79.549339
 20
90.220957
 30
0.0
 11
79.549339
 21
89.620957
 31
0.0
  0
LINE
  5
945
330
1F
100
AcDbEntity
  8
IRI-OCASA-Layout R 9$0$OCA_Mobiliario
100
AcDbLine
 10
78.349339
 20
90.220957
 30
0.0
 11
78.349339
 21
89.620957
 31
0.0
  0
LINE
  5
946
330
1F
100
AcDbEntity
  8
IS TOMAS NUEVA
100
AcDbLine
 10
76.315027
 20
87.841762
 30
0.0
 11
76.315027
 21
87.72127
 31
0.0
  0
LINE
  5
947
330
1F
100
AcDbEntity
  8
IS TOMAS NUEVA
100
AcDbLine
 10
76.315027
 20
87.530533
 30
0.0
 11
76.315027
 21
87.410041
 31
0.0
  0
ARC
  5
948
330
1F
100
AcDbEntity
  8
IS TOMAS NUEVA
100
AcDbCircle
 10
76.273428
 20
87.625901
 30
0.0
 40
0.1040465328620785
100
AcDbArc
 50
66.433622
 51
293.566378
  0
LINE
  5
949
330
1F
100
AcDbEntity
  8
IS TOMAS NUEVA
100
AcDbLine
 10
76.169382
 20
87.625901
 30
0.0
 11
76.09388
 21
87.625901
 31
0.0
  0
LINE
  5
94A
330
1F
100
AcDbEntity
  8
IS TOMAS NUEVA
100
AcDbLine
 10
76.338816
 20
87.62687
 30
0.0
 11
76.225811
 21
87.62687
 31
0.0
  0
LINE
  5
94C
330
1F
100
AcDbEntity
  8
IS TOMAS NUEVA
100
AcDbLine
 10
76.315027
 20
87.217555
 30
0.0
 11
76.315027
 21
87.097063
 31
0.0
  0
LINE
  5
94D
330
1F
100
AcDbEntity
  8
IS TOMAS NUEVA
100
AcDbLine
 10
76.315027
 20
86.906326
 30
0.0
 11
76.315027
 21
86.785834
 31
0.0
  0
ARC
  5
94E
330
1F
100
AcDbEntity
  8
IS TOMAS NUEVA
100
AcDbCircle
 10
76.273428
 20
87.001695
 30
0.0
 40
0.1040465328620785
100
AcDbArc
 50
66.433622
 51
293.566378
  0
LINE
  5
94F
330
1F
100
AcDbEntity
  8
IS TOMAS NUEVA
100
AcDbLine
 10
76.169382
 20
87.001695
 30
0.0
 11
76.09388
 21
87.001695
 31
0.0
  0
LINE
  5
950
330
1F
100
AcDbEntity
  8
IS TOMAS NUEVA
100
AcDbLine
 10
76.338816
 20
87.002664
 30
0.0
 11
76.225811
 21
87.002664
 31
0.0
  0
LINE
  5
951
330
1F
100
AcDbEntity
  8
IS TOMAS NUEVA
100
AcDbLine
 10
76.338816
 20
87.002664
 30
0.0
 11
76.338816
 21
87.62687
 31
0.0
  0
LINE
  5
952
330
1F
100
AcDbEntity
  8
IS TOMAS NUEVA
100
AcDbLine
 10
76.338816
 20
87.314767
 30
0.0
 11
76.602221
 21
87.314767
 31
0.0
  0
VIEWPORT
  5
20F
330
D6
100
AcDbEntity
 67
     1
  8
0
 48
100.0
100
AcDbViewport
 10
0.0
 20
0.0
 30
0.0
 40
466.965848
 41
238.196088
 68
     1
 69
     1
 12
128.5
 22
97.5
 13
0.0
 23
0.0
 14
10.0
 24
10.0
 15
10.0
 25
10.0
 16
0.0
 26
0.0
 36
1.0
 17
0.0
 27
0.0
 37
0.0
 42
50.0
 43
0.0
 44
0.0
 45
238.196088
 50
0.0
 51
0.0
 72
   100
 90
   557168
  1

281
     0
 71
     1
 74
     0
110
0.0
120
0.0
130
0.0
111
1.0
121
0.0
131
0.0
112
0.0
122
1.0
132
0.0
 79
     0
146
0.0
170
     0
 61
     5
348
F5
292
     1
282
     1
141
0.0
142
0.0
 63
   256
  0
ENDSEC
  0
SECTION
  2
OBJECTS
  0
DICTIONARY
  5
C
330
0
100
AcDbDictionary
281
     1
  3
ACAD_COLOR
350
6B
  3
ACAD_DETAILVIEWSTYLE
350
95A
  3
ACAD_GROUP
350
D
  3
ACAD_IMAGE_DICT
350
351
  3
ACAD_LAYOUT
350
1A
  3
ACAD_MATERIAL
350
6A
  3
ACAD_MLEADERSTYLE
350
12D
  3
ACAD_MLINESTYLE
350
17
  3
ACAD_PLOTSETTINGS
350
19
  3
ACAD_PLOTSTYLENAME
350
E
  3
ACAD_SCALELIST
350
10C
  3
ACAD_SECTIONVIEWSTYLE
350
95B
  3
ACAD_TABLESTYLE
350
7E
  3
ACAD_VISUALSTYLE
350
EF
  3
ACDB_RECOMPOSE_DATA
350
959
  3
AcDbVariableDictionary
350
5E
  3
MCS_STREAM_DICT
350
34E
  0
SUN
  5
364
330
EA
100
AcDbSun
 90
        1
290
     0
 63
     7
421
 16777215
 40
1.0
291
     1
 91
  2455826
 92
 54000000
292
     0
 70
     2
 71
   256
280
     1
  0
DICTIONARY
  5
954
330
2
100
AcDbDictionary
280
     1
281
     1
  3
ACAD_LAYERSTATES
360
955
  0
DICTIONARY
  5
234
330
1F
100
AcDbDictionary
280
     1
281
     1
  3
ACAD_SORTENTS
360
235
  0
DICTIONARY
  5
3CF
330
3CE
100
AcDbDictionary
280
     1
281
     1
  3
ACAD_SORTENTS
360
3D0
  0
DICTIONARY
  5
4DB
330
4DA
100
AcDbDictionary
280
     1
281
     1
  3
ACAD_SORTENTS
360
4DC
  0
DICTIONARY
  5
56C
330
56B
100
AcDbDictionary
280
     1
281
     1
  3
ACAD_SORTENTS
360
56D
  0
DICTIONARY
  5
5BD
330
5BC
100
AcDbDictionary
280
     1
281
     1
  3
ACAD_SORTENTS
360
5BE
  0
DICTIONARY
  5
61C
330
61B
100
AcDbDictionary
280
     1
281
     1
  3
ACAD_SORTENTS
360
61D
  0
DICTIONARY
  5
76B
330
76A
100
AcDbDictionary
280
     1
281
     1
  3
ACAD_SORTENTS
360
76C
  0
DICTIONARY
  5
80A
330
809
100
AcDbDictionary
280
     1
281
     1
  3
ACAD_SORTENTS
360
80B
  0
DICTIONARY
  5
7CA
330
7C9
100
AcDbDictionary
280
     1
281
     1
  3
ACAD_ENHANCEDBLOCK
360
7CB
  3
ACAD_SORTENTS
360
7EA
  3
AcDbDynamicBlockRoundTripPurgePreventer
360
7EB
  0
DICTIONARY
  5
82E
330
82D
100
AcDbDictionary
280
     1
281
     1
  3
ACAD_SORTENTS
360
82F
  0
DICTIONARY
  5
867
330
866
100
AcDbDictionary
280
     1
281
     1
  3
ACAD_SORTENTS
360
868
  0
DICTIONARY
  5
88B
330
88A
100
AcDbDictionary
280
     1
281
     1
  3
ACAD_SORTENTS
360
88C
  0
DICTIONARY
  5
922
330
921
100
AcDbDictionary
280
     1
281
     1
  3
ACAD_SORTENTS
360
923
  0
DICTIONARY
  5
876
330
875
100
AcDbDictionary
280
     1
281
     1
  3
AcDbBlockRepresentation
360
877
  0
DICTIONARY
  5
6B
102
{ACAD_REACTORS
330
C
102
}
330
C
100
AcDbDictionary
281
     1
  0
DICTIONARY
  5
95A
102
{ACAD_REACTORS
330
C
102
}
330
C
100
AcDbDictionary
281
     1
  0
DICTIONARY
  5
D
102
{ACAD_REACTORS
330
C
102
}
330
C
100
AcDbDictionary
281
     1
  0
DICTIONARY
  5
351
102
{ACAD_REACTORS
330
C
102
}
330
C
100
AcDbDictionary
281
     1
  0
DICTIONARY
  5
1A
102
{ACAD_REACTORS
330
C
102
}
330
C
100
AcDbDictionary
281
     1
  3
A0
350
225
  3
A1
350
220
  3
A2
350
21B
  3
A3
350
216
  3
A4
350
211
  3
Layout1
350
D3
  3
Layout2
350
D7
  3
Model
350
22
  0
DICTIONARY
  5
6A
102
{ACAD_REACTORS
330
C
102
}
330
C
100
AcDbDictionary
281
     1
  3
ByBlock
350
ED
  3
ByLayer
350
EC
  3
Global
350
EE
  0
DICTIONARY
  5
12D
102
{ACAD_REACTORS
330
C
102
}
330
C
100
AcDbDictionary
281
     1
  3
Standard
350
12E
  3
Аннотативный
350
13B
  0
DICTIONARY
  5
17
102
{ACAD_REACTORS
330
C
102
}
330
C
100
AcDbDictionary
281
     1
  3
Standard
350
18
  0
DICTIONARY
  5
19
102
{ACAD_REACTORS
330
C
102
}
330
C
100
AcDbDictionary
281
     1
  0
ACDBDICTIONARYWDFLT
  5
E
102
{ACAD_REACTORS
330
C
102
}
330
C
100
AcDbDictionary
281
     1
  3
Normal
350
F
100
AcDbDictionaryWithDefault
340
F
  0
DICTIONARY
  5
10C
102
{ACAD_REACTORS
330
C
102
}
330
C
100
AcDbDictionary
281
     1
  3
A0
350
10D
  3
A1
350
1BE
  3
A2
350
1BF
  3
A3
350
1C0
  3
A4
350
1C1
  3
A5
350
1C2
  3
A6
350
1C3
  3
A7
350
1C4
  3
A8
350
1C5
  3
A9
350
1C6
  3
B0
350
1C7
  3
B1
350
1C8
  3
B2
350
1C9
  3
B3
350
1CA
  3
B4
350
1CB
  3
B5
350
1CC
  3
B6
350
1CD
  0
DICTIONARY
  5
95B
102
{ACAD_REACTORS
330
C
102
}
330
C
100
AcDbDictionary
281
     1
  0
DICTIONARY
  5
7E
102
{ACAD_REACTORS
330
C
102
}
330
C
100
AcDbDictionary
281
     1
  3
Standard
350
7F
  0
DICTIONARY
  5
EF
102
{ACAD_REACTORS
330
C
102
}
330
C
100
AcDbDictionary
281
     1
  3
2dWireframe
350
F5
  3
3D Hidden
350
F7
  3
3dWireframe
350
F6
  3
Basic
350
F4
  3
Brighten
350
FB
  3
ColorChange
350
FF
  3
Conceptual
350
F8
  3
Dim
350
FA
  3
EdgeColorOff
350
35E
  3
Facepattern
350
FE
  3
Flat
350
F0
  3
FlatWithEdges
350
F1
  3
Gouraud
350
F2
  3
GouraudWithEdges
350
F3
  3
Hidden
350
35B
  3
JitterOff
350
35C
  3
Linepattern
350
FD
  3
OverhangOff
350
35D
  3
Realistic
350
F9
  3
Shaded
350
363
  3
Shaded with edges
350
362
  3
Shades of Gray
350
35F
  3
Sketchy
350
360
  3
Thicken
350
FC
  3
Wireframe
350
35A
  3
X-Ray
350
361
  0
XRECORD
  5
959
102
{ACAD_REACTORS
330
C
102
}
330
C
100
AcDbXrecord
280
     1
 90
        1
330
7F
  0
DICTIONARY
  5
5E
102
{ACAD_REACTORS
330
C
102
}
330
C
100
AcDbDictionary
281
     1
  3
CANNOSCALE
350
146
  3
CMLEADERSTYLE
350
145
  3
CTABLESTYLE
350
84
  3
DIMASSOC
350
5F
  3
HIDETEXT
350
63
  3
LAYEREVAL
350
1AE
  3
LAYERNOTIFY
350
1AF
  3
XCLIPFRAME
350
356
  0
DICTIONARY
  5
34E
102
{ACAD_REACTORS
330
C
102
}
330
C
100
AcDbDictionary
281
     1
  3
MC_VERSION_DATA
350
956
  3
MCS_DOCUMENT_ID
350
357
  3
MCS_PARAMS_DATA
350
365
  0
DICTIONARY
  5
955
102
{ACAD_REACTORS
330
954
102
}
330
954
100
AcDbDictionary
281
     1
  0
SORTENTSTABLE
  5
235
102
{ACAD_REACTORS
330
234
102
}
330
234
100
AcDbSortentsTable
330
1F
331
0
  5
237
  0
SORTENTSTABLE
  5
3D0
102
{ACAD_REACTORS
330
3CF
102
}
330
3CF
100
AcDbSortentsTable
330
3CE
  0
SORTENTSTABLE
  5
4DC
102
{ACAD_REACTORS
330
4DB
102
}
330
4DB
100
AcDbSortentsTable
330
4DA
  0
SORTENTSTABLE
  5
56D
102
{ACAD_REACTORS
330
56C
102
}
330
56C
100
AcDbSortentsTable
330
56B
  0
SORTENTSTABLE
  5
5BE
102
{ACAD_REACTORS
330
5BD
102
}
330
5BD
100
AcDbSortentsTable
330
5BC
  0
SORTENTSTABLE
  5
61D
102
{ACAD_REACTORS
330
61C
102
}
330
61C
100
AcDbSortentsTable
330
61B
  0
SORTENTSTABLE
  5
76C
102
{ACAD_REACTORS
330
76B
102
}
330
76B
100
AcDbSortentsTable
330
76A
  0
SORTENTSTABLE
  5
80B
102
{ACAD_REACTORS
330
80A
102
}
330
80A
100
AcDbSortentsTable
330
809
  0
ACAD_EVALUATION_GRAPH
  5
7CB
102
{ACAD_REACTORS
330
7CA
102
}
330
7CA
100
AcDbEvalGraph
 96
       70
 97
       70
 91
        0
 93
       32
 95
        1
360
7CC
 92
       25
 92
       25
 92
        0
 92
       24
 91
        1
 93
       32
 95
        8
360
7CD
 92
        0
 92
        0
 92
       -1
 92
       -1
 91
        2
 93
       32
 95
        9
360
7CE
 92
        3
 92
        6
 92
        1
 92
       23
 91
        3
 93
       32
 95
       10
360
7CF
 92
       -1
 92
       -1
 92
        3
 92
        3
 91
        4
 93
       32
 95
       11
360
7D0
 92
        1
 92
        1
 92
       -1
 92
       -1
 91
        5
 93
       32
 95
       12
360
7D1
 92
        2
 92
        2
 92
       -1
 92
       -1
 91
        6
 93
       32
 95
       13
360
7D2
 92
       -1
 92
       -1
 92
        6
 92
        6
 91
        7
 93
       32
 95
       14
360
7D3
 92
        4
 92
        4
 92
       -1
 92
       -1
 91
        8
 93
       32
 95
       15
360
7D4
 92
        5
 92
        5
 92
       -1
 92
       -1
 91
        9
 93
       32
 95
       16
360
7D5
 92
        7
 92
        7
 92
       -1
 92
       -1
 91
       10
 93
       32
 95
       17
360
7D6
 92
        8
 92
       28
 92
        9
 92
       29
 91
       11
 93
       32
 95
       18
360
7D7
 92
       -1
 92
       -1
 92
        8
 92
        8
 91
       12
 93
       32
 95
       19
360
7D8
 92
        9
 92
        9
 92
       -1
 92
       -1
 91
       13
 93
       32
 95
       20
360
7D9
 92
       10
 92
       10
 92
       -1
 92
       -1
 91
       14
 93
       32
 95
       21
360
7DA
 92
       24
 92
       29
 92
       25
 92
       28
 91
       15
 93
       32
 95
       23
360
7DB
 92
       20
 92
       22
 92
       -1
 92
       -1
 91
       16
 93
       32
 95
       47
360
7DC
 92
       11
 92
       11
 92
       12
 92
       13
 91
       17
 93
       32
 95
       48
360
7DD
 92
       -1
 92
       -1
 92
       11
 92
       11
 91
       18
 93
       32
 95
       49
360
7DE
 92
       12
 92
       12
 92
       -1
 92
       -1
 91
       19
 93
       32
 95
       50
360
7DF
 92
       13
 92
       13
 92
       -1
 92
       -1
 91
       20
 93
       32
 95
       58
360
7E0
 92
       17
 92
       17
 92
       14
 92
       18
 91
       21
 93
       32
 95
       59
360
7E1
 92
       -1
 92
       -1
 92
       17
 92
       17
 91
       22
 93
       32
 95
       60
360
7E2
 92
       16
 92
       16
 92
       -1
 92
       -1
 91
       23
 93
       32
 95
       61
360
7E3
 92
       14
 92
       14
 92
       -1
 92
       -1
 91
       24
 93
       32
 95
       62
360
7E4
 92
       15
 92
       15
 92
       -1
 92
       -1
 91
       25
 93
       32
 95
       63
360
7E5
 92
       18
 92
       18
 92
       20
 92
       20
 91
       26
 93
       32
 95
       64
360
7E6
 92
       27
 92
       27
 92
       26
 92
       26
 91
       27
 93
       32
 95
       68
360
7E7
 92
       19
 92
       19
 92
       -1
 92
       -1
 91
       28
 93
       32
 95
       69
360
7E8
 92
       21
 92
       21
 92
       22
 92
       22
 91
       29
 93
       32
 95
       70
360
7E9
 92
       23
 92
       23
 92
       -1
 92
       -1
 92
        0
 93
        0
 94
        2
 91
        0
 91
        1
 92
       -1
 92
       -1
 92
       -1
 92
       24
 92
       -1
 92
        1
 93
        0
 94
        1
 91
        2
 91
        4
 92
       -1
 92
       -1
 92
       -1
 92
        2
 92
       -1
 92
        2
 93
        0
 94
        1
 91
        2
 91
        5
 92
       -1
 92
       -1
 92
        1
 92
        4
 92
       -1
 92
        3
 93
        0
 94
        2
 91
        3
 91
        2
 92
       -1
 92
        6
 92
       -1
 92
       -1
 92
       -1
 92
        4
 93
        0
 94
        1
 91
        2
 91
        7
 92
       -1
 92
       -1
 92
        2
 92
        5
 92
       -1
 92
        5
 93
        0
 94
        1
 91
        2
 91
        8
 92
       -1
 92
       -1
 92
        4
 92
        7
 92
       -1
 92
        6
 93
        0
 94
        2
 91
        6
 91
        2
 92
        3
 92
       -1
 92
       -1
 92
       -1
 92
       -1
 92
        7
 93
        0
 94
        2
 91
        2
 91
        9
 92
       -1
 92
       -1
 92
        5
 92
       19
 92
       -1
 92
        8
 93
        0
 94
        1
 91
       11
 91
       10
 92
       -1
 92
       28
 92
       -1
 92
       -1
 92
       -1
 92
        9
 93
        0
 94
        1
 91
       10
 91
       12
 92
       -1
 92
       -1
 92
       -1
 92
       10
 92
       -1
 92
       10
 93
        0
 94
        1
 91
       10
 91
       13
 92
       -1
 92
       -1
 92
        9
 92
       29
 92
       -1
 92
       11
 93
        0
 94
        1
 91
       17
 91
       16
 92
       -1
 92
       -1
 92
       -1
 92
       -1
 92
       -1
 92
       12
 93
        0
 94
        1
 91
       16
 91
       18
 92
       -1
 92
       -1
 92
       -1
 92
       13
 92
       -1
 92
       13
 93
        0
 94
        1
 91
       16
 91
       19
 92
       -1
 92
       -1
 92
       12
 92
       -1
 92
       -1
 92
       14
 93
        0
 94
        1
 91
       20
 91
       23
 92
       -1
 92
       -1
 92
       -1
 92
       15
 92
       -1
 92
       15
 93
        0
 94
        1
 91
       20
 91
       24
 92
       -1
 92
       -1
 92
       14
 92
       16
 92
       -1
 92
       16
 93
        0
 94
        1
 91
       20
 91
       22
 92
       -1
 92
       -1
 92
       15
 92
       18
 92
       -1
 92
       17
 93
        0
 94
        1
 91
       21
 91
       20
 92
       -1
 92
       -1
 92
       -1
 92
       -1
 92
       -1
 92
       18
 93
        0
 94
        4
 91
       20
 91
       25
 92
       -1
 92
       -1
 92
       16
 92
       -1
 92
       -1
 92
       19
 93
        0
 94
        2
 91
        2
 91
       27
 92
       -1
 92
       -1
 92
        7
 92
       21
 92
       -1
 92
       20
 93
        0
 94
        1
 91
       25
 91
       15
 92
       -1
 92
       22
 92
       -1
 92
       -1
 92
       -1
 92
       21
 93
        0
 94
        2
 91
        2
 91
       28
 92
       -1
 92
       -1
 92
       19
 92
       23
 92
       -1
 92
       22
 93
        0
 94
        1
 91
       28
 91
       15
 92
       20
 92
       -1
 92
       -1
 92
       -1
 92
       -1
 92
       23
 93
        0
 94
        2
 91
        2
 91
       29
 92
       -1
 92
       -1
 92
       21
 92
       -1
 92
       -1
 92
       24
 93
        4
 94
        1
 91
        0
 91
       14
 92
       -1
 92
       26
 92
        0
 92
       -1
 92
       25
 92
       25
 93
        4
 94
        1
 91
       14
 91
        0
 92
       -1
 92
       -1
 92
       -1
 92
       27
 92
       24
 92
       26
 93
        4
 94
        1
 91
       26
 91
       14
 92
       24
 92
       29
 92
       -1
 92
       -1
 92
       27
 92
       27
 93
        4
 94
        1
 91
       14
 91
       26
 92
       -1
 92
       -1
 92
       25
 92
       28
 92
       26
 92
       28
 93
        4
 94
        1
 91
       14
 91
       10
 92
        8
 92
       -1
 92
       27
 92
       -1
 92
       29
 92
       29
 93
        4
 94
        1
 91
       10
 91
       14
 92
       26
 92
       -1
 92
       10
 92
       -1
 92
       28
  0
SORTENTSTABLE
  5
7EA
102
{ACAD_REACTORS
330
7CA
102
}
330
7CA
100
AcDbSortentsTable
330
7C9
  0
ACDB_DYNAMICBLOCKPURGEPREVENTER_VERSION
  5
7EB
102
{ACAD_REACTORS
330
7CA
102
}
330
7CA
100
AcDbDynamicBlockPurgePreventer
 70
     1
  0
SORTENTSTABLE
  5
82F
102
{ACAD_REACTORS
330
82E
102
}
330
82E
100
AcDbSortentsTable
330
82D
  0
SORTENTSTABLE
  5
868
102
{ACAD_REACTORS
330
867
102
}
330
867
100
AcDbSortentsTable
330
866
  0
SORTENTSTABLE
  5
88C
102
{ACAD_REACTORS
330
88B
102
}
330
88B
100
AcDbSortentsTable
330
88A
  0
SORTENTSTABLE
  5
923
102
{ACAD_REACTORS
330
922
102
}
330
922
100
AcDbSortentsTable
330
921
  0
DICTIONARY
  5
877
102
{ACAD_REACTORS
330
876
102
}
330
876
100
AcDbDictionary
280
     1
281
     1
  3
AcDbRepData
360
878
  3
AppDataCache
360
879
  0
LAYOUT
  5
225
102
{ACAD_REACTORS
330
1A
102
}
330
1A
100
AcDbPlotSettings
  1

  2
none_device
  4
ISO_A0_(1189.00_x_841.00_MM)
  6

 40
7.5
 41
20.0
 42
7.5
 43
20.0
 44
1189.0
 45
841.0
 46
0.0
 47
0.0
 48
0.0
 49
0.0
140
0.0
141
0.0
142
1.0
143
1.0
 70
   688
 72
     1
 73
     0
 74
     5
  7

 75
    16
 76
     0
 77
     2
 78
   300
147
1.0
148
0.0
149
0.0
100
AcDbLayout
  1
A0
 70
     0
 71
     7
 10
0.0
 20
0.0
 11
0.0
 21
0.0
 12
0.0
 22
0.0
 32
0.0
 14
0.0
 24
0.0
 34
0.0
 15
0.0
 25
0.0
 35
0.0
146
0.0
 13
0.0
 23
0.0
 33
0.0
 16
1.0
 26
0.0
 36
0.0
 17
0.0
 27
1.0
 37
0.0
 76
     0
330
224
331
228
  0
LAYOUT
  5
220
102
{ACAD_REACTORS
330
1A
102
}
330
1A
100
AcDbPlotSettings
  1

  2
none_device
  4
ISO_A1_(841.00_x_594.00_MM)
  6

 40
7.5
 41
20.0
 42
7.5
 43
20.0
 44
841.0
 45
594.0
 46
0.0
 47
0.0
 48
0.0
 49
0.0
140
0.0
141
0.0
142
1.0
143
1.0
 70
   688
 72
     1
 73
     0
 74
     5
  7

 75
    16
 76
     0
 77
     2
 78
   300
147
1.0
148
0.0
149
0.0
100
AcDbLayout
  1
A1
 70
     1
 71
     6
 10
-20.0
 20
-7.5
 11
277.0
 21
202.5
 12
0.0
 22
0.0
 32
0.0
 14
0.0
 24
0.0
 34
0.0
 15
0.0
 25
0.0
 35
0.0
146
0.0
 13
0.0
 23
0.0
 33
0.0
 16
1.0
 26
0.0
 36
0.0
 17
0.0
 27
1.0
 37
0.0
 76
     0
330
21F
331
223
  0
LAYOUT
  5
21B
102
{ACAD_REACTORS
330
1A
102
}
330
1A
100
AcDbPlotSettings
  1

  2
none_device
  4
ISO_A2_(594.00_x_420.00_MM)
  6

 40
7.5
 41
20.0
 42
7.5
 43
20.0
 44
594.0
 45
420.0
 46
0.0
 47
0.0
 48
0.0
 49
0.0
140
0.0
141
0.0
142
1.0
143
1.0
 70
   688
 72
     1
 73
     0
 74
     5
  7

 75
    16
 76
     0
 77
     2
 78
   300
147
1.0
148
0.0
149
0.0
100
AcDbLayout
  1
A2
 70
     1
 71
     5
 10
0.0
 20
0.0
 11
0.0
 21
0.0
 12
0.0
 22
0.0
 32
0.0
 14
0.0
 24
0.0
 34
0.0
 15
0.0
 25
0.0
 35
0.0
146
0.0
 13
0.0
 23
0.0
 33
0.0
 16
1.0
 26
0.0
 36
0.0
 17
0.0
 27
1.0
 37
0.0
 76
     0
330
21A
331
21E
  0
LAYOUT
  5
216
102
{ACAD_REACTORS
330
1A
102
}
330
1A
100
AcDbPlotSettings
  1

  2
none_device
  4
ISO_A3_(420.00_x_297.00_MM)
  6

 40
7.5
 41
20.0
 42
7.5
 43
20.0
 44
420.0
 45
297.0
 46
0.0
 47
0.0
 48
0.0
 49
0.0
140
0.0
141
0.0
142
1.0
143
1.0
 70
   688
 72
     1
 73
     0
 74
     5
  7

 75
    16
 76
     0
 77
     2
 78
   300
147
1.0
148
0.0
149
0.0
100
AcDbLayout
  1
A3
 70
     1
 71
     4
 10
0.0
 20
0.0
 11
0.0
 21
0.0
 12
0.0
 22
0.0
 32
0.0
 14
0.0
 24
0.0
 34
0.0
 15
0.0
 25
0.0
 35
0.0
146
0.0
 13
0.0
 23
0.0
 33
0.0
 16
1.0
 26
0.0
 36
0.0
 17
0.0
 27
1.0
 37
0.0
 76
     0
330
215
331
219
  0
LAYOUT
  5
211
102
{ACAD_REACTORS
330
1A
102
}
330
1A
100
AcDbPlotSettings
  1

  2
none_device
  4
ISO_A4_(210.00_x_297.00_MM)
  6

 40
7.5
 41
20.0
 42
7.5
 43
20.0
 44
210.0
 45
297.0
 46
0.0
 47
0.0
 48
0.0
 49
0.0
140
0.0
141
0.0
142
1.0
143
1.0
 70
   688
 72
     1
 73
     0
 74
     5
  7

 75
    16
 76
     0
 77
     2
 78
   300
147
1.0
148
0.0
149
0.0
100
AcDbLayout
  1
A4
 70
     1
 71
     3
 10
0.0
 20
0.0
 11
0.0
 21
0.0
 12
0.0
 22
0.0
 32
0.0
 14
0.0
 24
0.0
 34
0.0
 15
0.0
 25
0.0
 35
0.0
146
0.0
 13
0.0
 23
0.0
 33
0.0
 16
1.0
 26
0.0
 36
0.0
 17
0.0
 27
1.0
 37
0.0
 76
     0
330
210
331
214
  0
LAYOUT
  5
D3
102
{ACAD_REACTORS
330
1A
102
}
330
1A
100
AcDbPlotSettings
  1

  2
none_device
  4
ISO_A4_(210.00_x_297.00_MM)
  6

 40
7.5
 41
20.0
 42
7.5
 43
20.0
 44
210.0
 45
297.0
 46
0.0
 47
0.0
 48
0.0
 49
0.0
140
0.0
141
0.0
142
1.0
143
1.0
 70
   688
 72
     1
 73
     1
 74
     5
  7

 75
    16
 76
     0
 77
     2
 78
   300
147
1.0
148
0.0
149
0.0
100
AcDbLayout
  1
Layout1
 70
     0
 71
     1
 10
0.0
 20
0.0
 11
12.0
 21
9.0
 12
0.0
 22
0.0
 32
0.0
 14
0.0
 24
0.0
 34
0.0
 15
0.0
 25
0.0
 35
0.0
146
0.0
 13
0.0
 23
0.0
 33
0.0
 16
1.0
 26
0.0
 36
0.0
 17
0.0
 27
1.0
 37
0.0
 76
     0
330
D2
331
229
  0
LAYOUT
  5
D7
102
{ACAD_REACTORS
330
1A
102
}
330
1A
100
AcDbPlotSettings
  1

  2
none_device
  4
ISO_A4_(210.00_x_297.00_MM)
  6

 40
7.5
 41
20.0
 42
7.5
 43
20.0
 44
210.0
 45
297.0
 46
0.0
 47
0.0
 48
0.0
 49
0.0
140
0.0
141
0.0
142
1.0
143
1.0
 70
   688
 72
     1
 73
     1
 74
     5
  7

 75
    16
 76
     0
 77
     2
 78
   300
147
1.0
148
0.0
149
0.0
100
AcDbLayout
  1
Layout2
 70
     0
 71
     2
 10
-20.0
 20
-7.5
 11
277.0
 21
202.5
 12
0.0
 22
0.0
 32
0.0
 14
0.0
 24
0.0
 34
0.0
 15
0.0
 25
0.0
 35
0.0
146
0.0
 13
0.0
 23
0.0
 33
0.0
 16
1.0
 26
0.0
 36
0.0
 17
0.0
 27
1.0
 37
0.0
 76
     0
330
D6
331
20F
  0
LAYOUT
  5
22
102
{ACAD_REACTORS
330
1A
102
}
102
{ACAD_XDICTIONARY
360
358
102
}
330
1A
100
AcDbPlotSettings
  1

  2
none_device
  4
ISO_A4_(210.00_x_297.00_MM)
  6

 40
7.5
 41
20.0
 42
7.5
 43
20.0
 44
210.0
 45
297.0
 46
0.0
 47
0.0
 48
0.0
 49
0.0
140
0.0
141
0.0
142
1.0
143
3.249677
 70
 11952
 72
     1
 73
     0
 74
     0
  7

 75
     0
 76
     0
 77
     2
 78
   300
147
0.307723
148
0.0
149
0.0
100
AcDbLayout
  1
Model
 70
     1
 71
     0
 10
0.0
 20
0.0
 11
420.0
 21
297.0
 12
0.0
 22
0.0
 32
0.0
 14
53.671155
 24
84.520915
 34
0.0
 15
110.671196
 25
103.220957
 35
0.0
146
0.0
 13
0.0
 23
0.0
 33
0.0
 16
1.0
 26
0.0
 36
0.0
 17
0.0
 27
1.0
 37
0.0
 76
     0
330
1F
331
EA
1001
ACAD_PSEXT
1000
None
1000
None
1000
Not applicable
1000
The layout will not be plotted unless a new plotter configuration name is selected.
1070
     0
  0
MATERIAL
  5
ED
102
{ACAD_REACTORS
330
6A
102
}
330
6A
100
AcDbMaterial
  1
ByBlock
 72
     1
 73
     2
 78
     2
172
     2
176
     2
270
     2
274
     2
 94
       63
  0
MATERIAL
  5
EC
102
{ACAD_REACTORS
330
6A
102
}
330
6A
100
AcDbMaterial
  1
ByLayer
 72
     1
 73
     2
 78
     2
172
     2
176
     2
270
     2
274
     2
 94
       63
  0
MATERIAL
  5
EE
102
{ACAD_REACTORS
330
6A
102
}
330
6A
100
AcDbMaterial
  1
Global
 72
     1
 73
     2
 43
0.0008
 43
0.0
 43
0.0
 43
0.0
 43
0.0
 43
0.0008
 43
0.0
 43
0.0
 43
0.0
 43
0.0
 43
1.0
 43
0.0
 43
0.0
 43
0.0
 43
0.0
 43
1.0
 78
     2
172
     2
 49
0.0008
 49
0.0
 49
0.0
 49
0.0
 49
0.0
 49
0.0008
 49
0.0
 49
0.0
 49
0.0
 49
0.0
 49
1.0
 49
0.0
 49
0.0
 49
0.0
 49
0.0
 49
1.0
176
     2
142
0.0008
142
0.0
142
0.0
142
0.0
142
0.0
142
0.0008
142
0.0
142
0.0
142
0.0
142
0.0
142
1.0
142
0.0
142
0.0
142
0.0
142
0.0
142
1.0
270
     2
144
0.0008
144
0.0
144
0.0
144
0.0
144
0.0
144
0.0008
144
0.0
144
0.0
144
0.0
144
0.0
144
1.0
144
0.0
144
0.0
144
0.0
144
0.0
144
1.0
274
     2
 94
       63
1001
ACAD
1070
    -1
1070
     3
1070
     0
1000

1071
        0
1070
     0
  0
MLEADERSTYLE
  5
12E
102
{ACAD_REACTORS
330
12D
102
}
330
12D
100
AcDbMLeaderStyle
179
     2
170
     2
171
     1
172
     0
 90
        2
 40
0.0
 41
0.0
173
     1
 91
-1056964608
340
14
 92
       -2
290
     1
 42
2.0
291
     1
 43
8.0
  3
Standard
341
0
 44
4.0
300

342
11
174
     1
178
     1
175
     1
176
     0
 93
-1056964608
 45
4.0
292
     0
297
     0
 46
4.0
343
0
 94
-1056964608
 47
1.0
 49
1.0
140
1.0
293
     1
141
0.0
294
     1
177
     0
142
1.0
295
     0
296
     0
143
3.75
271
     0
272
     9
273
     9
298
     0
1001
ACAD_MLEADERVER
1070
     2
  0
MLEADERSTYLE
  5
13B
102
{ACAD_REACTORS
330
12D
102
}
330
12D
100
AcDbMLeaderStyle
179
     2
170
     2
171
     1
172
     0
 90
        2
 40
0.0
 41
0.0
173
     1
 91
-1056964608
340
14
 92
       -2
290
     1
 42
2.0
291
     1
 43
8.0
  3
Standard
341
0
 44
4.0
300

342
11
174
     1
178
     1
175
     1
176
     0
 93
-1056964608
 45
4.0
292
     0
297
     0
 46
4.0
343
0
 94
-1056964608
 47
1.0
 49
1.0
140
1.0
293
     1
141
0.0
294
     1
177
     0
142
1.0
295
     1
296
     0
143
3.75
271
     0
272
     9
273
     9
298
     0
1001
ACAD_MLEADERVER
1070
     2
  0
MLINESTYLE
  5
18
102
{ACAD_REACTORS
330
17
102
}
330
17
100
AcDbMlineStyle
  2
STANDARD
 70
     0
  3

 62
   256
 51
90.0
 52
90.0
 71
     2
 49
0.5
 62
   256
  6
BYLAYER
 49
-0.5
 62
   256
  6
BYLAYER
  0
ACDBPLACEHOLDER
  5
F
102
{ACAD_REACTORS
330
E
102
}
330
E
  0
SCALE
  5
10D
102
{ACAD_REACTORS
330
10C
102
}
330
10C
100
AcDbScale
 70
     0
300
1:1
140
1.0
141
1.0
290
     1
  0
SCALE
  5
1BE
102
{ACAD_REACTORS
330
10C
102
}
330
10C
100
AcDbScale
 70
     0
300
1:2
140
1.0
141
2.0
290
     0
  0
SCALE
  5
1BF
102
{ACAD_REACTORS
330
10C
102
}
330
10C
100
AcDbScale
 70
     0
300
1:4
140
1.0
141
4.0
290
     0
  0
SCALE
  5
1C0
102
{ACAD_REACTORS
330
10C
102
}
330
10C
100
AcDbScale
 70
     0
300
1:5
140
1.0
141
5.0
290
     0
  0
SCALE
  5
1C1
102
{ACAD_REACTORS
330
10C
102
}
330
10C
100
AcDbScale
 70
     0
300
1:8
140
1.0
141
8.0
290
     0
  0
SCALE
  5
1C2
102
{ACAD_REACTORS
330
10C
102
}
330
10C
100
AcDbScale
 70
     0
300
1:10
140
1.0
141
10.0
290
     0
  0
SCALE
  5
1C3
102
{ACAD_REACTORS
330
10C
102
}
330
10C
100
AcDbScale
 70
     0
300
1:16
140
1.0
141
16.0
290
     0
  0
SCALE
  5
1C4
102
{ACAD_REACTORS
330
10C
102
}
330
10C
100
AcDbScale
 70
     0
300
1:20
140
1.0
141
20.0
290
     0
  0
SCALE
  5
1C5
102
{ACAD_REACTORS
330
10C
102
}
330
10C
100
AcDbScale
 70
     0
300
1:30
140
1.0
141
30.0
290
     0
  0
SCALE
  5
1C6
102
{ACAD_REACTORS
330
10C
102
}
330
10C
100
AcDbScale
 70
     0
300
1:40
140
1.0
141
40.0
290
     0
  0
SCALE
  5
1C7
102
{ACAD_REACTORS
330
10C
102
}
330
10C
100
AcDbScale
 70
     0
300
1:50
140
1.0
141
50.0
290
     0
  0
SCALE
  5
1C8
102
{ACAD_REACTORS
330
10C
102
}
330
10C
100
AcDbScale
 70
     0
300
1:100
140
1.0
141
100.0
290
     0
  0
SCALE
  5
1C9
102
{ACAD_REACTORS
330
10C
102
}
330
10C
100
AcDbScale
 70
     0
300
2:1
140
2.0
141
1.0
290
     0
  0
SCALE
  5
1CA
102
{ACAD_REACTORS
330
10C
102
}
330
10C
100
AcDbScale
 70
     0
300
4:1
140
4.0
141
1.0
290
     0
  0
SCALE
  5
1CB
102
{ACAD_REACTORS
330
10C
102
}
330
10C
100
AcDbScale
 70
     0
300
8:1
140
8.0
141
1.0
290
     0
  0
SCALE
  5
1CC
102
{ACAD_REACTORS
330
10C
102
}
330
10C
100
AcDbScale
 70
     0
300
10:1
140
10.0
141
1.0
290
     0
  0
SCALE
  5
1CD
102
{ACAD_REACTORS
330
10C
102
}
330
10C
100
AcDbScale
 70
     0
300
100:1
140
100.0
141
1.0
290
     0
  0
TABLESTYLE
  5
7F
102
{ACAD_REACTORS
330
7E
102
}
102
{ACAD_XDICTIONARY
360
957
102
}
330
7E
100
AcDbTableStyle
  3
Standard
 70
     0
 71
     0
 40
1.5
 41
1.5
280
     0
281
     0
  7
Standard
140
4.5
170
     2
 62
     0
 63
   257
283
     0
 90
      512
 91
        0
  1

274
    -2
284
     1
 64
     0
275
    -2
285
     1
 65
     0
276
    -2
286
     1
 66
     0
277
    -2
287
     1
 67
     0
278
    -2
288
     1
 68
     0
279
    -2
289
     1
 69
     0
  7
Standard
140
6.0
170
     5
 62
     0
 63
   257
283
     0
 90
      512
 91
        0
  1

274
    -2
284
     1
 64
     0
275
    -2
285
     1
 65
     0
276
    -2
286
     1
 66
     0
277
    -2
287
     1
 67
     0
278
    -2
288
     1
 68
     0
279
    -2
289
     1
 69
     0
  7
Standard
140
4.5
170
     5
 62
     0
 63
   257
283
     0
 90
      512
 91
        0
  1

274
    -2
284
     1
 64
     0
275
    -2
285
     1
 65
     0
276
    -2
286
     1
 66
     0
277
    -2
287
     1
 67
     0
278
    -2
288
     1
 68
     0
279
    -2
289
     1
 69
     0
  0
VISUALSTYLE
  5
F5
102
{ACAD_REACTORS
330
EF
102
}
330
EF
100
AcDbVisualStyle
  2
2dWireframe
 70
     4
177
     3
291
     0
 70
    58
 90
        0
176
     1
 90
        2
176
     1
 90
        1
176
     1
 90
        0
176
     1
 40
-0.6
176
     1
 40
-30.0
176
     1
 62
     7
420
 16777215
176
     1
 90
        1
176
     1
 90
        4
176
     1
 62
     7
176
     1
 62
   257
176
     1
 90
        1
176
     1
 90
        1
176
     1
 40
1.0
176
     1
 90
        0
176
     1
 62
   257
176
     1
 40
1.0
176
     1
 90
        1
176
     1
 90
        6
176
     1
 90
        2
176
     1
 62
     7
176
     1
 90
        5
176
     1
 90
        0
176
     1
 90
        0
176
     1
290
     0
176
     1
 90
        1
176
     1
 40
0.0
176
     1
 90
        0
176
     1
290
     1
176
     1
290
     1
176
     1
290
     0
176
     1
290
     0
176
     1
290
     0
176
     1
290
     0
176
     1
290
     0
176
     1
290
     0
176
     1
290
     0
176
     1
 90
       50
176
     1
 40
0.0
176
     1
 40
1.0
176
     1
 90
        0
176
     1
 62
    18
420
        0
176
     1
 90
       50
176
     1
 90
        3
176
     1
 62
     5
420
      255
176
     1
290
     0
176
     1
 90
       50
176
     1
 90
       50
176
     1
 90
       50
176
     1
290
     0
176
     1
 90
       50
176
     1
 62
   256
176
     0
 40
1.0
176
     0
 90
        2
176
     1
  1
strokes_ogs.tif
176
     1
290
     0
176
     1
 40
1.0
176
     1
 40
1.0
176
     1
  0
VISUALSTYLE
  5
F7
102
{ACAD_REACTORS
330
EF
102
}
330
EF
100
AcDbVisualStyle
  2
3D Hidden
 70
     6
177
     3
291
     0
 70
    58
 90
        1
176
     1
 90
        2
176
     1
 90
        2
176
     1
 90
        0
176
     1
 40
-0.6
176
     1
 40
-30.0
176
     1
 62
     7
420
 16777215
176
     1
 90
        2
176
     1
 90
        2
176
     1
 62
     7
176
     1
 62
   257
176
     1
 90
        2
176
     1
 90
        1
176
     1
 40
40.0
176
     1
 90
        0
176
     1
 62
   257
176
     1
 40
1.0
176
     1
 90
        1
176
     1
 90
        6
176
     1
 90
        2
176
     1
 62
     7
176
     1
 90
        3
176
     1
 90
        0
176
     1
 90
        0
176
     1
290
     0
176
     1
 90
        1
176
     1
 40
0.0
176
     1
 90
        0
176
     1
290
     0
176
     1
290
     1
176
     1
290
     1
176
     1
290
     0
176
     1
290
     0
176
     1
290
     0
176
     1
290
     0
176
     1
290
     0
176
     1
290
     0
176
     1
 90
       50
176
     1
 40
0.0
176
     1
 40
1.0
176
     1
 90
        0
176
     1
 62
    18
420
        0
176
     1
 90
       50
176
     1
 90
        3
176
     1
 62
     5
420
      255
176
     1
290
     0
176
     1
 90
       50
176
     1
 90
       50
176
     1
 90
       50
176
     1
290
     0
176
     1
 90
       50
176
     1
 62
   256
176
     0
 40
1.0
176
     0
 90
        2
176
     1
  1
strokes_ogs.tif
176
     1
290
     0
176
     1
 40
1.0
176
     1
 40
1.0
176
     1
  0
VISUALSTYLE
  5
F6
102
{ACAD_REACTORS
330
EF
102
}
330
EF
100
AcDbVisualStyle
  2
3dWireframe
 70
     5
177
     3
291
     0
 70
    58
 90
        0
176
     1
 90
        2
176
     1
 90
        1
176
     1
 90
        0
176
     1
 40
-0.6
176
     1
 40
-30.0
176
     1
 62
     7
420
 16777215
176
     1
 90
        1
176
     1
 90
        4
176
     1
 62
     7
176
     1
 62
   257
176
     1
 90
        1
176
     1
 90
        1
176
     1
 40
1.0
176
     1
 90
        0
176
     1
 62
   257
176
     1
 40
1.0
176
     1
 90
        1
176
     1
 90
        6
176
     1
 90
        2
176
     1
 62
     7
176
     1
 90
        5
176
     1
 90
        0
176
     1
 90
        0
176
     1
290
     0
176
     1
 90
        1
176
     1
 40
0.0
176
     1
 90
        0
176
     1
290
     0
176
     1
290
     1
176
     1
290
     1
176
     1
290
     0
176
     1
290
     0
176
     1
290
     0
176
     1
290
     0
176
     1
290
     0
176
     1
290
     0
176
     1
 90
       50
176
     1
 40
0.0
176
     1
 40
1.0
176
     1
 90
        0
176
     1
 62
    18
420
        0
176
     1
 90
       50
176
     1
 90
        3
176
     1
 62
     5
420
      255
176
     1
290
     0
176
     1
 90
       50
176
     1
 90
       50
176
     1
 90
       50
176
     1
290
     0
176
     1
 90
       50
176
     1
 62
   256
176
     0
 40
1.0
176
     0
 90
        2
176
     1
  1
strokes_ogs.tif
176
     1
290
     0
176
     1
 40
1.0
176
     1
 40
1.0
176
     1
  0
VISUALSTYLE
  5
F4
102
{ACAD_REACTORS
330
EF
102
}
330
EF
100
AcDbVisualStyle
  2
Basic
 70
     7
177
     3
291
     1
 70
    58
 90
        1
176
     1
 90
        0
176
     1
 90
        1
176
     1
 90
        0
176
     1
 40
-0.6
176
     1
 40
-30.0
176
     1
 62
     7
420
 16777215
176
     1
 90
        0
176
     1
 90
        4
176
     1
 62
     7
176
     1
 62
   257
176
     1
 90
        1
176
     1
 90
        1
176
     1
 40
1.0
176
     1
 90
        8
176
     1
 62
     7
176
     1
 40
1.0
176
     1
 90
        1
176
     1
 90
        6
176
     1
 90
        2
176
     1
 62
     7
176
     1
 90
        5
176
     1
 90
        0
176
     1
 90
        0
176
     1
290
     0
176
     1
 90
        1
176
     1
 40
0.0
176
     1
 90
        0
176
     1
290
     0
176
     1
290
     1
176
     1
290
     1
176
     1
290
     0
176
     1
290
     0
176
     1
290
     0
176
     1
290
     0
176
     1
290
     0
176
     1
290
     0
176
     1
 90
       50
176
     1
 40
0.0
176
     1
 40
1.0
176
     1
 90
        0
176
     1
 62
    18
420
        0
176
     1
 90
       50
176
     1
 90
        3
176
     1
 62
     5
420
      255
176
     1
290
     0
176
     1
 90
       50
176
     1
 90
       50
176
     1
 90
       50
176
     1
290
     0
176
     1
 90
       50
176
     1
 62
   256
176
     0
 40
1.0
176
     0
 90
        2
176
     1
  1
strokes_ogs.tif
176
     1
290
     0
176
     1
 40
1.0
176
     1
 40
1.0
176
     1
  0
VISUALSTYLE
  5
FB
102
{ACAD_REACTORS
330
EF
102
}
330
EF
100
AcDbVisualStyle
  2
Brighten
 70
    12
177
     3
291
     1
 70
    58
 90
        2
176
     1
 90
        2
176
     1
 90
        1
176
     1
 90
        0
176
     1
 40
-0.6
176
     1
 40
-30.0
176
     1
 62
     7
420
 16777215
176
     1
 90
        1
176
     1
 90
        4
176
     1
 62
     7
176
     1
 62
   257
176
     1
 90
        1
176
     1
 90
        1
176
     1
 40
1.0
176
     1
 90
        8
176
     1
 62
     7
176
     1
 40
1.0
176
     1
 90
        1
176
     1
 90
        6
176
     1
 90
        2
176
     1
 62
     7
176
     1
 90
        5
176
     1
 90
        0
176
     1
 90
        0
176
     1
290
     0
176
     1
 90
        1
176
     1
 40
50.0
176
     1
 90
        0
176
     1
290
     0
176
     1
290
     1
176
     1
290
     1
176
     1
290
     0
176
     1
290
     0
176
     1
290
     0
176
     1
290
     0
176
     1
290
     0
176
     1
290
     0
176
     1
 90
       50
176
     1
 40
0.0
176
     1
 40
1.0
176
     1
 90
        0
176
     1
 62
    18
420
        0
176
     1
 90
       50
176
     1
 90
        3
176
     1
 62
     5
420
      255
176
     1
290
     0
176
     1
 90
       50
176
     1
 90
       50
176
     1
 90
       50
176
     1
290
     0
176
     1
 90
       50
176
     1
 62
   256
176
     0
 40
1.0
176
     0
 90
        2
176
     1
  1
strokes_ogs.tif
176
     1
290
     0
176
     1
 40
1.0
176
     1
 40
1.0
176
     1
  0
VISUALSTYLE
  5
FF
102
{ACAD_REACTORS
330
EF
102
}
330
EF
100
AcDbVisualStyle
  2
ColorChange
 70
    16
177
     3
291
     1
 70
    58
 90
        2
176
     1
 90
        2
176
     1
 90
        3
176
     1
 90
        0
176
     1
 40
-0.6
176
     1
 40
-30.0
176
     1
 62
     8
420
  8421504
176
     1
 90
        1
176
     1
 90
        4
176
     1
 62
     7
176
     1
 62
   257
176
     1
 90
        1
176
     1
 90
        1
176
     1
 40
1.0
176
     1
 90
        8
176
     1
 62
     8
420
  8421504
176
     1
 40
1.0
176
     1
 90
        1
176
     1
 90
        6
176
     1
 90
        2
176
     1
 62
     7
176
     1
 90
        5
176
     1
 90
        0
176
     1
 90
        0
176
     1
290
     0
176
     1
 90
        1
176
     1
 40
0.0
176
     1
 90
        0
176
     1
290
     0
176
     1
290
     1
176
     1
290
     1
176
     1
290
     0
176
     1
290
     0
176
     1
290
     0
176
     1
290
     0
176
     1
290
     0
176
     1
290
     0
176
     1
 90
       50
176
     1
 40
0.0
176
     1
 40
1.0
176
     1
 90
        0
176
     1
 62
    18
420
        0
176
     1
 90
       50
176
     1
 90
        3
176
     1
 62
     5
420
      255
176
     1
290
     0
176
     1
 90
       50
176
     1
 90
       50
176
     1
 90
       50
176
     1
290
     0
176
     1
 90
       50
176
     1
 62
   256
176
     0
 40
1.0
176
     0
 90
        2
176
     1
  1
strokes_ogs.tif
176
     1
290
     0
176
     1
 40
1.0
176
     1
 40
1.0
176
     1
  0
VISUALSTYLE
  5
F8
102
{ACAD_REACTORS
330
EF
102
}
330
EF
100
AcDbVisualStyle
  2
Conceptual
 70
     9
177
     3
291
     0
 70
    58
 90
        3
176
     1
 90
        2
176
     1
 90
        1
176
     1
 90
        0
176
     1
 40
-0.6
176
     1
 40
-30.0
176
     1
 62
     7
420
 16777215
176
     1
 90
        2
176
     1
 90
        2
176
     1
 62
     7
176
     1
 62
   257
176
     1
 90
        1
176
     1
 90
        1
176
     1
 40
40.0
176
     1
 90
        8
176
     1
 62
     7
176
     1
 40
1.0
176
     1
 90
        1
176
     1
 90
        6
176
     1
 90
        2
176
     1
 62
     7
176
     1
 90
        3
176
     1
 90
        0
176
     1
 90
        0
176
     1
290
     0
176
     1
 90
        1
176
     1
 40
0.0
176
     1
 90
        0
176
     1
290
     0
176
     1
290
     1
176
     1
290
     1
176
     1
290
     0
176
     1
290
     0
176
     1
290
     0
176
     1
290
     0
176
     1
290
     0
176
     1
290
     0
176
     1
 90
       50
176
     1
 40
0.0
176
     1
 40
1.0
176
     1
 90
        0
176
     1
 62
    18
420
        0
176
     1
 90
       50
176
     1
 90
        3
176
     1
 62
     5
420
      255
176
     1
290
     0
176
     1
 90
       50
176
     1
 90
       50
176
     1
 90
       50
176
     1
290
     0
176
     1
 90
       50
176
     1
 62
   256
176
     0
 40
1.0
176
     0
 90
        2
176
     1
  1
strokes_ogs.tif
176
     1
290
     0
176
     1
 40
1.0
176
     1
 40
1.0
176
     1
  0
VISUALSTYLE
  5
FA
102
{ACAD_REACTORS
330
EF
102
}
330
EF
100
AcDbVisualStyle
  2
Dim
 70
    11
177
     3
291
     1
 70
    58
 90
        2
176
     1
 90
        2
176
     1
 90
        1
176
     1
 90
        0
176
     1
 40
-0.6
176
     1
 40
-30.0
176
     1
 62
     7
420
 16777215
176
     1
 90
        1
176
     1
 90
        4
176
     1
 62
     7
176
     1
 62
   257
176
     1
 90
        1
176
     1
 90
        1
176
     1
 40
1.0
176
     1
 90
        8
176
     1
 62
     7
176
     1
 40
1.0
176
     1
 90
        1
176
     1
 90
        6
176
     1
 90
        2
176
     1
 62
     7
176
     1
 90
        5
176
     1
 90
        0
176
     1
 90
        0
176
     1
290
     0
176
     1
 90
        1
176
     1
 40
-50.0
176
     1
 90
        0
176
     1
290
     0
176
     1
290
     1
176
     1
290
     1
176
     1
290
     0
176
     1
290
     0
176
     1
290
     0
176
     1
290
     0
176
     1
290
     0
176
     1
290
     0
176
     1
 90
       50
176
     1
 40
0.0
176
     1
 40
1.0
176
     1
 90
        0
176
     1
 62
    18
420
        0
176
     1
 90
       50
176
     1
 90
        3
176
     1
 62
     5
420
      255
176
     1
290
     0
176
     1
 90
       50
176
     1
 90
       50
176
     1
 90
       50
176
     1
290
     0
176
     1
 90
       50
176
     1
 62
   256
176
     0
 40
1.0
176
     0
 90
        2
176
     1
  1
strokes_ogs.tif
176
     1
290
     0
176
     1
 40
1.0
176
     1
 40
1.0
176
     1
  0
VISUALSTYLE
  5
35E
102
{ACAD_REACTORS
330
EF
102
}
330
EF
100
AcDbVisualStyle
  2
EdgeColorOff
 70
    22
177
     3
291
     1
 70
    58
 90
        2
176
     0
 90
        2
176
     0
 90
        0
176
     0
 90
        0
176
     0
 40
0.6
176
     0
 40
30.0
176
     0
 62
     7
420
 16777215
176
     0
 90
        1
176
     0
 90
        4
176
     0
 62
     7
176
     0
 62
   257
176
     0
 90
        1
176
     0
 90
        1
176
     0
 40
1.0
176
     0
 90
        8
176
     2
 62
     7
176
     0
 40
1.0
176
     0
 90
        1
176
     0
 90
        6
176
     0
 90
        2
176
     0
 62
     7
176
     0
 90
        5
176
     0
 90
        0
176
     0
 90
        0
176
     0
290
     0
176
     0
 90
        1
176
     0
 40
0.0
176
     0
 90
        0
176
     0
290
     0
176
     0
290
     1
176
     0
290
     1
176
     0
290
     0
176
     0
290
     0
176
     0
290
     0
176
     0
290
     0
176
     0
290
     0
176
     0
290
     0
176
     0
 90
       50
176
     0
 40
0.0
176
     0
 40
1.0
176
     0
 90
        0
176
     0
 62
    18
420
        0
176
     0
 90
       50
176
     0
 90
        3
176
     0
 62
     5
420
      255
176
     0
290
     0
176
     0
 90
       50
176
     0
 90
       50
176
     0
 90
       50
176
     0
290
     0
176
     0
 90
       50
176
     0
 62
   256
176
     0
 40
1.0
176
     0
 90
        2
176
     0
  1
strokes_ogs.tif
176
     0
290
     0
176
     0
 40
1.0
176
     0
 40
1.0
176
     0
  0
VISUALSTYLE
  5
FE
102
{ACAD_REACTORS
330
EF
102
}
330
EF
100
AcDbVisualStyle
  2
Facepattern
 70
    15
177
     3
291
     1
 70
    58
 90
        2
176
     1
 90
        2
176
     1
 90
        1
176
     1
 90
        0
176
     1
 40
-0.6
176
     1
 40
-30.0
176
     1
 62
     7
420
 16777215
176
     1
 90
        1
176
     1
 90
        4
176
     1
 62
     7
176
     1
 62
   257
176
     1
 90
        1
176
     1
 90
        1
176
     1
 40
1.0
176
     1
 90
        8
176
     1
 62
     7
176
     1
 40
1.0
176
     1
 90
        1
176
     1
 90
        6
176
     1
 90
        2
176
     1
 62
     7
176
     1
 90
        5
176
     1
 90
        0
176
     1
 90
        0
176
     1
290
     0
176
     1
 90
        1
176
     1
 40
0.0
176
     1
 90
        0
176
     1
290
     0
176
     1
290
     1
176
     1
290
     1
176
     1
290
     0
176
     1
290
     0
176
     1
290
     0
176
     1
290
     0
176
     1
290
     0
176
     1
290
     0
176
     1
 90
       50
176
     1
 40
0.0
176
     1
 40
1.0
176
     1
 90
        0
176
     1
 62
    18
420
        0
176
     1
 90
       50
176
     1
 90
        3
176
     1
 62
     5
420
      255
176
     1
290
     0
176
     1
 90
       50
176
     1
 90
       50
176
     1
 90
       50
176
     1
290
     0
176
     1
 90
       50
176
     1
 62
   256
176
     0
 40
1.0
176
     0
 90
        2
176
     1
  1
strokes_ogs.tif
176
     1
290
     0
176
     1
 40
1.0
176
     1
 40
1.0
176
     1
  0
VISUALSTYLE
  5
F0
102
{ACAD_REACTORS
330
EF
102
}
330
EF
100
AcDbVisualStyle
  2
Flat
 70
     0
177
     3
291
     1
 70
    58
 90
        2
176
     1
 90
        1
176
     1
 90
        1
176
     1
 90
        2
176
     1
 40
-0.6
176
     1
 40
30.0
176
     1
 62
     7
420
 16777215
176
     1
 90
        0
176
     1
 90
        4
176
     1
 62
     7
176
     1
 62
   257
176
     1
 90
        1
176
     1
 90
        1
176
     1
 40
1.0
176
     1
 90
        8
176
     1
 62
     7
176
     1
 40
1.0
176
     1
 90
        1
176
     1
 90
        6
176
     1
 90
        2
176
     1
 62
     7
176
     1
 90
        5
176
     1
 90
        0
176
     1
 90
        0
176
     1
290
     0
176
     1
 90
        1
176
     1
 40
0.0
176
     1
 90
        0
176
     1
290
     0
176
     1
290
     1
176
     1
290
     1
176
     1
290
     0
176
     1
290
     0
176
     1
290
     0
176
     1
290
     0
176
     1
290
     0
176
     1
290
     0
176
     1
 90
       50
176
     1
 40
0.0
176
     1
 40
1.0
176
     1
 90
        0
176
     1
 62
    18
420
        0
176
     1
 90
       50
176
     1
 90
        3
176
     1
 62
     5
420
      255
176
     1
290
     0
176
     1
 90
       50
176
     1
 90
       50
176
     1
 90
       50
176
     1
290
     0
176
     1
 90
       50
176
     1
 62
   256
176
     0
 40
1.0
176
     0
 90
        2
176
     1
  1
strokes_ogs.tif
176
     1
290
     0
176
     1
 40
1.0
176
     1
 40
1.0
176
     1
  0
VISUALSTYLE
  5
F1
102
{ACAD_REACTORS
330
EF
102
}
330
EF
100
AcDbVisualStyle
  2
FlatWithEdges
 70
     1
177
     3
291
     1
 70
    58
 90
        2
176
     1
 90
        1
176
     1
 90
        1
176
     1
 90
        2
176
     1
 40
-0.6
176
     1
 40
30.0
176
     1
 62
     7
420
 16777215
176
     1
 90
        1
176
     1
 90
        4
176
     1
 62
     7
176
     1
 62
   257
176
     1
 90
        1
176
     1
 90
        1
176
     1
 40
1.0
176
     1
 90
        0
176
     1
 62
   257
176
     1
 40
1.0
176
     1
 90
        1
176
     1
 90
        6
176
     1
 90
        2
176
     1
 62
     7
176
     1
 90
        5
176
     1
 90
        0
176
     1
 90
        0
176
     1
290
     0
176
     1
 90
        1
176
     1
 40
0.0
176
     1
 90
        0
176
     1
290
     0
176
     1
290
     1
176
     1
290
     1
176
     1
290
     0
176
     1
290
     0
176
     1
290
     0
176
     1
290
     0
176
     1
290
     0
176
     1
290
     0
176
     1
 90
       50
176
     1
 40
0.0
176
     1
 40
1.0
176
     1
 90
        0
176
     1
 62
    18
420
        0
176
     1
 90
       50
176
     1
 90
        3
176
     1
 62
     5
420
      255
176
     1
290
     0
176
     1
 90
       50
176
     1
 90
       50
176
     1
 90
       50
176
     1
290
     0
176
     1
 90
       50
176
     1
 62
   256
176
     0
 40
1.0
176
     0
 90
        2
176
     1
  1
strokes_ogs.tif
176
     1
290
     0
176
     1
 40
1.0
176
     1
 40
1.0
176
     1
  0
VISUALSTYLE
  5
F2
102
{ACAD_REACTORS
330
EF
102
}
330
EF
100
AcDbVisualStyle
  2
Gouraud
 70
     2
177
     3
291
     1
 70
    58
 90
        2
176
     1
 90
        2
176
     1
 90
        1
176
     1
 90
        2
176
     1
 40
-0.6
176
     1
 40
30.0
176
     1
 62
     7
420
 16777215
176
     1
 90
        0
176
     1
 90
        4
176
     1
 62
     7
176
     1
 62
   257
176
     1
 90
        1
176
     1
 90
        1
176
     1
 40
1.0
176
     1
 90
        0
176
     1
 62
     7
176
     1
 40
1.0
176
     1
 90
        1
176
     1
 90
        6
176
     1
 90
        2
176
     1
 62
     7
176
     1
 90
        5
176
     1
 90
        0
176
     1
 90
        0
176
     1
290
     0
176
     1
 90
        1
176
     1
 40
0.0
176
     1
 90
        0
176
     1
290
     0
176
     1
290
     1
176
     1
290
     1
176
     1
290
     0
176
     1
290
     0
176
     1
290
     0
176
     1
290
     0
176
     1
290
     0
176
     1
290
     0
176
     1
 90
       50
176
     1
 40
0.0
176
     1
 40
1.0
176
     1
 90
        0
176
     1
 62
    18
420
        0
176
     1
 90
       50
176
     1
 90
        3
176
     1
 62
     5
420
      255
176
     1
290
     0
176
     1
 90
       50
176
     1
 90
       50
176
     1
 90
       50
176
     1
290
     0
176
     1
 90
       50
176
     1
 62
   256
176
     0
 40
1.0
176
     0
 90
        2
176
     1
  1
strokes_ogs.tif
176
     1
290
     0
176
     1
 40
1.0
176
     1
 40
1.0
176
     1
  0
VISUALSTYLE
  5
F3
102
{ACAD_REACTORS
330
EF
102
}
330
EF
100
AcDbVisualStyle
  2
GouraudWithEdges
 70
     3
177
     3
291
     1
 70
    58
 90
        2
176
     1
 90
        2
176
     1
 90
        1
176
     1
 90
        2
176
     1
 40
-0.6
176
     1
 40
30.0
176
     1
 62
     7
420
 16777215
176
     1
 90
        1
176
     1
 90
        4
176
     1
 62
     7
176
     1
 62
   257
176
     1
 90
        1
176
     1
 90
        1
176
     1
 40
1.0
176
     1
 90
        0
176
     1
 62
   257
176
     1
 40
1.0
176
     1
 90
        1
176
     1
 90
        6
176
     1
 90
        2
176
     1
 62
     7
176
     1
 90
        5
176
     1
 90
        0
176
     1
 90
        0
176
     1
290
     0
176
     1
 90
        1
176
     1
 40
0.0
176
     1
 90
        0
176
     1
290
     0
176
     1
290
     1
176
     1
290
     1
176
     1
290
     0
176
     1
290
     0
176
     1
290
     0
176
     1
290
     0
176
     1
290
     0
176
     1
290
     0
176
     1
 90
       50
176
     1
 40
0.0
176
     1
 40
1.0
176
     1
 90
        0
176
     1
 62
    18
420
        0
176
     1
 90
       50
176
     1
 90
        3
176
     1
 62
     5
420
      255
176
     1
290
     0
176
     1
 90
       50
176
     1
 90
       50
176
     1
 90
       50
176
     1
290
     0
176
     1
 90
       50
176
     1
 62
   256
176
     0
 40
1.0
176
     0
 90
        2
176
     1
  1
strokes_ogs.tif
176
     1
290
     0
176
     1
 40
1.0
176
     1
 40
1.0
176
     1
  0
VISUALSTYLE
  5
35B
102
{ACAD_REACTORS
330
EF
102
}
330
EF
100
AcDbVisualStyle
  2
Hidden
 70
     6
177
     3
291
     0
 70
    58
 90
        1
176
     1
 90
        2
176
     1
 90
        2
176
     1
 90
        0
176
     1
 40
0.6
176
     1
 40
30.0
176
     1
 62
     7
420
 16777215
176
     1
 90
        2
176
     1
 90
        2
176
     1
 62
     7
176
     1
 62
   257
176
     1
 90
        2
176
     1
 90
        1
176
     1
 40
40.0
176
     1
 90
        0
176
     1
 62
   257
176
     1
 40
1.0
176
     1
 90
        1
176
     1
 90
        6
176
     1
 90
        2
176
     1
 62
     7
176
     1
 90
        3
176
     1
 90
        0
176
     1
 90
        0
176
     1
290
     0
176
     1
 90
        1
176
     1
 40
0.0
176
     1
 90
        0
176
     1
290
     0
176
     1
290
     1
176
     1
290
     1
176
     1
290
     0
176
     1
290
     0
176
     1
290
     0
176
     1
290
     0
176
     1
290
     0
176
     1
290
     0
176
     1
 90
       50
176
     1
 40
0.0
176
     1
 40
1.0
176
     1
 90
        0
176
     1
 62
    18
420
        0
176
     1
 90
       50
176
     1
 90
        3
176
     1
 62
     5
420
      255
176
     1
290
     0
176
     1
 90
       50
176
     1
 90
       50
176
     1
 90
       50
176
     1
290
     0
176
     1
 90
       50
176
     1
 62
   256
176
     0
 40
1.0
176
     0
 90
        2
176
     1
  1
strokes_ogs.tif
176
     1
290
     0
176
     1
 40
1.0
176
     1
 40
1.0
176
     1
  0
VISUALSTYLE
  5
35C
102
{ACAD_REACTORS
330
EF
102
}
330
EF
100
AcDbVisualStyle
  2
JitterOff
 70
    20
177
     3
291
     1
 70
    58
 90
        2
176
     0
 90
        2
176
     0
 90
        0
176
     0
 90
        0
176
     0
 40
0.6
176
     0
 40
30.0
176
     0
 62
     7
420
 16777215
176
     0
 90
        1
176
     0
 90
        4
176
     0
 62
     7
176
     0
 62
   257
176
     0
 90
        1
176
     0
 90
        1
176
     0
 40
1.0
176
     0
 90
       10
176
     2
 62
     7
176
     0
 40
1.0
176
     0
 90
        1
176
     0
 90
        6
176
     0
 90
        2
176
     0
 62
     7
176
     0
 90
        5
176
     0
 90
        0
176
     0
 90
        0
176
     0
290
     0
176
     0
 90
        1
176
     0
 40
0.0
176
     0
 90
        0
176
     0
290
     0
176
     0
290
     1
176
     0
290
     1
176
     0
290
     0
176
     0
290
     0
176
     0
290
     0
176
     0
290
     0
176
     0
290
     0
176
     0
290
     0
176
     0
 90
       50
176
     0
 40
0.0
176
     0
 40
1.0
176
     0
 90
        0
176
     0
 62
    18
420
        0
176
     0
 90
       50
176
     0
 90
        3
176
     0
 62
     5
420
      255
176
     0
290
     0
176
     0
 90
       50
176
     0
 90
       50
176
     0
 90
       50
176
     0
290
     0
176
     0
 90
       50
176
     0
 62
   256
176
     0
 40
1.0
176
     0
 90
        2
176
     0
  1
strokes_ogs.tif
176
     0
290
     0
176
     0
 40
1.0
176
     0
 40
1.0
176
     0
  0
VISUALSTYLE
  5
FD
102
{ACAD_REACTORS
330
EF
102
}
330
EF
100
AcDbVisualStyle
  2
Linepattern
 70
    14
177
     3
291
     1
 70
    58
 90
        2
176
     1
 90
        2
176
     1
 90
        1
176
     1
 90
        0
176
     1
 40
-0.6
176
     1
 40
-30.0
176
     1
 62
     7
420
 16777215
176
     1
 90
        1
176
     1
 90
        4
176
     1
 62
     7
176
     1
 62
   257
176
     1
 90
        7
176
     1
 90
        7
176
     1
 40
1.0
176
     1
 90
        8
176
     1
 62
     7
176
     1
 40
1.0
176
     1
 90
        1
176
     1
 90
        6
176
     1
 90
        2
176
     1
 62
     7
176
     1
 90
        5
176
     1
 90
        0
176
     1
 90
        0
176
     1
290
     0
176
     1
 90
        1
176
     1
 40
0.0
176
     1
 90
        0
176
     1
290
     0
176
     1
290
     1
176
     1
290
     1
176
     1
290
     0
176
     1
290
     0
176
     1
290
     0
176
     1
290
     0
176
     1
290
     0
176
     1
290
     0
176
     1
 90
       50
176
     1
 40
0.0
176
     1
 40
1.0
176
     1
 90
        0
176
     1
 62
    18
420
        0
176
     1
 90
       50
176
     1
 90
        3
176
     1
 62
     5
420
      255
176
     1
290
     0
176
     1
 90
       50
176
     1
 90
       50
176
     1
 90
       50
176
     1
290
     0
176
     1
 90
       50
176
     1
 62
   256
176
     0
 40
1.0
176
     0
 90
        2
176
     1
  1
strokes_ogs.tif
176
     1
290
     0
176
     1
 40
1.0
176
     1
 40
1.0
176
     1
  0
VISUALSTYLE
  5
35D
102
{ACAD_REACTORS
330
EF
102
}
330
EF
100
AcDbVisualStyle
  2
OverhangOff
 70
    21
177
     3
291
     1
 70
    58
 90
        2
176
     0
 90
        2
176
     0
 90
        0
176
     0
 90
        0
176
     0
 40
0.6
176
     0
 40
30.0
176
     0
 62
     7
420
 16777215
176
     0
 90
        1
176
     0
 90
        4
176
     0
 62
     7
176
     0
 62
   257
176
     0
 90
        1
176
     0
 90
        1
176
     0
 40
1.0
176
     0
 90
        9
176
     2
 62
     7
176
     0
 40
1.0
176
     0
 90
        1
176
     0
 90
        6
176
     0
 90
        2
176
     0
 62
     7
176
     0
 90
        5
176
     0
 90
        0
176
     0
 90
        0
176
     0
290
     0
176
     0
 90
        1
176
     0
 40
0.0
176
     0
 90
        0
176
     0
290
     0
176
     0
290
     1
176
     0
290
     1
176
     0
290
     0
176
     0
290
     0
176
     0
290
     0
176
     0
290
     0
176
     0
290
     0
176
     0
290
     0
176
     0
 90
       50
176
     0
 40
0.0
176
     0
 40
1.0
176
     0
 90
        0
176
     0
 62
    18
420
        0
176
     0
 90
       50
176
     0
 90
        3
176
     0
 62
     5
420
      255
176
     0
290
     0
176
     0
 90
       50
176
     0
 90
       50
176
     0
 90
       50
176
     0
290
     0
176
     0
 90
       50
176
     0
 62
   256
176
     0
 40
1.0
176
     0
 90
        2
176
     0
  1
strokes_ogs.tif
176
     0
290
     0
176
     0
 40
1.0
176
     0
 40
1.0
176
     0
  0
VISUALSTYLE
  5
F9
102
{ACAD_REACTORS
330
EF
102
}
330
EF
100
AcDbVisualStyle
  2
Realistic
 70
     8
177
     3
291
     0
 70
    58
 90
        2
176
     1
 90
        2
176
     1
 90
        1
176
     1
 90
        0
176
     1
 40
-0.6
176
     1
 40
-30.0
176
     1
 62
     7
420
 16777215
176
     1
 90
        1
176
     1
 90
        0
176
     1
 62
     7
176
     1
 62
   257
176
     1
 90
        1
176
     1
 90
        1
176
     1
 40
1.0
176
     1
 90
        8
176
     1
 62
     8
420
  7895160
176
     1
 40
1.0
176
     1
 90
        1
176
     1
 90
        6
176
     1
 90
        2
176
     1
 62
     7
176
     1
 90
        5
176
     1
 90
        0
176
     1
 90
        0
176
     1
290
     0
176
     1
 90
       13
176
     1
 40
0.0
176
     1
 90
        0
176
     1
290
     0
176
     1
290
     1
176
     1
290
     1
176
     1
290
     0
176
     1
290
     0
176
     1
290
     0
176
     1
290
     0
176
     1
290
     0
176
     1
290
     0
176
     1
 90
       50
176
     1
 40
0.0
176
     1
 40
1.0
176
     1
 90
        0
176
     1
 62
    18
420
        0
176
     1
 90
       50
176
     1
 90
        3
176
     1
 62
     5
420
      255
176
     1
290
     0
176
     1
 90
       50
176
     1
 90
       50
176
     1
 90
       50
176
     1
290
     0
176
     1
 90
       50
176
     1
 62
   256
176
     0
 40
1.0
176
     0
 90
        2
176
     1
  1
strokes_ogs.tif
176
     1
290
     0
176
     1
 40
1.0
176
     1
 40
1.0
176
     1
  0
VISUALSTYLE
  5
363
102
{ACAD_REACTORS
330
EF
102
}
330
EF
100
AcDbVisualStyle
  2
Shaded
 70
    27
177
     3
291
     0
 70
    58
 90
        2
176
     1
 90
        2
176
     1
 90
        1
176
     1
 90
        2
176
     1
 40
0.6
176
     1
 40
30.0
176
     1
 62
     7
420
 16777215
176
     1
 90
        0
176
     1
 90
        4
176
     1
 62
     7
176
     1
 62
   257
176
     1
 90
        1
176
     1
 90
        1
176
     1
 40
1.0
176
     1
 90
        8
176
     1
 62
   257
176
     1
 40
1.0
176
     1
 90
        1
176
     1
 90
        6
176
     1
 90
        2
176
     1
 62
     8
420
  7895160
176
     1
 90
        3
176
     1
 90
        0
176
     1
 90
        0
176
     1
290
     0
176
     1
 90
        5
176
     1
 40
0.0
176
     1
 90
        0
176
     1
290
     0
176
     1
290
     1
176
     1
290
     1
176
     1
290
     0
176
     1
290
     0
176
     1
290
     0
176
     1
290
     0
176
     1
290
     0
176
     1
290
     0
176
     1
 90
       50
176
     1
 40
0.0
176
     1
 40
1.0
176
     1
 90
        0
176
     1
 62
    18
420
        0
176
     1
 90
       50
176
     1
 90
        3
176
     1
 62
     5
420
      255
176
     1
290
     0
176
     1
 90
       50
176
     1
 90
       50
176
     1
 90
       50
176
     1
290
     0
176
     1
 90
       50
176
     1
 62
   256
176
     0
 40
1.0
176
     0
 90
        2
176
     1
  1
strokes_ogs.tif
176
     1
290
     0
176
     1
 40
1.0
176
     1
 40
1.0
176
     1
  0
VISUALSTYLE
  5
362
102
{ACAD_REACTORS
330
EF
102
}
330
EF
100
AcDbVisualStyle
  2
Shaded with edges
 70
    26
177
     3
291
     0
 70
    58
 90
        2
176
     1
 90
        2
176
     1
 90
        1
176
     1
 90
        2
176
     1
 40
0.6
176
     1
 40
30.0
176
     1
 62
     7
420
 16777215
176
     1
 90
        1
176
     1
 90
       10
176
     1
 62
     7
176
     1
 62
   257
176
     1
 90
        2
176
     1
 90
        1
176
     1
 40
1.0
176
     1
 90
        8
176
     1
 62
   257
176
     1
 40
1.0
176
     1
 90
        1
176
     1
 90
        6
176
     1
 90
        2
176
     1
 62
     7
176
     1
 90
        3
176
     1
 90
        0
176
     1
 90
        0
176
     1
290
     0
176
     1
 90
        5
176
     1
 40
0.0
176
     1
 90
        0
176
     1
290
     0
176
     1
290
     1
176
     1
290
     1
176
     1
290
     0
176
     1
290
     0
176
     1
290
     0
176
     1
290
     0
176
     1
290
     0
176
     1
290
     0
176
     1
 90
       50
176
     1
 40
0.0
176
     1
 40
1.0
176
     1
 90
        0
176
     1
 62
    18
420
        0
176
     1
 90
       50
176
     1
 90
        3
176
     1
 62
     5
420
      255
176
     1
290
     0
176
     1
 90
       50
176
     1
 90
       50
176
     1
 90
       50
176
     1
290
     0
176
     1
 90
       50
176
     1
 62
   256
176
     0
 40
1.0
176
     0
 90
        2
176
     1
  1
strokes_ogs.tif
176
     1
290
     0
176
     1
 40
1.0
176
     1
 40
1.0
176
     1
  0
VISUALSTYLE
  5
35F
102
{ACAD_REACTORS
330
EF
102
}
330
EF
100
AcDbVisualStyle
  2
Shades of Gray
 70
    23
177
     3
291
     0
 70
    58
 90
        2
176
     1
 90
        2
176
     1
 90
        3
176
     1
 90
        0
176
     1
 40
0.6
176
     1
 40
30.0
176
     1
 62
     7
420
 16777215
176
     1
 90
        2
176
     1
 90
        2
176
     1
 62
     7
176
     1
 62
     7
176
     1
 90
        1
176
     1
 90
        1
176
     1
 40
40.0
176
     1
 90
        8
176
     1
 62
     7
176
     1
 40
1.0
176
     1
 90
        1
176
     1
 90
        6
176
     1
 90
        2
176
     1
 62
     7
176
     1
 90
        3
176
     1
 90
        0
176
     1
 90
        0
176
     1
290
     0
176
     1
 90
        1
176
     1
 40
0.0
176
     1
 90
        0
176
     1
290
     0
176
     1
290
     1
176
     1
290
     1
176
     1
290
     0
176
     1
290
     0
176
     1
290
     0
176
     1
290
     0
176
     1
290
     0
176
     1
290
     0
176
     1
 90
       50
176
     1
 40
0.0
176
     1
 40
1.0
176
     1
 90
        0
176
     1
 62
    18
420
        0
176
     1
 90
       50
176
     1
 90
        3
176
     1
 62
     5
420
      255
176
     1
290
     0
176
     1
 90
       50
176
     1
 90
       50
176
     1
 90
       50
176
     1
290
     0
176
     1
 90
       50
176
     1
 62
   256
176
     0
 40
1.0
176
     0
 90
        2
176
     1
  1
strokes_ogs.tif
176
     1
290
     0
176
     1
 40
1.0
176
     1
 40
1.0
176
     1
  0
VISUALSTYLE
  5
360
102
{ACAD_REACTORS
330
EF
102
}
330
EF
100
AcDbVisualStyle
  2
Sketchy
 70
    24
177
     3
291
     0
 70
    58
 90
        1
176
     1
 90
        2
176
     1
 90
        2
176
     1
 90
        0
176
     1
 40
0.6
176
     1
 40
30.0
176
     1
 62
     7
420
 16777215
176
     1
 90
        2
176
     1
 90
        2
176
     1
 62
     7
176
     1
 62
     7
176
     1
 90
        1
176
     1
 90
        1
176
     1
 40
40.0
176
     1
 90
       11
176
     1
 62
     7
176
     1
 40
1.0
176
     1
 90
        1
176
     1
 90
        6
176
     1
 90
        2
176
     1
 62
     7
176
     1
 90
        6
176
     1
 90
        0
176
     1
 90
        0
176
     1
290
     0
176
     1
 90
        1
176
     1
 40
0.0
176
     1
 90
        0
176
     1
290
     0
176
     1
290
     1
176
     1
290
     1
176
     1
290
     0
176
     1
290
     0
176
     1
290
     0
176
     1
290
     0
176
     1
290
     0
176
     1
290
     0
176
     1
 90
       50
176
     1
 40
0.0
176
     1
 40
1.0
176
     1
 90
        0
176
     1
 62
    18
420
        0
176
     1
 90
       50
176
     1
 90
        3
176
     1
 62
     5
420
      255
176
     1
290
     0
176
     1
 90
       50
176
     1
 90
       50
176
     1
 90
       50
176
     1
290
     0
176
     1
 90
       50
176
     1
 62
   256
176
     0
 40
1.0
176
     0
 90
        2
176
     1
  1
strokes_ogs.tif
176
     1
290
     0
176
     1
 40
1.0
176
     1
 40
1.0
176
     1
  0
VISUALSTYLE
  5
FC
102
{ACAD_REACTORS
330
EF
102
}
330
EF
100
AcDbVisualStyle
  2
Thicken
 70
    13
177
     3
291
     1
 70
    58
 90
        2
176
     1
 90
        2
176
     1
 90
        1
176
     1
 90
        0
176
     1
 40
-0.6
176
     1
 40
-30.0
176
     1
 62
     7
420
 16777215
176
     1
 90
        1
176
     1
 90
        4
176
     1
 62
     7
176
     1
 62
   257
176
     1
 90
        1
176
     1
 90
        1
176
     1
 40
1.0
176
     1
 90
       12
176
     1
 62
     7
176
     1
 40
1.0
176
     1
 90
        1
176
     1
 90
        6
176
     1
 90
        2
176
     1
 62
     7
176
     1
 90
        5
176
     1
 90
        0
176
     1
 90
        0
176
     1
290
     0
176
     1
 90
        1
176
     1
 40
0.0
176
     1
 90
        0
176
     1
290
     0
176
     1
290
     1
176
     1
290
     1
176
     1
290
     0
176
     1
290
     0
176
     1
290
     0
176
     1
290
     0
176
     1
290
     0
176
     1
290
     0
176
     1
 90
       50
176
     1
 40
0.0
176
     1
 40
1.0
176
     1
 90
        0
176
     1
 62
    18
420
        0
176
     1
 90
       50
176
     1
 90
        3
176
     1
 62
     5
420
      255
176
     1
290
     0
176
     1
 90
       50
176
     1
 90
       50
176
     1
 90
       50
176
     1
290
     0
176
     1
 90
       50
176
     1
 62
   256
176
     0
 40
1.0
176
     0
 90
        2
176
     1
  1
strokes_ogs.tif
176
     1
290
     0
176
     1
 40
1.0
176
     1
 40
1.0
176
     1
  0
VISUALSTYLE
  5
35A
102
{ACAD_REACTORS
330
EF
102
}
330
EF
100
AcDbVisualStyle
  2
Wireframe
 70
     5
177
     3
291
     0
 70
    58
 90
        0
176
     1
 90
        2
176
     1
 90
        0
176
     1
 90
        0
176
     1
 40
0.6
176
     1
 40
30.0
176
     1
 62
     7
420
 16777215
176
     1
 90
        1
176
     1
 90
        4
176
     1
 62
     7
176
     1
 62
   257
176
     1
 90
        1
176
     1
 90
        1
176
     1
 40
1.0
176
     1
 90
        0
176
     1
 62
   257
176
     1
 40
1.0
176
     1
 90
        1
176
     1
 90
        6
176
     1
 90
        2
176
     1
 62
     7
176
     1
 90
        3
176
     1
 90
        0
176
     1
 90
        0
176
     1
290
     0
176
     1
 90
        1
176
     1
 40
0.0
176
     1
 90
        0
176
     1
290
     0
176
     1
290
     1
176
     1
290
     1
176
     1
290
     0
176
     1
290
     0
176
     1
290
     0
176
     1
290
     0
176
     1
290
     0
176
     1
290
     0
176
     1
 90
       50
176
     1
 40
0.0
176
     1
 40
1.0
176
     1
 90
        0
176
     1
 62
    18
420
        0
176
     1
 90
       50
176
     1
 90
        3
176
     1
 62
     5
420
      255
176
     1
290
     0
176
     1
 90
       50
176
     1
 90
       50
176
     1
 90
       50
176
     1
290
     0
176
     1
 90
       50
176
     1
 62
   256
176
     0
 40
1.0
176
     0
 90
        2
176
     1
  1
strokes_ogs.tif
176
     1
290
     0
176
     1
 40
1.0
176
     1
 40
1.0
176
     1
  0
VISUALSTYLE
  5
361
102
{ACAD_REACTORS
330
EF
102
}
330
EF
100
AcDbVisualStyle
  2
X-Ray
 70
    25
177
     3
291
     0
 70
    58
 90
        2
176
     1
 90
        2
176
     1
 90
        1
176
     1
 90
        1
176
     1
 40
0.5
176
     1
 40
30.0
176
     1
 62
     7
420
 16777215
176
     1
 90
        1
176
     1
 90
        0
176
     1
 62
     7
176
     1
 62
   257
176
     1
 90
        1
176
     1
 90
        1
176
     1
 40
1.0
176
     1
 90
        8
176
     1
 62
     7
176
     1
 40
1.0
176
     1
 90
        1
176
     1
 90
        6
176
     1
 90
        2
176
     1
 62
     7
176
     1
 90
        3
176
     1
 90
        0
176
     1
 90
        0
176
     1
290
     0
176
     1
 90
       13
176
     1
 40
0.0
176
     1
 90
        0
176
     1
290
     0
176
     1
290
     1
176
     1
290
     1
176
     1
290
     0
176
     1
290
     0
176
     1
290
     0
176
     1
290
     0
176
     1
290
     0
176
     1
290
     0
176
     1
 90
       50
176
     1
 40
0.0
176
     1
 40
1.0
176
     1
 90
        0
176
     1
 62
    18
420
        0
176
     1
 90
       50
176
     1
 90
        3
176
     1
 62
     5
420
      255
176
     1
290
     0
176
     1
 90
       50
176
     1
 90
       50
176
     1
 90
       50
176
     1
290
     0
176
     1
 90
       50
176
     1
 62
   256
176
     0
 40
1.0
176
     0
 90
        2
176
     1
  1
strokes_ogs.tif
176
     1
290
     0
176
     1
 40
1.0
176
     1
 40
1.0
176
     1
  0
DICTIONARYVAR
  5
146
102
{ACAD_REACTORS
330
5E
102
}
330
5E
100
DictionaryVariables
280
     0
  1
1:1
  0
DICTIONARYVAR
  5
145
102
{ACAD_REACTORS
330
5E
102
}
330
5E
100
DictionaryVariables
280
     0
  1
Standard
  0
DICTIONARYVAR
  5
84
102
{ACAD_REACTORS
330
5E
102
}
330
5E
100
DictionaryVariables
280
     0
  1
Standard
  0
DICTIONARYVAR
  5
5F
102
{ACAD_REACTORS
330
5E
102
}
330
5E
100
DictionaryVariables
280
     0
  1
2
  0
DICTIONARYVAR
  5
63
102
{ACAD_REACTORS
330
5E
102
}
330
5E
100
DictionaryVariables
280
     0
  1
1
  0
DICTIONARYVAR
  5
1AE
102
{ACAD_REACTORS
330
5E
102
}
330
5E
100
DictionaryVariables
280
     0
  1
0
  0
DICTIONARYVAR
  5
1AF
102
{ACAD_REACTORS
330
5E
102
}
330
5E
100
DictionaryVariables
280
     0
  1
0
  0
DICTIONARYVAR
  5
356
102
{ACAD_REACTORS
330
5E
102
}
330
5E
100
DictionaryVariables
280
     0
  1
0
  0
XRECORD
  5
956
102
{ACAD_REACTORS
330
34E
102
}
330
34E
100
AcDbXrecord
280
     1
300
MC_VERSION_DATA
 90
       95
310
0600000002000000570000001C000000E404000000000000000000007801936764E5D8CFFA9993818115C460606066E0646662626666706006F218793899F8DE3171E725E6E53B3BBA2878E6951050AF75FEFFFFFF520036E40F2657000000
  0
XRECORD
  5
357
102
{ACAD_REACTORS
330
34E
102
}
330
34E
100
AcDbXrecord
280
     1
1001
MCS_DOCUMENT_ID
1071
       45
1004
05000000000000001500000018000100E3040000000000000DBF618EF1E6FC7F438A70C1EC46F95924FFFFFFFF
  0
XRECORD
  5
365
102
{ACAD_REACTORS
330
34E
102
}
330
34E
100
AcDbXrecord
280
     1
300
MCS_PARAMS_DATA
 90
     3313
310
0600000002000000F64B00001C000000E404000000000000000000007801C55C5B6C5CC519DE9D595FD6B9DF494B53970A1A6F4A58DF92A6426A1A1210527090E23EF0543976A2BA75E25CAC160A6DA92AF5A55255A96AD556551F4A49A0CF15A03EC0438190865E482021147221409310B6900B3826B1FB7F7366CEFC73E6
310
1CAFBDDE3D9B07D8FF3F73CEF7DFE6FB67E6ECBA757EA3143929F767A4FCCE8636299AA49C90529036BB402C105929F279912F89C6DEAF6FD8BC69AB14A46C51EAC2B9898909BA39945F872C1FCD848A834A91A13B1AD51D6D5266E8A9FAF627E9AABE92BD45CA6F03BD81A3CFC24D59D990C96408C7E066656E0232E13A03
310
14B0AB01724443F05CC3F08780DFC8F19B03FC710A073DC8486413411B49060E3311A05C24C45064703B01D7CCE196A818E5C59C9268B967CBD6DED68ED59DC52EEB78BEF08E09F8223D745649346F1DE9DB35D0B777C089FC5FC3C8EB60BF1A286CF47FE3467F17CC59C5CD990B0CD948C1A77FB9F5CA0E4F479188EA541E
310
3C25A2E22BC99C8892456878B2821857F6B05492C2AD881B41409C21325211340605C9C6DC6006EC49AC088A0CCBB25B1159B72248E415019155047D5453031360047082A7405D92B72AB0F03379693EAB50870260AC609E2C6F6510BB3D081DFE4EF5EFECD71494A7B3590EC7F12C5B25CB32539229914732934ECE22AF1D
310
D259AC8B7B7649E437DE7BDFA69EADF76EE95186E95A7ED74C032DBFA66A9BF1CEF341B19B78E45DDED9EF56FE29189043E4814BF734E1FF34659991678231F23A51010DA578E8294D435524988818E84710A7B2643B4F7C134F5CC6936D1E4176D01398C4D0A83AE0A6BDC86B0BB5C3E1E8299D70A5A945AC12322FE697C4
310
9C8DC3BBBE34D2BA77FBEEA1BEFEED79D15C120DF70F0FEE1A093EF60C8FF47F4BCAB3B0ED666EDB17F5733E2B445B5E2C298985C507BB8BEBBA3A3A3774178B1D777FA5B36B9D327BBE1ED84C030BC74C9EDAB5B64D88BC405AEF1E1CD9D73A34B88F70838775AD5DDBD1B9B6BBABBB73A0ABA37F5D7BE0E757F57D1DB80F
310
037BFBB60D6D6F1DDED1DA3B3CB47D6FDF2EF8A0AD5933506CEF2FF6F7ADD9D6B56D5DFF9A60D6A95222FF670B51F8295953F8455019945B7EE9315C7A8AFEC352DE9D4B4A5050256AA6D1B42D5F0C265BEED4473538E9811F770DEFDCDD3732B86D706870E4A1D69DC303E45F6349C807B6EFCB8B8692103DC352AE816545
310
9E9E798813B5E9A692C86DD9B1A355A5424F8E0BF018466AF90D150136590E2905AA568F782650907D5A7180140B84AD0159F8156902B8F63BDA8BE1A72E29AF48322EA98B5F578631B6F5489B26184C63434803DB221A328E6B58DEAED6DB808FEB6DC068BD0DF8A4DE065CABB7018B3045EB390B3EAD7704C6EA6DC07518
310
10B79C17773A0DB6C361F03BDD064B22C8C7303844629E5064B47323116EB9039777E096BB70247238880C6E39831B9F221C81B3E543C57019D4736C30574EE2DD4AD73B12B9771099772B997713E97A974DF4CECD5D9582B938116EC00926492C777A7F676A8F441E4C882C98032C983211AE26DE8974E196022EC7174366
310
F9AE62C95769E105B5C4B012E2E82ED8CD3516C5E34D519CF0D1F6765A8551C6CC0505130A3E8ABEC46EF81CED54DC1DA04AB7BC4DB0CA082453194AB29B82400C2B438BA6322032B88FE093B3E13470C11297490C8EEF78E88158D51A8AD42283A38F61044E78707A57F8BBDFE2DF2167F36975041D1DA7FCF59430C35792
310
05112533A905D5D3CAAB4759DBB4CA160F3E9309466F934A1794E7E1154C402D3088858048DCDF7EA3E7FECD5B7A7B376D5480CBF43A7E5E49CCBE6BEB37D945B2402FC65F52AB73B67E7F3A58AE93F37A04F6B7011D680556EBCCA2819BC8A21C320F385BBDB4EE56E6E32CE2CB18E358AD7676B4C7C096B1674BAF7B1278
310
1E906198B0DF8681EA696AF34D20563061CAB731C0DB01185B8B0DCA46538BD880EB0E2C6FC3120B40E62289BC162112587895C11513E18290E892090EBF46A9321968C513E0BB89A0AE8F2431B88A7DFC9E07A7BD0A8E668E3AF3CDEA083A3A8ECFB770A00AB53712018F2859D8DB3D93C2E4D422CB77A40BB73A5DB807A7
310
0857A5727AC8838BE45965D0D3D5B29CBEEF99145F4E558AC0C3E9C23D922EDC0FD285FBA107E7958EEDE721E98018A3E3AAC64E7F5C166D7ABA81B65C437BB31D766C74A6ED6E1FBC2766B7AFDAD87156F9771BF44A2A724C461AB43EE729AAFB710D63E2111810BBA3ABC9AE6037E09AB9BF3AB40BE8309F8736AB64CAB2
310
BE7E3364E5AC569CA6976081AF5A311628A8EF68C5B3A4609E3E86AC3AA156E3E83562F4B5A292099A878C61EB3B549CF92354989982613F016CE7AD5A4D09AA1F5126387AAD451EE384D9C035A925859E39C1AA865EE9A9B8DA21CEE289167F7CF1D4C4BC7A125EC5AED5D8BB0B5A9D9144D134CFA71BF85A8D44BE568348
310
F6AA55A2F3CAEACF6982FD29118CC249D3CBF852A586F278BA70FBD3853B90085793EDE51E143F0AD06C6B4CB2242BDDBDD1419166C2865E85F9CE1648F3CBF54B2E655D5432557AB8C599EEE6E763403914E55050D879E2BFFA30F366F009F0CB378371CA9B99D05949929DD07465EA8797A3808B6B06B9536E64AF9C844C
310
903AF2F3709D3783A318A078E4F37AEBBCEC2DD1B228B722F785DC2DB9D64C476675A63353CC74E937B1FA39BFA7DB58A6AFC19E49583A4A9B6110A6BA038D3C80418F79D091B18A763C1D8524AA5361F194EC4CC4B23EDBA3192533E95398E41423EB6DCA1C239B4DBF91D13F6D762A6897D7013D496371DC8BECCAA7D45E
310
0C251095ABC98AA38E1B6540CD3DACF829EF15C38D27C2B92DA64A071D13897001094F16523EC1C9E5A99FF465029665AB5B13C49AF8984D174EA40B273D389D33BB29A272F6749622C2719C22AC925104534E7A8CF33714555C6B3CF3BE4BE0AF28994CA9B8353E0F28878DD26D8D2F007FBAAD11BD305CEB4EAB35BE08B8
310
B8D678FEB81BD9134AB6ADF10A644BBEF9C2334A81E4EAA6772450D87DD2AF49C178F020A0EBD3055FF292CC5B8AB3FC4114C86BA708ACDB15F49C43C04EBBE7FCBD0CA8A1CB2AF59CC3897035E1E39713E16AD873FE91085A131FFF19C04DBEDBF8D75406FD3B3A2842E56C8ABE82A171BC3BF89ECB0E0F287926BC7B0450
310
75E4DDA3C09F2EEF56BE2579157071BCBBE7881BD93E255BDE7D04B225A07C61BD5230DE1DBA8C1158736B225E412358525F03747D78F79897E472BCCBAF5BAF2BA0DDE3804E9B765F2F035A65DA3D910857134A7A2311AE52DA8D6E0E9C1341735A873DD47F12A16BE2E99BE9C275792B70532835F1AEDB838B7404B509F7
310
74C449519D9AA19EB28205FF5B08785CE3F9307262735AC933693C270155C7C6730AF8E9359ED3808B6B3CA387DDC6734EC9B6F1C897238DE72006D89713F9C2E58B91C6F3388D608DE70CA0A7DA7866D30F8008DC16BEAA2D26A2AAB848F4108A0CF46D0F54D7A73989E2C56D75B6B8431D2F6EAB64C5CD94644C04869974
310
1626C5B6A280378D1BEE62BCE2C3917700E714386FAA719B1D7E7D464DF7DD444F8317374E8CAA75BEF65E19D0F8F0523EC21D7470DCC60B8CAEF29753FC38EF4760CFDBF99B4673F680D0869F6742513F06849341B61DF57EE3400A02734628D75C0DBC8B68A868B98655ECA330208EA3C6F1B52E3DF1E8849E2433679564
310
431A886148B568E62C4406F75F64308EFD2F9D7039EA6D259B5B2BF91AD8396F72B01004EFC5CD6C88F911E8CCDF849C077E5C64E9488747967101058B73015D99FA9B900B808B63FFB117DCC85E50324556799F2F34BC086EC70CD18A4318C0D9FF2AB6807CDB718046B0A4BE0FE8B4D9FFA207EA504E3D7E65FA014C7226
310
B329B0E8D703AAFEBAA304E869379E693123CD68457958A4FF2F11AE86ECFF6119D078F6E7138AD87FF2370F86D6E1E34789702D76FED2134932CCA824CB8C811832A3160D33426421BD940847AF6F0C11D33DEECB1CFE9B7175D1F926045DE5BD8DBFBDBE9C081764D0049324E6DDB40A8607F34A225C4D16463974B5B836
310
F3B3A32E193EACE499B49986C93A780A6DA631A981D7A6CD34012EAECDFCF23937B23F51B26D337F80CCDBCC36A5C0ECD07DE7E7A7236D663D8D6033A419D0536D33E07F56B8C4CA7C0D48229F9610695A461A0883CE7B494E8DD95B004DF38E8247AB09FE45AC1A52EDAC32A0861DD8DA85D8A76276989D08579353913989
310
700119397510D9BB4CAB9DF096393711B4263ECE4B176E7EBA700B3C389DB3F0B5335AA6A7234288EA142D784A9083AFB414616018456CF64C3293C4CD2F49D3E5A5F0410CEE3E0F2E6A6FEA11580893E29AEE529C2FC11C4DF48D4AA628982DB44A422820F8563073C8F989CF2240392BED74F7768B819FDEDE6E09E0E29A
310
EE0AFA030B3CB273954C91D5916E83CC9BEE074FAB1E6B73B11CFB6CBEB73B4C23589D2D05F4CC9AAE2E4C768646F0614DBB4BD40606BDCC4B726A4DF72640A7DD749797013521AB4ED3C5971C1BF2225712D922FD192CAA82F186C253F467B664EED8B163100EA1787299890C1D4314EEF90B040C236113FD72905624B8F0
310
99FF03A92412CEF64B0000
  0
BLOCKLINEARPARAMETER
  5
7CC
330
7CB
100
AcDbEvalExpr
 90
        1
 98
       33
 99
        4
100
AcDbBlockElement
300
Linear
 98
       27
 99
        1
1071
        0
100
AcDbBlockParameter
280
     1
281
     0
100
AcDbBlock2PtParameter
1010
0.0
1020
0.0
1030
0.0
1011
0.0
1021
0.632025
1031
0.0
170
     4
 91
        0
 91
        0
 91
        0
 91
        0
171
     0
172
     0
173
     0
174
     0
177
     0
100
AcDbBlockLinearParameter
305
ALTURA
306

140
0.529413
307

 96
        1
141
0.0
142
0.0
143
0.0
175
     0
1001
ACAUTHENVIRON
1010
-0.336597
1020
0.123196
1030
0.0
  0
BLOCKSTRETCHACTION
  5
7CD
330
7CB
100
AcDbEvalExpr
 90
        8
 98
       33
 99
        4
100
AcDbBlockElement
300
Stretch
 98
       27
 99
        1
1071
        0
100
AcDbBlockAction
 70
     2
 91
       34
 91
       58
 71
     5
330
7F0
330
7EF
330
7ED
330
7E0
330
7F1
1010
-0.407225
1020
0.193824
1030
0.0
100
AcDbBlockStretchAction
 92
        1
301
EndXDelta
 93
        1
302
EndYDelta
 72
     2
1011
5.411082
1021
0.833591
1011
-1.028508
1021
0.318343
 73
     2
331
7ED
 74
     4
 94
        0
 94
        1
 94
        2
 94
        3
331
7F0
 74
     2
 94
        0
 94
        1
 75
     0
140
1.0
141
0.0
280
     0
  0
BLOCKLINEARPARAMETER
  5
7CE
330
7CB
100
AcDbEvalExpr
 90
        9
 98
       33
 99
        4
100
AcDbBlockElement
300
Linear1
 98
       27
 99
        1
1071
        0
100
AcDbBlockParameter
280
     1
281
     0
100
AcDbBlock2PtParameter
1010
0.0
1020
0.0
1030
0.0
1011
5.0
1021
0.0
1031
0.0
170
     4
 91
       13
 91
       10
 91
        0
 91
        0
171
     1
 92
       13
301
DisplacementX
172
     1
 93
       13
302
DisplacementY
173
     1
 94
       10
303
DisplacementX
174
     1
 95
       10
304
DisplacementY
177
     0
100
AcDbBlockLinearParameter
305
LONGITUD
306

140
-0.387748
307

 96
        1
141
0.0
142
0.0
143
0.0
175
     0
1001
ACAUTHENVIRON
1010
5.120584
1020
-0.824345
1030
0.0
  0
BLOCKLINEARGRIP
  5
7CF
330
7CB
100
AcDbEvalExpr
 90
       10
 98
       33
 99
        4
100
AcDbBlockElement
300
End Grip
 98
       27
 99
        1
1071
        0
100
AcDbBlockGrip
 91
       11
 92
       12
1010
5.0
1020
0.0
1030
0.0
280
     1
 93
       -1
100
AcDbBlockLinearGrip
140
5.0
141
0.0
142
0.0
  0
BLOCKGRIPLOCATIONCOMPONENT
  5
7D0
330
7CB
100
AcDbEvalExpr
 90
       11
 98
       33
 99
        4
  1

 70
    40
140
1.797693E+99
100
AcDbBlockGripExpr
 91
        9
300
UpdatedEndX
  0
BLOCKGRIPLOCATIONCOMPONENT
  5
7D1
330
7CB
100
AcDbEvalExpr
 90
       12
 98
       33
 99
        4
  1

 70
    40
140
1.797693E+99
100
AcDbBlockGripExpr
 91
        9
300
UpdatedEndY
  0
BLOCKLINEARGRIP
  5
7D2
330
7CB
100
AcDbEvalExpr
 90
       13
 98
       33
 99
        4
100
AcDbBlockElement
300
Base Grip
 98
       27
 99
        1
1071
        0
100
AcDbBlockGrip
 91
       14
 92
       15
1010
0.0
1020
0.0
1030
0.0
280
     1
 93
       -1
100
AcDbBlockLinearGrip
140
-5.0
141
0.0
142
0.0
  0
BLOCKGRIPLOCATIONCOMPONENT
  5
7D3
330
7CB
100
AcDbEvalExpr
 90
       14
 98
       33
 99
        4
  1

 70
    40
140
0.0
100
AcDbBlockGripExpr
 91
        9
300
UpdatedBaseX
  0
BLOCKGRIPLOCATIONCOMPONENT
  5
7D4
330
7CB
100
AcDbEvalExpr
 90
       15
 98
       33
 99
        4
  1

 70
    40
140
0.0
100
AcDbBlockGripExpr
 91
        9
300
UpdatedBaseY
  0
BLOCKSTRETCHACTION
  5
7D5
330
7CB
100
AcDbEvalExpr
 90
       16
 98
       33
 99
        4
100
AcDbBlockElement
300
Stretch1
 98
       27
 99
        1
1071
        0
100
AcDbBlockAction
 70
     0
 71
     6
330
7CF
330
7F0
330
7EE
330
7ED
330
7F1
330
7EF
1010
5.120584
1020
-0.824345
1030
0.0
100
AcDbBlockStretchAction
 92
        9
301
EndXDelta
 93
        9
302
EndYDelta
 72
     2
1011
5.338467
1021
0.782621
1011
4.470299
1021
-0.62845
 73
     3
331
7ED
 74
     2
 94
        1
 94
        2
331
7EE
 74
     2
 94
        1
 94
        2
331
7F0
 74
     2
 94
        1
 94
        2
 75
     0
140
1.0
141
0.0
280
     0
  0
BLOCKLOOKUPPARAMETER
  5
7D6
330
7CB
100
AcDbEvalExpr
 90
       17
 98
       33
 99
        4
100
AcDbBlockElement
300
Lookup
 98
       27
 99
        1
1071
        0
100
AcDbBlockParameter
280
     1
281
     0
100
AcDbBlock1PtParameter
1010
-0.01695
1020
-0.041968
1030
0.0
 93
       18
170
     0
171
     0
100
AcDbBlockLookUpParameter
303
ANCHO
304

 94
       21
1001
ACAUTHENVIRON
1010
0.192817
1020
-0.508829
1030
0.0
  0
BLOCKLOOKUPGRIP
  5
7D7
330
7CB
100
AcDbEvalExpr
 90
       18
 98
       33
 99
        4
100
AcDbBlockElement
300
Grip
 98
       27
 99
        1
1071
        0
100
AcDbBlockGrip
 91
       19
 92
       20
1010
0.178247
1020
-0.02845
1030
0.0
280
     0
 93
       -1
100
AcDbBlockLookUpGrip
  0
BLOCKGRIPLOCATIONCOMPONENT
  5
7D8
330
7CB
100
AcDbEvalExpr
 90
       19
 98
       33
 99
        4
  1

 70
    40
140
0.0
100
AcDbBlockGripExpr
 91
       17
300
UpdatedX
  0
BLOCKGRIPLOCATIONCOMPONENT
  5
7D9
330
7CB
100
AcDbEvalExpr
 90
       20
 98
       33
 99
        4
  1

 70
    40
140
0.0
100
AcDbBlockGripExpr
 91
       17
300
UpdatedY
  0
BLOCKLOOKUPACTION
  5
7DA
330
7CB
100
AcDbEvalExpr
 90
       21
 98
       33
 99
        4
100
AcDbBlockElement
300
Lookup1
 98
       27
 99
        1
1071
        0
100
AcDbBlockAction
 70
     0
 71
     0
1010
0.192817
1020
-0.508829
1030
0.0
100
AcDbBlockLookupAction
 92
       20
 93
        3
301

302
0.1500000000000000
302
150
302
P150
302
0.2000000000000000
302
200
302
P200
302
0.3000000000000000
302
300
302
P300
302
0.4500000000000000
302
450
302
P450
302
0.6000000000000000
302
600
302
P600
302
0.1500000000000000
302
SIN NOMBRE PERFORADA
302
P S150
302
0.2000000000000000
302
SIN NOMBRE PERFORADA
302
P S200
302
0.3000000000000000
302
SIN NOMBRE PERFORADA
302
P S300
302
0.4500000000000000
302
SIN NOMBRE PERFORADA
302
P S450
302
0.6000000000000000
302
SIN NOMBRE PERFORADA
302
P S600
302
0.1500000000000000
302
E150
302
E150
302
0.3000000000000000
302
E300
302
E300
302
0.4500000000000000
302
E450
302
E450
302
0.6000000000000000
302
E600
302
E600
302
0.1500000000000000
302
SIN NOMBRE ESCALERA
302
E S150
302
0.3000000000000000
302
SIN NOMBRE ESCALERA
302
E S300
302
0.4500000000000000
302
SIN NOMBRE ESCALERA
302
E S450
302
0.6000000000000000
302
SIN NOMBRE ESCALERA
302
E S600
302
0.05000000000000000
302
P 50
302
P50
302
0.1000000000000000
302
SIN NOMBRE PERFORADA
302
P100
303

 94
        1
 95
       40
 96
        2
282
     0
305
Custom
281
     0
304
UpdatedDistance
303

 94
       64
 95
        1
 96
        0
282
     0
305
Custom
281
     0
304
VisibilityState
303

 94
       17
 95
        1
 96
        0
282
     1
305
Custom
281
     1
304
lookupString
280
     1
  0
BLOCKBASEPOINTPARAMETER
  5
7DB
330
7CB
100
AcDbEvalExpr
 90
       23
 98
       33
 99
        4
100
AcDbBlockElement
300
Base Point
 98
       27
 99
        1
1071
        0
100
AcDbBlockParameter
280
     1
281
     0
100
AcDbBlock1PtParameter
1010
0.0
1020
-0.316012
1030
0.0
 93
        0
170
     0
171
     0
100
AcDbBlockBasepointParameter
1011
0.0
1021
0.0
1031
0.0
1012
0.0
1022
0.0
1032
0.0
  0
BLOCKALIGNMENTPARAMETER
  5
7DC
330
7CB
100
AcDbEvalExpr
 90
       47
 98
       33
 99
        4
100
AcDbBlockElement
300
Alignment
 98
       27
 99
        1
1071
        0
100
AcDbBlockParameter
280
     1
281
     0
100
AcDbBlock2PtParameter
1010
0.0
1020
0.100091
1030
0.0
1011
0.0
1021
0.632025
1031
0.0
170
     4
 91
       48
 91
        0
 91
        0
 91
        0
171
     0
172
     0
173
     0
174
     0
177
     0
100
AcDbBlockAlignmentParameter
280
     1
  0
BLOCKALIGNMENTGRIP
  5
7DD
330
7CB
100
AcDbEvalExpr
 90
       48
 98
       33
 99
        4
100
AcDbBlockElement
300
Grip
 98
       27
 99
        1
1071
        0
100
AcDbBlockGrip
 91
       49
 92
       50
1010
0.0
1020
0.100091
1030
0.0
280
     1
 93
       -1
100
AcDbBlockAlignmentGrip
140
0.0
141
0.531934
142
0.0
  0
BLOCKGRIPLOCATIONCOMPONENT
  5
7DE
330
7CB
100
AcDbEvalExpr
 90
       49
 98
       33
 99
        4
  1

 70
    40
140
0.0
100
AcDbBlockGripExpr
 91
       47
300
UpdatedBaseX
  0
BLOCKGRIPLOCATIONCOMPONENT
  5
7DF
330
7CB
100
AcDbEvalExpr
 90
       50
 98
       33
 99
        4
  1

 70
    40
140
0.0
100
AcDbBlockGripExpr
 91
       47
300
UpdatedBaseY
  0
BLOCKFLIPPARAMETER
  5
7E0
330
7CB
100
AcDbEvalExpr
 90
       58
 98
       33
 99
        4
100
AcDbBlockElement
300
Flip1
 98
       27
 99
        1
1071
        0
100
AcDbBlockParameter
280
     1
281
     0
100
AcDbBlock2PtParameter
1010
0.0
1020
0.632025
1030
0.0
1011
0.0
1021
0.237327
1031
0.0
170
     4
 91
       59
 91
        0
 91
        0
 91
        0
171
     0
172
     0
173
     0
174
     0
177
     0
100
AcDbBlockFlipParameter
305
Flip state2
306

307
Not flipped
308
Flipped
1012
0.079341
1022
-0.021471
1032
0.0
309
UpdatedFlip
 96
       59
1001
ACAUTHENVIRON
1010
0.234242
1020
0.081771
1030
0.0
  0
BLOCKFLIPGRIP
  5
7E1
330
7CB
100
AcDbEvalExpr
 90
       59
 98
       33
 99
        4
100
AcDbBlockElement
300
Grip
 98
       27
 99
        1
1071
        0
100
AcDbBlockGrip
 91
       61
 92
       62
1010
0.0
1020
0.200181
1030
0.0
280
     0
 93
       -1
100
AcDbBlockFlipGrip
140
0.0
141
-0.394697
142
0.0
 93
       60
  0
BLOCKGRIPLOCATIONCOMPONENT
  5
7E2
330
7CB
100
AcDbEvalExpr
 90
       60
 98
       33
 99
        4
  1

 70
    70
 70
     0
100
AcDbBlockGripExpr
 91
       58
300
UpdatedFlip
  0
BLOCKGRIPLOCATIONCOMPONENT
  5
7E3
330
7CB
100
AcDbEvalExpr
 90
       61
 98
       33
 99
        4
  1

 70
    40
140
0.0
100
AcDbBlockGripExpr
 91
       58
300
UpdatedBaseX
  0
BLOCKGRIPLOCATIONCOMPONENT
  5
7E4
330
7CB
100
AcDbEvalExpr
 90
       62
 98
       33
 99
        4
  1

 70
    40
140
0.0
100
AcDbBlockGripExpr
 91
       58
300
UpdatedBaseY
  0
BLOCKFLIPACTION
  5
7E5
330
7CB
100
AcDbEvalExpr
 90
       63
 98
       33
 99
        4
100
AcDbBlockElement
300
Flip2
 98
       27
 99
        1
1071
        0
100
AcDbBlockAction
 70
     7
 91
        1
 91
        9
 91
       17
 91
       23
 91
       34
 91
       47
 91
       64
 71
    21
330
7E6
330
7E1
330
7DD
330
7DC
330
7DB
330
7D7
330
7D6
330
7D2
330
7CF
330
7CE
330
7CC
330
7EE
330
7ED
330
7F0
330
7F1
330
7F6
330
7F5
330
7F4
330
7F3
330
7F2
330
7EF
1010
0.234242
1020
0.081771
1030
0.0
100
AcDbBlockFlipAction
 92
       58
 93
       58
 94
       58
 95
       58
301
Flip
302
UpdatedFlip
303
UpdatedBase
304
UpdatedEnd
  0
BLOCKVISIBILITYPARAMETER
  5
7E6
330
7CB
100
AcDbEvalExpr
 90
       64
 98
       33
 99
        4
100
AcDbBlockElement
300
Visibility State
 98
       27
 99
        1
1071
        0
100
AcDbBlockParameter
280
     1
281
     0
100
AcDbBlock1PtParameter
1010
0.411997
1020
0.110797
1030
0.0
 93
        0
170
     0
171
     0
100
AcDbBlockVisibilityParameter
281
     1
301
Visibility1
302

 91
        0
 93
       10
331
7ED
331
7EE
331
7EF
331
7F0
331
7F1
331
7F2
331
7F3
331
7F4
331
7F5
331
7F6
 92
       15
303
PERFORADA
 94
        5
332
7ED
332
7EE
332
7F0
332
7F1
332
7F2
 95
       17
333
7CC
333
7CD
333
7CE
333
7CF
333
7D2
333
7D5
333
7D6
333
7D7
333
7DA
333
7DC
333
7DD
333
7E0
333
7E1
333
7E5
333
7E7
333
7E8
333
7E9
303
SIN NOMBRE ESCALERA
 94
        4
332
7ED
332
7EE
332
7EF
332
7F0
 95
       14
333
7CC
333
7CD
333
7CE
333
7CF
333
7D2
333
7D5
333
7D6
333
7D7
333
7DA
333
7DC
333
7DD
333
7E0
333
7E1
333
7E5
303
150
 94
        5
332
7ED
332
7EE
332
7F0
332
7F1
332
7F2
 95
       15
333
7CC
333
7CD
333
7CE
333
7CF
333
7D2
333
7D5
333
7D6
333
7D7
333
7DA
333
7DC
333
7DD
333
7E0
333
7E1
333
7E5
333
7E7
303
200
 94
        5
332
7ED
332
7EE
332
7F0
332
7F1
332
7F3
 95
       15
333
7CC
333
7CD
333
7CE
333
7CF
333
7D2
333
7D5
333
7D6
333
7D7
333
7DA
333
7DC
333
7DD
333
7E0
333
7E1
333
7E5
333
7E7
303
300
 94
        5
332
7ED
332
7EE
332
7F0
332
7F1
332
7F4
 95
       15
333
7CC
333
7CD
333
7CE
333
7CF
333
7D2
333
7D5
333
7D6
333
7D7
333
7DA
333
7DC
333
7DD
333
7E0
333
7E1
333
7E5
333
7E7
303
450
 94
        5
332
7ED
332
7EE
332
7F0
332
7F1
332
7F5
 95
       15
333
7CC
333
7CD
333
7CE
333
7CF
333
7D2
333
7D5
333
7D6
333
7D7
333
7DA
333
7DC
333
7DD
333
7E0
333
7E1
333
7E5
333
7E7
303
600
 94
        5
332
7ED
332
7EE
332
7F0
332
7F1
332
7F6
 95
       15
333
7CC
333
7CD
333
7CE
333
7CF
333
7D2
333
7D5
333
7D6
333
7D7
333
7DA
333
7DC
333
7DD
333
7E0
333
7E1
333
7E5
333
7E7
303
CAPA TRABAJO
 94
       10
332
7ED
332
7EE
332
7F0
332
7F1
332
7F2
332
7F6
332
7F5
332
7F4
332
7F3
332
7EF
 95
       15
333
7CC
333
7CD
333
7CE
333
7CF
333
7D2
333
7D5
333
7D6
333
7D7
333
7DA
333
7DC
333
7DD
333
7E0
333
7E1
333
7E5
333
7E7
303
SIN NOMBRE PERFORADA
 94
        4
332
7ED
332
7EE
332
7F0
332
7F1
 95
       17
333
7CC
333
7CD
333
7CE
333
7CF
333
7D2
333
7D5
333
7D6
333
7D7
333
7DA
333
7DC
333
7DD
333
7E0
333
7E1
333
7E5
333
7E7
333
7E8
333
7E9
303
E150
 94
        5
332
7ED
332
7EE
332
7EF
332
7F0
332
7F2
 95
       14
333
7CC
333
7CD
333
7CE
333
7CF
333
7D2
333
7D5
333
7D6
333
7D7
333
7DA
333
7DC
333
7DD
333
7E0
333
7E1
333
7E5
303
E200
 94
        5
332
7ED
332
7EE
332
7EF
332
7F0
332
7F3
 95
       14
333
7CC
333
7CD
333
7CE
333
7CF
333
7D2
333
7D5
333
7D6
333
7D7
333
7DA
333
7DC
333
7DD
333
7E0
333
7E1
333
7E5
303
E300
 94
        5
332
7ED
332
7EE
332
7EF
332
7F0
332
7F4
 95
       14
333
7CC
333
7CD
333
7CE
333
7CF
333
7D2
333
7D5
333
7D6
333
7D7
333
7DA
333
7DC
333
7DD
333
7E0
333
7E1
333
7E5
303
E450
 94
        5
332
7ED
332
7EE
332
7EF
332
7F0
332
7F5
 95
       14
333
7CC
333
7CD
333
7CE
333
7CF
333
7D2
333
7D5
333
7D6
333
7D7
333
7DA
333
7DC
333
7DD
333
7E0
333
7E1
333
7E5
303
E600
 94
        5
332
7ED
332
7EE
332
7EF
332
7F0
332
7F6
 95
       14
333
7CC
333
7CD
333
7CE
333
7CF
333
7D2
333
7D5
333
7D6
333
7D7
333
7DA
333
7DC
333
7DD
333
7E0
333
7E1
333
7E5
303
P 50
 94
        4
332
7ED
332
7EE
332
7F0
332
7F1
 95
       17
333
7CC
333
7CD
333
7CE
333
7CF
333
7D2
333
7D5
333
7D6
333
7D7
333
7DA
333
7DC
333
7DD
333
7E0
333
7E1
333
7E5
333
7E7
333
7E8
333
7E9
  0
BLOCKSTRETCHACTION
  5
7E7
330
7CB
100
AcDbEvalExpr
 90
       68
 98
       33
 99
        4
100
AcDbBlockElement
300
Stretch2
 98
       27
 99
        1
1071
        0
100
AcDbBlockAction
 70
     0
 71
     5
330
7F6
330
7F5
330
7F4
330
7F3
330
7F2
1010
5.306791
1020
-0.824345
1030
0.0
100
AcDbBlockStretchAction
 92
        9
301
EndXDelta
 93
        9
302
EndYDelta
 72
     2
1011
1.752477
1021
1.97656
1011
3.13588
1021
-0.125568
 73
     5
331
7F2
 74
     1
 94
        0
331
7F3
 74
     1
 94
        0
331
7F4
 74
     1
 94
        0
331
7F5
 74
     1
 94
        0
331
7F6
 74
     1
 94
        0
 75
     0
140
0.5
141
0.0
280
     0
  0
BLOCKSTRETCHACTION
  5
7E8
330
7CB
100
AcDbEvalExpr
 90
       69
 98
       33
 99
        4
100
AcDbBlockElement
300
Stretch3
 98
       27
 99
        1
1071
        0
100
AcDbBlockAction
 70
     6
 91
        1
 91
       17
 91
       23
 91
       47
 91
       58
 91
       64
 71
    15
330
7E6
330
7E1
330
7E0
330
7DD
330
7DC
330
7DB
330
7D7
330
7D6
330
7D2
330
7CC
330
7EF
330
7EE
330
7ED
330
7F0
330
7F1
1010
5.560309
1020
-0.824345
1030
0.0
100
AcDbBlockStretchAction
 92
        9
301
BaseXDelta
 93
        9
302
BaseYDelta
 72
     2
1011
1.501398
1021
1.531609
1011
-0.776625
1021
-0.561701
 73
     3
331
7ED
 74
     2
 94
        0
 94
        3
331
7EE
 74
     2
 94
        0
 94
        3
331
7F0
 74
     2
 94
        0
 94
        3
 75
     6
 95
        1
 76
     2
 94
        0
 94
        1
 95
       17
 76
     1
 94
        0
 95
       23
 76
     1
 94
        0
 95
       47
 76
     2
 94
        0
 94
        1
 95
       58
 76
     2
 94
        0
 94
        1
 95
       64
 76
     1
 94
        0
140
1.0
141
0.0
280
     0
  0
BLOCKSTRETCHACTION
  5
7E9
330
7CB
100
AcDbEvalExpr
 90
       70
 98
       33
 99
        4
100
AcDbBlockElement
300
Stretch4
 98
       27
 99
        1
1071
        0
100
AcDbBlockAction
 70
     0
 71
     5
330
7F6
330
7F5
330
7F4
330
7F3
330
7F2
1010
5.583096
1020
-0.824345
1030
0.0
100
AcDbBlockStretchAction
 92
        9
301
BaseXDelta
 93
        9
302
BaseYDelta
 72
     2
1011
3.240866
1021
-0.162863
1011
1.776246
1021
0.855649
 73
     5
331
7F2
 74
     1
 94
        0
331
7F3
 74
     1
 94
        0
331
7F4
 74
     1
 94
        0
331
7F5
 74
     1
 94
        0
331
7F6
 74
     1
 94
        0
 75
     0
140
0.5
141
0.0
280
     0
  0
ACDB_BLOCKREPRESENTATION_DATA
  5
878
102
{ACAD_REACTORS
330
877
102
}
330
877
100
AcDbBlockRepresentationData
 70
     1
340
7C9
  0
DICTIONARY
  5
879
102
{ACAD_REACTORS
330
877
102
}
330
877
100
AcDbDictionary
280
     1
281
     1
  3
ACAD_ENHANCEDBLOCKDATA
360
87A
  3
ACAD_ENHANCEDBLOCKHISTORY
360
889
  0
DICTIONARY
  5
358
330
22
100
AcDbDictionary
280
     1
281
     1
  3
CSD_PLOT_CONFIG
360
359
  0
DICTIONARY
  5
957
330
7F
100
AcDbDictionary
280
     1
281
     1
  3
ACAD_ROUNDTRIP_2008_TABLESTYLE_CELLSTYLEMAP
360
958
  0
DICTIONARY
  5
87A
102
{ACAD_REACTORS
330
879
102
}
330
879
100
AcDbDictionary
280
     1
281
     1
  3
1
360
87B
  3
16
360
87C
  3
17
360
87D
  3
23
360
87E
  3
47
360
87F
  3
48
360
880
  3
58
360
881
  3
59
360
882
  3
64
360
883
  3
68
360
884
  3
69
360
885
  3
70
360
886
  3
8
360
887
  3
9
360
888
  0
XRECORD
  5
889
102
{ACAD_REACTORS
330
879
102
}
330
879
100
AcDbXrecord
280
     1
1070
     3
1071
       17
300
ANCHO
  1
P200
1071
       10
300
GRIPLOC
 11
-3.417855
 21
0.0
 31
0.0
1071
       17
300
ANCHO
  1
E300
1071
       13
300
GRIPLOC
 11
-1.084927
 21
0.0
 31
0.0
1071
       10
300
GRIPLOC
 11
0.298266
 21
0.0
 31
0.0
1071
       13
300
GRIPLOC
 11
-8.84048
 21
0.0
 31
0.0
1071
       17
300
ANCHO
  1
E150
1071
       10
300
GRIPLOC
 11
-8.802807
 21
0.0
 31
0.0
1071
       13
300
GRIPLOC
 11
2.401095
 21
0.0
 31
0.0
1071
       10
300
GRIPLOC
 11
1.830428
 21
0.0
 31
0.0
1071
       13
300
GRIPLOC
 11
-0.318512
 21
0.0
 31
0.0
1071
       10
300
GRIPLOC
 11
0.162243
 21
0.0
 31
0.0
1071
       17
300
ANCHO
  1
E300
1071
       13
300
GRIPLOC
 11
2.232971
 21
0.0
 31
0.0
1071
       17
300
ANCHO
  1
E S300
1071
       10
300
GRIPLOC
 11
1.190084
 21
0.0
 31
0.0
1071
       17
300
ANCHO
  1
E300
1071
       13
300
GRIPLOC
 11
-1.06994
 21
0.0
 31
0.0
1071
       17
300
ANCHO
  1
E450
1071
       10
300
GRIPLOC
 11
-1.747962
 21
0.0
 31
0.0
1071
       17
300
ANCHO
  1
E150
1071
       13
300
GRIPLOC
 11
-5.425591
 21
0.0
 31
0.0
1071
       17
300
ANCHO
  1
E300
1071
       13
300
GRIPLOC
 11
-0.699239
 21
0.0
 31
0.0
1071
       10
300
GRIPLOC
 11
0.33275
 21
0.0
 31
0.0
1071
       13
300
GRIPLOC
 11
5.014824
 21
0.0
 31
0.0
1071
       10
300
GRIPLOC
 11
-0.594208
 21
0.0
 31
0.0
1071
       17
300
ANCHO
  1
E150
1071
       13
300
GRIPLOC
 11
0.23722
 21
0.0
 31
0.0
1071
       10
300
GRIPLOC
 11
23.270786
 21
0.0
 31
0.0
1071
       13
300
GRIPLOC
 11
18.184478
 21
0.0
 31
0.0
1071
       10
300
GRIPLOC
 11
7.449468
 21
0.0
 31
0.0
1071
       17
300
ANCHO
  1
P100
1071
       13
300
GRIPLOC
 11
2.033173
 21
0.0
 31
0.0
1071
       10
300
GRIPLOC
 11
-10.428235
 21
0.0
 31
0.0
1071
       13
300
GRIPLOC
 11
-3.008325
 21
0.0
 31
0.0
1071
       10
300
GRIPLOC
 11
-0.880847
 21
0.0
 31
0.0
1071
       13
300
GRIPLOC
 11
0.313229
 21
0.0
 31
0.0
1071
       10
300
GRIPLOC
 11
3.296571
 21
0.0
 31
0.0
1071
       17
300
ANCHO
  1
P100
1071
       13
300
GRIPLOC
 11
2.605944
 21
0.0
 31
0.0
  0
LAYOUTPRINTCONFIG
  5
359
102
{ACAD_REACTORS
330
358
102
}
330
358
100
AcDbEntity
  8
0
160
                 8
310
0800000000000000
100
CAcLayoutPrintConfig
 93
        0
  0
CELLSTYLEMAP
  5
958
102
{ACAD_REACTORS
330
957
102
}
330
957
100
AcDbCellStyleMap
 90
        3
300
CELLSTYLE
  1
TABLEFORMAT_BEGIN
 90
        5
170
     1
 91
        0
 92
    32768
 62
   257
 93
        1
300
CONTENTFORMAT
  1
CONTENTFORMAT_BEGIN
 90
        0
 91
        0
 92
      512
 93
        0
300

 40
0.0
140
1.0
 94
        5
 62
     0
340
11
144
6.0
309
CONTENTFORMAT_END
171
     1
301
MARGIN
  1
CELLMARGIN_BEGIN
 40
1.5
 40
1.5
 40
1.5
 40
1.5
 40
4.5
 40
4.5
309
CELLMARGIN_END
 94
        6
 95
        1
302
GRIDFORMAT
  1
GRIDFORMAT_BEGIN
 90
        0
 91
        1
 62
     0
 92
       -2
340
14
 93
        0
 40
1.125
309
GRIDFORMAT_END
 95
        2
302
GRIDFORMAT
  1
GRIDFORMAT_BEGIN
 90
        0
 91
        1
 62
     0
 92
       -2
340
14
 93
        0
 40
1.125
309
GRIDFORMAT_END
 95
        4
302
GRIDFORMAT
  1
GRIDFORMAT_BEGIN
 90
        0
 91
        1
 62
     0
 92
       -2
340
14
 93
        0
 40
1.125
309
GRIDFORMAT_END
 95
        8
302
GRIDFORMAT
  1
GRIDFORMAT_BEGIN
 90
        0
 91
        1
 62
     0
 92
       -2
340
14
 93
        0
 40
1.125
309
GRIDFORMAT_END
 95
       16
302
GRIDFORMAT
  1
GRIDFORMAT_BEGIN
 90
        0
 91
        1
 62
     0
 92
       -2
340
14
 93
        0
 40
1.125
309
GRIDFORMAT_END
 95
       32
302
GRIDFORMAT
  1
GRIDFORMAT_BEGIN
 90
        0
 91
        1
 62
     0
 92
       -2
340
14
 93
        0
 40
1.125
309
GRIDFORMAT_END
309
TABLEFORMAT_END
  1
CELLSTYLE_BEGIN
 90
        1
 91
        1
300
_TITLE
309
CELLSTYLE_END
300
CELLSTYLE
  1
TABLEFORMAT_BEGIN
 90
        5
170
     1
 91
        0
 92
        0
 62
   257
 93
        1
300
CONTENTFORMAT
  1
CONTENTFORMAT_BEGIN
 90
        0
 91
        0
 92
      512
 93
        0
300

 40
0.0
140
1.0
 94
        5
 62
     0
340
11
144
4.5
309
CONTENTFORMAT_END
171
     1
301
MARGIN
  1
CELLMARGIN_BEGIN
 40
1.5
 40
1.5
 40
1.5
 40
1.5
 40
4.5
 40
4.5
309
CELLMARGIN_END
 94
        6
 95
        1
302
GRIDFORMAT
  1
GRIDFORMAT_BEGIN
 90
        0
 91
        1
 62
     0
 92
       -2
340
14
 93
        0
 40
1.125
309
GRIDFORMAT_END
 95
        2
302
GRIDFORMAT
  1
GRIDFORMAT_BEGIN
 90
        0
 91
        1
 62
     0
 92
       -2
340
14
 93
        0
 40
1.125
309
GRIDFORMAT_END
 95
        4
302
GRIDFORMAT
  1
GRIDFORMAT_BEGIN
 90
        0
 91
        1
 62
     0
 92
       -2
340
14
 93
        0
 40
1.125
309
GRIDFORMAT_END
 95
        8
302
GRIDFORMAT
  1
GRIDFORMAT_BEGIN
 90
        0
 91
        1
 62
     0
 92
       -2
340
14
 93
        0
 40
1.125
309
GRIDFORMAT_END
 95
       16
302
GRIDFORMAT
  1
GRIDFORMAT_BEGIN
 90
        0
 91
        1
 62
     0
 92
       -2
340
14
 93
        0
 40
1.125
309
GRIDFORMAT_END
 95
       32
302
GRIDFORMAT
  1
GRIDFORMAT_BEGIN
 90
        0
 91
        1
 62
     0
 92
       -2
340
14
 93
        0
 40
1.125
309
GRIDFORMAT_END
309
TABLEFORMAT_END
  1
CELLSTYLE_BEGIN
 90
        2
 91
        1
300
_HEADER
309
CELLSTYLE_END
300
CELLSTYLE
  1
TABLEFORMAT_BEGIN
 90
        5
170
     1
 91
        0
 92
        0
 62
   257
 93
        1
300
CONTENTFORMAT
  1
CONTENTFORMAT_BEGIN
 90
        0
 91
        0
 92
      512
 93
        0
300

 40
0.0
140
1.0
 94
        2
 62
     0
340
11
144
4.5
309
CONTENTFORMAT_END
171
     1
301
MARGIN
  1
CELLMARGIN_BEGIN
 40
1.5
 40
1.5
 40
1.5
 40
1.5
 40
4.5
 40
4.5
309
CELLMARGIN_END
 94
        6
 95
        1
302
GRIDFORMAT
  1
GRIDFORMAT_BEGIN
 90
        0
 91
        1
 62
     0
 92
       -2
340
14
 93
        0
 40
1.125
309
GRIDFORMAT_END
 95
        2
302
GRIDFORMAT
  1
GRIDFORMAT_BEGIN
 90
        0
 91
        1
 62
     0
 92
       -2
340
14
 93
        0
 40
1.125
309
GRIDFORMAT_END
 95
        4
302
GRIDFORMAT
  1
GRIDFORMAT_BEGIN
 90
        0
 91
        1
 62
     0
 92
       -2
340
14
 93
        0
 40
1.125
309
GRIDFORMAT_END
 95
        8
302
GRIDFORMAT
  1
GRIDFORMAT_BEGIN
 90
        0
 91
        1
 62
     0
 92
       -2
340
14
 93
        0
 40
1.125
309
GRIDFORMAT_END
 95
       16
302
GRIDFORMAT
  1
GRIDFORMAT_BEGIN
 90
        0
 91
        1
 62
     0
 92
       -2
340
14
 93
        0
 40
1.125
309
GRIDFORMAT_END
 95
       32
302
GRIDFORMAT
  1
GRIDFORMAT_BEGIN
 90
        0
 91
        1
 62
     0
 92
       -2
340
14
 93
        0
 40
1.125
309
GRIDFORMAT_END
309
TABLEFORMAT_END
  1
CELLSTYLE_BEGIN
 90
        3
 91
        2
300
_DATA
309
CELLSTYLE_END
  0
XRECORD
  5
87B
102
{ACAD_REACTORS
330
87A
102
}
330
87A
100
AcDbXrecord
280
     1
1071
 18597260
1071
 25303744
 70
    25
 70
   104
 10
0.0
 20
0.0
 30
0.0
 10
0.0
 20
0.1
 30
0.0
 10
0.0
 20
0.0
 30
-1.0
  0
XRECORD
  5
87C
102
{ACAD_REACTORS
330
87A
102
}
330
87A
100
AcDbXrecord
280
     1
1071
  6895636
1071
  9291323
 70
    25
 70
   104
 40
0.0
  0
XRECORD
  5
87D
102
{ACAD_REACTORS
330
87A
102
}
330
87A
100
AcDbXrecord
280
     1
1071
 18605567
1071
 25317787
 70
    25
 70
   104
 10
-0.01695
 20
-0.041968
 30
0.0
  1
P100
  0
XRECORD
  5
87E
102
{ACAD_REACTORS
330
87A
102
}
330
87A
100
AcDbXrecord
280
     1
1071
 82437801
1071
112294725
 70
    25
 70
   104
 10
0.0
 20
0.0
 30
0.0
  0
XRECORD
  5
87F
102
{ACAD_REACTORS
330
87A
102
}
330
87A
100
AcDbXrecord
280
     1
1071
 82446124
1071
112284408
 70
    25
 70
   104
 10
0.0
 20
0.100091
 30
0.0
 10
0.0
 20
0.632025
 30
0.0
 10
0.0
 20
0.0
 30
-1.0
  0
XRECORD
  5
880
102
{ACAD_REACTORS
330
87A
102
}
330
87A
100
AcDbXrecord
280
     1
1071
  6886097
1071
  9208651
 70
    25
 70
   104
 70
     0
  0
XRECORD
  5
881
102
{ACAD_REACTORS
330
87A
102
}
330
87A
100
AcDbXrecord
280
     1
1071
  6887019
1071
  9372877
 70
    25
 70
   104
 10
0.0
 20
0.1
 30
0.0
 10
0.0
 20
-0.294697
 30
0.0
 10
0.0
 20
0.0
 30
-1.0
 70
     0
  0
XRECORD
  5
882
102
{ACAD_REACTORS
330
87A
102
}
330
87A
100
AcDbXrecord
280
     1
1071
   575085
1071
   763560
 70
    25
 70
   104
 70
     0
 70
     0
  0
XRECORD
  5
883
102
{ACAD_REACTORS
330
87A
102
}
330
87A
100
AcDbXrecord
280
     1
1071
135625452
1071
184556386
 70
    25
 70
   104
 10
0.411997
 20
0.110797
 30
0.0
  1
SIN NOMBRE PERFORADA
  0
XRECORD
  5
884
102
{ACAD_REACTORS
330
87A
102
}
330
87A
100
AcDbXrecord
280
     1
1071
  6895636
1071
  9291323
 70
    25
 70
   104
 40
0.0
  0
XRECORD
  5
885
102
{ACAD_REACTORS
330
87A
102
}
330
87A
100
AcDbXrecord
280
     1
1071
  6895636
1071
  9291323
 70
    25
 70
   104
 40
0.0
  0
XRECORD
  5
886
102
{ACAD_REACTORS
330
87A
102
}
330
87A
100
AcDbXrecord
280
     1
1071
  6895636
1071
  9291323
 70
    25
 70
   104
 40
0.0
  0
XRECORD
  5
887
102
{ACAD_REACTORS
330
87A
102
}
330
87A
100
AcDbXrecord
280
     1
1071
  6895636
1071
  9291323
 70
    25
 70
   104
 40
0.0
  0
XRECORD
  5
888
102
{ACAD_REACTORS
330
87A
102
}
330
87A
100
AcDbXrecord
280
     1
1071
 18597260
1071
 25303744
 70
    25
 70
   104
 10
0.0
 20
0.0
 30
0.0
 10
4.382764
 20
0.0
 30
0.0
 10
0.0
 20
0.0
 30
-1.0
  0
ENDSEC
  0
EOF
