  0
SECTION
  2
HEADER
  9
$ACADVER
  1
AC1027
  9
$ACADMAINTVER
 70
     8
  9
$DWGCODEPAGE
  3
ANSI_1251
  9
$REQUIREDVERSIONS
160
                 0
  9
$LASTSAVEDBY
  1
Autodesk
  9
$INSBASE
 10
0.0
 20
0.0
 30
0.0
  9
$EXTMIN
 10
1.000000E+20
 20
1.000000E+20
 30
1.000000E+20
  9
$EXTMAX
 10
-1.000000E+20
 20
-1.000000E+20
 30
-1.000000E+20
  9
$LIMMIN
 10
0.0
 20
0.0
  9
$LIMMAX
 10
420.0
 20
297.0
  9
$ORTHOMODE
 70
     0
  9
$REGENMODE
 70
     1
  9
$FILLMODE
 70
     1
  9
$QTEXTMODE
 70
     0
  9
$MIRRTEXT
 70
     0
  9
$LTSCALE
 40
1.0
  9
$ATTMODE
 70
     1
  9
$TEXTSIZE
 40
2.5
  9
$TRACEWID
 40
1.0
  9
$TEXTSTYLE
  7
Standard
  9
$CLAYER
  8
0
  9
$CELTYPE
  6
ByLayer
  9
$CECOLOR
 62
   256
  9
$CELTSCALE
 40
1.0
  9
$DISPSILH
 70
     0
  9
$DIMSCALE
 40
1.0
  9
$DIMASZ
 40
2.5
  9
$DIMEXO
 40
0.5
  9
$DIMDLI
 40
6.0
  9
$DIMRND
 40
0.0
  9
$DIMDLE
 40
0.0
  9
$DIMEXE
 40
0.0
  9
$DIMTP
 40
0.0
  9
$DIMTM
 40
0.0
  9
$DIMTXT
 40
2.5
  9
$DIMCEN
 40
2.5
  9
$DIMTSZ
 40
0.0
  9
$DIMTOL
 70
     0
  9
$DIMLIM
 70
     0
  9
$DIMTIH
 70
     0
  9
$DIMTOH
 70
     1
  9
$DIMSE1
 70
     0
  9
$DIMSE2
 70
     0
  9
$DIMTAD
 70
     0
  9
$DIMZIN
 70
     0
  9
$DIMBLK
  1

  9
$DIMASO
 70
     1
  9
$DIMSHO
 70
     1
  9
$DIMPOST
  1

  9
$DIMAPOST
  1

  9
$DIMALT
 70
     0
  9
$DIMALTD
 70
     2
  9
$DIMALTF
 40
25.4
  9
$DIMLFAC
 40
1.0
  9
$DIMTOFL
 70
     0
  9
$DIMTVP
 40
0.0
  9
$DIMTIX
 70
     0
  9
$DIMSOXD
 70
     0
  9
$DIMSAH
 70
     0
  9
$DIMBLK1
  1

  9
$DIMBLK2
  1

  9
$DIMSTYLE
  2
Standard
  9
$DIMCLRD
 70
     0
  9
$DIMCLRE
 70
     0
  9
$DIMCLRT
 70
     0
  9
$DIMTFAC
 40
1.0
  9
$DIMGAP
 40
1.0
  9
$DIMJUST
 70
     0
  9
$DIMSD1
 70
     0
  9
$DIMSD2
 70
     0
  9
$DIMTOLJ
 70
     1
  9
$DIMTZIN
 70
     0
  9
$DIMALTZ
 70
     0
  9
$DIMALTTZ
 70
     0
  9
$DIMUPT
 70
     0
  9
$DIMDEC
 70
     4
  9
$DIMTDEC
 70
     4
  9
$DIMALTU
 70
     2
  9
$DIMALTTD
 70
     2
  9
$DIMTXSTY
  7
Standard
  9
$DIMAUNIT
 70
     0
  9
$DIMADEC
 70
     0
  9
$DIMALTRND
 40
0.0
  9
$DIMAZIN
 70
     0
  9
$DIMDSEP
 70
    46
  9
$DIMATFIT
 70
     3
  9
$DIMFRAC
 70
     0
  9
$DIMLDRBLK
  1

  9
$DIMLUNIT
 70
     2
  9
$DIMLWD
 70
    -2
  9
$DIMLWE
 70
    -2
  9
$DIMTMOVE
 70
     0
  9
$DIMFXL
 40
1.0
  9
$DIMFXLON
 70
     0
  9
$DIMJOGANG
 40
0.785398
  9
$DIMTFILL
 70
     0
  9
$DIMTFILLCLR
 70
     0
  9
$DIMARCSYM
 70
     0
  9
$DIMLTYPE
  6
ByLayer
  9
$DIMLTEX1
  6
ByLayer
  9
$DIMLTEX2
  6
ByLayer
  9
$DIMTXTDIRECTION
 70
     0
  9
$LUNITS
 70
     2
  9
$LUPREC
 70
     4
  9
$SKETCHINC
 40
1.0
  9
$FILLETRAD
 40
0.0
  9
$AUNITS
 70
     0
  9
$AUPREC
 70
     0
  9
$MENU
  1
.
  9
$ELEVATION
 40
0.0
  9
$PELEVATION
 40
0.0
  9
$THICKNESS
 40
0.0
  9
$LIMCHECK
 70
     0
  9
$CHAMFERA
 40
0.0
  9
$CHAMFERB
 40
0.0
  9
$CHAMFERC
 40
0.0
  9
$CHAMFERD
 40
0.0
  9
$SKPOLY
 70
     0
  9
$TDCREATE
 40
2454082.78338338
  9
$TDUCREATE
 40
2454082.90838338
  9
$TDUPDATE
 40
2461183.41326588
  9
$TDUUPDATE
 40
2461183.53826588
  9
$TDINDWG
 40
0.0105753588
  9
$TDUSRTIMER
 40
0.0105751736
  9
$USRTIMER
 70
     1
  9
$ANGBASE
 50
0.0
  9
$ANGDIR
 70
     0
  9
$PDMODE
 70
     0
  9
$PDSIZE
 40
0.0
  9
$PLINEWID
 40
0.0
  9
$SPLFRAME
 70
     0
  9
$SPLINETYPE
 70
     6
  9
$SPLINESEGS
 70
     8
  9
$HANDSEED
  5
899
  9
$SURFTAB1
 70
     6
  9
$SURFTAB2
 70
     6
  9
$SURFTYPE
 70
     6
  9
$SURFU
 70
     6
  9
$SURFV
 70
     6
  9
$UCSBASE
  2

  9
$UCSNAME
  2

  9
$UCSORG
 10
0.0
 20
0.0
 30
0.0
  9
$UCSXDIR
 10
1.0
 20
0.0
 30
0.0
  9
$UCSYDIR
 10
0.0
 20
1.0
 30
0.0
  9
$UCSORTHOREF
  2

  9
$UCSORTHOVIEW
 70
     0
  9
$UCSORGTOP
 10
0.0
 20
0.0
 30
0.0
  9
$UCSORGBOTTOM
 10
0.0
 20
0.0
 30
0.0
  9
$UCSORGLEFT
 10
0.0
 20
0.0
 30
0.0
  9
$UCSORGRIGHT
 10
0.0
 20
0.0
 30
0.0
  9
$UCSORGFRONT
 10
0.0
 20
0.0
 30
0.0
  9
$UCSORGBACK
 10
0.0
 20
0.0
 30
0.0
  9
$PUCSBASE
  2

  9
$PUCSNAME
  2

  9
$PUCSORG
 10
0.0
 20
0.0
 30
0.0
  9
$PUCSXDIR
 10
1.0
 20
0.0
 30
0.0
  9
$PUCSYDIR
 10
0.0
 20
1.0
 30
0.0
  9
$PUCSORTHOREF
  2

  9
$PUCSORTHOVIEW
 70
     0
  9
$PUCSORGTOP
 10
0.0
 20
0.0
 30
0.0
  9
$PUCSORGBOTTOM
 10
0.0
 20
0.0
 30
0.0
  9
$PUCSORGLEFT
 10
0.0
 20
0.0
 30
0.0
  9
$PUCSORGRIGHT
 10
0.0
 20
0.0
 30
0.0
  9
$PUCSORGFRONT
 10
0.0
 20
0.0
 30
0.0
  9
$PUCSORGBACK
 10
0.0
 20
0.0
 30
0.0
  9
$USERI1
 70
     0
  9
$USERI2
 70
     0
  9
$USERI3
 70
     0
  9
$USERI4
 70
     0
  9
$USERI5
 70
     0
  9
$USERR1
 40
0.0
  9
$USERR2
 40
0.0
  9
$USERR3
 40
0.0
  9
$USERR4
 40
0.0
  9
$USERR5
 40
0.0
  9
$WORLDVIEW
 70
     1
  9
$SHADEDGE
 70
     3
  9
$SHADEDIF
 70
    70
  9
$TILEMODE
 70
     1
  9
$MAXACTVP
 70
    64
  9
$PINSBASE
 10
0.0
 20
0.0
 30
0.0
  9
$PLIMCHECK
 70
     0
  9
$PEXTMIN
 10
0.0
 20
0.0
 30
0.0
  9
$PEXTMAX
 10
0.0
 20
0.0
 30
0.0
  9
$PLIMMIN
 10
-20.0
 20
-7.5
  9
$PLIMMAX
 10
277.0
 20
202.5
  9
$UNITMODE
 70
     0
  9
$VISRETAIN
 70
     1
  9
$PLINEGEN
 70
     0
  9
$PSLTSCALE
 70
     0
  9
$TREEDEPTH
 70
  3020
  9
$CMLSTYLE
  2
Standard
  9
$CMLJUST
 70
     0
  9
$CMLSCALE
 40
20.0
  9
$PROXYGRAPHICS
 70
     1
  9
$MEASUREMENT
 70
     1
  9
$CELWEIGHT
370
    -1
  9
$ENDCAPS
280
     0
  9
$JOINSTYLE
280
     0
  9
$LWDISPLAY
290
     1
  9
$INSUNITS
 70
     4
  9
$HYPERLINKBASE
  1

  9
$STYLESHEET
  1

  9
$XEDIT
290
     1
  9
$CEPSNTYPE
380
     0
  9
$PSTYLEMODE
290
     1
  9
$FINGERPRINTGUID
  2
{78B0F746-B111-4909-95E5-2EF5CBA97683}
  9
$VERSIONGUID
  2
{88884FFE-1838-4093-901C-E4DA6EFB818F}
  9
$EXTNAMES
290
     1
  9
$PSVPSCALE
 40
0.0
  9
$OLESTARTUP
290
     0
  9
$SORTENTS
280
   127
  9
$INDEXCTL
280
     0
  9
$HIDETEXT
280
     1
  9
$XCLIPFRAME
280
     0
  9
$HALOGAP
280
     0
  9
$OBSCOLOR
 70
   257
  9
$OBSLTYPE
280
     0
  9
$INTERSECTIONDISPLAY
280
     0
  9
$INTERSECTIONCOLOR
 70
   257
  9
$DIMASSOC
280
     2
  9
$PROJECTNAME
  1

  9
$CAMERADISPLAY
290
     0
  9
$LENSLENGTH
 40
50.0
  9
$CAMERAHEIGHT
 40
0.0
  9
$STEPSPERSEC
 40
2.0
  9
$STEPSIZE
 40
6.0
  9
$3DDWFPREC
 40
2.0
  9
$PSOLWIDTH
 40
5.0
  9
$PSOLHEIGHT
 40
80.0
  9
$LOFTANG1
 40
1.570796
  9
$LOFTANG2
 40
1.570796
  9
$LOFTMAG1
 40
0.0
  9
$LOFTMAG2
 40
0.0
  9
$LOFTPARAM
 70
     7
  9
$LOFTNORMALS
280
     1
  9
$LATITUDE
 40
37.795
  9
$LONGITUDE
 40
-122.394
  9
$NORTHDIRECTION
 40
0.0
  9
$TIMEZONE
 70
 -8000
  9
$LIGHTGLYPHDISPLAY
280
     1
  9
$TILEMODELIGHTSYNCH
280
     1
  9
$CMATERIAL
347
EC
  9
$SOLIDHIST
280
     1
  9
$SHOWHIST
280
     1
  9
$DWFFRAME
280
     2
  9
$DGNFRAME
280
     0
  9
$REALWORLDSCALE
290
     1
  9
$INTERFERECOLOR
 62
     1
  9
$CSHADOW
280
     0
  9
$SHADOWPLANELOCATION
 40
0.0
  0
ENDSEC
  0
SECTION
  2
CLASSES
  0
CLASS
  1
ACDBDICTIONARYWDFLT
  2
AcDbDictionaryWithDefault
  3
ObjectDBX Classes
 90
        0
 91
       19
280
     0
281
     0
  0
CLASS
  1
ACDBPLACEHOLDER
  2
AcDbPlaceHolder
  3
ObjectDBX Classes
 90
        0
 91
        1
280
     0
281
     0
  0
CLASS
  1
LAYOUT
  2
AcDbLayout
  3
ObjectDBX Classes
 90
        0
 91
        1
280
     0
281
     0
  0
CLASS
  1
DICTIONARYVAR
  2
AcDbDictionaryVar
  3
ObjectDBX Classes
 90
        0
 91
       12
280
     0
281
     0
  0
CLASS
  1
TABLESTYLE
  2
AcDbTableStyle
  3
ObjectDBX Classes
 90
     4095
 91
       12
280
     0
281
     0
  0
CLASS
  1
MATERIAL
  2
AcDbMaterial
  3
ObjectDBX Classes
 90
     1153
 91
       18
280
     0
281
     0
  0
CLASS
  1
VISUALSTYLE
  2
AcDbVisualStyle
  3
ObjectDBX Classes
 90
     4095
 91
       17
280
     0
281
     0
  0
CLASS
  1
SCALE
  2
AcDbScale
  3
ObjectDBX Classes
 90
     1153
 91
       18
280
     0
281
     0
  0
CLASS
  1
MLEADERSTYLE
  2
AcDbMLeaderStyle
  3
ACDB_MLEADERSTYLE_CLASS
 90
     4095
 91
       11
280
     0
281
     0
  0
CLASS
  1
CELLSTYLEMAP
  2
AcDbCellStyleMap
  3
ObjectDBX Classes
 90
     1152
 91
       10
280
     0
281
     0
  0
CLASS
  1
EXACXREFPANELOBJECT
  2
ExAcXREFPanelObject
  3
EXAC_ESW
 90
     1025
 91
        1
280
     1
281
     0
  0
CLASS
  1
NPOCOLLECTION
  2
AcDbImpNonPersistentObjectsCollection
  3
ObjectDBX Classes
 90
     1153
 91
        1
280
     1
281
     0
  0
CLASS
  1
LAYER_INDEX
  2
AcDbLayerIndex
  3
ObjectDBX Classes
 90
        0
 91
        9
280
     0
281
     0
  0
CLASS
  1
SPATIAL_INDEX
  2
AcDbSpatialIndex
  3
AutoCAD 2000
 90
        0
 91
        9
280
     0
281
     0
  0
CLASS
  1
IDBUFFER
  2
AcDbIdBuffer
  3
ObjectDBX Classes
 90
        0
 91
        9
280
     0
281
     0
  0
CLASS
  1
Wall
  2
PtDbWall
  3
NanoSPDS
 90
      893
 91
        1
280
     1
281
     1
  0
CLASS
  1
SORTENTSTABLE
  2
AcDbSortentsTable
  3
ObjectDBX Classes
 90
        0
 91
       12
280
     0
281
     0
  0
CLASS
  1
Format
  2
mcsDbObjectFormat
  3
NanoSPDS
 90
      893
 91
        1
280
     1
281
     1
  0
CLASS
  1
NOTEPOSITION
  2
mcsDbObjectNotePosition
  3
NanoSPDS
 90
      893
 91
        8
280
     0
281
     1
  0
CLASS
  1
mcsDbObject
  2
mcsDbObject
  3
NanoSPDS
 90
      893
 91
       25
280
     0
281
     1
  0
CLASS
  1
McDbContainer2
  2
McDbContainer2
  3
NanoSPDS
 90
      893
 91
        8
280
     0
281
     0
  0
CLASS
  1
spdsLevelMark
  2
mcsDbObjectLevelMark
  3
NanoSPDS
 90
      893
 91
        1
280
     1
281
     1
  0
CLASS
  1
spdsRelationMark
  2
mcsDbObjectRelationMark
  3
NanoSPDS
 90
      893
 91
        1
280
     1
281
     1
  0
CLASS
  1
LAYOUTPRINTCONFIG
  2
CAcLayoutPrintConfig
  3
"CSD_APP"
 90
     4095
 91
        9
280
     0
281
     1
  0
CLASS
  1
SUN
  2
AcDbSun
  3
SCENEOE
 90
     1153
 91
       18
280
     0
281
     0
  0
ENDSEC
  0
SECTION
  2
TABLES
  0
TABLE
  2
VPORT
  5
8
330
0
100
AcDbSymbolTable
 70
     1
  0
VPORT
  5
EA
330
8
100
AcDbSymbolTableRecord
100
AcDbViewportTableRecord
  2
*Active
 70
     0
 10
0.0
 20
0.0
 11
1.0
 21
1.0
 12
-129.427036
 22
-14.782789
 13
0.0
 23
0.0
 14
10.0
 24
10.0
 15
10.0
 25
10.0
 16
0.0
 26
0.0
 36
1.0
 17
210.0
 27
148.5
 37
0.0
 40
12.612299
 41
2.341371
 42
50.0
 43
0.0
 44
0.0
 50
0.0
 51
0.0
 71
    16
 72
  1000
 73
     1
 74
     3
 75
     0
 76
     0
 77
     0
 78
     0
281
     0
 65
     1
110
0.0
120
0.0
130
0.0
111
1.0
121
0.0
131
0.0
112
0.0
122
1.0
132
0.0
 79
     0
146
0.0
 60
     2
 61
     5
292
     1
282
     1
141
0.0
142
0.0
 63
   250
421
  3355443
361
364
  0
ENDTAB
  0
TABLE
  2
LTYPE
  5
5
330
0
100
AcDbSymbolTable
 70
     4
  0
LTYPE
  5
14
330
5
100
AcDbSymbolTableRecord
100
AcDbLinetypeTableRecord
  2
ByBlock
 70
     0
  3

 72
    65
 73
     0
 40
0.0
  0
LTYPE
  5
15
330
5
100
AcDbSymbolTableRecord
100
AcDbLinetypeTableRecord
  2
ByLayer
 70
     0
  3

 72
    65
 73
     0
 40
0.0
  0
LTYPE
  5
16
330
5
100
AcDbSymbolTableRecord
100
AcDbLinetypeTableRecord
  2
Continuous
 70
     0
  3
Solid line
 72
    65
 73
     0
 40
0.0
  0
LTYPE
  5
368
330
5
100
AcDbSymbolTableRecord
100
AcDbLinetypeTableRecord
  2
CONTINUA
 70
     0
  3
Linea ininterrumpida
 72
    65
 73
     0
 40
0.0
  0
LTYPE
  5
373
330
5
100
AcDbSymbolTableRecord
100
AcDbLinetypeTableRecord
  2
DASHED
 70
     0
  3
__ __ __ __ __ __ __ __ __ __ __ __ __ __ __ __
 72
    65
 73
     2
 40
0.75
 49
0.5
 74
     0
 49
-0.25
 74
     0
  0
LTYPE
  5
375
330
5
100
AcDbSymbolTableRecord
100
AcDbLinetypeTableRecord
  2
DASHED2
 70
     0
  3
_ _ _ _ _ _ _ _ _ _ _ _ _ _ _ _ _ _ _ _ _ _ _ _
 72
    65
 73
     2
 40
0.375
 49
0.25
 74
     0
 49
-0.125
 74
     0
  0
ENDTAB
  0
TABLE
  2
LAYER
  5
2
102
{ACAD_XDICTIONARY
360
891
102
}
330
0
100
AcDbSymbolTable
 70
    12
  0
LAYER
  5
10
330
2
100
AcDbSymbolTableRecord
100
AcDbLayerTableRecord
  2
0
 70
     0
 62
     7
  6
Continuous
370
    -3
390
F
347
EE
348
0
  0
LAYER
  5
22D
330
2
100
AcDbSymbolTableRecord
100
AcDbLayerTableRecord
  2
Defpoints
 70
     0
 62
     7
  6
Continuous
290
     0
370
    -3
390
F
347
EE
348
0
  0
LAYER
  5
366
330
2
100
AcDbSymbolTableRecord
100
AcDbLayerTableRecord
  2
MUEBLES
 70
     0
 62
   252
  6
CONTINUA
370
    -3
390
F
347
EE
348
0
1001
AcAecLayerStandard
1000

1000

  0
LAYER
  5
36A
330
2
100
AcDbSymbolTableRecord
100
AcDbLayerTableRecord
  2
02
 70
     0
 62
     2
  6
Continuous
370
    -3
390
F
347
EE
348
0
1001
RAK
1000
{ACET-LAYISO
1070
     0
1070
     2
1000
CONTINUOUS
1071
       -3
1071
        1
1005
F
1000
ACET-LAYISO}
  0
LAYER
  5
36C
330
2
100
AcDbSymbolTableRecord
100
AcDbLayerTableRecord
  2
MUROS
 70
     0
 62
     4
  6
Continuous
370
    -3
390
F
347
EE
348
0
1001
RAK
1000
{ACET-LAYISO
1070
     0
1070
     5
1000
CONTINUOUS
1071
       -3
1071
        1
1005
F
1000
ACET-LAYISO}
  0
LAYER
  5
36D
330
2
100
AcDbSymbolTableRecord
100
AcDbLayerTableRecord
  2
CARPINTERÍA
 70
     0
 62
     1
  6
Continuous
370
    -3
390
F
347
EE
348
0
1001
RAK
1000
{ACET-LAYISO
1070
     0
1070
     1
1000
CONTINUOUS
1071
       -3
1071
        1
1005
F
1000
ACET-LAYISO}
  0
LAYER
  5
36E
330
2
100
AcDbSymbolTableRecord
100
AcDbLayerTableRecord
  2
0.1
 70
     0
 62
     7
  6
Continuous
370
    -3
390
F
347
EE
348
0
1001
RAK
1000
{ACET-LAYISO
1070
     0
1070
     7
1000
CONTINUOUS
1071
       -3
1071
        1
1005
F
1000
ACET-LAYISO}
  0
LAYER
  5
36F
330
2
100
AcDbSymbolTableRecord
100
AcDbLayerTableRecord
  2
0-3
 70
     0
 62
     3
  6
Continuous
370
    -3
390
F
347
EE
348
0
1001
RAK
1000
{ACET-LAYISO
1070
     0
1070
     3
1000
CONTINUOUS
1071
       -3
1071
        1
1005
F
1000
ACET-LAYISO}
  0
LAYER
  5
370
330
2
100
AcDbSymbolTableRecord
100
AcDbLayerTableRecord
  2
251
 70
     0
 62
   251
  6
Continuous
370
    -3
390
F
347
EE
348
0
1001
AcAecLayerStandard
1000

1000

1001
RAK
1000
{ACET-LAYISO
1070
     0
1070
   251
1000
CONTINUOUS
1071
       -3
1071
        1
1005
F
1000
ACET-LAYISO}
  0
LAYER
  5
371
330
2
100
AcDbSymbolTableRecord
100
AcDbLayerTableRecord
  2
08
 70
     0
 62
     8
  6
Continuous
370
    -3
390
F
347
EE
348
0
1001
RAK
1000
{ACET-LAYISO
1070
     0
1070
     8
1000
CONTINUOUS
1071
       -3
1071
        1
1005
F
1000
ACET-LAYISO}
  0
LAYER
  5
372
330
2
100
AcDbSymbolTableRecord
100
AcDbLayerTableRecord
  2
AUX
 70
     0
 62
     1
  6
DASHED
370
    -3
390
F
347
EE
348
0
1001
RAK
1000
{ACET-LAYISO
1070
     0
1070
     1
1000
DASHED
1071
       -3
1071
        1
1005
F
1000
ACET-LAYISO}
  0
LAYER
  5
374
330
2
100
AcDbSymbolTableRecord
100
AcDbLayerTableRecord
  2
CALLES
 70
     0
 62
     1
  6
Continuous
370
    -3
390
F
347
EE
348
0
1001
RAK
1000
{ACET-LAYISO
1070
     0
1070
     1
1000
CONTINUOUS
1071
       -3
1071
        1
1005
F
1000
ACET-LAYISO}
  0
ENDTAB
  0
TABLE
  2
STYLE
  5
3
330
0
100
AcDbSymbolTable
 70
     4
  0
STYLE
  5
11
330
3
100
AcDbSymbolTableRecord
100
AcDbTextStyleTableRecord
  2
Standard
 70
     0
 40
0.0
 41
1.0
 50
0.0
 71
     0
 42
2.5
  3
txt.shx
  4

  0
STYLE
  5
1E3
330
3
100
AcDbSymbolTableRecord
100
AcDbTextStyleTableRecord
  2

 70
     1
 40
0.0
 41
1.0
 50
0.0
 71
     0
 42
0.2
  3
GOST 2.303-68.shx
  4

  0
STYLE
  5
37A
330
3
100
AcDbSymbolTableRecord
100
AcDbTextStyleTableRecord
  2
STYLUS
 70
     0
 40
0.0
 41
1.0
 50
0.0
 71
     0
 42
2.5
  3
stylu.ttf
  4

1001
ACAD
1000
Stylus BT
1071
       34
  0
ENDTAB
  0
TABLE
  2
VIEW
  5
6
330
0
100
AcDbSymbolTable
 70
     0
  0
ENDTAB
  0
TABLE
  2
UCS
  5
7
330
0
100
AcDbSymbolTable
 70
     0
  0
ENDTAB
  0
TABLE
  2
APPID
  5
9
330
0
100
AcDbSymbolTable
 70
    16
  0
APPID
  5
12
330
9
100
AcDbSymbolTableRecord
100
AcDbRegAppTableRecord
  2
ACAD
 70
     0
  0
APPID
  5
9E
330
9
100
AcDbSymbolTableRecord
100
AcDbRegAppTableRecord
  2
ACAD_PSEXT
 70
     0
  0
APPID
  5
133
330
9
100
AcDbSymbolTableRecord
100
AcDbRegAppTableRecord
  2
AcadAnnoPO
 70
     0
  0
APPID
  5
134
330
9
100
AcDbSymbolTableRecord
100
AcDbRegAppTableRecord
  2
AcadAnnotative
 70
     0
  0
APPID
  5
135
330
9
100
AcDbSymbolTableRecord
100
AcDbRegAppTableRecord
  2
ACAD_DSTYLE_DIMJAG
 70
     0
  0
APPID
  5
136
330
9
100
AcDbSymbolTableRecord
100
AcDbRegAppTableRecord
  2
ACAD_DSTYLE_DIMTALN
 70
     0
  0
APPID
  5
165
330
9
100
AcDbSymbolTableRecord
100
AcDbRegAppTableRecord
  2
ACAD_MLEADERVER
 70
     0
  0
APPID
  5
1E1
330
9
100
AcDbSymbolTableRecord
100
AcDbRegAppTableRecord
  2
MCS_DIM1
 70
     0
  0
APPID
  5
1E2
330
9
100
AcDbSymbolTableRecord
100
AcDbRegAppTableRecord
  2
McsXdata5
 70
     0
  0
APPID
  5
209
330
9
100
AcDbSymbolTableRecord
100
AcDbRegAppTableRecord
  2
MCS_PARAMS_DATA
 70
     0
  0
APPID
  5
20C
330
9
100
AcDbSymbolTableRecord
100
AcDbRegAppTableRecord
  2
MCS_PARAMS_HIDDEN_DATA
 70
     0
  0
APPID
  5
34D
330
9
100
AcDbSymbolTableRecord
100
AcDbRegAppTableRecord
  2
MCS_DOCUMENT_ID
 70
     0
  0
APPID
  5
353
330
9
100
AcDbSymbolTableRecord
100
AcDbRegAppTableRecord
  2
McSubentIdentification
 70
     0
  0
APPID
  5
355
330
9
100
AcDbSymbolTableRecord
100
AcDbRegAppTableRecord
  2
MC_VERSION_DATA
 70
     0
  0
APPID
  5
369
330
9
100
AcDbSymbolTableRecord
100
AcDbRegAppTableRecord
  2
AcAecLayerStandard
 70
     0
  0
APPID
  5
36B
330
9
100
AcDbSymbolTableRecord
100
AcDbRegAppTableRecord
  2
RAK
 70
     0
  0
ENDTAB
  0
TABLE
  2
DIMSTYLE
  5
A
330
0
100
AcDbSymbolTable
 70
     1
100
AcDbDimStyleTable
  0
DIMSTYLE
105
1B0
330
A
100
AcDbSymbolTableRecord
100
AcDbDimStyleTableRecord
  2
Standard
 70
     0
 40
100.0
 41
2.5
 42
0.5
 43
6.0
 44
0.0
 50
45.000001
 73
     0
140
2.5
141
2.5
143
25.4
147
1.0
178
     0
340
11
345
15
346
15
347
15
  0
ENDTAB
  0
TABLE
  2
BLOCK_RECORD
  5
1
330
0
100
AcDbSymbolTable
 70
    13
  0
BLOCK_RECORD
  5
1F
102
{ACAD_XDICTIONARY
360
234
102
}
330
1
100
AcDbSymbolTableRecord
100
AcDbBlockTableRecord
  2
*Model_Space
340
22
 70
     0
280
     1
281
     0
  0
BLOCK_RECORD
  5
D6
330
1
100
AcDbSymbolTableRecord
100
AcDbBlockTableRecord
  2
*Paper_Space
340
D7
 70
     0
280
     1
281
     0
  0
BLOCK_RECORD
  5
21A
330
1
100
AcDbSymbolTableRecord
100
AcDbBlockTableRecord
  2
*Paper_Space0
340
21B
 70
     0
280
     1
281
     0
  0
BLOCK_RECORD
  5
1EC
330
1
100
AcDbSymbolTableRecord
100
AcDbBlockTableRecord
  2
_ARCHTICK
340
0
 70
     0
280
     1
281
     0
  0
BLOCK_RECORD
  5
1F4
330
1
100
AcDbSymbolTableRecord
100
AcDbBlockTableRecord
  2
_OPEN30
340
0
 70
     0
280
     1
281
     0
  0
BLOCK_RECORD
  5
1FC
330
1
100
AcDbSymbolTableRecord
100
AcDbBlockTableRecord
  2
_DOT
340
0
 70
     0
280
     1
281
     0
  0
BLOCK_RECORD
  5
224
330
1
100
AcDbSymbolTableRecord
100
AcDbBlockTableRecord
  2
*Paper_Space4
340
225
 70
     0
280
     1
281
     0
  0
BLOCK_RECORD
  5
D2
330
1
100
AcDbSymbolTableRecord
100
AcDbBlockTableRecord
  2
*Paper_Space5
340
D3
 70
     0
280
     1
281
     0
  0
BLOCK_RECORD
  5
21F
330
1
100
AcDbSymbolTableRecord
100
AcDbBlockTableRecord
  2
*Paper_Space6
340
220
 70
     0
280
     1
281
     0
  0
BLOCK_RECORD
  5
210
330
1
100
AcDbSymbolTableRecord
100
AcDbBlockTableRecord
  2
*Paper_Space7
340
211
 70
     0
280
     1
281
     0
  0
BLOCK_RECORD
  5
215
330
1
100
AcDbSymbolTableRecord
100
AcDbBlockTableRecord
  2
*Paper_Space8
340
216
 70
     0
280
     1
281
     0
  0
BLOCK_RECORD
  5
43C
330
1
100
AcDbSymbolTableRecord
100
AcDbBlockTableRecord
  2
PILETIN
340
0
310
28000000200000002000000001000800000000000004000000000000000000000000000000000000000000004000000080000000FF000000002000004020000080200000FF200000004000004040000080400000FF400000006000004060000080600000FF600000008000004080000080800000FF80000000A0000040A000
310
0080A00000FFA0000000C0000040C0000080C00000FFC0000000FF000040FF000080FF0000FFFF0000000020004000200080002000FF002000002020004020200080202000FF202000004020004040200080402000FF402000006020004060200080602000FF602000008020004080200080802000FF80200000A0200040A0
310
200080A02000FFA0200000C0200040C0200080C02000FFC0200000FF200040FF200080FF2000FFFF2000000040004000400080004000FF004000002040004020400080204000FF204000004040004040400080404000FF404000006040004060400080604000FF604000008040004080400080804000FF80400000A0400040
310
A0400080A04000FFA0400000C0400040C0400080C04000FFC0400000FF400040FF400080FF4000FFFF4000000060004000600080006000FF006000002060004020600080206000FF206000004060004040600080406000FF406000006060004060600080606000FF606000008060004080600080806000FF80600000A06000
310
40A0600080A06000FFA0600000C0600040C0600080C06000FFC0600000FF600040FF600080FF6000FFFF6000000080004000800080008000FF008000002080004020800080208000FF208000004080004040800080408000FF408000006080004060800080608000FF608000008080004080800080808000FF80800000A080
310
0040A0800080A08000FFA0800000C0800040C0800080C08000FFC0800000FF800040FF800080FF8000FFFF80000000A0004000A0008000A000FF00A0000020A0004020A0008020A000FF20A0000040A0004040A0008040A000FF40A0000060A0004060A0008060A000FF60A0000080A0004080A0008080A000FF80A00000A0
310
A00040A0A00080A0A000FFA0A00000C0A00040C0A00080C0A000FFC0A00000FFA00040FFA00080FFA000FFFFA0000000C0004000C0008000C000FF00C0000020C0004020C0008020C000FF20C0000040C0004040C0008040C000FF40C0000060C0004060C0008060C000FF60C0000080C0004080C0008080C000FF80C00000
310
A0C00040A0C00080A0C000FFA0C00000C0C00040C0C00080C0C000FFC0C00000FFC00040FFC00080FFC000FFFFC0000000FF004000FF008000FF00FF00FF000020FF004020FF008020FF00FF20FF000040FF004040FF008040FF00FF40FF000060FF004060FF008060FF00FF60FF000080FF004080FF008080FF00FF80FF00
310
00A0FF0040A0FF0080A0FF00FFA0FF0000C0FF0040C0FF0080C0FF00FFC0FF0000FFFF0040FFFF0080FFFF00FFFFFF0000000000000000000000000000000000000000000000000000000000000000000000000000000000000000000000000000000000000000000000000000000000000000000000000000000000000000
310
00000000000000000000000000000000000000000000009292929292929292929292929292929292929292920000000000000000009292000000929292929292929292929292929200000092920000000000000092920000009200000000000000000000000000009200000092920000000000009200000092000000000000
310
00000000000000000000920000009200000000000092000092000000000000000000000000000000000000920000920000000000009200009200000000000000000000000000000000000092000092000000000092000092000000929292929292929292929292929200000092000092000000009200920000009200000000
310
00009200000000000000920000009200920000000092009200009200000000000000929200000000000000920000920092000000009200920000920000000000000092009200000000000000920000929200000000929200009200000000000000009292000000000000000092000092920000009292920092000000000000
310
00000000000000000000000000009200929292000092009200920000000000000000000000000000000000000000920092009200009292920092000000000000000000000000000000000000000092009292920000009200920000000000000000000000000000000000000000000092929200000000920092000000000000
310
00000000000000000000000000000000920092000000009200920000000000000000000000000000000000000000000092009200000000929200920000000000000000000000000000000000000000920092920000000000920000920000000000000000000000000000000000000092009200000000000000920092000000
310
00000000000000000000000000000092009200000000000000009292009200000000000000000000000000000000920092920000000000000000009292009292000000000000000000000000929200929200000000000000000000009292000092929200000000009292929200009292000000000000000000000000000092
310
92000000929292929200000000929200000000000000000000000000000000000092929292000000009292929200000000000000000000000000000000000000000000009292929292920000000000000000000000000000000000000000000000000000000000000000000000000000000000000000000000000000000000
310
0000000000000000000000000000000000000000000000000000000000000000000000000000000000000000000000000000000000000000
102
{BLKREFS
331
43B
102
}
 70
     0
280
     1
281
     0
  0
BLOCK_RECORD
  5
53C
330
1
100
AcDbSymbolTableRecord
100
AcDbBlockTableRecord
  2
telefono
340
0
310
2800000020000000200000000100080000000000000400000000000000000000000000000000000000000000000080000080000000808000800000008000800080800000C0C0C000C0DCC000F0CAA6000020400000206000002080000020A0000020C0000020E00000400000004020000040400000406000004080000040A0
310
000040C0000040E00000600000006020000060400000606000006080000060A0000060C0000060E00000800000008020000080400000806000008080000080A0000080C0000080E00000A0000000A0200000A0400000A0600000A0800000A0A00000A0C00000A0E00000C0000000C0200000C0400000C0600000C0800000C0
310
A00000C0C00000C0E00000E0000000E0200000E0400000E0600000E0800000E0A00000E0C00000E0E00040000000400020004000400040006000400080004000A0004000C0004000E00040200000402020004020400040206000402080004020A0004020C0004020E000404000004040200040404000404060004040800040
310
40A0004040C0004040E00040600000406020004060400040606000406080004060A0004060C0004060E00040800000408020004080400040806000408080004080A0004080C0004080E00040A0000040A0200040A0400040A0600040A0800040A0A00040A0C00040A0E00040C0000040C0200040C0400040C0600040C08000
310
40C0A00040C0C00040C0E00040E0000040E0200040E0400040E0600040E0800040E0A00040E0C00040E0E00080000000800020008000400080006000800080008000A0008000C0008000E00080200000802020008020400080206000802080008020A0008020C0008020E00080400000804020008040400080406000804080
310
008040A0008040C0008040E00080600000806020008060400080606000806080008060A0008060C0008060E00080800000808020008080400080806000808080008080A0008080C0008080E00080A0000080A0200080A0400080A0600080A0800080A0A00080A0C00080A0E00080C0000080C0200080C0400080C0600080C0
310
800080C0A00080C0C00080C0E00080E0000080E0200080E0400080E0600080E0800080E0A00080E0C00080E0E000C0000000C0002000C0004000C0006000C0008000C000A000C000C000C000E000C0200000C0202000C0204000C0206000C0208000C020A000C020C000C020E000C0400000C0402000C0404000C0406000C0
310
408000C040A000C040C000C040E000C0600000C0602000C0604000C0606000C0608000C060A000C060C000C060E000C0800000C0802000C0804000C0806000C0808000C080A000C080C000C080E000C0A00000C0A02000C0A04000C0A06000C0A08000C0A0A000C0A0C000C0A0E000C0C00000C0C02000C0C04000C0C06000
310
C0C08000C0C0A000F0FBFF00A4A0A000808080000000FF0000FF000000FFFF00FF000000FF00FF00FFFF0000FFFFFF0000000000000000000000000000000000000000000000000000000000000000000000000000000000000000000000000000000000FF0000000000000000000000000000000000000000000000000000
310
00000000FFFFFFFF00000000000000000000000000000000000000000000000000000000FF00FFFF000000000000000000000000000000000000000000000000000000FFFF00FF00FF0000000000000000000000000000000000000000000000000000FFFF0000FFFF00000000000000000000000000000000000000000000
310
00000000FFFF0000FFFF000000000000000000000000000000000000000000000000000000FFFF00FFFF00000000000000000000000000000000000000000000000000FFFFFFFF00FFFF0000000000000000000000000000000000000000000000FFFF00FFFF00FFFFFF000000000000000000000000000000000000000000
310
FFFF000000FFFF00FFFFFF000000000000000000000000000000000000FFFFFF0000000000FF00FF00FF0000000000000000000000000000000000FFFF00000000FFFF0000FFFFFF00FF000000000000000000000000000000FFFF00000000FFFF00FF0000FFFF00FF00FF000000000000000000000000FFFF000000FFFFFF
310
00000000FF0000FF00FF00FF000000000000000000000000FF0000FFFF000000FFFF0000FF0000FF0000FF00FF000000000000000000000000FF00FF0000FF000000FF00FF000000FF00FF00FF000000000000000000000000FF0000FF000000FF00000000FF0000FF00FF00FF00000000000000000000000000FF00FF0000
310
FF000000FF00FF0000FF0000FF00FF000000000000000000000000FF0000FF000000FF000000FF000000FF00FF00FF00000000000000000000000000FF00FF00FF00000000FF00FF0000FF00FFFF00FF000000000000000000000000FF0000FF000000FF0000FFFF000000FF00FF00FF00000000000000000000000000FF00
310
FF00FF0000FFFF0000000000FFFFFF0000FF000000000000000000000000FF0000FF00FFFF000000000000000000FF00FFFF000000000000000000000000FF0000FFFF000000FFFF000000000000FFFF000000000000000000000000000000FF000000FFFFFF00FFFF000000FFFF0000000000000000000000000000000000
310
FF00000000FFFFFF0000FFFFFF0000000000000000000000000000000000000000FF000000000000FFFF0000000000000000000000000000000000000000000000FF00000000FFFF0000000000000000000000000000000000000000000000000000FF00FFFF00000000000000000000000000000000000000000000000000
310
000000FFFF000000000000000000000000000000000000000000000000000000000000000000000000000000000000000000000000000000
102
{BLKREFS
331
53B
331
6BA
331
785
102
}
 70
     0
280
     1
281
     0
  0
BLOCK_RECORD
  5
542
330
1
100
AcDbSymbolTableRecord
100
AcDbBlockTableRecord
  2
RECTANG
340
0
102
{BLKREFS
331
541
331
55A
331
55B
331
541
331
55A
331
55B
331
541
331
55A
331
55B
102
}
 70
     0
280
     1
281
     0
  0
BLOCK_RECORD
  5
637
330
1
100
AcDbSymbolTableRecord
100
AcDbBlockTableRecord
  2
MHPLN010
340
0
102
{BLKREFS
331
636
102
}
 70
     0
280
     1
281
     0
  0
ENDTAB
  0
ENDSEC
  0
SECTION
  2
BLOCKS
  0
BLOCK
  5
20
330
1F
100
AcDbEntity
  8
0
100
AcDbBlockBegin
  2
*Model_Space
 70
     0
 10
0.0
 20
0.0
 30
0.0
  3
*Model_Space
  1
*Model_Space
  0
ENDBLK
  5
21
330
1F
100
AcDbEntity
  8
0
100
AcDbBlockEnd
  0
BLOCK
  5
D8
330
D6
100
AcDbEntity
 67
     1
  8
0
100
AcDbBlockBegin
  2
*Paper_Space
 70
     0
 10
0.0
 20
0.0
 30
0.0
  3
*Paper_Space
  1
*Paper_Space
  0
ENDBLK
  5
D9
330
D6
100
AcDbEntity
 67
     1
  8
0
100
AcDbBlockEnd
  0
BLOCK
  5
21C
330
21A
100
AcDbEntity
  8
0
100
AcDbBlockBegin
  2
*Paper_Space0
 70
     0
 10
0.0
 20
0.0
 30
0.0
  3
*Paper_Space0
  1
*Paper_Space0
  0
VIEWPORT
  5
21E
330
21A
100
AcDbEntity
  8
0
 48
100.0
100
AcDbViewport
 10
0.0
 20
0.0
 30
0.0
 40
840.779612
 41
486.114466
 68
     1
 69
     1
 12
328.692132
 22
196.71883
 13
0.0
 23
0.0
 14
10.0
 24
10.0
 15
10.0
 25
10.0
 16
0.0
 26
0.0
 36
1.0
 17
0.0
 27
0.0
 37
0.0
 42
50.0
 43
0.0
 44
0.0
 45
486.114466
 50
0.0
 51
0.0
 72
   100
 90
   557168
  1

281
     0
 71
     1
 74
     0
110
0.0
120
0.0
130
0.0
111
1.0
121
0.0
131
0.0
112
0.0
122
1.0
132
0.0
 79
     0
146
0.0
170
     0
 61
     5
348
F5
292
     1
282
     1
141
0.0
142
0.0
 63
   256
  0
ENDBLK
  5
21D
330
21A
100
AcDbEntity
  8
0
100
AcDbBlockEnd
  0
BLOCK
  5
1ED
330
1EC
100
AcDbEntity
  8
0
100
AcDbBlockBegin
  2
_ARCHTICK
 70
     0
 10
0.0
 20
0.0
 30
0.0
  3
_ARCHTICK
  1
_ARCHTICK
  0
POLYLINE
  5
1EF
330
1EC
100
AcDbEntity
  8
0
  6
ByBlock
 62
     0
100
AcDb2dPolyline
 66
     1
 10
0.0
 20
0.0
 30
0.0
 40
0.15
 41
0.15
  0
VERTEX
  5
1F0
330
1EF
100
AcDbEntity
  8
0
  6
ByBlock
 62
     0
100
AcDbVertex
100
AcDb2dVertex
 10
-0.5
 20
-0.5
 30
0.0
  0
VERTEX
  5
1F1
330
1EF
100
AcDbEntity
  8
0
  6
ByBlock
 62
     0
100
AcDbVertex
100
AcDb2dVertex
 10
0.5
 20
0.5
 30
0.0
  0
SEQEND
  5
1F2
330
1EF
100
AcDbEntity
  8
0
  6
ByBlock
 62
     0
  0
ENDBLK
  5
1EE
330
1EC
100
AcDbEntity
  8
0
100
AcDbBlockEnd
  0
BLOCK
  5
1F5
330
1F4
100
AcDbEntity
  8
0
100
AcDbBlockBegin
  2
_OPEN30
 70
     0
 10
0.0
 20
0.0
 30
0.0
  3
_OPEN30
  1
_OPEN30
  0
LINE
  5
1F7
330
1F4
100
AcDbEntity
  8
0
  6
ByBlock
 62
     0
370
    -2
100
AcDbLine
 10
-1.0
 20
0.267949
 30
0.0
 11
0.0
 21
0.0
 31
0.0
  0
LINE
  5
1F8
330
1F4
100
AcDbEntity
  8
0
  6
ByBlock
 62
     0
370
    -2
100
AcDbLine
 10
0.0
 20
0.0
 30
0.0
 11
-1.0
 21
-0.267949
 31
0.0
  0
LINE
  5
1F9
330
1F4
100
AcDbEntity
  8
0
  6
ByBlock
 62
     0
370
    -2
100
AcDbLine
 10
0.0
 20
0.0
 30
0.0
 11
-1.0
 21
0.0
 31
0.0
  0
ENDBLK
  5
1F6
330
1F4
100
AcDbEntity
  8
0
100
AcDbBlockEnd
  0
BLOCK
  5
1FD
330
1FC
100
AcDbEntity
  8
0
100
AcDbBlockBegin
  2
_DOT
 70
     0
 10
0.0
 20
0.0
 30
0.0
  3
_DOT
  1
_DOT
  0
POLYLINE
  5
1FF
330
1FC
100
AcDbEntity
  8
0
  6
ByBlock
 62
     0
100
AcDb2dPolyline
 66
     1
 10
0.0
 20
0.0
 30
0.0
 70
     1
 40
0.5
 41
0.5
  0
VERTEX
  5
201
330
1FF
100
AcDbEntity
  8
0
  6
ByBlock
 62
     0
100
AcDbVertex
100
AcDb2dVertex
 10
-0.25
 20
0.0
 30
0.0
 42
1.0
  0
VERTEX
  5
202
330
1FF
100
AcDbEntity
  8
0
  6
ByBlock
 62
     0
100
AcDbVertex
100
AcDb2dVertex
 10
0.25
 20
0.0
 30
0.0
 42
1.0
  0
SEQEND
  5
203
330
1FF
100
AcDbEntity
  8
0
  6
ByBlock
 62
     0
  0
LINE
  5
200
330
1FC
100
AcDbEntity
  8
0
  6
ByBlock
 62
     0
370
    -2
100
AcDbLine
 10
-0.5
 20
0.0
 30
0.0
 11
-1.0
 21
0.0
 31
0.0
  0
ENDBLK
  5
1FE
330
1FC
100
AcDbEntity
  8
0
100
AcDbBlockEnd
  0
BLOCK
  5
226
330
224
100
AcDbEntity
  8
0
100
AcDbBlockBegin
  2
*Paper_Space4
 70
     0
 10
0.0
 20
0.0
 30
0.0
  3
*Paper_Space4
  1
*Paper_Space4
  0
VIEWPORT
  5
228
330
224
100
AcDbEntity
  8
0
 48
100.0
100
AcDbViewport
 10
0.0
 20
0.0
 30
0.0
 40
1715.87676
 41
992.070339
 68
     1
 69
     1
 12
497.20797
 22
380.27835
 13
0.0
 23
0.0
 14
10.0
 24
10.0
 15
10.0
 25
10.0
 16
0.0
 26
0.0
 36
1.0
 17
0.0
 27
0.0
 37
0.0
 42
50.0
 43
0.0
 44
0.0
 45
992.070339
 50
0.0
 51
0.0
 72
   100
 90
   557168
  1

281
     0
 71
     1
 74
     0
110
0.0
120
0.0
130
0.0
111
1.0
121
0.0
131
0.0
112
0.0
122
1.0
132
0.0
 79
     0
146
0.0
170
     0
 61
     5
348
F5
292
     1
282
     1
141
0.0
142
0.0
 63
   256
  0
ENDBLK
  5
227
330
224
100
AcDbEntity
  8
0
100
AcDbBlockEnd
  0
BLOCK
  5
D4
330
D2
100
AcDbEntity
  8
0
100
AcDbBlockBegin
  2
*Paper_Space5
 70
     0
 10
0.0
 20
0.0
 30
0.0
  3
*Paper_Space5
  1
*Paper_Space5
  0
VIEWPORT
  5
229
330
D2
100
AcDbEntity
  8
0
 48
100.0
100
AcDbViewport
 10
0.0
 20
0.0
 30
0.0
 40
460.802478
 41
238.196088
 68
     1
 69
     1
 12
128.5
 22
97.5
 13
0.0
 23
0.0
 14
10.0
 24
10.0
 15
10.0
 25
10.0
 16
0.0
 26
0.0
 36
1.0
 17
0.0
 27
0.0
 37
0.0
 42
50.0
 43
0.0
 44
0.0
 45
238.196088
 50
0.0
 51
0.0
 72
   100
 90
   557168
  1

281
     0
 71
     1
 74
     0
110
0.0
120
0.0
130
0.0
111
1.0
121
0.0
131
0.0
112
0.0
122
1.0
132
0.0
 79
     0
146
0.0
170
     0
 61
     5
348
F5
292
     1
282
     1
141
0.0
142
0.0
 63
   256
  0
ENDBLK
  5
D5
330
D2
100
AcDbEntity
  8
0
100
AcDbBlockEnd
  0
BLOCK
  5
221
330
21F
100
AcDbEntity
  8
0
100
AcDbBlockBegin
  2
*Paper_Space6
 70
     0
 10
0.0
 20
0.0
 30
0.0
  3
*Paper_Space6
  1
*Paper_Space6
  0
VIEWPORT
  5
223
330
21F
100
AcDbEntity
  8
0
 48
100.0
100
AcDbViewport
 10
0.0
 20
0.0
 30
0.0
 40
1201.113732
 41
694.449237
 68
     1
 69
     1
 12
454.893705
 22
285.342469
 13
0.0
 23
0.0
 14
10.0
 24
10.0
 15
10.0
 25
10.0
 16
0.0
 26
0.0
 36
1.0
 17
0.0
 27
0.0
 37
0.0
 42
50.0
 43
0.0
 44
0.0
 45
694.449237
 50
0.0
 51
0.0
 72
   100
 90
   557168
  1

281
     0
 71
     1
 74
     0
110
0.0
120
0.0
130
0.0
111
1.0
121
0.0
131
0.0
112
0.0
122
1.0
132
0.0
 79
     0
146
0.0
170
     0
 61
     5
348
F5
292
     1
282
     1
141
0.0
142
0.0
 63
   256
  0
ENDBLK
  5
222
330
21F
100
AcDbEntity
  8
0
100
AcDbBlockEnd
  0
BLOCK
  5
212
330
210
100
AcDbEntity
  8
0
100
AcDbBlockBegin
  2
*Paper_Space7
 70
     0
 10
0.0
 20
0.0
 30
0.0
  3
*Paper_Space7
  1
*Paper_Space7
  0
VIEWPORT
  5
214
330
210
100
AcDbEntity
  8
0
 48
100.0
100
AcDbViewport
 10
0.0
 20
0.0
 30
0.0
 40
588.545729
 41
340.280126
 68
     1
 69
     1
 12
151.627136
 22
129.479246
 13
0.0
 23
0.0
 14
10.0
 24
10.0
 15
10.0
 25
10.0
 16
0.0
 26
0.0
 36
1.0
 17
0.0
 27
0.0
 37
0.0
 42
50.0
 43
0.0
 44
0.0
 45
340.280126
 50
0.0
 51
0.0
 72
   100
 90
   557168
  1

281
     0
 71
     1
 74
     0
110
0.0
120
0.0
130
0.0
111
1.0
121
0.0
131
0.0
112
0.0
122
1.0
132
0.0
 79
     0
146
0.0
170
     0
 61
     5
348
F5
292
     1
282
     1
141
0.0
142
0.0
 63
   256
  0
ENDBLK
  5
213
330
210
100
AcDbEntity
  8
0
100
AcDbBlockEnd
  0
BLOCK
  5
217
330
215
100
AcDbEntity
  8
0
100
AcDbBlockBegin
  2
*Paper_Space8
 70
     0
 10
0.0
 20
0.0
 30
0.0
  3
*Paper_Space8
  1
*Paper_Space8
  0
VIEWPORT
  5
219
330
215
100
AcDbEntity
  8
0
 48
100.0
100
AcDbViewport
 10
0.0
 20
0.0
 30
0.0
 40
588.545729
 41
340.280126
 68
     1
 69
     1
 12
213.910905
 22
130.914724
 13
0.0
 23
0.0
 14
10.0
 24
10.0
 15
10.0
 25
10.0
 16
0.0
 26
0.0
 36
1.0
 17
0.0
 27
0.0
 37
0.0
 42
50.0
 43
0.0
 44
0.0
 45
340.280126
 50
0.0
 51
0.0
 72
   100
 90
   557168
  1

281
     0
 71
     1
 74
     0
110
0.0
120
0.0
130
0.0
111
1.0
121
0.0
131
0.0
112
0.0
122
1.0
132
0.0
 79
     0
146
0.0
170
     0
 61
     5
348
F5
292
     1
282
     1
141
0.0
142
0.0
 63
   256
  0
ENDBLK
  5
218
330
215
100
AcDbEntity
  8
0
100
AcDbBlockEnd
  0
BLOCK
  5
43D
330
43C
100
AcDbEntity
  8
0
 48
0.5
100
AcDbBlockBegin
  2
PILETIN
 70
     0
 10
0.0
 20
0.0
 30
0.0
  3
PILETIN
  1
PILETIN
  0
POLYLINE
  5
43E
330
43C
100
AcDbEntity
  8
08
  6
Continuous
100
AcDb2dPolyline
 66
     1
 10
0.0
 20
0.0
 30
0.0
 70
   132
 75
     5
  0
VERTEX
  5
43F
330
43E
100
AcDbEntity
  8
08
  6
Continuous
100
AcDbVertex
100
AcDb2dVertex
 10
0.177466
 20
-0.01954
 30
0.0
 70
    16
  0
VERTEX
  5
440
330
43E
100
AcDbEntity
  8
08
  6
Continuous
100
AcDbVertex
100
AcDb2dVertex
 10
0.177466
 20
-0.01954
 30
0.0
 70
     8
  0
VERTEX
  5
441
330
43E
100
AcDbEntity
  8
08
  6
Continuous
100
AcDbVertex
100
AcDb2dVertex
 10
0.094143
 20
-0.019461
 30
0.0
 70
     8
  0
VERTEX
  5
442
330
43E
100
AcDbEntity
  8
08
  6
Continuous
100
AcDbVertex
100
AcDb2dVertex
 10
0.021639
 20
-0.019222
 30
0.0
 70
     8
  0
VERTEX
  5
443
330
43E
100
AcDbEntity
  8
08
  6
Continuous
100
AcDbVertex
100
AcDb2dVertex
 10
-0.040046
 20
-0.018824
 30
0.0
 70
     8
  0
VERTEX
  5
444
330
43E
100
AcDbEntity
  8
08
  6
Continuous
100
AcDbVertex
100
AcDb2dVertex
 10
-0.090912
 20
-0.018266
 30
0.0
 70
     8
  0
VERTEX
  5
445
330
43E
100
AcDbEntity
  8
08
  6
Continuous
100
AcDbVertex
100
AcDb2dVertex
 10
-0.130959
 20
-0.017549
 30
0.0
 70
     8
  0
VERTEX
  5
446
330
43E
100
AcDbEntity
  8
08
  6
Continuous
100
AcDbVertex
100
AcDb2dVertex
 10
-0.160186
 20
-0.016673
 30
0.0
 70
     8
  0
VERTEX
  5
447
330
43E
100
AcDbEntity
  8
08
  6
Continuous
100
AcDbVertex
100
AcDb2dVertex
 10
-0.178594
 20
-0.015638
 30
0.0
 70
     8
  0
VERTEX
  5
448
330
43E
100
AcDbEntity
  8
08
  6
Continuous
100
AcDbVertex
100
AcDb2dVertex
 10
-0.186182
 20
-0.014443
 30
0.0
 70
     8
  0
VERTEX
  5
449
330
43E
100
AcDbEntity
  8
08
  6
Continuous
100
AcDbVertex
100
AcDb2dVertex
 10
-0.188407
 20
-0.012851
 30
0.0
 70
     8
  0
VERTEX
  5
44A
330
43E
100
AcDbEntity
  8
08
  6
Continuous
100
AcDbVertex
100
AcDb2dVertex
 10
-0.190725
 20
-0.010622
 30
0.0
 70
     8
  0
VERTEX
  5
44B
330
43E
100
AcDbEntity
  8
08
  6
Continuous
100
AcDbVertex
100
AcDb2dVertex
 10
-0.193136
 20
-0.007756
 30
0.0
 70
     8
  0
VERTEX
  5
44C
330
43E
100
AcDbEntity
  8
08
  6
Continuous
100
AcDbVertex
100
AcDb2dVertex
 10
-0.195639
 20
-0.004254
 30
0.0
 70
     8
  0
VERTEX
  5
44D
330
43E
100
AcDbEntity
  8
08
  6
Continuous
100
AcDbVertex
100
AcDb2dVertex
 10
-0.198235
 20
-0.000116
 30
0.0
 70
     8
  0
VERTEX
  5
44E
330
43E
100
AcDbEntity
  8
08
  6
Continuous
100
AcDbVertex
100
AcDb2dVertex
 10
-0.200923
 20
0.004659
 30
0.0
 70
     8
  0
VERTEX
  5
44F
330
43E
100
AcDbEntity
  8
08
  6
Continuous
100
AcDbVertex
100
AcDb2dVertex
 10
-0.203704
 20
0.01007
 30
0.0
 70
     8
  0
VERTEX
  5
450
330
43E
100
AcDbEntity
  8
08
  6
Continuous
100
AcDbVertex
100
AcDb2dVertex
 10
-0.206578
 20
0.016118
 30
0.0
 70
     8
  0
VERTEX
  5
451
330
43E
100
AcDbEntity
  8
08
  6
Continuous
100
AcDbVertex
100
AcDb2dVertex
 10
-0.20949
 20
0.023081
 30
0.0
 70
     8
  0
VERTEX
  5
452
330
43E
100
AcDbEntity
  8
08
  6
Continuous
100
AcDbVertex
100
AcDb2dVertex
 10
-0.212387
 20
0.031238
 30
0.0
 70
     8
  0
VERTEX
  5
453
330
43E
100
AcDbEntity
  8
08
  6
Continuous
100
AcDbVertex
100
AcDb2dVertex
 10
-0.215268
 20
0.040589
 30
0.0
 70
     8
  0
VERTEX
  5
454
330
43E
100
AcDbEntity
  8
08
  6
Continuous
100
AcDbVertex
100
AcDb2dVertex
 10
-0.218134
 20
0.051133
 30
0.0
 70
     8
  0
VERTEX
  5
455
330
43E
100
AcDbEntity
  8
08
  6
Continuous
100
AcDbVertex
100
AcDb2dVertex
 10
-0.220984
 20
0.062871
 30
0.0
 70
     8
  0
VERTEX
  5
456
330
43E
100
AcDbEntity
  8
08
  6
Continuous
100
AcDbVertex
100
AcDb2dVertex
 10
-0.223818
 20
0.075803
 30
0.0
 70
     8
  0
VERTEX
  5
457
330
43E
100
AcDbEntity
  8
08
  6
Continuous
100
AcDbVertex
100
AcDb2dVertex
 10
-0.226637
 20
0.089929
 30
0.0
 70
     8
  0
VERTEX
  5
458
330
43E
100
AcDbEntity
  8
08
  6
Continuous
100
AcDbVertex
100
AcDb2dVertex
 10
-0.22944
 20
0.105249
 30
0.0
 70
     8
  0
VERTEX
  5
459
330
43E
100
AcDbEntity
  8
08
  6
Continuous
100
AcDbVertex
100
AcDb2dVertex
 10
-0.232056
 20
0.120339
 30
0.0
 70
     8
  0
VERTEX
  5
45A
330
43E
100
AcDbEntity
  8
08
  6
Continuous
100
AcDbVertex
100
AcDb2dVertex
 10
-0.234313
 20
0.133776
 30
0.0
 70
     8
  0
VERTEX
  5
45B
330
43E
100
AcDbEntity
  8
08
  6
Continuous
100
AcDbVertex
100
AcDb2dVertex
 10
-0.23621
 20
0.14556
 30
0.0
 70
     8
  0
VERTEX
  5
45C
330
43E
100
AcDbEntity
  8
08
  6
Continuous
100
AcDbVertex
100
AcDb2dVertex
 10
-0.237749
 20
0.155691
 30
0.0
 70
     8
  0
VERTEX
  5
45D
330
43E
100
AcDbEntity
  8
08
  6
Continuous
100
AcDbVertex
100
AcDb2dVertex
 10
-0.238928
 20
0.16417
 30
0.0
 70
     8
  0
VERTEX
  5
45E
330
43E
100
AcDbEntity
  8
08
  6
Continuous
100
AcDbVertex
100
AcDb2dVertex
 10
-0.239748
 20
0.170995
 30
0.0
 70
     8
  0
VERTEX
  5
45F
330
43E
100
AcDbEntity
  8
08
  6
Continuous
100
AcDbVertex
100
AcDb2dVertex
 10
-0.240209
 20
0.176167
 30
0.0
 70
     8
  0
VERTEX
  5
460
330
43E
100
AcDbEntity
  8
08
  6
Continuous
100
AcDbVertex
100
AcDb2dVertex
 10
-0.240311
 20
0.179687
 30
0.0
 70
     8
  0
VERTEX
  5
461
330
43E
100
AcDbEntity
  8
08
  6
Continuous
100
AcDbVertex
100
AcDb2dVertex
 10
-0.240099
 20
0.182829
 30
0.0
 70
     8
  0
VERTEX
  5
462
330
43E
100
AcDbEntity
  8
08
  6
Continuous
100
AcDbVertex
100
AcDb2dVertex
 10
-0.23962
 20
0.186867
 30
0.0
 70
     8
  0
VERTEX
  5
463
330
43E
100
AcDbEntity
  8
08
  6
Continuous
100
AcDbVertex
100
AcDb2dVertex
 10
-0.238874
 20
0.191802
 30
0.0
 70
     8
  0
VERTEX
  5
464
330
43E
100
AcDbEntity
  8
08
  6
Continuous
100
AcDbVertex
100
AcDb2dVertex
 10
-0.23786
 20
0.197633
 30
0.0
 70
     8
  0
VERTEX
  5
465
330
43E
100
AcDbEntity
  8
08
  6
Continuous
100
AcDbVertex
100
AcDb2dVertex
 10
-0.236579
 20
0.204362
 30
0.0
 70
     8
  0
VERTEX
  5
466
330
43E
100
AcDbEntity
  8
08
  6
Continuous
100
AcDbVertex
100
AcDb2dVertex
 10
-0.23503
 20
0.211987
 30
0.0
 70
     8
  0
VERTEX
  5
467
330
43E
100
AcDbEntity
  8
08
  6
Continuous
100
AcDbVertex
100
AcDb2dVertex
 10
-0.233214
 20
0.220509
 30
0.0
 70
     8
  0
VERTEX
  5
468
330
43E
100
AcDbEntity
  8
08
  6
Continuous
100
AcDbVertex
100
AcDb2dVertex
 10
-0.23113
 20
0.229927
 30
0.0
 70
     8
  0
VERTEX
  5
469
330
43E
100
AcDbEntity
  8
08
  6
Continuous
100
AcDbVertex
100
AcDb2dVertex
 10
-0.228641
 20
0.239721
 30
0.0
 70
     8
  0
VERTEX
  5
46A
330
43E
100
AcDbEntity
  8
08
  6
Continuous
100
AcDbVertex
100
AcDb2dVertex
 10
-0.225607
 20
0.249368
 30
0.0
 70
     8
  0
VERTEX
  5
46B
330
43E
100
AcDbEntity
  8
08
  6
Continuous
100
AcDbVertex
100
AcDb2dVertex
 10
-0.22203
 20
0.258868
 30
0.0
 70
     8
  0
VERTEX
  5
46C
330
43E
100
AcDbEntity
  8
08
  6
Continuous
100
AcDbVertex
100
AcDb2dVertex
 10
-0.217908
 20
0.268222
 30
0.0
 70
     8
  0
VERTEX
  5
46D
330
43E
100
AcDbEntity
  8
08
  6
Continuous
100
AcDbVertex
100
AcDb2dVertex
 10
-0.213243
 20
0.27743
 30
0.0
 70
     8
  0
VERTEX
  5
46E
330
43E
100
AcDbEntity
  8
08
  6
Continuous
100
AcDbVertex
100
AcDb2dVertex
 10
-0.208034
 20
0.286491
 30
0.0
 70
     8
  0
VERTEX
  5
46F
330
43E
100
AcDbEntity
  8
08
  6
Continuous
100
AcDbVertex
100
AcDb2dVertex
 10
-0.20228
 20
0.295405
 30
0.0
 70
     8
  0
VERTEX
  5
470
330
43E
100
AcDbEntity
  8
08
  6
Continuous
100
AcDbVertex
100
AcDb2dVertex
 10
-0.195983
 20
0.304173
 30
0.0
 70
     8
  0
VERTEX
  5
471
330
43E
100
AcDbEntity
  8
08
  6
Continuous
100
AcDbVertex
100
AcDb2dVertex
 10
-0.189227
 20
0.312677
 30
0.0
 70
     8
  0
VERTEX
  5
472
330
43E
100
AcDbEntity
  8
08
  6
Continuous
100
AcDbVertex
100
AcDb2dVertex
 10
-0.182098
 20
0.320799
 30
0.0
 70
     8
  0
VERTEX
  5
473
330
43E
100
AcDbEntity
  8
08
  6
Continuous
100
AcDbVertex
100
AcDb2dVertex
 10
-0.174595
 20
0.32854
 30
0.0
 70
     8
  0
VERTEX
  5
474
330
43E
100
AcDbEntity
  8
08
  6
Continuous
100
AcDbVertex
100
AcDb2dVertex
 10
-0.166719
 20
0.335898
 30
0.0
 70
     8
  0
VERTEX
  5
475
330
43E
100
AcDbEntity
  8
08
  6
Continuous
100
AcDbVertex
100
AcDb2dVertex
 10
-0.15847
 20
0.342875
 30
0.0
 70
     8
  0
VERTEX
  5
476
330
43E
100
AcDbEntity
  8
08
  6
Continuous
100
AcDbVertex
100
AcDb2dVertex
 10
-0.149847
 20
0.349471
 30
0.0
 70
     8
  0
VERTEX
  5
477
330
43E
100
AcDbEntity
  8
08
  6
Continuous
100
AcDbVertex
100
AcDb2dVertex
 10
-0.140851
 20
0.355684
 30
0.0
 70
     8
  0
VERTEX
  5
478
330
43E
100
AcDbEntity
  8
08
  6
Continuous
100
AcDbVertex
100
AcDb2dVertex
 10
-0.131481
 20
0.361516
 30
0.0
 70
     8
  0
VERTEX
  5
479
330
43E
100
AcDbEntity
  8
08
  6
Continuous
100
AcDbVertex
100
AcDb2dVertex
 10
-0.121794
 20
0.366933
 30
0.0
 70
     8
  0
VERTEX
  5
47A
330
43E
100
AcDbEntity
  8
08
  6
Continuous
100
AcDbVertex
100
AcDb2dVertex
 10
-0.111844
 20
0.3719
 30
0.0
 70
     8
  0
VERTEX
  5
47B
330
43E
100
AcDbEntity
  8
08
  6
Continuous
100
AcDbVertex
100
AcDb2dVertex
 10
-0.101631
 20
0.376418
 30
0.0
 70
     8
  0
VERTEX
  5
47C
330
43E
100
AcDbEntity
  8
08
  6
Continuous
100
AcDbVertex
100
AcDb2dVertex
 10
-0.091156
 20
0.380487
 30
0.0
 70
     8
  0
VERTEX
  5
47D
330
43E
100
AcDbEntity
  8
08
  6
Continuous
100
AcDbVertex
100
AcDb2dVertex
 10
-0.080418
 20
0.384107
 30
0.0
 70
     8
  0
VERTEX
  5
47E
330
43E
100
AcDbEntity
  8
08
  6
Continuous
100
AcDbVertex
100
AcDb2dVertex
 10
-0.069418
 20
0.387277
 30
0.0
 70
     8
  0
VERTEX
  5
47F
330
43E
100
AcDbEntity
  8
08
  6
Continuous
100
AcDbVertex
100
AcDb2dVertex
 10
-0.058154
 20
0.389998
 30
0.0
 70
     8
  0
VERTEX
  5
480
330
43E
100
AcDbEntity
  8
08
  6
Continuous
100
AcDbVertex
100
AcDb2dVertex
 10
-0.046629
 20
0.39227
 30
0.0
 70
     8
  0
VERTEX
  5
481
330
43E
100
AcDbEntity
  8
08
  6
Continuous
100
AcDbVertex
100
AcDb2dVertex
 10
-0.034971
 20
0.394062
 30
0.0
 70
     8
  0
VERTEX
  5
482
330
43E
100
AcDbEntity
  8
08
  6
Continuous
100
AcDbVertex
100
AcDb2dVertex
 10
-0.023314
 20
0.395341
 30
0.0
 70
     8
  0
VERTEX
  5
483
330
43E
100
AcDbEntity
  8
08
  6
Continuous
100
AcDbVertex
100
AcDb2dVertex
 10
-0.011657
 20
0.396109
 30
0.0
 70
     8
  0
VERTEX
  5
484
330
43E
100
AcDbEntity
  8
08
  6
Continuous
100
AcDbVertex
100
AcDb2dVertex
 10
0.0
 20
0.396365
 30
0.0
 70
     8
  0
VERTEX
  5
485
330
43E
100
AcDbEntity
  8
08
  6
Continuous
100
AcDbVertex
100
AcDb2dVertex
 10
0.011657
 20
0.396109
 30
0.0
 70
     8
  0
VERTEX
  5
486
330
43E
100
AcDbEntity
  8
08
  6
Continuous
100
AcDbVertex
100
AcDb2dVertex
 10
0.023314
 20
0.395341
 30
0.0
 70
     8
  0
VERTEX
  5
487
330
43E
100
AcDbEntity
  8
08
  6
Continuous
100
AcDbVertex
100
AcDb2dVertex
 10
0.034971
 20
0.394062
 30
0.0
 70
     8
  0
VERTEX
  5
488
330
43E
100
AcDbEntity
  8
08
  6
Continuous
100
AcDbVertex
100
AcDb2dVertex
 10
0.046629
 20
0.39227
 30
0.0
 70
     8
  0
VERTEX
  5
489
330
43E
100
AcDbEntity
  8
08
  6
Continuous
100
AcDbVertex
100
AcDb2dVertex
 10
0.058154
 20
0.389998
 30
0.0
 70
     8
  0
VERTEX
  5
48A
330
43E
100
AcDbEntity
  8
08
  6
Continuous
100
AcDbVertex
100
AcDb2dVertex
 10
0.069418
 20
0.387277
 30
0.0
 70
     8
  0
VERTEX
  5
48B
330
43E
100
AcDbEntity
  8
08
  6
Continuous
100
AcDbVertex
100
AcDb2dVertex
 10
0.080418
 20
0.384107
 30
0.0
 70
     8
  0
VERTEX
  5
48C
330
43E
100
AcDbEntity
  8
08
  6
Continuous
100
AcDbVertex
100
AcDb2dVertex
 10
0.091156
 20
0.380487
 30
0.0
 70
     8
  0
VERTEX
  5
48D
330
43E
100
AcDbEntity
  8
08
  6
Continuous
100
AcDbVertex
100
AcDb2dVertex
 10
0.101631
 20
0.376418
 30
0.0
 70
     8
  0
VERTEX
  5
48E
330
43E
100
AcDbEntity
  8
08
  6
Continuous
100
AcDbVertex
100
AcDb2dVertex
 10
0.111844
 20
0.3719
 30
0.0
 70
     8
  0
VERTEX
  5
48F
330
43E
100
AcDbEntity
  8
08
  6
Continuous
100
AcDbVertex
100
AcDb2dVertex
 10
0.121794
 20
0.366933
 30
0.0
 70
     8
  0
VERTEX
  5
490
330
43E
100
AcDbEntity
  8
08
  6
Continuous
100
AcDbVertex
100
AcDb2dVertex
 10
0.131481
 20
0.361516
 30
0.0
 70
     8
  0
VERTEX
  5
491
330
43E
100
AcDbEntity
  8
08
  6
Continuous
100
AcDbVertex
100
AcDb2dVertex
 10
0.140851
 20
0.355684
 30
0.0
 70
     8
  0
VERTEX
  5
492
330
43E
100
AcDbEntity
  8
08
  6
Continuous
100
AcDbVertex
100
AcDb2dVertex
 10
0.149847
 20
0.349471
 30
0.0
 70
     8
  0
VERTEX
  5
493
330
43E
100
AcDbEntity
  8
08
  6
Continuous
100
AcDbVertex
100
AcDb2dVertex
 10
0.15847
 20
0.342875
 30
0.0
 70
     8
  0
VERTEX
  5
494
330
43E
100
AcDbEntity
  8
08
  6
Continuous
100
AcDbVertex
100
AcDb2dVertex
 10
0.166719
 20
0.335898
 30
0.0
 70
     8
  0
VERTEX
  5
495
330
43E
100
AcDbEntity
  8
08
  6
Continuous
100
AcDbVertex
100
AcDb2dVertex
 10
0.174595
 20
0.32854
 30
0.0
 70
     8
  0
VERTEX
  5
496
330
43E
100
AcDbEntity
  8
08
  6
Continuous
100
AcDbVertex
100
AcDb2dVertex
 10
0.182098
 20
0.320799
 30
0.0
 70
     8
  0
VERTEX
  5
497
330
43E
100
AcDbEntity
  8
08
  6
Continuous
100
AcDbVertex
100
AcDb2dVertex
 10
0.189227
 20
0.312677
 30
0.0
 70
     8
  0
VERTEX
  5
498
330
43E
100
AcDbEntity
  8
08
  6
Continuous
100
AcDbVertex
100
AcDb2dVertex
 10
0.195983
 20
0.304173
 30
0.0
 70
     8
  0
VERTEX
  5
499
330
43E
100
AcDbEntity
  8
08
  6
Continuous
100
AcDbVertex
100
AcDb2dVertex
 10
0.20228
 20
0.295405
 30
0.0
 70
     8
  0
VERTEX
  5
49A
330
43E
100
AcDbEntity
  8
08
  6
Continuous
100
AcDbVertex
100
AcDb2dVertex
 10
0.208034
 20
0.286491
 30
0.0
 70
     8
  0
VERTEX
  5
49B
330
43E
100
AcDbEntity
  8
08
  6
Continuous
100
AcDbVertex
100
AcDb2dVertex
 10
0.213243
 20
0.27743
 30
0.0
 70
     8
  0
VERTEX
  5
49C
330
43E
100
AcDbEntity
  8
08
  6
Continuous
100
AcDbVertex
100
AcDb2dVertex
 10
0.217908
 20
0.268222
 30
0.0
 70
     8
  0
VERTEX
  5
49D
330
43E
100
AcDbEntity
  8
08
  6
Continuous
100
AcDbVertex
100
AcDb2dVertex
 10
0.22203
 20
0.258868
 30
0.0
 70
     8
  0
VERTEX
  5
49E
330
43E
100
AcDbEntity
  8
08
  6
Continuous
100
AcDbVertex
100
AcDb2dVertex
 10
0.225607
 20
0.249368
 30
0.0
 70
     8
  0
VERTEX
  5
49F
330
43E
100
AcDbEntity
  8
08
  6
Continuous
100
AcDbVertex
100
AcDb2dVertex
 10
0.228641
 20
0.239721
 30
0.0
 70
     8
  0
VERTEX
  5
4A0
330
43E
100
AcDbEntity
  8
08
  6
Continuous
100
AcDbVertex
100
AcDb2dVertex
 10
0.23113
 20
0.229927
 30
0.0
 70
     8
  0
VERTEX
  5
4A1
330
43E
100
AcDbEntity
  8
08
  6
Continuous
100
AcDbVertex
100
AcDb2dVertex
 10
0.233214
 20
0.220509
 30
0.0
 70
     8
  0
VERTEX
  5
4A2
330
43E
100
AcDbEntity
  8
08
  6
Continuous
100
AcDbVertex
100
AcDb2dVertex
 10
0.23503
 20
0.211987
 30
0.0
 70
     8
  0
VERTEX
  5
4A3
330
43E
100
AcDbEntity
  8
08
  6
Continuous
100
AcDbVertex
100
AcDb2dVertex
 10
0.236579
 20
0.204362
 30
0.0
 70
     8
  0
VERTEX
  5
4A4
330
43E
100
AcDbEntity
  8
08
  6
Continuous
100
AcDbVertex
100
AcDb2dVertex
 10
0.23786
 20
0.197633
 30
0.0
 70
     8
  0
VERTEX
  5
4A5
330
43E
100
AcDbEntity
  8
08
  6
Continuous
100
AcDbVertex
100
AcDb2dVertex
 10
0.238874
 20
0.191802
 30
0.0
 70
     8
  0
VERTEX
  5
4A6
330
43E
100
AcDbEntity
  8
08
  6
Continuous
100
AcDbVertex
100
AcDb2dVertex
 10
0.23962
 20
0.186867
 30
0.0
 70
     8
  0
VERTEX
  5
4A7
330
43E
100
AcDbEntity
  8
08
  6
Continuous
100
AcDbVertex
100
AcDb2dVertex
 10
0.240099
 20
0.182829
 30
0.0
 70
     8
  0
VERTEX
  5
4A8
330
43E
100
AcDbEntity
  8
08
  6
Continuous
100
AcDbVertex
100
AcDb2dVertex
 10
0.240311
 20
0.179687
 30
0.0
 70
     8
  0
VERTEX
  5
4A9
330
43E
100
AcDbEntity
  8
08
  6
Continuous
100
AcDbVertex
100
AcDb2dVertex
 10
0.240209
 20
0.176167
 30
0.0
 70
     8
  0
VERTEX
  5
4AA
330
43E
100
AcDbEntity
  8
08
  6
Continuous
100
AcDbVertex
100
AcDb2dVertex
 10
0.239748
 20
0.170995
 30
0.0
 70
     8
  0
VERTEX
  5
4AB
330
43E
100
AcDbEntity
  8
08
  6
Continuous
100
AcDbVertex
100
AcDb2dVertex
 10
0.238928
 20
0.16417
 30
0.0
 70
     8
  0
VERTEX
  5
4AC
330
43E
100
AcDbEntity
  8
08
  6
Continuous
100
AcDbVertex
100
AcDb2dVertex
 10
0.237749
 20
0.155691
 30
0.0
 70
     8
  0
VERTEX
  5
4AD
330
43E
100
AcDbEntity
  8
08
  6
Continuous
100
AcDbVertex
100
AcDb2dVertex
 10
0.23621
 20
0.14556
 30
0.0
 70
     8
  0
VERTEX
  5
4AE
330
43E
100
AcDbEntity
  8
08
  6
Continuous
100
AcDbVertex
100
AcDb2dVertex
 10
0.234313
 20
0.133776
 30
0.0
 70
     8
  0
VERTEX
  5
4AF
330
43E
100
AcDbEntity
  8
08
  6
Continuous
100
AcDbVertex
100
AcDb2dVertex
 10
0.232056
 20
0.120339
 30
0.0
 70
     8
  0
VERTEX
  5
4B0
330
43E
100
AcDbEntity
  8
08
  6
Continuous
100
AcDbVertex
100
AcDb2dVertex
 10
0.22944
 20
0.105249
 30
0.0
 70
     8
  0
VERTEX
  5
4B1
330
43E
100
AcDbEntity
  8
08
  6
Continuous
100
AcDbVertex
100
AcDb2dVertex
 10
0.226637
 20
0.089929
 30
0.0
 70
     8
  0
VERTEX
  5
4B2
330
43E
100
AcDbEntity
  8
08
  6
Continuous
100
AcDbVertex
100
AcDb2dVertex
 10
0.223818
 20
0.075803
 30
0.0
 70
     8
  0
VERTEX
  5
4B3
330
43E
100
AcDbEntity
  8
08
  6
Continuous
100
AcDbVertex
100
AcDb2dVertex
 10
0.220984
 20
0.062871
 30
0.0
 70
     8
  0
VERTEX
  5
4B4
330
43E
100
AcDbEntity
  8
08
  6
Continuous
100
AcDbVertex
100
AcDb2dVertex
 10
0.218134
 20
0.051133
 30
0.0
 70
     8
  0
VERTEX
  5
4B5
330
43E
100
AcDbEntity
  8
08
  6
Continuous
100
AcDbVertex
100
AcDb2dVertex
 10
0.215268
 20
0.040589
 30
0.0
 70
     8
  0
VERTEX
  5
4B6
330
43E
100
AcDbEntity
  8
08
  6
Continuous
100
AcDbVertex
100
AcDb2dVertex
 10
0.212387
 20
0.031238
 30
0.0
 70
     8
  0
VERTEX
  5
4B7
330
43E
100
AcDbEntity
  8
08
  6
Continuous
100
AcDbVertex
100
AcDb2dVertex
 10
0.20949
 20
0.023081
 30
0.0
 70
     8
  0
VERTEX
  5
4B8
330
43E
100
AcDbEntity
  8
08
  6
Continuous
100
AcDbVertex
100
AcDb2dVertex
 10
0.206578
 20
0.016118
 30
0.0
 70
     8
  0
VERTEX
  5
4B9
330
43E
100
AcDbEntity
  8
08
  6
Continuous
100
AcDbVertex
100
AcDb2dVertex
 10
0.203568
 20
0.009991
 30
0.0
 70
     8
  0
VERTEX
  5
4BA
330
43E
100
AcDbEntity
  8
08
  6
Continuous
100
AcDbVertex
100
AcDb2dVertex
 10
0.200379
 20
0.004341
 30
0.0
 70
     8
  0
VERTEX
  5
4BB
330
43E
100
AcDbEntity
  8
08
  6
Continuous
100
AcDbVertex
100
AcDb2dVertex
 10
0.197009
 20
-0.000833
 30
0.0
 70
     8
  0
VERTEX
  5
4BC
330
43E
100
AcDbEntity
  8
08
  6
Continuous
100
AcDbVertex
100
AcDb2dVertex
 10
0.19346
 20
-0.005529
 30
0.0
 70
     8
  0
VERTEX
  5
4BD
330
43E
100
AcDbEntity
  8
08
  6
Continuous
100
AcDbVertex
100
AcDb2dVertex
 10
0.189731
 20
-0.009747
 30
0.0
 70
     8
  0
VERTEX
  5
4BE
330
43E
100
AcDbEntity
  8
08
  6
Continuous
100
AcDbVertex
100
AcDb2dVertex
 10
0.185823
 20
-0.013489
 30
0.0
 70
     8
  0
VERTEX
  5
4BF
330
43E
100
AcDbEntity
  8
08
  6
Continuous
100
AcDbVertex
100
AcDb2dVertex
 10
0.181734
 20
-0.016753
 30
0.0
 70
     8
  0
VERTEX
  5
4C0
330
43E
100
AcDbEntity
  8
08
  6
Continuous
100
AcDbVertex
100
AcDb2dVertex
 10
0.177466
 20
-0.01954
 30
0.0
 70
     8
  0
VERTEX
  5
4C1
330
43E
100
AcDbEntity
  8
08
  6
Continuous
100
AcDbVertex
100
AcDb2dVertex
 10
-0.177466
 20
-0.01954
 30
0.0
 70
    16
  0
VERTEX
  5
4C2
330
43E
100
AcDbEntity
  8
08
  6
Continuous
100
AcDbVertex
100
AcDb2dVertex
 10
-0.194898
 20
-0.009346
 30
0.0
 70
    16
  0
VERTEX
  5
4C3
330
43E
100
AcDbEntity
  8
08
  6
Continuous
100
AcDbVertex
100
AcDb2dVertex
 10
-0.218258
 20
0.041583
 30
0.0
 70
    16
  0
VERTEX
  5
4C4
330
43E
100
AcDbEntity
  8
08
  6
Continuous
100
AcDbVertex
100
AcDb2dVertex
 10
-0.240622
 20
0.168915
 30
0.0
 70
    16
  0
VERTEX
  5
4C5
330
43E
100
AcDbEntity
  8
08
  6
Continuous
100
AcDbVertex
100
AcDb2dVertex
 10
-0.24
 20
0.19046
 30
0.0
 70
    16
  0
VERTEX
  5
4C6
330
43E
100
AcDbEntity
  8
08
  6
Continuous
100
AcDbVertex
100
AcDb2dVertex
 10
-0.22226
 20
0.269395
 30
0.0
 70
    16
  0
VERTEX
  5
4C7
330
43E
100
AcDbEntity
  8
08
  6
Continuous
100
AcDbVertex
100
AcDb2dVertex
 10
-0.169706
 20
0.338952
 30
0.0
 70
    16
  0
VERTEX
  5
4C8
330
43E
100
AcDbEntity
  8
08
  6
Continuous
100
AcDbVertex
100
AcDb2dVertex
 10
-0.093257
 20
0.384081
 30
0.0
 70
    16
  0
VERTEX
  5
4C9
330
43E
100
AcDbEntity
  8
08
  6
Continuous
100
AcDbVertex
100
AcDb2dVertex
 10
0.0
 20
0.40046
 30
0.0
 70
    16
  0
VERTEX
  5
4CA
330
43E
100
AcDbEntity
  8
08
  6
Continuous
100
AcDbVertex
100
AcDb2dVertex
 10
0.093257
 20
0.384081
 30
0.0
 70
    16
  0
VERTEX
  5
4CB
330
43E
100
AcDbEntity
  8
08
  6
Continuous
100
AcDbVertex
100
AcDb2dVertex
 10
0.169706
 20
0.338952
 30
0.0
 70
    16
  0
VERTEX
  5
4CC
330
43E
100
AcDbEntity
  8
08
  6
Continuous
100
AcDbVertex
100
AcDb2dVertex
 10
0.22226
 20
0.269395
 30
0.0
 70
    16
  0
VERTEX
  5
4CD
330
43E
100
AcDbEntity
  8
08
  6
Continuous
100
AcDbVertex
100
AcDb2dVertex
 10
0.24
 20
0.19046
 30
0.0
 70
    16
  0
VERTEX
  5
4CE
330
43E
100
AcDbEntity
  8
08
  6
Continuous
100
AcDbVertex
100
AcDb2dVertex
 10
0.240622
 20
0.168915
 30
0.0
 70
    16
  0
VERTEX
  5
4CF
330
43E
100
AcDbEntity
  8
08
  6
Continuous
100
AcDbVertex
100
AcDb2dVertex
 10
0.218258
 20
0.041583
 30
0.0
 70
    16
  0
VERTEX
  5
4D0
330
43E
100
AcDbEntity
  8
08
  6
Continuous
100
AcDbVertex
100
AcDb2dVertex
 10
0.194898
 20
-0.009346
 30
0.0
 70
    16
  0
VERTEX
  5
4D1
330
43E
100
AcDbEntity
  8
08
  6
Continuous
100
AcDbVertex
100
AcDb2dVertex
 10
0.177466
 20
-0.01954
 30
0.0
 70
    16
  0
SEQEND
  5
4D2
330
43E
100
AcDbEntity
  8
08
  6
Continuous
  0
CIRCLE
  5
4D3
330
43C
100
AcDbEntity
  8
08
  6
Continuous
100
AcDbCircle
 10
0.0
 20
0.120322
 30
0.0
 40
0.02
  0
LWPOLYLINE
  5
4D4
330
43C
100
AcDbEntity
  8
08
  6
Continuous
100
AcDbPolyline
 90
       18
 70
     1
 43
0.0
 10
0.0
 20
0.0
 10
-0.109993
 20
0.0
 42
-0.104875
 10
-0.120151
 20
0.002101
 42
-0.221649
 10
-0.204273
 20
0.097702
 42
-0.048163
 10
-0.210622
 20
0.163455
 42
-0.015067
 10
-0.209998
 20
0.184155
 42
-0.11237
 10
-0.195145
 20
0.251099
 42
-0.102819
 10
-0.14995
 20
0.310915
 42
-0.093047
 10
-0.083035
 20
0.350417
 42
-0.087147
 10
0.0
 20
0.365
 42
-0.087147
 10
0.083035
 20
0.350417
 42
-0.093047
 10
0.14995
 20
0.310915
 42
-0.102819
 10
0.195145
 20
0.251099
 42
-0.11237
 10
0.209998
 20
0.184155
 42
-0.015067
 10
0.210622
 20
0.163455
 42
-0.048163
 10
0.204273
 20
0.097702
 42
-0.221649
 10
0.120151
 20
0.002101
 42
-0.104875
 10
0.109993
 20
0.0
  0
LWPOLYLINE
  5
4D5
330
43C
100
AcDbEntity
  8
08
  6
Continuous
100
AcDbPolyline
 90
        9
 70
     0
 43
0.0
 10
-0.198723
 20
0.242941
 42
0.10564
 10
-0.180769
 20
0.158914
 42
0.092164
 10
-0.134258
 20
0.091625
 42
0.198077
 10
-0.106065
 20
0.08
 10
0.0
 20
0.08
 10
0.106065
 20
0.08
 42
0.198077
 10
0.134258
 20
0.091625
 42
0.092164
 10
0.180769
 20
0.158914
 42
0.10564
 10
0.198723
 20
0.242941
  0
ENDBLK
  5
4D6
330
43C
100
AcDbEntity
  8
0
 48
0.5
100
AcDbBlockEnd
  0
BLOCK
  5
53D
330
53C
100
AcDbEntity
  8
0
100
AcDbBlockBegin
  2
telefono
 70
     0
 10
0.0
 20
0.0
 30
0.0
  3
telefono
  1
telefono
  0
ARC
  5
53E
330
53C
100
AcDbEntity
  8
0
100
AcDbCircle
 10
0.044371
 20
-0.108497
 30
0.0
 40
0.0173235514755014
100
AcDbArc
 50
118.491464
 51
61.508536
  0
LINE
  5
53F
330
53C
100
AcDbEntity
  8
0
100
AcDbLine
 10
0.082636
 20
-0.130252
 30
0.0
 11
0.092553
 21
-0.133558
 31
0.0
  0
LINE
  5
540
330
53C
100
AcDbEntity
  8
0
100
AcDbLine
 10
0.079331
 20
-0.123641
 30
0.0
 11
0.089247
 21
-0.126947
 31
0.0
  0
INSERT
  5
541
330
53C
100
AcDbEntity
  8
0
100
AcDbBlockReference
  2
RECTANG
 10
0.011694
 20
-0.113222
 30
0.0
 41
-0.061979
 42
0.072308
 43
0.061979
  0
LINE
  5
549
330
53C
100
AcDbEntity
  8
0
100
AcDbLine
 10
0.069414
 20
-0.103808
 30
0.0
 11
0.079331
 21
-0.107113
 31
0.0
  0
LINE
  5
54A
330
53C
100
AcDbEntity
  8
0
100
AcDbLine
 10
0.07272
 20
-0.110419
 30
0.0
 11
0.082636
 21
-0.113724
 31
0.0
  0
LINE
  5
54B
330
53C
100
AcDbEntity
  8
0
100
AcDbLine
 10
0.076025
 20
-0.11703
 30
0.0
 11
0.085942
 21
-0.120335
 31
0.0
  0
LINE
  5
54C
330
53C
100
AcDbEntity
  8
0
100
AcDbLine
 10
-0.03479
 20
-0.10031
 30
0.0
 11
-0.03479
 21
-0.10031
 31
0.0
  0
LINE
  5
54D
330
53C
100
AcDbEntity
  8
0
100
AcDbLine
 10
-0.03479
 20
-0.084815
 30
0.0
 11
-0.03479
 21
-0.084815
 31
0.0
  0
LINE
  5
54E
330
53C
100
AcDbEntity
  8
0
100
AcDbLine
 10
-0.03479
 20
-0.069321
 30
0.0
 11
-0.03479
 21
-0.069321
 31
0.0
  0
LINE
  5
54F
330
53C
100
AcDbEntity
  8
0
100
AcDbLine
 10
-0.03479
 20
-0.053826
 30
0.0
 11
-0.03479
 21
-0.053826
 31
0.0
  0
LINE
  5
550
330
53C
100
AcDbEntity
  8
0
100
AcDbLine
 10
-0.019296
 20
-0.10031
 30
0.0
 11
-0.019296
 21
-0.10031
 31
0.0
  0
LINE
  5
551
330
53C
100
AcDbEntity
  8
0
100
AcDbLine
 10
-0.019296
 20
-0.084815
 30
0.0
 11
-0.019296
 21
-0.084815
 31
0.0
  0
LINE
  5
552
330
53C
100
AcDbEntity
  8
0
100
AcDbLine
 10
-0.019296
 20
-0.069321
 30
0.0
 11
-0.019296
 21
-0.069321
 31
0.0
  0
LINE
  5
553
330
53C
100
AcDbEntity
  8
0
100
AcDbLine
 10
-0.019296
 20
-0.053826
 30
0.0
 11
-0.019296
 21
-0.053826
 31
0.0
  0
LINE
  5
554
330
53C
100
AcDbEntity
  8
0
100
AcDbLine
 10
-0.003801
 20
-0.10031
 30
0.0
 11
-0.003801
 21
-0.10031
 31
0.0
  0
LINE
  5
555
330
53C
100
AcDbEntity
  8
0
100
AcDbLine
 10
-0.003801
 20
-0.084815
 30
0.0
 11
-0.003801
 21
-0.084815
 31
0.0
  0
LINE
  5
556
330
53C
100
AcDbEntity
  8
0
100
AcDbLine
 10
-0.003801
 20
-0.069321
 30
0.0
 11
-0.003801
 21
-0.069321
 31
0.0
  0
LINE
  5
557
330
53C
100
AcDbEntity
  8
0
100
AcDbLine
 10
-0.003801
 20
-0.053826
 30
0.0
 11
-0.003801
 21
-0.053826
 31
0.0
  0
LINE
  5
558
330
53C
100
AcDbEntity
  8
0
100
AcDbLine
 10
0.052635
 20
-0.025859
 30
0.0
 11
0.052635
 21
-0.108497
 31
0.0
  0
LINE
  5
559
330
53C
100
AcDbEntity
  8
0
100
AcDbLine
 10
0.036107
 20
-0.025859
 30
0.0
 11
0.036107
 21
-0.108497
 31
0.0
  0
INSERT
  5
55A
330
53C
100
AcDbEntity
  8
0
100
AcDbBlockReference
  2
RECTANG
 10
0.067807
 20
-0.133941
 30
0.0
 41
-0.135614
 42
0.133941
 43
0.135614
 50
0.0
  0
INSERT
  5
55B
330
53C
100
AcDbEntity
  8
0
100
AcDbBlockReference
  2
RECTANG
 10
-0.001219
 20
-0.022837
 30
0.0
 41
-0.033572
 42
0.007747
 43
0.033572
  0
ARC
  5
55C
330
53C
100
AcDbEntity
  8
0
100
AcDbCircle
 10
0.044371
 20
-0.025859
 30
0.0
 40
0.0173235514755014
100
AcDbArc
 50
298.491464
 51
241.508536
  0
LINE
  5
55D
330
53C
100
AcDbEntity
  8
0
100
AcDbLine
 10
0.079331
 20
-0.169918
 30
0.0
 11
0.089247
 21
-0.173224
 31
0.0
  0
LINE
  5
55E
330
53C
100
AcDbEntity
  8
0
100
AcDbLine
 10
0.071552
 20
-0.174626
 30
0.0
 11
0.081469
 21
-0.177931
 31
0.0
  0
LINE
  5
55F
330
53C
100
AcDbEntity
  8
0
100
AcDbLine
 10
0.082636
 20
-0.163307
 30
0.0
 11
0.092553
 21
-0.166613
 31
0.0
  0
LINE
  5
560
330
53C
100
AcDbEntity
  8
0
100
AcDbLine
 10
0.085942
 20
-0.156696
 30
0.0
 11
0.095858
 21
-0.160002
 31
0.0
  0
LINE
  5
561
330
53C
100
AcDbEntity
  8
0
100
AcDbLine
 10
0.085942
 20
-0.136863
 30
0.0
 11
0.095858
 21
-0.140169
 31
0.0
  0
LINE
  5
562
330
53C
100
AcDbEntity
  8
0
100
AcDbLine
 10
0.085942
 20
-0.143474
 30
0.0
 11
0.095858
 21
-0.14678
 31
0.0
  0
LINE
  5
563
330
53C
100
AcDbEntity
  8
0
100
AcDbLine
 10
0.085942
 20
-0.150085
 30
0.0
 11
0.095858
 21
-0.153391
 31
0.0
  0
LINE
  5
564
330
53C
100
AcDbEntity
  8
0
100
AcDbLine
 10
0.062803
 20
-0.166613
 30
0.0
 11
0.07272
 21
-0.169918
 31
0.0
  0
LINE
  5
565
330
53C
100
AcDbEntity
  8
0
100
AcDbLine
 10
0.059498
 20
-0.160002
 30
0.0
 11
0.069414
 21
-0.163307
 31
0.0
  0
LINE
  5
566
330
53C
100
AcDbEntity
  8
0
100
AcDbLine
 10
0.056192
 20
-0.153391
 30
0.0
 11
0.066109
 21
-0.156696
 31
0.0
  0
LINE
  5
567
330
53C
100
AcDbEntity
  8
0
100
AcDbLine
 10
0.052887
 20
-0.14678
 30
0.0
 11
0.062803
 21
-0.150085
 31
0.0
  0
LINE
  5
568
330
53C
100
AcDbEntity
  8
0
100
AcDbLine
 10
0.050228
 20
-0.124668
 30
0.0
 11
0.056192
 21
-0.143474
 31
0.0
  0
ENDBLK
  5
569
330
53C
100
AcDbEntity
  8
0
100
AcDbBlockEnd
  0
BLOCK
  5
543
330
542
100
AcDbEntity
  8
0
100
AcDbBlockBegin
  2
RECTANG
 70
     0
 10
0.0
 20
0.0
 30
0.0
  3
RECTANG
  1
RECTANG
  0
LINE
  5
544
330
542
100
AcDbEntity
  8
0
100
AcDbLine
 10
0.0
 20
0.0
 30
0.0
 11
1.0
 21
0.0
 31
0.0
  0
LINE
  5
545
330
542
100
AcDbEntity
  8
0
100
AcDbLine
 10
1.0
 20
0.0
 30
0.0
 11
1.0
 21
1.0
 31
0.0
  0
LINE
  5
546
330
542
100
AcDbEntity
  8
0
100
AcDbLine
 10
1.0
 20
1.0
 30
0.0
 11
0.0
 21
1.0
 31
0.0
  0
LINE
  5
547
330
542
100
AcDbEntity
  8
0
100
AcDbLine
 10
0.0
 20
1.0
 30
0.0
 11
0.0
 21
0.0
 31
0.0
  0
ENDBLK
  5
548
330
542
100
AcDbEntity
  8
0
100
AcDbBlockEnd
  0
BLOCK
  5
638
330
637
100
AcDbEntity
  8
0
100
AcDbBlockBegin
  2
MHPLN010
 70
     0
 10
0.0
 20
0.0
 30
0.0
  3
MHPLN010
  1
MHPLN010
  0
LINE
  5
639
330
637
100
AcDbEntity
  8
0
100
AcDbLine
 10
-1.0
 20
0.15
 30
0.0
 11
1.0
 21
0.15
 31
0.0
  0
LINE
  5
63A
330
637
100
AcDbEntity
  8
0
100
AcDbLine
 10
0.95
 20
0.75
 30
0.0
 11
1.0
 21
0.75
 31
0.0
  0
LINE
  5
63B
330
637
100
AcDbEntity
  8
0
100
AcDbLine
 10
1.0
 20
0.0
 30
0.0
 11
-1.0
 21
0.0
 31
0.0
  0
ARC
  5
63C
330
637
100
AcDbEntity
  8
0
100
AcDbCircle
 10
-0.85
 20
0.7
 30
0.0
 40
0.05
100
AcDbArc
 50
90.0
 51
180.0
  0
ARC
  5
63D
330
637
100
AcDbEntity
  8
0
100
AcDbCircle
 10
-0.85
 20
0.2
 30
0.0
 40
0.05
100
AcDbArc
 50
180.0
 51
270.0
  0
LINE
  5
63E
330
637
100
AcDbEntity
  8
0
100
AcDbLine
 10
-1.05
 20
0.7
 30
0.0
 11
-1.05
 21
0.2
 31
0.0
  0
LINE
  5
63F
330
637
100
AcDbEntity
  8
0
100
AcDbLine
 10
-0.9
 20
0.2
 30
0.0
 11
-0.9
 21
0.7
 31
0.0
  0
ARC
  5
640
330
637
100
AcDbEntity
  8
0
100
AcDbCircle
 10
-1.0
 20
0.05
 30
0.0
 40
0.05
100
AcDbArc
 50
180.0
 51
270.0
  0
ARC
  5
641
330
637
100
AcDbEntity
  8
0
100
AcDbCircle
 10
-1.0
 20
0.1
 30
0.0
 40
0.05
100
AcDbArc
 50
90.0
 51
180.0
  0
LINE
  5
642
330
637
100
AcDbEntity
  8
0
100
AcDbLine
 10
-1.05
 20
0.1
 30
0.0
 11
-1.05
 21
0.05
 31
0.0
  0
ARC
  5
643
330
637
100
AcDbEntity
  8
0
100
AcDbCircle
 10
-1.0
 20
0.2
 30
0.0
 40
0.05
100
AcDbArc
 50
180.0
 51
270.0
  0
ARC
  5
644
330
637
100
AcDbEntity
  8
0
100
AcDbCircle
 10
-0.95
 20
0.2
 30
0.0
 40
0.05
100
AcDbArc
 50
270.0
 51
360.0
  0
ARC
  5
645
330
637
100
AcDbEntity
  8
0
100
AcDbCircle
 10
-1.0
 20
0.7
 30
0.0
 40
0.05
100
AcDbArc
 50
90.0
 51
180.0
  0
ARC
  5
646
330
637
100
AcDbEntity
  8
0
100
AcDbCircle
 10
-0.95
 20
0.7
 30
0.0
 40
0.05
100
AcDbArc
 50
0.0
 51
90.0
  0
LINE
  5
647
330
637
100
AcDbEntity
  8
0
100
AcDbLine
 10
-1.0
 20
0.75
 30
0.0
 11
-0.95
 21
0.75
 31
0.0
  0
LINE
  5
648
330
637
100
AcDbEntity
  8
0
100
AcDbLine
 10
0.3
 20
0.2
 30
0.0
 11
0.3
 21
0.7
 31
0.0
  0
LINE
  5
649
330
637
100
AcDbEntity
  8
0
100
AcDbLine
 10
-0.3
 20
0.2
 30
0.0
 11
-0.3
 21
0.7
 31
0.0
  0
LINE
  5
64A
330
637
100
AcDbEntity
  8
0
100
AcDbLine
 10
0.9
 20
0.2
 30
0.0
 11
0.9
 21
0.7
 31
0.0
  0
ARC
  5
64B
330
637
100
AcDbEntity
  8
0
100
AcDbCircle
 10
-0.25
 20
0.2
 30
0.0
 40
0.05
100
AcDbArc
 50
180.0
 51
270.0
  0
ARC
  5
64C
330
637
100
AcDbEntity
  8
0
100
AcDbCircle
 10
-0.35
 20
0.2
 30
0.0
 40
0.05
100
AcDbArc
 50
270.0
 51
360.0
  0
ARC
  5
64D
330
637
100
AcDbEntity
  8
0
100
AcDbCircle
 10
0.35
 20
0.2
 30
0.0
 40
0.05
100
AcDbArc
 50
180.0
 51
270.0
  0
ARC
  5
64E
330
637
100
AcDbEntity
  8
0
100
AcDbCircle
 10
0.25
 20
0.2
 30
0.0
 40
0.05
100
AcDbArc
 50
270.0
 51
360.0
  0
ARC
  5
64F
330
637
100
AcDbEntity
  8
0
100
AcDbCircle
 10
0.85
 20
0.2
 30
0.0
 40
0.05
100
AcDbArc
 50
270.0
 51
360.0
  0
ARC
  5
650
330
637
100
AcDbEntity
  8
0
100
AcDbCircle
 10
0.95
 20
0.2
 30
0.0
 40
0.05
100
AcDbArc
 50
180.0
 51
270.0
  0
LINE
  5
651
330
637
100
AcDbEntity
  8
0
100
AcDbLine
 10
-0.25
 20
0.75
 30
0.0
 11
0.25
 21
0.75
 31
0.0
  0
LINE
  5
652
330
637
100
AcDbEntity
  8
0
100
AcDbLine
 10
-0.85
 20
0.75
 30
0.0
 11
-0.35
 21
0.75
 31
0.0
  0
ARC
  5
653
330
637
100
AcDbEntity
  8
0
100
AcDbCircle
 10
-0.35
 20
0.7
 30
0.0
 40
0.05
100
AcDbArc
 50
0.0
 51
90.0
  0
ARC
  5
654
330
637
100
AcDbEntity
  8
0
100
AcDbCircle
 10
-0.25
 20
0.7
 30
0.0
 40
0.05
100
AcDbArc
 50
90.0
 51
180.0
  0
LINE
  5
655
330
637
100
AcDbEntity
  8
0
100
AcDbLine
 10
0.35
 20
0.75
 30
0.0
 11
0.85
 21
0.75
 31
0.0
  0
ARC
  5
656
330
637
100
AcDbEntity
  8
0
100
AcDbCircle
 10
0.25
 20
0.7
 30
0.0
 40
0.05
100
AcDbArc
 50
0.0
 51
90.0
  0
ARC
  5
657
330
637
100
AcDbEntity
  8
0
100
AcDbCircle
 10
0.35
 20
0.7
 30
0.0
 40
0.05
100
AcDbArc
 50
90.0
 51
180.0
  0
ARC
  5
658
330
637
100
AcDbEntity
  8
0
100
AcDbCircle
 10
0.85
 20
0.7
 30
0.0
 40
0.05
100
AcDbArc
 50
0.0
 51
90.0
  0
ARC
  5
659
330
637
100
AcDbEntity
  8
0
100
AcDbCircle
 10
0.95
 20
0.7
 30
0.0
 40
0.05
100
AcDbArc
 50
90.0
 51
180.0
  0
LINE
  5
65A
330
637
100
AcDbEntity
  8
0
100
AcDbLine
 10
1.05
 20
0.7
 30
0.0
 11
1.05
 21
0.2
 31
0.0
  0
ARC
  5
65B
330
637
100
AcDbEntity
  8
0
100
AcDbCircle
 10
1.0
 20
0.05
 30
0.0
 40
0.05
100
AcDbArc
 50
270.0
 51
0.0
  0
ARC
  5
65C
330
637
100
AcDbEntity
  8
0
100
AcDbCircle
 10
1.0
 20
0.1
 30
0.0
 40
0.05
100
AcDbArc
 50
0.0
 51
90.0
  0
ARC
  5
65D
330
637
100
AcDbEntity
  8
0
100
AcDbCircle
 10
1.0
 20
0.2
 30
0.0
 40
0.05
100
AcDbArc
 50
270.0
 51
360.0
  0
LINE
  5
65E
330
637
100
AcDbEntity
  8
0
100
AcDbLine
 10
1.05
 20
0.1
 30
0.0
 11
1.05
 21
0.05
 31
0.0
  0
ARC
  5
65F
330
637
100
AcDbEntity
  8
0
100
AcDbCircle
 10
1.0
 20
0.7
 30
0.0
 40
0.05
100
AcDbArc
 50
360.0
 51
90.0
  0
ENDBLK
  5
660
330
637
100
AcDbEntity
  8
0
100
AcDbBlockEnd
  0
ENDSEC
  0
SECTION
  2
ENTITIES
  0
LINE
  5
397
330
1F
100
AcDbEntity
  8
251
100
AcDbLine
 10
82.98012
 20
133.81147
 30
0.0
 11
82.98012
 21
133.67147
 31
0.0
  0
LINE
  5
398
330
1F
100
AcDbEntity
  8
251
100
AcDbLine
 10
82.98012
 20
133.67147
 30
0.0
 11
88.08012
 21
133.67147
 31
0.0
  0
LINE
  5
399
330
1F
100
AcDbEntity
  8
MUROS
100
AcDbLine
 10
72.68012
 20
139.26147
 30
0.0
 11
73.73012
 21
139.26147
 31
0.0
  0
LINE
  5
39A
330
1F
100
AcDbEntity
  8
MUROS
100
AcDbLine
 10
75.28012
 20
139.26147
 30
0.0
 11
75.85012
 21
139.26147
 31
0.0
  0
LINE
  5
39B
330
1F
100
AcDbEntity
  8
MUROS
100
AcDbLine
 10
72.68012
 20
138.04147
 30
0.0
 11
73.73012
 21
138.04147
 31
0.0
  0
LINE
  5
39C
330
1F
100
AcDbEntity
  8
MUROS
100
AcDbLine
 10
72.68012
 20
137.89147
 30
0.0
 11
73.73012
 21
137.89147
 31
0.0
  0
LINE
  5
39D
330
1F
100
AcDbEntity
  8
MUROS
100
AcDbLine
 10
74.43012
 20
137.52147
 30
0.0
 11
74.58012
 21
137.52147
 31
0.0
  0
LINE
  5
39E
330
1F
100
AcDbEntity
  8
MUROS
100
AcDbLine
 10
72.68012
 20
136.84147
 30
0.0
 11
74.58012
 21
136.84147
 31
0.0
  0
LINE
  5
39F
330
1F
100
AcDbEntity
  8
MUROS
100
AcDbLine
 10
72.68012
 20
136.69147
 30
0.0
 11
74.43012
 21
136.69147
 31
0.0
  0
LINE
  5
3A0
330
1F
100
AcDbEntity
  8
MUROS
100
AcDbLine
 10
74.58012
 20
135.81147
 30
0.0
 11
75.98012
 21
135.81147
 31
0.0
  0
LINE
  5
3A1
330
1F
100
AcDbEntity
  8
MUROS
100
AcDbLine
 10
74.43012
 20
135.66147
 30
0.0
 11
75.98012
 21
135.66147
 31
0.0
  0
LINE
  5
3A2
330
1F
100
AcDbEntity
  8
AUX
  6
Continuous
 48
0.5
100
AcDbLine
 10
75.91012
 20
134.86147
 30
0.0
 11
75.98012
 21
134.86147
 31
0.0
  0
LINE
  5
3A3
330
1F
100
AcDbEntity
  8
MUROS
100
AcDbLine
 10
76.75012
 20
139.26147
 30
0.0
 11
77.32012
 21
139.26147
 31
0.0
  0
LINE
  5
3A4
330
1F
100
AcDbEntity
  8
MUROS
100
AcDbLine
 10
77.32012
 20
138.85147
 30
0.0
 11
77.73012
 21
138.85147
 31
0.0
  0
LINE
  5
3A5
330
1F
100
AcDbEntity
  8
08
  6
Continuous
100
AcDbLine
 10
76.05012
 20
138.66147
 30
0.0
 11
77.73012
 21
138.66147
 31
0.0
  0
LINE
  5
3A6
330
1F
100
AcDbEntity
  8
AUX
  6
Continuous
 48
0.5
100
AcDbLine
 10
72.68012
 20
132.06147
 30
0.0
 11
75.98012
 21
132.06147
 31
0.0
  0
LINE
  5
3A7
330
1F
100
AcDbEntity
  8
AUX
  6
Continuous
 48
0.5
100
AcDbLine
 10
75.51012
 20
131.16147
 30
0.0
 11
75.58012
 21
131.16147
 31
0.0
  0
LINE
  5
3A8
330
1F
100
AcDbEntity
  8
AUX
  6
Continuous
 48
0.5
100
AcDbLine
 10
72.68012
 20
132.13147
 30
0.0
 11
75.91012
 21
132.13147
 31
0.0
  0
LINE
  5
3A9
330
1F
100
AcDbEntity
  8
MUROS
100
AcDbLine
 10
77.90012
 20
139.26147
 30
0.0
 11
80.16012
 21
139.26147
 31
0.0
  0
LINE
  5
3AA
330
1F
100
AcDbEntity
  8
MUROS
100
AcDbLine
 10
83.72012
 20
139.26147
 30
0.0
 11
88.33012
 21
139.26147
 31
0.0
  0
LINE
  5
3AB
330
1F
100
AcDbEntity
  8
MUROS
100
AcDbLine
 10
88.08012
 20
137.31147
 30
0.0
 11
88.33012
 21
137.31147
 31
0.0
  0
LINE
  5
3AC
330
1F
100
AcDbEntity
  8
MUROS
100
AcDbLine
 10
82.81012
 20
137.97147
 30
0.0
 11
83.72012
 21
137.97147
 31
0.0
  0
LINE
  5
3AD
330
1F
100
AcDbEntity
  8
MUROS
100
AcDbLine
 10
82.81012
 20
138.12147
 30
0.0
 11
83.57012
 21
138.12147
 31
0.0
  0
LINE
  5
3AE
330
1F
100
AcDbEntity
  8
MUROS
100
AcDbLine
 10
80.31012
 20
136.36147
 30
0.0
 11
80.96012
 21
136.36147
 31
0.0
  0
LINE
  5
3AF
330
1F
100
AcDbEntity
  8
MUROS
100
AcDbLine
 10
81.76012
 20
136.36147
 30
0.0
 11
82.98012
 21
136.36147
 31
0.0
  0
LINE
  5
3B0
330
1F
100
AcDbEntity
  8
MUROS
100
AcDbLine
 10
80.16012
 20
136.16147
 30
0.0
 11
80.96012
 21
136.16147
 31
0.0
  0
LINE
  5
3B1
330
1F
100
AcDbEntity
  8
MUROS
100
AcDbLine
 10
81.76012
 20
136.16147
 30
0.0
 11
82.98012
 21
136.16147
 31
0.0
  0
LINE
  5
3B2
330
1F
100
AcDbEntity
  8
MUROS
100
AcDbLine
 10
82.81012
 20
135.36147
 30
0.0
 11
82.98012
 21
135.36147
 31
0.0
  0
LINE
  5
3B3
330
1F
100
AcDbEntity
  8
CALLES
  6
Continuous
 48
0.5
100
AcDbLine
 10
88.08012
 20
139.26147
 30
0.0
 11
88.08012
 21
137.31147
 31
0.0
  0
LINE
  5
3B4
330
1F
100
AcDbEntity
  8
CALLES
  6
Continuous
 48
0.5
100
AcDbLine
 10
88.14012
 20
139.26147
 30
0.0
 11
88.14012
 21
137.31147
 31
0.0
  0
LINE
  5
3B5
330
1F
100
AcDbEntity
  8
CALLES
  6
Continuous
 48
0.5
100
AcDbLine
 10
88.20012
 20
139.26147
 30
0.0
 11
88.20012
 21
137.31147
 31
0.0
  0
LINE
  5
3B6
330
1F
100
AcDbEntity
  8
MUROS
100
AcDbLine
 10
88.08012
 20
137.31147
 30
0.0
 11
88.08012
 21
136.13147
 31
0.0
  0
LINE
  5
3B7
330
1F
100
AcDbEntity
  8
MUROS
100
AcDbLine
 10
88.08012
 20
134.51147
 30
0.0
 11
88.08012
 21
134.04147
 31
0.0
  0
LINE
  5
3B8
330
1F
100
AcDbEntity
  8
MUROS
100
AcDbLine
 10
88.08012
 20
129.06147
 30
0.0
 11
88.08012
 21
128.81147
 31
0.0
  0
LINE
  5
3B9
330
1F
100
AcDbEntity
  8
MUROS
100
AcDbLine
 10
88.33012
 20
129.06147
 30
0.0
 11
88.08012
 21
129.06147
 31
0.0
  0
LINE
  5
3BA
330
1F
100
AcDbEntity
  8
MUROS
100
AcDbLine
 10
82.98012
 20
129.06147
 30
0.0
 11
82.76012
 21
129.06147
 31
0.0
  0
LINE
  5
3BB
330
1F
100
AcDbEntity
  8
MUROS
100
AcDbLine
 10
77.80012
 20
129.06147
 30
0.0
 11
77.58012
 21
129.06147
 31
0.0
  0
LINE
  5
3BC
330
1F
100
AcDbEntity
  8
MUROS
100
AcDbLine
 10
72.68012
 20
129.06147
 30
0.0
 11
72.43012
 21
129.06147
 31
0.0
  0
LINE
  5
3BD
330
1F
100
AcDbEntity
  8
MUROS
100
AcDbLine
 10
72.68012
 20
131.01147
 30
0.0
 11
72.43012
 21
131.01147
 31
0.0
  0
LINE
  5
3BE
330
1F
100
AcDbEntity
  8
MUROS
100
AcDbLine
 10
72.68012
 20
131.01147
 30
0.0
 11
72.68012
 21
132.19147
 31
0.0
  0
LINE
  5
3BF
330
1F
100
AcDbEntity
  8
MUROS
100
AcDbLine
 10
72.68012
 20
136.11147
 30
0.0
 11
72.68012
 21
136.69147
 31
0.0
  0
LINE
  5
3C0
330
1F
100
AcDbEntity
  8
MUROS
100
AcDbLine
 10
72.68012
 20
136.84147
 30
0.0
 11
72.68012
 21
137.89147
 31
0.0
  0
LINE
  5
3C1
330
1F
100
AcDbEntity
  8
MUROS
100
AcDbLine
 10
72.68012
 20
138.04147
 30
0.0
 11
72.68012
 21
139.26147
 31
0.0
  0
LINE
  5
3C2
330
1F
100
AcDbEntity
  8
MUROS
100
AcDbLine
 10
74.43012
 20
135.66147
 30
0.0
 11
74.43012
 21
136.69147
 31
0.0
  0
LINE
  5
3C3
330
1F
100
AcDbEntity
  8
MUROS
100
AcDbLine
 10
74.43012
 20
137.52147
 30
0.0
 11
74.43012
 21
139.51147
 31
0.0
  0
LINE
  5
3C4
330
1F
100
AcDbEntity
  8
MUROS
100
AcDbLine
 10
73.73012
 20
139.26147
 30
0.0
 11
73.73012
 21
139.51147
 31
0.0
  0
LINE
  5
3C5
330
1F
100
AcDbEntity
  8
MUROS
100
AcDbLine
 10
73.73012
 20
137.89147
 30
0.0
 11
73.73012
 21
138.04147
 31
0.0
  0
LINE
  5
3C6
330
1F
100
AcDbEntity
  8
MUROS
100
AcDbLine
 10
74.58012
 20
137.52147
 30
0.0
 11
74.58012
 21
139.51147
 31
0.0
  0
LINE
  5
3C7
330
1F
100
AcDbEntity
  8
MUROS
100
AcDbLine
 10
75.28012
 20
139.26147
 30
0.0
 11
75.28012
 21
139.51147
 31
0.0
  0
LINE
  5
3C8
330
1F
100
AcDbEntity
  8
0-3
  6
Continuous
 48
0.5
100
AcDbLine
 10
75.28012
 20
137.01147
 30
0.0
 11
75.28012
 21
137.59147
 31
0.0
  0
LINE
  5
3C9
330
1F
100
AcDbEntity
  8
MUROS
100
AcDbLine
 10
74.58012
 20
135.81147
 30
0.0
 11
74.58012
 21
136.84147
 31
0.0
  0
LINE
  5
3CA
330
1F
100
AcDbEntity
  8
AUX
  6
Continuous
 48
0.5
100
AcDbLine
 10
75.98012
 20
132.06147
 30
0.0
 11
75.98012
 21
134.86147
 31
0.0
  0
LINE
  5
3CB
330
1F
100
AcDbEntity
  8
MUROS
100
AcDbLine
 10
75.98012
 20
135.66147
 30
0.0
 11
75.98012
 21
135.81147
 31
0.0
  0
LINE
  5
3CC
330
1F
100
AcDbEntity
  8
AUX
  6
Continuous
 48
0.5
100
AcDbLine
 10
75.58012
 20
129.06147
 30
0.0
 11
75.58012
 21
131.16147
 31
0.0
  0
LINE
  5
3CD
330
1F
100
AcDbEntity
  8
AUX
  6
Continuous
 48
0.5
100
AcDbLine
 10
75.51012
 20
129.06147
 30
0.0
 11
75.51012
 21
131.16147
 31
0.0
  0
LINE
  5
3CE
330
1F
100
AcDbEntity
  8
AUX
  6
Continuous
 48
0.5
100
AcDbLine
 10
75.91012
 20
132.13147
 30
0.0
 11
75.91012
 21
134.86147
 31
0.0
  0
LINE
  5
3CF
330
1F
100
AcDbEntity
  8
MUROS
100
AcDbLine
 10
76.05012
 20
137.01147
 30
0.0
 11
76.05012
 21
139.51147
 31
0.0
  0
LINE
  5
3D0
330
1F
100
AcDbEntity
  8
MUROS
100
AcDbLine
 10
76.75012
 20
139.26147
 30
0.0
 11
76.75012
 21
139.51147
 31
0.0
  0
LINE
  5
3D1
330
1F
100
AcDbEntity
  8
MUROS
100
AcDbLine
 10
75.85012
 20
137.01147
 30
0.0
 11
75.85012
 21
137.44147
 31
0.0
  0
LINE
  5
3D2
330
1F
100
AcDbEntity
  8
MUROS
100
AcDbLine
 10
75.85012
 20
137.59147
 30
0.0
 11
75.85012
 21
139.26147
 31
0.0
  0
LINE
  5
3D3
330
1F
100
AcDbEntity
  8
0-3
  6
Continuous
 48
0.5
100
AcDbLine
 10
75.38012
 20
137.01147
 30
0.0
 11
75.38012
 21
137.44147
 31
0.0
  0
LWPOLYLINE
  5
3D4
330
1F
100
AcDbEntity
  8
MUROS
100
AcDbPolyline
 90
        2
 70
     0
 43
0.0
 10
77.80012
 20
139.51147
 10
80.81012
 20
139.51147
  0
LWPOLYLINE
  5
3D5
330
1F
100
AcDbEntity
  8
MUROS
100
AcDbPolyline
 90
        2
 70
     0
 43
0.0
 10
81.76012
 20
139.51147
 10
82.76012
 20
139.51147
  0
LWPOLYLINE
  5
3D6
330
1F
100
AcDbEntity
  8
MUROS
100
AcDbPolyline
 90
        2
 70
     0
 43
0.0
 10
82.98012
 20
139.51147
 10
88.11012
 20
139.51147
  0
LWPOLYLINE
  5
3D7
330
1F
100
AcDbEntity
  8
CALLES
  6
Continuous
 48
0.5
100
AcDbPolyline
 90
        2
 70
     0
 43
0.0
 10
88.33012
 20
139.29147
 10
88.33012
 20
137.31147
  0
LWPOLYLINE
  5
3D8
330
1F
100
AcDbEntity
  8
MUROS
100
AcDbPolyline
 90
        2
 70
     0
 43
0.0
 10
88.33012
 20
137.31147
 10
88.33012
 20
136.35147
  0
LWPOLYLINE
  5
3D9
330
1F
100
AcDbEntity
  8
MUROS
100
AcDbPolyline
 90
        2
 70
     0
 43
0.0
 10
88.33012
 20
134.51147
 10
88.33012
 20
134.26147
  0
LWPOLYLINE
  5
3DA
330
1F
100
AcDbEntity
  8
MUROS
100
AcDbPolyline
 90
        2
 70
     0
 43
0.0
 10
88.33012
 20
129.06147
 10
88.33012
 20
129.03147
  0
LWPOLYLINE
  5
3DB
330
1F
100
AcDbEntity
  8
MUROS
100
AcDbPolyline
 90
        2
 70
     0
 43
0.0
 10
88.11012
 20
128.81147
 10
88.08012
 20
128.81147
  0
LWPOLYLINE
  5
3DC
330
1F
100
AcDbEntity
  8
MUROS
100
AcDbPolyline
 90
        2
 70
     0
 43
0.0
 10
72.68012
 20
128.81147
 10
72.65012
 20
128.81147
  0
LWPOLYLINE
  5
3DD
330
1F
100
AcDbEntity
  8
MUROS
100
AcDbPolyline
 90
        2
 70
     0
 43
0.0
 10
72.43012
 20
129.03147
 10
72.43012
 20
129.06147
  0
LWPOLYLINE
  5
3DE
330
1F
100
AcDbEntity
  8
MUROS
100
AcDbPolyline
 90
        2
 70
     0
 43
0.0
 10
72.43012
 20
131.01147
 10
72.43012
 20
132.19147
  0
LWPOLYLINE
  5
3DF
330
1F
100
AcDbEntity
  8
MUROS
100
AcDbPolyline
 90
        2
 70
     0
 43
0.0
 10
72.43012
 20
136.11147
 10
72.43012
 20
139.29147
  0
LWPOLYLINE
  5
3E0
330
1F
100
AcDbEntity
  8
MUROS
100
AcDbPolyline
 90
        2
 70
     0
 43
0.0
 10
72.65012
 20
139.51147
 10
73.73012
 20
139.51147
  0
LWPOLYLINE
  5
3E1
330
1F
100
AcDbEntity
  8
MUROS
100
AcDbPolyline
 90
        2
 70
     0
 43
0.0
 10
74.43012
 20
139.51147
 10
74.58012
 20
139.51147
  0
LWPOLYLINE
  5
3E2
330
1F
100
AcDbEntity
  8
MUROS
100
AcDbPolyline
 90
        2
 70
     0
 43
0.0
 10
75.28012
 20
139.51147
 10
76.05012
 20
139.51147
  0
LWPOLYLINE
  5
3E3
330
1F
100
AcDbEntity
  8
MUROS
100
AcDbPolyline
 90
        2
 70
     0
 43
0.0
 10
76.75012
 20
139.51147
 10
77.58012
 20
139.51147
  0
LWPOLYLINE
  5
3E4
330
1F
100
AcDbEntity
  8
MUROS
100
AcDbPolyline
 90
        4
 70
     0
 43
0.0
 10
77.80012
 20
139.51147
 10
77.80012
 20
139.71147
 10
77.58012
 20
139.71147
 10
77.58012
 20
139.51147
  0
LWPOLYLINE
  5
3E5
330
1F
100
AcDbEntity
  8
MUROS
100
AcDbPolyline
 90
        4
 70
     0
 43
0.0
 10
82.98012
 20
139.51147
 10
82.98012
 20
139.71147
 10
82.76012
 20
139.71147
 10
82.76012
 20
139.51147
  0
LINE
  5
3E6
330
1F
100
AcDbEntity
  8
MUROS
100
AcDbLine
 10
77.73012
 20
138.85147
 30
0.0
 11
77.73012
 21
137.21147
 31
0.0
  0
LINE
  5
3E7
330
1F
100
AcDbEntity
  8
MUROS
100
AcDbLine
 10
77.32012
 20
139.26147
 30
0.0
 11
77.32012
 21
138.85147
 31
0.0
  0
LINE
  5
3E8
330
1F
100
AcDbEntity
  8
08
  6
Continuous
100
AcDbLine
 10
77.38012
 20
138.66147
 30
0.0
 11
77.38012
 21
137.21147
 31
0.0
  0
LINE
  5
3E9
330
1F
100
AcDbEntity
  8
AUX
  6
Continuous
 48
0.5
100
AcDbLine
 10
82.98012
 20
137.97147
 30
0.0
 11
82.98012
 21
136.36147
 31
0.0
  0
LINE
  5
3EA
330
1F
100
AcDbEntity
  8
MUROS
100
AcDbLine
 10
82.98012
 20
136.36147
 30
0.0
 11
82.98012
 21
136.16147
 31
0.0
  0
LINE
  5
3EB
330
1F
100
AcDbEntity
  8
MUROS
100
AcDbLine
 10
80.31012
 20
138.86147
 30
0.0
 11
80.31012
 21
136.36147
 31
0.0
  0
LINE
  5
3EC
330
1F
100
AcDbEntity
  8
MUROS
100
AcDbLine
 10
80.96012
 20
136.36147
 30
0.0
 11
80.96012
 21
136.16147
 31
0.0
  0
LINE
  5
3ED
330
1F
100
AcDbEntity
  8
MUROS
100
AcDbLine
 10
81.76012
 20
136.36147
 30
0.0
 11
81.76012
 21
136.16147
 31
0.0
  0
LINE
  5
3EE
330
1F
100
AcDbEntity
  8
MUROS
100
AcDbLine
 10
80.16012
 20
139.26147
 30
0.0
 11
80.16012
 21
136.16147
 31
0.0
  0
LINE
  5
3EF
330
1F
100
AcDbEntity
  8
MUROS
100
AcDbLine
 10
82.98012
 20
135.36147
 30
0.0
 11
82.98012
 21
134.26147
 31
0.0
  0
LINE
  5
3F0
330
1F
100
AcDbEntity
  8
MUROS
100
AcDbLine
 10
77.90012
 20
139.26147
 30
0.0
 11
77.90012
 21
138.21147
 31
0.0
  0
LINE
  5
3F1
330
1F
100
AcDbEntity
  8
MUROS
100
AcDbLine
 10
77.90012
 20
138.06147
 30
0.0
 11
77.90012
 21
137.01147
 31
0.0
  0
LINE
  5
3F2
330
1F
100
AcDbEntity
  8
MUROS
100
AcDbLine
 10
76.94012
 20
136.31147
 30
0.0
 11
76.94012
 21
135.81147
 31
0.0
  0
LINE
  5
3F3
330
1F
100
AcDbEntity
  8
MUROS
100
AcDbLine
 10
77.09012
 20
136.31147
 30
0.0
 11
77.09012
 21
135.868811
 31
0.0
  0
LINE
  5
3F4
330
1F
100
AcDbEntity
  8
MUROS
100
AcDbLine
 10
82.81012
 20
138.12147
 30
0.0
 11
82.81012
 21
137.97147
 31
0.0
  0
LINE
  5
3F5
330
1F
100
AcDbEntity
  8
AUX
  6
Continuous
 48
0.5
100
AcDbLine
 10
82.81012
 20
137.97147
 30
0.0
 11
82.81012
 21
136.36147
 31
0.0
  0
LINE
  5
3F6
330
1F
100
AcDbEntity
  8
AUX
  6
Continuous
 48
0.5
100
AcDbLine
 10
82.87012
 20
137.97147
 30
0.0
 11
82.87012
 21
136.36147
 31
0.0
  0
LINE
  5
3F7
330
1F
100
AcDbEntity
  8
AUX
  6
Continuous
 48
0.5
100
AcDbLine
 10
82.93012
 20
137.97147
 30
0.0
 11
82.93012
 21
136.36147
 31
0.0
  0
LINE
  5
3F8
330
1F
100
AcDbEntity
  8
MUROS
100
AcDbLine
 10
83.57012
 20
139.26147
 30
0.0
 11
83.57012
 21
138.12147
 31
0.0
  0
LINE
  5
3F9
330
1F
100
AcDbEntity
  8
MUROS
100
AcDbLine
 10
83.72012
 20
139.26147
 30
0.0
 11
83.72012
 21
137.97147
 31
0.0
  0
LINE
  5
3FA
330
1F
100
AcDbEntity
  8
MUROS
100
AcDbLine
 10
82.81012
 20
135.36147
 30
0.0
 11
82.81012
 21
134.26147
 31
0.0
  0
LWPOLYLINE
  5
3FB
330
1F
100
AcDbEntity
  8
MUROS
100
AcDbPolyline
 90
        2
 70
     0
 43
0.0
 10
88.33012
 20
139.26147
 10
88.33012
 20
139.29147
  0
LWPOLYLINE
  5
3FC
330
1F
100
AcDbEntity
  8
MUROS
100
AcDbPolyline
 90
        4
 70
     0
 43
0.0
 10
88.33012
 20
139.51147
 10
88.33012
 20
139.71147
 10
88.11012
 20
139.71147
 10
88.11012
 20
139.51147
  0
LWPOLYLINE
  5
3FD
330
1F
100
AcDbEntity
  8
MUROS
100
AcDbPolyline
 90
        4
 70
     0
 43
0.0
 10
88.33012
 20
139.29147
 10
88.53012
 20
139.29147
 10
88.53012
 20
139.51147
 10
88.33012
 20
139.51147
  0
LWPOLYLINE
  5
3FE
330
1F
100
AcDbEntity
  8
MUROS
100
AcDbPolyline
 90
        4
 70
     0
 43
0.0
 10
88.08012
 20
134.04147
 10
88.53012
 20
134.04147
 10
88.53012
 20
134.26147
 10
88.33012
 20
134.26147
  0
LWPOLYLINE
  5
3FF
330
1F
100
AcDbEntity
  8
MUROS
100
AcDbPolyline
 90
        4
 70
     0
 43
0.0
 10
72.68012
 20
134.26147
 10
72.23012
 20
134.26147
 10
72.23012
 20
134.04147
 10
72.68012
 20
134.04147
  0
LWPOLYLINE
  5
400
330
1F
100
AcDbEntity
  8
MUROS
100
AcDbPolyline
 90
        2
 70
     0
 43
0.0
 10
72.43012
 20
139.26147
 10
72.43012
 20
139.29147
  0
LWPOLYLINE
  5
401
330
1F
100
AcDbEntity
  8
MUROS
100
AcDbPolyline
 90
        4
 70
     0
 43
0.0
 10
72.43012
 20
139.51147
 10
72.43012
 20
139.71147
 10
72.65012
 20
139.71147
 10
72.65012
 20
139.51147
  0
LWPOLYLINE
  5
402
330
1F
100
AcDbEntity
  8
MUROS
100
AcDbPolyline
 90
        2
 70
     0
 43
0.0
 10
72.65012
 20
139.51147
 10
72.68012
 20
139.51147
  0
LWPOLYLINE
  5
403
330
1F
100
AcDbEntity
  8
MUROS
100
AcDbPolyline
 90
        4
 70
     0
 43
0.0
 10
72.43012
 20
139.29147
 10
72.23012
 20
139.29147
 10
72.23012
 20
139.51147
 10
72.43012
 20
139.51147
  0
LWPOLYLINE
  5
404
330
1F
100
AcDbEntity
  8
MUROS
100
AcDbPolyline
 90
        2
 70
     0
 43
0.0
 10
88.33012
 20
129.06147
 10
88.33012
 20
129.03147
  0
LWPOLYLINE
  5
405
330
1F
100
AcDbEntity
  8
MUROS
100
AcDbPolyline
 90
        4
 70
     0
 43
0.0
 10
88.33012
 20
128.81147
 10
88.33012
 20
128.61147
 10
88.11012
 20
128.61147
 10
88.11012
 20
128.81147
  0
LWPOLYLINE
  5
406
330
1F
100
AcDbEntity
  8
MUROS
100
AcDbPolyline
 90
        4
 70
     0
 43
0.0
 10
88.33012
 20
129.03147
 10
88.53012
 20
129.03147
 10
88.53012
 20
128.81147
 10
88.33012
 20
128.81147
  0
LWPOLYLINE
  5
407
330
1F
100
AcDbEntity
  8
MUROS
100
AcDbPolyline
 90
        2
 70
     0
 43
0.0
 10
88.11012
 20
128.81147
 10
88.08012
 20
128.81147
  0
LWPOLYLINE
  5
408
330
1F
100
AcDbEntity
  8
MUROS
100
AcDbPolyline
 90
        2
 70
     0
 43
0.0
 10
72.43012
 20
129.06147
 10
72.43012
 20
129.03147
  0
LWPOLYLINE
  5
409
330
1F
100
AcDbEntity
  8
MUROS
100
AcDbPolyline
 90
        4
 70
     0
 43
0.0
 10
72.43012
 20
128.81147
 10
72.43012
 20
128.61147
 10
72.65012
 20
128.61147
 10
72.65012
 20
128.81147
  0
LWPOLYLINE
  5
40A
330
1F
100
AcDbEntity
  8
MUROS
100
AcDbPolyline
 90
        4
 70
     0
 43
0.0
 10
72.43012
 20
129.03147
 10
72.23012
 20
129.03147
 10
72.23012
 20
128.81147
 10
72.43012
 20
128.81147
  0
LWPOLYLINE
  5
40B
330
1F
100
AcDbEntity
  8
MUROS
100
AcDbPolyline
 90
        2
 70
     0
 43
0.0
 10
72.65012
 20
128.81147
 10
72.68012
 20
128.81147
  0
LWPOLYLINE
  5
40C
330
1F
100
AcDbEntity
  8
MUROS
100
AcDbPolyline
 90
        4
 70
     0
 43
0.0
 10
77.80012
 20
129.06147
 10
77.80012
 20
128.61147
 10
77.58012
 20
128.61147
 10
77.58012
 20
129.06147
  0
LINE
  5
40D
330
1F
100
AcDbEntity
  8
AUX
  6
Continuous
 48
0.5
100
AcDbLine
 10
82.98012
 20
134.26147
 30
0.0
 11
88.08012
 21
134.26147
 31
0.0
  0
LINE
  5
40E
330
1F
100
AcDbEntity
  8
MUROS
100
AcDbLine
 10
88.08012
 20
134.51147
 30
0.0
 11
88.33012
 21
134.51147
 31
0.0
  0
LINE
  5
40F
330
1F
100
AcDbEntity
  8
0.1
  6
DASHED2
100
AcDbLine
 10
78.18012
 20
134.06147
 30
0.0
 11
82.33012
 21
134.06147
 31
0.0
  0
LINE
  5
410
330
1F
100
AcDbEntity
  8
AUX
  6
Continuous
 48
0.5
100
AcDbLine
 10
82.98012
 20
134.06147
 30
0.0
 11
88.08012
 21
134.06147
 31
0.0
  0
LINE
  5
411
330
1F
100
AcDbEntity
  8
0.1
  6
Continuous
 48
0.5
100
AcDbLine
 10
80.16012
 20
136.16147
 30
0.0
 11
79.063516
 21
136.16147
 31
0.0
  0
LINE
  5
412
330
1F
100
AcDbEntity
  8
MUROS
100
AcDbLine
 10
78.95512
 20
136.314583
 30
0.0
 11
78.95512
 21
138.06147
 31
0.0
  0
LINE
  5
413
330
1F
100
AcDbEntity
  8
MUROS
100
AcDbLine
 10
79.10512
 20
138.21147
 30
0.0
 11
79.10512
 21
136.295578
 31
0.0
  0
LINE
  5
414
330
1F
100
AcDbEntity
  8
0.1
  6
Continuous
 48
0.5
100
AcDbLine
 10
79.10512
 20
137.918613
 30
0.0
 11
80.16012
 21
137.918613
 31
0.0
  0
LINE
  5
415
330
1F
100
AcDbEntity
  8
0.1
  6
Continuous
 48
0.5
100
AcDbLine
 10
79.10512
 20
137.625756
 30
0.0
 11
80.16012
 21
137.625756
 31
0.0
  0
LINE
  5
416
330
1F
100
AcDbEntity
  8
0.1
  6
Continuous
 48
0.5
100
AcDbLine
 10
79.10512
 20
137.332899
 30
0.0
 11
80.16012
 21
137.332899
 31
0.0
  0
LINE
  5
417
330
1F
100
AcDbEntity
  8
0.1
  6
Continuous
 48
0.5
100
AcDbLine
 10
79.10512
 20
137.040042
 30
0.0
 11
80.16012
 21
137.040042
 31
0.0
  0
LINE
  5
418
330
1F
100
AcDbEntity
  8
0.1
  6
Continuous
 48
0.5
100
AcDbLine
 10
79.10512
 20
136.747185
 30
0.0
 11
80.16012
 21
136.747185
 31
0.0
  0
LINE
  5
419
330
1F
100
AcDbEntity
  8
0.1
  6
Continuous
 48
0.5
100
AcDbLine
 10
79.10512
 20
136.454327
 30
0.0
 11
80.16012
 21
136.454327
 31
0.0
  0
LINE
  5
41A
330
1F
100
AcDbEntity
  8
0.1
  6
Continuous
 48
0.5
100
AcDbLine
 10
79.10512
 20
138.21147
 30
0.0
 11
80.16012
 21
138.21147
 31
0.0
  0
LINE
  5
41B
330
1F
100
AcDbEntity
  8
0.1
  6
DASHED2
100
AcDbLine
 10
77.80012
 20
133.81147
 30
0.0
 11
77.80012
 21
129.06147
 31
0.0
  0
LWPOLYLINE
  5
41C
330
1F
100
AcDbEntity
  8
MUROS
100
AcDbPolyline
 90
        4
 70
     1
 43
0.0
 10
77.58012
 20
133.81147
 10
78.18012
 20
133.81147
 10
78.18012
 20
134.26147
 10
77.58012
 20
134.26147
  0
LWPOLYLINE
  5
41D
330
1F
100
AcDbEntity
  8
MUROS
100
AcDbPolyline
 90
        3
 70
     0
 43
0.0
 10
80.81012
 20
139.51147
 10
80.81012
 20
138.86147
 10
80.31012
 20
138.86147
  0
LWPOLYLINE
  5
41E
330
1F
100
AcDbEntity
  8
MUROS
100
AcDbPolyline
 90
        2
 70
     0
 43
0.0
 10
81.76012
 20
139.51147
 10
81.76012
 20
139.26147
  0
LINE
  5
41F
330
1F
100
AcDbEntity
  8
MUROS
100
AcDbLine
 10
83.57012
 20
139.26147
 30
0.0
 11
81.76012
 21
139.26147
 31
0.0
  0
LWPOLYLINE
  5
420
330
1F
100
AcDbEntity
  8
MUROS
100
AcDbPolyline
 90
        5
 70
     0
 43
0.0
 10
82.81012
 20
134.26147
 10
82.33012
 20
134.26147
 10
82.33012
 20
133.81147
 10
82.98012
 20
133.81147
 10
82.98012
 20
134.26147
  0
LINE
  5
421
330
1F
100
AcDbEntity
  8
MUROS
100
AcDbLine
 10
76.75012
 20
137.21147
 30
0.0
 11
77.73012
 21
137.21147
 31
0.0
  0
LINE
  5
422
330
1F
100
AcDbEntity
  8
251
  6
Continuous
 48
0.5
100
AcDbLine
 10
75.38012
 20
137.01147
 30
0.0
 11
75.85012
 21
137.01147
 31
0.0
  0
LINE
  5
423
330
1F
100
AcDbEntity
  8
251
  6
Continuous
 48
0.5
100
AcDbLine
 10
75.38012
 20
137.07147
 30
0.0
 11
75.85012
 21
137.07147
 31
0.0
  0
LINE
  5
424
330
1F
100
AcDbEntity
  8
MUROS
100
AcDbLine
 10
75.38012
 20
137.44147
 30
0.0
 11
75.85012
 21
137.44147
 31
0.0
  0
LINE
  5
425
330
1F
100
AcDbEntity
  8
MUROS
100
AcDbLine
 10
75.28012
 20
137.59147
 30
0.0
 11
75.85012
 21
137.59147
 31
0.0
  0
LINE
  5
426
330
1F
100
AcDbEntity
  8
MUROS
100
AcDbLine
 10
76.75012
 20
137.01147
 30
0.0
 11
77.90012
 21
137.01147
 31
0.0
  0
LINE
  5
427
330
1F
100
AcDbEntity
  8
MUROS
100
AcDbLine
 10
77.90012
 20
138.06147
 30
0.0
 11
78.95512
 21
138.06147
 31
0.0
  0
LINE
  5
428
330
1F
100
AcDbEntity
  8
MUROS
100
AcDbLine
 10
77.90012
 20
138.21147
 30
0.0
 11
79.10512
 21
138.21147
 31
0.0
  0
LINE
  5
429
330
1F
100
AcDbEntity
  8
MUROS
100
AcDbLine
 10
76.75012
 20
137.21147
 30
0.0
 11
76.75012
 21
137.01147
 31
0.0
  0
LINE
  5
42A
330
1F
100
AcDbEntity
  8
MUROS
100
AcDbLine
 10
77.09012
 20
136.31147
 30
0.0
 11
76.94012
 21
136.31147
 31
0.0
  0
ARC
  5
42B
330
1F
100
AcDbEntity
  8
MUROS
100
AcDbCircle
 10
77.902265
 20
136.595231
 30
0.0
 40
1.239617343949451
100
AcDbArc
 50
219.217085
 51
346.011298
  0
ARC
  5
42C
330
1F
100
AcDbEntity
  8
MUROS
100
AcDbCircle
 10
77.902265
 20
136.595231
 30
0.0
 40
1.089617343949451
100
AcDbArc
 50
221.810894
 51
345.074334
  0
LINE
  5
42D
330
1F
100
AcDbEntity
  8
AUX
  6
Continuous
 48
0.5
100
AcDbLine
 10
81.76012
 20
139.51147
 30
0.0
 11
80.81012
 21
139.51147
 31
0.0
  0
LINE
  5
42E
330
1F
100
AcDbEntity
  8
AUX
  6
Continuous
 48
0.5
100
AcDbLine
 10
81.76012
 20
139.26147
 30
0.0
 11
80.81012
 21
139.26147
 31
0.0
  0
LINE
  5
42F
330
1F
100
AcDbEntity
  8
AUX
  6
Continuous
 48
0.5
100
AcDbLine
 10
81.76012
 20
139.432735
 30
0.0
 11
80.81012
 21
139.432735
 31
0.0
  0
LINE
  5
430
330
1F
100
AcDbEntity
  8
AUX
  6
Continuous
 48
0.5
100
AcDbLine
 10
81.76012
 20
139.349302
 30
0.0
 11
80.81012
 21
139.349302
 31
0.0
  0
LINE
  5
431
330
1F
100
AcDbEntity
  8
AUX
  6
Continuous
 48
0.5
100
AcDbLine
 10
74.43012
 20
139.51147
 30
0.0
 11
73.73012
 21
139.51147
 31
0.0
  0
LINE
  5
432
330
1F
100
AcDbEntity
  8
AUX
  6
Continuous
 48
0.5
100
AcDbLine
 10
74.43012
 20
139.26147
 30
0.0
 11
73.73012
 21
139.26147
 31
0.0
  0
LINE
  5
433
330
1F
100
AcDbEntity
  8
AUX
  6
Continuous
 48
0.5
100
AcDbLine
 10
74.43012
 20
139.433115
 30
0.0
 11
73.73012
 21
139.433115
 31
0.0
  0
LINE
  5
434
330
1F
100
AcDbEntity
  8
AUX
  6
Continuous
 48
0.5
100
AcDbLine
 10
74.43012
 20
139.364449
 30
0.0
 11
73.73012
 21
139.364449
 31
0.0
  0
LINE
  5
435
330
1F
100
AcDbEntity
  8
AUX
  6
Continuous
 48
0.5
100
AcDbLine
 10
75.28012
 20
139.51147
 30
0.0
 11
74.58012
 21
139.51147
 31
0.0
  0
LINE
  5
436
330
1F
100
AcDbEntity
  8
AUX
  6
Continuous
 48
0.5
100
AcDbLine
 10
75.28012
 20
139.26147
 30
0.0
 11
74.58012
 21
139.26147
 31
0.0
  0
LINE
  5
437
330
1F
100
AcDbEntity
  8
AUX
  6
Continuous
 48
0.5
100
AcDbLine
 10
75.28012
 20
139.433115
 30
0.0
 11
74.58012
 21
139.433115
 31
0.0
  0
LINE
  5
438
330
1F
100
AcDbEntity
  8
AUX
  6
Continuous
 48
0.5
100
AcDbLine
 10
75.28012
 20
139.364449
 30
0.0
 11
74.58012
 21
139.364449
 31
0.0
  0
LINE
  5
439
330
1F
100
AcDbEntity
  8
MUROS
100
AcDbLine
 10
75.85012
 20
137.01147
 30
0.0
 11
76.05012
 21
137.01147
 31
0.0
  0
LINE
  5
43A
330
1F
100
AcDbEntity
  8
0-3
  6
Continuous
 48
0.5
100
AcDbLine
 10
75.38012
 20
137.01147
 30
0.0
 11
75.28012
 21
137.01147
 31
0.0
  0
INSERT
  5
43B
330
1F
100
AcDbEntity
  8
08
  6
Continuous
100
AcDbBlockReference
  2
PILETIN
 10
-75.789869
 20
137.882553
 30
0.0
 43
-1.0
 50
269.476946
210
0.0
220
0.0
230
-1.0
  0
LINE
  5
4D7
330
1F
100
AcDbEntity
  8
AUX
  6
Continuous
 48
0.5
100
AcDbLine
 10
76.75012
 20
139.51147
 30
0.0
 11
76.05012
 21
139.51147
 31
0.0
  0
LINE
  5
4D8
330
1F
100
AcDbEntity
  8
AUX
  6
Continuous
 48
0.5
100
AcDbLine
 10
76.75012
 20
139.26147
 30
0.0
 11
76.05012
 21
139.26147
 31
0.0
  0
LINE
  5
4D9
330
1F
100
AcDbEntity
  8
AUX
  6
Continuous
 48
0.5
100
AcDbLine
 10
76.75012
 20
139.433115
 30
0.0
 11
76.05012
 21
139.433115
 31
0.0
  0
LINE
  5
4DA
330
1F
100
AcDbEntity
  8
AUX
  6
Continuous
 48
0.5
100
AcDbLine
 10
76.75012
 20
139.364449
 30
0.0
 11
76.05012
 21
139.364449
 31
0.0
  0
LWPOLYLINE
  5
4DB
330
1F
100
AcDbEntity
  8
MUROS
100
AcDbPolyline
 90
        4
 70
     0
 43
0.0
 10
82.76012
 20
129.06147
 10
82.76012
 20
128.61147
 10
82.98012
 20
128.61147
 10
82.98012
 20
129.06147
  0
LWPOLYLINE
  5
4DC
330
1F
100
AcDbEntity
  8
MUROS
100
AcDbPolyline
 90
        4
 70
     0
 43
0.0
 10
88.08012
 20
136.13147
 10
88.53012
 20
136.13147
 10
88.53012
 20
136.35147
 10
88.33012
 20
136.35147
  0
LINE
  5
4DD
330
1F
100
AcDbEntity
  8
MUROS
100
AcDbLine
 10
72.43012
 20
136.11147
 30
0.0
 11
72.68012
 21
136.11147
 31
0.0
  0
LINE
  5
4DE
330
1F
100
AcDbEntity
  8
MUROS
100
AcDbLine
 10
72.43012
 20
132.19147
 30
0.0
 11
72.68012
 21
132.19147
 31
0.0
  0
LINE
  5
4DF
330
1F
100
AcDbEntity
  8
AUX
  6
Continuous
 48
0.5
100
AcDbLine
 10
72.68012
 20
134.04147
 30
0.0
 11
72.68012
 21
132.19147
 31
0.0
  0
LINE
  5
4E0
330
1F
100
AcDbEntity
  8
AUX
  6
Continuous
 48
0.5
100
AcDbLine
 10
72.62012
 20
134.04147
 30
0.0
 11
72.62012
 21
132.19147
 31
0.0
  0
LINE
  5
4E1
330
1F
100
AcDbEntity
  8
AUX
  6
Continuous
 48
0.5
100
AcDbLine
 10
72.56012
 20
134.04147
 30
0.0
 11
72.56012
 21
132.19147
 31
0.0
  0
LINE
  5
4E2
330
1F
100
AcDbEntity
  8
AUX
  6
Continuous
 48
0.5
100
AcDbLine
 10
72.43012
 20
134.04147
 30
0.0
 11
72.43012
 21
132.19147
 31
0.0
  0
LINE
  5
4E3
330
1F
100
AcDbEntity
  8
MUROS
100
AcDbLine
 10
72.68012
 20
134.26147
 30
0.0
 11
72.68012
 21
134.04147
 31
0.0
  0
LINE
  5
4E4
330
1F
100
AcDbEntity
  8
AUX
  6
Continuous
 48
0.5
100
AcDbLine
 10
72.68012
 20
136.11147
 30
0.0
 11
72.68012
 21
134.26147
 31
0.0
  0
LINE
  5
4E5
330
1F
100
AcDbEntity
  8
AUX
  6
Continuous
 48
0.5
100
AcDbLine
 10
72.62012
 20
136.11147
 30
0.0
 11
72.62012
 21
134.26147
 31
0.0
  0
LINE
  5
4E6
330
1F
100
AcDbEntity
  8
AUX
  6
Continuous
 48
0.5
100
AcDbLine
 10
72.56012
 20
136.11147
 30
0.0
 11
72.56012
 21
134.26147
 31
0.0
  0
LINE
  5
4E7
330
1F
100
AcDbEntity
  8
AUX
  6
Continuous
 48
0.5
100
AcDbLine
 10
72.43012
 20
136.11147
 30
0.0
 11
72.43012
 21
134.26147
 31
0.0
  0
LINE
  5
4E8
330
1F
100
AcDbEntity
  8
02
100
AcDbLine
 10
79.63262
 20
138.818875
 30
0.0
 11
79.63262
 21
136.16147
 31
0.0
  0
LINE
  5
4E9
330
1F
100
AcDbEntity
  8
02
100
AcDbLine
 10
78.346031
 20
138.73647
 30
0.0
 11
79.736346
 21
138.73647
 31
0.0
  0
LINE
  5
4EA
330
1F
100
AcDbEntity
  8
02
100
AcDbLine
 10
79.712412
 20
136.317923
 30
0.0
 11
79.712412
 21
136.16147
 31
0.0
  0
LINE
  5
4EB
330
1F
100
AcDbEntity
  8
02
100
AcDbLine
 10
79.552828
 20
136.317923
 30
0.0
 11
79.552828
 21
136.16147
 31
0.0
  0
LINE
  5
4EC
330
1F
100
AcDbEntity
  8
02
100
AcDbLine
 10
78.42762
 20
138.21147
 30
0.0
 11
78.42762
 21
138.805394
 31
0.0
  0
LINE
  5
4ED
330
1F
100
AcDbEntity
  8
02
100
AcDbLine
 10
78.42762
 20
138.21147
 30
0.0
 11
78.742462
 21
138.392464
 31
0.0
  0
LINE
  5
4EE
330
1F
100
AcDbEntity
  8
02
100
AcDbLine
 10
78.742462
 20
138.392464
 30
0.0
 11
78.42762
 21
138.328245
 31
0.0
  0
LINE
  5
4EF
330
1F
100
AcDbEntity
  8
02
100
AcDbLine
 10
78.42762
 20
138.21147
 30
0.0
 11
78.112778
 21
138.392464
 31
0.0
  0
LINE
  5
4F0
330
1F
100
AcDbEntity
  8
02
100
AcDbLine
 10
78.112778
 20
138.392464
 30
0.0
 11
78.42762
 21
138.328245
 31
0.0
  0
LINE
  5
4F1
330
1F
100
AcDbEntity
  8
AUX
  6
Continuous
 48
0.5
100
AcDbLine
 10
72.68012
 20
131.01147
 30
0.0
 11
72.68012
 21
129.06147
 31
0.0
  0
LINE
  5
4F2
330
1F
100
AcDbEntity
  8
AUX
  6
Continuous
 48
0.5
100
AcDbLine
 10
72.62012
 20
131.01147
 30
0.0
 11
72.62012
 21
129.06147
 31
0.0
  0
LINE
  5
4F3
330
1F
100
AcDbEntity
  8
AUX
  6
Continuous
 48
0.5
100
AcDbLine
 10
72.56012
 20
131.01147
 30
0.0
 11
72.56012
 21
129.06147
 31
0.0
  0
LINE
  5
4F4
330
1F
100
AcDbEntity
  8
AUX
  6
Continuous
 48
0.5
100
AcDbLine
 10
72.43012
 20
131.01147
 30
0.0
 11
72.43012
 21
129.06147
 31
0.0
  0
LWPOLYLINE
  5
4F5
330
1F
100
AcDbEntity
  8
CARPINTERÍA
  6
Continuous
 48
0.5
100
AcDbPolyline
 90
       14
 70
     1
 43
0.0
 10
87.321702
 20
134.61147
 10
88.08012
 20
134.61147
 10
88.08012
 20
134.56147
 10
88.08012
 20
134.51147
 10
88.15512
 20
134.51147
 10
88.15512
 20
134.51147
 10
88.15512
 20
134.51147
 10
88.15512
 20
134.56147
 10
88.13012
 20
134.57647
 10
88.13012
 20
134.56147
 10
88.08012
 20
134.56147
 10
87.321702
 20
134.56147
 10
87.321702
 20
134.61147
 10
87.321702
 20
134.61147
  0
LINE
  5
4F6
330
1F
100
AcDbEntity
  8
251
100
AcDbLine
 10
88.33012
 20
134.51147
 30
0.0
 11
88.33012
 21
136.13147
 31
0.0
  0
ARC
  5
4F7
330
1F
100
AcDbEntity
  8
CARPINTERÍA
  6
DASHED2
100
AcDbCircle
 10
88.08012
 20
134.56147
 30
0.0
 40
0.759999999999792
100
AcDbArc
 50
101.431868
 51
176.227816
  0
LWPOLYLINE
  5
4F8
330
1F
100
AcDbEntity
  8
CARPINTERÍA
  6
Continuous
 48
0.5
100
AcDbPolyline
 90
       14
 70
     1
 43
0.0
 10
87.321702
 20
136.03147
 10
88.08012
 20
136.03147
 10
88.08012
 20
136.08147
 10
88.08012
 20
136.13147
 10
88.15512
 20
136.13147
 10
88.15512
 20
136.13147
 10
88.15512
 20
136.13147
 10
88.15512
 20
136.08147
 10
88.13012
 20
136.06647
 10
88.13012
 20
136.08147
 10
88.08012
 20
136.08147
 10
87.321702
 20
136.08147
 10
87.321702
 20
136.03147
 10
87.321702
 20
136.03147
  0
ARC
  5
4F9
330
1F
100
AcDbEntity
  8
CARPINTERÍA
  6
DASHED2
100
AcDbCircle
 10
88.08012
 20
136.08147
 30
0.0
 40
0.759999999999792
100
AcDbArc
 50
183.772184
 51
258.568132
  0
LWPOLYLINE
  5
4FA
330
1F
100
AcDbEntity
  8
CARPINTERÍA
  6
Continuous
 48
0.5
100
AcDbPolyline
 90
       14
 70
     1
 43
0.0
 10
82.110967
 20
136.06147
 10
82.81012
 20
136.06147
 10
82.81012
 20
136.11147
 10
82.81012
 20
136.16147
 10
82.88512
 20
136.16147
 10
82.88512
 20
136.16147
 10
82.88512
 20
136.16147
 10
82.88512
 20
136.11147
 10
82.86012
 20
136.09647
 10
82.86012
 20
136.11147
 10
82.81012
 20
136.11147
 10
82.110967
 20
136.11147
 10
82.110967
 20
136.06147
 10
82.110967
 20
136.06147
  0
LWPOLYLINE
  5
4FB
330
1F
100
AcDbEntity
  8
CARPINTERÍA
  6
Continuous
 48
0.5
100
AcDbPolyline
 90
       19
 70
     1
 43
0.0
 10
82.81012
 20
135.41147
 10
82.81012
 20
135.41147
 10
82.81012
 20
135.41147
 10
82.81012
 20
135.41147
 10
82.81012
 20
135.41147
 10
82.81012
 20
135.41147
 10
82.81012
 20
135.41147
 10
82.81012
 20
135.41147
 10
82.81012
 20
135.41147
 10
82.81012
 20
135.41147
 10
82.81012
 20
135.41147
 10
82.86012
 20
135.41147
 10
82.86012
 20
135.42647
 10
82.88512
 20
135.41147
 10
82.88512
 20
135.36147
 10
82.88512
 20
135.36147
 10
82.88512
 20
135.36147
 10
82.81012
 20
135.36147
 10
82.81012
 20
135.41147
  0
ARC
  5
4FC
330
1F
100
AcDbEntity
  8
CARPINTERÍA
  6
DASHED2
100
AcDbCircle
 10
82.81012
 20
136.11147
 30
0.0
 40
0.699999999999676
100
AcDbArc
 50
180.0
 51
275.679379
  0
LWPOLYLINE
  5
4FD
330
1F
100
AcDbEntity
  8
CARPINTERÍA
  6
Continuous
 48
0.5
100
AcDbPolyline
 90
       14
 70
     1
 43
0.0
 10
75.18012
 20
138.193373
 10
75.18012
 20
137.59147
 10
75.23012
 20
137.59147
 10
75.28012
 20
137.59147
 10
75.28012
 20
137.51647
 10
75.28012
 20
137.51647
 10
75.28012
 20
137.51647
 10
75.23012
 20
137.51647
 10
75.21512
 20
137.54147
 10
75.23012
 20
137.54147
 10
75.23012
 20
137.59147
 10
75.23012
 20
138.193373
 10
75.18012
 20
138.193373
 10
75.18012
 20
138.193373
  0
LWPOLYLINE
  5
4FE
330
1F
100
AcDbEntity
  8
CARPINTERÍA
  6
Continuous
 48
0.5
100
AcDbPolyline
 90
       19
 70
     1
 43
0.0
 10
74.63012
 20
137.59147
 10
74.63012
 20
137.59147
 10
74.63012
 20
137.59147
 10
74.63012
 20
137.59147
 10
74.63012
 20
137.59147
 10
74.63012
 20
137.59147
 10
74.63012
 20
137.59147
 10
74.63012
 20
137.59147
 10
74.63012
 20
137.59147
 10
74.63012
 20
137.59147
 10
74.63012
 20
137.59147
 10
74.63012
 20
137.54147
 10
74.64512
 20
137.54147
 10
74.63012
 20
137.51647
 10
74.58012
 20
137.51647
 10
74.58012
 20
137.51647
 10
74.58012
 20
137.51647
 10
74.58012
 20
137.59147
 10
74.63012
 20
137.59147
  0
LWPOLYLINE
  5
4FF
330
1F
100
AcDbEntity
  8
CARPINTERÍA
  6
Continuous
 48
0.5
100
AcDbPolyline
 90
       14
 70
     1
 43
0.0
 10
74.33012
 20
138.667258
 10
74.33012
 20
138.04147
 10
74.38012
 20
138.04147
 10
74.43012
 20
138.04147
 10
74.43012
 20
137.96647
 10
74.43012
 20
137.96647
 10
74.43012
 20
137.96647
 10
74.38012
 20
137.96647
 10
74.36512
 20
137.99147
 10
74.38012
 20
137.99147
 10
74.38012
 20
138.04147
 10
74.38012
 20
138.667258
 10
74.33012
 20
138.667258
 10
74.33012
 20
138.667258
  0
LWPOLYLINE
  5
500
330
1F
100
AcDbEntity
  8
CARPINTERÍA
  6
Continuous
 48
0.5
100
AcDbPolyline
 90
       19
 70
     1
 43
0.0
 10
73.78012
 20
138.04147
 10
73.78012
 20
138.04147
 10
73.78012
 20
138.04147
 10
73.78012
 20
138.04147
 10
73.78012
 20
138.04147
 10
73.78012
 20
138.04147
 10
73.78012
 20
138.04147
 10
73.78012
 20
138.04147
 10
73.78012
 20
138.04147
 10
73.78012
 20
138.04147
 10
73.78012
 20
138.04147
 10
73.78012
 20
137.99147
 10
73.79512
 20
137.99147
 10
73.78012
 20
137.96647
 10
73.73012
 20
137.96647
 10
73.73012
 20
137.96647
 10
73.73012
 20
137.96647
 10
73.73012
 20
138.04147
 10
73.78012
 20
138.04147
  0
ARC
  5
501
330
1F
100
AcDbEntity
  8
CARPINTERÍA
  6
DASHED2
100
AcDbCircle
 10
74.40512
 20
138.04147
 30
0.0
 40
0.6249999999995453
100
AcDbArc
 50
96.892103
 51
184.588566
  0
ARC
  5
502
330
1F
100
AcDbEntity
  8
CARPINTERÍA
  6
DASHED2
100
AcDbCircle
 10
75.23012
 20
137.59147
 30
0.0
 40
0.5999999999988859
100
AcDbArc
 50
94.780192
 51
184.780192
  0
LWPOLYLINE
  5
503
330
1F
100
AcDbEntity
  8
CARPINTERÍA
  6
Continuous
 48
0.5
100
AcDbPolyline
 90
       14
 70
     1
 43
0.0
 10
76.15012
 20
137.813373
 10
76.15012
 20
137.21147
 10
76.10012
 20
137.21147
 10
76.05012
 20
137.21147
 10
76.05012
 20
137.13647
 10
76.05012
 20
137.13647
 10
76.05012
 20
137.13647
 10
76.10012
 20
137.13647
 10
76.11512
 20
137.16147
 10
76.10012
 20
137.16147
 10
76.10012
 20
137.21147
 10
76.10012
 20
137.813373
 10
76.15012
 20
137.813373
 10
76.15012
 20
137.813373
  0
LWPOLYLINE
  5
504
330
1F
100
AcDbEntity
  8
CARPINTERÍA
  6
Continuous
 48
0.5
100
AcDbPolyline
 90
       19
 70
     1
 43
0.0
 10
76.70012
 20
137.21147
 10
76.70012
 20
137.21147
 10
76.70012
 20
137.21147
 10
76.70012
 20
137.21147
 10
76.70012
 20
137.21147
 10
76.70012
 20
137.21147
 10
76.70012
 20
137.21147
 10
76.70012
 20
137.21147
 10
76.70012
 20
137.21147
 10
76.70012
 20
137.21147
 10
76.70012
 20
137.21147
 10
76.70012
 20
137.16147
 10
76.68512
 20
137.16147
 10
76.70012
 20
137.13647
 10
76.75012
 20
137.13647
 10
76.75012
 20
137.13647
 10
76.75012
 20
137.13647
 10
76.75012
 20
137.21147
 10
76.70012
 20
137.21147
  0
ARC
  5
505
330
1F
100
AcDbEntity
  8
CARPINTERÍA
  6
DASHED2
100
AcDbCircle
 10
76.10012
 20
137.21147
 30
0.0
 40
0.5999999999988859
100
AcDbArc
 50
355.219808
 51
85.219808
  0
LWPOLYLINE
  5
506
330
1F
100
AcDbEntity
  8
CARPINTERÍA
  6
Continuous
 48
0.5
100
AcDbPolyline
 90
       14
 70
     1
 43
0.0
 10
77.692022
 20
136.91147
 10
77.09012
 20
136.91147
 10
77.09012
 20
136.96147
 10
77.09012
 20
137.01147
 10
77.01512
 20
137.01147
 10
77.01512
 20
137.01147
 10
77.01512
 20
137.01147
 10
77.01512
 20
136.96147
 10
77.04012
 20
136.94647
 10
77.04012
 20
136.96147
 10
77.09012
 20
136.96147
 10
77.692022
 20
136.96147
 10
77.692022
 20
136.91147
 10
77.692022
 20
136.91147
  0
LWPOLYLINE
  5
507
330
1F
100
AcDbEntity
  8
CARPINTERÍA
  6
Continuous
 48
0.5
100
AcDbPolyline
 90
       19
 70
     1
 43
0.0
 10
77.09012
 20
136.36147
 10
77.09012
 20
136.36147
 10
77.09012
 20
136.36147
 10
77.09012
 20
136.36147
 10
77.09012
 20
136.36147
 10
77.09012
 20
136.36147
 10
77.09012
 20
136.36147
 10
77.09012
 20
136.36147
 10
77.09012
 20
136.36147
 10
77.09012
 20
136.36147
 10
77.09012
 20
136.36147
 10
77.04012
 20
136.36147
 10
77.04012
 20
136.37647
 10
77.01512
 20
136.36147
 10
77.01512
 20
136.31147
 10
77.01512
 20
136.31147
 10
77.01512
 20
136.31147
 10
77.09012
 20
136.31147
 10
77.09012
 20
136.36147
  0
ARC
  5
508
330
1F
100
AcDbEntity
  8
CARPINTERÍA
  6
DASHED2
100
AcDbCircle
 10
77.09012
 20
136.96147
 30
0.0
 40
0.5999999999988859
100
AcDbArc
 50
265.219808
 51
355.219808
  0
LWPOLYLINE
  5
509
330
1F
100
AcDbEntity
  8
CARPINTERÍA
  6
Continuous
 48
0.5
100
AcDbPolyline
 90
       14
 70
     1
 43
0.0
 10
75.203506
 20
135.56147
 10
75.90512
 20
135.56147
 10
75.90512
 20
135.61147
 10
75.90512
 20
135.66147
 10
75.98012
 20
135.66147
 10
75.98012
 20
135.66147
 10
75.98012
 20
135.66147
 10
75.98012
 20
135.61147
 10
75.95512
 20
135.59647
 10
75.95512
 20
135.61147
 10
75.90512
 20
135.61147
 10
75.203506
 20
135.61147
 10
75.203506
 20
135.56147
 10
75.203506
 20
135.56147
  0
LWPOLYLINE
  5
50A
330
1F
100
AcDbEntity
  8
CARPINTERÍA
  6
Continuous
 48
0.5
100
AcDbPolyline
 90
       19
 70
     1
 43
0.0
 10
75.90512
 20
134.91147
 10
75.90512
 20
134.91147
 10
75.90512
 20
134.91147
 10
75.90512
 20
134.91147
 10
75.90512
 20
134.91147
 10
75.90512
 20
134.91147
 10
75.90512
 20
134.91147
 10
75.90512
 20
134.91147
 10
75.90512
 20
134.91147
 10
75.90512
 20
134.91147
 10
75.90512
 20
134.91147
 10
75.95512
 20
134.91147
 10
75.95512
 20
134.92647
 10
75.98012
 20
134.91147
 10
75.98012
 20
134.86147
 10
75.98012
 20
134.86147
 10
75.98012
 20
134.86147
 10
75.90512
 20
134.86147
 10
75.90512
 20
134.91147
  0
ARC
  5
50B
330
1F
100
AcDbEntity
  8
CARPINTERÍA
  6
DASHED2
100
AcDbCircle
 10
75.90512
 20
135.61147
 30
0.0
 40
0.699999999999676
100
AcDbArc
 50
184.096044
 51
274.096044
  0
LWPOLYLINE
  5
50C
330
1F
100
AcDbEntity
  8
CARPINTERÍA
  6
Continuous
 48
0.5
100
AcDbPolyline
 90
       14
 70
     1
 43
0.0
 10
74.70776
 20
131.96147
 10
75.50762
 20
131.96147
 10
75.50762
 20
132.01147
 10
75.50762
 20
132.06147
 10
75.58262
 20
132.06147
 10
75.58262
 20
132.06147
 10
75.58262
 20
132.06147
 10
75.58262
 20
132.01147
 10
75.55762
 20
131.99647
 10
75.55762
 20
132.01147
 10
75.50762
 20
132.01147
 10
74.70776
 20
132.01147
 10
74.70776
 20
131.96147
 10
74.70776
 20
131.96147
  0
LWPOLYLINE
  5
50D
330
1F
100
AcDbEntity
  8
CARPINTERÍA
  6
Continuous
 48
0.5
100
AcDbPolyline
 90
       19
 70
     1
 43
0.0
 10
75.50762
 20
131.21147
 10
75.50762
 20
131.21147
 10
75.50762
 20
131.21147
 10
75.50762
 20
131.21147
 10
75.50762
 20
131.21147
 10
75.50762
 20
131.21147
 10
75.50762
 20
131.21147
 10
75.50762
 20
131.21147
 10
75.50762
 20
131.21147
 10
75.50762
 20
131.21147
 10
75.50762
 20
131.21147
 10
75.55762
 20
131.21147
 10
75.55762
 20
131.22647
 10
75.58262
 20
131.21147
 10
75.58262
 20
131.16147
 10
75.58262
 20
131.16147
 10
75.58262
 20
131.16147
 10
75.50762
 20
131.16147
 10
75.50762
 20
131.21147
  0
ARC
  5
50E
330
1F
100
AcDbEntity
  8
CARPINTERÍA
  6
DASHED2
100
AcDbCircle
 10
75.50762
 20
132.01147
 30
0.0
 40
0.7999999999996987
100
AcDbArc
 50
183.583322
 51
273.583322
  0
LWPOLYLINE
  5
50F
330
1F
100
AcDbEntity
  8
CARPINTERÍA
100
AcDbPolyline
 90
        2
 70
     0
 43
0.0
 10
88.08012
 20
131.06147
 10
85.70012
 20
131.06147
  0
LWPOLYLINE
  5
510
330
1F
100
AcDbEntity
  8
CARPINTERÍA
100
AcDbPolyline
 90
        2
 70
     0
 43
0.0
 10
85.77012
 20
131.74147
 10
85.70012
 20
131.74147
  0
LWPOLYLINE
  5
511
330
1F
100
AcDbEntity
  8
CARPINTERÍA
100
AcDbPolyline
 90
        2
 70
     0
 43
0.0
 10
85.77012
 20
132.44147
 10
85.70012
 20
132.44147
  0
LINE
  5
512
330
1F
100
AcDbEntity
  8
CARPINTERÍA
100
AcDbLine
 10
84.80012
 20
131.06147
 30
0.0
 11
84.16012
 21
131.06147
 31
0.0
  0
LINE
  5
513
330
1F
100
AcDbEntity
  8
CARPINTERÍA
100
AcDbLine
 10
84.09012
 20
131.06147
 30
0.0
 11
83.57012
 21
131.06147
 31
0.0
  0
LINE
  5
514
330
1F
100
AcDbEntity
  8
CARPINTERÍA
100
AcDbLine
 10
81.47012
 20
131.06147
 30
0.0
 11
81.206707
 21
131.06147
 31
0.0
  0
LINE
  5
515
330
1F
100
AcDbEntity
  8
CARPINTERÍA
100
AcDbLine
 10
81.136707
 20
131.06147
 30
0.0
 11
80.87012
 21
131.06147
 31
0.0
  0
LINE
  5
516
330
1F
100
AcDbEntity
  8
CARPINTERÍA
100
AcDbLine
 10
78.52012
 20
131.06147
 30
0.0
 11
78.002561
 21
131.06147
 31
0.0
  0
LINE
  5
517
330
1F
100
AcDbEntity
  8
CARPINTERÍA
100
AcDbLine
 10
77.932561
 20
131.06147
 30
0.0
 11
77.38012
 21
131.06147
 31
0.0
  0
LINE
  5
518
330
1F
100
AcDbEntity
  8
CARPINTERÍA
100
AcDbLine
 10
84.16012
 20
131.06147
 30
0.0
 11
84.16012
 21
129.06147
 31
0.0
  0
LWPOLYLINE
  5
519
330
1F
100
AcDbEntity
  8
CARPINTERÍA
100
AcDbPolyline
 90
        2
 70
     0
 43
0.0
 10
88.08012
 20
131.13147
 10
85.77012
 20
131.13147
  0
LINE
  5
51A
330
1F
100
AcDbEntity
  8
CARPINTERÍA
100
AcDbLine
 10
84.80012
 20
131.13147
 30
0.0
 11
83.57012
 21
131.13147
 31
0.0
  0
LINE
  5
51B
330
1F
100
AcDbEntity
  8
CARPINTERÍA
100
AcDbLine
 10
81.47012
 20
131.13147
 30
0.0
 11
80.87012
 21
131.13147
 31
0.0
  0
LINE
  5
51C
330
1F
100
AcDbEntity
  8
CARPINTERÍA
100
AcDbLine
 10
78.52012
 20
131.13147
 30
0.0
 11
77.38012
 21
131.13147
 31
0.0
  0
LINE
  5
51D
330
1F
100
AcDbEntity
  8
CARPINTERÍA
100
AcDbLine
 10
84.09012
 20
131.06147
 30
0.0
 11
84.09012
 21
129.06147
 31
0.0
  0
LINE
  5
51E
330
1F
100
AcDbEntity
  8
CARPINTERÍA
100
AcDbLine
 10
84.80012
 20
131.06147
 30
0.0
 11
84.80012
 21
131.13147
 31
0.0
  0
LINE
  5
51F
330
1F
100
AcDbEntity
  8
CARPINTERÍA
100
AcDbLine
 10
83.57012
 20
131.06147
 30
0.0
 11
83.57012
 21
131.13147
 31
0.0
  0
LINE
  5
520
330
1F
100
AcDbEntity
  8
CARPINTERÍA
100
AcDbLine
 10
85.70012
 20
131.06147
 30
0.0
 11
85.70012
 21
131.74147
 31
0.0
  0
LINE
  5
521
330
1F
100
AcDbEntity
  8
CARPINTERÍA
100
AcDbLine
 10
85.70012
 20
132.44147
 30
0.0
 11
85.70012
 21
133.67147
 31
0.0
  0
LINE
  5
522
330
1F
100
AcDbEntity
  8
CARPINTERÍA
100
AcDbLine
 10
85.77012
 20
131.13147
 30
0.0
 11
85.77012
 21
131.74147
 31
0.0
  0
LINE
  5
523
330
1F
100
AcDbEntity
  8
CARPINTERÍA
100
AcDbLine
 10
85.77012
 20
132.44147
 30
0.0
 11
85.77012
 21
133.67147
 31
0.0
  0
LINE
  5
524
330
1F
100
AcDbEntity
  8
CARPINTERÍA
100
AcDbLine
 10
85.77012
 20
133.67147
 30
0.0
 11
85.70012
 21
133.67147
 31
0.0
  0
LINE
  5
525
330
1F
100
AcDbEntity
  8
CARPINTERÍA
100
AcDbLine
 10
81.47012
 20
131.06147
 30
0.0
 11
81.47012
 21
131.13147
 31
0.0
  0
LINE
  5
526
330
1F
100
AcDbEntity
  8
CARPINTERÍA
100
AcDbLine
 10
80.87012
 20
131.06147
 30
0.0
 11
80.87012
 21
131.13147
 31
0.0
  0
LINE
  5
527
330
1F
100
AcDbEntity
  8
CARPINTERÍA
100
AcDbLine
 10
81.136707
 20
131.06147
 30
0.0
 11
81.136707
 21
129.06147
 31
0.0
  0
LINE
  5
528
330
1F
100
AcDbEntity
  8
CARPINTERÍA
100
AcDbLine
 10
81.206707
 20
131.06147
 30
0.0
 11
81.206707
 21
129.06147
 31
0.0
  0
LINE
  5
529
330
1F
100
AcDbEntity
  8
CARPINTERÍA
100
AcDbLine
 10
78.52012
 20
131.06147
 30
0.0
 11
78.52012
 21
131.13147
 31
0.0
  0
LINE
  5
52A
330
1F
100
AcDbEntity
  8
CARPINTERÍA
100
AcDbLine
 10
77.38012
 20
131.06147
 30
0.0
 11
77.38012
 21
131.13147
 31
0.0
  0
LINE
  5
52B
330
1F
100
AcDbEntity
  8
CARPINTERÍA
100
AcDbLine
 10
77.932561
 20
131.06147
 30
0.0
 11
77.932561
 21
129.06147
 31
0.0
  0
LINE
  5
52C
330
1F
100
AcDbEntity
  8
CARPINTERÍA
100
AcDbLine
 10
78.002561
 20
131.06147
 30
0.0
 11
78.002561
 21
129.06147
 31
0.0
  0
LWPOLYLINE
  5
52D
330
1F
100
AcDbEntity
  8
CARPINTERÍA
  6
Continuous
 48
0.5
100
AcDbPolyline
 90
       14
 70
     1
 43
0.0
 10
81.06012
 20
137.060623
 10
81.06012
 20
136.36147
 10
81.01012
 20
136.36147
 10
80.96012
 20
136.36147
 10
80.96012
 20
136.28647
 10
80.96012
 20
136.28647
 10
80.96012
 20
136.28647
 10
81.01012
 20
136.28647
 10
81.02512
 20
136.31147
 10
81.01012
 20
136.31147
 10
81.01012
 20
136.36147
 10
81.01012
 20
137.060623
 10
81.06012
 20
137.060623
 10
81.06012
 20
137.060623
  0
LWPOLYLINE
  5
52E
330
1F
100
AcDbEntity
  8
CARPINTERÍA
  6
Continuous
 48
0.5
100
AcDbPolyline
 90
       19
 70
     1
 43
0.0
 10
81.71012
 20
136.36147
 10
81.71012
 20
136.36147
 10
81.71012
 20
136.36147
 10
81.71012
 20
136.36147
 10
81.71012
 20
136.36147
 10
81.71012
 20
136.36147
 10
81.71012
 20
136.36147
 10
81.71012
 20
136.36147
 10
81.71012
 20
136.36147
 10
81.71012
 20
136.36147
 10
81.71012
 20
136.36147
 10
81.71012
 20
136.31147
 10
81.69512
 20
136.31147
 10
81.71012
 20
136.28647
 10
81.76012
 20
136.28647
 10
81.76012
 20
136.28647
 10
81.76012
 20
136.28647
 10
81.76012
 20
136.36147
 10
81.71012
 20
136.36147
  0
ARC
  5
52F
330
1F
100
AcDbEntity
  8
CARPINTERÍA
  6
DASHED2
100
AcDbCircle
 10
81.01012
 20
136.36147
 30
0.0
 40
0.699999999999676
100
AcDbArc
 50
354.320621
 51
90.0
  0
LWPOLYLINE
  5
530
330
1F
100
AcDbEntity
  8
08
  6
Continuous
100
AcDbPolyline
 90
        8
 70
     1
 43
0.0
 10
76.588149
 20
139.11847
 10
76.877898
 20
139.11847
 42
-0.414214
 10
76.917898
 20
139.07847
 10
76.917898
 20
138.8079
 42
-0.414214
 10
76.877898
 20
138.7679
 10
76.588149
 20
138.7679
 42
-0.414214
 10
76.548149
 20
138.8079
 10
76.548149
 20
139.07847
 42
-0.414214
  0
CIRCLE
  5
531
330
1F
100
AcDbEntity
  8
08
  6
Continuous
100
AcDbCircle
 10
76.78524
 20
139.160515
 30
0.0
 40
0.0220703580694561
  0
CIRCLE
  5
532
330
1F
100
AcDbEntity
  8
08
  6
Continuous
100
AcDbCircle
 10
76.672436
 20
139.160515
 30
0.0
 40
0.0220703580694561
  0
CIRCLE
  5
533
330
1F
100
AcDbEntity
  8
08
  6
Continuous
100
AcDbCircle
 10
76.728933
 20
139.056849
 30
0.0
 40
0.0220703580694561
  0
LINE
  5
534
330
1F
100
AcDbEntity
  8
08
  6
Continuous
100
AcDbLine
 10
76.715356
 20
139.074249
 30
0.0
 11
76.715356
 21
139.148101
 31
0.0
  0
LINE
  5
535
330
1F
100
AcDbEntity
  8
08
  6
Continuous
100
AcDbLine
 10
76.740533
 20
139.075624
 30
0.0
 11
76.740533
 21
139.148101
 31
0.0
  0
LINE
  5
536
330
1F
100
AcDbEntity
  8
08
  6
Continuous
100
AcDbLine
 10
76.764513
 20
139.148101
 30
0.0
 11
76.690684
 21
139.148101
 31
0.0
  0
LINE
  5
537
330
1F
100
AcDbEntity
  8
08
  6
Continuous
100
AcDbLine
 10
76.76685
 20
139.173278
 30
0.0
 11
76.690441
 21
139.173278
 31
0.0
  0
TEXT
  5
538
330
1F
100
AcDbEntity
  8
02
  6
Continuous
 48
0.1
100
AcDbText
 10
80.23768
 20
132.492857
 30
0.0
 40
0.1547
  1
0,33
  7
STYLUS
 72
     1
 11
80.46973
 21
132.492857
 31
0.0
100
AcDbText
  0
TEXT
  5
539
330
1F
100
AcDbEntity
  8
02
  6
Continuous
 48
0.1
100
AcDbText
 10
84.606494
 20
135.596044
 30
0.0
 40
0.17
  1
SALA DE ESPERA
  7
STYLUS
100
AcDbText
  0
TEXT
  5
53A
330
1F
100
AcDbEntity
  8
02
  6
Continuous
 48
0.1
100
AcDbText
 10
82.110244
 20
138.771456
 30
0.0
 40
0.17
  1
OFICINA
  7
STYLUS
100
AcDbText
  0
INSERT
  5
53B
330
1F
100
AcDbEntity
  8
MUEBLES
  6
Continuous
100
AcDbBlockReference
  2
telefono
 10
74.236139
 20
133.919497
 30
0.0
 41
1.623274
 42
1.623274
 43
1.623274
 50
237.401902
  0
LINE
  5
56A
330
1F
100
AcDbEntity
  8
MUEBLES
  6
Continuous
100
AcDbLine
 10
73.821589
 20
132.924641
 30
0.0
 11
73.821589
 21
134.324641
 31
0.0
  0
LINE
  5
56B
330
1F
100
AcDbEntity
  8
MUEBLES
  6
Continuous
100
AcDbLine
 10
74.721589
 20
132.324641
 30
0.0
 11
74.721589
 21
134.324641
 31
0.0
  0
LINE
  5
56C
330
1F
100
AcDbEntity
  8
MUEBLES
  6
Continuous
100
AcDbLine
 10
74.721589
 20
133.585666
 30
0.0
 11
75.125378
 21
133.684932
 31
0.0
  0
LINE
  5
56D
330
1F
100
AcDbEntity
  8
MUEBLES
  6
Continuous
100
AcDbLine
 10
75.113441
 20
133.733486
 30
0.0
 11
74.721589
 21
133.637154
 31
0.0
  0
LINE
  5
56E
330
1F
100
AcDbEntity
  8
MUEBLES
  6
Continuous
100
AcDbLine
 10
74.721589
 20
133.65775
 30
0.0
 11
75.060112
 21
133.740971
 31
0.0
  0
LINE
  5
56F
330
1F
100
AcDbEntity
  8
MUEBLES
  6
Continuous
100
AcDbLine
 10
73.916599
 20
133.320469
 30
0.0
 11
73.916599
 21
133.735463
 31
0.0
  0
LINE
  5
570
330
1F
100
AcDbEntity
  8
MUEBLES
  6
Continuous
100
AcDbLine
 10
74.25233
 20
133.735463
 30
0.0
 11
74.25233
 21
133.320469
 31
0.0
  0
ARC
  5
571
330
1F
100
AcDbEntity
  8
MUEBLES
  6
Continuous
100
AcDbCircle
 10
74.569139
 20
133.531285
 30
0.0
 40
1.117440066688081
100
AcDbArc
 50
167.278501
 51
192.721499
  0
ARC
  5
572
330
1F
100
AcDbEntity
  8
MUEBLES
  6
Continuous
100
AcDbCircle
 10
74.569139
 20
133.531285
 30
0.0
 40
1.14803798809413
100
AcDbArc
 50
168.294403
 51
191.705597
  0
LINE
  5
573
330
1F
100
AcDbEntity
  8
MUEBLES
  6
Continuous
100
AcDbLine
 10
73.522479
 20
133.356285
 30
0.0
 11
73.522479
 21
133.706285
 31
0.0
  0
LINE
  5
574
330
1F
100
AcDbEntity
  8
MUEBLES
  6
Continuous
100
AcDbLine
 10
73.821589
 20
133.236285
 30
0.0
 11
73.522479
 21
133.236285
 31
0.0
  0
LINE
  5
575
330
1F
100
AcDbEntity
  8
MUEBLES
  6
Continuous
100
AcDbLine
 10
73.522479
 20
133.286285
 30
0.0
 11
73.821589
 21
133.286285
 31
0.0
  0
LINE
  5
576
330
1F
100
AcDbEntity
  8
MUEBLES
  6
Continuous
100
AcDbLine
 10
73.821589
 20
133.306285
 30
0.0
 11
73.572479
 21
133.306285
 31
0.0
  0
LINE
  5
577
330
1F
100
AcDbEntity
  8
MUEBLES
  6
Continuous
100
AcDbLine
 10
73.821589
 20
132.924641
 30
0.0
 11
73.231589
 21
132.924641
 31
0.0
  0
ARC
  5
578
330
1F
100
AcDbEntity
  8
MUEBLES
  6
Continuous
100
AcDbCircle
 10
74.038556
 20
133.219837
 30
0.0
 40
1.14803798809413
100
AcDbArc
 50
334.482872
 51
357.894066
  0
ARC
  5
579
330
1F
100
AcDbEntity
  8
MUEBLES
  6
Continuous
100
AcDbCircle
 10
74.038556
 20
133.219837
 30
0.0
 40
1.117440066688081
100
AcDbArc
 50
333.466971
 51
358.909968
  0
LINE
  5
57A
330
1F
100
AcDbEntity
  8
MUEBLES
  6
Continuous
100
AcDbLine
 10
75.09673
 20
133.139909
 30
0.0
 11
75.013175
 21
132.800029
 31
0.0
  0
ARC
  5
57B
330
1F
100
AcDbEntity
  8
MUEBLES
  6
Continuous
100
AcDbCircle
 10
74.964621
 20
132.811965
 30
0.0
 40
0.05
100
AcDbArc
 50
256.188469
 51
346.188469
  0
LINE
  5
57C
330
1F
100
AcDbEntity
  8
MUEBLES
  6
Continuous
100
AcDbLine
 10
74.952684
 20
132.763411
 30
0.0
 11
75.047627
 21
132.716006
 31
0.0
  0
LINE
  5
57D
330
1F
100
AcDbEntity
  8
MUEBLES
  6
Continuous
100
AcDbLine
 10
74.952684
 20
132.763411
 30
0.0
 11
74.721589
 21
132.820222
 31
0.0
  0
LINE
  5
57E
330
1F
100
AcDbEntity
  8
MUEBLES
  6
Continuous
100
AcDbLine
 10
74.996464
 20
132.732052
 30
0.0
 11
74.721589
 21
132.799627
 31
0.0
  0
ARC
  5
57F
330
1F
100
AcDbEntity
  8
MUEBLES
  6
Continuous
100
AcDbCircle
 10
75.056561
 20
132.733899
 30
0.0
 40
0.02
100
AcDbArc
 50
243.466971
 51
334.482872
  0
LINE
  5
580
330
1F
100
AcDbEntity
  8
MUEBLES
  6
Continuous
100
AcDbLine
 10
74.984528
 20
132.683498
 30
0.0
 11
74.996464
 21
132.732052
 31
0.0
  0
LINE
  5
581
330
1F
100
AcDbEntity
  8
MUEBLES
  6
Continuous
100
AcDbLine
 10
74.721589
 20
132.748138
 30
0.0
 11
74.984528
 21
132.683498
 31
0.0
  0
LINE
  5
582
330
1F
100
AcDbEntity
  8
MUEBLES
  6
Continuous
100
AcDbLine
 10
72.757498
 20
132.324641
 30
0.0
 11
74.721589
 21
132.324641
 31
0.0
  0
ARC
  5
583
330
1F
100
AcDbEntity
  8
MUEBLES
  6
Continuous
100
AcDbCircle
 10
75.165832
 20
133.178384
 30
0.0
 40
0.02
100
AcDbArc
 50
357.894066
 51
88.909968
  0
LINE
  5
584
330
1F
100
AcDbEntity
  8
MUEBLES
  6
Continuous
100
AcDbLine
 10
75.125378
 20
133.256439
 30
0.0
 11
75.113441
 21
133.207885
 31
0.0
  0
LINE
  5
585
330
1F
100
AcDbEntity
  8
MUEBLES
  6
Continuous
100
AcDbLine
 10
75.060112
 20
133.200399
 30
0.0
 11
75.166212
 21
133.198381
 31
0.0
  0
ARC
  5
586
330
1F
100
AcDbEntity
  8
MUEBLES
  6
Continuous
100
AcDbCircle
 10
75.048176
 20
133.151845
 30
0.0
 40
0.05
100
AcDbArc
 50
346.188469
 51
76.188469
  0
LINE
  5
587
330
1F
100
AcDbEntity
  8
MUEBLES
  6
Continuous
100
AcDbLine
 10
74.721589
 20
133.283621
 30
0.0
 11
75.060112
 21
133.200399
 31
0.0
  0
LINE
  5
588
330
1F
100
AcDbEntity
  8
MUEBLES
  6
Continuous
100
AcDbLine
 10
75.113441
 20
133.207885
 30
0.0
 11
74.721589
 21
133.304216
 31
0.0
  0
LINE
  5
589
330
1F
100
AcDbEntity
  8
MUEBLES
  6
Continuous
100
AcDbLine
 10
74.721589
 20
133.355705
 30
0.0
 11
75.125378
 21
133.256439
 31
0.0
  0
LINE
  5
58A
330
1F
100
AcDbEntity
  8
MUEBLES
  6
Continuous
100
AcDbLine
 10
74.25233
 20
133.320469
 30
0.0
 11
73.916599
 21
133.320469
 31
0.0
  0
LINE
  5
58B
330
1F
100
AcDbEntity
  8
MUEBLES
  6
Continuous
100
AcDbLine
 10
73.021589
 20
133.124641
 30
0.0
 11
73.231589
 21
132.924641
 31
0.0
  0
LINE
  5
58C
330
1F
100
AcDbEntity
  8
MUEBLES
  6
Continuous
100
AcDbLine
 10
72.752235
 20
132.324641
 30
0.0
 11
72.752235
 21
133.124641
 31
0.0
  0
LINE
  5
58D
330
1F
100
AcDbEntity
  8
MUEBLES
  6
Continuous
100
AcDbLine
 10
74.200128
 20
132.49173
 30
0.0
 11
74.197994
 21
132.475096
 31
0.0
  0
LINE
  5
58E
330
1F
100
AcDbEntity
  8
MUEBLES
  6
Continuous
100
AcDbLine
 10
74.249703
 20
132.585829
 30
0.0
 11
74.250212
 21
132.601208
 31
0.0
  0
LINE
  5
58F
330
1F
100
AcDbEntity
  8
MUEBLES
  6
Continuous
100
AcDbLine
 10
74.125303
 20
132.407061
 30
0.0
 11
74.197994
 21
132.475096
 31
0.0
  0
LINE
  5
590
330
1F
100
AcDbEntity
  8
MUEBLES
  6
Continuous
100
AcDbLine
 10
74.241508
 20
132.578159
 30
0.0
 11
74.229008
 21
132.537911
 31
0.0
  0
LINE
  5
591
330
1F
100
AcDbEntity
  8
MUEBLES
  6
Continuous
100
AcDbLine
 10
74.011392
 20
132.362787
 30
0.0
 11
74.249703
 21
132.585829
 31
0.0
  0
LINE
  5
592
330
1F
100
AcDbEntity
  8
MUEBLES
  6
Continuous
100
AcDbLine
 10
74.060574
 20
132.380269
 30
0.0
 11
74.229008
 21
132.537911
 31
0.0
  0
LINE
  5
593
330
1F
100
AcDbEntity
  8
MUEBLES
  6
Continuous
100
AcDbLine
 10
74.200128
 20
132.49173
 30
0.0
 11
74.190573
 21
132.501939
 31
0.0
  0
LWPOLYLINE
  5
594
330
1F
100
AcDbEntity
  8
MUEBLES
  6
Continuous
100
AcDbPolyline
 90
        4
 70
     1
 43
0.0
 10
74.156445
 20
132.436208
 10
74.166853
 20
132.445949
 10
74.186869
 20
132.424563
 10
74.176461
 20
132.414821
  0
LINE
  5
595
330
1F
100
AcDbEntity
  8
MUEBLES
  6
Continuous
100
AcDbLine
 10
74.261438
 20
132.652903
 30
0.0
 11
74.260929
 21
132.637524
 31
0.0
  0
LINE
  5
596
330
1F
100
AcDbEntity
  8
MUEBLES
  6
Continuous
100
AcDbLine
 10
74.224969
 20
132.691869
 30
0.0
 11
74.261438
 21
132.652903
 31
0.0
  0
LINE
  5
597
330
1F
100
AcDbEntity
  8
MUEBLES
  6
Continuous
100
AcDbLine
 10
73.907221
 20
132.394478
 30
0.0
 11
74.224969
 21
132.691869
 31
0.0
  0
LINE
  5
598
330
1F
100
AcDbEntity
  8
MUEBLES
  6
Continuous
100
AcDbLine
 10
74.250212
 20
132.601208
 30
0.0
 11
74.237098
 21
132.61522
 31
0.0
  0
LINE
  5
599
330
1F
100
AcDbEntity
  8
MUEBLES
  6
Continuous
100
AcDbLine
 10
73.959068
 20
132.355004
 30
0.0
 11
74.260929
 21
132.637524
 31
0.0
  0
LINE
  5
59A
330
1F
100
AcDbEntity
  8
MUEBLES
  6
Continuous
100
AcDbLine
 10
73.94369
 20
132.355513
 30
0.0
 11
74.261438
 21
132.652903
 31
0.0
  0
LWPOLYLINE
  5
59B
330
1F
100
AcDbEntity
  8
MUEBLES
  6
Continuous
100
AcDbPolyline
 90
        4
 70
     0
 43
0.0
 10
74.126888
 20
132.600071
 10
74.083935
 20
132.628442
 10
73.996289
 20
132.495747
 10
74.007506
 20
132.488338
  0
SPLINE
  5
59C
330
1F
100
AcDbEntity
  8
MUEBLES
  6
Continuous
100
AcDbSpline
210
0.0
220
0.0
230
1.0
 70
     8
 71
     3
 72
     9
 73
     5
 74
     0
 42
0.000000001
 43
0.0000000001
 40
0.0639772089022248
 40
0.0639772089022248
 40
0.0639772089022248
 40
0.0639772089022248
 40
0.2785279521809319
 40
0.4013402704523404
 40
0.4013402704523404
 40
0.4013402704523404
 40
0.4013402704523404
 10
74.04011168824432
 20
132.5620947029216
 30
0.0
 10
74.04094886863037
 20
132.6277368790076
 30
0.0
 10
74.10729582866303
 20
132.7210332154992
 30
0.0
 10
74.05090234864711
 20
132.7393687776581
 30
0.0
 10
73.99193001617083
 20
132.7768706893986
 30
0.0
  0
LINE
  5
59D
330
1F
100
AcDbEntity
  8
MUEBLES
  6
Continuous
100
AcDbLine
 10
74.002953
 20
132.793559
 30
0.0
 11
73.980907
 21
132.760182
 31
0.0
  0
LINE
  5
59E
330
1F
100
AcDbEntity
  8
MUEBLES
  6
Continuous
100
AcDbLine
 10
74.002953
 20
132.793559
 30
0.0
 11
73.940333
 21
132.843908
 31
0.0
  0
LINE
  5
59F
330
1F
100
AcDbEntity
  8
MUEBLES
  6
Continuous
100
AcDbLine
 10
73.980907
 20
132.760182
 30
0.0
 11
73.910021
 21
132.798015
 31
0.0
  0
ARC
  5
5A0
330
1F
100
AcDbEntity
  8
MUEBLES
  6
Continuous
100
AcDbCircle
 10
73.943949
 20
132.808563
 30
0.0
 40
0.0355299650897867
100
AcDbArc
 50
95.841049
 51
197.26898
  0
LWPOLYLINE
  5
5A1
330
1F
100
AcDbEntity
  8
MUEBLES
  6
Continuous
100
AcDbPolyline
 90
        4
 70
     1
 43
0.0
 10
73.979922
 20
132.763421
 10
73.989769
 20
132.778329
 10
73.976362
 20
132.787184
 10
73.965572
 20
132.770847
  0
LINE
  5
5A2
330
1F
100
AcDbEntity
  8
MUEBLES
  6
Continuous
100
AcDbLine
 10
73.999587
 20
132.793194
 30
0.0
 11
73.989741
 21
132.778286
 31
0.0
  0
LINE
  5
5A3
330
1F
100
AcDbEntity
  8
MUEBLES
  6
Continuous
100
AcDbLine
 10
73.989741
 20
132.778286
 30
0.0
 11
73.976334
 21
132.787141
 31
0.0
  0
LINE
  5
5A4
330
1F
100
AcDbEntity
  8
MUEBLES
  6
Continuous
100
AcDbLine
 10
73.976334
 20
132.787141
 30
0.0
 11
73.987194
 21
132.803584
 31
0.0
  0
LINE
  5
5A5
330
1F
100
AcDbEntity
  8
MUEBLES
  6
Continuous
100
AcDbLine
 10
73.987194
 20
132.803584
 30
0.0
 11
73.999587
 21
132.793194
 31
0.0
  0
LINE
  5
5A6
330
1F
100
AcDbEntity
  8
MUEBLES
  6
Continuous
100
AcDbLine
 10
74.000776
 20
132.793413
 30
0.0
 11
73.980187
 21
132.762242
 31
0.0
  0
LINE
  5
5A7
330
1F
100
AcDbEntity
  8
MUEBLES
  6
Continuous
100
AcDbLine
 10
73.980187
 20
132.762242
 30
0.0
 11
73.964313
 21
132.770237
 31
0.0
  0
LINE
  5
5A8
330
1F
100
AcDbEntity
  8
MUEBLES
  6
Continuous
100
AcDbLine
 10
73.964313
 20
132.770237
 30
0.0
 11
73.987129
 21
132.804779
 31
0.0
  0
LINE
  5
5A9
330
1F
100
AcDbEntity
  8
MUEBLES
  6
Continuous
100
AcDbLine
 10
73.987129
 20
132.804779
 30
0.0
 11
74.000776
 21
132.793413
 31
0.0
  0
LINE
  5
5AA
330
1F
100
AcDbEntity
  8
MUEBLES
  6
Continuous
100
AcDbLine
 10
74.108564
 20
132.406032
 30
0.0
 11
74.099009
 21
132.416241
 31
0.0
  0
LINE
  5
5AB
330
1F
100
AcDbEntity
  8
MUEBLES
  6
Continuous
100
AcDbLine
 10
74.108564
 20
132.406032
 30
0.0
 11
74.125303
 21
132.407061
 31
0.0
  0
LINE
  5
5AC
330
1F
100
AcDbEntity
  8
MUEBLES
  6
Continuous
100
AcDbLine
 10
73.996014
 20
132.363296
 30
0.0
 11
73.982899
 21
132.377308
 31
0.0
  0
LINE
  5
5AD
330
1F
100
AcDbEntity
  8
MUEBLES
  6
Continuous
100
AcDbLine
 10
74.019588
 20
132.370457
 30
0.0
 11
74.060574
 21
132.380269
 31
0.0
  0
LINE
  5
5AE
330
1F
100
AcDbEntity
  8
MUEBLES
  6
Continuous
100
AcDbLine
 10
74.011392
 20
132.362787
 30
0.0
 11
73.996014
 21
132.363296
 31
0.0
  0
LINE
  5
5AF
330
1F
100
AcDbEntity
  8
MUEBLES
  6
Continuous
100
AcDbLine
 10
73.907221
 20
132.394478
 30
0.0
 11
73.94369
 21
132.355513
 31
0.0
  0
LINE
  5
5B0
330
1F
100
AcDbEntity
  8
MUEBLES
  6
Continuous
100
AcDbLine
 10
73.94369
 20
132.355513
 30
0.0
 11
73.959068
 21
132.355004
 31
0.0
  0
ARC
  5
5B1
330
1F
100
AcDbEntity
  8
MUEBLES
  6
Continuous
100
AcDbCircle
 10
73.464561
 20
133.302426
 30
0.0
 40
0.02
100
AcDbArc
 50
191.705597
 51
282.721499
  0
LINE
  5
5B2
330
1F
100
AcDbEntity
  8
MUEBLES
  6
Continuous
100
AcDbLine
 10
73.572479
 20
133.306285
 30
0.0
 11
73.468965
 21
133.282917
 31
0.0
  0
ARC
  5
5B3
330
1F
100
AcDbEntity
  8
MUEBLES
  6
Continuous
100
AcDbCircle
 10
73.572479
 20
133.356285
 30
0.0
 40
0.05
100
AcDbArc
 50
180.0
 51
270.0
  0
LINE
  5
5B4
330
1F
100
AcDbEntity
  8
MUEBLES
  6
Continuous
100
AcDbLine
 10
73.522479
 20
133.236285
 30
0.0
 11
73.522479
 21
133.286285
 31
0.0
  0
LINE
  5
5B5
330
1F
100
AcDbEntity
  8
MUEBLES
  6
Continuous
100
AcDbLine
 10
73.021589
 20
133.124641
 30
0.0
 11
72.752235
 21
133.124641
 31
0.0
  0
LINE
  5
5B6
330
1F
100
AcDbEntity
  8
MUEBLES
  6
Continuous
100
AcDbLine
 10
73.522479
 20
133.776285
 30
0.0
 11
73.821589
 21
133.776285
 31
0.0
  0
LINE
  5
5B7
330
1F
100
AcDbEntity
  8
MUEBLES
  6
Continuous
100
AcDbLine
 10
73.821589
 20
133.826285
 30
0.0
 11
73.522479
 21
133.826285
 31
0.0
  0
LINE
  5
5B8
330
1F
100
AcDbEntity
  8
MUEBLES
  6
Continuous
100
AcDbLine
 10
73.572479
 20
133.756285
 30
0.0
 11
73.821589
 21
133.756285
 31
0.0
  0
LINE
  5
5B9
330
1F
100
AcDbEntity
  8
MUEBLES
  6
Continuous
100
AcDbLine
 10
75.125378
 20
133.684932
 30
0.0
 11
75.113441
 21
133.733486
 31
0.0
  0
ARC
  5
5BA
330
1F
100
AcDbEntity
  8
MUEBLES
  6
Continuous
100
AcDbCircle
 10
75.165832
 20
133.762987
 30
0.0
 40
0.02
100
AcDbArc
 50
271.090032
 51
2.105934
  0
LINE
  5
5BB
330
1F
100
AcDbEntity
  8
MUEBLES
  6
Continuous
100
AcDbLine
 10
74.996464
 20
134.209318
 30
0.0
 11
74.721589
 21
134.141744
 31
0.0
  0
LINE
  5
5BC
330
1F
100
AcDbEntity
  8
MUEBLES
  6
Continuous
100
AcDbLine
 10
74.721589
 20
134.193233
 30
0.0
 11
74.984528
 21
134.257873
 31
0.0
  0
LINE
  5
5BD
330
1F
100
AcDbEntity
  8
MUEBLES
  6
Continuous
100
AcDbLine
 10
74.952684
 20
134.17796
 30
0.0
 11
74.721589
 21
134.121149
 31
0.0
  0
ARC
  5
5BE
330
1F
100
AcDbEntity
  8
MUEBLES
  6
Continuous
100
AcDbCircle
 10
74.038556
 20
133.721534
 30
0.0
 40
1.117440066688081
100
AcDbArc
 50
1.090032
 51
26.533029
  0
ARC
  5
5BF
330
1F
100
AcDbEntity
  8
MUEBLES
  6
Continuous
100
AcDbCircle
 10
74.038556
 20
133.721534
 30
0.0
 40
1.14803798809413
100
AcDbArc
 50
2.105934
 51
25.517128
  0
LINE
  5
5C0
330
1F
100
AcDbEntity
  8
MUEBLES
  6
Continuous
100
AcDbLine
 10
75.09673
 20
133.801462
 30
0.0
 11
75.013175
 21
134.141342
 31
0.0
  0
LINE
  5
5C1
330
1F
100
AcDbEntity
  8
MUEBLES
  6
Continuous
100
AcDbLine
 10
74.984528
 20
134.257873
 30
0.0
 11
74.996464
 21
134.209318
 31
0.0
  0
LINE
  5
5C2
330
1F
100
AcDbEntity
  8
MUEBLES
  6
Continuous
100
AcDbLine
 10
74.952684
 20
134.17796
 30
0.0
 11
75.047627
 21
134.225365
 31
0.0
  0
ARC
  5
5C3
330
1F
100
AcDbEntity
  8
MUEBLES
  6
Continuous
100
AcDbCircle
 10
74.964621
 20
134.129406
 30
0.0
 40
0.05
100
AcDbArc
 50
13.811531
 51
103.811531
  0
ARC
  5
5C4
330
1F
100
AcDbEntity
  8
MUEBLES
  6
Continuous
100
AcDbCircle
 10
75.056561
 20
134.207472
 30
0.0
 40
0.02
100
AcDbArc
 50
25.517128
 51
116.533029
  0
LINE
  5
5C5
330
1F
100
AcDbEntity
  8
MUEBLES
  6
Continuous
100
AcDbLine
 10
75.060112
 20
133.740971
 30
0.0
 11
75.166212
 21
133.74299
 31
0.0
  0
ARC
  5
5C6
330
1F
100
AcDbEntity
  8
MUEBLES
  6
Continuous
100
AcDbCircle
 10
75.048176
 20
133.789526
 30
0.0
 40
0.05
100
AcDbArc
 50
283.811531
 51
13.811531
  0
LINE
  5
5C7
330
1F
100
AcDbEntity
  8
MUEBLES
  6
Continuous
100
AcDbLine
 10
73.916599
 20
133.735463
 30
0.0
 11
74.25233
 21
133.735463
 31
0.0
  0
LINE
  5
5C8
330
1F
100
AcDbEntity
  8
MUEBLES
  6
Continuous
100
AcDbLine
 10
73.821589
 20
134.324641
 30
0.0
 11
74.721589
 21
134.324641
 31
0.0
  0
LINE
  5
5C9
330
1F
100
AcDbEntity
  8
MUEBLES
  6
Continuous
100
AcDbLine
 10
73.522479
 20
133.826285
 30
0.0
 11
73.522479
 21
133.776285
 31
0.0
  0
LINE
  5
5CA
330
1F
100
AcDbEntity
  8
MUEBLES
  6
Continuous
100
AcDbLine
 10
73.572479
 20
133.756285
 30
0.0
 11
73.468965
 21
133.779654
 31
0.0
  0
ARC
  5
5CB
330
1F
100
AcDbEntity
  8
MUEBLES
  6
Continuous
100
AcDbCircle
 10
73.572479
 20
133.706285
 30
0.0
 40
0.05
100
AcDbArc
 50
90.0
 51
180.0
  0
ARC
  5
5CC
330
1F
100
AcDbEntity
  8
MUEBLES
  6
Continuous
100
AcDbCircle
 10
73.464561
 20
133.760145
 30
0.0
 40
0.02
100
AcDbArc
 50
77.278501
 51
168.294403
  0
LWPOLYLINE
  5
5CD
330
1F
100
AcDbEntity
  8
MUEBLES
  6
Continuous
100
AcDbPolyline
 90
        4
 70
     1
 43
0.0
 10
73.268881
 20
132.688598
 10
73.285051
 20
132.688598
 10
73.285051
 20
132.704784
 10
73.268881
 20
132.704784
  0
LWPOLYLINE
  5
5CE
330
1F
100
AcDbEntity
  8
MUEBLES
  6
Continuous
100
AcDbPolyline
 90
        4
 70
     1
 43
0.0
 10
73.312193
 20
132.688598
 10
73.328363
 20
132.688598
 10
73.328363
 20
132.704784
 10
73.312193
 20
132.704784
  0
LWPOLYLINE
  5
5CF
330
1F
100
AcDbEntity
  8
MUEBLES
  6
Continuous
100
AcDbPolyline
 90
        4
 70
     1
 43
0.0
 10
73.332403
 20
132.688598
 10
73.348573
 20
132.688598
 10
73.348573
 20
132.704784
 10
73.332403
 20
132.704784
  0
LWPOLYLINE
  5
5D0
330
1F
100
AcDbEntity
  8
MUEBLES
  6
Continuous
100
AcDbPolyline
 90
        4
 70
     1
 43
0.0
 10
73.352613
 20
132.688598
 10
73.368783
 20
132.688598
 10
73.368783
 20
132.704784
 10
73.352613
 20
132.704784
  0
LWPOLYLINE
  5
5D1
330
1F
100
AcDbEntity
  8
MUEBLES
  6
Continuous
100
AcDbPolyline
 90
        4
 70
     1
 43
0.0
 10
73.372822
 20
132.688598
 10
73.388992
 20
132.688598
 10
73.388992
 20
132.704784
 10
73.372822
 20
132.704784
  0
LWPOLYLINE
  5
5D2
330
1F
100
AcDbEntity
  8
MUEBLES
  6
Continuous
100
AcDbPolyline
 90
        4
 70
     1
 43
0.0
 10
73.39966
 20
132.688598
 10
73.41583
 20
132.688598
 10
73.41583
 20
132.704784
 10
73.39966
 20
132.704784
  0
LWPOLYLINE
  5
5D3
330
1F
100
AcDbEntity
  8
MUEBLES
  6
Continuous
100
AcDbPolyline
 90
        4
 70
     1
 43
0.0
 10
73.419869
 20
132.688598
 10
73.436039
 20
132.688598
 10
73.436039
 20
132.704784
 10
73.419869
 20
132.704784
  0
LWPOLYLINE
  5
5D4
330
1F
100
AcDbEntity
  8
MUEBLES
  6
Continuous
100
AcDbPolyline
 90
        4
 70
     1
 43
0.0
 10
73.440079
 20
132.688598
 10
73.456249
 20
132.688598
 10
73.456249
 20
132.704784
 10
73.440079
 20
132.704784
  0
LWPOLYLINE
  5
5D5
330
1F
100
AcDbEntity
  8
MUEBLES
  6
Continuous
100
AcDbPolyline
 90
        4
 70
     1
 43
0.0
 10
73.460289
 20
132.688598
 10
73.476459
 20
132.688598
 10
73.476459
 20
132.704784
 10
73.460289
 20
132.704784
  0
LWPOLYLINE
  5
5D6
330
1F
100
AcDbEntity
  8
MUEBLES
  6
Continuous
100
AcDbPolyline
 90
        4
 70
     1
 43
0.0
 10
73.488249
 20
132.688598
 10
73.504419
 20
132.688598
 10
73.504419
 20
132.704784
 10
73.488249
 20
132.704784
  0
LWPOLYLINE
  5
5D7
330
1F
100
AcDbEntity
  8
MUEBLES
  6
Continuous
100
AcDbPolyline
 90
        4
 70
     1
 43
0.0
 10
73.508459
 20
132.688598
 10
73.524629
 20
132.688598
 10
73.524629
 20
132.704784
 10
73.508459
 20
132.704784
  0
LWPOLYLINE
  5
5D8
330
1F
100
AcDbEntity
  8
MUEBLES
  6
Continuous
100
AcDbPolyline
 90
        4
 70
     1
 43
0.0
 10
73.528668
 20
132.688598
 10
73.544838
 20
132.688598
 10
73.544838
 20
132.704784
 10
73.528668
 20
132.704784
  0
LWPOLYLINE
  5
5D9
330
1F
100
AcDbEntity
  8
MUEBLES
  6
Continuous
100
AcDbPolyline
 90
        4
 70
     1
 43
0.0
 10
73.548878
 20
132.688598
 10
73.565048
 20
132.688598
 10
73.565048
 20
132.704784
 10
73.548878
 20
132.704784
  0
LWPOLYLINE
  5
5DA
330
1F
100
AcDbEntity
  8
MUEBLES
  6
Continuous
100
AcDbPolyline
 90
        4
 70
     1
 43
0.0
 10
73.578946
 20
132.688223
 10
73.595116
 20
132.688223
 10
73.595116
 20
132.704409
 10
73.578946
 20
132.704409
  0
LWPOLYLINE
  5
5DB
330
1F
100
AcDbEntity
  8
MUEBLES
  6
Continuous
100
AcDbPolyline
 90
        4
 70
     1
 43
0.0
 10
73.599155
 20
132.688223
 10
73.615325
 20
132.688223
 10
73.615325
 20
132.704409
 10
73.599155
 20
132.704409
  0
LWPOLYLINE
  5
5DC
330
1F
100
AcDbEntity
  8
MUEBLES
  6
Continuous
100
AcDbPolyline
 90
        4
 70
     1
 43
0.0
 10
73.619365
 20
132.688223
 10
73.635535
 20
132.688223
 10
73.635535
 20
132.704409
 10
73.619365
 20
132.704409
  0
LWPOLYLINE
  5
5DD
330
1F
100
AcDbEntity
  8
MUEBLES
  6
Continuous
100
AcDbPolyline
 90
        4
 70
     1
 43
0.0
 10
73.268914
 20
132.721742
 10
73.285084
 20
132.721742
 10
73.285084
 20
132.737928
 10
73.268914
 20
132.737928
  0
LWPOLYLINE
  5
5DE
330
1F
100
AcDbEntity
  8
MUEBLES
  6
Continuous
100
AcDbPolyline
 90
        4
 70
     1
 43
0.0
 10
73.288914
 20
132.721742
 10
73.305084
 20
132.721742
 10
73.305084
 20
132.737928
 10
73.288914
 20
132.737928
  0
LWPOLYLINE
  5
5DF
330
1F
100
AcDbEntity
  8
MUEBLES
  6
Continuous
100
AcDbPolyline
 90
        4
 70
     1
 43
0.0
 10
73.308914
 20
132.721742
 10
73.325084
 20
132.721742
 10
73.325084
 20
132.737928
 10
73.308914
 20
132.737928
  0
LWPOLYLINE
  5
5E0
330
1F
100
AcDbEntity
  8
MUEBLES
  6
Continuous
100
AcDbPolyline
 90
        4
 70
     1
 43
0.0
 10
73.328914
 20
132.721742
 10
73.345084
 20
132.721742
 10
73.345084
 20
132.737928
 10
73.328914
 20
132.737928
  0
LWPOLYLINE
  5
5E1
330
1F
100
AcDbEntity
  8
MUEBLES
  6
Continuous
100
AcDbPolyline
 90
        4
 70
     1
 43
0.0
 10
73.348914
 20
132.721742
 10
73.365084
 20
132.721742
 10
73.365084
 20
132.737928
 10
73.348914
 20
132.737928
  0
LWPOLYLINE
  5
5E2
330
1F
100
AcDbEntity
  8
MUEBLES
  6
Continuous
100
AcDbPolyline
 90
        4
 70
     1
 43
0.0
 10
73.368914
 20
132.721742
 10
73.385084
 20
132.721742
 10
73.385084
 20
132.737928
 10
73.368914
 20
132.737928
  0
LWPOLYLINE
  5
5E3
330
1F
100
AcDbEntity
  8
MUEBLES
  6
Continuous
100
AcDbPolyline
 90
        4
 70
     1
 43
0.0
 10
73.388914
 20
132.721742
 10
73.405084
 20
132.721742
 10
73.405084
 20
132.737928
 10
73.388914
 20
132.737928
  0
LWPOLYLINE
  5
5E4
330
1F
100
AcDbEntity
  8
MUEBLES
  6
Continuous
100
AcDbPolyline
 90
        4
 70
     1
 43
0.0
 10
73.408914
 20
132.721742
 10
73.425084
 20
132.721742
 10
73.425084
 20
132.737928
 10
73.408914
 20
132.737928
  0
LWPOLYLINE
  5
5E5
330
1F
100
AcDbEntity
  8
MUEBLES
  6
Continuous
100
AcDbPolyline
 90
        4
 70
     1
 43
0.0
 10
73.428914
 20
132.721742
 10
73.445084
 20
132.721742
 10
73.445084
 20
132.737928
 10
73.428914
 20
132.737928
  0
LWPOLYLINE
  5
5E6
330
1F
100
AcDbEntity
  8
MUEBLES
  6
Continuous
100
AcDbPolyline
 90
        4
 70
     1
 43
0.0
 10
73.448914
 20
132.721742
 10
73.465084
 20
132.721742
 10
73.465084
 20
132.737928
 10
73.448914
 20
132.737928
  0
LWPOLYLINE
  5
5E7
330
1F
100
AcDbEntity
  8
MUEBLES
  6
Continuous
100
AcDbPolyline
 90
        4
 70
     1
 43
0.0
 10
73.468914
 20
132.721742
 10
73.485084
 20
132.721742
 10
73.485084
 20
132.737928
 10
73.468914
 20
132.737928
  0
LWPOLYLINE
  5
5E8
330
1F
100
AcDbEntity
  8
MUEBLES
  6
Continuous
100
AcDbPolyline
 90
        4
 70
     1
 43
0.0
 10
73.488914
 20
132.721742
 10
73.505084
 20
132.721742
 10
73.505084
 20
132.737928
 10
73.488914
 20
132.737928
  0
LWPOLYLINE
  5
5E9
330
1F
100
AcDbEntity
  8
MUEBLES
  6
Continuous
100
AcDbPolyline
 90
        4
 70
     1
 43
0.0
 10
73.508914
 20
132.721742
 10
73.525084
 20
132.721742
 10
73.525084
 20
132.737928
 10
73.508914
 20
132.737928
  0
LWPOLYLINE
  5
5EA
330
1F
100
AcDbEntity
  8
MUEBLES
  6
Continuous
100
AcDbPolyline
 90
        4
 70
     1
 43
0.0
 10
73.528914
 20
132.721742
 10
73.545084
 20
132.721742
 10
73.545084
 20
132.737928
 10
73.528914
 20
132.737928
  0
LWPOLYLINE
  5
5EB
330
1F
100
AcDbEntity
  8
MUEBLES
  6
Continuous
100
AcDbPolyline
 90
        4
 70
     1
 43
0.0
 10
73.548914
 20
132.721742
 10
73.565084
 20
132.721742
 10
73.565084
 20
132.737928
 10
73.548914
 20
132.737928
  0
LWPOLYLINE
  5
5EC
330
1F
100
AcDbEntity
  8
MUEBLES
  6
Continuous
100
AcDbPolyline
 90
        4
 70
     1
 43
0.0
 10
73.578946
 20
132.721368
 10
73.595116
 20
132.721368
 10
73.595116
 20
132.737554
 10
73.578946
 20
132.737554
  0
LWPOLYLINE
  5
5ED
330
1F
100
AcDbEntity
  8
MUEBLES
  6
Continuous
100
AcDbPolyline
 90
        4
 70
     1
 43
0.0
 10
73.599155
 20
132.721368
 10
73.615325
 20
132.721368
 10
73.615325
 20
132.737554
 10
73.599155
 20
132.737554
  0
LWPOLYLINE
  5
5EE
330
1F
100
AcDbEntity
  8
MUEBLES
  6
Continuous
100
AcDbPolyline
 90
        4
 70
     1
 43
0.0
 10
73.619365
 20
132.721368
 10
73.635535
 20
132.721368
 10
73.635535
 20
132.737554
 10
73.619365
 20
132.737554
  0
LWPOLYLINE
  5
5EF
330
1F
100
AcDbEntity
  8
MUEBLES
  6
Continuous
100
AcDbPolyline
 90
        4
 70
     1
 43
0.0
 10
73.644814
 20
132.721742
 10
73.660984
 20
132.721742
 10
73.660984
 20
132.737928
 10
73.644814
 20
132.737928
  0
LWPOLYLINE
  5
5F0
330
1F
100
AcDbEntity
  8
MUEBLES
  6
Continuous
100
AcDbPolyline
 90
        4
 70
     1
 43
0.0
 10
73.665024
 20
132.721742
 10
73.681194
 20
132.721742
 10
73.681194
 20
132.737928
 10
73.665024
 20
132.737928
  0
LWPOLYLINE
  5
5F1
330
1F
100
AcDbEntity
  8
MUEBLES
  6
Continuous
100
AcDbPolyline
 90
        4
 70
     1
 43
0.0
 10
73.685233
 20
132.721742
 10
73.701403
 20
132.721742
 10
73.701403
 20
132.737928
 10
73.685233
 20
132.737928
  0
LWPOLYLINE
  5
5F2
330
1F
100
AcDbEntity
  8
MUEBLES
  6
Continuous
100
AcDbPolyline
 90
        4
 70
     1
 43
0.0
 10
73.296999
 20
132.741966
 10
73.313169
 20
132.741966
 10
73.313169
 20
132.758152
 10
73.296999
 20
132.758152
  0
LWPOLYLINE
  5
5F3
330
1F
100
AcDbEntity
  8
MUEBLES
  6
Continuous
100
AcDbPolyline
 90
        4
 70
     1
 43
0.0
 10
73.316999
 20
132.741966
 10
73.333169
 20
132.741966
 10
73.333169
 20
132.758152
 10
73.316999
 20
132.758152
  0
LWPOLYLINE
  5
5F4
330
1F
100
AcDbEntity
  8
MUEBLES
  6
Continuous
100
AcDbPolyline
 90
        4
 70
     1
 43
0.0
 10
73.336999
 20
132.741966
 10
73.353169
 20
132.741966
 10
73.353169
 20
132.758152
 10
73.336999
 20
132.758152
  0
LWPOLYLINE
  5
5F5
330
1F
100
AcDbEntity
  8
MUEBLES
  6
Continuous
100
AcDbPolyline
 90
        4
 70
     1
 43
0.0
 10
73.356999
 20
132.741966
 10
73.373169
 20
132.741966
 10
73.373169
 20
132.758152
 10
73.356999
 20
132.758152
  0
LWPOLYLINE
  5
5F6
330
1F
100
AcDbEntity
  8
MUEBLES
  6
Continuous
100
AcDbPolyline
 90
        4
 70
     1
 43
0.0
 10
73.376999
 20
132.741966
 10
73.393169
 20
132.741966
 10
73.393169
 20
132.758152
 10
73.376999
 20
132.758152
  0
LWPOLYLINE
  5
5F7
330
1F
100
AcDbEntity
  8
MUEBLES
  6
Continuous
100
AcDbPolyline
 90
        4
 70
     1
 43
0.0
 10
73.396999
 20
132.741966
 10
73.413169
 20
132.741966
 10
73.413169
 20
132.758152
 10
73.396999
 20
132.758152
  0
LWPOLYLINE
  5
5F8
330
1F
100
AcDbEntity
  8
MUEBLES
  6
Continuous
100
AcDbPolyline
 90
        4
 70
     1
 43
0.0
 10
73.416999
 20
132.741966
 10
73.433169
 20
132.741966
 10
73.433169
 20
132.758152
 10
73.416999
 20
132.758152
  0
LWPOLYLINE
  5
5F9
330
1F
100
AcDbEntity
  8
MUEBLES
  6
Continuous
100
AcDbPolyline
 90
        4
 70
     1
 43
0.0
 10
73.436999
 20
132.741966
 10
73.453169
 20
132.741966
 10
73.453169
 20
132.758152
 10
73.436999
 20
132.758152
  0
LWPOLYLINE
  5
5FA
330
1F
100
AcDbEntity
  8
MUEBLES
  6
Continuous
100
AcDbPolyline
 90
        4
 70
     1
 43
0.0
 10
73.456999
 20
132.741966
 10
73.473169
 20
132.741966
 10
73.473169
 20
132.758152
 10
73.456999
 20
132.758152
  0
LWPOLYLINE
  5
5FB
330
1F
100
AcDbEntity
  8
MUEBLES
  6
Continuous
100
AcDbPolyline
 90
        4
 70
     1
 43
0.0
 10
73.476999
 20
132.741966
 10
73.493169
 20
132.741966
 10
73.493169
 20
132.758152
 10
73.476999
 20
132.758152
  0
LWPOLYLINE
  5
5FC
330
1F
100
AcDbEntity
  8
MUEBLES
  6
Continuous
100
AcDbPolyline
 90
        4
 70
     1
 43
0.0
 10
73.496999
 20
132.741966
 10
73.513169
 20
132.741966
 10
73.513169
 20
132.758152
 10
73.496999
 20
132.758152
  0
LWPOLYLINE
  5
5FD
330
1F
100
AcDbEntity
  8
MUEBLES
  6
Continuous
100
AcDbPolyline
 90
        4
 70
     1
 43
0.0
 10
73.516999
 20
132.741966
 10
73.533169
 20
132.741966
 10
73.533169
 20
132.758152
 10
73.516999
 20
132.758152
  0
LWPOLYLINE
  5
5FE
330
1F
100
AcDbEntity
  8
MUEBLES
  6
Continuous
100
AcDbPolyline
 90
        4
 70
     1
 43
0.0
 10
73.305084
 20
132.76219
 10
73.321254
 20
132.76219
 10
73.321254
 20
132.778376
 10
73.305084
 20
132.778376
  0
LWPOLYLINE
  5
5FF
330
1F
100
AcDbEntity
  8
MUEBLES
  6
Continuous
100
AcDbPolyline
 90
        4
 70
     1
 43
0.0
 10
73.325084
 20
132.76219
 10
73.341254
 20
132.76219
 10
73.341254
 20
132.778376
 10
73.325084
 20
132.778376
  0
LWPOLYLINE
  5
600
330
1F
100
AcDbEntity
  8
MUEBLES
  6
Continuous
100
AcDbPolyline
 90
        4
 70
     1
 43
0.0
 10
73.345084
 20
132.76219
 10
73.361254
 20
132.76219
 10
73.361254
 20
132.778376
 10
73.345084
 20
132.778376
  0
LWPOLYLINE
  5
601
330
1F
100
AcDbEntity
  8
MUEBLES
  6
Continuous
100
AcDbPolyline
 90
        4
 70
     1
 43
0.0
 10
73.365084
 20
132.76219
 10
73.381254
 20
132.76219
 10
73.381254
 20
132.778376
 10
73.365084
 20
132.778376
  0
LWPOLYLINE
  5
602
330
1F
100
AcDbEntity
  8
MUEBLES
  6
Continuous
100
AcDbPolyline
 90
        4
 70
     1
 43
0.0
 10
73.385084
 20
132.76219
 10
73.401254
 20
132.76219
 10
73.401254
 20
132.778376
 10
73.385084
 20
132.778376
  0
LWPOLYLINE
  5
603
330
1F
100
AcDbEntity
  8
MUEBLES
  6
Continuous
100
AcDbPolyline
 90
        4
 70
     1
 43
0.0
 10
73.405084
 20
132.76219
 10
73.421254
 20
132.76219
 10
73.421254
 20
132.778376
 10
73.405084
 20
132.778376
  0
LWPOLYLINE
  5
604
330
1F
100
AcDbEntity
  8
MUEBLES
  6
Continuous
100
AcDbPolyline
 90
        4
 70
     1
 43
0.0
 10
73.425084
 20
132.76219
 10
73.441254
 20
132.76219
 10
73.441254
 20
132.778376
 10
73.425084
 20
132.778376
  0
LWPOLYLINE
  5
605
330
1F
100
AcDbEntity
  8
MUEBLES
  6
Continuous
100
AcDbPolyline
 90
        4
 70
     1
 43
0.0
 10
73.445084
 20
132.76219
 10
73.461254
 20
132.76219
 10
73.461254
 20
132.778376
 10
73.445084
 20
132.778376
  0
LWPOLYLINE
  5
606
330
1F
100
AcDbEntity
  8
MUEBLES
  6
Continuous
100
AcDbPolyline
 90
        4
 70
     1
 43
0.0
 10
73.465084
 20
132.76219
 10
73.481254
 20
132.76219
 10
73.481254
 20
132.778376
 10
73.465084
 20
132.778376
  0
LWPOLYLINE
  5
607
330
1F
100
AcDbEntity
  8
MUEBLES
  6
Continuous
100
AcDbPolyline
 90
        4
 70
     1
 43
0.0
 10
73.485084
 20
132.76219
 10
73.501254
 20
132.76219
 10
73.501254
 20
132.778376
 10
73.485084
 20
132.778376
  0
LWPOLYLINE
  5
608
330
1F
100
AcDbEntity
  8
MUEBLES
  6
Continuous
100
AcDbPolyline
 90
        4
 70
     1
 43
0.0
 10
73.505084
 20
132.76219
 10
73.521254
 20
132.76219
 10
73.521254
 20
132.778376
 10
73.505084
 20
132.778376
  0
LWPOLYLINE
  5
609
330
1F
100
AcDbEntity
  8
MUEBLES
  6
Continuous
100
AcDbPolyline
 90
        4
 70
     1
 43
0.0
 10
73.313169
 20
132.782414
 10
73.329339
 20
132.782414
 10
73.329339
 20
132.7986
 10
73.313169
 20
132.7986
  0
LWPOLYLINE
  5
60A
330
1F
100
AcDbEntity
  8
MUEBLES
  6
Continuous
100
AcDbPolyline
 90
        4
 70
     1
 43
0.0
 10
73.333169
 20
132.782414
 10
73.349339
 20
132.782414
 10
73.349339
 20
132.7986
 10
73.333169
 20
132.7986
  0
LWPOLYLINE
  5
60B
330
1F
100
AcDbEntity
  8
MUEBLES
  6
Continuous
100
AcDbPolyline
 90
        4
 70
     1
 43
0.0
 10
73.353169
 20
132.782414
 10
73.369339
 20
132.782414
 10
73.369339
 20
132.7986
 10
73.353169
 20
132.7986
  0
LWPOLYLINE
  5
60C
330
1F
100
AcDbEntity
  8
MUEBLES
  6
Continuous
100
AcDbPolyline
 90
        4
 70
     1
 43
0.0
 10
73.373169
 20
132.782414
 10
73.389339
 20
132.782414
 10
73.389339
 20
132.7986
 10
73.373169
 20
132.7986
  0
LWPOLYLINE
  5
60D
330
1F
100
AcDbEntity
  8
MUEBLES
  6
Continuous
100
AcDbPolyline
 90
        4
 70
     1
 43
0.0
 10
73.393169
 20
132.782414
 10
73.409339
 20
132.782414
 10
73.409339
 20
132.7986
 10
73.393169
 20
132.7986
  0
LWPOLYLINE
  5
60E
330
1F
100
AcDbEntity
  8
MUEBLES
  6
Continuous
100
AcDbPolyline
 90
        4
 70
     1
 43
0.0
 10
73.413169
 20
132.782414
 10
73.429339
 20
132.782414
 10
73.429339
 20
132.7986
 10
73.413169
 20
132.7986
  0
LWPOLYLINE
  5
60F
330
1F
100
AcDbEntity
  8
MUEBLES
  6
Continuous
100
AcDbPolyline
 90
        4
 70
     1
 43
0.0
 10
73.433169
 20
132.782414
 10
73.449339
 20
132.782414
 10
73.449339
 20
132.7986
 10
73.433169
 20
132.7986
  0
LWPOLYLINE
  5
610
330
1F
100
AcDbEntity
  8
MUEBLES
  6
Continuous
100
AcDbPolyline
 90
        4
 70
     1
 43
0.0
 10
73.453169
 20
132.782414
 10
73.469339
 20
132.782414
 10
73.469339
 20
132.7986
 10
73.453169
 20
132.7986
  0
LWPOLYLINE
  5
611
330
1F
100
AcDbEntity
  8
MUEBLES
  6
Continuous
100
AcDbPolyline
 90
        4
 70
     1
 43
0.0
 10
73.473169
 20
132.782414
 10
73.489339
 20
132.782414
 10
73.489339
 20
132.7986
 10
73.473169
 20
132.7986
  0
LWPOLYLINE
  5
612
330
1F
100
AcDbEntity
  8
MUEBLES
  6
Continuous
100
AcDbPolyline
 90
        4
 70
     1
 43
0.0
 10
73.493169
 20
132.782414
 10
73.509339
 20
132.782414
 10
73.509339
 20
132.7986
 10
73.493169
 20
132.7986
  0
LWPOLYLINE
  5
613
330
1F
100
AcDbEntity
  8
MUEBLES
  6
Continuous
100
AcDbPolyline
 90
        4
 70
     1
 43
0.0
 10
73.513169
 20
132.782414
 10
73.564919
 20
132.782414
 10
73.564919
 20
132.7986
 10
73.513169
 20
132.7986
  0
LWPOLYLINE
  5
614
330
1F
100
AcDbEntity
  8
MUEBLES
  6
Continuous
100
AcDbPolyline
 90
        4
 70
     1
 43
0.0
 10
73.268914
 20
132.741966
 10
73.292608
 20
132.741966
 10
73.292608
 20
132.758152
 10
73.268914
 20
132.758152
  0
LWPOLYLINE
  5
615
330
1F
100
AcDbEntity
  8
MUEBLES
  6
Continuous
100
AcDbPolyline
 90
        4
 70
     1
 43
0.0
 10
73.268914
 20
132.76219
 10
73.302012
 20
132.76219
 10
73.302012
 20
132.778376
 10
73.268914
 20
132.778376
  0
LWPOLYLINE
  5
616
330
1F
100
AcDbEntity
  8
MUEBLES
  6
Continuous
100
AcDbPolyline
 90
        4
 70
     1
 43
0.0
 10
73.268914
 20
132.782414
 10
73.30977
 20
132.782414
 10
73.30977
 20
132.7986
 10
73.268914
 20
132.7986
  0
LWPOLYLINE
  5
617
330
1F
100
AcDbEntity
  8
MUEBLES
  6
Continuous
100
AcDbPolyline
 90
        4
 70
     1
 43
0.0
 10
73.268914
 20
132.80039
 10
73.292373
 20
132.80039
 10
73.292373
 20
132.816577
 10
73.268914
 20
132.816577
  0
LWPOLYLINE
  5
618
330
1F
100
AcDbEntity
  8
MUEBLES
  6
Continuous
100
AcDbPolyline
 90
        4
 70
     1
 43
0.0
 10
73.316583
 20
132.80039
 10
73.340041
 20
132.80039
 10
73.340041
 20
132.816577
 10
73.316583
 20
132.816577
  0
LWPOLYLINE
  5
619
330
1F
100
AcDbEntity
  8
MUEBLES
  6
Continuous
100
AcDbPolyline
 90
        4
 70
     1
 43
0.0
 10
73.343967
 20
132.80039
 10
73.498324
 20
132.80039
 10
73.498324
 20
132.816577
 10
73.343967
 20
132.816577
  0
LWPOLYLINE
  5
61A
330
1F
100
AcDbEntity
  8
MUEBLES
  6
Continuous
100
AcDbPolyline
 90
        4
 70
     1
 43
0.0
 10
73.501726
 20
132.80039
 10
73.525184
 20
132.80039
 10
73.525184
 20
132.816577
 10
73.501726
 20
132.816577
  0
LWPOLYLINE
  5
61B
330
1F
100
AcDbEntity
  8
MUEBLES
  6
Continuous
100
AcDbPolyline
 90
        4
 70
     1
 43
0.0
 10
73.54148
 20
132.80039
 10
73.564939
 20
132.80039
 10
73.564939
 20
132.816577
 10
73.54148
 20
132.816577
  0
LWPOLYLINE
  5
61C
330
1F
100
AcDbEntity
  8
MUEBLES
  6
Continuous
100
AcDbPolyline
 90
        4
 70
     1
 43
0.0
 10
73.578946
 20
132.800952
 10
73.595116
 20
132.800952
 10
73.595116
 20
132.817138
 10
73.578946
 20
132.817138
  0
LWPOLYLINE
  5
61D
330
1F
100
AcDbEntity
  8
MUEBLES
  6
Continuous
100
AcDbPolyline
 90
        4
 70
     1
 43
0.0
 10
73.599155
 20
132.800952
 10
73.615325
 20
132.800952
 10
73.615325
 20
132.817138
 10
73.599155
 20
132.817138
  0
LWPOLYLINE
  5
61E
330
1F
100
AcDbEntity
  8
MUEBLES
  6
Continuous
100
AcDbPolyline
 90
        4
 70
     1
 43
0.0
 10
73.619365
 20
132.800952
 10
73.635535
 20
132.800952
 10
73.635535
 20
132.817138
 10
73.619365
 20
132.817138
  0
LWPOLYLINE
  5
61F
330
1F
100
AcDbEntity
  8
MUEBLES
  6
Continuous
100
AcDbPolyline
 90
        4
 70
     1
 43
0.0
 10
73.599155
 20
132.781852
 10
73.615325
 20
132.781852
 10
73.615325
 20
132.798038
 10
73.599155
 20
132.798038
  0
LWPOLYLINE
  5
620
330
1F
100
AcDbEntity
  8
MUEBLES
  6
Continuous
100
AcDbPolyline
 90
        4
 70
     1
 43
0.0
 10
73.578946
 20
132.741591
 10
73.595116
 20
132.741591
 10
73.595116
 20
132.757778
 10
73.578946
 20
132.757778
  0
LWPOLYLINE
  5
621
330
1F
100
AcDbEntity
  8
MUEBLES
  6
Continuous
100
AcDbPolyline
 90
        4
 70
     1
 43
0.0
 10
73.599155
 20
132.741591
 10
73.615325
 20
132.741591
 10
73.615325
 20
132.757778
 10
73.599155
 20
132.757778
  0
LWPOLYLINE
  5
622
330
1F
100
AcDbEntity
  8
MUEBLES
  6
Continuous
100
AcDbPolyline
 90
        4
 70
     1
 43
0.0
 10
73.619365
 20
132.741591
 10
73.635535
 20
132.741591
 10
73.635535
 20
132.757778
 10
73.619365
 20
132.757778
  0
LWPOLYLINE
  5
623
330
1F
100
AcDbEntity
  8
MUEBLES
  6
Continuous
100
AcDbPolyline
 90
        4
 70
     1
 43
0.0
 10
73.644814
 20
132.741966
 10
73.660984
 20
132.741966
 10
73.660984
 20
132.758152
 10
73.644814
 20
132.758152
  0
LWPOLYLINE
  5
624
330
1F
100
AcDbEntity
  8
MUEBLES
  6
Continuous
100
AcDbPolyline
 90
        4
 70
     1
 43
0.0
 10
73.665024
 20
132.741966
 10
73.681194
 20
132.741966
 10
73.681194
 20
132.758152
 10
73.665024
 20
132.758152
  0
LWPOLYLINE
  5
625
330
1F
100
AcDbEntity
  8
MUEBLES
  6
Continuous
100
AcDbPolyline
 90
        4
 70
     1
 43
0.0
 10
73.685233
 20
132.741966
 10
73.701403
 20
132.741966
 10
73.701403
 20
132.758152
 10
73.685233
 20
132.758152
  0
LWPOLYLINE
  5
626
330
1F
100
AcDbEntity
  8
MUEBLES
  6
Continuous
100
AcDbPolyline
 90
        4
 70
     1
 43
0.0
 10
73.644814
 20
132.76219
 10
73.660984
 20
132.76219
 10
73.660984
 20
132.778376
 10
73.644814
 20
132.778376
  0
LWPOLYLINE
  5
627
330
1F
100
AcDbEntity
  8
MUEBLES
  6
Continuous
100
AcDbPolyline
 90
        4
 70
     1
 43
0.0
 10
73.665024
 20
132.76219
 10
73.681194
 20
132.76219
 10
73.681194
 20
132.778376
 10
73.665024
 20
132.778376
  0
LWPOLYLINE
  5
628
330
1F
100
AcDbEntity
  8
MUEBLES
  6
Continuous
100
AcDbPolyline
 90
        4
 70
     1
 43
0.0
 10
73.685233
 20
132.76219
 10
73.701403
 20
132.76219
 10
73.701403
 20
132.778376
 10
73.685233
 20
132.778376
  0
LWPOLYLINE
  5
629
330
1F
100
AcDbEntity
  8
MUEBLES
  6
Continuous
100
AcDbPolyline
 90
        4
 70
     1
 43
0.0
 10
73.644814
 20
132.782414
 10
73.660984
 20
132.782414
 10
73.660984
 20
132.7986
 10
73.644814
 20
132.7986
  0
LWPOLYLINE
  5
62A
330
1F
100
AcDbEntity
  8
MUEBLES
  6
Continuous
100
AcDbPolyline
 90
        4
 70
     1
 43
0.0
 10
73.665024
 20
132.782414
 10
73.681194
 20
132.782414
 10
73.681194
 20
132.7986
 10
73.665024
 20
132.7986
  0
LWPOLYLINE
  5
62B
330
1F
100
AcDbEntity
  8
MUEBLES
  6
Continuous
100
AcDbPolyline
 90
        4
 70
     1
 43
0.0
 10
73.685233
 20
132.782414
 10
73.701403
 20
132.782414
 10
73.701403
 20
132.7986
 10
73.685233
 20
132.7986
  0
LWPOLYLINE
  5
62C
330
1F
100
AcDbEntity
  8
MUEBLES
  6
Continuous
100
AcDbPolyline
 90
        4
 70
     1
 43
0.0
 10
73.685233
 20
132.80039
 10
73.701403
 20
132.80039
 10
73.701403
 20
132.816577
 10
73.685233
 20
132.816577
  0
LWPOLYLINE
  5
62D
330
1F
100
AcDbEntity
  8
MUEBLES
  6
Continuous
100
AcDbPolyline
 90
        4
 70
     1
 43
0.0
 10
73.644814
 20
132.80039
 10
73.681194
 20
132.80039
 10
73.681194
 20
132.816577
 10
73.644814
 20
132.816577
  0
LWPOLYLINE
  5
62E
330
1F
100
AcDbEntity
  8
MUEBLES
  6
Continuous
100
AcDbPolyline
 90
        4
 70
     1
 43
0.0
 10
73.705443
 20
132.721742
 10
73.721613
 20
132.721742
 10
73.721613
 20
132.758152
 10
73.705443
 20
132.758152
  0
LWPOLYLINE
  5
62F
330
1F
100
AcDbEntity
  8
MUEBLES
  6
Continuous
100
AcDbPolyline
 90
        4
 70
     1
 43
0.0
 10
73.705443
 20
132.76219
 10
73.721613
 20
132.76219
 10
73.721613
 20
132.778376
 10
73.705443
 20
132.778376
  0
LWPOLYLINE
  5
630
330
1F
100
AcDbEntity
  8
MUEBLES
  6
Continuous
100
AcDbPolyline
 90
        4
 70
     1
 43
0.0
 10
73.705443
 20
132.782414
 10
73.721613
 20
132.782414
 10
73.721613
 20
132.816577
 10
73.705443
 20
132.816577
  0
LWPOLYLINE
  5
631
330
1F
100
AcDbEntity
  8
MUEBLES
  6
Continuous
100
AcDbPolyline
 90
        7
 70
     0
 43
0.0
 10
73.537334
 20
132.762396
 10
73.537334
 20
132.742131
 10
73.564863
 20
132.742131
 10
73.564863
 20
132.778503
 10
73.525128
 20
132.778503
 10
73.525128
 20
132.762396
 10
73.537334
 20
132.762396
  0
LWPOLYLINE
  5
632
330
1F
100
AcDbEntity
  8
MUEBLES
  6
Continuous
100
AcDbPolyline
 90
        4
 70
     1
 43
0.0
 10
73.644621
 20
132.688357
 10
73.721286
 20
132.688357
 10
73.721286
 20
132.704685
 10
73.644621
 20
132.704685
  0
LWPOLYLINE
  5
633
330
1F
100
AcDbEntity
  8
MUEBLES
  6
Continuous
100
AcDbPolyline
 90
        4
 70
     1
 43
0.0
 10
73.265281
 20
132.682975
 10
73.725742
 20
132.682975
 10
73.725742
 20
132.836479
 10
73.265281
 20
132.836479
  0
LWPOLYLINE
  5
634
330
1F
100
AcDbEntity
  8
MUEBLES
  6
Continuous
100
AcDbPolyline
 90
        4
 70
     1
 43
0.0
 10
73.265281
 20
132.836479
 10
73.725742
 20
132.836479
 10
73.725742
 20
132.845533
 10
73.265281
 20
132.845533
  0
LWPOLYLINE
  5
635
330
1F
100
AcDbEntity
  8
MUEBLES
  6
Continuous
100
AcDbPolyline
 90
        4
 70
     1
 43
0.0
 10
73.725742
 20
132.678532
 10
73.265281
 20
132.678532
 10
73.265281
 20
132.659901
 10
73.725742
 20
132.659901
  0
INSERT
  5
636
330
1F
100
AcDbEntity
  8
MUEBLES
  6
Continuous
100
AcDbBlockReference
  2
MHPLN010
 10
86.030197
 20
139.141294
 30
0.0
 41
0.8
 42
0.8
 43
0.8
 50
180.0
  0
LINE
  5
661
330
1F
100
AcDbEntity
  8
MUEBLES
  6
Continuous
100
AcDbLine
 10
85.304221
 20
137.262137
 30
0.0
 11
85.689221
 21
137.262137
 31
0.0
  0
LINE
  5
662
330
1F
100
AcDbEntity
  8
MUEBLES
  6
Continuous
100
AcDbLine
 10
86.123221
 20
137.262137
 30
0.0
 11
86.123221
 21
137.647137
 31
0.0
  0
LINE
  5
663
330
1F
100
AcDbEntity
  8
MUEBLES
  6
Continuous
100
AcDbLine
 10
85.304221
 20
137.647137
 30
0.0
 11
85.689221
 21
137.647137
 31
0.0
  0
LINE
  5
664
330
1F
100
AcDbEntity
  8
MUEBLES
  6
Continuous
100
AcDbLine
 10
85.738221
 20
137.262137
 30
0.0
 11
85.738221
 21
137.647137
 31
0.0
  0
LINE
  5
665
330
1F
100
AcDbEntity
  8
MUEBLES
  6
Continuous
100
AcDbLine
 10
85.689221
 20
137.262137
 30
0.0
 11
85.689221
 21
137.647137
 31
0.0
  0
LINE
  5
666
330
1F
100
AcDbEntity
  8
MUEBLES
  6
Continuous
100
AcDbLine
 10
85.304221
 20
137.696137
 30
0.0
 11
85.689221
 21
137.696137
 31
0.0
  0
LINE
  5
667
330
1F
100
AcDbEntity
  8
MUEBLES
  6
Continuous
100
AcDbLine
 10
85.304221
 20
138.081137
 30
0.0
 11
85.689221
 21
138.081137
 31
0.0
  0
LINE
  5
668
330
1F
100
AcDbEntity
  8
MUEBLES
  6
Continuous
100
AcDbLine
 10
85.304221
 20
137.696137
 30
0.0
 11
85.304221
 21
138.081137
 31
0.0
  0
LINE
  5
669
330
1F
100
AcDbEntity
  8
MUEBLES
  6
Continuous
100
AcDbLine
 10
85.689221
 20
137.696137
 30
0.0
 11
85.689221
 21
138.081137
 31
0.0
  0
LINE
  5
66A
330
1F
100
AcDbEntity
  8
MUEBLES
  6
Continuous
100
AcDbLine
 10
85.738221
 20
137.696137
 30
0.0
 11
85.738221
 21
138.081137
 31
0.0
  0
LINE
  5
66B
330
1F
100
AcDbEntity
  8
MUEBLES
  6
Continuous
100
AcDbLine
 10
86.123221
 20
137.696137
 30
0.0
 11
86.123221
 21
138.081137
 31
0.0
  0
LINE
  5
66C
330
1F
100
AcDbEntity
  8
MUEBLES
  6
Continuous
100
AcDbLine
 10
85.738221
 20
138.081137
 30
0.0
 11
86.123221
 21
138.081137
 31
0.0
  0
LINE
  5
66D
330
1F
100
AcDbEntity
  8
MUEBLES
  6
Continuous
100
AcDbLine
 10
85.738221
 20
137.696137
 30
0.0
 11
86.123221
 21
137.696137
 31
0.0
  0
LINE
  5
66E
330
1F
100
AcDbEntity
  8
MUEBLES
  6
Continuous
100
AcDbLine
 10
85.738221
 20
137.647137
 30
0.0
 11
86.123221
 21
137.647137
 31
0.0
  0
LINE
  5
66F
330
1F
100
AcDbEntity
  8
MUEBLES
  6
Continuous
100
AcDbLine
 10
85.738221
 20
137.262137
 30
0.0
 11
86.123221
 21
137.262137
 31
0.0
  0
LWPOLYLINE
  5
670
330
1F
100
AcDbEntity
  8
MUEBLES
  6
Continuous
100
AcDbPolyline
 90
        2
 70
     0
 43
0.0
 10
85.738221
 20
137.349637
 10
85.689221
 20
137.349637
  0
LWPOLYLINE
  5
671
330
1F
100
AcDbEntity
  8
MUEBLES
  6
Continuous
100
AcDbPolyline
 90
        2
 70
     0
 43
0.0
 10
85.738221
 20
137.363637
 10
85.689221
 20
137.363637
  0
LWPOLYLINE
  5
672
330
1F
100
AcDbEntity
  8
MUEBLES
  6
Continuous
100
AcDbPolyline
 90
        2
 70
     0
 43
0.0
 10
85.832721
 20
137.696137
 10
85.832721
 20
137.647137
  0
LWPOLYLINE
  5
673
330
1F
100
AcDbEntity
  8
MUEBLES
  6
Continuous
100
AcDbPolyline
 90
        2
 70
     0
 43
0.0
 10
85.818721
 20
137.696137
 10
85.818721
 20
137.647137
  0
LWPOLYLINE
  5
674
330
1F
100
AcDbEntity
  8
MUEBLES
  6
Continuous
100
AcDbPolyline
 90
        2
 70
     0
 43
0.0
 10
85.405721
 20
137.647137
 10
85.405721
 20
137.696137
  0
LWPOLYLINE
  5
675
330
1F
100
AcDbEntity
  8
MUEBLES
  6
Continuous
100
AcDbPolyline
 90
        2
 70
     0
 43
0.0
 10
85.391721
 20
137.647137
 10
85.391721
 20
137.696137
  0
LWPOLYLINE
  5
676
330
1F
100
AcDbEntity
  8
MUEBLES
  6
Continuous
100
AcDbPolyline
 90
        2
 70
     0
 43
0.0
 10
85.689221
 20
137.993637
 10
85.738221
 20
137.993637
  0
LWPOLYLINE
  5
677
330
1F
100
AcDbEntity
  8
MUEBLES
  6
Continuous
100
AcDbPolyline
 90
        2
 70
     0
 43
0.0
 10
85.689221
 20
137.979637
 10
85.738221
 20
137.979637
  0
LWPOLYLINE
  5
678
330
1F
100
AcDbEntity
  8
MUEBLES
  6
Continuous
100
AcDbPolyline
 90
        2
 70
     0
 43
0.0
 10
86.021721
 20
137.696137
 10
86.021721
 20
137.647137
  0
LWPOLYLINE
  5
679
330
1F
100
AcDbEntity
  8
MUEBLES
  6
Continuous
100
AcDbPolyline
 90
        2
 70
     0
 43
0.0
 10
86.035721
 20
137.696137
 10
86.035721
 20
137.647137
  0
LWPOLYLINE
  5
67A
330
1F
100
AcDbEntity
  8
MUEBLES
  6
Continuous
100
AcDbPolyline
 90
        2
 70
     0
 43
0.0
 10
85.689221
 20
137.790637
 10
85.738221
 20
137.790637
  0
LWPOLYLINE
  5
67B
330
1F
100
AcDbEntity
  8
MUEBLES
  6
Continuous
100
AcDbPolyline
 90
        2
 70
     0
 43
0.0
 10
85.689221
 20
137.776637
 10
85.738221
 20
137.776637
  0
LWPOLYLINE
  5
67C
330
1F
100
AcDbEntity
  8
MUEBLES
  6
Continuous
100
AcDbPolyline
 90
        2
 70
     0
 43
0.0
 10
85.608721
 20
137.647137
 10
85.608721
 20
137.696137
  0
LWPOLYLINE
  5
67D
330
1F
100
AcDbEntity
  8
MUEBLES
  6
Continuous
100
AcDbPolyline
 90
        2
 70
     0
 43
0.0
 10
85.594721
 20
137.647137
 10
85.594721
 20
137.696137
  0
LWPOLYLINE
  5
67E
330
1F
100
AcDbEntity
  8
MUEBLES
  6
Continuous
100
AcDbPolyline
 90
        2
 70
     0
 43
0.0
 10
85.738221
 20
137.566637
 10
85.689221
 20
137.566637
  0
LWPOLYLINE
  5
67F
330
1F
100
AcDbEntity
  8
MUEBLES
  6
Continuous
100
AcDbPolyline
 90
        2
 70
     0
 43
0.0
 10
85.738221
 20
137.552637
 10
85.689221
 20
137.552637
  0
LWPOLYLINE
  5
680
330
1F
100
AcDbEntity
  8
MUEBLES
  6
Continuous
100
AcDbPolyline
 90
        2
 70
     0
 43
0.0
 10
85.304221
 20
137.262137
 10
85.304221
 20
137.647137
  0
LINE
  5
681
330
1F
100
AcDbEntity
  8
MUEBLES
  6
Continuous
100
AcDbLine
 10
84.581127
 20
139.05353
 30
0.0
 11
83.941127
 21
139.053071
 31
0.0
  0
LINE
  5
682
330
1F
100
AcDbEntity
  8
MUEBLES
  6
Continuous
100
AcDbLine
 10
83.981471
 20
138.573099
 30
0.0
 11
83.941471
 21
138.573071
 31
0.0
  0
ARC
  5
683
330
1F
100
AcDbEntity
  8
MUEBLES
  6
Continuous
100
AcDbCircle
 10
84.461443
 20
138.613444
 30
0.0
 40
0.0400000000000056
100
AcDbArc
 50
270.04113
 51
0.04113
  0
ARC
  5
684
330
1F
100
AcDbEntity
  8
MUEBLES
  6
Continuous
100
AcDbCircle
 10
84.461155
 20
139.013444
 30
0.0
 40
0.0400000000000056
100
AcDbArc
 50
0.04113
 51
90.04113
  0
LINE
  5
685
330
1F
100
AcDbEntity
  8
MUEBLES
  6
Continuous
100
AcDbLine
 10
84.621443
 20
138.613559
 30
0.0
 11
84.621155
 21
139.013559
 31
0.0
  0
LINE
  5
686
330
1F
100
AcDbEntity
  8
MUEBLES
  6
Continuous
100
AcDbLine
 10
84.501155
 20
139.013473
 30
0.0
 11
84.501443
 21
138.613473
 31
0.0
  0
ARC
  5
687
330
1F
100
AcDbEntity
  8
MUEBLES
  6
Continuous
100
AcDbCircle
 10
84.581069
 20
139.13353
 30
0.0
 40
0.0400000000000056
100
AcDbArc
 50
0.04113
 51
90.04113
  0
ARC
  5
688
330
1F
100
AcDbEntity
  8
MUEBLES
  6
Continuous
100
AcDbCircle
 10
84.581098
 20
139.09353
 30
0.0
 40
0.0400000000000056
100
AcDbArc
 50
270.04113
 51
0.04113
  0
LINE
  5
689
330
1F
100
AcDbEntity
  8
MUEBLES
  6
Continuous
100
AcDbLine
 10
84.621098
 20
139.093559
 30
0.0
 11
84.621069
 21
139.133559
 31
0.0
  0
ARC
  5
68A
330
1F
100
AcDbEntity
  8
MUEBLES
  6
Continuous
100
AcDbCircle
 10
84.581155
 20
139.01353
 30
0.0
 40
0.0400000000000056
100
AcDbArc
 50
0.04113
 51
90.04113
  0
ARC
  5
68B
330
1F
100
AcDbEntity
  8
MUEBLES
  6
Continuous
100
AcDbCircle
 10
84.541155
 20
139.013501
 30
0.0
 40
0.0400000000000056
100
AcDbArc
 50
90.04113
 51
180.04113
  0
ARC
  5
68C
330
1F
100
AcDbEntity
  8
MUEBLES
  6
Continuous
100
AcDbCircle
 10
84.581443
 20
138.61353
 30
0.0
 40
0.0400000000000056
100
AcDbArc
 50
270.04113
 51
0.04113
  0
ARC
  5
68D
330
1F
100
AcDbEntity
  8
MUEBLES
  6
Continuous
100
AcDbCircle
 10
84.541443
 20
138.613501
 30
0.0
 40
0.0400000000000056
100
AcDbArc
 50
180.04113
 51
270.04113
  0
LINE
  5
68E
330
1F
100
AcDbEntity
  8
MUEBLES
  6
Continuous
100
AcDbLine
 10
84.581471
 20
138.57353
 30
0.0
 11
84.541471
 21
138.573501
 31
0.0
  0
LINE
  5
68F
330
1F
100
AcDbEntity
  8
MUEBLES
  6
Continuous
100
AcDbLine
 10
84.021156
 20
139.013128
 30
0.0
 11
84.021443
 21
138.613128
 31
0.0
  0
ARC
  5
690
330
1F
100
AcDbEntity
  8
MUEBLES
  6
Continuous
100
AcDbCircle
 10
84.061156
 20
139.013157
 30
0.0
 40
0.0400000000000056
100
AcDbArc
 50
90.04113
 51
180.04113
  0
ARC
  5
691
330
1F
100
AcDbEntity
  8
MUEBLES
  6
Continuous
100
AcDbCircle
 10
83.981156
 20
139.013099
 30
0.0
 40
0.0400000000000056
100
AcDbArc
 50
0.04113
 51
90.04113
  0
LINE
  5
692
330
1F
100
AcDbEntity
  8
MUEBLES
  6
Continuous
100
AcDbLine
 10
84.461471
 20
138.573444
 30
0.0
 11
84.061471
 21
138.573157
 31
0.0
  0
ARC
  5
693
330
1F
100
AcDbEntity
  8
MUEBLES
  6
Continuous
100
AcDbCircle
 10
84.061443
 20
138.613157
 30
0.0
 40
0.0400000000000056
100
AcDbArc
 50
180.04113
 51
270.04113
  0
ARC
  5
694
330
1F
100
AcDbEntity
  8
MUEBLES
  6
Continuous
100
AcDbCircle
 10
83.981443
 20
138.613099
 30
0.0
 40
0.0400000000000056
100
AcDbArc
 50
270.04113
 51
0.04113
  0
LINE
  5
695
330
1F
100
AcDbEntity
  8
MUEBLES
  6
Continuous
100
AcDbLine
 10
83.901443
 20
138.613042
 30
0.0
 11
83.901156
 21
139.013042
 31
0.0
  0
ARC
  5
696
330
1F
100
AcDbEntity
  8
MUEBLES
  6
Continuous
100
AcDbCircle
 10
83.941443
 20
138.613071
 30
0.0
 40
0.0400000000000056
100
AcDbArc
 50
180.04113
 51
270.04113
  0
ARC
  5
697
330
1F
100
AcDbEntity
  8
MUEBLES
  6
Continuous
100
AcDbCircle
 10
83.941069
 20
139.13307
 30
0.0
 40
0.0400000000000056
100
AcDbArc
 50
90.04113
 51
180.04113
  0
ARC
  5
698
330
1F
100
AcDbEntity
  8
MUEBLES
  6
Continuous
100
AcDbCircle
 10
83.941098
 20
139.09307
 30
0.0
 40
0.0400000000000056
100
AcDbArc
 50
180.04113
 51
270.04113
  0
LINE
  5
699
330
1F
100
AcDbEntity
  8
MUEBLES
  6
Continuous
100
AcDbLine
 10
83.901098
 20
139.093042
 30
0.0
 11
83.901069
 21
139.133042
 31
0.0
  0
ARC
  5
69A
330
1F
100
AcDbEntity
  8
MUEBLES
  6
Continuous
100
AcDbCircle
 10
83.941156
 20
139.013071
 30
0.0
 40
0.0400000000000056
100
AcDbArc
 50
90.04113
 51
180.04113
  0
LINE
  5
69B
330
1F
100
AcDbEntity
  8
MUEBLES
  6
Continuous
100
AcDbLine
 10
83.943008
 20
139.174755
 30
0.0
 11
84.583008
 21
139.174755
 31
0.0
  0
LINE
  5
69C
330
1F
100
AcDbEntity
  8
MUEBLES
  6
Continuous
100
AcDbLine
 10
87.775671
 20
137.64312
 30
0.0
 11
87.775211
 21
138.28312
 31
0.0
  0
LINE
  5
69D
330
1F
100
AcDbEntity
  8
MUEBLES
  6
Continuous
100
AcDbLine
 10
87.29524
 20
138.242775
 30
0.0
 11
87.295211
 21
138.282775
 31
0.0
  0
ARC
  5
69E
330
1F
100
AcDbEntity
  8
MUEBLES
  6
Continuous
100
AcDbCircle
 10
87.335584
 20
137.762804
 30
0.0
 40
0.0400000000000056
100
AcDbArc
 50
180.04113
 51
270.04113
  0
ARC
  5
69F
330
1F
100
AcDbEntity
  8
MUEBLES
  6
Continuous
100
AcDbCircle
 10
87.735584
 20
137.763091
 30
0.0
 40
0.0400000000000056
100
AcDbArc
 50
270.04113
 51
0.04113
  0
LINE
  5
6A0
330
1F
100
AcDbEntity
  8
MUEBLES
  6
Continuous
100
AcDbLine
 10
87.335699
 20
137.602804
 30
0.0
 11
87.735699
 21
137.603091
 31
0.0
  0
LINE
  5
6A1
330
1F
100
AcDbEntity
  8
MUEBLES
  6
Continuous
100
AcDbLine
 10
87.735613
 20
137.723091
 30
0.0
 11
87.335613
 21
137.722804
 31
0.0
  0
ARC
  5
6A2
330
1F
100
AcDbEntity
  8
MUEBLES
  6
Continuous
100
AcDbCircle
 10
87.85567
 20
137.643177
 30
0.0
 40
0.0400000000000056
100
AcDbArc
 50
270.04113
 51
0.04113
  0
ARC
  5
6A3
330
1F
100
AcDbEntity
  8
MUEBLES
  6
Continuous
100
AcDbCircle
 10
87.815671
 20
137.643149
 30
0.0
 40
0.0400000000000056
100
AcDbArc
 50
180.04113
 51
270.04113
  0
LINE
  5
6A4
330
1F
100
AcDbEntity
  8
MUEBLES
  6
Continuous
100
AcDbLine
 10
87.815699
 20
137.603149
 30
0.0
 11
87.855699
 21
137.603178
 31
0.0
  0
ARC
  5
6A5
330
1F
100
AcDbEntity
  8
MUEBLES
  6
Continuous
100
AcDbCircle
 10
87.735671
 20
137.643091
 30
0.0
 40
0.0400000000000056
100
AcDbArc
 50
270.04113
 51
0.04113
  0
ARC
  5
6A6
330
1F
100
AcDbEntity
  8
MUEBLES
  6
Continuous
100
AcDbCircle
 10
87.735642
 20
137.683091
 30
0.0
 40
0.0400000000000056
100
AcDbArc
 50
0.04113
 51
90.04113
  0
ARC
  5
6A7
330
1F
100
AcDbEntity
  8
MUEBLES
  6
Continuous
100
AcDbCircle
 10
87.335671
 20
137.642804
 30
0.0
 40
0.0400000000000056
100
AcDbArc
 50
180.04113
 51
270.04113
  0
ARC
  5
6A8
330
1F
100
AcDbEntity
  8
MUEBLES
  6
Continuous
100
AcDbCircle
 10
87.335642
 20
137.682804
 30
0.0
 40
0.0400000000000056
100
AcDbArc
 50
90.04113
 51
180.04113
  0
LINE
  5
6A9
330
1F
100
AcDbEntity
  8
MUEBLES
  6
Continuous
100
AcDbLine
 10
87.295671
 20
137.642775
 30
0.0
 11
87.295642
 21
137.682775
 31
0.0
  0
LINE
  5
6AA
330
1F
100
AcDbEntity
  8
MUEBLES
  6
Continuous
100
AcDbLine
 10
87.735269
 20
138.203091
 30
0.0
 11
87.335269
 21
138.202804
 31
0.0
  0
ARC
  5
6AB
330
1F
100
AcDbEntity
  8
MUEBLES
  6
Continuous
100
AcDbCircle
 10
87.735297
 20
138.163091
 30
0.0
 40
0.0400000000000056
100
AcDbArc
 50
0.04113
 51
90.04113
  0
ARC
  5
6AC
330
1F
100
AcDbEntity
  8
MUEBLES
  6
Continuous
100
AcDbCircle
 10
87.73524
 20
138.243091
 30
0.0
 40
0.0400000000000056
100
AcDbArc
 50
270.04113
 51
0.04113
  0
LINE
  5
6AD
330
1F
100
AcDbEntity
  8
MUEBLES
  6
Continuous
100
AcDbLine
 10
87.295584
 20
137.762775
 30
0.0
 11
87.295297
 21
138.162775
 31
0.0
  0
ARC
  5
6AE
330
1F
100
AcDbEntity
  8
MUEBLES
  6
Continuous
100
AcDbCircle
 10
87.335297
 20
138.162804
 30
0.0
 40
0.0400000000000056
100
AcDbArc
 50
90.04113
 51
180.04113
  0
ARC
  5
6AF
330
1F
100
AcDbEntity
  8
MUEBLES
  6
Continuous
100
AcDbCircle
 10
87.33524
 20
138.242804
 30
0.0
 40
0.0400000000000056
100
AcDbArc
 50
180.04113
 51
270.04113
  0
LINE
  5
6B0
330
1F
100
AcDbEntity
  8
MUEBLES
  6
Continuous
100
AcDbLine
 10
87.335182
 20
138.322804
 30
0.0
 11
87.735182
 21
138.323091
 31
0.0
  0
ARC
  5
6B1
330
1F
100
AcDbEntity
  8
MUEBLES
  6
Continuous
100
AcDbCircle
 10
87.335211
 20
138.282804
 30
0.0
 40
0.0400000000000056
100
AcDbArc
 50
90.04113
 51
180.04113
  0
ARC
  5
6B2
330
1F
100
AcDbEntity
  8
MUEBLES
  6
Continuous
100
AcDbCircle
 10
87.855211
 20
138.283177
 30
0.0
 40
0.0400000000000056
100
AcDbArc
 50
0.04113
 51
90.04113
  0
ARC
  5
6B3
330
1F
100
AcDbEntity
  8
MUEBLES
  6
Continuous
100
AcDbCircle
 10
87.815211
 20
138.283149
 30
0.0
 40
0.0400000000000056
100
AcDbArc
 50
90.04113
 51
180.04113
  0
LINE
  5
6B4
330
1F
100
AcDbEntity
  8
MUEBLES
  6
Continuous
100
AcDbLine
 10
87.815182
 20
138.323149
 30
0.0
 11
87.855182
 21
138.323177
 31
0.0
  0
ARC
  5
6B5
330
1F
100
AcDbEntity
  8
MUEBLES
  6
Continuous
100
AcDbCircle
 10
87.735211
 20
138.283091
 30
0.0
 40
0.0400000000000056
100
AcDbArc
 50
0.04113
 51
90.04113
  0
LINE
  5
6B6
330
1F
100
AcDbEntity
  8
MUEBLES
  6
Continuous
100
AcDbLine
 10
87.896895
 20
138.281238
 30
0.0
 11
87.896895
 21
137.641238
 31
0.0
  0
TEXT
  5
6B7
330
1F
100
AcDbEntity
  8
02
  6
Continuous
 48
0.1
100
AcDbText
 10
76.294417
 20
130.179837
 30
0.0
 40
0.17
  1
BOX
  7
STYLUS
100
AcDbText
  0
TEXT
  5
6B8
330
1F
100
AcDbEntity
  8
02
  6
Continuous
 48
0.1
100
AcDbText
 10
73.340199
 20
131.610562
 30
0.0
 40
0.17
  1
OFICINA
  7
STYLUS
100
AcDbText
  0
TEXT
  5
6B9
330
1F
100
AcDbEntity
  8
02
  6
Continuous
 48
0.1
100
AcDbText
 10
73.724264
 20
135.065366
 30
0.0
 40
0.17
  1
OFICINA
  7
STYLUS
100
AcDbText
  0
INSERT
  5
6BA
330
1F
100
AcDbEntity
  8
MUEBLES
  6
Continuous
100
AcDbBlockReference
  2
telefono
 10
73.841388
 20
130.770282
 30
0.0
 41
1.623274
 42
1.623274
 43
1.623274
 50
237.401902
  0
LINE
  5
6BB
330
1F
100
AcDbEntity
  8
MUEBLES
  6
Continuous
100
AcDbLine
 10
73.426838
 20
129.775427
 30
0.0
 11
73.426838
 21
131.175427
 31
0.0
  0
LINE
  5
6BC
330
1F
100
AcDbEntity
  8
MUEBLES
  6
Continuous
100
AcDbLine
 10
74.326838
 20
129.175427
 30
0.0
 11
74.326838
 21
131.175427
 31
0.0
  0
LINE
  5
6BD
330
1F
100
AcDbEntity
  8
MUEBLES
  6
Continuous
100
AcDbLine
 10
74.326838
 20
130.436451
 30
0.0
 11
74.730626
 21
130.535717
 31
0.0
  0
LINE
  5
6BE
330
1F
100
AcDbEntity
  8
MUEBLES
  6
Continuous
100
AcDbLine
 10
74.718689
 20
130.584271
 30
0.0
 11
74.326838
 21
130.48794
 31
0.0
  0
LINE
  5
6BF
330
1F
100
AcDbEntity
  8
MUEBLES
  6
Continuous
100
AcDbLine
 10
74.326838
 20
130.508535
 30
0.0
 11
74.665361
 21
130.591757
 31
0.0
  0
LINE
  5
6C0
330
1F
100
AcDbEntity
  8
MUEBLES
  6
Continuous
100
AcDbLine
 10
73.521848
 20
130.171254
 30
0.0
 11
73.521848
 21
130.586248
 31
0.0
  0
LINE
  5
6C1
330
1F
100
AcDbEntity
  8
MUEBLES
  6
Continuous
100
AcDbLine
 10
73.857578
 20
130.586248
 30
0.0
 11
73.857578
 21
130.171254
 31
0.0
  0
ARC
  5
6C2
330
1F
100
AcDbEntity
  8
MUEBLES
  6
Continuous
100
AcDbCircle
 10
74.174387
 20
130.382071
 30
0.0
 40
1.117440066688081
100
AcDbArc
 50
167.278501
 51
192.721499
  0
ARC
  5
6C3
330
1F
100
AcDbEntity
  8
MUEBLES
  6
Continuous
100
AcDbCircle
 10
74.174387
 20
130.382071
 30
0.0
 40
1.14803798809413
100
AcDbArc
 50
168.294403
 51
191.705597
  0
LINE
  5
6C4
330
1F
100
AcDbEntity
  8
MUEBLES
  6
Continuous
100
AcDbLine
 10
73.127727
 20
130.207071
 30
0.0
 11
73.127727
 21
130.557071
 31
0.0
  0
LINE
  5
6C5
330
1F
100
AcDbEntity
  8
MUEBLES
  6
Continuous
100
AcDbLine
 10
73.426838
 20
130.087071
 30
0.0
 11
73.127727
 21
130.087071
 31
0.0
  0
LINE
  5
6C6
330
1F
100
AcDbEntity
  8
MUEBLES
  6
Continuous
100
AcDbLine
 10
73.127727
 20
130.137071
 30
0.0
 11
73.426838
 21
130.137071
 31
0.0
  0
LINE
  5
6C7
330
1F
100
AcDbEntity
  8
MUEBLES
  6
Continuous
100
AcDbLine
 10
73.426838
 20
130.157071
 30
0.0
 11
73.177727
 21
130.157071
 31
0.0
  0
LINE
  5
6C8
330
1F
100
AcDbEntity
  8
MUEBLES
  6
Continuous
100
AcDbLine
 10
73.426838
 20
129.775427
 30
0.0
 11
73.251994
 21
129.775427
 31
0.0
  0
ARC
  5
6C9
330
1F
100
AcDbEntity
  8
MUEBLES
  6
Continuous
100
AcDbCircle
 10
73.643804
 20
130.070622
 30
0.0
 40
1.14803798809413
100
AcDbArc
 50
334.482872
 51
357.894066
  0
ARC
  5
6CA
330
1F
100
AcDbEntity
  8
MUEBLES
  6
Continuous
100
AcDbCircle
 10
73.643804
 20
130.070622
 30
0.0
 40
1.117440066688081
100
AcDbArc
 50
333.466971
 51
358.909968
  0
LINE
  5
6CB
330
1F
100
AcDbEntity
  8
MUEBLES
  6
Continuous
100
AcDbLine
 10
74.701978
 20
129.990694
 30
0.0
 11
74.618423
 21
129.650814
 31
0.0
  0
ARC
  5
6CC
330
1F
100
AcDbEntity
  8
MUEBLES
  6
Continuous
100
AcDbCircle
 10
74.569869
 20
129.66275
 30
0.0
 40
0.05
100
AcDbArc
 50
256.188469
 51
346.188469
  0
LINE
  5
6CD
330
1F
100
AcDbEntity
  8
MUEBLES
  6
Continuous
100
AcDbLine
 10
74.557933
 20
129.614196
 30
0.0
 11
74.652875
 21
129.566791
 31
0.0
  0
LINE
  5
6CE
330
1F
100
AcDbEntity
  8
MUEBLES
  6
Continuous
100
AcDbLine
 10
74.557933
 20
129.614196
 30
0.0
 11
74.326838
 21
129.671008
 31
0.0
  0
LINE
  5
6CF
330
1F
100
AcDbEntity
  8
MUEBLES
  6
Continuous
100
AcDbLine
 10
74.601712
 20
129.582838
 30
0.0
 11
74.326838
 21
129.650412
 31
0.0
  0
ARC
  5
6D0
330
1F
100
AcDbEntity
  8
MUEBLES
  6
Continuous
100
AcDbCircle
 10
74.661809
 20
129.584685
 30
0.0
 40
0.02
100
AcDbArc
 50
243.466971
 51
334.482872
  0
LINE
  5
6D1
330
1F
100
AcDbEntity
  8
MUEBLES
  6
Continuous
100
AcDbLine
 10
74.589776
 20
129.534283
 30
0.0
 11
74.601712
 21
129.582838
 31
0.0
  0
LINE
  5
6D2
330
1F
100
AcDbEntity
  8
MUEBLES
  6
Continuous
100
AcDbLine
 10
74.326838
 20
129.598923
 30
0.0
 11
74.589776
 21
129.534283
 31
0.0
  0
LINE
  5
6D3
330
1F
100
AcDbEntity
  8
MUEBLES
  6
Continuous
100
AcDbLine
 10
73.251994
 20
129.175427
 30
0.0
 11
74.326838
 21
129.175427
 31
0.0
  0
ARC
  5
6D4
330
1F
100
AcDbEntity
  8
MUEBLES
  6
Continuous
100
AcDbCircle
 10
74.77108
 20
130.02917
 30
0.0
 40
0.02
100
AcDbArc
 50
357.894066
 51
88.909968
  0
LINE
  5
6D5
330
1F
100
AcDbEntity
  8
MUEBLES
  6
Continuous
100
AcDbLine
 10
74.730626
 20
130.107224
 30
0.0
 11
74.718689
 21
130.05867
 31
0.0
  0
LINE
  5
6D6
330
1F
100
AcDbEntity
  8
MUEBLES
  6
Continuous
100
AcDbLine
 10
74.665361
 20
130.051185
 30
0.0
 11
74.77146
 21
130.049166
 31
0.0
  0
ARC
  5
6D7
330
1F
100
AcDbEntity
  8
MUEBLES
  6
Continuous
100
AcDbCircle
 10
74.653424
 20
130.00263
 30
0.0
 40
0.05
100
AcDbArc
 50
346.188469
 51
76.188469
  0
LINE
  5
6D8
330
1F
100
AcDbEntity
  8
MUEBLES
  6
Continuous
100
AcDbLine
 10
74.326838
 20
130.134406
 30
0.0
 11
74.665361
 21
130.051185
 31
0.0
  0
LINE
  5
6D9
330
1F
100
AcDbEntity
  8
MUEBLES
  6
Continuous
100
AcDbLine
 10
74.718689
 20
130.05867
 30
0.0
 11
74.326838
 21
130.155002
 31
0.0
  0
LINE
  5
6DA
330
1F
100
AcDbEntity
  8
MUEBLES
  6
Continuous
100
AcDbLine
 10
74.326838
 20
130.20649
 30
0.0
 11
74.730626
 21
130.107224
 31
0.0
  0
LINE
  5
6DB
330
1F
100
AcDbEntity
  8
MUEBLES
  6
Continuous
100
AcDbLine
 10
73.857578
 20
130.171254
 30
0.0
 11
73.521848
 21
130.171254
 31
0.0
  0
LINE
  5
6DC
330
1F
100
AcDbEntity
  8
MUEBLES
  6
Continuous
100
AcDbLine
 10
73.805377
 20
129.342515
 30
0.0
 11
73.803243
 21
129.325881
 31
0.0
  0
LINE
  5
6DD
330
1F
100
AcDbEntity
  8
MUEBLES
  6
Continuous
100
AcDbLine
 10
73.854952
 20
129.436615
 30
0.0
 11
73.855461
 21
129.451993
 31
0.0
  0
LINE
  5
6DE
330
1F
100
AcDbEntity
  8
MUEBLES
  6
Continuous
100
AcDbLine
 10
73.730551
 20
129.257846
 30
0.0
 11
73.803243
 21
129.325881
 31
0.0
  0
LINE
  5
6DF
330
1F
100
AcDbEntity
  8
MUEBLES
  6
Continuous
100
AcDbLine
 10
73.846756
 20
129.428944
 30
0.0
 11
73.834257
 21
129.388697
 31
0.0
  0
LINE
  5
6E0
330
1F
100
AcDbEntity
  8
MUEBLES
  6
Continuous
100
AcDbLine
 10
73.616641
 20
129.213572
 30
0.0
 11
73.854952
 21
129.436615
 31
0.0
  0
LINE
  5
6E1
330
1F
100
AcDbEntity
  8
MUEBLES
  6
Continuous
100
AcDbLine
 10
73.665822
 20
129.231054
 30
0.0
 11
73.834257
 21
129.388697
 31
0.0
  0
LINE
  5
6E2
330
1F
100
AcDbEntity
  8
MUEBLES
  6
Continuous
100
AcDbLine
 10
73.805377
 20
129.342515
 30
0.0
 11
73.795822
 21
129.352724
 31
0.0
  0
LWPOLYLINE
  5
6E3
330
1F
100
AcDbEntity
  8
MUEBLES
  6
Continuous
100
AcDbPolyline
 90
        4
 70
     1
 43
0.0
 10
73.761693
 20
129.286993
 10
73.772101
 20
129.296734
 10
73.792117
 20
129.275348
 10
73.781709
 20
129.265606
  0
LINE
  5
6E4
330
1F
100
AcDbEntity
  8
MUEBLES
  6
Continuous
100
AcDbLine
 10
73.866686
 20
129.503688
 30
0.0
 11
73.866177
 21
129.48831
 31
0.0
  0
LINE
  5
6E5
330
1F
100
AcDbEntity
  8
MUEBLES
  6
Continuous
100
AcDbLine
 10
73.830217
 20
129.542654
 30
0.0
 11
73.866686
 21
129.503688
 31
0.0
  0
LINE
  5
6E6
330
1F
100
AcDbEntity
  8
MUEBLES
  6
Continuous
100
AcDbLine
 10
73.512469
 20
129.245264
 30
0.0
 11
73.830217
 21
129.542654
 31
0.0
  0
LINE
  5
6E7
330
1F
100
AcDbEntity
  8
MUEBLES
  6
Continuous
100
AcDbLine
 10
73.855461
 20
129.451993
 30
0.0
 11
73.842346
 21
129.466005
 31
0.0
  0
LINE
  5
6E8
330
1F
100
AcDbEntity
  8
MUEBLES
  6
Continuous
100
AcDbLine
 10
73.564317
 20
129.205789
 30
0.0
 11
73.866177
 21
129.48831
 31
0.0
  0
LINE
  5
6E9
330
1F
100
AcDbEntity
  8
MUEBLES
  6
Continuous
100
AcDbLine
 10
73.548938
 20
129.206298
 30
0.0
 11
73.866686
 21
129.503688
 31
0.0
  0
LWPOLYLINE
  5
6EA
330
1F
100
AcDbEntity
  8
MUEBLES
  6
Continuous
100
AcDbPolyline
 90
        4
 70
     0
 43
0.0
 10
73.732136
 20
129.450857
 10
73.689183
 20
129.479227
 10
73.601537
 20
129.346532
 10
73.612754
 20
129.339124
  0
SPLINE
  5
6EB
330
1F
100
AcDbEntity
  8
MUEBLES
  6
Continuous
100
AcDbSpline
210
0.0
220
0.0
230
1.0
 70
     8
 71
     3
 72
     9
 73
     5
 74
     0
 42
0.000000001
 43
0.0000000001
 40
0.0639772089022248
 40
0.0639772089022248
 40
0.0639772089022248
 40
0.0639772089022248
 40
0.2785279521809319
 40
0.4013402704523404
 40
0.4013402704523404
 40
0.4013402704523404
 40
0.4013402704523404
 10
73.64536002161263
 20
129.4128799211509
 30
0.0
 10
73.64619720199867
 20
129.4785220972368
 30
0.0
 10
73.71254416203134
 20
129.5718184337285
 30
0.0
 10
73.65615068201542
 20
129.5901539958874
 30
0.0
 10
73.59717834953913
 20
129.6276559076279
 30
0.0
  0
LINE
  5
6EC
330
1F
100
AcDbEntity
  8
MUEBLES
  6
Continuous
100
AcDbLine
 10
73.608201
 20
129.644344
 30
0.0
 11
73.586156
 21
129.610968
 31
0.0
  0
LINE
  5
6ED
330
1F
100
AcDbEntity
  8
MUEBLES
  6
Continuous
100
AcDbLine
 10
73.608201
 20
129.644344
 30
0.0
 11
73.545581
 21
129.694693
 31
0.0
  0
LINE
  5
6EE
330
1F
100
AcDbEntity
  8
MUEBLES
  6
Continuous
100
AcDbLine
 10
73.586156
 20
129.610968
 30
0.0
 11
73.515269
 21
129.6488
 31
0.0
  0
ARC
  5
6EF
330
1F
100
AcDbEntity
  8
MUEBLES
  6
Continuous
100
AcDbCircle
 10
73.549197
 20
129.659348
 30
0.0
 40
0.0355299650897867
100
AcDbArc
 50
95.841049
 51
197.26898
  0
LWPOLYLINE
  5
6F0
330
1F
100
AcDbEntity
  8
MUEBLES
  6
Continuous
100
AcDbPolyline
 90
        4
 70
     1
 43
0.0
 10
73.585171
 20
129.614207
 10
73.595017
 20
129.629114
 10
73.58161
 20
129.637969
 10
73.57082
 20
129.621633
  0
LINE
  5
6F1
330
1F
100
AcDbEntity
  8
MUEBLES
  6
Continuous
100
AcDbLine
 10
73.604835
 20
129.643979
 30
0.0
 11
73.594989
 21
129.629071
 31
0.0
  0
LINE
  5
6F2
330
1F
100
AcDbEntity
  8
MUEBLES
  6
Continuous
100
AcDbLine
 10
73.594989
 20
129.629071
 30
0.0
 11
73.581582
 21
129.637927
 31
0.0
  0
LINE
  5
6F3
330
1F
100
AcDbEntity
  8
MUEBLES
  6
Continuous
100
AcDbLine
 10
73.581582
 20
129.637927
 30
0.0
 11
73.592442
 21
129.654369
 31
0.0
  0
LINE
  5
6F4
330
1F
100
AcDbEntity
  8
MUEBLES
  6
Continuous
100
AcDbLine
 10
73.592442
 20
129.654369
 30
0.0
 11
73.604835
 21
129.643979
 31
0.0
  0
LINE
  5
6F5
330
1F
100
AcDbEntity
  8
MUEBLES
  6
Continuous
100
AcDbLine
 10
73.606024
 20
129.644199
 30
0.0
 11
73.585435
 21
129.613027
 31
0.0
  0
LINE
  5
6F6
330
1F
100
AcDbEntity
  8
MUEBLES
  6
Continuous
100
AcDbLine
 10
73.585435
 20
129.613027
 30
0.0
 11
73.569562
 21
129.621022
 31
0.0
  0
LINE
  5
6F7
330
1F
100
AcDbEntity
  8
MUEBLES
  6
Continuous
100
AcDbLine
 10
73.569562
 20
129.621022
 30
0.0
 11
73.592377
 21
129.655564
 31
0.0
  0
LINE
  5
6F8
330
1F
100
AcDbEntity
  8
MUEBLES
  6
Continuous
100
AcDbLine
 10
73.592377
 20
129.655564
 30
0.0
 11
73.606024
 21
129.644199
 31
0.0
  0
LINE
  5
6F9
330
1F
100
AcDbEntity
  8
MUEBLES
  6
Continuous
100
AcDbLine
 10
73.713812
 20
129.256817
 30
0.0
 11
73.704257
 21
129.267026
 31
0.0
  0
LINE
  5
6FA
330
1F
100
AcDbEntity
  8
MUEBLES
  6
Continuous
100
AcDbLine
 10
73.713812
 20
129.256817
 30
0.0
 11
73.730551
 21
129.257846
 31
0.0
  0
LINE
  5
6FB
330
1F
100
AcDbEntity
  8
MUEBLES
  6
Continuous
100
AcDbLine
 10
73.601262
 20
129.214081
 30
0.0
 11
73.588148
 21
129.228093
 31
0.0
  0
LINE
  5
6FC
330
1F
100
AcDbEntity
  8
MUEBLES
  6
Continuous
100
AcDbLine
 10
73.624836
 20
129.221243
 30
0.0
 11
73.665822
 21
129.231054
 31
0.0
  0
LINE
  5
6FD
330
1F
100
AcDbEntity
  8
MUEBLES
  6
Continuous
100
AcDbLine
 10
73.616641
 20
129.213572
 30
0.0
 11
73.601262
 21
129.214081
 31
0.0
  0
LINE
  5
6FE
330
1F
100
AcDbEntity
  8
MUEBLES
  6
Continuous
100
AcDbLine
 10
73.512469
 20
129.245264
 30
0.0
 11
73.548938
 21
129.206298
 31
0.0
  0
LINE
  5
6FF
330
1F
100
AcDbEntity
  8
MUEBLES
  6
Continuous
100
AcDbLine
 10
73.548938
 20
129.206298
 30
0.0
 11
73.564317
 21
129.205789
 31
0.0
  0
ARC
  5
700
330
1F
100
AcDbEntity
  8
MUEBLES
  6
Continuous
100
AcDbCircle
 10
73.069809
 20
130.153211
 30
0.0
 40
0.02
100
AcDbArc
 50
191.705597
 51
282.721499
  0
LINE
  5
701
330
1F
100
AcDbEntity
  8
MUEBLES
  6
Continuous
100
AcDbLine
 10
73.177727
 20
130.157071
 30
0.0
 11
73.074213
 21
130.133702
 31
0.0
  0
ARC
  5
702
330
1F
100
AcDbEntity
  8
MUEBLES
  6
Continuous
100
AcDbCircle
 10
73.177727
 20
130.207071
 30
0.0
 40
0.05
100
AcDbArc
 50
180.0
 51
270.0
  0
LINE
  5
703
330
1F
100
AcDbEntity
  8
MUEBLES
  6
Continuous
100
AcDbLine
 10
73.127727
 20
130.087071
 30
0.0
 11
73.127727
 21
130.137071
 31
0.0
  0
LINE
  5
704
330
1F
100
AcDbEntity
  8
MUEBLES
  6
Continuous
100
AcDbLine
 10
73.127727
 20
130.627071
 30
0.0
 11
73.426838
 21
130.627071
 31
0.0
  0
LINE
  5
705
330
1F
100
AcDbEntity
  8
MUEBLES
  6
Continuous
100
AcDbLine
 10
73.426838
 20
130.677071
 30
0.0
 11
73.127727
 21
130.677071
 31
0.0
  0
LINE
  5
706
330
1F
100
AcDbEntity
  8
MUEBLES
  6
Continuous
100
AcDbLine
 10
73.177727
 20
130.607071
 30
0.0
 11
73.426838
 21
130.607071
 31
0.0
  0
LINE
  5
707
330
1F
100
AcDbEntity
  8
MUEBLES
  6
Continuous
100
AcDbLine
 10
74.730626
 20
130.535717
 30
0.0
 11
74.718689
 21
130.584271
 31
0.0
  0
ARC
  5
708
330
1F
100
AcDbEntity
  8
MUEBLES
  6
Continuous
100
AcDbCircle
 10
74.77108
 20
130.613772
 30
0.0
 40
0.02
100
AcDbArc
 50
271.090032
 51
2.105934
  0
LINE
  5
709
330
1F
100
AcDbEntity
  8
MUEBLES
  6
Continuous
100
AcDbLine
 10
74.601712
 20
131.060104
 30
0.0
 11
74.326838
 21
130.992529
 31
0.0
  0
LINE
  5
70A
330
1F
100
AcDbEntity
  8
MUEBLES
  6
Continuous
100
AcDbLine
 10
74.326838
 20
131.044018
 30
0.0
 11
74.589776
 21
131.108658
 31
0.0
  0
LINE
  5
70B
330
1F
100
AcDbEntity
  8
MUEBLES
  6
Continuous
100
AcDbLine
 10
74.557933
 20
131.028745
 30
0.0
 11
74.326838
 21
130.971934
 31
0.0
  0
ARC
  5
70C
330
1F
100
AcDbEntity
  8
MUEBLES
  6
Continuous
100
AcDbCircle
 10
73.643804
 20
130.57232
 30
0.0
 40
1.117440066688081
100
AcDbArc
 50
1.090032
 51
26.533029
  0
ARC
  5
70D
330
1F
100
AcDbEntity
  8
MUEBLES
  6
Continuous
100
AcDbCircle
 10
73.643804
 20
130.57232
 30
0.0
 40
1.14803798809413
100
AcDbArc
 50
2.105934
 51
25.517128
  0
LINE
  5
70E
330
1F
100
AcDbEntity
  8
MUEBLES
  6
Continuous
100
AcDbLine
 10
74.701978
 20
130.652247
 30
0.0
 11
74.618423
 21
130.992128
 31
0.0
  0
LINE
  5
70F
330
1F
100
AcDbEntity
  8
MUEBLES
  6
Continuous
100
AcDbLine
 10
74.589776
 20
131.108658
 30
0.0
 11
74.601712
 21
131.060104
 31
0.0
  0
LINE
  5
710
330
1F
100
AcDbEntity
  8
MUEBLES
  6
Continuous
100
AcDbLine
 10
74.557933
 20
131.028745
 30
0.0
 11
74.652875
 21
131.07615
 31
0.0
  0
ARC
  5
711
330
1F
100
AcDbEntity
  8
MUEBLES
  6
Continuous
100
AcDbCircle
 10
74.569869
 20
130.980191
 30
0.0
 40
0.05
100
AcDbArc
 50
13.811531
 51
103.811531
  0
ARC
  5
712
330
1F
100
AcDbEntity
  8
MUEBLES
  6
Continuous
100
AcDbCircle
 10
74.661809
 20
131.058257
 30
0.0
 40
0.02
100
AcDbArc
 50
25.517128
 51
116.533029
  0
LINE
  5
713
330
1F
100
AcDbEntity
  8
MUEBLES
  6
Continuous
100
AcDbLine
 10
74.665361
 20
130.591757
 30
0.0
 11
74.77146
 21
130.593775
 31
0.0
  0
ARC
  5
714
330
1F
100
AcDbEntity
  8
MUEBLES
  6
Continuous
100
AcDbCircle
 10
74.653424
 20
130.640311
 30
0.0
 40
0.05
100
AcDbArc
 50
283.811531
 51
13.811531
  0
LINE
  5
715
330
1F
100
AcDbEntity
  8
MUEBLES
  6
Continuous
100
AcDbLine
 10
73.521848
 20
130.586248
 30
0.0
 11
73.857578
 21
130.586248
 31
0.0
  0
LINE
  5
716
330
1F
100
AcDbEntity
  8
MUEBLES
  6
Continuous
100
AcDbLine
 10
73.426838
 20
131.175427
 30
0.0
 11
74.326838
 21
131.175427
 31
0.0
  0
LINE
  5
717
330
1F
100
AcDbEntity
  8
MUEBLES
  6
Continuous
100
AcDbLine
 10
73.127727
 20
130.677071
 30
0.0
 11
73.127727
 21
130.627071
 31
0.0
  0
LINE
  5
718
330
1F
100
AcDbEntity
  8
MUEBLES
  6
Continuous
100
AcDbLine
 10
73.177727
 20
130.607071
 30
0.0
 11
73.074213
 21
130.630439
 31
0.0
  0
ARC
  5
719
330
1F
100
AcDbEntity
  8
MUEBLES
  6
Continuous
100
AcDbCircle
 10
73.177727
 20
130.557071
 30
0.0
 40
0.05
100
AcDbArc
 50
90.0
 51
180.0
  0
ARC
  5
71A
330
1F
100
AcDbEntity
  8
MUEBLES
  6
Continuous
100
AcDbCircle
 10
73.069809
 20
130.61093
 30
0.0
 40
0.02
100
AcDbArc
 50
77.278501
 51
168.294403
  0
LWPOLYLINE
  5
71B
330
1F
100
AcDbEntity
  8
MUEBLES
  6
Continuous
100
AcDbPolyline
 90
        4
 70
     1
 43
0.0
 10
73.721627
 20
129.746011
 10
73.733993
 20
129.75643
 10
73.723564
 20
129.768808
 10
73.711198
 20
129.75839
  0
LWPOLYLINE
  5
71C
330
1F
100
AcDbEntity
  8
MUEBLES
  6
Continuous
100
AcDbPolyline
 90
        4
 70
     1
 43
0.0
 10
73.75475
 20
129.773918
 10
73.767116
 20
129.784337
 10
73.756687
 20
129.796715
 10
73.744321
 20
129.786297
  0
LWPOLYLINE
  5
71D
330
1F
100
AcDbEntity
  8
MUEBLES
  6
Continuous
100
AcDbPolyline
 90
        4
 70
     1
 43
0.0
 10
73.770205
 20
129.78694
 10
73.782571
 20
129.797358
 10
73.772142
 20
129.809737
 10
73.759776
 20
129.799318
  0
LWPOLYLINE
  5
71E
330
1F
100
AcDbEntity
  8
MUEBLES
  6
Continuous
100
AcDbPolyline
 90
        4
 70
     1
 43
0.0
 10
73.785661
 20
129.799961
 10
73.798027
 20
129.81038
 10
73.787598
 20
129.822758
 10
73.775232
 20
129.81234
  0
LWPOLYLINE
  5
71F
330
1F
100
AcDbEntity
  8
MUEBLES
  6
Continuous
100
AcDbPolyline
 90
        4
 70
     1
 43
0.0
 10
73.801116
 20
129.812983
 10
73.813482
 20
129.823401
 10
73.803053
 20
129.83578
 10
73.790687
 20
129.825361
  0
LWPOLYLINE
  5
720
330
1F
100
AcDbEntity
  8
MUEBLES
  6
Continuous
100
AcDbPolyline
 90
        4
 70
     1
 43
0.0
 10
73.82164
 20
129.830275
 10
73.834006
 20
129.840694
 10
73.823577
 20
129.853072
 10
73.811211
 20
129.842653
  0
LWPOLYLINE
  5
721
330
1F
100
AcDbEntity
  8
MUEBLES
  6
Continuous
100
AcDbPolyline
 90
        4
 70
     1
 43
0.0
 10
73.837096
 20
129.843296
 10
73.849462
 20
129.853715
 10
73.839033
 20
129.866094
 10
73.826667
 20
129.855675
  0
LWPOLYLINE
  5
722
330
1F
100
AcDbEntity
  8
MUEBLES
  6
Continuous
100
AcDbPolyline
 90
        4
 70
     1
 43
0.0
 10
73.852551
 20
129.856318
 10
73.864917
 20
129.866737
 10
73.854488
 20
129.879115
 10
73.842122
 20
129.868696
  0
LWPOLYLINE
  5
723
330
1F
100
AcDbEntity
  8
MUEBLES
  6
Continuous
100
AcDbPolyline
 90
        4
 70
     1
 43
0.0
 10
73.868007
 20
129.869339
 10
73.880373
 20
129.879758
 10
73.869944
 20
129.892137
 10
73.857578
 20
129.881718
  0
LWPOLYLINE
  5
724
330
1F
100
AcDbEntity
  8
MUEBLES
  6
Continuous
100
AcDbPolyline
 90
        4
 70
     1
 43
0.0
 10
73.889389
 20
129.887355
 10
73.901756
 20
129.897774
 10
73.891326
 20
129.910152
 10
73.87896
 20
129.899733
  0
LWPOLYLINE
  5
725
330
1F
100
AcDbEntity
  8
MUEBLES
  6
Continuous
100
AcDbPolyline
 90
        4
 70
     1
 43
0.0
 10
73.904845
 20
129.900376
 10
73.917211
 20
129.910795
 10
73.906782
 20
129.923174
 10
73.894416
 20
129.912755
  0
LWPOLYLINE
  5
726
330
1F
100
AcDbEntity
  8
MUEBLES
  6
Continuous
100
AcDbPolyline
 90
        4
 70
     1
 43
0.0
 10
73.9203
 20
129.913398
 10
73.932666
 20
129.923817
 10
73.922237
 20
129.936195
 10
73.909871
 20
129.925776
  0
LWPOLYLINE
  5
727
330
1F
100
AcDbEntity
  8
MUEBLES
  6
Continuous
100
AcDbPolyline
 90
        4
 70
     1
 43
0.0
 10
73.935756
 20
129.926419
 10
73.948122
 20
129.936838
 10
73.937693
 20
129.949217
 10
73.925327
 20
129.938798
  0
LWPOLYLINE
  5
728
330
1F
100
AcDbEntity
  8
MUEBLES
  6
Continuous
100
AcDbPolyline
 90
        4
 70
     1
 43
0.0
 10
73.958991
 20
129.945506
 10
73.971357
 20
129.955925
 10
73.960928
 20
129.968303
 10
73.948562
 20
129.957885
  0
LWPOLYLINE
  5
729
330
1F
100
AcDbEntity
  8
MUEBLES
  6
Continuous
100
AcDbPolyline
 90
        4
 70
     1
 43
0.0
 10
73.974447
 20
129.958528
 10
73.986813
 20
129.968946
 10
73.976384
 20
129.981325
 10
73.964018
 20
129.970906
  0
LWPOLYLINE
  5
72A
330
1F
100
AcDbEntity
  8
MUEBLES
  6
Continuous
100
AcDbPolyline
 90
        4
 70
     1
 43
0.0
 10
73.989902
 20
129.971549
 10
74.002268
 20
129.981968
 10
73.991839
 20
129.994346
 10
73.979473
 20
129.983928
  0
LWPOLYLINE
  5
72B
330
1F
100
AcDbEntity
  8
MUEBLES
  6
Continuous
100
AcDbPolyline
 90
        4
 70
     1
 43
0.0
 10
73.700296
 20
129.77138
 10
73.712663
 20
129.781799
 10
73.702233
 20
129.794177
 10
73.689867
 20
129.783759
  0
LWPOLYLINE
  5
72C
330
1F
100
AcDbEntity
  8
MUEBLES
  6
Continuous
100
AcDbPolyline
 90
        4
 70
     1
 43
0.0
 10
73.715592
 20
129.784267
 10
73.727958
 20
129.794685
 10
73.717528
 20
129.807064
 10
73.705162
 20
129.796645
  0
LWPOLYLINE
  5
72D
330
1F
100
AcDbEntity
  8
MUEBLES
  6
Continuous
100
AcDbPolyline
 90
        4
 70
     1
 43
0.0
 10
73.730887
 20
129.797153
 10
73.743253
 20
129.807572
 10
73.732824
 20
129.81995
 10
73.720458
 20
129.809532
  0
LWPOLYLINE
  5
72E
330
1F
100
AcDbEntity
  8
MUEBLES
  6
Continuous
100
AcDbPolyline
 90
        4
 70
     1
 43
0.0
 10
73.746182
 20
129.81004
 10
73.758548
 20
129.820458
 10
73.748119
 20
129.832837
 10
73.735753
 20
129.822418
  0
LWPOLYLINE
  5
72F
330
1F
100
AcDbEntity
  8
MUEBLES
  6
Continuous
100
AcDbPolyline
 90
        4
 70
     1
 43
0.0
 10
73.761477
 20
129.822926
 10
73.773843
 20
129.833345
 10
73.763414
 20
129.845723
 10
73.751048
 20
129.835304
  0
LWPOLYLINE
  5
730
330
1F
100
AcDbEntity
  8
MUEBLES
  6
Continuous
100
AcDbPolyline
 90
        4
 70
     1
 43
0.0
 10
73.776772
 20
129.835812
 10
73.789138
 20
129.846231
 10
73.778709
 20
129.85861
 10
73.766343
 20
129.848191
  0
LWPOLYLINE
  5
731
330
1F
100
AcDbEntity
  8
MUEBLES
  6
Continuous
100
AcDbPolyline
 90
        4
 70
     1
 43
0.0
 10
73.792067
 20
129.848699
 10
73.804433
 20
129.859118
 10
73.794004
 20
129.871496
 10
73.781638
 20
129.861077
  0
LWPOLYLINE
  5
732
330
1F
100
AcDbEntity
  8
MUEBLES
  6
Continuous
100
AcDbPolyline
 90
        4
 70
     1
 43
0.0
 10
73.807362
 20
129.861585
 10
73.819728
 20
129.872004
 10
73.809299
 20
129.884382
 10
73.796933
 20
129.873964
  0
LWPOLYLINE
  5
733
330
1F
100
AcDbEntity
  8
MUEBLES
  6
Continuous
100
AcDbPolyline
 90
        4
 70
     1
 43
0.0
 10
73.822657
 20
129.874472
 10
73.835023
 20
129.88489
 10
73.824594
 20
129.897269
 10
73.812228
 20
129.88685
  0
LWPOLYLINE
  5
734
330
1F
100
AcDbEntity
  8
MUEBLES
  6
Continuous
100
AcDbPolyline
 90
        4
 70
     1
 43
0.0
 10
73.837952
 20
129.887358
 10
73.850318
 20
129.897777
 10
73.839889
 20
129.910155
 10
73.827523
 20
129.899737
  0
LWPOLYLINE
  5
735
330
1F
100
AcDbEntity
  8
MUEBLES
  6
Continuous
100
AcDbPolyline
 90
        4
 70
     1
 43
0.0
 10
73.853247
 20
129.900245
 10
73.865613
 20
129.910663
 10
73.855184
 20
129.923042
 10
73.842818
 20
129.912623
  0
LWPOLYLINE
  5
736
330
1F
100
AcDbEntity
  8
MUEBLES
  6
Continuous
100
AcDbPolyline
 90
        4
 70
     1
 43
0.0
 10
73.868542
 20
129.913131
 10
73.880909
 20
129.92355
 10
73.870479
 20
129.935928
 10
73.858113
 20
129.92551
  0
LWPOLYLINE
  5
737
330
1F
100
AcDbEntity
  8
MUEBLES
  6
Continuous
100
AcDbPolyline
 90
        4
 70
     1
 43
0.0
 10
73.883838
 20
129.926017
 10
73.896204
 20
129.936436
 10
73.885774
 20
129.948815
 10
73.873408
 20
129.938396
  0
LWPOLYLINE
  5
738
330
1F
100
AcDbEntity
  8
MUEBLES
  6
Continuous
100
AcDbPolyline
 90
        4
 70
     1
 43
0.0
 10
73.899133
 20
129.938904
 10
73.911499
 20
129.949323
 10
73.90107
 20
129.961701
 10
73.888704
 20
129.951282
  0
LWPOLYLINE
  5
739
330
1F
100
AcDbEntity
  8
MUEBLES
  6
Continuous
100
AcDbPolyline
 90
        4
 70
     1
 43
0.0
 10
73.914428
 20
129.95179
 10
73.926794
 20
129.962209
 10
73.916365
 20
129.974588
 10
73.903999
 20
129.964169
  0
LWPOLYLINE
  5
73A
330
1F
100
AcDbEntity
  8
MUEBLES
  6
Continuous
100
AcDbPolyline
 90
        4
 70
     1
 43
0.0
 10
73.937635
 20
129.970854
 10
73.950002
 20
129.981272
 10
73.939572
 20
129.993651
 10
73.927206
 20
129.983232
  0
LWPOLYLINE
  5
73B
330
1F
100
AcDbEntity
  8
MUEBLES
  6
Continuous
100
AcDbPolyline
 90
        4
 70
     1
 43
0.0
 10
73.953091
 20
129.983875
 10
73.965457
 20
129.994294
 10
73.955028
 20
130.006672
 10
73.942662
 20
129.996254
  0
LWPOLYLINE
  5
73C
330
1F
100
AcDbEntity
  8
MUEBLES
  6
Continuous
100
AcDbPolyline
 90
        4
 70
     1
 43
0.0
 10
73.968546
 20
129.996897
 10
73.980912
 20
130.007315
 10
73.970483
 20
130.019694
 10
73.958117
 20
130.009275
  0
LWPOLYLINE
  5
73D
330
1F
100
AcDbEntity
  8
MUEBLES
  6
Continuous
100
AcDbPolyline
 90
        4
 70
     1
 43
0.0
 10
73.987767
 20
130.013581
 10
74.000133
 20
130.023999
 10
73.989704
 20
130.036378
 10
73.977338
 20
130.025959
  0
LWPOLYLINE
  5
73E
330
1F
100
AcDbEntity
  8
MUEBLES
  6
Continuous
100
AcDbPolyline
 90
        4
 70
     1
 43
0.0
 10
74.003223
 20
130.026602
 10
74.015589
 20
130.037021
 10
74.00516
 20
130.049399
 10
73.992794
 20
130.038981
  0
LWPOLYLINE
  5
73F
330
1F
100
AcDbEntity
  8
MUEBLES
  6
Continuous
100
AcDbPolyline
 90
        4
 70
     1
 43
0.0
 10
74.018678
 20
130.039624
 10
74.031044
 20
130.050042
 10
74.020615
 20
130.062421
 10
74.008249
 20
130.052002
  0
LWPOLYLINE
  5
740
330
1F
100
AcDbEntity
  8
MUEBLES
  6
Continuous
100
AcDbPolyline
 90
        4
 70
     1
 43
0.0
 10
73.708744
 20
129.804942
 10
73.72111
 20
129.815361
 10
73.710681
 20
129.827739
 10
73.698315
 20
129.817321
  0
LWPOLYLINE
  5
741
330
1F
100
AcDbEntity
  8
MUEBLES
  6
Continuous
100
AcDbPolyline
 90
        4
 70
     1
 43
0.0
 10
73.724039
 20
129.817829
 10
73.736405
 20
129.828247
 10
73.725976
 20
129.840626
 10
73.71361
 20
129.830207
  0
LWPOLYLINE
  5
742
330
1F
100
AcDbEntity
  8
MUEBLES
  6
Continuous
100
AcDbPolyline
 90
        4
 70
     1
 43
0.0
 10
73.739334
 20
129.830715
 10
73.7517
 20
129.841134
 10
73.741271
 20
129.853512
 10
73.728905
 20
129.843094
  0
LWPOLYLINE
  5
743
330
1F
100
AcDbEntity
  8
MUEBLES
  6
Continuous
100
AcDbPolyline
 90
        4
 70
     1
 43
0.0
 10
73.754629
 20
129.843602
 10
73.766995
 20
129.85402
 10
73.756566
 20
129.866399
 10
73.7442
 20
129.85598
  0
LWPOLYLINE
  5
744
330
1F
100
AcDbEntity
  8
MUEBLES
  6
Continuous
100
AcDbPolyline
 90
        4
 70
     1
 43
0.0
 10
73.769924
 20
129.856488
 10
73.78229
 20
129.866907
 10
73.771861
 20
129.879285
 10
73.759495
 20
129.868867
  0
LWPOLYLINE
  5
745
330
1F
100
AcDbEntity
  8
MUEBLES
  6
Continuous
100
AcDbPolyline
 90
        4
 70
     1
 43
0.0
 10
73.785219
 20
129.869374
 10
73.797585
 20
129.879793
 10
73.787156
 20
129.892172
 10
73.77479
 20
129.881753
  0
LWPOLYLINE
  5
746
330
1F
100
AcDbEntity
  8
MUEBLES
  6
Continuous
100
AcDbPolyline
 90
        4
 70
     1
 43
0.0
 10
73.800514
 20
129.882261
 10
73.812881
 20
129.89268
 10
73.802451
 20
129.905058
 10
73.790085
 20
129.894639
  0
LWPOLYLINE
  5
747
330
1F
100
AcDbEntity
  8
MUEBLES
  6
Continuous
100
AcDbPolyline
 90
        4
 70
     1
 43
0.0
 10
73.81581
 20
129.895147
 10
73.828176
 20
129.905566
 10
73.817747
 20
129.917944
 10
73.80538
 20
129.907526
  0
LWPOLYLINE
  5
748
330
1F
100
AcDbEntity
  8
MUEBLES
  6
Continuous
100
AcDbPolyline
 90
        4
 70
     1
 43
0.0
 10
73.831105
 20
129.908034
 10
73.843471
 20
129.918452
 10
73.833042
 20
129.930831
 10
73.820676
 20
129.920412
  0
LWPOLYLINE
  5
749
330
1F
100
AcDbEntity
  8
MUEBLES
  6
Continuous
100
AcDbPolyline
 90
        4
 70
     1
 43
0.0
 10
73.8464
 20
129.92092
 10
73.858766
 20
129.931339
 10
73.848337
 20
129.943717
 10
73.835971
 20
129.933299
  0
LWPOLYLINE
  5
74A
330
1F
100
AcDbEntity
  8
MUEBLES
  6
Continuous
100
AcDbPolyline
 90
        4
 70
     1
 43
0.0
 10
73.861695
 20
129.933807
 10
73.874061
 20
129.944225
 10
73.863632
 20
129.956604
 10
73.851266
 20
129.946185
  0
LWPOLYLINE
  5
74B
330
1F
100
AcDbEntity
  8
MUEBLES
  6
Continuous
100
AcDbPolyline
 90
        4
 70
     1
 43
0.0
 10
73.87699
 20
129.946693
 10
73.889356
 20
129.957112
 10
73.878927
 20
129.96949
 10
73.866561
 20
129.959072
  0
LWPOLYLINE
  5
74C
330
1F
100
AcDbEntity
  8
MUEBLES
  6
Continuous
100
AcDbPolyline
 90
        4
 70
     1
 43
0.0
 10
73.701896
 20
129.825618
 10
73.714262
 20
129.836037
 10
73.703833
 20
129.848415
 10
73.691467
 20
129.837996
  0
LWPOLYLINE
  5
74D
330
1F
100
AcDbEntity
  8
MUEBLES
  6
Continuous
100
AcDbPolyline
 90
        4
 70
     1
 43
0.0
 10
73.717191
 20
129.838504
 10
73.729557
 20
129.848923
 10
73.719128
 20
129.861301
 10
73.706762
 20
129.850883
  0
LWPOLYLINE
  5
74E
330
1F
100
AcDbEntity
  8
MUEBLES
  6
Continuous
100
AcDbPolyline
 90
        4
 70
     1
 43
0.0
 10
73.732486
 20
129.851391
 10
73.744853
 20
129.861809
 10
73.734423
 20
129.874188
 10
73.722057
 20
129.863769
  0
LWPOLYLINE
  5
74F
330
1F
100
AcDbEntity
  8
MUEBLES
  6
Continuous
100
AcDbPolyline
 90
        4
 70
     1
 43
0.0
 10
73.747782
 20
129.864277
 10
73.760148
 20
129.874696
 10
73.749719
 20
129.887074
 10
73.737352
 20
129.876656
  0
LWPOLYLINE
  5
750
330
1F
100
AcDbEntity
  8
MUEBLES
  6
Continuous
100
AcDbPolyline
 90
        4
 70
     1
 43
0.0
 10
73.763077
 20
129.877164
 10
73.775443
 20
129.887582
 10
73.765014
 20
129.899961
 10
73.752648
 20
129.889542
  0
LWPOLYLINE
  5
751
330
1F
100
AcDbEntity
  8
MUEBLES
  6
Continuous
100
AcDbPolyline
 90
        4
 70
     1
 43
0.0
 10
73.778372
 20
129.89005
 10
73.790738
 20
129.900469
 10
73.780309
 20
129.912847
 10
73.767943
 20
129.902429
  0
LWPOLYLINE
  5
752
330
1F
100
AcDbEntity
  8
MUEBLES
  6
Continuous
100
AcDbPolyline
 90
        4
 70
     1
 43
0.0
 10
73.793667
 20
129.902936
 10
73.806033
 20
129.913355
 10
73.795604
 20
129.925734
 10
73.783238
 20
129.915315
  0
LWPOLYLINE
  5
753
330
1F
100
AcDbEntity
  8
MUEBLES
  6
Continuous
100
AcDbPolyline
 90
        4
 70
     1
 43
0.0
 10
73.808962
 20
129.915823
 10
73.821328
 20
129.926242
 10
73.810899
 20
129.93862
 10
73.798533
 20
129.928201
  0
LWPOLYLINE
  5
754
330
1F
100
AcDbEntity
  8
MUEBLES
  6
Continuous
100
AcDbPolyline
 90
        4
 70
     1
 43
0.0
 10
73.824257
 20
129.928709
 10
73.836623
 20
129.939128
 10
73.826194
 20
129.951507
 10
73.813828
 20
129.941088
  0
LWPOLYLINE
  5
755
330
1F
100
AcDbEntity
  8
MUEBLES
  6
Continuous
100
AcDbPolyline
 90
        4
 70
     1
 43
0.0
 10
73.839552
 20
129.941596
 10
73.851918
 20
129.952014
 10
73.841489
 20
129.964393
 10
73.829123
 20
129.953974
  0
LWPOLYLINE
  5
756
330
1F
100
AcDbEntity
  8
MUEBLES
  6
Continuous
100
AcDbPolyline
 90
        4
 70
     1
 43
0.0
 10
73.854847
 20
129.954482
 10
73.867213
 20
129.964901
 10
73.856784
 20
129.977279
 10
73.844418
 20
129.966861
  0
LWPOLYLINE
  5
757
330
1F
100
AcDbEntity
  8
MUEBLES
  6
Continuous
100
AcDbPolyline
 90
        4
 70
     1
 43
0.0
 10
73.695049
 20
129.846293
 10
73.707415
 20
129.856712
 10
73.696986
 20
129.869091
 10
73.68462
 20
129.858672
  0
LWPOLYLINE
  5
758
330
1F
100
AcDbEntity
  8
MUEBLES
  6
Continuous
100
AcDbPolyline
 90
        4
 70
     1
 43
0.0
 10
73.710344
 20
129.85918
 10
73.72271
 20
129.869599
 10
73.712281
 20
129.881977
 10
73.699915
 20
129.871558
  0
LWPOLYLINE
  5
759
330
1F
100
AcDbEntity
  8
MUEBLES
  6
Continuous
100
AcDbPolyline
 90
        4
 70
     1
 43
0.0
 10
73.725639
 20
129.872066
 10
73.738005
 20
129.882485
 10
73.727576
 20
129.894863
 10
73.71521
 20
129.884445
  0
LWPOLYLINE
  5
75A
330
1F
100
AcDbEntity
  8
MUEBLES
  6
Continuous
100
AcDbPolyline
 90
        4
 70
     1
 43
0.0
 10
73.740934
 20
129.884953
 10
73.7533
 20
129.895371
 10
73.742871
 20
129.90775
 10
73.730505
 20
129.897331
  0
LWPOLYLINE
  5
75B
330
1F
100
AcDbEntity
  8
MUEBLES
  6
Continuous
100
AcDbPolyline
 90
        4
 70
     1
 43
0.0
 10
73.756229
 20
129.897839
 10
73.768595
 20
129.908258
 10
73.758166
 20
129.920636
 10
73.7458
 20
129.910218
  0
LWPOLYLINE
  5
75C
330
1F
100
AcDbEntity
  8
MUEBLES
  6
Continuous
100
AcDbPolyline
 90
        4
 70
     1
 43
0.0
 10
73.771524
 20
129.910726
 10
73.78389
 20
129.921144
 10
73.773461
 20
129.933523
 10
73.761095
 20
129.923104
  0
LWPOLYLINE
  5
75D
330
1F
100
AcDbEntity
  8
MUEBLES
  6
Continuous
100
AcDbPolyline
 90
        4
 70
     1
 43
0.0
 10
73.786819
 20
129.923612
 10
73.799185
 20
129.934031
 10
73.788756
 20
129.946409
 10
73.77639
 20
129.935991
  0
LWPOLYLINE
  5
75E
330
1F
100
AcDbEntity
  8
MUEBLES
  6
Continuous
100
AcDbPolyline
 90
        4
 70
     1
 43
0.0
 10
73.802114
 20
129.936499
 10
73.81448
 20
129.946917
 10
73.804051
 20
129.959296
 10
73.791685
 20
129.948877
  0
LWPOLYLINE
  5
75F
330
1F
100
AcDbEntity
  8
MUEBLES
  6
Continuous
100
AcDbPolyline
 90
        4
 70
     1
 43
0.0
 10
73.817409
 20
129.949385
 10
73.829775
 20
129.959804
 10
73.819346
 20
129.972182
 10
73.80698
 20
129.961763
  0
LWPOLYLINE
  5
760
330
1F
100
AcDbEntity
  8
MUEBLES
  6
Continuous
100
AcDbPolyline
 90
        4
 70
     1
 43
0.0
 10
73.832705
 20
129.962271
 10
73.845071
 20
129.97269
 10
73.834641
 20
129.985069
 10
73.822275
 20
129.97465
  0
LWPOLYLINE
  5
761
330
1F
100
AcDbEntity
  8
MUEBLES
  6
Continuous
100
AcDbPolyline
 90
        4
 70
     1
 43
0.0
 10
73.848
 20
129.975158
 10
73.887575
 20
130.008501
 10
73.877146
 20
130.02088
 10
73.83757
 20
129.987536
  0
LWPOLYLINE
  5
762
330
1F
100
AcDbEntity
  8
MUEBLES
  6
Continuous
100
AcDbPolyline
 90
        4
 70
     1
 43
0.0
 10
73.687266
 20
129.786847
 10
73.705385
 20
129.802113
 10
73.694956
 20
129.814491
 10
73.676837
 20
129.799225
  0
LWPOLYLINE
  5
763
330
1F
100
AcDbEntity
  8
MUEBLES
  6
Continuous
100
AcDbPolyline
 90
        4
 70
     1
 43
0.0
 10
73.674235
 20
129.802313
 10
73.699547
 20
129.823638
 10
73.689117
 20
129.836017
 10
73.663806
 20
129.814691
  0
LWPOLYLINE
  5
764
330
1F
100
AcDbEntity
  8
MUEBLES
  6
Continuous
100
AcDbPolyline
 90
        4
 70
     1
 43
0.0
 10
73.661205
 20
129.817779
 10
73.692449
 20
129.844103
 10
73.68202
 20
129.856482
 10
73.650775
 20
129.830158
  0
LWPOLYLINE
  5
765
330
1F
100
AcDbEntity
  8
MUEBLES
  6
Continuous
100
AcDbPolyline
 90
        4
 70
     1
 43
0.0
 10
73.649622
 20
129.831527
 10
73.667561
 20
129.846641
 10
73.657132
 20
129.85902
 10
73.639193
 20
129.843905
  0
LWPOLYLINE
  5
766
330
1F
100
AcDbEntity
  8
MUEBLES
  6
Continuous
100
AcDbPolyline
 90
        4
 70
     1
 43
0.0
 10
73.686076
 20
129.862241
 10
73.704016
 20
129.877355
 10
73.693587
 20
129.889734
 10
73.675647
 20
129.874619
  0
LWPOLYLINE
  5
767
330
1F
100
AcDbEntity
  8
MUEBLES
  6
Continuous
100
AcDbPolyline
 90
        4
 70
     1
 43
0.0
 10
73.707018
 20
129.879885
 10
73.825063
 20
129.97934
 10
73.814634
 20
129.991719
 10
73.696589
 20
129.892263
  0
LWPOLYLINE
  5
768
330
1F
100
AcDbEntity
  8
MUEBLES
  6
Continuous
100
AcDbPolyline
 90
        4
 70
     1
 43
0.0
 10
73.827666
 20
129.981533
 10
73.845605
 20
129.996647
 10
73.835176
 20
130.009026
 10
73.817236
 20
129.993911
  0
LWPOLYLINE
  5
769
330
1F
100
AcDbEntity
  8
MUEBLES
  6
Continuous
100
AcDbPolyline
 90
        4
 70
     1
 43
0.0
 10
73.858068
 20
130.007147
 10
73.876008
 20
130.022262
 10
73.865578
 20
130.03464
 10
73.847639
 20
130.019526
  0
LWPOLYLINE
  5
76A
330
1F
100
AcDbEntity
  8
MUEBLES
  6
Continuous
100
AcDbPolyline
 90
        4
 70
     1
 43
0.0
 10
73.886357
 20
130.031716
 10
73.898724
 20
130.042135
 10
73.888294
 20
130.054513
 10
73.875928
 20
130.044095
  0
LWPOLYLINE
  5
76B
330
1F
100
AcDbEntity
  8
MUEBLES
  6
Continuous
100
AcDbPolyline
 90
        4
 70
     1
 43
0.0
 10
73.901813
 20
130.044738
 10
73.914179
 20
130.055156
 10
73.90375
 20
130.067535
 10
73.891384
 20
130.057116
  0
LWPOLYLINE
  5
76C
330
1F
100
AcDbEntity
  8
MUEBLES
  6
Continuous
100
AcDbPolyline
 90
        4
 70
     1
 43
0.0
 10
73.917268
 20
130.057759
 10
73.929634
 20
130.068178
 10
73.919205
 20
130.080556
 10
73.906839
 20
130.070138
  0
LWPOLYLINE
  5
76D
330
1F
100
AcDbEntity
  8
MUEBLES
  6
Continuous
100
AcDbPolyline
 90
        4
 70
     1
 43
0.0
 10
73.91412
 20
130.030131
 10
73.926486
 20
130.040549
 10
73.916057
 20
130.052928
 10
73.90369
 20
130.042509
  0
LWPOLYLINE
  5
76E
330
1F
100
AcDbEntity
  8
MUEBLES
  6
Continuous
100
AcDbPolyline
 90
        4
 70
     1
 43
0.0
 10
73.924605
 20
129.98632
 10
73.936971
 20
129.996739
 10
73.926542
 20
130.009117
 10
73.914176
 20
129.998698
  0
LWPOLYLINE
  5
76F
330
1F
100
AcDbEntity
  8
MUEBLES
  6
Continuous
100
AcDbPolyline
 90
        4
 70
     1
 43
0.0
 10
73.94006
 20
129.999341
 10
73.952426
 20
130.00976
 10
73.941997
 20
130.022139
 10
73.929631
 20
130.01172
  0
LWPOLYLINE
  5
770
330
1F
100
AcDbEntity
  8
MUEBLES
  6
Continuous
100
AcDbPolyline
 90
        4
 70
     1
 43
0.0
 10
73.955516
 20
130.012363
 10
73.967882
 20
130.022782
 10
73.957453
 20
130.03516
 10
73.945087
 20
130.024741
  0
LWPOLYLINE
  5
771
330
1F
100
AcDbEntity
  8
MUEBLES
  6
Continuous
100
AcDbPolyline
 90
        4
 70
     1
 43
0.0
 10
73.974737
 20
130.029047
 10
73.987103
 20
130.039465
 10
73.976674
 20
130.051844
 10
73.964308
 20
130.041425
  0
LWPOLYLINE
  5
772
330
1F
100
AcDbEntity
  8
MUEBLES
  6
Continuous
100
AcDbPolyline
 90
        4
 70
     1
 43
0.0
 10
73.990192
 20
130.042068
 10
74.002558
 20
130.052487
 10
73.992129
 20
130.064865
 10
73.979763
 20
130.054447
  0
LWPOLYLINE
  5
773
330
1F
100
AcDbEntity
  8
MUEBLES
  6
Continuous
100
AcDbPolyline
 90
        4
 70
     1
 43
0.0
 10
74.005648
 20
130.05509
 10
74.018014
 20
130.065509
 10
74.007584
 20
130.077887
 10
73.995218
 20
130.067468
  0
LWPOLYLINE
  5
774
330
1F
100
AcDbEntity
  8
MUEBLES
  6
Continuous
100
AcDbPolyline
 90
        4
 70
     1
 43
0.0
 10
73.961706
 20
130.044513
 10
73.974072
 20
130.054932
 10
73.963643
 20
130.06731
 10
73.951277
 20
130.056892
  0
LWPOLYLINE
  5
775
330
1F
100
AcDbEntity
  8
MUEBLES
  6
Continuous
100
AcDbPolyline
 90
        4
 70
     1
 43
0.0
 10
73.977161
 20
130.057535
 10
73.989528
 20
130.067953
 10
73.979098
 20
130.080332
 10
73.966732
 20
130.069913
  0
LWPOLYLINE
  5
776
330
1F
100
AcDbEntity
  8
MUEBLES
  6
Continuous
100
AcDbPolyline
 90
        4
 70
     1
 43
0.0
 10
73.992617
 20
130.070556
 10
74.004983
 20
130.080975
 10
73.994554
 20
130.093353
 10
73.982188
 20
130.082935
  0
LWPOLYLINE
  5
777
330
1F
100
AcDbEntity
  8
MUEBLES
  6
Continuous
100
AcDbPolyline
 90
        4
 70
     1
 43
0.0
 10
73.948675
 20
130.059979
 10
73.961041
 20
130.070398
 10
73.950612
 20
130.082776
 10
73.938246
 20
130.072358
  0
LWPOLYLINE
  5
778
330
1F
100
AcDbEntity
  8
MUEBLES
  6
Continuous
100
AcDbPolyline
 90
        4
 70
     1
 43
0.0
 10
73.964131
 20
130.073001
 10
73.976497
 20
130.08342
 10
73.966068
 20
130.095798
 10
73.953702
 20
130.085379
  0
LWPOLYLINE
  5
779
330
1F
100
AcDbEntity
  8
MUEBLES
  6
Continuous
100
AcDbPolyline
 90
        4
 70
     1
 43
0.0
 10
73.979586
 20
130.086022
 10
73.991952
 20
130.096441
 10
73.981523
 20
130.108819
 10
73.969157
 20
130.098401
  0
LWPOLYLINE
  5
77A
330
1F
100
AcDbEntity
  8
MUEBLES
  6
Continuous
100
AcDbPolyline
 90
        4
 70
     1
 43
0.0
 10
73.968003
 20
130.09977
 10
73.980369
 20
130.110189
 10
73.96994
 20
130.122567
 10
73.957574
 20
130.112149
  0
LWPOLYLINE
  5
77B
330
1F
100
AcDbEntity
  8
MUEBLES
  6
Continuous
100
AcDbPolyline
 90
        4
 70
     1
 43
0.0
 10
73.937093
 20
130.073727
 10
73.964914
 20
130.097167
 10
73.954485
 20
130.109546
 10
73.926663
 20
130.086106
  0
LWPOLYLINE
  5
77C
330
1F
100
AcDbEntity
  8
MUEBLES
  6
Continuous
100
AcDbPolyline
 90
        4
 70
     1
 43
0.0
 10
74.034134
 20
130.052645
 10
74.0465
 20
130.063064
 10
74.02304
 20
130.090908
 10
74.010674
 20
130.08049
  0
LWPOLYLINE
  5
77D
330
1F
100
AcDbEntity
  8
MUEBLES
  6
Continuous
100
AcDbPolyline
 90
        4
 70
     1
 43
0.0
 10
74.008072
 20
130.083578
 10
74.020438
 20
130.093996
 10
74.010009
 20
130.106375
 10
73.997643
 20
130.095956
  0
LWPOLYLINE
  5
77E
330
1F
100
AcDbEntity
  8
MUEBLES
  6
Continuous
100
AcDbPolyline
 90
        4
 70
     1
 43
0.0
 10
73.995042
 20
130.099044
 10
74.007408
 20
130.109463
 10
73.985396
 20
130.135589
 10
73.97303
 20
130.12517
  0
LWPOLYLINE
  5
77F
330
1F
100
AcDbEntity
  8
MUEBLES
  6
Continuous
100
AcDbPolyline
 90
        7
 70
     0
 43
0.0
 10
73.879378
 20
129.975419
 10
73.892434
 20
129.959922
 10
73.913487
 20
129.977659
 10
73.890052
 20
130.005474
 10
73.859665
 20
129.979872
 10
73.870043
 20
129.967554
 10
73.879378
 20
129.975419
  0
LWPOLYLINE
  5
780
330
1F
100
AcDbEntity
  8
MUEBLES
  6
Continuous
100
AcDbPolyline
 90
        4
 70
     1
 43
0.0
 10
74.00913
 20
129.987925
 10
74.06776
 20
130.037322
 10
74.05724
 20
130.049809
 10
73.99861
 20
130.000412
  0
LWPOLYLINE
  5
781
330
1F
100
AcDbEntity
  8
MUEBLES
  6
Continuous
100
AcDbPolyline
 90
        4
 70
     1
 43
0.0
 10
73.722496
 20
129.739392
 10
74.074636
 20
130.036076
 10
73.97573
 20
130.153469
 10
73.62359
 20
129.856784
  0
LWPOLYLINE
  5
782
330
1F
100
AcDbEntity
  8
MUEBLES
  6
Continuous
100
AcDbPolyline
 90
        4
 70
     1
 43
0.0
 10
73.62359
 20
129.856784
 10
73.97573
 20
130.153469
 10
73.969896
 20
130.160393
 10
73.617757
 20
129.863708
  0
LWPOLYLINE
  5
783
330
1F
100
AcDbEntity
  8
MUEBLES
  6
Continuous
100
AcDbPolyline
 90
        4
 70
     1
 43
0.0
 10
74.077499
 20
130.032678
 10
73.725359
 20
129.735994
 10
73.737363
 20
129.721746
 10
74.089503
 20
130.018431
  0
LINE
  5
784
330
1F
100
AcDbEntity
  8
MUEBLES
  6
Continuous
100
AcDbLine
 10
73.251994
 20
129.775427
 30
0.0
 11
73.251994
 21
129.175427
 31
0.0
  0
INSERT
  5
785
330
1F
100
AcDbEntity
  8
MUEBLES
  6
Continuous
100
AcDbBlockReference
  2
telefono
 10
81.730726
 20
137.950297
 30
0.0
 41
1.623274
 42
1.623274
 43
1.623274
 50
147.401902
  0
LINE
  5
786
330
1F
100
AcDbEntity
  8
MUEBLES
  6
Continuous
100
AcDbLine
 10
80.975866
 20
138.413078
 30
0.0
 11
82.084629
 21
138.413078
 31
0.0
  0
LINE
  5
787
330
1F
100
AcDbEntity
  8
MUEBLES
  6
Continuous
100
AcDbLine
 10
80.375866
 20
137.673774
 30
0.0
 11
82.084629
 21
137.673774
 31
0.0
  0
LINE
  5
788
330
1F
100
AcDbEntity
  8
MUEBLES
  6
Continuous
100
AcDbLine
 10
81.269815
 20
137.673774
 30
0.0
 11
81.369081
 21
137.269986
 31
0.0
  0
LINE
  5
789
330
1F
100
AcDbEntity
  8
MUEBLES
  6
Continuous
100
AcDbLine
 10
81.417635
 20
137.281922
 30
0.0
 11
81.321304
 21
137.673774
 31
0.0
  0
LINE
  5
78A
330
1F
100
AcDbEntity
  8
MUEBLES
  6
Continuous
100
AcDbLine
 10
81.341899
 20
137.673774
 30
0.0
 11
81.425121
 21
137.335251
 31
0.0
  0
LINE
  5
78B
330
1F
100
AcDbEntity
  8
MUEBLES
  6
Continuous
100
AcDbLine
 10
81.186686
 20
138.313245
 30
0.0
 11
81.60168
 21
138.313245
 31
0.0
  0
LINE
  5
78C
330
1F
100
AcDbEntity
  8
MUEBLES
  6
Continuous
100
AcDbLine
 10
81.60168
 20
137.977514
 30
0.0
 11
81.186686
 21
137.977514
 31
0.0
  0
ARC
  5
78D
330
1F
100
AcDbEntity
  8
MUEBLES
  6
Continuous
100
AcDbCircle
 10
81.434605
 20
137.665528
 30
0.0
 40
1.117440066688081
100
AcDbArc
 50
77.278501
 51
102.721499
  0
ARC
  5
78E
330
1F
100
AcDbEntity
  8
MUEBLES
  6
Continuous
100
AcDbCircle
 10
81.434605
 20
137.665528
 30
0.0
 40
1.14803798809413
100
AcDbArc
 50
78.294403
 51
101.705597
  0
LINE
  5
78F
330
1F
100
AcDbEntity
  8
MUEBLES
  6
Continuous
100
AcDbLine
 10
81.259605
 20
138.712188
 30
0.0
 11
81.609605
 21
138.712188
 31
0.0
  0
LINE
  5
790
330
1F
100
AcDbEntity
  8
MUEBLES
  6
Continuous
100
AcDbLine
 10
81.139605
 20
138.413078
 30
0.0
 11
81.139605
 21
138.712188
 31
0.0
  0
LINE
  5
791
330
1F
100
AcDbEntity
  8
MUEBLES
  6
Continuous
100
AcDbLine
 10
81.189605
 20
138.712188
 30
0.0
 11
81.189605
 21
138.413078
 31
0.0
  0
LINE
  5
792
330
1F
100
AcDbEntity
  8
MUEBLES
  6
Continuous
100
AcDbLine
 10
81.209605
 20
138.413078
 30
0.0
 11
81.209605
 21
138.662188
 31
0.0
  0
LINE
  5
793
330
1F
100
AcDbEntity
  8
MUEBLES
  6
Continuous
100
AcDbLine
 10
80.975866
 20
138.413078
 30
0.0
 11
80.975866
 21
138.587922
 31
0.0
  0
ARC
  5
794
330
1F
100
AcDbEntity
  8
MUEBLES
  6
Continuous
100
AcDbCircle
 10
81.052005
 20
138.356808
 30
0.0
 40
1.14803798809413
100
AcDbArc
 50
244.482872
 51
267.894066
  0
ARC
  5
795
330
1F
100
AcDbEntity
  8
MUEBLES
  6
Continuous
100
AcDbCircle
 10
81.052005
 20
138.356808
 30
0.0
 40
1.117440066688081
100
AcDbArc
 50
243.466971
 51
268.909968
  0
LINE
  5
796
330
1F
100
AcDbEntity
  8
MUEBLES
  6
Continuous
100
AcDbLine
 10
80.972077
 20
137.298633
 30
0.0
 11
80.632197
 21
137.382188
 31
0.0
  0
ARC
  5
797
330
1F
100
AcDbEntity
  8
MUEBLES
  6
Continuous
100
AcDbCircle
 10
80.644134
 20
137.430743
 30
0.0
 40
0.05
100
AcDbArc
 50
166.188469
 51
256.188469
  0
LINE
  5
798
330
1F
100
AcDbEntity
  8
MUEBLES
  6
Continuous
100
AcDbLine
 10
80.595579
 20
137.442679
 30
0.0
 11
80.548175
 21
137.347737
 31
0.0
  0
LINE
  5
799
330
1F
100
AcDbEntity
  8
MUEBLES
  6
Continuous
100
AcDbLine
 10
80.595579
 20
137.442679
 30
0.0
 11
80.652391
 21
137.673774
 31
0.0
  0
LINE
  5
79A
330
1F
100
AcDbEntity
  8
MUEBLES
  6
Continuous
100
AcDbLine
 10
80.564221
 20
137.398899
 30
0.0
 11
80.631796
 21
137.673774
 31
0.0
  0
ARC
  5
79B
330
1F
100
AcDbEntity
  8
MUEBLES
  6
Continuous
100
AcDbCircle
 10
80.566068
 20
137.338802
 30
0.0
 40
0.02
100
AcDbArc
 50
153.466971
 51
244.482872
  0
LINE
  5
79C
330
1F
100
AcDbEntity
  8
MUEBLES
  6
Continuous
100
AcDbLine
 10
80.515667
 20
137.410836
 30
0.0
 11
80.564221
 21
137.398899
 31
0.0
  0
LINE
  5
79D
330
1F
100
AcDbEntity
  8
MUEBLES
  6
Continuous
100
AcDbLine
 10
80.580307
 20
137.673774
 30
0.0
 11
80.515667
 21
137.410836
 31
0.0
  0
LINE
  5
79E
330
1F
100
AcDbEntity
  8
MUEBLES
  6
Continuous
100
AcDbLine
 10
80.375866
 20
138.587922
 30
0.0
 11
80.375866
 21
137.673774
 31
0.0
  0
ARC
  5
79F
330
1F
100
AcDbEntity
  8
MUEBLES
  6
Continuous
100
AcDbCircle
 10
81.010553
 20
137.229532
 30
0.0
 40
0.02
100
AcDbArc
 50
267.894066
 51
358.909968
  0
LINE
  5
7A0
330
1F
100
AcDbEntity
  8
MUEBLES
  6
Continuous
100
AcDbLine
 10
81.088608
 20
137.269986
 30
0.0
 11
81.040054
 21
137.281922
 31
0.0
  0
LINE
  5
7A1
330
1F
100
AcDbEntity
  8
MUEBLES
  6
Continuous
100
AcDbLine
 10
81.032568
 20
137.335251
 30
0.0
 11
81.030549
 21
137.229151
 31
0.0
  0
ARC
  5
7A2
330
1F
100
AcDbEntity
  8
MUEBLES
  6
Continuous
100
AcDbCircle
 10
80.984014
 20
137.347187
 30
0.0
 40
0.05
100
AcDbArc
 50
256.188469
 51
346.188469
  0
LINE
  5
7A3
330
1F
100
AcDbEntity
  8
MUEBLES
  6
Continuous
100
AcDbLine
 10
81.11579
 20
137.673774
 30
0.0
 11
81.032568
 21
137.335251
 31
0.0
  0
LINE
  5
7A4
330
1F
100
AcDbEntity
  8
MUEBLES
  6
Continuous
100
AcDbLine
 10
81.040054
 20
137.281922
 30
0.0
 11
81.136385
 21
137.673774
 31
0.0
  0
LINE
  5
7A5
330
1F
100
AcDbEntity
  8
MUEBLES
  6
Continuous
100
AcDbLine
 10
81.187874
 20
137.673774
 30
0.0
 11
81.088608
 21
137.269986
 31
0.0
  0
LINE
  5
7A6
330
1F
100
AcDbEntity
  8
MUEBLES
  6
Continuous
100
AcDbLine
 10
81.186686
 20
137.977514
 30
0.0
 11
81.186686
 21
138.313245
 31
0.0
  0
LINE
  5
7A7
330
1F
100
AcDbEntity
  8
MUEBLES
  6
Continuous
100
AcDbLine
 10
80.542954
 20
138.034539
 30
0.0
 11
80.52632
 21
138.036673
 31
0.0
  0
LINE
  5
7A8
330
1F
100
AcDbEntity
  8
MUEBLES
  6
Continuous
100
AcDbLine
 10
80.637054
 20
137.984964
 30
0.0
 11
80.652433
 21
137.984455
 31
0.0
  0
LINE
  5
7A9
330
1F
100
AcDbEntity
  8
MUEBLES
  6
Continuous
100
AcDbLine
 10
80.458286
 20
138.109364
 30
0.0
 11
80.52632
 21
138.036673
 31
0.0
  0
LINE
  5
7AA
330
1F
100
AcDbEntity
  8
MUEBLES
  6
Continuous
100
AcDbLine
 10
80.629384
 20
137.99316
 30
0.0
 11
80.589136
 21
138.005659
 31
0.0
  0
LINE
  5
7AB
330
1F
100
AcDbEntity
  8
MUEBLES
  6
Continuous
100
AcDbLine
 10
80.414012
 20
138.223275
 30
0.0
 11
80.637054
 21
137.984964
 31
0.0
  0
LINE
  5
7AC
330
1F
100
AcDbEntity
  8
MUEBLES
  6
Continuous
100
AcDbLine
 10
80.431493
 20
138.174093
 30
0.0
 11
80.589136
 21
138.005659
 31
0.0
  0
LINE
  5
7AD
330
1F
100
AcDbEntity
  8
MUEBLES
  6
Continuous
100
AcDbLine
 10
80.542954
 20
138.034539
 30
0.0
 11
80.553164
 21
138.044094
 31
0.0
  0
LWPOLYLINE
  5
7AE
330
1F
100
AcDbEntity
  8
MUEBLES
  6
Continuous
100
AcDbPolyline
 90
        4
 70
     1
 43
0.0
 10
80.487433
 20
138.078223
 10
80.497174
 20
138.067815
 10
80.475787
 20
138.047798
 10
80.466046
 20
138.058206
  0
LINE
  5
7AF
330
1F
100
AcDbEntity
  8
MUEBLES
  6
Continuous
100
AcDbLine
 10
80.704128
 20
137.973229
 30
0.0
 11
80.688749
 21
137.973738
 31
0.0
  0
LINE
  5
7B0
330
1F
100
AcDbEntity
  8
MUEBLES
  6
Continuous
100
AcDbLine
 10
80.743094
 20
138.009699
 30
0.0
 11
80.704128
 21
137.973229
 31
0.0
  0
LINE
  5
7B1
330
1F
100
AcDbEntity
  8
MUEBLES
  6
Continuous
100
AcDbLine
 10
80.445703
 20
138.327447
 30
0.0
 11
80.743094
 21
138.009699
 31
0.0
  0
LINE
  5
7B2
330
1F
100
AcDbEntity
  8
MUEBLES
  6
Continuous
100
AcDbLine
 10
80.652433
 20
137.984455
 30
0.0
 11
80.666445
 21
137.997569
 31
0.0
  0
LINE
  5
7B3
330
1F
100
AcDbEntity
  8
MUEBLES
  6
Continuous
100
AcDbLine
 10
80.406229
 20
138.275599
 30
0.0
 11
80.688749
 21
137.973738
 31
0.0
  0
LINE
  5
7B4
330
1F
100
AcDbEntity
  8
MUEBLES
  6
Continuous
100
AcDbLine
 10
80.406738
 20
138.290977
 30
0.0
 11
80.704128
 21
137.973229
 31
0.0
  0
LWPOLYLINE
  5
7B5
330
1F
100
AcDbEntity
  8
MUEBLES
  6
Continuous
100
AcDbPolyline
 90
        4
 70
     0
 43
0.0
 10
80.651296
 20
138.10778
 10
80.679667
 20
138.150733
 10
80.546972
 20
138.238378
 10
80.539563
 20
138.227161
  0
SPLINE
  5
7B6
330
1F
100
AcDbEntity
  8
MUEBLES
  6
Continuous
100
AcDbSpline
210
0.0
220
0.0
230
1.0
 70
     8
 71
     3
 72
     9
 73
     5
 74
     0
 42
0.000000001
 43
0.0000000001
 40
0.0639772089022248
 40
0.0639772089022248
 40
0.0639772089022248
 40
0.0639772089022248
 40
0.2785279521809319
 40
0.4013402704523404
 40
0.4013402704523404
 40
0.4013402704523404
 40
0.4013402704523404
 10
80.61331964528777
 20
138.1945554884145
 30
0.0
 10
80.6789618213737
 20
138.1937183080285
 30
0.0
 10
80.77225815786538
 20
138.1273713479958
 30
0.0
 10
80.79059372002426
 20
138.1837648280117
 30
0.0
 10
80.82809563176475
 20
138.242737160488
 30
0.0
  0
LINE
  5
7B7
330
1F
100
AcDbEntity
  8
MUEBLES
  6
Continuous
100
AcDbLine
 10
80.844784
 20
138.231714
 30
0.0
 11
80.811407
 21
138.25376
 31
0.0
  0
LINE
  5
7B8
330
1F
100
AcDbEntity
  8
MUEBLES
  6
Continuous
100
AcDbLine
 10
80.844784
 20
138.231714
 30
0.0
 11
80.895133
 21
138.294334
 31
0.0
  0
LINE
  5
7B9
330
1F
100
AcDbEntity
  8
MUEBLES
  6
Continuous
100
AcDbLine
 10
80.811407
 20
138.25376
 30
0.0
 11
80.84924
 21
138.324647
 31
0.0
  0
ARC
  5
7BA
330
1F
100
AcDbEntity
  8
MUEBLES
  6
Continuous
100
AcDbCircle
 10
80.859787
 20
138.290718
 30
0.0
 40
0.0355299650897867
100
AcDbArc
 50
5.841049
 51
107.26898
  0
LWPOLYLINE
  5
7BB
330
1F
100
AcDbEntity
  8
MUEBLES
  6
Continuous
100
AcDbPolyline
 90
        4
 70
     1
 43
0.0
 10
80.814646
 20
138.254745
 10
80.829554
 20
138.244898
 10
80.838409
 20
138.258305
 10
80.822072
 20
138.269096
  0
LINE
  5
7BC
330
1F
100
AcDbEntity
  8
MUEBLES
  6
Continuous
100
AcDbLine
 10
80.844418
 20
138.23508
 30
0.0
 11
80.829511
 21
138.244926
 31
0.0
  0
LINE
  5
7BD
330
1F
100
AcDbEntity
  8
MUEBLES
  6
Continuous
100
AcDbLine
 10
80.829511
 20
138.244926
 30
0.0
 11
80.838366
 21
138.258333
 31
0.0
  0
LINE
  5
7BE
330
1F
100
AcDbEntity
  8
MUEBLES
  6
Continuous
100
AcDbLine
 10
80.838366
 20
138.258333
 30
0.0
 11
80.854809
 21
138.247473
 31
0.0
  0
LINE
  5
7BF
330
1F
100
AcDbEntity
  8
MUEBLES
  6
Continuous
100
AcDbLine
 10
80.854809
 20
138.247473
 30
0.0
 11
80.844418
 21
138.23508
 31
0.0
  0
LINE
  5
7C0
330
1F
100
AcDbEntity
  8
MUEBLES
  6
Continuous
100
AcDbLine
 10
80.844638
 20
138.233891
 30
0.0
 11
80.813466
 21
138.25448
 31
0.0
  0
LINE
  5
7C1
330
1F
100
AcDbEntity
  8
MUEBLES
  6
Continuous
100
AcDbLine
 10
80.813466
 20
138.25448
 30
0.0
 11
80.821462
 21
138.270354
 31
0.0
  0
LINE
  5
7C2
330
1F
100
AcDbEntity
  8
MUEBLES
  6
Continuous
100
AcDbLine
 10
80.821462
 20
138.270354
 30
0.0
 11
80.856004
 21
138.247538
 31
0.0
  0
LINE
  5
7C3
330
1F
100
AcDbEntity
  8
MUEBLES
  6
Continuous
100
AcDbLine
 10
80.856004
 20
138.247538
 30
0.0
 11
80.844638
 21
138.233891
 31
0.0
  0
LINE
  5
7C4
330
1F
100
AcDbEntity
  8
MUEBLES
  6
Continuous
100
AcDbLine
 10
80.457257
 20
138.126103
 30
0.0
 11
80.467466
 21
138.135658
 31
0.0
  0
LINE
  5
7C5
330
1F
100
AcDbEntity
  8
MUEBLES
  6
Continuous
100
AcDbLine
 10
80.457257
 20
138.126103
 30
0.0
 11
80.458286
 21
138.109364
 31
0.0
  0
LINE
  5
7C6
330
1F
100
AcDbEntity
  8
MUEBLES
  6
Continuous
100
AcDbLine
 10
80.414521
 20
138.238653
 30
0.0
 11
80.428533
 21
138.251768
 31
0.0
  0
LINE
  5
7C7
330
1F
100
AcDbEntity
  8
MUEBLES
  6
Continuous
100
AcDbLine
 10
80.421682
 20
138.215079
 30
0.0
 11
80.431493
 21
138.174093
 31
0.0
  0
LINE
  5
7C8
330
1F
100
AcDbEntity
  8
MUEBLES
  6
Continuous
100
AcDbLine
 10
80.414012
 20
138.223275
 30
0.0
 11
80.414521
 21
138.238653
 31
0.0
  0
LINE
  5
7C9
330
1F
100
AcDbEntity
  8
MUEBLES
  6
Continuous
100
AcDbLine
 10
80.445703
 20
138.327447
 30
0.0
 11
80.406738
 21
138.290977
 31
0.0
  0
LINE
  5
7CA
330
1F
100
AcDbEntity
  8
MUEBLES
  6
Continuous
100
AcDbLine
 10
80.406738
 20
138.290977
 30
0.0
 11
80.406229
 21
138.275599
 31
0.0
  0
ARC
  5
7CB
330
1F
100
AcDbEntity
  8
MUEBLES
  6
Continuous
100
AcDbCircle
 10
81.205745
 20
138.770106
 30
0.0
 40
0.02
100
AcDbArc
 50
101.705597
 51
192.721499
  0
LINE
  5
7CC
330
1F
100
AcDbEntity
  8
MUEBLES
  6
Continuous
100
AcDbLine
 10
81.209605
 20
138.662188
 30
0.0
 11
81.186236
 21
138.765702
 31
0.0
  0
ARC
  5
7CD
330
1F
100
AcDbEntity
  8
MUEBLES
  6
Continuous
100
AcDbCircle
 10
81.259605
 20
138.662188
 30
0.0
 40
0.05
100
AcDbArc
 50
90.0
 51
180.0
  0
LINE
  5
7CE
330
1F
100
AcDbEntity
  8
MUEBLES
  6
Continuous
100
AcDbLine
 10
81.139605
 20
138.712188
 30
0.0
 11
81.189605
 21
138.712188
 31
0.0
  0
LINE
  5
7CF
330
1F
100
AcDbEntity
  8
MUEBLES
  6
Continuous
100
AcDbLine
 10
81.679605
 20
138.712188
 30
0.0
 11
81.679605
 21
138.413078
 31
0.0
  0
LINE
  5
7D0
330
1F
100
AcDbEntity
  8
MUEBLES
  6
Continuous
100
AcDbLine
 10
81.729605
 20
138.413078
 30
0.0
 11
81.729605
 21
138.712188
 31
0.0
  0
LINE
  5
7D1
330
1F
100
AcDbEntity
  8
MUEBLES
  6
Continuous
100
AcDbLine
 10
81.659605
 20
138.662188
 30
0.0
 11
81.659605
 21
138.413078
 31
0.0
  0
LINE
  5
7D2
330
1F
100
AcDbEntity
  8
MUEBLES
  6
Continuous
100
AcDbLine
 10
81.369081
 20
137.269986
 30
0.0
 11
81.417635
 21
137.281922
 31
0.0
  0
ARC
  5
7D3
330
1F
100
AcDbEntity
  8
MUEBLES
  6
Continuous
100
AcDbCircle
 10
81.447136
 20
137.229532
 30
0.0
 40
0.02
100
AcDbArc
 50
181.090032
 51
272.105934
  0
LINE
  5
7D4
330
1F
100
AcDbEntity
  8
MUEBLES
  6
Continuous
100
AcDbLine
 10
81.893468
 20
137.398899
 30
0.0
 11
81.825893
 21
137.673774
 31
0.0
  0
LINE
  5
7D5
330
1F
100
AcDbEntity
  8
MUEBLES
  6
Continuous
100
AcDbLine
 10
81.877382
 20
137.673774
 30
0.0
 11
81.942022
 21
137.410836
 31
0.0
  0
LINE
  5
7D6
330
1F
100
AcDbEntity
  8
MUEBLES
  6
Continuous
100
AcDbLine
 10
81.862109
 20
137.442679
 30
0.0
 11
81.805298
 21
137.673774
 31
0.0
  0
ARC
  5
7D7
330
1F
100
AcDbEntity
  8
MUEBLES
  6
Continuous
100
AcDbCircle
 10
81.405684
 20
138.356808
 30
0.0
 40
1.117440066688081
100
AcDbArc
 50
271.090032
 51
296.533029
  0
ARC
  5
7D8
330
1F
100
AcDbEntity
  8
MUEBLES
  6
Continuous
100
AcDbCircle
 10
81.405684
 20
138.356808
 30
0.0
 40
1.14803798809413
100
AcDbArc
 50
272.105934
 51
295.517128
  0
LINE
  5
7D9
330
1F
100
AcDbEntity
  8
MUEBLES
  6
Continuous
100
AcDbLine
 10
81.485611
 20
137.298633
 30
0.0
 11
81.825492
 21
137.382188
 31
0.0
  0
LINE
  5
7DA
330
1F
100
AcDbEntity
  8
MUEBLES
  6
Continuous
100
AcDbLine
 10
81.942022
 20
137.410836
 30
0.0
 11
81.893468
 21
137.398899
 31
0.0
  0
LINE
  5
7DB
330
1F
100
AcDbEntity
  8
MUEBLES
  6
Continuous
100
AcDbLine
 10
81.862109
 20
137.442679
 30
0.0
 11
81.909514
 21
137.347737
 31
0.0
  0
ARC
  5
7DC
330
1F
100
AcDbEntity
  8
MUEBLES
  6
Continuous
100
AcDbCircle
 10
81.813555
 20
137.430743
 30
0.0
 40
0.05
100
AcDbArc
 50
283.811531
 51
13.811531
  0
ARC
  5
7DD
330
1F
100
AcDbEntity
  8
MUEBLES
  6
Continuous
100
AcDbCircle
 10
81.891621
 20
137.338802
 30
0.0
 40
0.02
100
AcDbArc
 50
295.517128
 51
26.533029
  0
LINE
  5
7DE
330
1F
100
AcDbEntity
  8
MUEBLES
  6
Continuous
100
AcDbLine
 10
81.425121
 20
137.335251
 30
0.0
 11
81.427139
 21
137.229151
 31
0.0
  0
ARC
  5
7DF
330
1F
100
AcDbEntity
  8
MUEBLES
  6
Continuous
100
AcDbCircle
 10
81.473675
 20
137.347187
 30
0.0
 40
0.05
100
AcDbArc
 50
193.811531
 51
283.811531
  0
LINE
  5
7E0
330
1F
100
AcDbEntity
  8
MUEBLES
  6
Continuous
100
AcDbLine
 10
81.60168
 20
138.313245
 30
0.0
 11
81.60168
 21
137.977514
 31
0.0
  0
LINE
  5
7E1
330
1F
100
AcDbEntity
  8
MUEBLES
  6
Continuous
100
AcDbLine
 10
82.084629
 20
138.413078
 30
0.0
 11
82.084629
 21
137.673774
 31
0.0
  0
LINE
  5
7E2
330
1F
100
AcDbEntity
  8
MUEBLES
  6
Continuous
100
AcDbLine
 10
81.729605
 20
138.712188
 30
0.0
 11
81.679605
 21
138.712188
 31
0.0
  0
LINE
  5
7E3
330
1F
100
AcDbEntity
  8
MUEBLES
  6
Continuous
100
AcDbLine
 10
81.659605
 20
138.662188
 30
0.0
 11
81.682973
 21
138.765702
 31
0.0
  0
ARC
  5
7E4
330
1F
100
AcDbEntity
  8
MUEBLES
  6
Continuous
100
AcDbCircle
 10
81.609605
 20
138.662188
 30
0.0
 40
0.05
100
AcDbArc
 50
0.0
 51
90.0
  0
ARC
  5
7E5
330
1F
100
AcDbEntity
  8
MUEBLES
  6
Continuous
100
AcDbCircle
 10
81.663464
 20
138.770106
 30
0.0
 40
0.02
100
AcDbArc
 50
347.278501
 51
78.294403
  0
LWPOLYLINE
  5
7E6
330
1F
100
AcDbEntity
  8
MUEBLES
  6
Continuous
100
AcDbPolyline
 90
        4
 70
     1
 43
0.0
 10
80.800055
 20
138.097388
 10
80.810474
 20
138.085022
 10
80.822852
 20
138.095451
 10
80.812434
 20
138.107817
  0
LWPOLYLINE
  5
7E7
330
1F
100
AcDbEntity
  8
MUEBLES
  6
Continuous
100
AcDbPolyline
 90
        4
 70
     1
 43
0.0
 10
80.827962
 20
138.064265
 10
80.838381
 20
138.051899
 10
80.850759
 20
138.062328
 10
80.840341
 20
138.074694
  0
LWPOLYLINE
  5
7E8
330
1F
100
AcDbEntity
  8
MUEBLES
  6
Continuous
100
AcDbPolyline
 90
        4
 70
     1
 43
0.0
 10
80.840984
 20
138.048809
 10
80.851402
 20
138.036443
 10
80.863781
 20
138.046873
 10
80.853362
 20
138.059239
  0
LWPOLYLINE
  5
7E9
330
1F
100
AcDbEntity
  8
MUEBLES
  6
Continuous
100
AcDbPolyline
 90
        4
 70
     1
 43
0.0
 10
80.854005
 20
138.033354
 10
80.864424
 20
138.020988
 10
80.876802
 20
138.031417
 10
80.866384
 20
138.043783
  0
LWPOLYLINE
  5
7EA
330
1F
100
AcDbEntity
  8
MUEBLES
  6
Continuous
100
AcDbPolyline
 90
        4
 70
     1
 43
0.0
 10
80.867027
 20
138.017899
 10
80.877445
 20
138.005533
 10
80.889824
 20
138.015962
 10
80.879405
 20
138.028328
  0
LWPOLYLINE
  5
7EB
330
1F
100
AcDbEntity
  8
MUEBLES
  6
Continuous
100
AcDbPolyline
 90
        4
 70
     1
 43
0.0
 10
80.884319
 20
137.997374
 10
80.894738
 20
137.985008
 10
80.907116
 20
137.995438
 10
80.896697
 20
138.007804
  0
LWPOLYLINE
  5
7EC
330
1F
100
AcDbEntity
  8
MUEBLES
  6
Continuous
100
AcDbPolyline
 90
        4
 70
     1
 43
0.0
 10
80.89734
 20
137.981919
 10
80.907759
 20
137.969553
 10
80.920138
 20
137.979982
 10
80.909719
 20
137.992348
  0
LWPOLYLINE
  5
7ED
330
1F
100
AcDbEntity
  8
MUEBLES
  6
Continuous
100
AcDbPolyline
 90
        4
 70
     1
 43
0.0
 10
80.910362
 20
137.966464
 10
80.920781
 20
137.954098
 10
80.933159
 20
137.964527
 10
80.92274
 20
137.976893
  0
LWPOLYLINE
  5
7EE
330
1F
100
AcDbEntity
  8
MUEBLES
  6
Continuous
100
AcDbPolyline
 90
        4
 70
     1
 43
0.0
 10
80.923383
 20
137.951008
 10
80.933802
 20
137.938642
 10
80.946181
 20
137.949071
 10
80.935762
 20
137.961437
  0
LWPOLYLINE
  5
7EF
330
1F
100
AcDbEntity
  8
MUEBLES
  6
Continuous
100
AcDbPolyline
 90
        4
 70
     1
 43
0.0
 10
80.941399
 20
137.929625
 10
80.951818
 20
137.917259
 10
80.964196
 20
137.927688
 10
80.953777
 20
137.940054
  0
LWPOLYLINE
  5
7F0
330
1F
100
AcDbEntity
  8
MUEBLES
  6
Continuous
100
AcDbPolyline
 90
        4
 70
     1
 43
0.0
 10
80.95442
 20
137.91417
 10
80.964839
 20
137.901804
 10
80.977218
 20
137.912233
 10
80.966799
 20
137.924599
  0
LWPOLYLINE
  5
7F1
330
1F
100
AcDbEntity
  8
MUEBLES
  6
Continuous
100
AcDbPolyline
 90
        4
 70
     1
 43
0.0
 10
80.967442
 20
137.898715
 10
80.977861
 20
137.886348
 10
80.990239
 20
137.896778
 10
80.97982
 20
137.909144
  0
LWPOLYLINE
  5
7F2
330
1F
100
AcDbEntity
  8
MUEBLES
  6
Continuous
100
AcDbPolyline
 90
        4
 70
     1
 43
0.0
 10
80.980463
 20
137.883259
 10
80.990882
 20
137.870893
 10
81.003261
 20
137.881322
 10
80.992842
 20
137.893688
  0
LWPOLYLINE
  5
7F3
330
1F
100
AcDbEntity
  8
MUEBLES
  6
Continuous
100
AcDbPolyline
 90
        4
 70
     1
 43
0.0
 10
80.99955
 20
137.860024
 10
81.009969
 20
137.847658
 10
81.022347
 20
137.858087
 10
81.011929
 20
137.870453
  0
LWPOLYLINE
  5
7F4
330
1F
100
AcDbEntity
  8
MUEBLES
  6
Continuous
100
AcDbPolyline
 90
        4
 70
     1
 43
0.0
 10
81.012572
 20
137.844568
 10
81.02299
 20
137.832202
 10
81.035369
 20
137.842631
 10
81.02495
 20
137.854997
  0
LWPOLYLINE
  5
7F5
330
1F
100
AcDbEntity
  8
MUEBLES
  6
Continuous
100
AcDbPolyline
 90
        4
 70
     1
 43
0.0
 10
81.025593
 20
137.829113
 10
81.036012
 20
137.816747
 10
81.04839
 20
137.827176
 10
81.037972
 20
137.839542
  0
LWPOLYLINE
  5
7F6
330
1F
100
AcDbEntity
  8
MUEBLES
  6
Continuous
100
AcDbPolyline
 90
        4
 70
     1
 43
0.0
 10
80.825424
 20
138.118718
 10
80.835843
 20
138.106352
 10
80.848221
 20
138.116781
 10
80.837803
 20
138.129148
  0
LWPOLYLINE
  5
7F7
330
1F
100
AcDbEntity
  8
MUEBLES
  6
Continuous
100
AcDbPolyline
 90
        4
 70
     1
 43
0.0
 10
80.838311
 20
138.103423
 10
80.848729
 20
138.091057
 10
80.861108
 20
138.101486
 10
80.850689
 20
138.113852
  0
LWPOLYLINE
  5
7F8
330
1F
100
AcDbEntity
  8
MUEBLES
  6
Continuous
100
AcDbPolyline
 90
        4
 70
     1
 43
0.0
 10
80.851197
 20
138.088128
 10
80.861616
 20
138.075762
 10
80.873994
 20
138.086191
 10
80.863576
 20
138.098557
  0
LWPOLYLINE
  5
7F9
330
1F
100
AcDbEntity
  8
MUEBLES
  6
Continuous
100
AcDbPolyline
 90
        4
 70
     1
 43
0.0
 10
80.864084
 20
138.072833
 10
80.874502
 20
138.060467
 10
80.886881
 20
138.070896
 10
80.876462
 20
138.083262
  0
LWPOLYLINE
  5
7FA
330
1F
100
AcDbEntity
  8
MUEBLES
  6
Continuous
100
AcDbPolyline
 90
        4
 70
     1
 43
0.0
 10
80.87697
 20
138.057538
 10
80.887389
 20
138.045172
 10
80.899767
 20
138.055601
 10
80.889348
 20
138.067967
  0
LWPOLYLINE
  5
7FB
330
1F
100
AcDbEntity
  8
MUEBLES
  6
Continuous
100
AcDbPolyline
 90
        4
 70
     1
 43
0.0
 10
80.889856
 20
138.042243
 10
80.900275
 20
138.029877
 10
80.912654
 20
138.040306
 10
80.902235
 20
138.052672
  0
LWPOLYLINE
  5
7FC
330
1F
100
AcDbEntity
  8
MUEBLES
  6
Continuous
100
AcDbPolyline
 90
        4
 70
     1
 43
0.0
 10
80.902743
 20
138.026948
 10
80.913162
 20
138.014582
 10
80.92554
 20
138.025011
 10
80.915121
 20
138.037377
  0
LWPOLYLINE
  5
7FD
330
1F
100
AcDbEntity
  8
MUEBLES
  6
Continuous
100
AcDbPolyline
 90
        4
 70
     1
 43
0.0
 10
80.915629
 20
138.011653
 10
80.926048
 20
137.999287
 10
80.938426
 20
138.009716
 10
80.928008
 20
138.022082
  0
LWPOLYLINE
  5
7FE
330
1F
100
AcDbEntity
  8
MUEBLES
  6
Continuous
100
AcDbPolyline
 90
        4
 70
     1
 43
0.0
 10
80.928516
 20
137.996358
 10
80.938934
 20
137.983992
 10
80.951313
 20
137.994421
 10
80.940894
 20
138.006787
  0
LWPOLYLINE
  5
7FF
330
1F
100
AcDbEntity
  8
MUEBLES
  6
Continuous
100
AcDbPolyline
 90
        4
 70
     1
 43
0.0
 10
80.941402
 20
137.981063
 10
80.951821
 20
137.968697
 10
80.964199
 20
137.979126
 10
80.953781
 20
137.991492
  0
LWPOLYLINE
  5
800
330
1F
100
AcDbEntity
  8
MUEBLES
  6
Continuous
100
AcDbPolyline
 90
        4
 70
     1
 43
0.0
 10
80.954289
 20
137.965767
 10
80.964707
 20
137.953401
 10
80.977086
 20
137.963831
 10
80.966667
 20
137.976197
  0
LWPOLYLINE
  5
801
330
1F
100
AcDbEntity
  8
MUEBLES
  6
Continuous
100
AcDbPolyline
 90
        4
 70
     1
 43
0.0
 10
80.967175
 20
137.950472
 10
80.977594
 20
137.938106
 10
80.989972
 20
137.948535
 10
80.979554
 20
137.960902
  0
LWPOLYLINE
  5
802
330
1F
100
AcDbEntity
  8
MUEBLES
  6
Continuous
100
AcDbPolyline
 90
        4
 70
     1
 43
0.0
 10
80.980061
 20
137.935177
 10
80.99048
 20
137.922811
 10
81.002859
 20
137.93324
 10
80.99244
 20
137.945606
  0
LWPOLYLINE
  5
803
330
1F
100
AcDbEntity
  8
MUEBLES
  6
Continuous
100
AcDbPolyline
 90
        4
 70
     1
 43
0.0
 10
80.992948
 20
137.919882
 10
81.003367
 20
137.907516
 10
81.015745
 20
137.917945
 10
81.005326
 20
137.930311
  0
LWPOLYLINE
  5
804
330
1F
100
AcDbEntity
  8
MUEBLES
  6
Continuous
100
AcDbPolyline
 90
        4
 70
     1
 43
0.0
 10
81.005834
 20
137.904587
 10
81.016253
 20
137.892221
 10
81.028631
 20
137.90265
 10
81.018213
 20
137.915016
  0
LWPOLYLINE
  5
805
330
1F
100
AcDbEntity
  8
MUEBLES
  6
Continuous
100
AcDbPolyline
 90
        4
 70
     1
 43
0.0
 10
81.024898
 20
137.881379
 10
81.035316
 20
137.869013
 10
81.047695
 20
137.879442
 10
81.037276
 20
137.891809
  0
LWPOLYLINE
  5
806
330
1F
100
AcDbEntity
  8
MUEBLES
  6
Continuous
100
AcDbPolyline
 90
        4
 70
     1
 43
0.0
 10
81.037919
 20
137.865924
 10
81.048338
 20
137.853558
 10
81.060716
 20
137.863987
 10
81.050298
 20
137.876353
  0
LWPOLYLINE
  5
807
330
1F
100
AcDbEntity
  8
MUEBLES
  6
Continuous
100
AcDbPolyline
 90
        4
 70
     1
 43
0.0
 10
81.050941
 20
137.850469
 10
81.061359
 20
137.838102
 10
81.073738
 20
137.848532
 10
81.063319
 20
137.860898
  0
LWPOLYLINE
  5
808
330
1F
100
AcDbEntity
  8
MUEBLES
  6
Continuous
100
AcDbPolyline
 90
        4
 70
     1
 43
0.0
 10
81.067625
 20
137.831247
 10
81.078043
 20
137.818881
 10
81.090422
 20
137.829311
 10
81.080003
 20
137.841677
  0
LWPOLYLINE
  5
809
330
1F
100
AcDbEntity
  8
MUEBLES
  6
Continuous
100
AcDbPolyline
 90
        4
 70
     1
 43
0.0
 10
81.080646
 20
137.815792
 10
81.091065
 20
137.803426
 10
81.103443
 20
137.813855
 10
81.093025
 20
137.826221
  0
LWPOLYLINE
  5
80A
330
1F
100
AcDbEntity
  8
MUEBLES
  6
Continuous
100
AcDbPolyline
 90
        4
 70
     1
 43
0.0
 10
81.093668
 20
137.800337
 10
81.104086
 20
137.787971
 10
81.116465
 20
137.7984
 10
81.106046
 20
137.810766
  0
LWPOLYLINE
  5
80B
330
1F
100
AcDbEntity
  8
MUEBLES
  6
Continuous
100
AcDbPolyline
 90
        4
 70
     1
 43
0.0
 10
80.858986
 20
138.110271
 10
80.869405
 20
138.097905
 10
80.881783
 20
138.108334
 10
80.871365
 20
138.1207
  0
LWPOLYLINE
  5
80C
330
1F
100
AcDbEntity
  8
MUEBLES
  6
Continuous
100
AcDbPolyline
 90
        4
 70
     1
 43
0.0
 10
80.871873
 20
138.094976
 10
80.882291
 20
138.08261
 10
80.89467
 20
138.093039
 10
80.884251
 20
138.105405
  0
LWPOLYLINE
  5
80D
330
1F
100
AcDbEntity
  8
MUEBLES
  6
Continuous
100
AcDbPolyline
 90
        4
 70
     1
 43
0.0
 10
80.884759
 20
138.079681
 10
80.895178
 20
138.067315
 10
80.907556
 20
138.077744
 10
80.897138
 20
138.09011
  0
LWPOLYLINE
  5
80E
330
1F
100
AcDbEntity
  8
MUEBLES
  6
Continuous
100
AcDbPolyline
 90
        4
 70
     1
 43
0.0
 10
80.897646
 20
138.064386
 10
80.908064
 20
138.05202
 10
80.920443
 20
138.062449
 10
80.910024
 20
138.074815
  0
LWPOLYLINE
  5
80F
330
1F
100
AcDbEntity
  8
MUEBLES
  6
Continuous
100
AcDbPolyline
 90
        4
 70
     1
 43
0.0
 10
80.910532
 20
138.049091
 10
80.920951
 20
138.036724
 10
80.933329
 20
138.047154
 10
80.92291
 20
138.05952
  0
LWPOLYLINE
  5
810
330
1F
100
AcDbEntity
  8
MUEBLES
  6
Continuous
100
AcDbPolyline
 90
        4
 70
     1
 43
0.0
 10
80.923418
 20
138.033795
 10
80.933837
 20
138.021429
 10
80.946216
 20
138.031859
 10
80.935797
 20
138.044225
  0
LWPOLYLINE
  5
811
330
1F
100
AcDbEntity
  8
MUEBLES
  6
Continuous
100
AcDbPolyline
 90
        4
 70
     1
 43
0.0
 10
80.936305
 20
138.0185
 10
80.946724
 20
138.006134
 10
80.959102
 20
138.016563
 10
80.948683
 20
138.028929
  0
LWPOLYLINE
  5
812
330
1F
100
AcDbEntity
  8
MUEBLES
  6
Continuous
100
AcDbPolyline
 90
        4
 70
     1
 43
0.0
 10
80.949191
 20
138.003205
 10
80.95961
 20
137.990839
 10
80.971988
 20
138.001268
 10
80.96157
 20
138.013634
  0
LWPOLYLINE
  5
813
330
1F
100
AcDbEntity
  8
MUEBLES
  6
Continuous
100
AcDbPolyline
 90
        4
 70
     1
 43
0.0
 10
80.962078
 20
137.98791
 10
80.972496
 20
137.975544
 10
80.984875
 20
137.985973
 10
80.974456
 20
137.998339
  0
LWPOLYLINE
  5
814
330
1F
100
AcDbEntity
  8
MUEBLES
  6
Continuous
100
AcDbPolyline
 90
        4
 70
     1
 43
0.0
 10
80.974964
 20
137.972615
 10
80.985383
 20
137.960249
 10
80.997761
 20
137.970678
 10
80.987343
 20
137.983044
  0
LWPOLYLINE
  5
815
330
1F
100
AcDbEntity
  8
MUEBLES
  6
Continuous
100
AcDbPolyline
 90
        4
 70
     1
 43
0.0
 10
80.987851
 20
137.95732
 10
80.998269
 20
137.944954
 10
81.010648
 20
137.955383
 10
81.000229
 20
137.967749
  0
LWPOLYLINE
  5
816
330
1F
100
AcDbEntity
  8
MUEBLES
  6
Continuous
100
AcDbPolyline
 90
        4
 70
     1
 43
0.0
 10
81.000737
 20
137.942025
 10
81.011156
 20
137.929659
 10
81.023534
 20
137.940088
 10
81.013116
 20
137.952454
  0
LWPOLYLINE
  5
817
330
1F
100
AcDbEntity
  8
MUEBLES
  6
Continuous
100
AcDbPolyline
 90
        4
 70
     1
 43
0.0
 10
80.879662
 20
138.117119
 10
80.890081
 20
138.104752
 10
80.902459
 20
138.115182
 10
80.89204
 20
138.127548
  0
LWPOLYLINE
  5
818
330
1F
100
AcDbEntity
  8
MUEBLES
  6
Continuous
100
AcDbPolyline
 90
        4
 70
     1
 43
0.0
 10
80.892548
 20
138.101823
 10
80.902967
 20
138.089457
 10
80.915345
 20
138.099886
 10
80.904927
 20
138.112253
  0
LWPOLYLINE
  5
819
330
1F
100
AcDbEntity
  8
MUEBLES
  6
Continuous
100
AcDbPolyline
 90
        4
 70
     1
 43
0.0
 10
80.905435
 20
138.086528
 10
80.915853
 20
138.074162
 10
80.928232
 20
138.084591
 10
80.917813
 20
138.096957
  0
LWPOLYLINE
  5
81A
330
1F
100
AcDbEntity
  8
MUEBLES
  6
Continuous
100
AcDbPolyline
 90
        4
 70
     1
 43
0.0
 10
80.918321
 20
138.071233
 10
80.92874
 20
138.058867
 10
80.941118
 20
138.069296
 10
80.9307
 20
138.081662
  0
LWPOLYLINE
  5
81B
330
1F
100
AcDbEntity
  8
MUEBLES
  6
Continuous
100
AcDbPolyline
 90
        4
 70
     1
 43
0.0
 10
80.931208
 20
138.055938
 10
80.941626
 20
138.043572
 10
80.954005
 20
138.054001
 10
80.943586
 20
138.066367
  0
LWPOLYLINE
  5
81C
330
1F
100
AcDbEntity
  8
MUEBLES
  6
Continuous
100
AcDbPolyline
 90
        4
 70
     1
 43
0.0
 10
80.944094
 20
138.040643
 10
80.954513
 20
138.028277
 10
80.966891
 20
138.038706
 10
80.956473
 20
138.051072
  0
LWPOLYLINE
  5
81D
330
1F
100
AcDbEntity
  8
MUEBLES
  6
Continuous
100
AcDbPolyline
 90
        4
 70
     1
 43
0.0
 10
80.95698
 20
138.025348
 10
80.967399
 20
138.012982
 10
80.979778
 20
138.023411
 10
80.969359
 20
138.035777
  0
LWPOLYLINE
  5
81E
330
1F
100
AcDbEntity
  8
MUEBLES
  6
Continuous
100
AcDbPolyline
 90
        4
 70
     1
 43
0.0
 10
80.969867
 20
138.010053
 10
80.980286
 20
137.997687
 10
80.992664
 20
138.008116
 10
80.982245
 20
138.020482
  0
LWPOLYLINE
  5
81F
330
1F
100
AcDbEntity
  8
MUEBLES
  6
Continuous
100
AcDbPolyline
 90
        4
 70
     1
 43
0.0
 10
80.982753
 20
137.994758
 10
80.993172
 20
137.982392
 10
81.00555
 20
137.992821
 10
80.995132
 20
138.005187
  0
LWPOLYLINE
  5
820
330
1F
100
AcDbEntity
  8
MUEBLES
  6
Continuous
100
AcDbPolyline
 90
        4
 70
     1
 43
0.0
 10
80.99564
 20
137.979463
 10
81.006058
 20
137.967097
 10
81.018437
 20
137.977526
 10
81.008018
 20
137.989892
  0
LWPOLYLINE
  5
821
330
1F
100
AcDbEntity
  8
MUEBLES
  6
Continuous
100
AcDbPolyline
 90
        4
 70
     1
 43
0.0
 10
81.008526
 20
137.964168
 10
81.018945
 20
137.951802
 10
81.031323
 20
137.962231
 10
81.020905
 20
137.974597
  0
LWPOLYLINE
  5
822
330
1F
100
AcDbEntity
  8
MUEBLES
  6
Continuous
100
AcDbPolyline
 90
        4
 70
     1
 43
0.0
 10
80.900337
 20
138.123966
 10
80.910756
 20
138.1116
 10
80.923135
 20
138.122029
 10
80.912716
 20
138.134395
  0
LWPOLYLINE
  5
823
330
1F
100
AcDbEntity
  8
MUEBLES
  6
Continuous
100
AcDbPolyline
 90
        4
 70
     1
 43
0.0
 10
80.913224
 20
138.108671
 10
80.923643
 20
138.096305
 10
80.936021
 20
138.106734
 10
80.925602
 20
138.1191
  0
LWPOLYLINE
  5
824
330
1F
100
AcDbEntity
  8
MUEBLES
  6
Continuous
100
AcDbPolyline
 90
        4
 70
     1
 43
0.0
 10
80.92611
 20
138.093376
 10
80.936529
 20
138.08101
 10
80.948907
 20
138.091439
 10
80.938489
 20
138.103805
  0
LWPOLYLINE
  5
825
330
1F
100
AcDbEntity
  8
MUEBLES
  6
Continuous
100
AcDbPolyline
 90
        4
 70
     1
 43
0.0
 10
80.938997
 20
138.078081
 10
80.949415
 20
138.065715
 10
80.961794
 20
138.076144
 10
80.951375
 20
138.08851
  0
LWPOLYLINE
  5
826
330
1F
100
AcDbEntity
  8
MUEBLES
  6
Continuous
100
AcDbPolyline
 90
        4
 70
     1
 43
0.0
 10
80.951883
 20
138.062786
 10
80.962302
 20
138.05042
 10
80.97468
 20
138.060849
 10
80.964262
 20
138.073215
  0
LWPOLYLINE
  5
827
330
1F
100
AcDbEntity
  8
MUEBLES
  6
Continuous
100
AcDbPolyline
 90
        4
 70
     1
 43
0.0
 10
80.96477
 20
138.047491
 10
80.975188
 20
138.035125
 10
80.987567
 20
138.045554
 10
80.977148
 20
138.05792
  0
LWPOLYLINE
  5
828
330
1F
100
AcDbEntity
  8
MUEBLES
  6
Continuous
100
AcDbPolyline
 90
        4
 70
     1
 43
0.0
 10
80.977656
 20
138.032196
 10
80.988075
 20
138.01983
 10
81.000453
 20
138.030259
 10
80.990035
 20
138.042625
  0
LWPOLYLINE
  5
829
330
1F
100
AcDbEntity
  8
MUEBLES
  6
Continuous
100
AcDbPolyline
 90
        4
 70
     1
 43
0.0
 10
80.990543
 20
138.016901
 10
81.000961
 20
138.004534
 10
81.01334
 20
138.014964
 10
81.002921
 20
138.02733
  0
LWPOLYLINE
  5
82A
330
1F
100
AcDbEntity
  8
MUEBLES
  6
Continuous
100
AcDbPolyline
 90
        4
 70
     1
 43
0.0
 10
81.003429
 20
138.001605
 10
81.013848
 20
137.989239
 10
81.026226
 20
137.999668
 10
81.015807
 20
138.012035
  0
LWPOLYLINE
  5
82B
330
1F
100
AcDbEntity
  8
MUEBLES
  6
Continuous
100
AcDbPolyline
 90
        4
 70
     1
 43
0.0
 10
81.016315
 20
137.98631
 10
81.026734
 20
137.973944
 10
81.039113
 20
137.984373
 10
81.028694
 20
137.996739
  0
LWPOLYLINE
  5
82C
330
1F
100
AcDbEntity
  8
MUEBLES
  6
Continuous
100
AcDbPolyline
 90
        4
 70
     1
 43
0.0
 10
81.029202
 20
137.971015
 10
81.062545
 20
137.931439
 10
81.074924
 20
137.941869
 10
81.04158
 20
137.981444
  0
LWPOLYLINE
  5
82D
330
1F
100
AcDbEntity
  8
MUEBLES
  6
Continuous
100
AcDbPolyline
 90
        4
 70
     1
 43
0.0
 10
80.840891
 20
138.131749
 10
80.856157
 20
138.113629
 10
80.868535
 20
138.124059
 10
80.853269
 20
138.142178
  0
LWPOLYLINE
  5
82E
330
1F
100
AcDbEntity
  8
MUEBLES
  6
Continuous
100
AcDbPolyline
 90
        4
 70
     1
 43
0.0
 10
80.856357
 20
138.14478
 10
80.877682
 20
138.119468
 10
80.890061
 20
138.129897
 10
80.868735
 20
138.155209
  0
LWPOLYLINE
  5
82F
330
1F
100
AcDbEntity
  8
MUEBLES
  6
Continuous
100
AcDbPolyline
 90
        4
 70
     1
 43
0.0
 10
80.871823
 20
138.15781
 10
80.898147
 20
138.126566
 10
80.910526
 20
138.136995
 10
80.884201
 20
138.168239
  0
LWPOLYLINE
  5
830
330
1F
100
AcDbEntity
  8
MUEBLES
  6
Continuous
100
AcDbPolyline
 90
        4
 70
     1
 43
0.0
 10
80.885571
 20
138.169393
 10
80.900685
 20
138.151453
 10
80.913064
 20
138.161883
 10
80.897949
 20
138.179822
  0
LWPOLYLINE
  5
831
330
1F
100
AcDbEntity
  8
MUEBLES
  6
Continuous
100
AcDbPolyline
 90
        4
 70
     1
 43
0.0
 10
80.916285
 20
138.132938
 10
80.931399
 20
138.114999
 10
80.943778
 20
138.125428
 10
80.928663
 20
138.143368
  0
LWPOLYLINE
  5
832
330
1F
100
AcDbEntity
  8
MUEBLES
  6
Continuous
100
AcDbPolyline
 90
        4
 70
     1
 43
0.0
 10
80.933929
 20
138.111996
 10
81.033384
 20
137.993951
 10
81.045763
 20
138.004381
 10
80.946307
 20
138.122426
  0
LWPOLYLINE
  5
833
330
1F
100
AcDbEntity
  8
MUEBLES
  6
Continuous
100
AcDbPolyline
 90
        4
 70
     1
 43
0.0
 10
81.035577
 20
137.991349
 10
81.050691
 20
137.97341
 10
81.06307
 20
137.983839
 10
81.047955
 20
138.001778
  0
LWPOLYLINE
  5
834
330
1F
100
AcDbEntity
  8
MUEBLES
  6
Continuous
100
AcDbPolyline
 90
        4
 70
     1
 43
0.0
 10
81.061191
 20
137.960947
 10
81.076306
 20
137.943007
 10
81.088684
 20
137.953436
 10
81.07357
 20
137.971376
  0
LWPOLYLINE
  5
835
330
1F
100
AcDbEntity
  8
MUEBLES
  6
Continuous
100
AcDbPolyline
 90
        4
 70
     1
 43
0.0
 10
81.08576
 20
137.932657
 10
81.096179
 20
137.920291
 10
81.108557
 20
137.93072
 10
81.098139
 20
137.943087
  0
LWPOLYLINE
  5
836
330
1F
100
AcDbEntity
  8
MUEBLES
  6
Continuous
100
AcDbPolyline
 90
        4
 70
     1
 43
0.0
 10
81.098782
 20
137.917202
 10
81.1092
 20
137.904836
 10
81.121579
 20
137.915265
 10
81.11116
 20
137.927631
  0
LWPOLYLINE
  5
837
330
1F
100
AcDbEntity
  8
MUEBLES
  6
Continuous
100
AcDbPolyline
 90
        4
 70
     1
 43
0.0
 10
81.111803
 20
137.901747
 10
81.122222
 20
137.889381
 10
81.1346
 20
137.89981
 10
81.124182
 20
137.912176
  0
LWPOLYLINE
  5
838
330
1F
100
AcDbEntity
  8
MUEBLES
  6
Continuous
100
AcDbPolyline
 90
        4
 70
     1
 43
0.0
 10
81.084175
 20
137.904895
 10
81.094593
 20
137.892529
 10
81.106972
 20
137.902958
 10
81.096553
 20
137.915324
  0
LWPOLYLINE
  5
839
330
1F
100
AcDbEntity
  8
MUEBLES
  6
Continuous
100
AcDbPolyline
 90
        4
 70
     1
 43
0.0
 10
81.040364
 20
137.89441
 10
81.050783
 20
137.882044
 10
81.063161
 20
137.892473
 10
81.052742
 20
137.904839
  0
LWPOLYLINE
  5
83A
330
1F
100
AcDbEntity
  8
MUEBLES
  6
Continuous
100
AcDbPolyline
 90
        4
 70
     1
 43
0.0
 10
81.053385
 20
137.878955
 10
81.063804
 20
137.866589
 10
81.076183
 20
137.877018
 10
81.065764
 20
137.889384
  0
LWPOLYLINE
  5
83B
330
1F
100
AcDbEntity
  8
MUEBLES
  6
Continuous
100
AcDbPolyline
 90
        4
 70
     1
 43
0.0
 10
81.066407
 20
137.863499
 10
81.076826
 20
137.851133
 10
81.089204
 20
137.861562
 10
81.078785
 20
137.873928
  0
LWPOLYLINE
  5
83C
330
1F
100
AcDbEntity
  8
MUEBLES
  6
Continuous
100
AcDbPolyline
 90
        4
 70
     1
 43
0.0
 10
81.083091
 20
137.844278
 10
81.093509
 20
137.831912
 10
81.105888
 20
137.842341
 10
81.095469
 20
137.854707
  0
LWPOLYLINE
  5
83D
330
1F
100
AcDbEntity
  8
MUEBLES
  6
Continuous
100
AcDbPolyline
 90
        4
 70
     1
 43
0.0
 10
81.096112
 20
137.828823
 10
81.106531
 20
137.816457
 10
81.118909
 20
137.826886
 10
81.108491
 20
137.839252
  0
LWPOLYLINE
  5
83E
330
1F
100
AcDbEntity
  8
MUEBLES
  6
Continuous
100
AcDbPolyline
 90
        4
 70
     1
 43
0.0
 10
81.109134
 20
137.813367
 10
81.119552
 20
137.801001
 10
81.131931
 20
137.81143
 10
81.121512
 20
137.823796
  0
LWPOLYLINE
  5
83F
330
1F
100
AcDbEntity
  8
MUEBLES
  6
Continuous
100
AcDbPolyline
 90
        4
 70
     1
 43
0.0
 10
81.098557
 20
137.857309
 10
81.108976
 20
137.844943
 10
81.121354
 20
137.855372
 10
81.110936
 20
137.867738
  0
LWPOLYLINE
  5
840
330
1F
100
AcDbEntity
  8
MUEBLES
  6
Continuous
100
AcDbPolyline
 90
        4
 70
     1
 43
0.0
 10
81.111579
 20
137.841853
 10
81.121997
 20
137.829487
 10
81.134376
 20
137.839916
 10
81.123957
 20
137.852282
  0
LWPOLYLINE
  5
841
330
1F
100
AcDbEntity
  8
MUEBLES
  6
Continuous
100
AcDbPolyline
 90
        4
 70
     1
 43
0.0
 10
81.1246
 20
137.826398
 10
81.135019
 20
137.814032
 10
81.147397
 20
137.824461
 10
81.136979
 20
137.836827
  0
LWPOLYLINE
  5
842
330
1F
100
AcDbEntity
  8
MUEBLES
  6
Continuous
100
AcDbPolyline
 90
        4
 70
     1
 43
0.0
 10
81.114023
 20
137.870339
 10
81.124442
 20
137.857973
 10
81.13682
 20
137.868402
 10
81.126402
 20
137.880769
  0
LWPOLYLINE
  5
843
330
1F
100
AcDbEntity
  8
MUEBLES
  6
Continuous
100
AcDbPolyline
 90
        4
 70
     1
 43
0.0
 10
81.127045
 20
137.854884
 10
81.137463
 20
137.842518
 10
81.149842
 20
137.852947
 10
81.139423
 20
137.865313
  0
LWPOLYLINE
  5
844
330
1F
100
AcDbEntity
  8
MUEBLES
  6
Continuous
100
AcDbPolyline
 90
        4
 70
     1
 43
0.0
 10
81.140066
 20
137.839429
 10
81.150485
 20
137.827063
 10
81.162863
 20
137.837492
 10
81.152445
 20
137.849858
  0
LWPOLYLINE
  5
845
330
1F
100
AcDbEntity
  8
MUEBLES
  6
Continuous
100
AcDbPolyline
 90
        4
 70
     1
 43
0.0
 10
81.153814
 20
137.851011
 10
81.164233
 20
137.838645
 10
81.176611
 20
137.849074
 10
81.166193
 20
137.861441
  0
LWPOLYLINE
  5
846
330
1F
100
AcDbEntity
  8
MUEBLES
  6
Continuous
100
AcDbPolyline
 90
        4
 70
     1
 43
0.0
 10
81.127771
 20
137.881922
 10
81.151211
 20
137.854101
 10
81.16359
 20
137.86453
 10
81.14015
 20
137.892351
  0
LWPOLYLINE
  5
847
330
1F
100
AcDbEntity
  8
MUEBLES
  6
Continuous
100
AcDbPolyline
 90
        4
 70
     1
 43
0.0
 10
81.106689
 20
137.784881
 10
81.117108
 20
137.772515
 10
81.144952
 20
137.795975
 10
81.134534
 20
137.808341
  0
LWPOLYLINE
  5
848
330
1F
100
AcDbEntity
  8
MUEBLES
  6
Continuous
100
AcDbPolyline
 90
        4
 70
     1
 43
0.0
 10
81.137622
 20
137.810943
 10
81.14804
 20
137.798576
 10
81.160419
 20
137.809006
 10
81.15
 20
137.821372
  0
LWPOLYLINE
  5
849
330
1F
100
AcDbEntity
  8
MUEBLES
  6
Continuous
100
AcDbPolyline
 90
        4
 70
     1
 43
0.0
 10
81.153088
 20
137.823973
 10
81.163507
 20
137.811607
 10
81.189633
 20
137.833619
 10
81.179214
 20
137.845985
  0
LWPOLYLINE
  5
84A
330
1F
100
AcDbEntity
  8
MUEBLES
  6
Continuous
100
AcDbPolyline
 90
        7
 70
     0
 43
0.0
 10
81.029463
 20
137.939637
 10
81.013966
 20
137.92658
 10
81.031703
 20
137.905528
 10
81.059518
 20
137.928963
 10
81.033916
 20
137.95935
 10
81.021598
 20
137.948972
 10
81.029463
 20
137.939637
  0
LWPOLYLINE
  5
84B
330
1F
100
AcDbEntity
  8
MUEBLES
  6
Continuous
100
AcDbPolyline
 90
        4
 70
     1
 43
0.0
 10
81.041969
 20
137.809885
 10
81.091366
 20
137.751254
 10
81.103853
 20
137.761775
 10
81.054456
 20
137.820405
  0
LWPOLYLINE
  5
84C
330
1F
100
AcDbEntity
  8
MUEBLES
  6
Continuous
100
AcDbPolyline
 90
        4
 70
     1
 43
0.0
 10
80.793436
 20
138.096518
 10
81.09012
 20
137.744379
 10
81.207513
 20
137.843285
 10
80.910828
 20
138.195424
  0
LWPOLYLINE
  5
84D
330
1F
100
AcDbEntity
  8
MUEBLES
  6
Continuous
100
AcDbPolyline
 90
        4
 70
     1
 43
0.0
 10
80.910828
 20
138.195424
 10
81.207513
 20
137.843285
 10
81.214437
 20
137.849119
 10
80.917752
 20
138.201258
  0
LWPOLYLINE
  5
84E
330
1F
100
AcDbEntity
  8
MUEBLES
  6
Continuous
100
AcDbPolyline
 90
        4
 70
     1
 43
0.0
 10
81.086722
 20
137.741516
 10
80.790038
 20
138.093656
 10
80.77579
 20
138.081652
 10
81.072475
 20
137.729512
  0
LINE
  5
84F
330
1F
100
AcDbEntity
  8
MUEBLES
  6
Continuous
100
AcDbLine
 10
80.975866
 20
138.587922
 30
0.0
 11
80.375866
 21
138.587922
 31
0.0
  0
TEXT
  5
850
330
1F
100
AcDbEntity
  8
02
  6
Continuous
 48
0.1
100
AcDbText
 10
72.791103
 20
138.726016
 30
0.0
 40
0.17
  1
VARONES
  7
STYLUS
100
AcDbText
  0
TEXT
  5
851
330
1F
100
AcDbEntity
  8
02
  6
Continuous
 48
0.1
100
AcDbText
 10
72.791103
 20
138.966401
 30
0.0
 40
0.17
  1
BAÑO
  7
STYLUS
100
AcDbText
  0
TEXT
  5
852
330
1F
100
AcDbEntity
  8
02
  6
Continuous
 48
0.1
100
AcDbText
 10
74.662675
 20
138.43169
 30
0.0
 40
0.17
  1
MUJERES
  7
STYLUS
100
AcDbText
  0
TEXT
  5
853
330
1F
100
AcDbEntity
  8
02
  6
Continuous
 48
0.1
100
AcDbText
 10
74.662675
 20
138.672075
 30
0.0
 40
0.17
  1
BAÑO
  7
STYLUS
100
AcDbText
  0
TEXT
  5
854
330
1F
100
AcDbEntity
  8
02
  6
Continuous
 48
0.1
100
AcDbText
 10
76.275163
 20
138.287362
 30
0.0
 40
0.17
  1
OFFICE
  7
STYLUS
100
AcDbText
  0
TEXT
  5
855
330
1F
100
AcDbEntity
  8
02
  6
Continuous
 48
0.1
100
AcDbText
 10
77.650052
 20
136.270388
 30
0.0
 40
0.17
  1
DEPOSITO
  7
STYLUS
100
AcDbText
  0
TEXT
  5
856
330
1F
100
AcDbEntity
  8
02
  6
Continuous
 48
0.1
100
AcDbText
 10
74.903853
 20
136.42367
 30
0.0
 40
0.17
  1
PASO
  7
STYLUS
100
AcDbText
  0
TEXT
  5
857
330
1F
100
AcDbEntity
  8
02
  6
Continuous
 48
0.1
100
AcDbText
 10
79.917424
 20
134.8959
 30
0.0
 40
0.17
  1
PASO
  7
STYLUS
100
AcDbText
  0
TEXT
  5
858
330
1F
100
AcDbEntity
  8
02
  6
Continuous
 48
0.1
100
AcDbText
 10
76.291714
 20
132.518222
 30
0.0
 40
0.17
  1
PASO
  7
STYLUS
100
AcDbText
  0
LINE
  5
859
330
1F
100
AcDbEntity
  8
MUROS
100
AcDbLine
 10
75.72012
 20
129.06147
 30
0.0
 11
75.72012
 21
128.81147
 31
0.0
  0
LINE
  5
85A
330
1F
100
AcDbEntity
  8
MUROS
100
AcDbLine
 10
75.72012
 20
129.06147
 30
0.0
 11
74.54012
 21
129.06147
 31
0.0
  0
LWPOLYLINE
  5
85B
330
1F
100
AcDbEntity
  8
MUROS
100
AcDbPolyline
 90
        2
 70
     0
 43
0.0
 10
75.72012
 20
128.81147
 10
74.54012
 20
128.81147
  0
LINE
  5
85C
330
1F
100
AcDbEntity
  8
MUROS
100
AcDbLine
 10
74.54012
 20
128.81147
 30
0.0
 11
74.54012
 21
129.06147
 31
0.0
  0
LINE
  5
85D
330
1F
100
AcDbEntity
  8
AUX
  6
Continuous
 48
0.5
100
AcDbLine
 10
72.69012
 20
129.06147
 30
0.0
 11
74.54012
 21
129.06147
 31
0.0
  0
LINE
  5
85E
330
1F
100
AcDbEntity
  8
AUX
  6
Continuous
 48
0.5
100
AcDbLine
 10
72.69012
 20
129.00147
 30
0.0
 11
74.54012
 21
129.00147
 31
0.0
  0
LINE
  5
85F
330
1F
100
AcDbEntity
  8
AUX
  6
Continuous
 48
0.5
100
AcDbLine
 10
72.69012
 20
128.94147
 30
0.0
 11
74.54012
 21
128.94147
 31
0.0
  0
LINE
  5
860
330
1F
100
AcDbEntity
  8
AUX
  6
Continuous
 48
0.5
100
AcDbLine
 10
72.69012
 20
128.81147
 30
0.0
 11
74.54012
 21
128.81147
 31
0.0
  0
LINE
  5
861
330
1F
100
AcDbEntity
  8
AUX
  6
Continuous
 48
0.5
100
AcDbLine
 10
75.72012
 20
129.06147
 30
0.0
 11
77.58012
 21
129.06147
 31
0.0
  0
LINE
  5
862
330
1F
100
AcDbEntity
  8
AUX
  6
Continuous
 48
0.5
100
AcDbLine
 10
75.72012
 20
129.00147
 30
0.0
 11
77.58012
 21
129.00147
 31
0.0
  0
LINE
  5
863
330
1F
100
AcDbEntity
  8
AUX
  6
Continuous
 48
0.5
100
AcDbLine
 10
75.72012
 20
128.94147
 30
0.0
 11
77.58012
 21
128.94147
 31
0.0
  0
LINE
  5
864
330
1F
100
AcDbEntity
  8
AUX
  6
Continuous
 48
0.5
100
AcDbLine
 10
75.72012
 20
128.81147
 30
0.0
 11
77.58012
 21
128.81147
 31
0.0
  0
LINE
  5
865
330
1F
100
AcDbEntity
  8
AUX
  6
Continuous
 48
0.5
100
AcDbLine
 10
80.87012
 20
129.06147
 30
0.0
 11
80.87012
 21
128.81147
 31
0.0
  0
LINE
  5
866
330
1F
100
AcDbEntity
  8
AUX
  6
Continuous
 48
0.5
100
AcDbLine
 10
80.87012
 20
129.06147
 30
0.0
 11
79.69012
 21
129.06147
 31
0.0
  0
LWPOLYLINE
  5
867
330
1F
100
AcDbEntity
  8
AUX
  6
Continuous
 48
0.5
100
AcDbPolyline
 90
        2
 70
     0
 43
0.0
 10
80.87012
 20
128.81147
 10
79.69012
 20
128.81147
  0
LINE
  5
868
330
1F
100
AcDbEntity
  8
AUX
  6
Continuous
 48
0.5
100
AcDbLine
 10
79.69012
 20
128.81147
 30
0.0
 11
79.69012
 21
129.06147
 31
0.0
  0
LINE
  5
869
330
1F
100
AcDbEntity
  8
AUX
  6
Continuous
 48
0.5
100
AcDbLine
 10
77.80012
 20
129.06147
 30
0.0
 11
79.69012
 21
129.06147
 31
0.0
  0
LINE
  5
86A
330
1F
100
AcDbEntity
  8
AUX
  6
Continuous
 48
0.5
100
AcDbLine
 10
77.80012
 20
129.00147
 30
0.0
 11
79.69012
 21
129.00147
 31
0.0
  0
LINE
  5
86B
330
1F
100
AcDbEntity
  8
AUX
  6
Continuous
 48
0.5
100
AcDbLine
 10
77.80012
 20
128.94147
 30
0.0
 11
79.69012
 21
128.94147
 31
0.0
  0
LINE
  5
86C
330
1F
100
AcDbEntity
  8
AUX
  6
Continuous
 48
0.5
100
AcDbLine
 10
77.80012
 20
128.81147
 30
0.0
 11
79.69012
 21
128.81147
 31
0.0
  0
LINE
  5
86D
330
1F
100
AcDbEntity
  8
AUX
  6
Continuous
 48
0.5
100
AcDbLine
 10
80.87012
 20
129.06147
 30
0.0
 11
82.76012
 21
129.06147
 31
0.0
  0
LINE
  5
86E
330
1F
100
AcDbEntity
  8
AUX
  6
Continuous
 48
0.5
100
AcDbLine
 10
80.87012
 20
129.00147
 30
0.0
 11
82.76012
 21
129.00147
 31
0.0
  0
LINE
  5
86F
330
1F
100
AcDbEntity
  8
AUX
  6
Continuous
 48
0.5
100
AcDbLine
 10
80.87012
 20
128.94147
 30
0.0
 11
82.76012
 21
128.94147
 31
0.0
  0
LINE
  5
870
330
1F
100
AcDbEntity
  8
AUX
  6
Continuous
 48
0.5
100
AcDbLine
 10
80.87012
 20
128.81147
 30
0.0
 11
82.76012
 21
128.81147
 31
0.0
  0
LINE
  5
871
330
1F
100
AcDbEntity
  8
MUROS
100
AcDbLine
 10
72.68012
 20
129.06147
 30
0.0
 11
72.68012
 21
128.81147
 31
0.0
  0
LINE
  5
872
330
1F
100
AcDbEntity
  8
AUX
  6
Continuous
 48
0.5
100
AcDbLine
 10
79.69012
 20
128.890911
 30
0.0
 11
80.87012
 21
128.890911
 31
0.0
  0
LINE
  5
873
330
1F
100
AcDbEntity
  8
AUX
  6
Continuous
 48
0.5
100
AcDbLine
 10
86.12012
 20
129.06147
 30
0.0
 11
86.12012
 21
128.81147
 31
0.0
  0
LINE
  5
874
330
1F
100
AcDbEntity
  8
AUX
  6
Continuous
 48
0.5
100
AcDbLine
 10
86.12012
 20
129.06147
 30
0.0
 11
84.94012
 21
129.06147
 31
0.0
  0
LWPOLYLINE
  5
875
330
1F
100
AcDbEntity
  8
AUX
  6
Continuous
 48
0.5
100
AcDbPolyline
 90
        2
 70
     0
 43
0.0
 10
86.12012
 20
128.81147
 10
84.94012
 20
128.81147
  0
LINE
  5
876
330
1F
100
AcDbEntity
  8
AUX
  6
Continuous
 48
0.5
100
AcDbLine
 10
84.94012
 20
128.81147
 30
0.0
 11
84.94012
 21
129.06147
 31
0.0
  0
LINE
  5
877
330
1F
100
AcDbEntity
  8
AUX
  6
Continuous
 48
0.5
100
AcDbLine
 10
82.98012
 20
129.06147
 30
0.0
 11
84.94012
 21
129.06147
 31
0.0
  0
LINE
  5
878
330
1F
100
AcDbEntity
  8
AUX
  6
Continuous
 48
0.5
100
AcDbLine
 10
82.98012
 20
129.00147
 30
0.0
 11
84.94012
 21
129.00147
 31
0.0
  0
LINE
  5
879
330
1F
100
AcDbEntity
  8
AUX
  6
Continuous
 48
0.5
100
AcDbLine
 10
82.98012
 20
128.94147
 30
0.0
 11
84.94012
 21
128.94147
 31
0.0
  0
LINE
  5
87A
330
1F
100
AcDbEntity
  8
AUX
  6
Continuous
 48
0.5
100
AcDbLine
 10
82.98012
 20
128.81147
 30
0.0
 11
84.94012
 21
128.81147
 31
0.0
  0
LINE
  5
87B
330
1F
100
AcDbEntity
  8
AUX
  6
Continuous
 48
0.5
100
AcDbLine
 10
86.12012
 20
129.06147
 30
0.0
 11
88.08012
 21
129.06147
 31
0.0
  0
LINE
  5
87C
330
1F
100
AcDbEntity
  8
AUX
  6
Continuous
 48
0.5
100
AcDbLine
 10
86.12012
 20
129.00147
 30
0.0
 11
88.08012
 21
129.00147
 31
0.0
  0
LINE
  5
87D
330
1F
100
AcDbEntity
  8
AUX
  6
Continuous
 48
0.5
100
AcDbLine
 10
86.12012
 20
128.94147
 30
0.0
 11
88.08012
 21
128.94147
 31
0.0
  0
LINE
  5
87E
330
1F
100
AcDbEntity
  8
AUX
  6
Continuous
 48
0.5
100
AcDbLine
 10
86.12012
 20
128.81147
 30
0.0
 11
88.08012
 21
128.81147
 31
0.0
  0
LINE
  5
87F
330
1F
100
AcDbEntity
  8
AUX
  6
Continuous
 48
0.5
100
AcDbLine
 10
84.94012
 20
128.890911
 30
0.0
 11
86.12012
 21
128.890911
 31
0.0
  0
LINE
  5
880
330
1F
100
AcDbEntity
  8
AUX
  6
Continuous
 48
0.5
100
AcDbLine
 10
88.08012
 20
132.14147
 30
0.0
 11
88.33012
 21
132.14147
 31
0.0
  0
LINE
  5
881
330
1F
100
AcDbEntity
  8
AUX
  6
Continuous
 48
0.5
100
AcDbLine
 10
88.08012
 20
132.14147
 30
0.0
 11
88.08012
 21
130.96147
 31
0.0
  0
LWPOLYLINE
  5
882
330
1F
100
AcDbEntity
  8
AUX
  6
Continuous
 48
0.5
100
AcDbPolyline
 90
        2
 70
     0
 43
0.0
 10
88.33012
 20
132.14147
 10
88.33012
 20
130.96147
  0
LINE
  5
883
330
1F
100
AcDbEntity
  8
AUX
  6
Continuous
 48
0.5
100
AcDbLine
 10
88.33012
 20
130.96147
 30
0.0
 11
88.08012
 21
130.96147
 31
0.0
  0
LINE
  5
884
330
1F
100
AcDbEntity
  8
AUX
  6
Continuous
 48
0.5
100
AcDbLine
 10
88.08012
 20
129.06147
 30
0.0
 11
88.08012
 21
130.96147
 31
0.0
  0
LINE
  5
885
330
1F
100
AcDbEntity
  8
AUX
  6
Continuous
 48
0.5
100
AcDbLine
 10
88.14012
 20
129.06147
 30
0.0
 11
88.14012
 21
130.96147
 31
0.0
  0
LINE
  5
886
330
1F
100
AcDbEntity
  8
AUX
  6
Continuous
 48
0.5
100
AcDbLine
 10
88.20012
 20
129.06147
 30
0.0
 11
88.20012
 21
130.96147
 31
0.0
  0
LINE
  5
887
330
1F
100
AcDbEntity
  8
AUX
  6
Continuous
 48
0.5
100
AcDbLine
 10
88.33012
 20
129.06147
 30
0.0
 11
88.33012
 21
130.96147
 31
0.0
  0
LINE
  5
888
330
1F
100
AcDbEntity
  8
AUX
  6
Continuous
 48
0.5
100
AcDbLine
 10
88.08012
 20
132.14147
 30
0.0
 11
88.08012
 21
134.04147
 31
0.0
  0
LINE
  5
889
330
1F
100
AcDbEntity
  8
AUX
  6
Continuous
 48
0.5
100
AcDbLine
 10
88.14012
 20
132.14147
 30
0.0
 11
88.14012
 21
134.04147
 31
0.0
  0
LINE
  5
88A
330
1F
100
AcDbEntity
  8
AUX
  6
Continuous
 48
0.5
100
AcDbLine
 10
88.20012
 20
132.14147
 30
0.0
 11
88.20012
 21
134.04147
 31
0.0
  0
LINE
  5
88B
330
1F
100
AcDbEntity
  8
AUX
  6
Continuous
 48
0.5
100
AcDbLine
 10
88.33012
 20
132.14147
 30
0.0
 11
88.33012
 21
134.04147
 31
0.0
  0
LINE
  5
88C
330
1F
100
AcDbEntity
  8
AUX
  6
Continuous
 48
0.5
100
AcDbLine
 10
88.25068
 20
130.96147
 30
0.0
 11
88.25068
 21
132.14147
 31
0.0
  0
TEXT
  5
88D
330
1F
100
AcDbEntity
  8
02
  6
Continuous
 48
0.1
100
AcDbText
 10
79.300929
 20
130.179837
 30
0.0
 40
0.17
  1
BOX
  7
STYLUS
100
AcDbText
  0
TEXT
  5
88E
330
1F
100
AcDbEntity
  8
02
  6
Continuous
 48
0.1
100
AcDbText
 10
82.418795
 20
130.179837
 30
0.0
 40
0.17
  1
BOX
  7
STYLUS
100
AcDbText
  0
TEXT
  5
88F
330
1F
100
AcDbEntity
  8
02
  6
Continuous
 48
0.1
100
AcDbText
 10
85.870714
 20
130.179837
 30
0.0
 40
0.17
  1
BOX
  7
STYLUS
100
AcDbText
  0
TEXT
  5
890
330
1F
100
AcDbEntity
  8
02
  6
Continuous
 48
0.1
100
AcDbText
 10
86.61465
 20
132.442573
 30
0.0
 40
0.17
  1
BOX
  7
STYLUS
100
AcDbText
  0
VIEWPORT
  5
20F
330
D6
100
AcDbEntity
 67
     1
  8
0
 48
100.0
100
AcDbViewport
 10
0.0
 20
0.0
 30
0.0
 40
466.965848
 41
238.196088
 68
     1
 69
     1
 12
128.5
 22
97.5
 13
0.0
 23
0.0
 14
10.0
 24
10.0
 15
10.0
 25
10.0
 16
0.0
 26
0.0
 36
1.0
 17
0.0
 27
0.0
 37
0.0
 42
50.0
 43
0.0
 44
0.0
 45
238.196088
 50
0.0
 51
0.0
 72
   100
 90
   557168
  1

281
     0
 71
     1
 74
     0
110
0.0
120
0.0
130
0.0
111
1.0
121
0.0
131
0.0
112
0.0
122
1.0
132
0.0
 79
     0
146
0.0
170
     0
 61
     5
348
F5
292
     1
282
     1
141
0.0
142
0.0
 63
   256
  0
ENDSEC
  0
SECTION
  2
OBJECTS
  0
DICTIONARY
  5
C
330
0
100
AcDbDictionary
281
     1
  3
ACAD_COLOR
350
6B
  3
ACAD_DETAILVIEWSTYLE
350
897
  3
ACAD_GROUP
350
D
  3
ACAD_IMAGE_DICT
350
351
  3
ACAD_LAYOUT
350
1A
  3
ACAD_MATERIAL
350
6A
  3
ACAD_MLEADERSTYLE
350
12D
  3
ACAD_MLINESTYLE
350
17
  3
ACAD_PLOTSETTINGS
350
19
  3
ACAD_PLOTSTYLENAME
350
E
  3
ACAD_SCALELIST
350
10C
  3
ACAD_SECTIONVIEWSTYLE
350
898
  3
ACAD_TABLESTYLE
350
7E
  3
ACAD_VISUALSTYLE
350
EF
  3
ACDB_RECOMPOSE_DATA
350
896
  3
AcDbVariableDictionary
350
5E
  3
MCS_STREAM_DICT
350
34E
  0
SUN
  5
364
330
EA
100
AcDbSun
 90
        1
290
     0
 63
     7
421
 16777215
 40
1.0
291
     1
 91
  2455826
 92
 54000000
292
     0
 70
     2
 71
   256
280
     1
  0
DICTIONARY
  5
891
330
2
100
AcDbDictionary
280
     1
281
     1
  3
ACAD_LAYERSTATES
360
892
  0
DICTIONARY
  5
234
330
1F
100
AcDbDictionary
280
     1
281
     1
  3
ACAD_SORTENTS
360
235
  0
DICTIONARY
  5
6B
102
{ACAD_REACTORS
330
C
102
}
330
C
100
AcDbDictionary
281
     1
  0
DICTIONARY
  5
897
102
{ACAD_REACTORS
330
C
102
}
330
C
100
AcDbDictionary
281
     1
  0
DICTIONARY
  5
D
102
{ACAD_REACTORS
330
C
102
}
330
C
100
AcDbDictionary
281
     1
  0
DICTIONARY
  5
351
102
{ACAD_REACTORS
330
C
102
}
330
C
100
AcDbDictionary
281
     1
  0
DICTIONARY
  5
1A
102
{ACAD_REACTORS
330
C
102
}
330
C
100
AcDbDictionary
281
     1
  3
A0
350
225
  3
A1
350
220
  3
A2
350
21B
  3
A3
350
216
  3
A4
350
211
  3
Layout1
350
D3
  3
Layout2
350
D7
  3
Model
350
22
  0
DICTIONARY
  5
6A
102
{ACAD_REACTORS
330
C
102
}
330
C
100
AcDbDictionary
281
     1
  3
ByBlock
350
ED
  3
ByLayer
350
EC
  3
Global
350
EE
  0
DICTIONARY
  5
12D
102
{ACAD_REACTORS
330
C
102
}
330
C
100
AcDbDictionary
281
     1
  3
Standard
350
12E
  3
Аннотативный
350
13B
  0
DICTIONARY
  5
17
102
{ACAD_REACTORS
330
C
102
}
330
C
100
AcDbDictionary
281
     1
  3
Standard
350
18
  0
DICTIONARY
  5
19
102
{ACAD_REACTORS
330
C
102
}
330
C
100
AcDbDictionary
281
     1
  0
ACDBDICTIONARYWDFLT
  5
E
102
{ACAD_REACTORS
330
C
102
}
330
C
100
AcDbDictionary
281
     1
  3
Normal
350
F
100
AcDbDictionaryWithDefault
340
F
  0
DICTIONARY
  5
10C
102
{ACAD_REACTORS
330
C
102
}
330
C
100
AcDbDictionary
281
     1
  3
A0
350
10D
  3
A1
350
1BE
  3
A2
350
1BF
  3
A3
350
1C0
  3
A4
350
1C1
  3
A5
350
1C2
  3
A6
350
1C3
  3
A7
350
1C4
  3
A8
350
1C5
  3
A9
350
1C6
  3
B0
350
1C7
  3
B1
350
1C8
  3
B2
350
1C9
  3
B3
350
1CA
  3
B4
350
1CB
  3
B5
350
1CC
  3
B6
350
1CD
  0
DICTIONARY
  5
898
102
{ACAD_REACTORS
330
C
102
}
330
C
100
AcDbDictionary
281
     1
  0
DICTIONARY
  5
7E
102
{ACAD_REACTORS
330
C
102
}
330
C
100
AcDbDictionary
281
     1
  3
Standard
350
7F
  0
DICTIONARY
  5
EF
102
{ACAD_REACTORS
330
C
102
}
330
C
100
AcDbDictionary
281
     1
  3
2dWireframe
350
F5
  3
3D Hidden
350
F7
  3
3dWireframe
350
F6
  3
Basic
350
F4
  3
Brighten
350
FB
  3
ColorChange
350
FF
  3
Conceptual
350
F8
  3
Dim
350
FA
  3
EdgeColorOff
350
35E
  3
Facepattern
350
FE
  3
Flat
350
F0
  3
FlatWithEdges
350
F1
  3
Gouraud
350
F2
  3
GouraudWithEdges
350
F3
  3
Hidden
350
35B
  3
JitterOff
350
35C
  3
Linepattern
350
FD
  3
OverhangOff
350
35D
  3
Realistic
350
F9
  3
Shaded
350
363
  3
Shaded with edges
350
362
  3
Shades of Gray
350
35F
  3
Sketchy
350
360
  3
Thicken
350
FC
  3
Wireframe
350
35A
  3
X-Ray
350
361
  0
XRECORD
  5
896
102
{ACAD_REACTORS
330
C
102
}
330
C
100
AcDbXrecord
280
     1
 90
        1
330
7F
  0
DICTIONARY
  5
5E
102
{ACAD_REACTORS
330
C
102
}
330
C
100
AcDbDictionary
281
     1
  3
CANNOSCALE
350
146
  3
CMLEADERSTYLE
350
145
  3
CTABLESTYLE
350
84
  3
DIMASSOC
350
5F
  3
HIDETEXT
350
63
  3
LAYEREVAL
350
1AE
  3
LAYERNOTIFY
350
1AF
  3
XCLIPFRAME
350
356
  0
DICTIONARY
  5
34E
102
{ACAD_REACTORS
330
C
102
}
330
C
100
AcDbDictionary
281
     1
  3
MC_VERSION_DATA
350
893
  3
MCS_DOCUMENT_ID
350
357
  3
MCS_PARAMS_DATA
350
365
  0
DICTIONARY
  5
892
102
{ACAD_REACTORS
330
891
102
}
330
891
100
AcDbDictionary
281
     1
  0
SORTENTSTABLE
  5
235
102
{ACAD_REACTORS
330
234
102
}
330
234
100
AcDbSortentsTable
330
1F
331
0
  5
237
  0
LAYOUT
  5
225
102
{ACAD_REACTORS
330
1A
102
}
330
1A
100
AcDbPlotSettings
  1

  2
none_device
  4
ISO_A0_(1189.00_x_841.00_MM)
  6

 40
7.5
 41
20.0
 42
7.5
 43
20.0
 44
1189.0
 45
841.0
 46
0.0
 47
0.0
 48
0.0
 49
0.0
140
0.0
141
0.0
142
1.0
143
1.0
 70
   688
 72
     1
 73
     0
 74
     5
  7

 75
    16
 76
     0
 77
     2
 78
   300
147
1.0
148
0.0
149
0.0
100
AcDbLayout
  1
A0
 70
     0
 71
     7
 10
0.0
 20
0.0
 11
0.0
 21
0.0
 12
0.0
 22
0.0
 32
0.0
 14
0.0
 24
0.0
 34
0.0
 15
0.0
 25
0.0
 35
0.0
146
0.0
 13
0.0
 23
0.0
 33
0.0
 16
1.0
 26
0.0
 36
0.0
 17
0.0
 27
1.0
 37
0.0
 76
     0
330
224
331
228
  0
LAYOUT
  5
220
102
{ACAD_REACTORS
330
1A
102
}
330
1A
100
AcDbPlotSettings
  1

  2
none_device
  4
ISO_A1_(841.00_x_594.00_MM)
  6

 40
7.5
 41
20.0
 42
7.5
 43
20.0
 44
841.0
 45
594.0
 46
0.0
 47
0.0
 48
0.0
 49
0.0
140
0.0
141
0.0
142
1.0
143
1.0
 70
   688
 72
     1
 73
     0
 74
     5
  7

 75
    16
 76
     0
 77
     2
 78
   300
147
1.0
148
0.0
149
0.0
100
AcDbLayout
  1
A1
 70
     1
 71
     6
 10
-20.0
 20
-7.5
 11
277.0
 21
202.5
 12
0.0
 22
0.0
 32
0.0
 14
0.0
 24
0.0
 34
0.0
 15
0.0
 25
0.0
 35
0.0
146
0.0
 13
0.0
 23
0.0
 33
0.0
 16
1.0
 26
0.0
 36
0.0
 17
0.0
 27
1.0
 37
0.0
 76
     0
330
21F
331
223
  0
LAYOUT
  5
21B
102
{ACAD_REACTORS
330
1A
102
}
330
1A
100
AcDbPlotSettings
  1

  2
none_device
  4
ISO_A2_(594.00_x_420.00_MM)
  6

 40
7.5
 41
20.0
 42
7.5
 43
20.0
 44
594.0
 45
420.0
 46
0.0
 47
0.0
 48
0.0
 49
0.0
140
0.0
141
0.0
142
1.0
143
1.0
 70
   688
 72
     1
 73
     0
 74
     5
  7

 75
    16
 76
     0
 77
     2
 78
   300
147
1.0
148
0.0
149
0.0
100
AcDbLayout
  1
A2
 70
     1
 71
     5
 10
0.0
 20
0.0
 11
0.0
 21
0.0
 12
0.0
 22
0.0
 32
0.0
 14
0.0
 24
0.0
 34
0.0
 15
0.0
 25
0.0
 35
0.0
146
0.0
 13
0.0
 23
0.0
 33
0.0
 16
1.0
 26
0.0
 36
0.0
 17
0.0
 27
1.0
 37
0.0
 76
     0
330
21A
331
21E
  0
LAYOUT
  5
216
102
{ACAD_REACTORS
330
1A
102
}
330
1A
100
AcDbPlotSettings
  1

  2
none_device
  4
ISO_A3_(420.00_x_297.00_MM)
  6

 40
7.5
 41
20.0
 42
7.5
 43
20.0
 44
420.0
 45
297.0
 46
0.0
 47
0.0
 48
0.0
 49
0.0
140
0.0
141
0.0
142
1.0
143
1.0
 70
   688
 72
     1
 73
     0
 74
     5
  7

 75
    16
 76
     0
 77
     2
 78
   300
147
1.0
148
0.0
149
0.0
100
AcDbLayout
  1
A3
 70
     1
 71
     4
 10
0.0
 20
0.0
 11
0.0
 21
0.0
 12
0.0
 22
0.0
 32
0.0
 14
0.0
 24
0.0
 34
0.0
 15
0.0
 25
0.0
 35
0.0
146
0.0
 13
0.0
 23
0.0
 33
0.0
 16
1.0
 26
0.0
 36
0.0
 17
0.0
 27
1.0
 37
0.0
 76
     0
330
215
331
219
  0
LAYOUT
  5
211
102
{ACAD_REACTORS
330
1A
102
}
330
1A
100
AcDbPlotSettings
  1

  2
none_device
  4
ISO_A4_(210.00_x_297.00_MM)
  6

 40
7.5
 41
20.0
 42
7.5
 43
20.0
 44
210.0
 45
297.0
 46
0.0
 47
0.0
 48
0.0
 49
0.0
140
0.0
141
0.0
142
1.0
143
1.0
 70
   688
 72
     1
 73
     0
 74
     5
  7

 75
    16
 76
     0
 77
     2
 78
   300
147
1.0
148
0.0
149
0.0
100
AcDbLayout
  1
A4
 70
     1
 71
     3
 10
0.0
 20
0.0
 11
0.0
 21
0.0
 12
0.0
 22
0.0
 32
0.0
 14
0.0
 24
0.0
 34
0.0
 15
0.0
 25
0.0
 35
0.0
146
0.0
 13
0.0
 23
0.0
 33
0.0
 16
1.0
 26
0.0
 36
0.0
 17
0.0
 27
1.0
 37
0.0
 76
     0
330
210
331
214
  0
LAYOUT
  5
D3
102
{ACAD_REACTORS
330
1A
102
}
330
1A
100
AcDbPlotSettings
  1

  2
none_device
  4
ISO_A4_(210.00_x_297.00_MM)
  6

 40
7.5
 41
20.0
 42
7.5
 43
20.0
 44
210.0
 45
297.0
 46
0.0
 47
0.0
 48
0.0
 49
0.0
140
0.0
141
0.0
142
1.0
143
1.0
 70
   688
 72
     1
 73
     1
 74
     5
  7

 75
    16
 76
     0
 77
     2
 78
   300
147
1.0
148
0.0
149
0.0
100
AcDbLayout
  1
Layout1
 70
     0
 71
     1
 10
0.0
 20
0.0
 11
12.0
 21
9.0
 12
0.0
 22
0.0
 32
0.0
 14
0.0
 24
0.0
 34
0.0
 15
0.0
 25
0.0
 35
0.0
146
0.0
 13
0.0
 23
0.0
 33
0.0
 16
1.0
 26
0.0
 36
0.0
 17
0.0
 27
1.0
 37
0.0
 76
     0
330
D2
331
229
  0
LAYOUT
  5
D7
102
{ACAD_REACTORS
330
1A
102
}
330
1A
100
AcDbPlotSettings
  1

  2
none_device
  4
ISO_A4_(210.00_x_297.00_MM)
  6

 40
7.5
 41
20.0
 42
7.5
 43
20.0
 44
210.0
 45
297.0
 46
0.0
 47
0.0
 48
0.0
 49
0.0
140
0.0
141
0.0
142
1.0
143
1.0
 70
   688
 72
     1
 73
     1
 74
     5
  7

 75
    16
 76
     0
 77
     2
 78
   300
147
1.0
148
0.0
149
0.0
100
AcDbLayout
  1
Layout2
 70
     0
 71
     2
 10
-20.0
 20
-7.5
 11
277.0
 21
202.5
 12
0.0
 22
0.0
 32
0.0
 14
0.0
 24
0.0
 34
0.0
 15
0.0
 25
0.0
 35
0.0
146
0.0
 13
0.0
 23
0.0
 33
0.0
 16
1.0
 26
0.0
 36
0.0
 17
0.0
 27
1.0
 37
0.0
 76
     0
330
D6
331
20F
  0
LAYOUT
  5
22
102
{ACAD_REACTORS
330
1A
102
}
102
{ACAD_XDICTIONARY
360
358
102
}
330
1A
100
AcDbPlotSettings
  1

  2
none_device
  4
ISO_A4_(210.00_x_297.00_MM)
  6

 40
7.5
 41
20.0
 42
7.5
 43
20.0
 44
210.0
 45
297.0
 46
0.0
 47
0.0
 48
0.0
 49
0.0
140
0.0
141
0.0
142
1.0
143
3.249677
 70
 11952
 72
     1
 73
     0
 74
     0
  7

 75
     0
 76
     0
 77
     2
 78
   300
147
0.307723
148
0.0
149
0.0
100
AcDbLayout
  1
Model
 70
     1
 71
     0
 10
0.0
 20
0.0
 11
420.0
 21
297.0
 12
0.0
 22
0.0
 32
0.0
 14
0.0
 24
0.0
 34
0.0
 15
0.0
 25
0.0
 35
0.0
146
0.0
 13
0.0
 23
0.0
 33
0.0
 16
1.0
 26
0.0
 36
0.0
 17
0.0
 27
1.0
 37
0.0
 76
     0
330
1F
331
EA
1001
ACAD_PSEXT
1000
None
1000
None
1000
Not applicable
1000
The layout will not be plotted unless a new plotter configuration name is selected.
1070
     0
  0
MATERIAL
  5
ED
102
{ACAD_REACTORS
330
6A
102
}
330
6A
100
AcDbMaterial
  1
ByBlock
 72
     1
 73
     2
 78
     2
172
     2
176
     2
270
     2
274
     2
 94
       63
  0
MATERIAL
  5
EC
102
{ACAD_REACTORS
330
6A
102
}
330
6A
100
AcDbMaterial
  1
ByLayer
 72
     1
 73
     2
 78
     2
172
     2
176
     2
270
     2
274
     2
 94
       63
  0
MATERIAL
  5
EE
102
{ACAD_REACTORS
330
6A
102
}
330
6A
100
AcDbMaterial
  1
Global
 72
     1
 73
     2
 43
0.0008
 43
0.0
 43
0.0
 43
0.0
 43
0.0
 43
0.0008
 43
0.0
 43
0.0
 43
0.0
 43
0.0
 43
1.0
 43
0.0
 43
0.0
 43
0.0
 43
0.0
 43
1.0
 78
     2
172
     2
 49
0.0008
 49
0.0
 49
0.0
 49
0.0
 49
0.0
 49
0.0008
 49
0.0
 49
0.0
 49
0.0
 49
0.0
 49
1.0
 49
0.0
 49
0.0
 49
0.0
 49
0.0
 49
1.0
176
     2
142
0.0008
142
0.0
142
0.0
142
0.0
142
0.0
142
0.0008
142
0.0
142
0.0
142
0.0
142
0.0
142
1.0
142
0.0
142
0.0
142
0.0
142
0.0
142
1.0
270
     2
144
0.0008
144
0.0
144
0.0
144
0.0
144
0.0
144
0.0008
144
0.0
144
0.0
144
0.0
144
0.0
144
1.0
144
0.0
144
0.0
144
0.0
144
0.0
144
1.0
274
     2
 94
       63
1001
ACAD
1070
    -1
1070
     3
1070
     0
1000

1071
        0
1070
     0
  0
MLEADERSTYLE
  5
12E
102
{ACAD_REACTORS
330
12D
102
}
330
12D
100
AcDbMLeaderStyle
179
     2
170
     2
171
     1
172
     0
 90
        2
 40
0.0
 41
0.0
173
     1
 91
-1056964608
340
14
 92
       -2
290
     1
 42
2.0
291
     1
 43
8.0
  3
Standard
341
0
 44
4.0
300

342
11
174
     1
178
     1
175
     1
176
     0
 93
-1056964608
 45
4.0
292
     0
297
     0
 46
4.0
343
0
 94
-1056964608
 47
1.0
 49
1.0
140
1.0
293
     1
141
0.0
294
     1
177
     0
142
1.0
295
     0
296
     0
143
3.75
271
     0
272
     9
273
     9
298
     0
1001
ACAD_MLEADERVER
1070
     2
  0
MLEADERSTYLE
  5
13B
102
{ACAD_REACTORS
330
12D
102
}
330
12D
100
AcDbMLeaderStyle
179
     2
170
     2
171
     1
172
     0
 90
        2
 40
0.0
 41
0.0
173
     1
 91
-1056964608
340
14
 92
       -2
290
     1
 42
2.0
291
     1
 43
8.0
  3
Standard
341
0
 44
4.0
300

342
11
174
     1
178
     1
175
     1
176
     0
 93
-1056964608
 45
4.0
292
     0
297
     0
 46
4.0
343
0
 94
-1056964608
 47
1.0
 49
1.0
140
1.0
293
     1
141
0.0
294
     1
177
     0
142
1.0
295
     1
296
     0
143
3.75
271
     0
272
     9
273
     9
298
     0
1001
ACAD_MLEADERVER
1070
     2
  0
MLINESTYLE
  5
18
102
{ACAD_REACTORS
330
17
102
}
330
17
100
AcDbMlineStyle
  2
STANDARD
 70
     0
  3

 62
   256
 51
90.0
 52
90.0
 71
     2
 49
0.5
 62
   256
  6
BYLAYER
 49
-0.5
 62
   256
  6
BYLAYER
  0
ACDBPLACEHOLDER
  5
F
102
{ACAD_REACTORS
330
E
102
}
330
E
  0
SCALE
  5
10D
102
{ACAD_REACTORS
330
10C
102
}
330
10C
100
AcDbScale
 70
     0
300
1:1
140
1.0
141
1.0
290
     1
  0
SCALE
  5
1BE
102
{ACAD_REACTORS
330
10C
102
}
330
10C
100
AcDbScale
 70
     0
300
1:2
140
1.0
141
2.0
290
     0
  0
SCALE
  5
1BF
102
{ACAD_REACTORS
330
10C
102
}
330
10C
100
AcDbScale
 70
     0
300
1:4
140
1.0
141
4.0
290
     0
  0
SCALE
  5
1C0
102
{ACAD_REACTORS
330
10C
102
}
330
10C
100
AcDbScale
 70
     0
300
1:5
140
1.0
141
5.0
290
     0
  0
SCALE
  5
1C1
102
{ACAD_REACTORS
330
10C
102
}
330
10C
100
AcDbScale
 70
     0
300
1:8
140
1.0
141
8.0
290
     0
  0
SCALE
  5
1C2
102
{ACAD_REACTORS
330
10C
102
}
330
10C
100
AcDbScale
 70
     0
300
1:10
140
1.0
141
10.0
290
     0
  0
SCALE
  5
1C3
102
{ACAD_REACTORS
330
10C
102
}
330
10C
100
AcDbScale
 70
     0
300
1:16
140
1.0
141
16.0
290
     0
  0
SCALE
  5
1C4
102
{ACAD_REACTORS
330
10C
102
}
330
10C
100
AcDbScale
 70
     0
300
1:20
140
1.0
141
20.0
290
     0
  0
SCALE
  5
1C5
102
{ACAD_REACTORS
330
10C
102
}
330
10C
100
AcDbScale
 70
     0
300
1:30
140
1.0
141
30.0
290
     0
  0
SCALE
  5
1C6
102
{ACAD_REACTORS
330
10C
102
}
330
10C
100
AcDbScale
 70
     0
300
1:40
140
1.0
141
40.0
290
     0
  0
SCALE
  5
1C7
102
{ACAD_REACTORS
330
10C
102
}
330
10C
100
AcDbScale
 70
     0
300
1:50
140
1.0
141
50.0
290
     0
  0
SCALE
  5
1C8
102
{ACAD_REACTORS
330
10C
102
}
330
10C
100
AcDbScale
 70
     0
300
1:100
140
1.0
141
100.0
290
     0
  0
SCALE
  5
1C9
102
{ACAD_REACTORS
330
10C
102
}
330
10C
100
AcDbScale
 70
     0
300
2:1
140
2.0
141
1.0
290
     0
  0
SCALE
  5
1CA
102
{ACAD_REACTORS
330
10C
102
}
330
10C
100
AcDbScale
 70
     0
300
4:1
140
4.0
141
1.0
290
     0
  0
SCALE
  5
1CB
102
{ACAD_REACTORS
330
10C
102
}
330
10C
100
AcDbScale
 70
     0
300
8:1
140
8.0
141
1.0
290
     0
  0
SCALE
  5
1CC
102
{ACAD_REACTORS
330
10C
102
}
330
10C
100
AcDbScale
 70
     0
300
10:1
140
10.0
141
1.0
290
     0
  0
SCALE
  5
1CD
102
{ACAD_REACTORS
330
10C
102
}
330
10C
100
AcDbScale
 70
     0
300
100:1
140
100.0
141
1.0
290
     0
  0
TABLESTYLE
  5
7F
102
{ACAD_REACTORS
330
7E
102
}
102
{ACAD_XDICTIONARY
360
894
102
}
330
7E
100
AcDbTableStyle
  3
Standard
 70
     0
 71
     0
 40
1.5
 41
1.5
280
     0
281
     0
  7
Standard
140
4.5
170
     2
 62
     0
 63
   257
283
     0
 90
      512
 91
        0
  1

274
    -2
284
     1
 64
     0
275
    -2
285
     1
 65
     0
276
    -2
286
     1
 66
     0
277
    -2
287
     1
 67
     0
278
    -2
288
     1
 68
     0
279
    -2
289
     1
 69
     0
  7
Standard
140
6.0
170
     5
 62
     0
 63
   257
283
     0
 90
      512
 91
        0
  1

274
    -2
284
     1
 64
     0
275
    -2
285
     1
 65
     0
276
    -2
286
     1
 66
     0
277
    -2
287
     1
 67
     0
278
    -2
288
     1
 68
     0
279
    -2
289
     1
 69
     0
  7
Standard
140
4.5
170
     5
 62
     0
 63
   257
283
     0
 90
      512
 91
        0
  1

274
    -2
284
     1
 64
     0
275
    -2
285
     1
 65
     0
276
    -2
286
     1
 66
     0
277
    -2
287
     1
 67
     0
278
    -2
288
     1
 68
     0
279
    -2
289
     1
 69
     0
  0
VISUALSTYLE
  5
F5
102
{ACAD_REACTORS
330
EF
102
}
330
EF
100
AcDbVisualStyle
  2
2dWireframe
 70
     4
177
     3
291
     0
 70
    58
 90
        0
176
     1
 90
        2
176
     1
 90
        1
176
     1
 90
        0
176
     1
 40
-0.6
176
     1
 40
-30.0
176
     1
 62
     7
420
 16777215
176
     1
 90
        1
176
     1
 90
        4
176
     1
 62
     7
176
     1
 62
   257
176
     1
 90
        1
176
     1
 90
        1
176
     1
 40
1.0
176
     1
 90
        0
176
     1
 62
   257
176
     1
 40
1.0
176
     1
 90
        1
176
     1
 90
        6
176
     1
 90
        2
176
     1
 62
     7
176
     1
 90
        5
176
     1
 90
        0
176
     1
 90
        0
176
     1
290
     0
176
     1
 90
        1
176
     1
 40
0.0
176
     1
 90
        0
176
     1
290
     1
176
     1
290
     1
176
     1
290
     0
176
     1
290
     0
176
     1
290
     0
176
     1
290
     0
176
     1
290
     0
176
     1
290
     0
176
     1
290
     0
176
     1
 90
       50
176
     1
 40
0.0
176
     1
 40
1.0
176
     1
 90
        0
176
     1
 62
    18
420
        0
176
     1
 90
       50
176
     1
 90
        3
176
     1
 62
     5
420
      255
176
     1
290
     0
176
     1
 90
       50
176
     1
 90
       50
176
     1
 90
       50
176
     1
290
     0
176
     1
 90
       50
176
     1
 62
   256
176
     0
 40
1.0
176
     0
 90
        2
176
     1
  1
strokes_ogs.tif
176
     1
290
     0
176
     1
 40
1.0
176
     1
 40
1.0
176
     1
  0
VISUALSTYLE
  5
F7
102
{ACAD_REACTORS
330
EF
102
}
330
EF
100
AcDbVisualStyle
  2
3D Hidden
 70
     6
177
     3
291
     0
 70
    58
 90
        1
176
     1
 90
        2
176
     1
 90
        2
176
     1
 90
        0
176
     1
 40
-0.6
176
     1
 40
-30.0
176
     1
 62
     7
420
 16777215
176
     1
 90
        2
176
     1
 90
        2
176
     1
 62
     7
176
     1
 62
   257
176
     1
 90
        2
176
     1
 90
        1
176
     1
 40
40.0
176
     1
 90
        0
176
     1
 62
   257
176
     1
 40
1.0
176
     1
 90
        1
176
     1
 90
        6
176
     1
 90
        2
176
     1
 62
     7
176
     1
 90
        3
176
     1
 90
        0
176
     1
 90
        0
176
     1
290
     0
176
     1
 90
        1
176
     1
 40
0.0
176
     1
 90
        0
176
     1
290
     0
176
     1
290
     1
176
     1
290
     1
176
     1
290
     0
176
     1
290
     0
176
     1
290
     0
176
     1
290
     0
176
     1
290
     0
176
     1
290
     0
176
     1
 90
       50
176
     1
 40
0.0
176
     1
 40
1.0
176
     1
 90
        0
176
     1
 62
    18
420
        0
176
     1
 90
       50
176
     1
 90
        3
176
     1
 62
     5
420
      255
176
     1
290
     0
176
     1
 90
       50
176
     1
 90
       50
176
     1
 90
       50
176
     1
290
     0
176
     1
 90
       50
176
     1
 62
   256
176
     0
 40
1.0
176
     0
 90
        2
176
     1
  1
strokes_ogs.tif
176
     1
290
     0
176
     1
 40
1.0
176
     1
 40
1.0
176
     1
  0
VISUALSTYLE
  5
F6
102
{ACAD_REACTORS
330
EF
102
}
330
EF
100
AcDbVisualStyle
  2
3dWireframe
 70
     5
177
     3
291
     0
 70
    58
 90
        0
176
     1
 90
        2
176
     1
 90
        1
176
     1
 90
        0
176
     1
 40
-0.6
176
     1
 40
-30.0
176
     1
 62
     7
420
 16777215
176
     1
 90
        1
176
     1
 90
        4
176
     1
 62
     7
176
     1
 62
   257
176
     1
 90
        1
176
     1
 90
        1
176
     1
 40
1.0
176
     1
 90
        0
176
     1
 62
   257
176
     1
 40
1.0
176
     1
 90
        1
176
     1
 90
        6
176
     1
 90
        2
176
     1
 62
     7
176
     1
 90
        5
176
     1
 90
        0
176
     1
 90
        0
176
     1
290
     0
176
     1
 90
        1
176
     1
 40
0.0
176
     1
 90
        0
176
     1
290
     0
176
     1
290
     1
176
     1
290
     1
176
     1
290
     0
176
     1
290
     0
176
     1
290
     0
176
     1
290
     0
176
     1
290
     0
176
     1
290
     0
176
     1
 90
       50
176
     1
 40
0.0
176
     1
 40
1.0
176
     1
 90
        0
176
     1
 62
    18
420
        0
176
     1
 90
       50
176
     1
 90
        3
176
     1
 62
     5
420
      255
176
     1
290
     0
176
     1
 90
       50
176
     1
 90
       50
176
     1
 90
       50
176
     1
290
     0
176
     1
 90
       50
176
     1
 62
   256
176
     0
 40
1.0
176
     0
 90
        2
176
     1
  1
strokes_ogs.tif
176
     1
290
     0
176
     1
 40
1.0
176
     1
 40
1.0
176
     1
  0
VISUALSTYLE
  5
F4
102
{ACAD_REACTORS
330
EF
102
}
330
EF
100
AcDbVisualStyle
  2
Basic
 70
     7
177
     3
291
     1
 70
    58
 90
        1
176
     1
 90
        0
176
     1
 90
        1
176
     1
 90
        0
176
     1
 40
-0.6
176
     1
 40
-30.0
176
     1
 62
     7
420
 16777215
176
     1
 90
        0
176
     1
 90
        4
176
     1
 62
     7
176
     1
 62
   257
176
     1
 90
        1
176
     1
 90
        1
176
     1
 40
1.0
176
     1
 90
        8
176
     1
 62
     7
176
     1
 40
1.0
176
     1
 90
        1
176
     1
 90
        6
176
     1
 90
        2
176
     1
 62
     7
176
     1
 90
        5
176
     1
 90
        0
176
     1
 90
        0
176
     1
290
     0
176
     1
 90
        1
176
     1
 40
0.0
176
     1
 90
        0
176
     1
290
     0
176
     1
290
     1
176
     1
290
     1
176
     1
290
     0
176
     1
290
     0
176
     1
290
     0
176
     1
290
     0
176
     1
290
     0
176
     1
290
     0
176
     1
 90
       50
176
     1
 40
0.0
176
     1
 40
1.0
176
     1
 90
        0
176
     1
 62
    18
420
        0
176
     1
 90
       50
176
     1
 90
        3
176
     1
 62
     5
420
      255
176
     1
290
     0
176
     1
 90
       50
176
     1
 90
       50
176
     1
 90
       50
176
     1
290
     0
176
     1
 90
       50
176
     1
 62
   256
176
     0
 40
1.0
176
     0
 90
        2
176
     1
  1
strokes_ogs.tif
176
     1
290
     0
176
     1
 40
1.0
176
     1
 40
1.0
176
     1
  0
VISUALSTYLE
  5
FB
102
{ACAD_REACTORS
330
EF
102
}
330
EF
100
AcDbVisualStyle
  2
Brighten
 70
    12
177
     3
291
     1
 70
    58
 90
        2
176
     1
 90
        2
176
     1
 90
        1
176
     1
 90
        0
176
     1
 40
-0.6
176
     1
 40
-30.0
176
     1
 62
     7
420
 16777215
176
     1
 90
        1
176
     1
 90
        4
176
     1
 62
     7
176
     1
 62
   257
176
     1
 90
        1
176
     1
 90
        1
176
     1
 40
1.0
176
     1
 90
        8
176
     1
 62
     7
176
     1
 40
1.0
176
     1
 90
        1
176
     1
 90
        6
176
     1
 90
        2
176
     1
 62
     7
176
     1
 90
        5
176
     1
 90
        0
176
     1
 90
        0
176
     1
290
     0
176
     1
 90
        1
176
     1
 40
50.0
176
     1
 90
        0
176
     1
290
     0
176
     1
290
     1
176
     1
290
     1
176
     1
290
     0
176
     1
290
     0
176
     1
290
     0
176
     1
290
     0
176
     1
290
     0
176
     1
290
     0
176
     1
 90
       50
176
     1
 40
0.0
176
     1
 40
1.0
176
     1
 90
        0
176
     1
 62
    18
420
        0
176
     1
 90
       50
176
     1
 90
        3
176
     1
 62
     5
420
      255
176
     1
290
     0
176
     1
 90
       50
176
     1
 90
       50
176
     1
 90
       50
176
     1
290
     0
176
     1
 90
       50
176
     1
 62
   256
176
     0
 40
1.0
176
     0
 90
        2
176
     1
  1
strokes_ogs.tif
176
     1
290
     0
176
     1
 40
1.0
176
     1
 40
1.0
176
     1
  0
VISUALSTYLE
  5
FF
102
{ACAD_REACTORS
330
EF
102
}
330
EF
100
AcDbVisualStyle
  2
ColorChange
 70
    16
177
     3
291
     1
 70
    58
 90
        2
176
     1
 90
        2
176
     1
 90
        3
176
     1
 90
        0
176
     1
 40
-0.6
176
     1
 40
-30.0
176
     1
 62
     8
420
  8421504
176
     1
 90
        1
176
     1
 90
        4
176
     1
 62
     7
176
     1
 62
   257
176
     1
 90
        1
176
     1
 90
        1
176
     1
 40
1.0
176
     1
 90
        8
176
     1
 62
     8
420
  8421504
176
     1
 40
1.0
176
     1
 90
        1
176
     1
 90
        6
176
     1
 90
        2
176
     1
 62
     7
176
     1
 90
        5
176
     1
 90
        0
176
     1
 90
        0
176
     1
290
     0
176
     1
 90
        1
176
     1
 40
0.0
176
     1
 90
        0
176
     1
290
     0
176
     1
290
     1
176
     1
290
     1
176
     1
290
     0
176
     1
290
     0
176
     1
290
     0
176
     1
290
     0
176
     1
290
     0
176
     1
290
     0
176
     1
 90
       50
176
     1
 40
0.0
176
     1
 40
1.0
176
     1
 90
        0
176
     1
 62
    18
420
        0
176
     1
 90
       50
176
     1
 90
        3
176
     1
 62
     5
420
      255
176
     1
290
     0
176
     1
 90
       50
176
     1
 90
       50
176
     1
 90
       50
176
     1
290
     0
176
     1
 90
       50
176
     1
 62
   256
176
     0
 40
1.0
176
     0
 90
        2
176
     1
  1
strokes_ogs.tif
176
     1
290
     0
176
     1
 40
1.0
176
     1
 40
1.0
176
     1
  0
VISUALSTYLE
  5
F8
102
{ACAD_REACTORS
330
EF
102
}
330
EF
100
AcDbVisualStyle
  2
Conceptual
 70
     9
177
     3
291
     0
 70
    58
 90
        3
176
     1
 90
        2
176
     1
 90
        1
176
     1
 90
        0
176
     1
 40
-0.6
176
     1
 40
-30.0
176
     1
 62
     7
420
 16777215
176
     1
 90
        2
176
     1
 90
        2
176
     1
 62
     7
176
     1
 62
   257
176
     1
 90
        1
176
     1
 90
        1
176
     1
 40
40.0
176
     1
 90
        8
176
     1
 62
     7
176
     1
 40
1.0
176
     1
 90
        1
176
     1
 90
        6
176
     1
 90
        2
176
     1
 62
     7
176
     1
 90
        3
176
     1
 90
        0
176
     1
 90
        0
176
     1
290
     0
176
     1
 90
        1
176
     1
 40
0.0
176
     1
 90
        0
176
     1
290
     0
176
     1
290
     1
176
     1
290
     1
176
     1
290
     0
176
     1
290
     0
176
     1
290
     0
176
     1
290
     0
176
     1
290
     0
176
     1
290
     0
176
     1
 90
       50
176
     1
 40
0.0
176
     1
 40
1.0
176
     1
 90
        0
176
     1
 62
    18
420
        0
176
     1
 90
       50
176
     1
 90
        3
176
     1
 62
     5
420
      255
176
     1
290
     0
176
     1
 90
       50
176
     1
 90
       50
176
     1
 90
       50
176
     1
290
     0
176
     1
 90
       50
176
     1
 62
   256
176
     0
 40
1.0
176
     0
 90
        2
176
     1
  1
strokes_ogs.tif
176
     1
290
     0
176
     1
 40
1.0
176
     1
 40
1.0
176
     1
  0
VISUALSTYLE
  5
FA
102
{ACAD_REACTORS
330
EF
102
}
330
EF
100
AcDbVisualStyle
  2
Dim
 70
    11
177
     3
291
     1
 70
    58
 90
        2
176
     1
 90
        2
176
     1
 90
        1
176
     1
 90
        0
176
     1
 40
-0.6
176
     1
 40
-30.0
176
     1
 62
     7
420
 16777215
176
     1
 90
        1
176
     1
 90
        4
176
     1
 62
     7
176
     1
 62
   257
176
     1
 90
        1
176
     1
 90
        1
176
     1
 40
1.0
176
     1
 90
        8
176
     1
 62
     7
176
     1
 40
1.0
176
     1
 90
        1
176
     1
 90
        6
176
     1
 90
        2
176
     1
 62
     7
176
     1
 90
        5
176
     1
 90
        0
176
     1
 90
        0
176
     1
290
     0
176
     1
 90
        1
176
     1
 40
-50.0
176
     1
 90
        0
176
     1
290
     0
176
     1
290
     1
176
     1
290
     1
176
     1
290
     0
176
     1
290
     0
176
     1
290
     0
176
     1
290
     0
176
     1
290
     0
176
     1
290
     0
176
     1
 90
       50
176
     1
 40
0.0
176
     1
 40
1.0
176
     1
 90
        0
176
     1
 62
    18
420
        0
176
     1
 90
       50
176
     1
 90
        3
176
     1
 62
     5
420
      255
176
     1
290
     0
176
     1
 90
       50
176
     1
 90
       50
176
     1
 90
       50
176
     1
290
     0
176
     1
 90
       50
176
     1
 62
   256
176
     0
 40
1.0
176
     0
 90
        2
176
     1
  1
strokes_ogs.tif
176
     1
290
     0
176
     1
 40
1.0
176
     1
 40
1.0
176
     1
  0
VISUALSTYLE
  5
35E
102
{ACAD_REACTORS
330
EF
102
}
330
EF
100
AcDbVisualStyle
  2
EdgeColorOff
 70
    22
177
     3
291
     1
 70
    58
 90
        2
176
     0
 90
        2
176
     0
 90
        0
176
     0
 90
        0
176
     0
 40
0.6
176
     0
 40
30.0
176
     0
 62
     7
420
 16777215
176
     0
 90
        1
176
     0
 90
        4
176
     0
 62
     7
176
     0
 62
   257
176
     0
 90
        1
176
     0
 90
        1
176
     0
 40
1.0
176
     0
 90
        8
176
     2
 62
     7
176
     0
 40
1.0
176
     0
 90
        1
176
     0
 90
        6
176
     0
 90
        2
176
     0
 62
     7
176
     0
 90
        5
176
     0
 90
        0
176
     0
 90
        0
176
     0
290
     0
176
     0
 90
        1
176
     0
 40
0.0
176
     0
 90
        0
176
     0
290
     0
176
     0
290
     1
176
     0
290
     1
176
     0
290
     0
176
     0
290
     0
176
     0
290
     0
176
     0
290
     0
176
     0
290
     0
176
     0
290
     0
176
     0
 90
       50
176
     0
 40
0.0
176
     0
 40
1.0
176
     0
 90
        0
176
     0
 62
    18
420
        0
176
     0
 90
       50
176
     0
 90
        3
176
     0
 62
     5
420
      255
176
     0
290
     0
176
     0
 90
       50
176
     0
 90
       50
176
     0
 90
       50
176
     0
290
     0
176
     0
 90
       50
176
     0
 62
   256
176
     0
 40
1.0
176
     0
 90
        2
176
     0
  1
strokes_ogs.tif
176
     0
290
     0
176
     0
 40
1.0
176
     0
 40
1.0
176
     0
  0
VISUALSTYLE
  5
FE
102
{ACAD_REACTORS
330
EF
102
}
330
EF
100
AcDbVisualStyle
  2
Facepattern
 70
    15
177
     3
291
     1
 70
    58
 90
        2
176
     1
 90
        2
176
     1
 90
        1
176
     1
 90
        0
176
     1
 40
-0.6
176
     1
 40
-30.0
176
     1
 62
     7
420
 16777215
176
     1
 90
        1
176
     1
 90
        4
176
     1
 62
     7
176
     1
 62
   257
176
     1
 90
        1
176
     1
 90
        1
176
     1
 40
1.0
176
     1
 90
        8
176
     1
 62
     7
176
     1
 40
1.0
176
     1
 90
        1
176
     1
 90
        6
176
     1
 90
        2
176
     1
 62
     7
176
     1
 90
        5
176
     1
 90
        0
176
     1
 90
        0
176
     1
290
     0
176
     1
 90
        1
176
     1
 40
0.0
176
     1
 90
        0
176
     1
290
     0
176
     1
290
     1
176
     1
290
     1
176
     1
290
     0
176
     1
290
     0
176
     1
290
     0
176
     1
290
     0
176
     1
290
     0
176
     1
290
     0
176
     1
 90
       50
176
     1
 40
0.0
176
     1
 40
1.0
176
     1
 90
        0
176
     1
 62
    18
420
        0
176
     1
 90
       50
176
     1
 90
        3
176
     1
 62
     5
420
      255
176
     1
290
     0
176
     1
 90
       50
176
     1
 90
       50
176
     1
 90
       50
176
     1
290
     0
176
     1
 90
       50
176
     1
 62
   256
176
     0
 40
1.0
176
     0
 90
        2
176
     1
  1
strokes_ogs.tif
176
     1
290
     0
176
     1
 40
1.0
176
     1
 40
1.0
176
     1
  0
VISUALSTYLE
  5
F0
102
{ACAD_REACTORS
330
EF
102
}
330
EF
100
AcDbVisualStyle
  2
Flat
 70
     0
177
     3
291
     1
 70
    58
 90
        2
176
     1
 90
        1
176
     1
 90
        1
176
     1
 90
        2
176
     1
 40
-0.6
176
     1
 40
30.0
176
     1
 62
     7
420
 16777215
176
     1
 90
        0
176
     1
 90
        4
176
     1
 62
     7
176
     1
 62
   257
176
     1
 90
        1
176
     1
 90
        1
176
     1
 40
1.0
176
     1
 90
        8
176
     1
 62
     7
176
     1
 40
1.0
176
     1
 90
        1
176
     1
 90
        6
176
     1
 90
        2
176
     1
 62
     7
176
     1
 90
        5
176
     1
 90
        0
176
     1
 90
        0
176
     1
290
     0
176
     1
 90
        1
176
     1
 40
0.0
176
     1
 90
        0
176
     1
290
     0
176
     1
290
     1
176
     1
290
     1
176
     1
290
     0
176
     1
290
     0
176
     1
290
     0
176
     1
290
     0
176
     1
290
     0
176
     1
290
     0
176
     1
 90
       50
176
     1
 40
0.0
176
     1
 40
1.0
176
     1
 90
        0
176
     1
 62
    18
420
        0
176
     1
 90
       50
176
     1
 90
        3
176
     1
 62
     5
420
      255
176
     1
290
     0
176
     1
 90
       50
176
     1
 90
       50
176
     1
 90
       50
176
     1
290
     0
176
     1
 90
       50
176
     1
 62
   256
176
     0
 40
1.0
176
     0
 90
        2
176
     1
  1
strokes_ogs.tif
176
     1
290
     0
176
     1
 40
1.0
176
     1
 40
1.0
176
     1
  0
VISUALSTYLE
  5
F1
102
{ACAD_REACTORS
330
EF
102
}
330
EF
100
AcDbVisualStyle
  2
FlatWithEdges
 70
     1
177
     3
291
     1
 70
    58
 90
        2
176
     1
 90
        1
176
     1
 90
        1
176
     1
 90
        2
176
     1
 40
-0.6
176
     1
 40
30.0
176
     1
 62
     7
420
 16777215
176
     1
 90
        1
176
     1
 90
        4
176
     1
 62
     7
176
     1
 62
   257
176
     1
 90
        1
176
     1
 90
        1
176
     1
 40
1.0
176
     1
 90
        0
176
     1
 62
   257
176
     1
 40
1.0
176
     1
 90
        1
176
     1
 90
        6
176
     1
 90
        2
176
     1
 62
     7
176
     1
 90
        5
176
     1
 90
        0
176
     1
 90
        0
176
     1
290
     0
176
     1
 90
        1
176
     1
 40
0.0
176
     1
 90
        0
176
     1
290
     0
176
     1
290
     1
176
     1
290
     1
176
     1
290
     0
176
     1
290
     0
176
     1
290
     0
176
     1
290
     0
176
     1
290
     0
176
     1
290
     0
176
     1
 90
       50
176
     1
 40
0.0
176
     1
 40
1.0
176
     1
 90
        0
176
     1
 62
    18
420
        0
176
     1
 90
       50
176
     1
 90
        3
176
     1
 62
     5
420
      255
176
     1
290
     0
176
     1
 90
       50
176
     1
 90
       50
176
     1
 90
       50
176
     1
290
     0
176
     1
 90
       50
176
     1
 62
   256
176
     0
 40
1.0
176
     0
 90
        2
176
     1
  1
strokes_ogs.tif
176
     1
290
     0
176
     1
 40
1.0
176
     1
 40
1.0
176
     1
  0
VISUALSTYLE
  5
F2
102
{ACAD_REACTORS
330
EF
102
}
330
EF
100
AcDbVisualStyle
  2
Gouraud
 70
     2
177
     3
291
     1
 70
    58
 90
        2
176
     1
 90
        2
176
     1
 90
        1
176
     1
 90
        2
176
     1
 40
-0.6
176
     1
 40
30.0
176
     1
 62
     7
420
 16777215
176
     1
 90
        0
176
     1
 90
        4
176
     1
 62
     7
176
     1
 62
   257
176
     1
 90
        1
176
     1
 90
        1
176
     1
 40
1.0
176
     1
 90
        0
176
     1
 62
     7
176
     1
 40
1.0
176
     1
 90
        1
176
     1
 90
        6
176
     1
 90
        2
176
     1
 62
     7
176
     1
 90
        5
176
     1
 90
        0
176
     1
 90
        0
176
     1
290
     0
176
     1
 90
        1
176
     1
 40
0.0
176
     1
 90
        0
176
     1
290
     0
176
     1
290
     1
176
     1
290
     1
176
     1
290
     0
176
     1
290
     0
176
     1
290
     0
176
     1
290
     0
176
     1
290
     0
176
     1
290
     0
176
     1
 90
       50
176
     1
 40
0.0
176
     1
 40
1.0
176
     1
 90
        0
176
     1
 62
    18
420
        0
176
     1
 90
       50
176
     1
 90
        3
176
     1
 62
     5
420
      255
176
     1
290
     0
176
     1
 90
       50
176
     1
 90
       50
176
     1
 90
       50
176
     1
290
     0
176
     1
 90
       50
176
     1
 62
   256
176
     0
 40
1.0
176
     0
 90
        2
176
     1
  1
strokes_ogs.tif
176
     1
290
     0
176
     1
 40
1.0
176
     1
 40
1.0
176
     1
  0
VISUALSTYLE
  5
F3
102
{ACAD_REACTORS
330
EF
102
}
330
EF
100
AcDbVisualStyle
  2
GouraudWithEdges
 70
     3
177
     3
291
     1
 70
    58
 90
        2
176
     1
 90
        2
176
     1
 90
        1
176
     1
 90
        2
176
     1
 40
-0.6
176
     1
 40
30.0
176
     1
 62
     7
420
 16777215
176
     1
 90
        1
176
     1
 90
        4
176
     1
 62
     7
176
     1
 62
   257
176
     1
 90
        1
176
     1
 90
        1
176
     1
 40
1.0
176
     1
 90
        0
176
     1
 62
   257
176
     1
 40
1.0
176
     1
 90
        1
176
     1
 90
        6
176
     1
 90
        2
176
     1
 62
     7
176
     1
 90
        5
176
     1
 90
        0
176
     1
 90
        0
176
     1
290
     0
176
     1
 90
        1
176
     1
 40
0.0
176
     1
 90
        0
176
     1
290
     0
176
     1
290
     1
176
     1
290
     1
176
     1
290
     0
176
     1
290
     0
176
     1
290
     0
176
     1
290
     0
176
     1
290
     0
176
     1
290
     0
176
     1
 90
       50
176
     1
 40
0.0
176
     1
 40
1.0
176
     1
 90
        0
176
     1
 62
    18
420
        0
176
     1
 90
       50
176
     1
 90
        3
176
     1
 62
     5
420
      255
176
     1
290
     0
176
     1
 90
       50
176
     1
 90
       50
176
     1
 90
       50
176
     1
290
     0
176
     1
 90
       50
176
     1
 62
   256
176
     0
 40
1.0
176
     0
 90
        2
176
     1
  1
strokes_ogs.tif
176
     1
290
     0
176
     1
 40
1.0
176
     1
 40
1.0
176
     1
  0
VISUALSTYLE
  5
35B
102
{ACAD_REACTORS
330
EF
102
}
330
EF
100
AcDbVisualStyle
  2
Hidden
 70
     6
177
     3
291
     0
 70
    58
 90
        1
176
     1
 90
        2
176
     1
 90
        2
176
     1
 90
        0
176
     1
 40
0.6
176
     1
 40
30.0
176
     1
 62
     7
420
 16777215
176
     1
 90
        2
176
     1
 90
        2
176
     1
 62
     7
176
     1
 62
   257
176
     1
 90
        2
176
     1
 90
        1
176
     1
 40
40.0
176
     1
 90
        0
176
     1
 62
   257
176
     1
 40
1.0
176
     1
 90
        1
176
     1
 90
        6
176
     1
 90
        2
176
     1
 62
     7
176
     1
 90
        3
176
     1
 90
        0
176
     1
 90
        0
176
     1
290
     0
176
     1
 90
        1
176
     1
 40
0.0
176
     1
 90
        0
176
     1
290
     0
176
     1
290
     1
176
     1
290
     1
176
     1
290
     0
176
     1
290
     0
176
     1
290
     0
176
     1
290
     0
176
     1
290
     0
176
     1
290
     0
176
     1
 90
       50
176
     1
 40
0.0
176
     1
 40
1.0
176
     1
 90
        0
176
     1
 62
    18
420
        0
176
     1
 90
       50
176
     1
 90
        3
176
     1
 62
     5
420
      255
176
     1
290
     0
176
     1
 90
       50
176
     1
 90
       50
176
     1
 90
       50
176
     1
290
     0
176
     1
 90
       50
176
     1
 62
   256
176
     0
 40
1.0
176
     0
 90
        2
176
     1
  1
strokes_ogs.tif
176
     1
290
     0
176
     1
 40
1.0
176
     1
 40
1.0
176
     1
  0
VISUALSTYLE
  5
35C
102
{ACAD_REACTORS
330
EF
102
}
330
EF
100
AcDbVisualStyle
  2
JitterOff
 70
    20
177
     3
291
     1
 70
    58
 90
        2
176
     0
 90
        2
176
     0
 90
        0
176
     0
 90
        0
176
     0
 40
0.6
176
     0
 40
30.0
176
     0
 62
     7
420
 16777215
176
     0
 90
        1
176
     0
 90
        4
176
     0
 62
     7
176
     0
 62
   257
176
     0
 90
        1
176
     0
 90
        1
176
     0
 40
1.0
176
     0
 90
       10
176
     2
 62
     7
176
     0
 40
1.0
176
     0
 90
        1
176
     0
 90
        6
176
     0
 90
        2
176
     0
 62
     7
176
     0
 90
        5
176
     0
 90
        0
176
     0
 90
        0
176
     0
290
     0
176
     0
 90
        1
176
     0
 40
0.0
176
     0
 90
        0
176
     0
290
     0
176
     0
290
     1
176
     0
290
     1
176
     0
290
     0
176
     0
290
     0
176
     0
290
     0
176
     0
290
     0
176
     0
290
     0
176
     0
290
     0
176
     0
 90
       50
176
     0
 40
0.0
176
     0
 40
1.0
176
     0
 90
        0
176
     0
 62
    18
420
        0
176
     0
 90
       50
176
     0
 90
        3
176
     0
 62
     5
420
      255
176
     0
290
     0
176
     0
 90
       50
176
     0
 90
       50
176
     0
 90
       50
176
     0
290
     0
176
     0
 90
       50
176
     0
 62
   256
176
     0
 40
1.0
176
     0
 90
        2
176
     0
  1
strokes_ogs.tif
176
     0
290
     0
176
     0
 40
1.0
176
     0
 40
1.0
176
     0
  0
VISUALSTYLE
  5
FD
102
{ACAD_REACTORS
330
EF
102
}
330
EF
100
AcDbVisualStyle
  2
Linepattern
 70
    14
177
     3
291
     1
 70
    58
 90
        2
176
     1
 90
        2
176
     1
 90
        1
176
     1
 90
        0
176
     1
 40
-0.6
176
     1
 40
-30.0
176
     1
 62
     7
420
 16777215
176
     1
 90
        1
176
     1
 90
        4
176
     1
 62
     7
176
     1
 62
   257
176
     1
 90
        7
176
     1
 90
        7
176
     1
 40
1.0
176
     1
 90
        8
176
     1
 62
     7
176
     1
 40
1.0
176
     1
 90
        1
176
     1
 90
        6
176
     1
 90
        2
176
     1
 62
     7
176
     1
 90
        5
176
     1
 90
        0
176
     1
 90
        0
176
     1
290
     0
176
     1
 90
        1
176
     1
 40
0.0
176
     1
 90
        0
176
     1
290
     0
176
     1
290
     1
176
     1
290
     1
176
     1
290
     0
176
     1
290
     0
176
     1
290
     0
176
     1
290
     0
176
     1
290
     0
176
     1
290
     0
176
     1
 90
       50
176
     1
 40
0.0
176
     1
 40
1.0
176
     1
 90
        0
176
     1
 62
    18
420
        0
176
     1
 90
       50
176
     1
 90
        3
176
     1
 62
     5
420
      255
176
     1
290
     0
176
     1
 90
       50
176
     1
 90
       50
176
     1
 90
       50
176
     1
290
     0
176
     1
 90
       50
176
     1
 62
   256
176
     0
 40
1.0
176
     0
 90
        2
176
     1
  1
strokes_ogs.tif
176
     1
290
     0
176
     1
 40
1.0
176
     1
 40
1.0
176
     1
  0
VISUALSTYLE
  5
35D
102
{ACAD_REACTORS
330
EF
102
}
330
EF
100
AcDbVisualStyle
  2
OverhangOff
 70
    21
177
     3
291
     1
 70
    58
 90
        2
176
     0
 90
        2
176
     0
 90
        0
176
     0
 90
        0
176
     0
 40
0.6
176
     0
 40
30.0
176
     0
 62
     7
420
 16777215
176
     0
 90
        1
176
     0
 90
        4
176
     0
 62
     7
176
     0
 62
   257
176
     0
 90
        1
176
     0
 90
        1
176
     0
 40
1.0
176
     0
 90
        9
176
     2
 62
     7
176
     0
 40
1.0
176
     0
 90
        1
176
     0
 90
        6
176
     0
 90
        2
176
     0
 62
     7
176
     0
 90
        5
176
     0
 90
        0
176
     0
 90
        0
176
     0
290
     0
176
     0
 90
        1
176
     0
 40
0.0
176
     0
 90
        0
176
     0
290
     0
176
     0
290
     1
176
     0
290
     1
176
     0
290
     0
176
     0
290
     0
176
     0
290
     0
176
     0
290
     0
176
     0
290
     0
176
     0
290
     0
176
     0
 90
       50
176
     0
 40
0.0
176
     0
 40
1.0
176
     0
 90
        0
176
     0
 62
    18
420
        0
176
     0
 90
       50
176
     0
 90
        3
176
     0
 62
     5
420
      255
176
     0
290
     0
176
     0
 90
       50
176
     0
 90
       50
176
     0
 90
       50
176
     0
290
     0
176
     0
 90
       50
176
     0
 62
   256
176
     0
 40
1.0
176
     0
 90
        2
176
     0
  1
strokes_ogs.tif
176
     0
290
     0
176
     0
 40
1.0
176
     0
 40
1.0
176
     0
  0
VISUALSTYLE
  5
F9
102
{ACAD_REACTORS
330
EF
102
}
330
EF
100
AcDbVisualStyle
  2
Realistic
 70
     8
177
     3
291
     0
 70
    58
 90
        2
176
     1
 90
        2
176
     1
 90
        1
176
     1
 90
        0
176
     1
 40
-0.6
176
     1
 40
-30.0
176
     1
 62
     7
420
 16777215
176
     1
 90
        1
176
     1
 90
        0
176
     1
 62
     7
176
     1
 62
   257
176
     1
 90
        1
176
     1
 90
        1
176
     1
 40
1.0
176
     1
 90
        8
176
     1
 62
     8
420
  7895160
176
     1
 40
1.0
176
     1
 90
        1
176
     1
 90
        6
176
     1
 90
        2
176
     1
 62
     7
176
     1
 90
        5
176
     1
 90
        0
176
     1
 90
        0
176
     1
290
     0
176
     1
 90
       13
176
     1
 40
0.0
176
     1
 90
        0
176
     1
290
     0
176
     1
290
     1
176
     1
290
     1
176
     1
290
     0
176
     1
290
     0
176
     1
290
     0
176
     1
290
     0
176
     1
290
     0
176
     1
290
     0
176
     1
 90
       50
176
     1
 40
0.0
176
     1
 40
1.0
176
     1
 90
        0
176
     1
 62
    18
420
        0
176
     1
 90
       50
176
     1
 90
        3
176
     1
 62
     5
420
      255
176
     1
290
     0
176
     1
 90
       50
176
     1
 90
       50
176
     1
 90
       50
176
     1
290
     0
176
     1
 90
       50
176
     1
 62
   256
176
     0
 40
1.0
176
     0
 90
        2
176
     1
  1
strokes_ogs.tif
176
     1
290
     0
176
     1
 40
1.0
176
     1
 40
1.0
176
     1
  0
VISUALSTYLE
  5
363
102
{ACAD_REACTORS
330
EF
102
}
330
EF
100
AcDbVisualStyle
  2
Shaded
 70
    27
177
     3
291
     0
 70
    58
 90
        2
176
     1
 90
        2
176
     1
 90
        1
176
     1
 90
        2
176
     1
 40
0.6
176
     1
 40
30.0
176
     1
 62
     7
420
 16777215
176
     1
 90
        0
176
     1
 90
        4
176
     1
 62
     7
176
     1
 62
   257
176
     1
 90
        1
176
     1
 90
        1
176
     1
 40
1.0
176
     1
 90
        8
176
     1
 62
   257
176
     1
 40
1.0
176
     1
 90
        1
176
     1
 90
        6
176
     1
 90
        2
176
     1
 62
     8
420
  7895160
176
     1
 90
        3
176
     1
 90
        0
176
     1
 90
        0
176
     1
290
     0
176
     1
 90
        5
176
     1
 40
0.0
176
     1
 90
        0
176
     1
290
     0
176
     1
290
     1
176
     1
290
     1
176
     1
290
     0
176
     1
290
     0
176
     1
290
     0
176
     1
290
     0
176
     1
290
     0
176
     1
290
     0
176
     1
 90
       50
176
     1
 40
0.0
176
     1
 40
1.0
176
     1
 90
        0
176
     1
 62
    18
420
        0
176
     1
 90
       50
176
     1
 90
        3
176
     1
 62
     5
420
      255
176
     1
290
     0
176
     1
 90
       50
176
     1
 90
       50
176
     1
 90
       50
176
     1
290
     0
176
     1
 90
       50
176
     1
 62
   256
176
     0
 40
1.0
176
     0
 90
        2
176
     1
  1
strokes_ogs.tif
176
     1
290
     0
176
     1
 40
1.0
176
     1
 40
1.0
176
     1
  0
VISUALSTYLE
  5
362
102
{ACAD_REACTORS
330
EF
102
}
330
EF
100
AcDbVisualStyle
  2
Shaded with edges
 70
    26
177
     3
291
     0
 70
    58
 90
        2
176
     1
 90
        2
176
     1
 90
        1
176
     1
 90
        2
176
     1
 40
0.6
176
     1
 40
30.0
176
     1
 62
     7
420
 16777215
176
     1
 90
        1
176
     1
 90
       10
176
     1
 62
     7
176
     1
 62
   257
176
     1
 90
        2
176
     1
 90
        1
176
     1
 40
1.0
176
     1
 90
        8
176
     1
 62
   257
176
     1
 40
1.0
176
     1
 90
        1
176
     1
 90
        6
176
     1
 90
        2
176
     1
 62
     7
176
     1
 90
        3
176
     1
 90
        0
176
     1
 90
        0
176
     1
290
     0
176
     1
 90
        5
176
     1
 40
0.0
176
     1
 90
        0
176
     1
290
     0
176
     1
290
     1
176
     1
290
     1
176
     1
290
     0
176
     1
290
     0
176
     1
290
     0
176
     1
290
     0
176
     1
290
     0
176
     1
290
     0
176
     1
 90
       50
176
     1
 40
0.0
176
     1
 40
1.0
176
     1
 90
        0
176
     1
 62
    18
420
        0
176
     1
 90
       50
176
     1
 90
        3
176
     1
 62
     5
420
      255
176
     1
290
     0
176
     1
 90
       50
176
     1
 90
       50
176
     1
 90
       50
176
     1
290
     0
176
     1
 90
       50
176
     1
 62
   256
176
     0
 40
1.0
176
     0
 90
        2
176
     1
  1
strokes_ogs.tif
176
     1
290
     0
176
     1
 40
1.0
176
     1
 40
1.0
176
     1
  0
VISUALSTYLE
  5
35F
102
{ACAD_REACTORS
330
EF
102
}
330
EF
100
AcDbVisualStyle
  2
Shades of Gray
 70
    23
177
     3
291
     0
 70
    58
 90
        2
176
     1
 90
        2
176
     1
 90
        3
176
     1
 90
        0
176
     1
 40
0.6
176
     1
 40
30.0
176
     1
 62
     7
420
 16777215
176
     1
 90
        2
176
     1
 90
        2
176
     1
 62
     7
176
     1
 62
     7
176
     1
 90
        1
176
     1
 90
        1
176
     1
 40
40.0
176
     1
 90
        8
176
     1
 62
     7
176
     1
 40
1.0
176
     1
 90
        1
176
     1
 90
        6
176
     1
 90
        2
176
     1
 62
     7
176
     1
 90
        3
176
     1
 90
        0
176
     1
 90
        0
176
     1
290
     0
176
     1
 90
        1
176
     1
 40
0.0
176
     1
 90
        0
176
     1
290
     0
176
     1
290
     1
176
     1
290
     1
176
     1
290
     0
176
     1
290
     0
176
     1
290
     0
176
     1
290
     0
176
     1
290
     0
176
     1
290
     0
176
     1
 90
       50
176
     1
 40
0.0
176
     1
 40
1.0
176
     1
 90
        0
176
     1
 62
    18
420
        0
176
     1
 90
       50
176
     1
 90
        3
176
     1
 62
     5
420
      255
176
     1
290
     0
176
     1
 90
       50
176
     1
 90
       50
176
     1
 90
       50
176
     1
290
     0
176
     1
 90
       50
176
     1
 62
   256
176
     0
 40
1.0
176
     0
 90
        2
176
     1
  1
strokes_ogs.tif
176
     1
290
     0
176
     1
 40
1.0
176
     1
 40
1.0
176
     1
  0
VISUALSTYLE
  5
360
102
{ACAD_REACTORS
330
EF
102
}
330
EF
100
AcDbVisualStyle
  2
Sketchy
 70
    24
177
     3
291
     0
 70
    58
 90
        1
176
     1
 90
        2
176
     1
 90
        2
176
     1
 90
        0
176
     1
 40
0.6
176
     1
 40
30.0
176
     1
 62
     7
420
 16777215
176
     1
 90
        2
176
     1
 90
        2
176
     1
 62
     7
176
     1
 62
     7
176
     1
 90
        1
176
     1
 90
        1
176
     1
 40
40.0
176
     1
 90
       11
176
     1
 62
     7
176
     1
 40
1.0
176
     1
 90
        1
176
     1
 90
        6
176
     1
 90
        2
176
     1
 62
     7
176
     1
 90
        6
176
     1
 90
        0
176
     1
 90
        0
176
     1
290
     0
176
     1
 90
        1
176
     1
 40
0.0
176
     1
 90
        0
176
     1
290
     0
176
     1
290
     1
176
     1
290
     1
176
     1
290
     0
176
     1
290
     0
176
     1
290
     0
176
     1
290
     0
176
     1
290
     0
176
     1
290
     0
176
     1
 90
       50
176
     1
 40
0.0
176
     1
 40
1.0
176
     1
 90
        0
176
     1
 62
    18
420
        0
176
     1
 90
       50
176
     1
 90
        3
176
     1
 62
     5
420
      255
176
     1
290
     0
176
     1
 90
       50
176
     1
 90
       50
176
     1
 90
       50
176
     1
290
     0
176
     1
 90
       50
176
     1
 62
   256
176
     0
 40
1.0
176
     0
 90
        2
176
     1
  1
strokes_ogs.tif
176
     1
290
     0
176
     1
 40
1.0
176
     1
 40
1.0
176
     1
  0
VISUALSTYLE
  5
FC
102
{ACAD_REACTORS
330
EF
102
}
330
EF
100
AcDbVisualStyle
  2
Thicken
 70
    13
177
     3
291
     1
 70
    58
 90
        2
176
     1
 90
        2
176
     1
 90
        1
176
     1
 90
        0
176
     1
 40
-0.6
176
     1
 40
-30.0
176
     1
 62
     7
420
 16777215
176
     1
 90
        1
176
     1
 90
        4
176
     1
 62
     7
176
     1
 62
   257
176
     1
 90
        1
176
     1
 90
        1
176
     1
 40
1.0
176
     1
 90
       12
176
     1
 62
     7
176
     1
 40
1.0
176
     1
 90
        1
176
     1
 90
        6
176
     1
 90
        2
176
     1
 62
     7
176
     1
 90
        5
176
     1
 90
        0
176
     1
 90
        0
176
     1
290
     0
176
     1
 90
        1
176
     1
 40
0.0
176
     1
 90
        0
176
     1
290
     0
176
     1
290
     1
176
     1
290
     1
176
     1
290
     0
176
     1
290
     0
176
     1
290
     0
176
     1
290
     0
176
     1
290
     0
176
     1
290
     0
176
     1
 90
       50
176
     1
 40
0.0
176
     1
 40
1.0
176
     1
 90
        0
176
     1
 62
    18
420
        0
176
     1
 90
       50
176
     1
 90
        3
176
     1
 62
     5
420
      255
176
     1
290
     0
176
     1
 90
       50
176
     1
 90
       50
176
     1
 90
       50
176
     1
290
     0
176
     1
 90
       50
176
     1
 62
   256
176
     0
 40
1.0
176
     0
 90
        2
176
     1
  1
strokes_ogs.tif
176
     1
290
     0
176
     1
 40
1.0
176
     1
 40
1.0
176
     1
  0
VISUALSTYLE
  5
35A
102
{ACAD_REACTORS
330
EF
102
}
330
EF
100
AcDbVisualStyle
  2
Wireframe
 70
     5
177
     3
291
     0
 70
    58
 90
        0
176
     1
 90
        2
176
     1
 90
        0
176
     1
 90
        0
176
     1
 40
0.6
176
     1
 40
30.0
176
     1
 62
     7
420
 16777215
176
     1
 90
        1
176
     1
 90
        4
176
     1
 62
     7
176
     1
 62
   257
176
     1
 90
        1
176
     1
 90
        1
176
     1
 40
1.0
176
     1
 90
        0
176
     1
 62
   257
176
     1
 40
1.0
176
     1
 90
        1
176
     1
 90
        6
176
     1
 90
        2
176
     1
 62
     7
176
     1
 90
        3
176
     1
 90
        0
176
     1
 90
        0
176
     1
290
     0
176
     1
 90
        1
176
     1
 40
0.0
176
     1
 90
        0
176
     1
290
     0
176
     1
290
     1
176
     1
290
     1
176
     1
290
     0
176
     1
290
     0
176
     1
290
     0
176
     1
290
     0
176
     1
290
     0
176
     1
290
     0
176
     1
 90
       50
176
     1
 40
0.0
176
     1
 40
1.0
176
     1
 90
        0
176
     1
 62
    18
420
        0
176
     1
 90
       50
176
     1
 90
        3
176
     1
 62
     5
420
      255
176
     1
290
     0
176
     1
 90
       50
176
     1
 90
       50
176
     1
 90
       50
176
     1
290
     0
176
     1
 90
       50
176
     1
 62
   256
176
     0
 40
1.0
176
     0
 90
        2
176
     1
  1
strokes_ogs.tif
176
     1
290
     0
176
     1
 40
1.0
176
     1
 40
1.0
176
     1
  0
VISUALSTYLE
  5
361
102
{ACAD_REACTORS
330
EF
102
}
330
EF
100
AcDbVisualStyle
  2
X-Ray
 70
    25
177
     3
291
     0
 70
    58
 90
        2
176
     1
 90
        2
176
     1
 90
        1
176
     1
 90
        1
176
     1
 40
0.5
176
     1
 40
30.0
176
     1
 62
     7
420
 16777215
176
     1
 90
        1
176
     1
 90
        0
176
     1
 62
     7
176
     1
 62
   257
176
     1
 90
        1
176
     1
 90
        1
176
     1
 40
1.0
176
     1
 90
        8
176
     1
 62
     7
176
     1
 40
1.0
176
     1
 90
        1
176
     1
 90
        6
176
     1
 90
        2
176
     1
 62
     7
176
     1
 90
        3
176
     1
 90
        0
176
     1
 90
        0
176
     1
290
     0
176
     1
 90
       13
176
     1
 40
0.0
176
     1
 90
        0
176
     1
290
     0
176
     1
290
     1
176
     1
290
     1
176
     1
290
     0
176
     1
290
     0
176
     1
290
     0
176
     1
290
     0
176
     1
290
     0
176
     1
290
     0
176
     1
 90
       50
176
     1
 40
0.0
176
     1
 40
1.0
176
     1
 90
        0
176
     1
 62
    18
420
        0
176
     1
 90
       50
176
     1
 90
        3
176
     1
 62
     5
420
      255
176
     1
290
     0
176
     1
 90
       50
176
     1
 90
       50
176
     1
 90
       50
176
     1
290
     0
176
     1
 90
       50
176
     1
 62
   256
176
     0
 40
1.0
176
     0
 90
        2
176
     1
  1
strokes_ogs.tif
176
     1
290
     0
176
     1
 40
1.0
176
     1
 40
1.0
176
     1
  0
DICTIONARYVAR
  5
146
102
{ACAD_REACTORS
330
5E
102
}
330
5E
100
DictionaryVariables
280
     0
  1
1:1
  0
DICTIONARYVAR
  5
145
102
{ACAD_REACTORS
330
5E
102
}
330
5E
100
DictionaryVariables
280
     0
  1
Standard
  0
DICTIONARYVAR
  5
84
102
{ACAD_REACTORS
330
5E
102
}
330
5E
100
DictionaryVariables
280
     0
  1
Standard
  0
DICTIONARYVAR
  5
5F
102
{ACAD_REACTORS
330
5E
102
}
330
5E
100
DictionaryVariables
280
     0
  1
2
  0
DICTIONARYVAR
  5
63
102
{ACAD_REACTORS
330
5E
102
}
330
5E
100
DictionaryVariables
280
     0
  1
1
  0
DICTIONARYVAR
  5
1AE
102
{ACAD_REACTORS
330
5E
102
}
330
5E
100
DictionaryVariables
280
     0
  1
0
  0
DICTIONARYVAR
  5
1AF
102
{ACAD_REACTORS
330
5E
102
}
330
5E
100
DictionaryVariables
280
     0
  1
0
  0
DICTIONARYVAR
  5
356
102
{ACAD_REACTORS
330
5E
102
}
330
5E
100
DictionaryVariables
280
     0
  1
0
  0
XRECORD
  5
893
102
{ACAD_REACTORS
330
34E
102
}
330
34E
100
AcDbXrecord
280
     1
300
MC_VERSION_DATA
 90
       95
310
0600000002000000570000001C000000E404000000000000000000007801936764E5D8CFFA9993818115C460606066E0646662626666706006F218793899F8DE3171E725E6E53B3BBA2878E6951050AF75FEFFFFFF520036E40F2657000000
  0
XRECORD
  5
357
102
{ACAD_REACTORS
330
34E
102
}
330
34E
100
AcDbXrecord
280
     1
300
MCS_DOCUMENT_ID
 90
       60
310
0600000002000000150000001C000000E404000000000000000000007801E3B593BAB82EA165B2D39EF3120AFF395F73FC07020066E80B5815000000
  0
XRECORD
  5
365
102
{ACAD_REACTORS
330
34E
102
}
330
34E
100
AcDbXrecord
280
     1
300
MCS_PARAMS_DATA
 90
     3313
310
0600000002000000F64B00001C000000E404000000000000000000007801C55C5B6C5CC519DE9D595FD6B9DF494B53970A1A6F4A58DF92A6426A1A1210527090E23EF0543976A2BA75E25CAC160A6DA92AF5A55255A96AD556551F4A49A0CF15A03EC0438190865E482021147221409310B6900B3826B1FB7F7366CEFC73E6
310
1CAFBDDE3D9B07D8FF3F73CEF7DFE6FB67E6ECBA757EA3143929F767A4FCCE8636299AA49C90529036BB402C105929F279912F89C6DEAF6FD8BC69AB14A46C51EAC2B9898909BA39945F872C1FCD848A834A91A13B1AD51D6D5266E8A9FAF627E9AABE92BD45CA6F03BD81A3CFC24D59D990C96408C7E066656E0232E13A03
310
14B0AB01724443F05CC3F08780DFC8F19B03FC710A073DC8486413411B49060E3311A05C24C45064703B01D7CCE196A818E5C59C9268B967CBD6DED68ED59DC52EEB78BEF08E09F8223D745649346F1DE9DB35D0B777C089FC5FC3C8EB60BF1A286CF47FE3467F17CC59C5CD990B0CD948C1A77FB9F5CA0E4F479188EA541E
310
3C25A2E22BC99C8892456878B2821857F6B05492C2AD881B41409C21325211340605C9C6DC6006EC49AC088A0CCBB25B1159B72248E415019155047D5453031360047082A7405D92B72AB0F03379693EAB50870260AC609E2C6F6510BB3D081DFE4EF5EFECD71494A7B3590EC7F12C5B25CB32539229914732934ECE22AF1D
310
D259AC8B7B7649E437DE7BDFA69EADF76EE95186E95A7ED74C032DBFA66A9BF1CEF341B19B78E45DDED9EF56FE29189043E4814BF734E1FF34659991678231F23A51010DA578E8294D435524988818E84710A7B2643B4F7C134F5CC6936D1E4176D01398C4D0A83AE0A6BDC86B0BB5C3E1E8299D70A5A945AC12322FE697C4
310
9C8DC3BBBE34D2BA77FBEEA1BEFEED79D15C120DF70F0FEE1A093EF60C8FF47F4BCAB3B0ED666EDB17F5733E2B445B5E2C298985C507BB8BEBBA3A3A3774178B1D777FA5B36B9D327BBE1ED84C030BC74C9EDAB5B64D88BC405AEF1E1CD9D73A34B88F70838775AD5DDBD1B9B6BBABBB73A0ABA37F5D7BE0E757F57D1DB80F
310
037BFBB60D6D6F1DDED1DA3B3CB47D6FDF2EF8A0AD5933506CEF2FF6F7ADD9D6B56D5DFF9A60D6A95222FF670B51F8295953F8455019945B7EE9315C7A8AFEC352DE9D4B4A5050256AA6D1B42D5F0C265BEED4473538E9811F770DEFDCDD3732B86D706870E4A1D69DC303E45F6349C807B6EFCB8B8692103DC352AE816545
310
9E9E798813B5E9A692C86DD9B1A355A5424F8E0BF018466AF90D150136590E2905AA568F782650907D5A7180140B84AD0159F8156902B8F63BDA8BE1A72E29AF48322EA98B5F578631B6F5489B26184C63434803DB221A328E6B58DEAED6DB808FEB6DC068BD0DF8A4DE065CABB7018B3045EB390B3EAD7704C6EA6DC07518
310
10B79C17773A0DB6C361F03BDD064B22C8C7303844629E5064B47323116EB9039777E096BB70247238880C6E39831B9F221C81B3E543C57019D4736C30574EE2DD4AD73B12B9771099772B997713E97A974DF4CECD5D9582B938116EC00926492C777A7F676A8F441E4C882C98032C983211AE26DE8974E196022EC7174366
310
F9AE62C95769E105B5C4B012E2E82ED8CD3516C5E34D519CF0D1F6765A8551C6CC0505130A3E8ABEC46EF81CED54DC1DA04AB7BC4DB0CA082453194AB29B82400C2B438BA6322032B88FE093B3E13470C11297490C8EEF78E88158D51A8AD42283A38F61044E78707A57F8BBDFE2DF2167F36975041D1DA7FCF59430C35792
310
05112533A905D5D3CAAB4759DBB4CA160F3E9309466F934A1794E7E1154C402D3088858048DCDF7EA3E7FECD5B7A7B376D5480CBF43A7E5E49CCBE6BEB37D945B2402FC65F52AB73B67E7F3A58AE93F37A04F6B7011D680556EBCCA2819BC8A21C320F385BBDB4EE56E6E32CE2CB18E358AD7676B4C7C096B1674BAF7B1278
310
1E906198B0DF8681EA696AF34D20563061CAB731C0DB01185B8B0DCA46538BD880EB0E2C6FC3120B40E62289BC162112587895C11513E18290E892090EBF46A9321968C513E0BB89A0AE8F2431B88A7DFC9E07A7BD0A8E668E3AF3CDEA083A3A8ECFB770A00AB53712018F2859D8DB3D93C2E4D422CB77A40BB73A5DB807A7
310
0857A5727AC8838BE45965D0D3D5B29CBEEF99145F4E558AC0C3E9C23D922EDC0FD285FBA107E7958EEDE721E98018A3E3AAC64E7F5C166D7ABA81B65C437BB31D766C74A6ED6E1FBC2766B7AFDAD87156F9771BF44A2A724C461AB43EE729AAFB710D63E2111810BBA3ABC9AE6037E09AB9BF3AB40BE8309F8736AB64CAB2
310
BE7E3364E5AC569CA6976081AF5A311628A8EF68C5B3A4609E3E86AC3AA156E3E83562F4B5A292099A878C61EB3B549CF92354989982613F016CE7AD5A4D09AA1F5126387AAD451EE384D9C035A925859E39C1AA865EE9A9B8DA21CEE289167F7CF1D4C4BC7A125EC5AED5D8BB0B5A9D9144D134CFA71BF85A8D44BE568348
310
F6AA55A2F3CAEACF6982FD29118CC249D3CBF852A586F278BA70FBD3853B90085793EDE51E143F0AD06C6B4CB2242BDDBDD1419166C2865E85F9CE1648F3CBF54B2E655D5432557AB8C599EEE6E763403914E55050D879E2BFFA30F366F009F0CB378371CA9B99D05949929DD07465EA8797A3808B6B06B9536E64AF9C844C
310
903AF2F3709D3783A318A078E4F37AEBBCEC2DD1B228B722F785DC2DB9D64C476675A63353CC74E937B1FA39BFA7DB58A6AFC19E49583A4A9B6110A6BA038D3C80418F79D091B18A763C1D8524AA5361F194EC4CC4B23EDBA3192533E95398E41423EB6DCA1C239B4DBF91D13F6D762A6897D7013D496371DC8BECCAA7D45E
310
0C251095ABC98AA38E1B6540CD3DACF829EF15C38D27C2B92DA64A071D13897001094F16523EC1C9E5A99FF465029665AB5B13C49AF8984D174EA40B273D389D33BB29A272F6749622C2719C22AC925104534E7A8CF33714555C6B3CF3BE4BE0AF28994CA9B8353E0F28878DD26D8D2F007FBAAD11BD305CEB4EAB35BE08B8
310
B8D678FEB81BD9134AB6ADF10A644BBEF9C2334A81E4EAA6772450D87DD2AF49C178F020A0EBD3055FF292CC5B8AB3FC4114C86BA708ACDB15F49C43C04EBBE7FCBD0CA8A1CB2AF59CC3897035E1E39713E16AD873FE91085A131FFF19C04DBEDBF8D75406FD3B3A2842E56C8ABE82A171BC3BF89ECB0E0F287926BC7B0450
310
75E4DDA3C09F2EEF56BE2579157071BCBBE7881BD93E255BDE7D04B225A07C61BD5230DE1DBA8C1158736B225E412358525F03747D78F79897E472BCCBAF5BAF2BA0DDE3804E9B765F2F035A65DA3D910857134A7A2311AE52DA8D6E0E9C1341735A873DD47F12A16BE2E99BE9C275792B70532835F1AEDB838B7404B509F7
310
74C449519D9AA19EB28205FF5B08785CE3F9307262735AC933693C270155C7C6730AF8E9359ED3808B6B3CA387DDC6734EC9B6F1C897238DE72006D89713F9C2E58B91C6F3388D608DE70CA0A7DA7866D30F8008DC16BEAA2D26A2AAB848F4108A0CF46D0F54D7A73989E2C56D75B6B8431D2F6EAB64C5CD94644C04869974
310
1626C5B6A280378D1BEE62BCE2C3917700E714386FAA719B1D7E7D464DF7DD444F8317374E8CAA75BEF65E19D0F8F0523EC21D7470DCC60B8CAEF29753FC38EF4760CFDBF99B4673F680D0869F6742513F06849341B61DF57EE3400A02734628D75C0DBC8B68A868B98655ECA330208EA3C6F1B52E3DF1E8849E2433679564
310
431A886148B568E62C4406F75F64308EFD2F9D7039EA6D259B5B2BF91AD8396F72B01004EFC5CD6C88F911E8CCDF849C077E5C64E9488747967101058B73015D99FA9B900B808B63FFB117DCC85E50324556799F2F34BC086EC70CD18A4318C0D9FF2AB6807CDB718046B0A4BE0FE8B4D9FFA207EA504E3D7E65FA014C7226
310
B329B0E8D703AAFEBAA304E869379E693123CD68457958A4FF2F11AE86ECFF6119D078F6E7138AD87FF2370F86D6E1E34789702D76FED2134932CCA824CB8C811832A3160D33426421BD940847AF6F0C11D33DEECB1CFE9B7175D1F926045DE5BD8DBFBDBE9C081764D0049324E6DDB40A8607F34A225C4D16463974B5B836
310
F3B3A32E193EACE499B49986C93A780A6DA631A981D7A6CD34012EAECDFCF23937B23F51B26D337F80CCDBCC36A5C0ECD07DE7E7A7236D663D8D6033A419D0536D33E07F56B8C4CA7C0D48229F9610695A461A0883CE7B494E8DD95B004DF38E8247AB09FE45AC1A52EDAC32A0861DD8DA85D8A76276989D08579353913989
310
700119397510D9BB4CAB9DF096393711B4263ECE4B176E7EBA700B3C389DB3F0B5335AA6A7234288EA142D784A9083AFB414616018456CF64C3293C4CD2F49D3E5A5F0410CEE3E0F2E6A6FEA11580893E29AEE529C2FC11C4DF48D4AA628982DB44A422820F8563073C8F989CF2240392BED74F7768B819FDEDE6E09E0E29A
310
EE0AFA030B3CB273954C91D5916E83CC9BEE074FAB1E6B73B11CFB6CBEB73B4C23589D2D05F4CC9AAE2E4C768646F0614DBB4BD40606BDCC4B726A4DF72640A7DD749797013521AB4ED3C5971C1BF2225712D922FD192CAA82F186C253F467B664EED8B163100EA1787299890C1D4314EEF90B040C236113FD72905624B8F0
310
99FF03A92412CEF64B0000
  0
DICTIONARY
  5
358
330
22
100
AcDbDictionary
280
     1
281
     1
  3
CSD_PLOT_CONFIG
360
359
  0
DICTIONARY
  5
894
330
7F
100
AcDbDictionary
280
     1
281
     1
  3
ACAD_ROUNDTRIP_2008_TABLESTYLE_CELLSTYLEMAP
360
895
  0
LAYOUTPRINTCONFIG
  5
359
102
{ACAD_REACTORS
330
358
102
}
330
358
100
AcDbEntity
  8
0
160
                 8
310
0800000000000000
100
CAcLayoutPrintConfig
 93
        0
  0
CELLSTYLEMAP
  5
895
102
{ACAD_REACTORS
330
894
102
}
330
894
100
AcDbCellStyleMap
 90
        3
300
CELLSTYLE
  1
TABLEFORMAT_BEGIN
 90
        5
170
     1
 91
        0
 92
    32768
 62
   257
 93
        1
300
CONTENTFORMAT
  1
CONTENTFORMAT_BEGIN
 90
        0
 91
        0
 92
      512
 93
        0
300

 40
0.0
140
1.0
 94
        5
 62
     0
340
11
144
6.0
309
CONTENTFORMAT_END
171
     1
301
MARGIN
  1
CELLMARGIN_BEGIN
 40
1.5
 40
1.5
 40
1.5
 40
1.5
 40
4.5
 40
4.5
309
CELLMARGIN_END
 94
        6
 95
        1
302
GRIDFORMAT
  1
GRIDFORMAT_BEGIN
 90
        0
 91
        1
 62
     0
 92
       -2
340
14
 93
        0
 40
1.125
309
GRIDFORMAT_END
 95
        2
302
GRIDFORMAT
  1
GRIDFORMAT_BEGIN
 90
        0
 91
        1
 62
     0
 92
       -2
340
14
 93
        0
 40
1.125
309
GRIDFORMAT_END
 95
        4
302
GRIDFORMAT
  1
GRIDFORMAT_BEGIN
 90
        0
 91
        1
 62
     0
 92
       -2
340
14
 93
        0
 40
1.125
309
GRIDFORMAT_END
 95
        8
302
GRIDFORMAT
  1
GRIDFORMAT_BEGIN
 90
        0
 91
        1
 62
     0
 92
       -2
340
14
 93
        0
 40
1.125
309
GRIDFORMAT_END
 95
       16
302
GRIDFORMAT
  1
GRIDFORMAT_BEGIN
 90
        0
 91
        1
 62
     0
 92
       -2
340
14
 93
        0
 40
1.125
309
GRIDFORMAT_END
 95
       32
302
GRIDFORMAT
  1
GRIDFORMAT_BEGIN
 90
        0
 91
        1
 62
     0
 92
       -2
340
14
 93
        0
 40
1.125
309
GRIDFORMAT_END
309
TABLEFORMAT_END
  1
CELLSTYLE_BEGIN
 90
        1
 91
        1
300
_TITLE
309
CELLSTYLE_END
300
CELLSTYLE
  1
TABLEFORMAT_BEGIN
 90
        5
170
     1
 91
        0
 92
        0
 62
   257
 93
        1
300
CONTENTFORMAT
  1
CONTENTFORMAT_BEGIN
 90
        0
 91
        0
 92
      512
 93
        0
300

 40
0.0
140
1.0
 94
        5
 62
     0
340
11
144
4.5
309
CONTENTFORMAT_END
171
     1
301
MARGIN
  1
CELLMARGIN_BEGIN
 40
1.5
 40
1.5
 40
1.5
 40
1.5
 40
4.5
 40
4.5
309
CELLMARGIN_END
 94
        6
 95
        1
302
GRIDFORMAT
  1
GRIDFORMAT_BEGIN
 90
        0
 91
        1
 62
     0
 92
       -2
340
14
 93
        0
 40
1.125
309
GRIDFORMAT_END
 95
        2
302
GRIDFORMAT
  1
GRIDFORMAT_BEGIN
 90
        0
 91
        1
 62
     0
 92
       -2
340
14
 93
        0
 40
1.125
309
GRIDFORMAT_END
 95
        4
302
GRIDFORMAT
  1
GRIDFORMAT_BEGIN
 90
        0
 91
        1
 62
     0
 92
       -2
340
14
 93
        0
 40
1.125
309
GRIDFORMAT_END
 95
        8
302
GRIDFORMAT
  1
GRIDFORMAT_BEGIN
 90
        0
 91
        1
 62
     0
 92
       -2
340
14
 93
        0
 40
1.125
309
GRIDFORMAT_END
 95
       16
302
GRIDFORMAT
  1
GRIDFORMAT_BEGIN
 90
        0
 91
        1
 62
     0
 92
       -2
340
14
 93
        0
 40
1.125
309
GRIDFORMAT_END
 95
       32
302
GRIDFORMAT
  1
GRIDFORMAT_BEGIN
 90
        0
 91
        1
 62
     0
 92
       -2
340
14
 93
        0
 40
1.125
309
GRIDFORMAT_END
309
TABLEFORMAT_END
  1
CELLSTYLE_BEGIN
 90
        2
 91
        1
300
_HEADER
309
CELLSTYLE_END
300
CELLSTYLE
  1
TABLEFORMAT_BEGIN
 90
        5
170
     1
 91
        0
 92
        0
 62
   257
 93
        1
300
CONTENTFORMAT
  1
CONTENTFORMAT_BEGIN
 90
        0
 91
        0
 92
      512
 93
        0
300

 40
0.0
140
1.0
 94
        2
 62
     0
340
11
144
4.5
309
CONTENTFORMAT_END
171
     1
301
MARGIN
  1
CELLMARGIN_BEGIN
 40
1.5
 40
1.5
 40
1.5
 40
1.5
 40
4.5
 40
4.5
309
CELLMARGIN_END
 94
        6
 95
        1
302
GRIDFORMAT
  1
GRIDFORMAT_BEGIN
 90
        0
 91
        1
 62
     0
 92
       -2
340
14
 93
        0
 40
1.125
309
GRIDFORMAT_END
 95
        2
302
GRIDFORMAT
  1
GRIDFORMAT_BEGIN
 90
        0
 91
        1
 62
     0
 92
       -2
340
14
 93
        0
 40
1.125
309
GRIDFORMAT_END
 95
        4
302
GRIDFORMAT
  1
GRIDFORMAT_BEGIN
 90
        0
 91
        1
 62
     0
 92
       -2
340
14
 93
        0
 40
1.125
309
GRIDFORMAT_END
 95
        8
302
GRIDFORMAT
  1
GRIDFORMAT_BEGIN
 90
        0
 91
        1
 62
     0
 92
       -2
340
14
 93
        0
 40
1.125
309
GRIDFORMAT_END
 95
       16
302
GRIDFORMAT
  1
GRIDFORMAT_BEGIN
 90
        0
 91
        1
 62
     0
 92
       -2
340
14
 93
        0
 40
1.125
309
GRIDFORMAT_END
 95
       32
302
GRIDFORMAT
  1
GRIDFORMAT_BEGIN
 90
        0
 91
        1
 62
     0
 92
       -2
340
14
 93
        0
 40
1.125
309
GRIDFORMAT_END
309
TABLEFORMAT_END
  1
CELLSTYLE_BEGIN
 90
        3
 91
        2
300
_DATA
309
CELLSTYLE_END
  0
ENDSEC
  0
EOF
