  0
SECTION
  2
HEADER
  9
$ACADVER
  1
AC1027
  9
$ACADMAINTVER
 70
     8
  9
$DWGCODEPAGE
  3
ANSI_1251
  9
$REQUIREDVERSIONS
160
                 0
  9
$LASTSAVEDBY
  1
Autodesk
  9
$INSBASE
 10
0.0
 20
0.0
 30
0.0
  9
$EXTMIN
 10
223.122969
 20
79.766621
 30
0.0
  9
$EXTMAX
 10
234.988169
 20
124.522254
 30
0.011607
  9
$LIMMIN
 10
0.0
 20
0.0
  9
$LIMMAX
 10
420.0
 20
297.0
  9
$ORTHOMODE
 70
     0
  9
$REGENMODE
 70
     1
  9
$FILLMODE
 70
     1
  9
$QTEXTMODE
 70
     0
  9
$MIRRTEXT
 70
     0
  9
$LTSCALE
 40
1.0
  9
$ATTMODE
 70
     1
  9
$TEXTSIZE
 40
2.5
  9
$TRACEWID
 40
1.0
  9
$TEXTSTYLE
  7
Standard
  9
$CLAYER
  8
0
  9
$CELTYPE
  6
ByLayer
  9
$CECOLOR
 62
   256
  9
$CELTSCALE
 40
1.0
  9
$DISPSILH
 70
     0
  9
$DIMSCALE
 40
1.0
  9
$DIMASZ
 40
2.5
  9
$DIMEXO
 40
0.5
  9
$DIMDLI
 40
6.0
  9
$DIMRND
 40
0.0
  9
$DIMDLE
 40
0.0
  9
$DIMEXE
 40
0.0
  9
$DIMTP
 40
0.0
  9
$DIMTM
 40
0.0
  9
$DIMTXT
 40
2.5
  9
$DIMCEN
 40
2.5
  9
$DIMTSZ
 40
0.0
  9
$DIMTOL
 70
     0
  9
$DIMLIM
 70
     0
  9
$DIMTIH
 70
     0
  9
$DIMTOH
 70
     1
  9
$DIMSE1
 70
     0
  9
$DIMSE2
 70
     0
  9
$DIMTAD
 70
     0
  9
$DIMZIN
 70
     0
  9
$DIMBLK
  1

  9
$DIMASO
 70
     1
  9
$DIMSHO
 70
     1
  9
$DIMPOST
  1

  9
$DIMAPOST
  1

  9
$DIMALT
 70
     0
  9
$DIMALTD
 70
     2
  9
$DIMALTF
 40
25.4
  9
$DIMLFAC
 40
1.0
  9
$DIMTOFL
 70
     0
  9
$DIMTVP
 40
0.0
  9
$DIMTIX
 70
     0
  9
$DIMSOXD
 70
     0
  9
$DIMSAH
 70
     0
  9
$DIMBLK1
  1

  9
$DIMBLK2
  1

  9
$DIMSTYLE
  2
Standard
  9
$DIMCLRD
 70
     0
  9
$DIMCLRE
 70
     0
  9
$DIMCLRT
 70
     0
  9
$DIMTFAC
 40
1.0
  9
$DIMGAP
 40
1.0
  9
$DIMJUST
 70
     0
  9
$DIMSD1
 70
     0
  9
$DIMSD2
 70
     0
  9
$DIMTOLJ
 70
     1
  9
$DIMTZIN
 70
     0
  9
$DIMALTZ
 70
     0
  9
$DIMALTTZ
 70
     0
  9
$DIMUPT
 70
     0
  9
$DIMDEC
 70
     4
  9
$DIMTDEC
 70
     4
  9
$DIMALTU
 70
     2
  9
$DIMALTTD
 70
     2
  9
$DIMTXSTY
  7
Standard
  9
$DIMAUNIT
 70
     0
  9
$DIMADEC
 70
     0
  9
$DIMALTRND
 40
0.0
  9
$DIMAZIN
 70
     0
  9
$DIMDSEP
 70
    46
  9
$DIMATFIT
 70
     3
  9
$DIMFRAC
 70
     0
  9
$DIMLDRBLK
  1

  9
$DIMLUNIT
 70
     2
  9
$DIMLWD
 70
    -2
  9
$DIMLWE
 70
    -2
  9
$DIMTMOVE
 70
     0
  9
$DIMFXL
 40
1.0
  9
$DIMFXLON
 70
     0
  9
$DIMJOGANG
 40
0.785398
  9
$DIMTFILL
 70
     0
  9
$DIMTFILLCLR
 70
     0
  9
$DIMARCSYM
 70
     0
  9
$DIMLTYPE
  6
ByLayer
  9
$DIMLTEX1
  6
ByLayer
  9
$DIMLTEX2
  6
ByLayer
  9
$DIMTXTDIRECTION
 70
     0
  9
$LUNITS
 70
     2
  9
$LUPREC
 70
     4
  9
$SKETCHINC
 40
1.0
  9
$FILLETRAD
 40
0.0
  9
$AUNITS
 70
     0
  9
$AUPREC
 70
     0
  9
$MENU
  1
.
  9
$ELEVATION
 40
0.0
  9
$PELEVATION
 40
0.0
  9
$THICKNESS
 40
0.0
  9
$LIMCHECK
 70
     0
  9
$CHAMFERA
 40
0.0
  9
$CHAMFERB
 40
0.0
  9
$CHAMFERC
 40
0.0
  9
$CHAMFERD
 40
0.0
  9
$SKPOLY
 70
     0
  9
$TDCREATE
 40
2454082.78338338
  9
$TDUCREATE
 40
2454082.90838338
  9
$TDUPDATE
 40
2461181.712669086
  9
$TDUUPDATE
 40
2461181.837669086
  9
$TDINDWG
 40
0.0105753588
  9
$TDUSRTIMER
 40
0.0105751736
  9
$USRTIMER
 70
     1
  9
$ANGBASE
 50
0.0
  9
$ANGDIR
 70
     0
  9
$PDMODE
 70
     0
  9
$PDSIZE
 40
0.0
  9
$PLINEWID
 40
0.0
  9
$SPLFRAME
 70
     0
  9
$SPLINETYPE
 70
     6
  9
$SPLINESEGS
 70
     8
  9
$HANDSEED
  5
667
  9
$SURFTAB1
 70
     6
  9
$SURFTAB2
 70
     6
  9
$SURFTYPE
 70
     6
  9
$SURFU
 70
     6
  9
$SURFV
 70
     6
  9
$UCSBASE
  2

  9
$UCSNAME
  2

  9
$UCSORG
 10
0.0
 20
0.0
 30
0.0
  9
$UCSXDIR
 10
1.0
 20
0.0
 30
0.0
  9
$UCSYDIR
 10
0.0
 20
1.0
 30
0.0
  9
$UCSORTHOREF
  2

  9
$UCSORTHOVIEW
 70
     0
  9
$UCSORGTOP
 10
0.0
 20
0.0
 30
0.0
  9
$UCSORGBOTTOM
 10
0.0
 20
0.0
 30
0.0
  9
$UCSORGLEFT
 10
0.0
 20
0.0
 30
0.0
  9
$UCSORGRIGHT
 10
0.0
 20
0.0
 30
0.0
  9
$UCSORGFRONT
 10
0.0
 20
0.0
 30
0.0
  9
$UCSORGBACK
 10
0.0
 20
0.0
 30
0.0
  9
$PUCSBASE
  2

  9
$PUCSNAME
  2

  9
$PUCSORG
 10
0.0
 20
0.0
 30
0.0
  9
$PUCSXDIR
 10
1.0
 20
0.0
 30
0.0
  9
$PUCSYDIR
 10
0.0
 20
1.0
 30
0.0
  9
$PUCSORTHOREF
  2

  9
$PUCSORTHOVIEW
 70
     0
  9
$PUCSORGTOP
 10
0.0
 20
0.0
 30
0.0
  9
$PUCSORGBOTTOM
 10
0.0
 20
0.0
 30
0.0
  9
$PUCSORGLEFT
 10
0.0
 20
0.0
 30
0.0
  9
$PUCSORGRIGHT
 10
0.0
 20
0.0
 30
0.0
  9
$PUCSORGFRONT
 10
0.0
 20
0.0
 30
0.0
  9
$PUCSORGBACK
 10
0.0
 20
0.0
 30
0.0
  9
$USERI1
 70
     0
  9
$USERI2
 70
     0
  9
$USERI3
 70
     0
  9
$USERI4
 70
     0
  9
$USERI5
 70
     0
  9
$USERR1
 40
0.0
  9
$USERR2
 40
0.0
  9
$USERR3
 40
0.0
  9
$USERR4
 40
0.0
  9
$USERR5
 40
0.0
  9
$WORLDVIEW
 70
     1
  9
$SHADEDGE
 70
     3
  9
$SHADEDIF
 70
    70
  9
$TILEMODE
 70
     1
  9
$MAXACTVP
 70
    64
  9
$PINSBASE
 10
0.0
 20
0.0
 30
0.0
  9
$PLIMCHECK
 70
     0
  9
$PEXTMIN
 10
0.0
 20
0.0
 30
0.0
  9
$PEXTMAX
 10
0.0
 20
0.0
 30
0.0
  9
$PLIMMIN
 10
-20.0
 20
-7.5
  9
$PLIMMAX
 10
277.0
 20
202.5
  9
$UNITMODE
 70
     0
  9
$VISRETAIN
 70
     1
  9
$PLINEGEN
 70
     0
  9
$PSLTSCALE
 70
     0
  9
$TREEDEPTH
 70
  3020
  9
$CMLSTYLE
  2
Standard
  9
$CMLJUST
 70
     0
  9
$CMLSCALE
 40
20.0
  9
$PROXYGRAPHICS
 70
     1
  9
$MEASUREMENT
 70
     1
  9
$CELWEIGHT
370
    -1
  9
$ENDCAPS
280
     0
  9
$JOINSTYLE
280
     0
  9
$LWDISPLAY
290
     1
  9
$INSUNITS
 70
     4
  9
$HYPERLINKBASE
  1

  9
$STYLESHEET
  1

  9
$XEDIT
290
     1
  9
$CEPSNTYPE
380
     0
  9
$PSTYLEMODE
290
     1
  9
$FINGERPRINTGUID
  2
{78B0F746-B111-4909-95E5-2EF5CBA97683}
  9
$VERSIONGUID
  2
{88884FFE-1838-4093-901C-E4DA6EFB818F}
  9
$EXTNAMES
290
     1
  9
$PSVPSCALE
 40
0.0
  9
$OLESTARTUP
290
     0
  9
$SORTENTS
280
   127
  9
$INDEXCTL
280
     0
  9
$HIDETEXT
280
     1
  9
$XCLIPFRAME
280
     0
  9
$HALOGAP
280
     0
  9
$OBSCOLOR
 70
   257
  9
$OBSLTYPE
280
     0
  9
$INTERSECTIONDISPLAY
280
     0
  9
$INTERSECTIONCOLOR
 70
   257
  9
$DIMASSOC
280
     2
  9
$PROJECTNAME
  1

  9
$CAMERADISPLAY
290
     0
  9
$LENSLENGTH
 40
50.0
  9
$CAMERAHEIGHT
 40
0.0
  9
$STEPSPERSEC
 40
2.0
  9
$STEPSIZE
 40
6.0
  9
$3DDWFPREC
 40
2.0
  9
$PSOLWIDTH
 40
5.0
  9
$PSOLHEIGHT
 40
80.0
  9
$LOFTANG1
 40
1.570796
  9
$LOFTANG2
 40
1.570796
  9
$LOFTMAG1
 40
0.0
  9
$LOFTMAG2
 40
0.0
  9
$LOFTPARAM
 70
     7
  9
$LOFTNORMALS
280
     1
  9
$LATITUDE
 40
37.795
  9
$LONGITUDE
 40
-122.394
  9
$NORTHDIRECTION
 40
0.0
  9
$TIMEZONE
 70
 -8000
  9
$LIGHTGLYPHDISPLAY
280
     1
  9
$TILEMODELIGHTSYNCH
280
     1
  9
$CMATERIAL
347
EC
  9
$SOLIDHIST
280
     1
  9
$SHOWHIST
280
     1
  9
$DWFFRAME
280
     2
  9
$DGNFRAME
280
     0
  9
$REALWORLDSCALE
290
     1
  9
$INTERFERECOLOR
 62
     1
  9
$CSHADOW
280
     0
  9
$SHADOWPLANELOCATION
 40
0.0
  0
ENDSEC
  0
SECTION
  2
CLASSES
  0
CLASS
  1
ACDBDICTIONARYWDFLT
  2
AcDbDictionaryWithDefault
  3
ObjectDBX Classes
 90
        0
 91
       20
280
     0
281
     0
  0
CLASS
  1
ACDBPLACEHOLDER
  2
AcDbPlaceHolder
  3
ObjectDBX Classes
 90
        0
 91
        1
280
     0
281
     0
  0
CLASS
  1
LAYOUT
  2
AcDbLayout
  3
ObjectDBX Classes
 90
        0
 91
        1
280
     0
281
     0
  0
CLASS
  1
DICTIONARYVAR
  2
AcDbDictionaryVar
  3
ObjectDBX Classes
 90
        0
 91
       14
280
     0
281
     0
  0
CLASS
  1
TABLESTYLE
  2
AcDbTableStyle
  3
ObjectDBX Classes
 90
     4095
 91
       14
280
     0
281
     0
  0
CLASS
  1
MATERIAL
  2
AcDbMaterial
  3
ObjectDBX Classes
 90
     1153
 91
       19
280
     0
281
     0
  0
CLASS
  1
VISUALSTYLE
  2
AcDbVisualStyle
  3
ObjectDBX Classes
 90
     4095
 91
       18
280
     0
281
     0
  0
CLASS
  1
SCALE
  2
AcDbScale
  3
ObjectDBX Classes
 90
     1153
 91
       19
280
     0
281
     0
  0
CLASS
  1
MLEADERSTYLE
  2
AcDbMLeaderStyle
  3
ACDB_MLEADERSTYLE_CLASS
 90
     4095
 91
       13
280
     0
281
     0
  0
CLASS
  1
CELLSTYLEMAP
  2
AcDbCellStyleMap
  3
ObjectDBX Classes
 90
     1152
 91
       13
280
     0
281
     0
  0
CLASS
  1
EXACXREFPANELOBJECT
  2
ExAcXREFPanelObject
  3
EXAC_ESW
 90
     1025
 91
        1
280
     1
281
     0
  0
CLASS
  1
NPOCOLLECTION
  2
AcDbImpNonPersistentObjectsCollection
  3
ObjectDBX Classes
 90
     1153
 91
        1
280
     1
281
     0
  0
CLASS
  1
LAYER_INDEX
  2
AcDbLayerIndex
  3
ObjectDBX Classes
 90
        0
 91
       12
280
     0
281
     0
  0
CLASS
  1
SPATIAL_INDEX
  2
AcDbSpatialIndex
  3
AutoCAD 2000
 90
        0
 91
       12
280
     0
281
     0
  0
CLASS
  1
IDBUFFER
  2
AcDbIdBuffer
  3
ObjectDBX Classes
 90
        0
 91
       12
280
     0
281
     0
  0
CLASS
  1
Wall
  2
PtDbWall
  3
NanoSPDS
 90
      893
 91
        1
280
     1
281
     1
  0
CLASS
  1
SORTENTSTABLE
  2
AcDbSortentsTable
  3
ObjectDBX Classes
 90
        0
 91
       14
280
     0
281
     0
  0
CLASS
  1
Format
  2
mcsDbObjectFormat
  3
NanoSPDS
 90
      893
 91
        1
280
     1
281
     1
  0
CLASS
  1
NOTEPOSITION
  2
mcsDbObjectNotePosition
  3
NanoSPDS
 90
      893
 91
       12
280
     0
281
     1
  0
CLASS
  1
mcsDbObject
  2
mcsDbObject
  3
NanoSPDS
 90
      893
 91
       29
280
     0
281
     1
  0
CLASS
  1
McDbContainer2
  2
McDbContainer2
  3
NanoSPDS
 90
      893
 91
       27
280
     0
281
     0
  0
CLASS
  1
spdsLevelMark
  2
mcsDbObjectLevelMark
  3
NanoSPDS
 90
      893
 91
        1
280
     1
281
     1
  0
CLASS
  1
spdsRelationMark
  2
mcsDbObjectRelationMark
  3
NanoSPDS
 90
      893
 91
        1
280
     1
281
     1
  0
CLASS
  1
LAYOUTPRINTCONFIG
  2
CAcLayoutPrintConfig
  3
"CSD_APP"
 90
     4095
 91
       13
280
     0
281
     1
  0
CLASS
  1
SUN
  2
AcDbSun
  3
SCENEOE
 90
     1153
 91
       19
280
     0
281
     0
  0
ENDSEC
  0
SECTION
  2
TABLES
  0
TABLE
  2
VPORT
  5
8
330
0
100
AcDbSymbolTable
 70
     1
  0
VPORT
  5
EA
330
8
100
AcDbSymbolTableRecord
100
AcDbViewportTableRecord
  2
*Active
 70
     0
 10
0.0
 20
0.0
 11
1.0
 21
1.0
 12
19.055569
 22
-46.355563
 13
0.0
 23
0.0
 14
10.0
 24
10.0
 15
10.0
 25
10.0
 16
0.0
 26
0.0
 36
1.0
 17
210.0
 27
148.5
 37
0.0
 40
45.650746
 41
2.583916
 42
50.0
 43
0.0
 44
0.0
 50
0.0
 51
0.0
 71
    16
 72
  1000
 73
     1
 74
     3
 75
     0
 76
     0
 77
     0
 78
     0
281
     0
 65
     1
110
0.0
120
0.0
130
0.0
111
1.0
121
0.0
131
0.0
112
0.0
122
1.0
132
0.0
 79
     0
146
0.0
 60
     2
 61
     5
292
     1
282
     1
141
0.0
142
0.0
 63
   250
421
  3355443
361
364
  0
ENDTAB
  0
TABLE
  2
LTYPE
  5
5
330
0
100
AcDbSymbolTable
 70
     8
  0
LTYPE
  5
14
330
5
100
AcDbSymbolTableRecord
100
AcDbLinetypeTableRecord
  2
ByBlock
 70
     0
  3

 72
    65
 73
     0
 40
0.0
  0
LTYPE
  5
15
330
5
100
AcDbSymbolTableRecord
100
AcDbLinetypeTableRecord
  2
ByLayer
 70
     0
  3

 72
    65
 73
     0
 40
0.0
  0
LTYPE
  5
16
330
5
100
AcDbSymbolTableRecord
100
AcDbLinetypeTableRecord
  2
Continuous
 70
     0
  3
Solid line
 72
    65
 73
     0
 40
0.0
  0
LTYPE
  5
368
330
5
100
AcDbSymbolTableRecord
100
AcDbLinetypeTableRecord
  2
SOL - PB - Arquitectura$0$AUDIT_I_201002150132-0
 70
     0
  3
Solid line
 72
    65
 73
     0
 40
0.0
  0
LTYPE
  5
36E
330
5
100
AcDbSymbolTableRecord
100
AcDbLinetypeTableRecord
  2
SOL - PB - Arquitectura$0$DASHEDX2
 70
     0
  3
____  ____  ____  ____  ____  
 72
    65
 73
     2
 40
1.5
 49
1.0
 74
     0
 49
-0.5
 74
     0
  0
LTYPE
  5
374
330
5
100
AcDbSymbolTableRecord
100
AcDbLinetypeTableRecord
  2
CACHE2
 70
     0
  3
Cach$$ (x.5) _ _ _ _ _ _ _ _ _ _ _ _ _ _ _ _ _
 72
    65
 73
     2
 40
0.1875
 49
0.125
 74
     0
 49
-0.0625
 74
     0
  0
LTYPE
  5
376
330
5
100
AcDbSymbolTableRecord
100
AcDbLinetypeTableRecord
  2
AUDIT_I_201002150132-0
 70
     0
  3
Solid line
 72
    65
 73
     0
 40
0.0
  0
LTYPE
  5
37B
330
5
100
AcDbSymbolTableRecord
100
AcDbLinetypeTableRecord
  2
DASHEDX2
 70
     0
  3
Dashed (2x) ____  ____  ____  ____  ____  ___
 72
    65
 73
     2
 40
1.5
 49
1.0
 74
     0
 49
-0.5
 74
     0
  0
LTYPE
  5
38B
330
5
100
AcDbSymbolTableRecord
100
AcDbLinetypeTableRecord
  2
DASHED
 70
     0
  3
__ __ __ __ __ __ __ __ __ __ __ __ __ __ __ __
 72
    65
 73
     2
 40
0.75
 49
0.5
 74
     0
 49
-0.25
 74
     0
  0
LTYPE
  5
38C
330
5
100
AcDbSymbolTableRecord
100
AcDbLinetypeTableRecord
  2
HIDDEN2
 70
     0
  3
Hidden (.5x) _ _ _ _ _ _ _ _ _ _ _ _ _ _ _ _ _
 72
    65
 73
     2
 40
0.1875
 49
0.125
 74
     0
 49
-0.0625
 74
     0
  0
ENDTAB
  0
TABLE
  2
LAYER
  5
2
102
{ACAD_XDICTIONARY
360
65F
102
}
330
0
100
AcDbSymbolTable
 70
    31
  0
LAYER
  5
10
330
2
100
AcDbSymbolTableRecord
100
AcDbLayerTableRecord
  2
0
 70
     0
 62
     7
  6
Continuous
370
    -3
390
F
347
EE
348
0
  0
LAYER
  5
22D
330
2
100
AcDbSymbolTableRecord
100
AcDbLayerTableRecord
  2
Defpoints
 70
     0
 62
     7
  6
Continuous
290
     0
370
    -3
390
F
347
EE
348
0
  0
LAYER
  5
366
330
2
100
AcDbSymbolTableRecord
100
AcDbLayerTableRecord
  2
SOL - PB - Arquitectura$0$EQ - Mobiliario
 70
     0
 62
   252
  6
SOL - PB - Arquitectura$0$AUDIT_I_201002150132-0
370
    -3
390
F
347
EE
348
0
1001
AcCmTransparency
1071
 33554687
  0
LAYER
  5
36A
330
2
100
AcDbSymbolTableRecord
100
AcDbLayerTableRecord
  2
SOL - PB - Arquitectura$0$HER - Tubo 70X70
 70
     0
 62
     7
  6
SOL - PB - Arquitectura$0$AUDIT_I_201002150132-0
370
    -3
390
F
347
EE
348
0
1001
AcAecLayerStandard
1000

1000

  0
LAYER
  5
36C
330
2
100
AcDbSymbolTableRecord
100
AcDbLayerTableRecord
  2
SOL - PB - Arquitectura$0$VI - 4
 70
     0
 62
     3
  6
SOL - PB - Arquitectura$0$AUDIT_I_201002150132-0
370
     5
390
F
347
EE
348
0
1001
AcAecLayerStandard
1000

1000

1001
AcCmTransparency
1071
        0
  0
LAYER
  5
36D
330
2
100
AcDbSymbolTableRecord
100
AcDbLayerTableRecord
  2
SOL - PB - Arquitectura$0$HER - Rejas - Malla 1x1
 70
     0
 62
     3
  6
SOL - PB - Arquitectura$0$DASHEDX2
370
    -3
390
F
347
EE
348
0
1001
AcAecLayerStandard
1000

1000

1001
AcCmTransparency
1071
 33554687
  0
LAYER
  5
36F
330
2
100
AcDbSymbolTableRecord
100
AcDbLayerTableRecord
  2
SOL - PB - Arquitectura$0$RF - TX - Rótulo
 70
     0
 62
    -1
  6
SOL - PB - Arquitectura$0$AUDIT_I_201002150132-0
370
     0
390
F
347
EE
348
0
1001
AcCmTransparency
1071
 33554687
  0
LAYER
  5
370
330
2
100
AcDbSymbolTableRecord
100
AcDbLayerTableRecord
  2
SOL - PB - Arquitectura$0$EQ - Pallets
 70
     0
 62
   253
  6
SOL - PB - Arquitectura$0$AUDIT_I_201002150132-0
370
    -3
390
F
347
EE
348
0
1001
AcCmTransparency
1071
 33554687
  0
LAYER
  5
371
330
2
100
AcDbSymbolTableRecord
100
AcDbLayerTableRecord
  2
05
 70
     0
 62
     5
  6
Continuous
370
    25
390
F
347
EE
348
0
  0
LAYER
  5
372
330
2
100
AcDbSymbolTableRecord
100
AcDbLayerTableRecord
  2
SOL - PB - Arquitectura$0$BL - Montaje
 70
     0
 62
     7
  6
SOL - PB - Arquitectura$0$AUDIT_I_201002150132-0
370
    -3
390
F
347
EE
348
0
1001
AcAecLayerStandard
1000

1000

1001
AcCmTransparency
1071
        0
  0
LAYER
  5
373
330
2
100
AcDbSymbolTableRecord
100
AcDbLayerTableRecord
  2
CIRC - Demarcación
 70
     0
 62
     1
  6
CACHE2
370
    -3
390
F
347
EE
348
0
1001
AcAecLayerStandard
1000

1000

1001
AcCmTransparency
1071
 33554687
  0
LAYER
  5
375
330
2
100
AcDbSymbolTableRecord
100
AcDbLayerTableRecord
  2
EQ - Mobiliario
 70
     0
 62
   252
  6
AUDIT_I_201002150132-0
370
    -3
390
F
347
EE
348
0
1001
AcCmTransparency
1071
 33554687
  0
LAYER
  5
377
330
2
100
AcDbSymbolTableRecord
100
AcDbLayerTableRecord
  2
HER - Tubo 70X70
 70
     0
 62
     7
  6
AUDIT_I_201002150132-0
370
    -3
390
F
347
EE
348
0
1001
AcAecLayerStandard
1000

1000

  0
LAYER
  5
378
330
2
100
AcDbSymbolTableRecord
100
AcDbLayerTableRecord
  2
VI - 4
 70
     0
 62
     3
  6
AUDIT_I_201002150132-0
370
     5
390
F
347
EE
348
0
1001
AcAecLayerStandard
1000

1000

1001
AcCmTransparency
1071
        0
  0
LAYER
  5
379
330
2
100
AcDbSymbolTableRecord
100
AcDbLayerTableRecord
  2
REV - P1-Muro oficina a demoler
 70
     0
 62
   -10
  6
AUDIT_I_201002150132-0
370
    -3
390
F
347
EE
348
0
1001
AcAecLayerStandard
1000

1000

1001
AcCmTransparency
1071
        0
  0
LAYER
  5
37A
330
2
100
AcDbSymbolTableRecord
100
AcDbLayerTableRecord
  2
Proyecciones
 70
     0
 62
     5
  6
DASHEDX2
370
    -3
390
F
347
EE
348
0
1001
AcAecLayerStandard
1000

1000

1001
AcCmTransparency
1071
 33554687
  0
LAYER
  5
37C
330
2
100
AcDbSymbolTableRecord
100
AcDbLayerTableRecord
  2
HER - Rejas - Malla 1x1
 70
     0
 62
     3
  6
DASHEDX2
370
    -3
390
F
347
EE
348
0
1001
AcAecLayerStandard
1000

1000

1001
AcCmTransparency
1071
 33554687
  0
LAYER
  5
37D
330
2
100
AcDbSymbolTableRecord
100
AcDbLayerTableRecord
  2
IE - General
 70
     0
 62
    10
  6
AUDIT_I_201002150132-0
370
    -3
390
F
347
EE
348
0
1001
AcCmTransparency
1071
 33554687
  0
LAYER
  5
37E
330
2
100
AcDbSymbolTableRecord
100
AcDbLayerTableRecord
  2
ALM - Rack de Pallet - Bastidores
 70
     0
 62
     5
  6
AUDIT_I_201002150132-0
370
    -3
390
F
347
EE
348
0
1001
AcCmTransparency
1071
 33554687
  0
LAYER
  5
37F
330
2
100
AcDbSymbolTableRecord
100
AcDbLayerTableRecord
  2
RF - TX - Rótulo
 70
     0
 62
    -1
  6
AUDIT_I_201002150132-0
370
     0
390
F
347
EE
348
0
1001
AcCmTransparency
1071
 33554687
  0
LAYER
  5
380
330
2
100
AcDbSymbolTableRecord
100
AcDbLayerTableRecord
  2
EQ - Pallets
 70
     0
 62
   253
  6
AUDIT_I_201002150132-0
370
    -3
390
F
347
EE
348
0
1001
AcCmTransparency
1071
 33554687
  0
LAYER
  5
381
330
2
100
AcDbSymbolTableRecord
100
AcDbLayerTableRecord
  2
ALM - Rack de Pallet - Largueros
 70
     0
 62
    31
420
 16364903
  6
AUDIT_I_201002150132-0
370
    -3
390
F
347
EE
348
0
1001
AcCmTransparency
1071
 33554687
  0
LAYER
  5
382
330
2
100
AcDbSymbolTableRecord
100
AcDbLayerTableRecord
  2
VP - Gral
 70
     0
 62
     2
  6
AUDIT_I_201002150132-0
370
     0
390
F
347
EE
348
0
1001
AcCmTransparency
1071
 33554687
  0
LAYER
  5
383
330
2
100
AcDbSymbolTableRecord
100
AcDbLayerTableRecord
  2
ALM - Rack de Pallet - Puntera
 70
     0
 62
     7
  6
AUDIT_I_201002150132-0
370
     0
390
F
347
EE
348
0
1001
AcCmTransparency
1071
 33554687
  0
LAYER
  5
384
330
2
100
AcDbSymbolTableRecord
100
AcDbLayerTableRecord
  2
ALM - Rack de Pallet - Conjunto
 70
     0
 62
     7
  6
AUDIT_I_201002150132-0
370
    -3
390
F
347
EE
348
0
1001
AcCmTransparency
1071
 33554687
  0
LAYER
  5
385
330
2
100
AcDbSymbolTableRecord
100
AcDbLayerTableRecord
  2
HT - Montaje
 70
     0
 62
   160
  6
AUDIT_I_201002150132-0
370
    -3
390
F
347
EE
348
0
1001
AcAecLayerStandard
1000

1000

1001
AcCmTransparency
1071
        0
  0
LAYER
  5
386
330
2
100
AcDbSymbolTableRecord
100
AcDbLayerTableRecord
  2
IS - RF - TX - GE
 70
     0
 62
   141
  6
AUDIT_I_201002150132-0
370
     5
390
F
347
EE
348
0
1001
AcAecLayerStandard
1000

1000

1001
AcCmTransparency
1071
        0
  0
LAYER
  5
387
330
2
100
AcDbSymbolTableRecord
100
AcDbLayerTableRecord
  2
BL - Montaje
 70
     0
 62
     7
  6
AUDIT_I_201002150132-0
370
    -3
390
F
347
EE
348
0
1001
AcAecLayerStandard
1000

1000

1001
AcCmTransparency
1071
        0
  0
LAYER
  5
388
330
2
100
AcDbSymbolTableRecord
100
AcDbLayerTableRecord
  2
EQ - Pallets - GE
 70
     0
 62
   253
  6
AUDIT_I_201002150132-0
370
    -3
390
F
347
EE
348
0
1001
AcAecLayerStandard
1000

1000

1001
AcCmTransparency
1071
 33554687
  0
LAYER
  5
389
330
2
100
AcDbSymbolTableRecord
100
AcDbLayerTableRecord
  2
RF - TX - GE
 70
     0
 62
   141
  6
AUDIT_I_201002150132-0
370
    -3
390
F
347
EE
348
0
1001
AcAecLayerStandard
1000

1000

1001
AcCmTransparency
1071
 33554687
  0
LAYER
  5
38A
330
2
100
AcDbSymbolTableRecord
100
AcDbLayerTableRecord
  2
ANMAT-GE
 70
     0
 62
     4
  6
Continuous
370
    -3
390
F
347
EE
348
0
1001
AcAecLayerStandard
1000

1000

1001
AcCmTransparency
1071
        0
  0
ENDTAB
  0
TABLE
  2
STYLE
  5
3
330
0
100
AcDbSymbolTable
 70
     4
  0
STYLE
  5
11
330
3
100
AcDbSymbolTableRecord
100
AcDbTextStyleTableRecord
  2
Standard
 70
     0
 40
0.0
 41
1.0
 50
0.0
 71
     0
 42
2.5
  3
txt.shx
  4

  0
STYLE
  5
1E3
330
3
100
AcDbSymbolTableRecord
100
AcDbTextStyleTableRecord
  2

 70
     1
 40
0.0
 41
1.0
 50
0.0
 71
     0
 42
0.2
  3
GOST 2.303-68.shx
  4

  0
STYLE
  5
395
330
3
100
AcDbSymbolTableRecord
100
AcDbTextStyleTableRecord
  2
OpenGostTypeA-Regular
 70
     0
 40
0.0
 41
1.0
 50
0.0
 71
     0
 42
2.5
  3
OpenGostTypeA-Regular
  4

  0
ENDTAB
  0
TABLE
  2
VIEW
  5
6
330
0
100
AcDbSymbolTable
 70
     0
  0
ENDTAB
  0
TABLE
  2
UCS
  5
7
330
0
100
AcDbSymbolTable
 70
     0
  0
ENDTAB
  0
TABLE
  2
APPID
  5
9
330
0
100
AcDbSymbolTable
 70
    20
  0
APPID
  5
12
330
9
100
AcDbSymbolTableRecord
100
AcDbRegAppTableRecord
  2
ACAD
 70
     0
  0
APPID
  5
9E
330
9
100
AcDbSymbolTableRecord
100
AcDbRegAppTableRecord
  2
ACAD_PSEXT
 70
     0
  0
APPID
  5
133
330
9
100
AcDbSymbolTableRecord
100
AcDbRegAppTableRecord
  2
AcadAnnoPO
 70
     0
  0
APPID
  5
134
330
9
100
AcDbSymbolTableRecord
100
AcDbRegAppTableRecord
  2
AcadAnnotative
 70
     0
  0
APPID
  5
135
330
9
100
AcDbSymbolTableRecord
100
AcDbRegAppTableRecord
  2
ACAD_DSTYLE_DIMJAG
 70
     0
  0
APPID
  5
136
330
9
100
AcDbSymbolTableRecord
100
AcDbRegAppTableRecord
  2
ACAD_DSTYLE_DIMTALN
 70
     0
  0
APPID
  5
165
330
9
100
AcDbSymbolTableRecord
100
AcDbRegAppTableRecord
  2
ACAD_MLEADERVER
 70
     0
  0
APPID
  5
1E1
330
9
100
AcDbSymbolTableRecord
100
AcDbRegAppTableRecord
  2
MCS_DIM1
 70
     0
  0
APPID
  5
1E2
330
9
100
AcDbSymbolTableRecord
100
AcDbRegAppTableRecord
  2
McsXdata5
 70
     0
  0
APPID
  5
209
330
9
100
AcDbSymbolTableRecord
100
AcDbRegAppTableRecord
  2
MCS_PARAMS_DATA
 70
     0
  0
APPID
  5
20C
330
9
100
AcDbSymbolTableRecord
100
AcDbRegAppTableRecord
  2
MCS_PARAMS_HIDDEN_DATA
 70
     0
  0
APPID
  5
34D
330
9
100
AcDbSymbolTableRecord
100
AcDbRegAppTableRecord
  2
MCS_DOCUMENT_ID
 70
     0
  0
APPID
  5
353
330
9
100
AcDbSymbolTableRecord
100
AcDbRegAppTableRecord
  2
McSubentIdentification
 70
     0
  0
APPID
  5
355
330
9
100
AcDbSymbolTableRecord
100
AcDbRegAppTableRecord
  2
MC_VERSION_DATA
 70
     0
  0
APPID
  5
369
330
9
100
AcDbSymbolTableRecord
100
AcDbRegAppTableRecord
  2
AcCmTransparency
 70
     0
  0
APPID
  5
36B
330
9
100
AcDbSymbolTableRecord
100
AcDbRegAppTableRecord
  2
AcAecLayerStandard
 70
     0
  0
APPID
  5
390
330
9
100
AcDbSymbolTableRecord
100
AcDbRegAppTableRecord
  2
AcDbDynamicBlockGUID
 70
     0
  0
APPID
  5
391
330
9
100
AcDbSymbolTableRecord
100
AcDbRegAppTableRecord
  2
GradientColor1ACI
 70
     0
  0
APPID
  5
392
330
9
100
AcDbSymbolTableRecord
100
AcDbRegAppTableRecord
  2
GradientColor2ACI
 70
     0
  0
APPID
  5
394
330
9
100
AcDbSymbolTableRecord
100
AcDbRegAppTableRecord
  2
ACAD_OBJECT_CHANGE_GUID
 70
     0
  0
ENDTAB
  0
TABLE
  2
DIMSTYLE
  5
A
330
0
100
AcDbSymbolTable
 70
     1
100
AcDbDimStyleTable
  0
DIMSTYLE
105
1B0
330
A
100
AcDbSymbolTableRecord
100
AcDbDimStyleTableRecord
  2
Standard
 70
     0
 40
100.0
 41
2.5
 42
0.5
 43
6.0
 44
0.0
 50
45.000001
 73
     0
140
2.5
141
2.5
143
25.4
147
1.0
178
     0
340
11
345
15
346
15
347
15
  0
ENDTAB
  0
TABLE
  2
BLOCK_RECORD
  5
1
330
0
100
AcDbSymbolTable
 70
    25
  0
BLOCK_RECORD
  5
1F
102
{ACAD_XDICTIONARY
360
234
102
}
330
1
100
AcDbSymbolTableRecord
100
AcDbBlockTableRecord
  2
*Model_Space
340
22
 70
     0
280
     1
281
     0
  0
BLOCK_RECORD
  5
D6
330
1
100
AcDbSymbolTableRecord
100
AcDbBlockTableRecord
  2
*Paper_Space
340
D7
 70
     0
280
     1
281
     0
  0
BLOCK_RECORD
  5
21A
330
1
100
AcDbSymbolTableRecord
100
AcDbBlockTableRecord
  2
*Paper_Space0
340
21B
 70
     0
280
     1
281
     0
  0
BLOCK_RECORD
  5
1EC
330
1
100
AcDbSymbolTableRecord
100
AcDbBlockTableRecord
  2
_ARCHTICK
340
0
 70
     0
280
     1
281
     0
  0
BLOCK_RECORD
  5
1F4
330
1
100
AcDbSymbolTableRecord
100
AcDbBlockTableRecord
  2
_OPEN30
340
0
 70
     0
280
     1
281
     0
  0
BLOCK_RECORD
  5
1FC
330
1
100
AcDbSymbolTableRecord
100
AcDbBlockTableRecord
  2
_DOT
340
0
 70
     0
280
     1
281
     0
  0
BLOCK_RECORD
  5
224
330
1
100
AcDbSymbolTableRecord
100
AcDbBlockTableRecord
  2
*Paper_Space4
340
225
 70
     0
280
     1
281
     0
  0
BLOCK_RECORD
  5
D2
330
1
100
AcDbSymbolTableRecord
100
AcDbBlockTableRecord
  2
*Paper_Space5
340
D3
 70
     0
280
     1
281
     0
  0
BLOCK_RECORD
  5
21F
330
1
100
AcDbSymbolTableRecord
100
AcDbBlockTableRecord
  2
*Paper_Space6
340
220
 70
     0
280
     1
281
     0
  0
BLOCK_RECORD
  5
210
330
1
100
AcDbSymbolTableRecord
100
AcDbBlockTableRecord
  2
*Paper_Space7
340
211
 70
     0
280
     1
281
     0
  0
BLOCK_RECORD
  5
215
330
1
100
AcDbSymbolTableRecord
100
AcDbBlockTableRecord
  2
*Paper_Space8
340
216
 70
     0
280
     1
281
     0
  0
BLOCK_RECORD
  5
3B4
102
{ACAD_XDICTIONARY
360
3B5
102
}
330
1
100
AcDbSymbolTableRecord
100
AcDbBlockTableRecord
  2
SOL - PB - Arquitectura$0$IRI-OCASA-Layout R 9$0$OCA_PALLET
340
0
310
2800000020000000200000000100080000000000000400000000000000000000000000000000000000000000000080000080000000808000800000008000800080800000C0C0C000C0DCC000F0CAA6000020400000206000002080000020A0000020C0000020E00000400000004020000040400000406000004080000040A0
310
000040C0000040E00000600000006020000060400000606000006080000060A0000060C0000060E00000800000008020000080400000806000008080000080A0000080C0000080E00000A0000000A0200000A0400000A0600000A0800000A0A00000A0C00000A0E00000C0000000C0200000C0400000C0600000C0800000C0
310
A00000C0C00000C0E00000E0000000E0200000E0400000E0600000E0800000E0A00000E0C00000E0E00040000000400020004000400040006000400080004000A0004000C0004000E00040200000402020004020400040206000402080004020A0004020C0004020E000404000004040200040404000404060004040800040
310
40A0004040C0004040E00040600000406020004060400040606000406080004060A0004060C0004060E00040800000408020004080400040806000408080004080A0004080C0004080E00040A0000040A0200040A0400040A0600040A0800040A0A00040A0C00040A0E00040C0000040C0200040C0400040C0600040C08000
310
40C0A00040C0C00040C0E00040E0000040E0200040E0400040E0600040E0800040E0A00040E0C00040E0E00080000000800020008000400080006000800080008000A0008000C0008000E00080200000802020008020400080206000802080008020A0008020C0008020E00080400000804020008040400080406000804080
310
008040A0008040C0008040E00080600000806020008060400080606000806080008060A0008060C0008060E00080800000808020008080400080806000808080008080A0008080C0008080E00080A0000080A0200080A0400080A0600080A0800080A0A00080A0C00080A0E00080C0000080C0200080C0400080C0600080C0
310
800080C0A00080C0C00080C0E00080E0000080E0200080E0400080E0600080E0800080E0A00080E0C00080E0E000C0000000C0002000C0004000C0006000C0008000C000A000C000C000C000E000C0200000C0202000C0204000C0206000C0208000C020A000C020C000C020E000C0400000C0402000C0404000C0406000C0
310
408000C040A000C040C000C040E000C0600000C0602000C0604000C0606000C0608000C060A000C060C000C060E000C0800000C0802000C0804000C0806000C0808000C080A000C080C000C080E000C0A00000C0A02000C0A04000C0A06000C0A08000C0A0A000C0A0C000C0A0E000C0C00000C0C02000C0C04000C0C06000
310
C0C08000C0C0A000F0FBFF00A4A0A000808080000000FF0000FF000000FFFF00FF000000FF00FF00FFFF0000FFFFFF004949494949494949494949494949494949494949494949494949494949494949494949A4A4A4A4A4A4A4A4A4A4A4A4A4A4A4A4A4A4A4A4A4A4A4A4A4A4494949494949A4A449494949494949494949
310
494949494949494949494949A4A4494949494949A449A44949494949494949494949494949494949494949A449A4494949494949A44949A4494949494949494949494949494949494949A44949A4494949494949A44949A4494949494949494949494949494949494949A44949A4494949494949A4494949A4494949494949
310
49494949494949494949A4494949A4494949494949A449494949A44949494949494949494949494949A449494949A4494949494949A44949494949A4494949494949494949494949A44949494949A4494949494949A4494949494949A449494949494949494949A4494949494949A4494949494949A449494949494949A449
310
49494949494949A449494949494949A4494949494949A44949494949494949A4494949494949A44949494949494949A4494949494949A44949494949494949A4494949494949A44949494949494949A4494949494949A4494949494949494949A449494949A4494949494949494949A4494949494949A44949494949494949
310
4949A44949A449494949494949494949A4494949494949A44949494949494949494949A4A44949494949494949494949A4494949494949A44949494949494949494949A4A44949494949494949494949A4494949494949A449494949494949494949A44949A449494949494949494949A4494949494949A449494949494949
310
4949A449494949A4494949494949494949A4494949494949A44949494949494949A4494949494949A44949494949494949A4494949494949A44949494949494949A4494949494949A44949494949494949A4494949494949A449494949494949A44949494949494949A449494949494949A4494949494949A4494949494949
310
A449494949494949494949A4494949494949A4494949494949A44949494949A4494949494949494949494949A44949494949A4494949494949A449494949A44949494949494949494949494949A449494949A4494949494949A4494949A449494949494949494949494949494949A4494949A4494949494949A44949A44949
310
49494949494949494949494949494949A44949A4494949494949A44949A4494949494949494949494949494949494949A44949A4494949494949A449A44949494949494949494949494949494949494949A449A4494949494949A4A449494949494949494949494949494949494949494949A4A4494949494949A4A4A4A4A4
310
A4A4A4A4A4A4A4A4A4A4A4A4A4A4A4A4A4A4A4A4A44949494949494949494949494949494949494949494949494949494949494949494949
102
{BLKREFS
331
3B3
102
}
 70
     6
280
     1
281
     0
1001
AcDbDynamicBlockGUID
1000
{6E5C9563-0203-4508-A98B-B1FEF9DC7EB0}
  0
BLOCK_RECORD
  5
3BD
102
{ACAD_XDICTIONARY
360
3BE
102
}
330
1
100
AcDbSymbolTableRecord
100
AcDbBlockTableRecord
  2
SOL - PB - Arquitectura$0$columna_80x80
340
0
310
2800000020000000200000000100080000000000000400000000000000000000000000000000000000000000000080000080000000808000800000008000800080800000C0C0C000C0DCC000F0CAA6000020400000206000002080000020A0000020C0000020E00000400000004020000040400000406000004080000040A0
310
000040C0000040E00000600000006020000060400000606000006080000060A0000060C0000060E00000800000008020000080400000806000008080000080A0000080C0000080E00000A0000000A0200000A0400000A0600000A0800000A0A00000A0C00000A0E00000C0000000C0200000C0400000C0600000C0800000C0
310
A00000C0C00000C0E00000E0000000E0200000E0400000E0600000E0800000E0A00000E0C00000E0E00040000000400020004000400040006000400080004000A0004000C0004000E00040200000402020004020400040206000402080004020A0004020C0004020E000404000004040200040404000404060004040800040
310
40A0004040C0004040E00040600000406020004060400040606000406080004060A0004060C0004060E00040800000408020004080400040806000408080004080A0004080C0004080E00040A0000040A0200040A0400040A0600040A0800040A0A00040A0C00040A0E00040C0000040C0200040C0400040C0600040C08000
310
40C0A00040C0C00040C0E00040E0000040E0200040E0400040E0600040E0800040E0A00040E0C00040E0E00080000000800020008000400080006000800080008000A0008000C0008000E00080200000802020008020400080206000802080008020A0008020C0008020E00080400000804020008040400080406000804080
310
008040A0008040C0008040E00080600000806020008060400080606000806080008060A0008060C0008060E00080800000808020008080400080806000808080008080A0008080C0008080E00080A0000080A0200080A0400080A0600080A0800080A0A00080A0C00080A0E00080C0000080C0200080C0400080C0600080C0
310
800080C0A00080C0C00080C0E00080E0000080E0200080E0400080E0600080E0800080E0A00080E0C00080E0E000C0000000C0002000C0004000C0006000C0008000C000A000C000C000C000E000C0200000C0202000C0204000C0206000C0208000C020A000C020C000C020E000C0400000C0402000C0404000C0406000C0
310
408000C040A000C040C000C040E000C0600000C0602000C0604000C0606000C0608000C060A000C060C000C060E000C0800000C0802000C0804000C0806000C0808000C080A000C080C000C080E000C0A00000C0A02000C0A04000C0A06000C0A08000C0A0A000C0A0C000C0A0E000C0C00000C0C02000C0C04000C0C06000
310
C0C08000C0C0A000F0FBFF00A4A0A000808080000000FF0000FF000000FFFF00FF000000FF00FF00FFFF0000FFFFFF0049494949494949494949494949494949494949494949494949494949494949494907070707070707070707070707070707070707070707070707070707070749490749494949494949494949494949
310
49494949494949494949494949494907494907490707070749494949494949494949494949494949494907070707490749490749074949074949494949494949494949494949494949490749490749074949074907070707494949494949494949494949494949494949070707074907494907494949494949494949494949
310
49494949494949494949494949494949074949074949494949494949494949494949494949494949494949494949494907494907494949494949494949494949494949494949494949494949494949490749490749494949494949FCFCFCFCFCFCFCFCFCFCFCFCFCFC494949494949490749490749494949494949FC494949
310
494949494949494949FC494949494949490749490749494949494949FC494949494949494949494949FC494949494949490749490749494949494949FC494949494949494949494949FC494949494949490749490749494949494949FC494949494949494949494949FC494949494949490749490749494949494949FC4949
310
49494949494949494949FC494949494949490749490749494949494949FC494949494949494949494949FC494949494949490749490749494949494949FC494949494949494949494949FC494949494949490749490749494949494949FC494949494949494949494949FC494949494949490749490749494949494949FC49
310
4949494949494949494949FC494949494949490749490749494949494949FC494949494949494949494949FC494949494949490749490749494949494949FC494949494949494949494949FC494949494949490749490749494949494949FC494949494949494949494949FC494949494949490749490749494949494949FC
310
FCFCFCFCFCFCFCFCFCFCFCFCFC494949494949490749490749494949494949494949494949494949494949494949494949494949074949074949494949494949494949494949494949494949494949494949494907494907494949494949494949494949494949494949494949494949494949490749490749070707074949
310
49494949494949494949494949494949070707074907494907490749490749494949494949494949494949494949494907494907490749490749070707074949494949494949494949494949494949490707070749074949074949494949494949494949494949494949494949494949494949494907494907070707070707
310
0707070707070707070707070707070707070707070707494949494949494949494949494949494949494949494949494949494949494949
102
{BLKREFS
331
3BC
331
3D4
331
648
331
649
331
64A
331
64B
102
}
 70
     4
280
     1
281
     0
1001
AcDbDynamicBlockGUID
1000
{A38B94FF-1953-FF4E-9AB6-6BA274AC7D9E}
  0
BLOCK_RECORD
  5
3DA
330
1
100
AcDbSymbolTableRecord
100
AcDbBlockTableRecord
  2
SOL - PB - Arquitectura$0$malla_shullman_planta
340
0
310
2800000020000000200000000100080000000000000400000000000000000000000000000000000000000000000080000080000000808000800000008000800080800000C0C0C000C0DCC000F0CAA6000020400000206000002080000020A0000020C0000020E00000400000004020000040400000406000004080000040A0
310
000040C0000040E00000600000006020000060400000606000006080000060A0000060C0000060E00000800000008020000080400000806000008080000080A0000080C0000080E00000A0000000A0200000A0400000A0600000A0800000A0A00000A0C00000A0E00000C0000000C0200000C0400000C0600000C0800000C0
310
A00000C0C00000C0E00000E0000000E0200000E0400000E0600000E0800000E0A00000E0C00000E0E00040000000400020004000400040006000400080004000A0004000C0004000E00040200000402020004020400040206000402080004020A0004020C0004020E000404000004040200040404000404060004040800040
310
40A0004040C0004040E00040600000406020004060400040606000406080004060A0004060C0004060E00040800000408020004080400040806000408080004080A0004080C0004080E00040A0000040A0200040A0400040A0600040A0800040A0A00040A0C00040A0E00040C0000040C0200040C0400040C0600040C08000
310
40C0A00040C0C00040C0E00040E0000040E0200040E0400040E0600040E0800040E0A00040E0C00040E0E00080000000800020008000400080006000800080008000A0008000C0008000E00080200000802020008020400080206000802080008020A0008020C0008020E00080400000804020008040400080406000804080
310
008040A0008040C0008040E00080600000806020008060400080606000806080008060A0008060C0008060E00080800000808020008080400080806000808080008080A0008080C0008080E00080A0000080A0200080A0400080A0600080A0800080A0A00080A0C00080A0E00080C0000080C0200080C0400080C0600080C0
310
800080C0A00080C0C00080C0E00080E0000080E0200080E0400080E0600080E0800080E0A00080E0C00080E0E000C0000000C0002000C0004000C0006000C0008000C000A000C000C000C000E000C0200000C0202000C0204000C0206000C0208000C020A000C020C000C020E000C0400000C0402000C0404000C0406000C0
310
408000C040A000C040C000C040E000C0600000C0602000C0604000C0606000C0608000C060A000C060C000C060E000C0800000C0802000C0804000C0806000C0808000C080A000C080C000C080E000C0A00000C0A02000C0A04000C0A06000C0A08000C0A0A000C0A0C000C0A0E000C0C00000C0C02000C0C04000C0C06000
310
C0C08000C0C0A000F0FBFF00A4A0A000808080000000FF0000FF000000FFFF00FF000000FF00FF00FFFF0000FFFFFF0049494949494949494949494949494949494949494949494949494949494949494949494949494949494949494949494949494949494949494949494949494949494949494949494949494949494949
310
49494949494949494949494949494949494949494949494949494949494949494949494949494949494949494949494949494949494949494949494949494949494949494949494949494949494949494949494949494949494949494949494949494949494949494949494949494949494949494949494949494949494949
310
49494949494949494949494949494949494949494949494949494949494949494949494949494949494949494949494949494949494949494949494949494949494949494949494949494949494949494949494949494949494949494949494949494949494949494949494949494949494949494949494949494949494949
310
4949494949494949494949494949494949494949494949494949494949494949494949494949494949494949494949494949494949494949494949494949494949494949494949494949494949494949494949494949494949494949494949494949494949494949494949494949494949494949F7F7F7F7F7F7F7F7F7F7F7
310
F7F7F7F7F7F7F7F7F7F7F7F7F7F7F7F7F7F7F74949F7F7F7F7F7F7F7F7F7F7F7F7F7F7F7F7F7F7F7F7F7F7F7F7F7F7F7F7F7F74949F7F7F7F7F7F7F7F7F7F7F7F7F7F7F7F7F7F7F7F7F7F7F7F7F7F7F7F7F7F74949F7F7F7F7F7F7F7F7F7F7F7F7F7F7F7F7F7F7F7F7F7F7F7F7F7F7F7F7F7F7494949494949494949494949
310
49494949494949494949494949494949494949494949494949494949494949494949494949494949494949494949494949494949494949494949494949494949494949494949494949494949494949494949494949494949494949494949494949494949494949494949494949494949494949494949494949494949494949
310
49494949494949494949494949494949494949494949494949494949494949494949494949494949494949494949494949494949494949494949494949494949494949494949494949494949494949494949494949494949494949494949494949494949494949494949494949494949494949494949494949494949494949
310
49494949494949494949494949494949494949494949494949494949494949494949494949494949494949494949494949494949494949494949494949494949494949494949494949494949494949494949494949494949494949494949494949494949494949494949494949494949494949494949494949494949494949
310
4949494949494949494949494949494949494949494949494949494949494949494949494949494949494949494949494949494949494949
102
{BLKREFS
331
3D9
331
3DF
331
3E0
331
3E1
331
3E2
331
3E3
331
3E4
331
3E5
331
3E6
331
3E7
331
3E8
331
3E9
331
3EA
331
3EB
331
3EC
331
3ED
331
3EE
331
3EF
331
3F0
331
3F1
331
3F2
331
3F3
331
3F4
331
3F5
331
3F9
331
3FA
331
3FB
331
3FC
331
3FD
331
3FE
331
402
331
403
331
404
331
405
331
409
331
40E
331
40F
331
410
331
411
331
412
331
413
331
414
331
415
331
416
331
417
331
418
331
419
331
41A
331
41B
331
41C
331
41D
331
41E
331
421
331
422
331
423
331
424
331
425
331
426
331
427
331
428
331
429
331
42A
331
42B
331
42C
331
42D
102
}
 70
     4
280
     1
281
     0
1001
AcDbDynamicBlockGUID
1000
{CE3FDF72-0D97-48E0-998C-BE0F55F018A7}
  0
BLOCK_RECORD
  5
433
102
{ACAD_XDICTIONARY
360
434
102
}
330
1
100
AcDbSymbolTableRecord
100
AcDbBlockTableRecord
  2
HER - Puerta corrediza - 1 hoja - 3m - col 100
340
0
310
2800000030000000300000000100200000000000002400000100000001000000000000000000000001000000302821FF302821FF302821FF302821FF302821FF302821FF302821FF302821FF302821FF302821FF302821FF302821FF302821FF302821FF302821FF302821FF302821FF302821FF302821FF302821FF302821
310
FF302821FF302821FF302821FF302821FF302821FF302821FF302821FF302821FF302821FF302821FF302821FF302821FF302821FF302821FF302821FF302821FF302821FF302821FF302821FF302821FF302821FF302821FF302821FF302821FF302821FF302821FF302821FF302821FF302821FF302821FF302821FF3028
310
21FF302821FF302821FF302821FF302821FF302821FF302821FF302821FF302821FF302821FF302821FF302821FF302821FF302821FF302821FF302821FF302821FF302821FF302821FF302821FF302821FF302821FF302821FF302821FF302821FF302821FF302821FF302821FF302821FF302821FF302821FF302821FF30
310
2821FF302821FF302821FF302821FF302821FF302821FF302821FF302821FF302821FF302821FF302821FF302821FF302821FF302821FF302821FF302821FF302821FF302821FF302821FF302821FF302821FF302821FF302821FF302821FF302821FF302821FF302821FF302821FF302821FF302821FF302821FF302821FF
310
302821FF302821FF302821FF302821FF302821FF302821FF999999FF999999FF999999FF999999FF302821FF302821FF302821FF302821FF302821FF302821FF302821FF302821FF302821FF302821FF302821FF302821FF302821FF302821FF302821FF302821FF302821FF302821FF302821FF302821FF302821FF302821
310
FF302821FF302821FF302821FF302821FF302821FF302821FF302821FF302821FF302821FF302821FF302821FF302821FF302821FF302821FF302821FF302821FF302821FF302821FF302821FF302821FF302821FF302821FF999999FF302821FF999999FF999999FF302821FF302821FF302821FF302821FF302821FF3028
310
21FF302821FF302821FF302821FF302821FF302821FF302821FF302821FF302821FF302821FF302821FF302821FF302821FF302821FF302821FF302821FF302821FF302821FF302821FF302821FF302821FF302821FF302821FF302821FF302821FF302821FF302821FF302821FF302821FF302821FF302821FF302821FF30
310
2821FF302821FF302821FF302821FF302821FF302821FF302821FF999999FF302821FF999999FF999999FF302821FF302821FF302821FF302821FF302821FF302821FF302821FF302821FF302821FF302821FF302821FF302821FF302821FF302821FF302821FF302821FF302821FF302821FF302821FF302821FF302821FF
310
302821FF302821FF302821FF302821FF302821FF302821FF302821FF302821FF302821FF302821FF302821FF302821FF302821FF302821FF302821FF302821FF302821FF302821FF302821FF302821FF302821FF302821FF302821FF999999FF302821FF999999FF999999FF302821FF302821FF302821FF302821FF302821
310
FF302821FF302821FF302821FF302821FF302821FF302821FF302821FF302821FF302821FF302821FF302821FF302821FF302821FF302821FF302821FF302821FF302821FF302821FF302821FF302821FF302821FF302821FF302821FF302821FF302821FF302821FF302821FF302821FF302821FF302821FF302821FF3028
310
21FF302821FF302821FF302821FF302821FF302821FF302821FF302821FF999999FF302821FF999999FF999999FF302821FF302821FF302821FF302821FF302821FF302821FF302821FF302821FF302821FF302821FF302821FF302821FF302821FF302821FF302821FF302821FF302821FF302821FF302821FF302821FF30
310
2821FF302821FF302821FF302821FF302821FF302821FF302821FF302821FF302821FF302821FF302821FF302821FF302821FF302821FF302821FF302821FF302821FF302821FF302821FF302821FF302821FF302821FF302821FF302821FF999999FF302821FF999999FF999999FF302821FF302821FF302821FF302821FF
310
302821FF302821FF302821FF302821FF302821FF302821FF302821FF302821FF302821FF302821FF302821FF302821FF302821FF302821FF302821FF302821FF302821FF302821FF302821FF302821FF302821FF302821FF302821FF302821FF302821FF302821FF302821FF302821FF302821FF302821FF302821FF302821
310
FF302821FF302821FF302821FF302821FF302821FF302821FF302821FF302821FF999999FF302821FF999999FF999999FF302821FF302821FF302821FF302821FF302821FF302821FF302821FF302821FF302821FF302821FF302821FF302821FF302821FF302821FF302821FF302821FF302821FF302821FF302821FF3028
310
21FF302821FF302821FF302821FF302821FF302821FF302821FF302821FF302821FF302821FF302821FF302821FF302821FF302821FF302821FF302821FF302821FF302821FF302821FF302821FF302821FF302821FF302821FF302821FF302821FF999999FF302821FF999999FF999999FF302821FF302821FF302821FF30
310
2821FF302821FF302821FF302821FF302821FF302821FF302821FF302821FF302821FF302821FF302821FF302821FF302821FF302821FF302821FF302821FF302821FF302821FF302821FF302821FF302821FF302821FF302821FF302821FF302821FF302821FF302821FF302821FF302821FF302821FF302821FF302821FF
310
302821FF302821FF302821FF302821FF302821FF302821FF302821FF302821FF302821FF999999FF302821FF999999FF999999FF302821FF302821FF302821FF302821FF302821FF302821FF302821FF302821FF302821FF302821FF302821FF302821FF302821FF302821FF302821FF302821FF302821FF302821FF302821
310
FF302821FF302821FF302821FF302821FF302821FF302821FF302821FF302821FF302821FF302821FF302821FF302821FF302821FF302821FF302821FF302821FF302821FF302821FF302821FF302821FF302821FF302821FF302821FF302821FF302821FF999999FF302821FF999999FF999999FF302821FF302821FF3028
310
21FF302821FF302821FF302821FF302821FF302821FF302821FF302821FF302821FF302821FF302821FF302821FF302821FF302821FF302821FF302821FF302821FF302821FF302821FF302821FF302821FF302821FF302821FF302821FF302821FF302821FF302821FF302821FF302821FF302821FF302821FF302821FF30
310
2821FF302821FF302821FF302821FF302821FF302821FF302821FF302821FF302821FF302821FF999999FF302821FF999999FF999999FF302821FF302821FF302821FF302821FF302821FF302821FF302821FF302821FF302821FF302821FF302821FF302821FF302821FF302821FF302821FF302821FF302821FF302821FF
310
302821FF302821FF302821FF302821FF302821FF302821FF302821FF302821FF302821FF302821FF302821FF302821FF302821FF302821FF302821FF302821FF302821FF302821FF302821FF302821FF302821FF302821FF302821FF302821FF302821FF302821FF999999FF302821FF999999FF999999FF302821FF302821
310
FF302821FF302821FF302821FF302821FF302821FF302821FF302821FF302821FF302821FF302821FF302821FF302821FF302821FF302821FF302821FF302821FF302821FF302821FF302821FF302821FF302821FF302821FF302821FF302821FF302821FF302821FF302821FF302821FF302821FF302821FF302821FF3028
310
21FF302821FF302821FF302821FF302821FF302821FF302821FF302821FF302821FF302821FF302821FF999999FF302821FF999999FF999999FF302821FF302821FF302821FF302821FF302821FF302821FF302821FF302821FF302821FF302821FF302821FF302821FF302821FF302821FF302821FF302821FF302821FF30
310
2821FF302821FF302821FF302821FF302821FF302821FF302821FF302821FF302821FF302821FF302821FF302821FF302821FF302821FF302821FF302821FF302821FF302821FF302821FF302821FF302821FF302821FF302821FF302821FF302821FF302821FF302821FF999999FF302821FF999999FF999999FF302821FF
310
302821FF302821FF302821FF302821FF302821FF302821FF302821FF302821FF302821FF302821FF302821FF302821FF302821FF302821FF302821FF302821FF302821FF302821FF302821FF302821FF302821FF302821FF302821FF302821FF302821FF302821FF302821FF302821FF302821FF302821FF302821FF302821
310
FF302821FF302821FF302821FF302821FF302821FF302821FF302821FF302821FF302821FF302821FF302821FF999999FF302821FF999999FF999999FF302821FF302821FF302821FF302821FF302821FF302821FF302821FF302821FF302821FF302821FF302821FF302821FF302821FF302821FF302821FF302821FF3028
310
21FF302821FF302821FF302821FF302821FF302821FF302821FF302821FF302821FF302821FF302821FF302821FF302821FF302821FF302821FF302821FF302821FF302821FF302821FF302821FF302821FF302821FF302821FF302821FF302821FF302821FF302821FF302821FF999999FF302821FF999999FF999999FF30
310
2821FF302821FF302821FF302821FF302821FF302821FF302821FF302821FF302821FF302821FF302821FF302821FF302821FF302821FF302821FF302821FF302821FF302821FF302821FF302821FF302821FF302821FF302821FF302821FF302821FF302821FF302821FF302821FF302821FF302821FF302821FF302821FF
310
302821FF302821FF302821FF302821FF302821FF302821FF302821FF302821FF302821FF302821FF302821FF302821FF999999FF302821FF999999FF999999FF302821FF302821FF302821FF302821FF302821FF302821FF302821FF302821FF302821FF302821FF302821FF302821FF302821FF302821FF302821FF302821
310
FF302821FF302821FF302821FF302821FF302821FF302821FF302821FF302821FF302821FF302821FF302821FF302821FF302821FF302821FF302821FF302821FF302821FF302821FF302821FF302821FF302821FF302821FF302821FF302821FF302821FF302821FF302821FF302821FF999999FF302821FF999999FF9999
310
99FF302821FF302821FF302821FF302821FF302821FF302821FF302821FF302821FF302821FF302821FF302821FF302821FF302821FF302821FF302821FF302821FF302821FF302821FF302821FF302821FF302821FF302821FF302821FF302821FF302821FF302821FF302821FF302821FF302821FF302821FF302821FF30
310
2821FF302821FF302821FF302821FF302821FF302821FF302821FF302821FF302821FF302821FF302821FF302821FF302821FF999999FF302821FF999999FF999999FF302821FF302821FF302821FF302821FF302821FF302821FF302821FF302821FF302821FF302821FF302821FF302821FF302821FF302821FF302821FF
310
302821FF302821FF302821FF302821FF302821FF302821FF302821FF302821FF302821FF302821FF302821FF302821FF302821FF302821FF302821FF302821FF302821FF302821FF302821FF302821FF302821FF302821FF302821FF302821FF302821FF302821FF302821FF302821FF302821FF999999FF302821FF999999
310
FF999999FF302821FF302821FF302821FF302821FF302821FF302821FF302821FF302821FF302821FF302821FF302821FF302821FF302821FF302821FF302821FF302821FF302821FF302821FF302821FF302821FF302821FF302821FF302821FF302821FF302821FF302821FF302821FF302821FF302821FF302821FF3028
310
21FF302821FF302821FF302821FF302821FF302821FF302821FF302821FF302821FF302821FF302821FF302821FF302821FF302821FF999999FF302821FF999999FF999999FF302821FF302821FF302821FF302821FF302821FF302821FF302821FF302821FF302821FF302821FF302821FF302821FF302821FF302821FF30
310
2821FF302821FF302821FF302821FF302821FF302821FF302821FF302821FF302821FF302821FF302821FF302821FF302821FF302821FF302821FF302821FF302821FF302821FF302821FF302821FF302821FF302821FF302821FF302821FF302821FF302821FF302821FF302821FF302821FF302821FF999999FF302821FF
310
999999FF999999FF302821FF302821FF302821FF302821FF302821FF302821FF302821FF302821FF302821FF302821FF302821FF302821FF302821FF302821FF302821FF302821FF302821FF302821FF302821FF302821FF302821FF302821FF302821FF302821FF302821FF302821FF302821FF302821FF302821FF302821
310
FF302821FF302821FF302821FF302821FF302821FF302821FF302821FF302821FF302821FF302821FF302821FF302821FF302821FF302821FF999999FF302821FF999999FF999999FF302821FF302821FF302821FF302821FF302821FF302821FF302821FF302821FF302821FF302821FF302821FF302821FF302821FF3028
310
21FF302821FF302821FF302821FF302821FF302821FF302821FF302821FF302821FF302821FF302821FF302821FF302821FF302821FF302821FF302821FF302821FF302821FF302821FF302821FF302821FF302821FF302821FF302821FF302821FF302821FF302821FF302821FF302821FF302821FF302821FF999999FF30
310
2821FF999999FF999999FF302821FF302821FF302821FF302821FF302821FF302821FF302821FF302821FF302821FF302821FF302821FF302821FF302821FF302821FF302821FF302821FF302821FF302821FF302821FF302821FF302821FF302821FF302821FF302821FF302821FF302821FF302821FF302821FF302821FF
310
302821FF302821FF302821FF302821FF302821FF302821FF302821FF0000FFFF0000FFFF0000FFFF0000FFFF0000FFFF0000FFFF0000FFFF0000FFFF999999FF302821FF999999FF999999FF302821FF302821FF302821FF302821FF302821FF302821FF302821FF302821FF302821FF302821FF302821FF302821FF302821
310
FF302821FF302821FF302821FF302821FF302821FF302821FF302821FF302821FF302821FF302821FF302821FF302821FF302821FF302821FF302821FF302821FF302821FF302821FF302821FF302821FF302821FF302821FF302821FF0000FFFF00FFFFFF302821FF302821FF302821FF302821FF302821FF0000FFFF9999
310
99FF302821FF999999FF999999FF302821FF302821FF302821FF302821FF302821FF302821FF302821FF302821FF302821FF302821FF302821FF302821FF302821FF302821FF302821FF302821FF302821FF302821FF302821FF302821FF302821FF302821FF302821FF302821FF302821FF302821FF302821FF302821FF30
310
2821FF302821FF302821FF302821FF302821FF302821FF302821FF302821FF0000FFFF302821FFFFFFFFFFFFFFFFFFFFFFFFFFFFFFFFFF302821FF0000FFFF999999FF302821FF999999FF999999FF302821FF302821FF302821FF302821FF302821FF302821FF302821FF302821FF302821FF302821FF302821FF302821FF
310
302821FF302821FF302821FF302821FF302821FF302821FF302821FF302821FF302821FF302821FF302821FF302821FF302821FF302821FF302821FF302821FF302821FF302821FF302821FF302821FF302821FF302821FF302821FF302821FF0000FFFF302821FFFFFFFFFF302821FF302821FFFFFFFFFF302821FF0000FF
310
FF999999FF302821FF999999FF999999FF302821FF302821FF302821FF302821FF302821FF302821FF302821FF302821FF302821FF302821FF302821FF302821FF302821FF302821FF302821FF302821FF302821FF302821FF302821FF302821FF302821FF302821FF302821FF302821FF302821FF302821FF302821FF3028
310
21FF302821FF302821FF302821FF302821FF302821FF302821FF302821FF302821FF0000FFFF302821FFFFFFFFFF302821FF302821FFFFFFFFFF302821FF0000FFFF999999FF302821FF999999FF999999FF302821FF302821FF302821FF302821FF302821FF302821FF302821FF302821FF302821FF302821FF302821FF30
310
2821FF302821FF302821FF302821FF302821FF302821FF302821FF302821FF302821FF302821FF302821FF302821FF302821FF302821FF302821FF302821FF302821FF302821FF302821FF302821FF302821FF302821FF302821FF302821FF302821FF0000FFFF302821FFFFFFFFFFFFFFFFFFFFFFFFFFFFFFFFFF302821FF
310
0000FFFF999999FF302821FF999999FF999999FF302821FF302821FF302821FF302821FF302821FF302821FF302821FF302821FF302821FF302821FF302821FF302821FF302821FF302821FF302821FF302821FF302821FF302821FF302821FF302821FF302821FF302821FF302821FF302821FF302821FF302821FF302821
310
FF302821FF302821FF302821FF302821FF302821FF302821FF302821FF302821FF302821FF00FFFFFF00FFFFFF302821FF302821FF302821FF302821FF302821FF0000FFFF999999FF302821FF999999FF999999FF302821FF302821FF302821FF302821FF302821FF302821FF302821FF302821FF302821FF302821FF3028
310
21FF302821FF302821FF302821FF302821FF302821FF302821FF302821FF302821FF302821FF302821FF302821FF302821FF302821FF302821FF302821FF302821FF302821FF302821FF302821FF302821FF302821FF302821FF302821FF302821FF302821FF00FFFFFF00FFFFFF0000FFFF0000FFFF0000FFFF0000FFFF00
310
00FFFF0000FFFF999999FF302821FF999999FF999999FF302821FF302821FF302821FF302821FF302821FF302821FF302821FF302821FF302821FF302821FF302821FF302821FF302821FF302821FF302821FF302821FF302821FF302821FF302821FF302821FF302821FF302821FF302821FF302821FF302821FF302821FF
310
302821FF302821FF302821FF302821FF302821FF302821FF302821FF302821FF302821FF302821FF302821FF302821FF302821FF302821FF302821FF302821FF302821FF302821FF999999FF302821FF999999FF999999FF302821FF302821FF302821FF302821FF302821FF302821FF302821FF302821FF302821FF302821
310
FF302821FF302821FF302821FF302821FF302821FF302821FF302821FF302821FF302821FF302821FF302821FF302821FF302821FF302821FF302821FF302821FF302821FF302821FF302821FF302821FF302821FF302821FF302821FF302821FF302821FF302821FF302821FF302821FF302821FF302821FF302821FF3028
310
21FF302821FF302821FF999999FF302821FF999999FF999999FF302821FF302821FF302821FF302821FF302821FF302821FF302821FF302821FF302821FF302821FF302821FF302821FF302821FF302821FF302821FF302821FF302821FF302821FF302821FF302821FF302821FF302821FF302821FF302821FF302821FF30
310
2821FF302821FF302821FF302821FF302821FF302821FF302821FF302821FF302821FF302821FF302821FF302821FF302821FF302821FF302821FF302821FF302821FF302821FF302821FF999999FF302821FF999999FF999999FF302821FF302821FF302821FF302821FF302821FF302821FF302821FF302821FF302821FF
310
302821FF302821FF302821FF302821FF302821FF302821FF302821FF302821FF302821FF302821FF302821FF302821FF302821FF302821FF302821FF302821FF302821FF302821FF302821FF302821FF302821FF302821FF302821FF302821FF302821FF302821FF302821FF302821FF302821FF302821FF302821FF302821
310
FF302821FF302821FF302821FF999999FF302821FF999999FF999999FF302821FF302821FF302821FF302821FF302821FF302821FF302821FF302821FF302821FF302821FF302821FF302821FF302821FF302821FF302821FF302821FF302821FF302821FF302821FF302821FF302821FF302821FF302821FF302821FF3028
310
21FF302821FF302821FF302821FF302821FF302821FF302821FF302821FF302821FF302821FF302821FF302821FF302821FF302821FF302821FF302821FF302821FF302821FF302821FF302821FF999999FF302821FF999999FF999999FF302821FF302821FF302821FF302821FF302821FF302821FF302821FF302821FF30
310
2821FF302821FF302821FF302821FF302821FF302821FF302821FF302821FF302821FF302821FF302821FF302821FF302821FF302821FF302821FF302821FF302821FF302821FF302821FF302821FF302821FF302821FF302821FF302821FF302821FF302821FF302821FF302821FF302821FF302821FF302821FF302821FF
310
302821FF302821FF302821FF302821FF999999FF302821FF999999FF999999FF302821FF302821FF302821FF302821FF302821FF302821FF302821FF302821FF302821FF302821FF302821FF302821FF302821FF302821FF302821FF302821FF302821FF302821FF302821FF302821FF302821FF302821FF302821FF302821
310
FF302821FF302821FF302821FF302821FF302821FF302821FF302821FF302821FF302821FF302821FF302821FF302821FF302821FF302821FF302821FF302821FF302821FF302821FF302821FF302821FF999999FF302821FF999999FF999999FF302821FF302821FF302821FF302821FF302821FF302821FF302821FF3028
310
21FF302821FF302821FF302821FF302821FF302821FF302821FF302821FF302821FF302821FF302821FF302821FF302821FF302821FF302821FF302821FF302821FF302821FF302821FF302821FF302821FF302821FF302821FF302821FF302821FF302821FF302821FF302821FF302821FF302821FF302821FF302821FF30
310
2821FF302821FF302821FF302821FF302821FF999999FF302821FF999999FF999999FF302821FF302821FF302821FF302821FF302821FF302821FF302821FF302821FF302821FF302821FF302821FF302821FF302821FF302821FF302821FF302821FF302821FF302821FF302821FF302821FF302821FF302821FF302821FF
310
302821FF302821FF302821FF302821FF302821FF302821FF302821FF302821FF302821FF302821FF302821FF302821FF302821FF302821FF302821FF302821FF302821FF302821FF302821FF302821FF302821FF999999FF302821FF999999FF999999FF302821FF302821FF302821FF302821FF302821FF302821FF302821
310
FF302821FF302821FF302821FF302821FF302821FF302821FF302821FF302821FF302821FF302821FF302821FF302821FF302821FF302821FF302821FF302821FF302821FF302821FF302821FF302821FF302821FF302821FF302821FF302821FF302821FF302821FF302821FF302821FF302821FF302821FF302821FF3028
310
21FF302821FF302821FF302821FF302821FF302821FF999999FF302821FF999999FF999999FF302821FF302821FF302821FF302821FF302821FF302821FF302821FF302821FF302821FF302821FF302821FF302821FF302821FF302821FF302821FF302821FF302821FF302821FF302821FF302821FF302821FF302821FF30
310
2821FF302821FF302821FF302821FF302821FF302821FF302821FF302821FF302821FF302821FF302821FF302821FF302821FF302821FF302821FF302821FF302821FF302821FF302821FF302821FF302821FF302821FF999999FF302821FF999999FF999999FF302821FF302821FF302821FF302821FF302821FF302821FF
310
302821FF302821FF302821FF302821FF302821FF302821FF302821FF302821FF302821FF302821FF302821FF302821FF302821FF302821FF302821FF302821FF302821FF302821FF302821FF302821FF302821FF302821FF302821FF302821FF302821FF302821FF302821FF302821FF302821FF302821FF302821FF302821
310
FF302821FF302821FF302821FF302821FF302821FF302821FF999999FF999999FF999999FF999999FF302821FF302821FF302821FF302821FF302821FF302821FF302821FF302821FF302821FF302821FF302821FF302821FF302821FF302821FF302821FF302821FF302821FF302821FF302821FF302821FF302821FF3028
310
21FF302821FF302821FF302821FF302821FF302821FF302821FF302821FF302821FF302821FF302821FF302821FF302821FF302821FF302821FF302821FF302821FF302821FF302821FF302821FF302821FF302821FF302821FF302821FF302821FF302821FF302821FF302821FF302821FF302821FF302821FF302821FF30
310
2821FF302821FF302821FF302821FF302821FF302821FF302821FF302821FF302821FF302821FF302821FF302821FF302821FF302821FF302821FF302821FF302821FF302821FF302821FF302821FF302821FF302821FF302821FF302821FF302821FF302821FF302821FF302821FF302821FF302821FF302821FF302821FF
310
302821FF302821FF302821FF302821FF302821FF302821FF302821FF302821FF302821FF302821FF302821FF302821FF302821FF302821FF302821FF302821FF302821FF302821FF302821FF302821FF302821FF302821FF302821FF302821FF302821FF302821FF302821FF302821FF
102
{BLKREFS
331
432
102
}
 70
     0
280
     1
281
     0
  0
BLOCK_RECORD
  5
440
330
1
100
AcDbSymbolTableRecord
100
AcDbBlockTableRecord
  2
malla_shullman_planta
340
0
310
2800000020000000200000000100080000000000000400000000000000000000000000000000000000000000000080000080000000808000800000008000800080800000C0C0C000C0DCC000F0CAA6000020400000206000002080000020A0000020C0000020E00000400000004020000040400000406000004080000040A0
310
000040C0000040E00000600000006020000060400000606000006080000060A0000060C0000060E00000800000008020000080400000806000008080000080A0000080C0000080E00000A0000000A0200000A0400000A0600000A0800000A0A00000A0C00000A0E00000C0000000C0200000C0400000C0600000C0800000C0
310
A00000C0C00000C0E00000E0000000E0200000E0400000E0600000E0800000E0A00000E0C00000E0E00040000000400020004000400040006000400080004000A0004000C0004000E00040200000402020004020400040206000402080004020A0004020C0004020E000404000004040200040404000404060004040800040
310
40A0004040C0004040E00040600000406020004060400040606000406080004060A0004060C0004060E00040800000408020004080400040806000408080004080A0004080C0004080E00040A0000040A0200040A0400040A0600040A0800040A0A00040A0C00040A0E00040C0000040C0200040C0400040C0600040C08000
310
40C0A00040C0C00040C0E00040E0000040E0200040E0400040E0600040E0800040E0A00040E0C00040E0E00080000000800020008000400080006000800080008000A0008000C0008000E00080200000802020008020400080206000802080008020A0008020C0008020E00080400000804020008040400080406000804080
310
008040A0008040C0008040E00080600000806020008060400080606000806080008060A0008060C0008060E00080800000808020008080400080806000808080008080A0008080C0008080E00080A0000080A0200080A0400080A0600080A0800080A0A00080A0C00080A0E00080C0000080C0200080C0400080C0600080C0
310
800080C0A00080C0C00080C0E00080E0000080E0200080E0400080E0600080E0800080E0A00080E0C00080E0E000C0000000C0002000C0004000C0006000C0008000C000A000C000C000C000E000C0200000C0202000C0204000C0206000C0208000C020A000C020C000C020E000C0400000C0402000C0404000C0406000C0
310
408000C040A000C040C000C040E000C0600000C0602000C0604000C0606000C0608000C060A000C060C000C060E000C0800000C0802000C0804000C0806000C0808000C080A000C080C000C080E000C0A00000C0A02000C0A04000C0A06000C0A08000C0A0A000C0A0C000C0A0E000C0C00000C0C02000C0C04000C0C06000
310
C0C08000C0C0A000F0FBFF00A4A0A000808080000000FF0000FF000000FFFF00FF000000FF00FF00FFFF0000FFFFFF0049494949494949494949494949494949494949494949494949494949494949494949494949494949494949494949494949494949494949494949494949494949494949494949494949494949494949
310
49494949494949494949494949494949494949494949494949494949494949494949494949494949494949494949494949494949494949494949494949494949494949494949494949494949494949494949494949494949494949494949494949494949494949494949494949494949494949494949494949494949494949
310
49494949494949494949494949494949494949494949494949494949494949494949494949494949494949494949494949494949494949494949494949494949494949494949494949494949494949494949494949494949494949494949494949494949494949494949494949494949494949494949494949494949494949
310
4949494949494949494949494949494949494949494949494949494949494949494949494949494949494949494949494949494949494949494949494949494949494949494949494949494949494949494949494949494949494949494949494949494949494949494949494949494949494949F7F7F7F7F7F7F7F7F7F7F7
310
F7F7F7F7F7F7F7F7F7F7F7F7F7F7F7F7F7F7F74949F7F7F7F7F7F7F7F7F7F7F7F7F7F7F7F7F7F7F7F7F7F7F7F7F7F7F7F7F7F74949F7F7F7F7F7F7F7F7F7F7F7F7F7F7F7F7F7F7F7F7F7F7F7F7F7F7F7F7F7F74949F7F7F7F7F7F7F7F7F7F7F7F7F7F7F7F7F7F7F7F7F7F7F7F7F7F7F7F7F7F7494949494949494949494949
310
49494949494949494949494949494949494949494949494949494949494949494949494949494949494949494949494949494949494949494949494949494949494949494949494949494949494949494949494949494949494949494949494949494949494949494949494949494949494949494949494949494949494949
310
49494949494949494949494949494949494949494949494949494949494949494949494949494949494949494949494949494949494949494949494949494949494949494949494949494949494949494949494949494949494949494949494949494949494949494949494949494949494949494949494949494949494949
310
49494949494949494949494949494949494949494949494949494949494949494949494949494949494949494949494949494949494949494949494949494949494949494949494949494949494949494949494949494949494949494949494949494949494949494949494949494949494949494949494949494949494949
310
4949494949494949494949494949494949494949494949494949494949494949494949494949494949494949494949494949494949494949
102
{BLKREFS
331
4F5
331
4F6
331
4F7
331
4F8
331
4F9
331
4FA
331
4FB
331
4FC
331
4FD
331
4FE
331
4FF
331
500
331
501
331
502
331
503
331
504
331
505
331
506
331
507
331
508
331
509
331
50A
331
50B
331
50C
331
512
331
513
331
514
331
515
331
516
331
517
331
43F
331
445
331
446
331
447
331
448
331
449
331
44A
331
44B
331
44C
331
44D
331
44E
331
44F
331
450
331
451
331
469
331
46A
331
46B
331
46C
331
46D
331
46E
331
46F
331
470
331
471
331
472
331
473
331
474
331
475
331
476
331
477
331
478
331
479
331
47A
331
5A4
331
5A5
331
5A6
331
5A7
331
5A8
331
5A9
331
5AA
331
5AB
331
5AC
331
5AD
331
5AE
331
5AF
331
5B0
331
5B1
331
43F
331
445
331
446
331
447
331
448
331
449
331
44A
331
44B
331
44C
331
44D
331
44E
331
44F
331
450
331
451
331
469
331
46A
331
46B
331
46C
331
46D
331
46E
331
46F
331
470
331
471
331
472
331
473
331
474
331
475
331
476
331
477
331
478
331
479
331
47A
331
520
331
521
331
522
331
523
331
524
331
525
331
526
331
527
331
528
331
529
331
52A
331
52B
331
52C
331
52D
331
52E
331
52F
331
530
331
531
331
532
331
533
331
534
331
535
331
536
331
537
331
53B
331
53C
331
53D
331
53E
331
53F
331
540
331
542
331
543
331
544
331
545
331
549
331
54E
331
54F
331
550
331
551
331
552
331
553
331
554
331
555
331
556
331
559
331
55A
331
55B
331
55C
331
55D
331
55E
331
56E
331
56F
331
570
331
571
331
572
331
573
331
574
331
575
331
576
331
577
331
578
331
579
331
57A
331
57B
331
57C
331
57D
331
584
331
585
331
586
331
587
331
588
331
589
331
58A
331
58B
331
58C
331
58D
331
58E
331
58F
331
5B5
331
5B6
331
5B8
331
5B9
331
5BA
331
5BB
331
5BC
331
5BD
331
43F
331
445
331
446
331
447
331
448
331
449
331
44A
331
44B
331
44C
331
44D
331
44E
331
44F
331
450
331
451
331
469
331
46A
331
46B
331
46C
331
46D
331
46E
331
46F
331
470
331
471
331
472
331
473
331
474
331
475
331
476
331
477
331
478
331
479
331
47A
331
43F
331
445
331
446
331
447
331
448
331
449
331
44A
331
44B
331
44C
331
44D
331
44E
331
44F
331
450
331
451
331
469
331
46A
331
46B
331
46C
331
46D
331
46E
331
46F
331
470
331
471
331
472
331
473
331
474
331
475
331
476
331
477
331
478
331
479
331
47A
102
}
 70
     4
280
     1
281
     0
1001
AcDbDynamicBlockGUID
1000
{CE3FDF72-0D97-48E0-998C-BE0F55F018A7}
  0
BLOCK_RECORD
  5
453
102
{ACAD_XDICTIONARY
360
454
102
}
330
1
100
AcDbSymbolTableRecord
100
AcDbBlockTableRecord
  2
tubo_100x100
340
0
310
2800000020000000200000000100080000000000000400000000000000000000000000000000000000000000000080000080000000808000800000008000800080800000C0C0C000C0DCC000F0CAA6000020400000206000002080000020A0000020C0000020E00000400000004020000040400000406000004080000040A0
310
000040C0000040E00000600000006020000060400000606000006080000060A0000060C0000060E00000800000008020000080400000806000008080000080A0000080C0000080E00000A0000000A0200000A0400000A0600000A0800000A0A00000A0C00000A0E00000C0000000C0200000C0400000C0600000C0800000C0
310
A00000C0C00000C0E00000E0000000E0200000E0400000E0600000E0800000E0A00000E0C00000E0E00040000000400020004000400040006000400080004000A0004000C0004000E00040200000402020004020400040206000402080004020A0004020C0004020E000404000004040200040404000404060004040800040
310
40A0004040C0004040E00040600000406020004060400040606000406080004060A0004060C0004060E00040800000408020004080400040806000408080004080A0004080C0004080E00040A0000040A0200040A0400040A0600040A0800040A0A00040A0C00040A0E00040C0000040C0200040C0400040C0600040C08000
310
40C0A00040C0C00040C0E00040E0000040E0200040E0400040E0600040E0800040E0A00040E0C00040E0E00080000000800020008000400080006000800080008000A0008000C0008000E00080200000802020008020400080206000802080008020A0008020C0008020E00080400000804020008040400080406000804080
310
008040A0008040C0008040E00080600000806020008060400080606000806080008060A0008060C0008060E00080800000808020008080400080806000808080008080A0008080C0008080E00080A0000080A0200080A0400080A0600080A0800080A0A00080A0C00080A0E00080C0000080C0200080C0400080C0600080C0
310
800080C0A00080C0C00080C0E00080E0000080E0200080E0400080E0600080E0800080E0A00080E0C00080E0E000C0000000C0002000C0004000C0006000C0008000C000A000C000C000C000E000C0200000C0202000C0204000C0206000C0208000C020A000C020C000C020E000C0400000C0402000C0404000C0406000C0
310
408000C040A000C040C000C040E000C0600000C0602000C0604000C0606000C0608000C060A000C060C000C060E000C0800000C0802000C0804000C0806000C0808000C080A000C080C000C080E000C0A00000C0A02000C0A04000C0A06000C0A08000C0A0A000C0A0C000C0A0E000C0C00000C0C02000C0C04000C0C06000
310
C0C08000C0C0A000F0FBFF00A4A0A000808080000000FF0000FF000000FFFF00FF000000FF00FF00FFFF0000FFFFFF00494949494949494949494949494949494949494949494949494949494949494949F9F9F9F9F9F9F9F9F9F9F9F9F9F9F9F9F9F9F9F9F9F9F9F9F9F9F9F9F9F94949F949499B49494949494949494949
310
4949494949494949494949499B4949F94949F9499B9B9B49494949494949494949494949494949494949499B9B9B49F94949F9499B9B9B49494949494949494949494949494949494949499B9B9B49F94949F949499B494949494949494949494949494949494949494949499B4949F94949F9494949494949494949494949
310
49494949494949494949494949494949F94949F949494949494949494949494949494949494949494949494949494949F94949F949494949494949494949494949494949494949494949494949494949F94949F9494949494949F9F9F9F9F9F9F9F9F9F9F9F9F9F9F9F9494949494949F94949F9494949494949F9FF494949
310
494949494949494949FFF9494949494949F94949F9494949494949F9FF494949494949494949494949FFF9494949494949F94949F9494949494949F9FF494949494949494949494949FFF9494949494949F94949F9494949494949F9FF494949494949494949494949FFF9494949494949F94949F9494949494949F9FF4949
310
49494949494949494949FFF9494949494949F94949F9494949494949F9FF494949494949494949494949FFF9494949494949F94949F9494949494949F9FF494949494949494949494949FFF9494949494949F94949F9494949494949F9FF494949494949494949494949FFF9494949494949F94949F9494949494949F9FF49
310
4949494949494949494949FFF9494949494949F94949F9494949494949F9FF494949494949494949494949FFF9494949494949F94949F9494949494949F9FF494949494949494949494949FFF9494949494949F94949F9494949494949F9FF494949494949494949494949FFF9494949494949F94949F9494949494949F9FF
310
FFFFFFFFFFFFFFFFFFFFFFFFFFF9494949494949F94949F9494949494949F9F9F9F9F9F9F9F9F9F9F9F9F9F9F9F9494949494949F94949F949494949494949494949494949494949494949494949494949494949F94949F949494949494949494949494949494949494949494949494949494949F94949F949494949494949
310
494949494949494949494949494949494949494949F94949F9499B9B9B49494949494949494949494949494949494949499B9B9B49F94949F9499B9B9B49494949494949494949494949494949494949499B9B9B49F94949F949499B494949494949494949494949494949494949494949499B4949F94949F9F9F9F9F9F9F9
310
F9F9F9F9F9F9F9F9F9F9F9F9F9F9F9F9F9F9F9F9F9F9F9494949494949494949494949494949494949494949494949494949494949494949
102
{BLKREFS
331
510
331
511
331
452
331
5B2
331
452
331
539
331
53A
331
546
331
548
331
557
331
558
331
5B7
331
5C4
331
452
331
452
102
}
 70
     4
280
     1
281
     0
  0
BLOCK_RECORD
  5
47D
330
1
100
AcDbSymbolTableRecord
100
AcDbBlockTableRecord
  2
Rack 2300mm
340
0
310
2800000020000000200000000100200000000000001000000100000001000000000000000000000001000000302821FF302821FF302821FF302821FF302821FF302821FF302821FF302821FF302821FF302821FF302821FF302821FF302821FF302821FF302821FF302821FF302821FF302821FF302821FF302821FF302821
310
FF302821FF302821FF302821FF302821FF302821FF302821FF302821FF302821FF302821FF302821FF302821FF302821FF302821FF302821FF302821FF302821FF302821FF302821FF302821FF302821FF302821FF302821FF302821FF302821FF302821FF302821FF302821FF302821FF302821FF302821FF302821FFFFFF
310
FFFFFFFFFFFF302821FF302821FF302821FF302821FF302821FF302821FF302821FF302821FF302821FF302821FF302821FF302821FF302821FF302821FF302821FF302821FF302821FF302821FF302821FF302821FFFF0000FFFF0000FFFF0000FFFF0000FFFF0000FFFF0000FFFF0000FFFF0000FFFF0000FFFF0000FFFF
310
FFFFFFFFFFFFFF302821FF302821FF302821FF302821FF302821FF302821FF302821FF302821FF302821FF302821FF302821FF302821FF302821FF302821FF302821FF302821FF302821FF302821FF302821FF302821FF0000FFFF0000FFFFFF0000FFFF0000FFFF0000FFFF0000FFFF0000FFFF0000FFFF0000FFFF0000FF
310
FFFFFFFFFFFFFFFF302821FF302821FF302821FF302821FF302821FF302821FF302821FF302821FF302821FF302821FF302821FF302821FF302821FF302821FF302821FF302821FF302821FF302821FF302821FF999999FF999999FF999999FF999999FF999999FF999999FF999999FF999999FF999999FF999999FF999999
310
FF999999FF999999FF999999FF302821FF302821FF302821FF302821FF302821FF302821FF302821FF302821FF302821FF302821FF302821FF302821FF302821FF302821FF302821FF302821FF302821FF302821FF999999FF999999FF0000FFFF302821FF302821FF302821FF302821FF302821FF302821FF302821FF3028
310
21FF0000FFFF999999FF999999FF302821FF302821FF302821FF302821FF302821FF302821FF302821FF302821FF302821FF302821FF302821FF302821FF302821FF302821FF302821FF302821FF302821FF302821FF999999FF0000FFFF999999FF302821FF302821FF302821FF302821FF302821FF302821FF302821FF30
310
2821FF999999FF0000FFFF999999FF302821FF302821FF302821FF302821FF302821FF302821FF302821FF302821FF302821FF302821FF302821FF302821FF302821FF302821FF302821FF302821FF302821FF302821FF999999FF0000FFFF0000FFFF999999FF999999FF302821FF302821FF302821FF302821FF999999FF
310
999999FF0000FFFF0000FFFF999999FF302821FF302821FF302821FF302821FF302821FF302821FF302821FF302821FF302821FF302821FF302821FF302821FF302821FF302821FF302821FF302821FF302821FF302821FF999999FF0000FFFF0000FFFF302821FF302821FF999999FF302821FF302821FF999999FF302821
310
FF302821FF0000FFFF0000FFFF999999FF302821FF302821FF302821FF302821FF302821FF302821FF302821FF302821FF302821FF302821FF302821FF302821FF302821FF302821FF302821FF302821FF302821FF302821FF999999FF0000FFFF0000FFFF302821FF302821FF302821FF999999FF999999FF302821FF3028
310
21FF302821FF0000FFFF0000FFFF999999FF302821FF302821FF302821FF302821FF302821FF302821FF302821FF302821FF302821FF302821FF302821FF302821FF302821FF302821FF302821FF302821FF302821FF302821FF999999FF0000FFFF0000FFFF302821FF302821FF302821FF999999FF999999FF302821FF30
310
2821FF302821FF0000FFFF0000FFFF999999FF302821FF302821FF302821FF302821FF302821FF302821FF302821FF302821FF302821FF302821FF302821FF302821FF302821FF302821FF302821FF302821FF302821FF302821FF999999FF0000FFFF0000FFFF302821FF302821FF999999FF302821FF302821FF999999FF
310
302821FF302821FF0000FFFF0000FFFF999999FF302821FF302821FF302821FF302821FF302821FF302821FF302821FF302821FF302821FF302821FF302821FF302821FF302821FF302821FF302821FF302821FF302821FF302821FF999999FF0000FFFF0000FFFF999999FF999999FF302821FF302821FF302821FF302821
310
FF999999FF999999FF0000FFFF0000FFFF999999FF302821FF302821FF302821FF302821FF302821FF302821FF302821FF302821FF302821FF302821FF302821FF302821FF302821FF302821FF302821FF302821FF302821FF302821FF999999FF0000FFFF999999FF302821FF302821FF302821FF302821FF302821FF3028
310
21FF302821FF302821FF999999FF0000FFFF999999FF302821FF302821FF302821FF302821FF302821FF302821FF302821FF302821FF302821FF302821FF302821FF302821FF302821FF302821FF302821FF302821FF302821FF302821FF999999FF999999FF0000FFFF302821FF302821FF302821FF302821FF302821FF30
310
2821FF302821FF302821FF0000FFFF999999FF999999FF302821FF302821FF302821FF302821FF302821FF302821FF302821FF302821FF302821FF302821FF302821FF302821FF302821FF302821FF302821FF302821FF302821FF302821FF999999FF999999FF999999FF999999FF999999FF999999FF999999FF999999FF
310
999999FF999999FF999999FF999999FF999999FF999999FF302821FF302821FF302821FF302821FF302821FF302821FF302821FF302821FF302821FF302821FF302821FF302821FF302821FF302821FF302821FF302821FF302821FF302821FF999999FF999999FF999999FF999999FF999999FF999999FF999999FF999999
310
FF999999FF999999FF999999FF999999FF999999FF999999FF302821FF302821FF302821FF302821FF302821FF302821FF302821FF302821FF302821FF302821FF302821FF302821FF302821FF302821FF302821FF302821FF302821FF302821FF999999FF999999FF0000FFFF302821FF302821FF302821FF302821FF3028
310
21FF302821FF302821FF302821FF0000FFFF999999FF999999FF302821FF302821FF302821FF302821FF302821FF302821FF302821FF302821FF302821FF302821FF302821FF302821FF302821FF302821FF302821FF302821FF302821FF302821FF999999FF0000FFFF999999FF302821FF302821FF302821FF302821FF30
310
2821FF302821FF302821FF302821FF999999FF0000FFFF999999FF302821FF302821FF302821FF302821FF302821FF302821FF302821FF302821FF302821FF302821FF302821FF302821FF302821FF302821FF302821FF302821FF302821FF302821FF999999FF0000FFFF0000FFFF999999FF999999FF302821FF302821FF
310
302821FF302821FF999999FF999999FF0000FFFF0000FFFF999999FF302821FF302821FF302821FF302821FF302821FF302821FF302821FF302821FF302821FF302821FF302821FF302821FF302821FF302821FF302821FF302821FF302821FF302821FF999999FF0000FFFF0000FFFF302821FF302821FF999999FF302821
310
FF302821FF999999FF302821FF302821FF0000FFFF0000FFFF999999FF302821FF302821FF302821FF302821FF302821FF302821FF302821FF302821FF302821FF302821FF302821FF302821FF302821FF302821FF302821FF302821FF302821FF302821FF999999FF0000FFFF0000FFFF302821FF302821FF302821FF9999
310
99FF999999FF302821FF302821FF302821FF0000FFFF0000FFFF999999FF302821FF302821FF302821FF302821FF302821FF302821FF302821FF302821FF302821FF302821FF302821FF302821FF302821FF302821FF302821FF302821FF302821FF302821FF999999FF0000FFFF0000FFFF302821FF302821FF302821FF99
310
9999FF999999FF302821FF302821FF302821FF0000FFFF0000FFFF999999FF302821FF302821FF302821FF302821FF302821FF302821FF302821FF302821FF302821FF302821FF302821FF302821FF302821FF302821FF302821FF302821FF302821FF302821FF999999FF0000FFFF0000FFFF302821FF302821FF999999FF
310
302821FF302821FF999999FF302821FF302821FF0000FFFF0000FFFF999999FF302821FF302821FF302821FF302821FF302821FF302821FF302821FF302821FF302821FF302821FF302821FF302821FF302821FF302821FF302821FF302821FF302821FF302821FF999999FF0000FFFF0000FFFF999999FF999999FF302821
310
FF302821FF302821FF302821FF999999FF999999FF0000FFFF0000FFFF999999FF302821FF302821FF302821FF302821FF302821FF302821FF302821FF302821FF302821FF302821FF302821FF302821FF302821FF302821FF302821FF302821FF302821FF302821FF999999FF0000FFFF999999FF302821FF302821FF3028
310
21FF302821FF302821FF302821FF302821FF302821FF999999FF0000FFFF999999FF302821FF302821FF302821FF302821FF302821FF302821FF302821FF302821FF302821FF302821FF302821FF302821FF302821FF302821FF302821FF302821FF302821FF302821FF999999FF999999FF0000FFFF302821FF302821FF30
310
2821FF302821FF302821FF302821FF302821FF302821FF0000FFFF999999FF999999FF302821FF302821FF302821FF302821FF302821FF302821FF302821FF302821FF302821FF302821FF302821FF302821FF302821FF302821FF302821FF302821FF302821FF302821FF999999FF999999FF999999FF999999FF999999FF
310
999999FF999999FF999999FF999999FF999999FF999999FF999999FF999999FF999999FF302821FF302821FF302821FF302821FF302821FF302821FF302821FF302821FF302821FF302821FF302821FF302821FF302821FF302821FF302821FF302821FF302821FF302821FF302821FF0000FFFF0000FFFFFF0000FFFF0000
310
FFFF0000FFFF0000FFFF0000FFFF0000FFFF0000FFFF0000FFFFFFFFFFFFFFFFFF302821FF302821FF302821FF302821FF302821FF302821FF302821FF302821FF302821FF302821FF302821FF302821FF302821FF302821FF302821FF302821FF302821FF302821FF302821FF302821FFFF0000FFFF0000FFFF0000FFFF00
310
00FFFF0000FFFF0000FFFF0000FFFF0000FFFF0000FFFF0000FFFFFFFFFFFFFFFFFF302821FF302821FF302821FF302821FF302821FF302821FF302821FF302821FF302821FF302821FF302821FF302821FF302821FF302821FF302821FF302821FF302821FF302821FF302821FF302821FF302821FF302821FF302821FF30
310
2821FF302821FF302821FF302821FF302821FF302821FF302821FFFFFFFFFFFFFFFFFF302821FF302821FF302821FF302821FF302821FF302821FF302821FF302821FF302821FF302821FF302821FF302821FF302821FF302821FF302821FF302821FF302821FF302821FF302821FF302821FF302821FF302821FF302821FF
310
302821FF302821FF302821FF302821FF302821FF302821FF302821FF302821FF302821FF302821FF302821FF302821FF302821FF302821FF302821FF302821FF302821FF302821FF
102
{BLKREFS
331
47C
331
490
331
491
331
492
331
493
331
494
331
495
331
496
331
497
331
498
331
499
331
49A
331
49B
331
49C
331
49D
331
49E
331
49F
331
4A0
331
4A1
331
4A2
331
4A3
331
4A4
331
4A5
331
4A6
102
}
 70
     4
280
     1
281
     0
  0
BLOCK_RECORD
  5
484
102
{ACAD_XDICTIONARY
360
485
102
}
330
1
100
AcDbSymbolTableRecord
100
AcDbBlockTableRecord
  2
A$C0D016993
340
0
102
{BLKREFS
331
483
331
48C
331
483
331
48C
331
483
331
48C
331
483
331
48C
102
}
 70
     0
280
     1
281
     0
  0
BLOCK_RECORD
  5
4A8
330
1
100
AcDbSymbolTableRecord
100
AcDbBlockTableRecord
  2
OFT-MESA DE TRABAJO
340
0
310
28000000200000002000000001002000000000000010000001000000010000000000000000000000302821FF302821FF302821FF302821FF302821FF302821FF302821FF302821FF302821FF302821FF302821FF302821FF302821FF302821FF302821FF302821FF302821FF302821FF302821FF302821FF302821FF302821
310
FF302821FF302821FF302821FF302821FF302821FF302821FF302821FF302821FF302821FF302821FF302821FF302821FF302821FF302821FF302821FF302821FF302821FF302821FF302821FF302821FF302821FF302821FF302821FF302821FF302821FF302821FF302821FF302821FF302821FF302821FF302821FF3028
310
21FF302821FF302821FF302821FF302821FF302821FF302821FF302821FF302821FF302821FF302821FF302821FF302821FF302821FF302821FF302821FF302821FF302821FF302821FF302821FF302821FF302821FF302821FF302821FF302821FF302821FF302821FF302821FF302821FF302821FF302821FF302821FF30
310
2821FF302821FF302821FF302821FF302821FF302821FF302821FF302821FF302821FF302821FF302821FF302821FF302821FF302821FF302821FF302821FF302821FF302821FF302821FF302821FF302821FF302821FF302821FF302821FF302821FF302821FF302821FF302821FF302821FF302821FF302821FF302821FF
310
302821FF302821FF302821FF302821FF302821FF302821FF302821FF302821FF302821FF302821FF302821FF302821FF302821FF302821FF302821FF302821FF302821FF302821FF302821FF302821FF302821FF302821FF302821FF302821FF302821FF302821FF302821FF302821FF302821FF302821FF302821FF302821
310
FF302821FF302821FF302821FF302821FF302821FF302821FF302821FF302821FF302821FF302821FF302821FF302821FF302821FF302821FF302821FF302821FF302821FF302821FF302821FF302821FF302821FF302821FF302821FF302821FF302821FF302821FF302821FF302821FF302821FF302821FF302821FF3028
310
21FF302821FF302821FF302821FF302821FF302821FF302821FF302821FF302821FF302821FF302821FF302821FF302821FF302821FF302821FF302821FF302821FF302821FF302821FF302821FF302821FF302821FF302821FF302821FF302821FF302821FF302821FF302821FF302821FF302821FF302821FF302821FF30
310
2821FF302821FF302821FF302821FF302821FF302821FF302821FF302821FF302821FF302821FF302821FF302821FF302821FF302821FF302821FF302821FF302821FF302821FF302821FF302821FF302821FF302821FF302821FF302821FF302821FF302821FF302821FF302821FF302821FF302821FF302821FF302821FF
310
302821FF302821FF302821FF302821FF302821FF302821FF302821FF302821FF302821FF302821FF302821FF302821FF302821FF302821FF302821FF302821FF302821FF302821FF302821FF302821FF302821FF302821FF302821FF302821FF302821FF302821FF302821FF302821FF302821FF302821FF302821FF302821
310
FF302821FF302821FF302821FF302821FF302821FF302821FF302821FF302821FF302821FF302821FF302821FF302821FF302821FF999999FF999999FF999999FF999999FF999999FF999999FF999999FF999999FF999999FF999999FF999999FF999999FF999999FF999999FF999999FF999999FF999999FF999999FF9999
310
99FF999999FF999999FF999999FF999999FF999999FF999999FF999999FF999999FF999999FF999999FF302821FF302821FF302821FF999999FF999999FF302821FF302821FF302821FF302821FF302821FF302821FF302821FF302821FF302821FF302821FF302821FF302821FF302821FF302821FF302821FF302821FF30
310
2821FF302821FF302821FF302821FF302821FF302821FF302821FF302821FF302821FF302821FF999999FF302821FF302821FF302821FF999999FF999999FF302821FF302821FF302821FF302821FF302821FF302821FF302821FF302821FF302821FF302821FF302821FF302821FF302821FF302821FF302821FF302821FF
310
302821FF302821FF302821FF302821FF302821FF302821FF302821FF302821FF302821FF302821FF999999FF302821FF302821FF302821FF999999FF999999FF302821FF302821FF302821FF302821FF302821FF302821FF302821FF302821FF302821FF302821FF302821FF302821FF302821FF302821FF302821FF302821
310
FF302821FF302821FF302821FF302821FF302821FF302821FF302821FF302821FF302821FF302821FF999999FF302821FF302821FF302821FF999999FF999999FF302821FF302821FF302821FF302821FF302821FF302821FF302821FF302821FF302821FF302821FF999999FF302821FF302821FF302821FF302821FF3028
310
21FF302821FF302821FF302821FF302821FF302821FF302821FF302821FF302821FF302821FF302821FF999999FF302821FF302821FF302821FF999999FF999999FF302821FF302821FF302821FF302821FF302821FF999999FF999999FF999999FF999999FF999999FF999999FF999999FF999999FF999999FF999999FF30
310
2821FF302821FF302821FF302821FF302821FF302821FF302821FF302821FF302821FF302821FF302821FF999999FF302821FF302821FF302821FF999999FF999999FF302821FF302821FF302821FF302821FF302821FF999999FF999999FF999999FF999999FF999999FF999999FF999999FF999999FF999999FF999999FF
310
302821FF302821FF302821FF302821FF302821FF302821FF302821FF302821FF302821FF302821FF302821FF999999FF302821FF302821FF302821FF999999FF999999FF302821FF302821FF302821FF302821FF302821FF302821FF302821FF302821FF302821FF302821FF302821FF302821FF302821FF302821FF302821
310
FF302821FF302821FF302821FF302821FF302821FF999999FF302821FF302821FF302821FF302821FF302821FF999999FF302821FF302821FF302821FF999999FF999999FF302821FF302821FF302821FF302821FF302821FF999999FF999999FF999999FF999999FF999999FF999999FF999999FF302821FF999999FF9999
310
99FF999999FF999999FF999999FF999999FF999999FF999999FF999999FF999999FF302821FF302821FF302821FF999999FF302821FF302821FF302821FF999999FF999999FF302821FF302821FF302821FF302821FF302821FF999999FF999999FF999999FF999999FF999999FF999999FF999999FF302821FF999999FF99
310
9999FF999999FF999999FF999999FF999999FF999999FF999999FF999999FF302821FF302821FF302821FF302821FF999999FF302821FF302821FF302821FF999999FF999999FF302821FF302821FF302821FF302821FF302821FF302821FF302821FF302821FF302821FF302821FF302821FF302821FF302821FF302821FF
310
302821FF302821FF302821FF302821FF302821FF302821FF302821FF302821FF302821FF302821FF302821FF302821FF999999FF302821FF302821FF302821FF999999FF999999FF302821FF302821FF302821FF302821FF302821FF302821FF302821FF302821FF302821FF302821FF302821FF302821FF302821FF302821
310
FF302821FF302821FF302821FF302821FF302821FF302821FF302821FF302821FF302821FF302821FF302821FF302821FF999999FF302821FF302821FF302821FF999999FF999999FF302821FF302821FF302821FF302821FF302821FF302821FF302821FF302821FF302821FF302821FF302821FF302821FF302821FF3028
310
21FF302821FF302821FF302821FF302821FF302821FF302821FF302821FF302821FF302821FF302821FF302821FF302821FF999999FF302821FF302821FF302821FF999999FF999999FF999999FF999999FF999999FF999999FF999999FF999999FF999999FF999999FF999999FF999999FF999999FF999999FF999999FF99
310
9999FF999999FF999999FF999999FF999999FF999999FF999999FF999999FF999999FF999999FF999999FF999999FF999999FF999999FF302821FF302821FF302821FF302821FF302821FF302821FF302821FF302821FF302821FF302821FF302821FF302821FF302821FF302821FF302821FF302821FF302821FF302821FF
310
302821FF302821FF302821FF302821FF302821FF302821FF302821FF302821FF302821FF302821FF302821FF302821FF302821FF302821FF302821FF302821FF302821FF302821FF302821FF302821FF302821FF302821FF302821FF302821FF302821FF302821FF302821FF302821FF302821FF302821FF302821FF302821
310
FF302821FF302821FF302821FF302821FF302821FF302821FF302821FF302821FF302821FF302821FF302821FF302821FF302821FF302821FF302821FF302821FF302821FF302821FF302821FF302821FF302821FF302821FF302821FF302821FF302821FF302821FF302821FF302821FF302821FF302821FF302821FF3028
310
21FF302821FF302821FF302821FF302821FF302821FF302821FF302821FF302821FF302821FF302821FF302821FF302821FF302821FF302821FF302821FF302821FF302821FF302821FF302821FF302821FF302821FF302821FF302821FF302821FF302821FF302821FF302821FF302821FF302821FF302821FF302821FF30
310
2821FF302821FF302821FF302821FF302821FF302821FF302821FF302821FF302821FF302821FF302821FF302821FF302821FF302821FF302821FF302821FF302821FF302821FF302821FF302821FF302821FF302821FF302821FF302821FF302821FF302821FF302821FF302821FF302821FF302821FF302821FF302821FF
310
302821FF302821FF302821FF302821FF302821FF302821FF302821FF302821FF302821FF302821FF302821FF302821FF302821FF302821FF302821FF302821FF302821FF302821FF302821FF302821FF302821FF302821FF302821FF302821FF302821FF302821FF302821FF302821FF302821FF302821FF302821FF302821
310
FF302821FF302821FF302821FF302821FF302821FF302821FF302821FF302821FF302821FF302821FF302821FF302821FF302821FF302821FF302821FF302821FF302821FF302821FF302821FF302821FF302821FF302821FF302821FF302821FF302821FF302821FF302821FF302821FF302821FF302821FF302821FF3028
310
21FF302821FF302821FF302821FF302821FF302821FF302821FF302821FF302821FF302821FF302821FF302821FF302821FF302821FF302821FF302821FF302821FF302821FF302821FF302821FF302821FF302821FF302821FF302821FF302821FF302821FF302821FF302821FF302821FF302821FF302821FF302821FF30
310
2821FF302821FF302821FF302821FF302821FF302821FF302821FF302821FF302821FF302821FF302821FF302821FF302821FF302821FF302821FF302821FF302821FF302821FF302821FF302821FF302821FF302821FF302821FF302821FF302821FF302821FF302821FF302821FF302821FF302821FF302821FF302821FF
310
302821FF302821FF302821FF302821FF302821FF302821FF302821FF302821FF302821FF302821FF302821FF302821FF302821FF302821FF302821FF302821FF302821FF302821FF
102
{BLKREFS
331
4A7
331
4BF
331
4C1
331
4C3
102
}
 70
     4
280
     1
281
     0
  0
BLOCK_RECORD
  5
4AF
102
{ACAD_XDICTIONARY
360
4B0
102
}
330
1
100
AcDbSymbolTableRecord
100
AcDbBlockTableRecord
  2
IRI-OCASA-Layout R 9$1$OCA_SILLA
340
0
310
2800000020000000200000000100080000000000000400000000000000000000000000000000000000000000000080000080000000808000800000008000800080800000C0C0C000C0DCC000F0CAA6000020400000206000002080000020A0000020C0000020E00000400000004020000040400000406000004080000040A0
310
000040C0000040E00000600000006020000060400000606000006080000060A0000060C0000060E00000800000008020000080400000806000008080000080A0000080C0000080E00000A0000000A0200000A0400000A0600000A0800000A0A00000A0C00000A0E00000C0000000C0200000C0400000C0600000C0800000C0
310
A00000C0C00000C0E00000E0000000E0200000E0400000E0600000E0800000E0A00000E0C00000E0E00040000000400020004000400040006000400080004000A0004000C0004000E00040200000402020004020400040206000402080004020A0004020C0004020E000404000004040200040404000404060004040800040
310
40A0004040C0004040E00040600000406020004060400040606000406080004060A0004060C0004060E00040800000408020004080400040806000408080004080A0004080C0004080E00040A0000040A0200040A0400040A0600040A0800040A0A00040A0C00040A0E00040C0000040C0200040C0400040C0600040C08000
310
40C0A00040C0C00040C0E00040E0000040E0200040E0400040E0600040E0800040E0A00040E0C00040E0E00080000000800020008000400080006000800080008000A0008000C0008000E00080200000802020008020400080206000802080008020A0008020C0008020E00080400000804020008040400080406000804080
310
008040A0008040C0008040E00080600000806020008060400080606000806080008060A0008060C0008060E00080800000808020008080400080806000808080008080A0008080C0008080E00080A0000080A0200080A0400080A0600080A0800080A0A00080A0C00080A0E00080C0000080C0200080C0400080C0600080C0
310
800080C0A00080C0C00080C0E00080E0000080E0200080E0400080E0600080E0800080E0A00080E0C00080E0E000C0000000C0002000C0004000C0006000C0008000C000A000C000C000C000E000C0200000C0202000C0204000C0206000C0208000C020A000C020C000C020E000C0400000C0402000C0404000C0406000C0
310
408000C040A000C040C000C040E000C0600000C0602000C0604000C0606000C0608000C060A000C060C000C060E000C0800000C0802000C0804000C0806000C0808000C080A000C080C000C080E000C0A00000C0A02000C0A04000C0A06000C0A08000C0A0A000C0A0C000C0A0E000C0C00000C0C02000C0C04000C0C06000
310
C0C08000C0C0A000F0FBFF00A4A0A000808080000000FF0000FF000000FFFF00FF000000FF00FF00FFFF0000FFFFFF0000000000000000000000000000000000000000000000000000000000000000000000000000000000000000000000000000000000000000000000000000000000000000000000000000000000000000
310
00000000000000000000000000000000000000000000000008080808080808080808080808080808080808080800000000000000000008080000000808080808080808080808080808080808000808000000000000080000000000080808080808080808080808080808080800000008000000000008000000000000000000
310
00000000000000000000000000000000080000000000080000000000000000000000000000000000000000000000000008000008080808000000000000000000000000000000000000000000000000000800000800000800000000000000000000000000000000000000000000000000080000080000080000000000000000
310
00000000000000000000000000000000000800000800000800000000000000000000000000000000000000000000000000080000080000080000000000000000000000000000000000000000000000000008000008000008000000000000000000000000000000000000000000000000000800000800000800000000000000
310
00000000000000000000000000000000000008000008000008000000000000000000000000000000000000000000000000000800000800000800000000000000000000000000000000000000000000000000080000080000080000000000000000000000000000000000000000000000000008000008000008000000000000
310
00000000000000000000000000000000000000080000080000080000000000000000000000000000000000000000000000000008000008000008000000000000000000000000000000000000000000000000000800000800000800000000000000000000000000000000000000000000000000080000080000080000000000
310
00000000000000000000000000000000000000000800000808080800000000000000000000000000000000000000000000000000080000000000080000000000000000000000000000000000000000000000000008000000000008000000000000000000000000000000000000000000000000000800000000000800000000
310
00000000000000000000000000000000000000000008000000000000080000000008080808080808080808080808080808080000080000000000000000080808080808080808080808080808080808080808080800000000000000000000000000000000000000000000000000000000000000000000000000000000000000
310
0000000000000000000000000000000000000000000000000000000000000000000000000000000000000000000000000000000000000000
102
{BLKREFS
331
4AE
331
4C0
331
4C2
331
5E9
331
5EA
331
631
102
}
 70
     6
280
     1
281
     0
1001
AcDbDynamicBlockGUID
1000
{201C9349-88F6-41EF-ACD0-8B1BC93D3F77}
  0
BLOCK_RECORD
  5
4C9
102
{ACAD_XDICTIONARY
360
4CA
102
}
330
1
100
AcDbSymbolTableRecord
100
AcDbBlockTableRecord
  2
IRI-OCASA-Layout R 9$0$OCA_PALLET
340
0
310
2800000020000000200000000100080000000000000400000000000000000000000000000000000000000000000080000080000000808000800000008000800080800000C0C0C000C0DCC000F0CAA6000020400000206000002080000020A0000020C0000020E00000400000004020000040400000406000004080000040A0
310
000040C0000040E00000600000006020000060400000606000006080000060A0000060C0000060E00000800000008020000080400000806000008080000080A0000080C0000080E00000A0000000A0200000A0400000A0600000A0800000A0A00000A0C00000A0E00000C0000000C0200000C0400000C0600000C0800000C0
310
A00000C0C00000C0E00000E0000000E0200000E0400000E0600000E0800000E0A00000E0C00000E0E00040000000400020004000400040006000400080004000A0004000C0004000E00040200000402020004020400040206000402080004020A0004020C0004020E000404000004040200040404000404060004040800040
310
40A0004040C0004040E00040600000406020004060400040606000406080004060A0004060C0004060E00040800000408020004080400040806000408080004080A0004080C0004080E00040A0000040A0200040A0400040A0600040A0800040A0A00040A0C00040A0E00040C0000040C0200040C0400040C0600040C08000
310
40C0A00040C0C00040C0E00040E0000040E0200040E0400040E0600040E0800040E0A00040E0C00040E0E00080000000800020008000400080006000800080008000A0008000C0008000E00080200000802020008020400080206000802080008020A0008020C0008020E00080400000804020008040400080406000804080
310
008040A0008040C0008040E00080600000806020008060400080606000806080008060A0008060C0008060E00080800000808020008080400080806000808080008080A0008080C0008080E00080A0000080A0200080A0400080A0600080A0800080A0A00080A0C00080A0E00080C0000080C0200080C0400080C0600080C0
310
800080C0A00080C0C00080C0E00080E0000080E0200080E0400080E0600080E0800080E0A00080E0C00080E0E000C0000000C0002000C0004000C0006000C0008000C000A000C000C000C000E000C0200000C0202000C0204000C0206000C0208000C020A000C020C000C020E000C0400000C0402000C0404000C0406000C0
310
408000C040A000C040C000C040E000C0600000C0602000C0604000C0606000C0608000C060A000C060C000C060E000C0800000C0802000C0804000C0806000C0808000C080A000C080C000C080E000C0A00000C0A02000C0A04000C0A06000C0A08000C0A0A000C0A0C000C0A0E000C0C00000C0C02000C0C04000C0C06000
310
C0C08000C0C0A000F0FBFF00A4A0A000808080000000FF0000FF000000FFFF00FF000000FF00FF00FFFF0000FFFFFF004949494949494949494949494949494949494949494949494949494949494949494949A4A4A4A4A4A4A4A4A4A4A4A4A4A4A4A4A4A4A4A4A4A4A4A4A4A4494949494949A4A449494949494949494949
310
494949494949494949494949A4A4494949494949A449A44949494949494949494949494949494949494949A449A4494949494949A44949A4494949494949494949494949494949494949A44949A4494949494949A44949A4494949494949494949494949494949494949A44949A4494949494949A4494949A4494949494949
310
49494949494949494949A4494949A4494949494949A449494949A44949494949494949494949494949A449494949A4494949494949A44949494949A4494949494949494949494949A44949494949A4494949494949A4494949494949A449494949494949494949A4494949494949A4494949494949A449494949494949A449
310
49494949494949A449494949494949A4494949494949A44949494949494949A4494949494949A44949494949494949A4494949494949A44949494949494949A4494949494949A44949494949494949A4494949494949A4494949494949494949A449494949A4494949494949494949A4494949494949A44949494949494949
310
4949A44949A449494949494949494949A4494949494949A44949494949494949494949A4A44949494949494949494949A4494949494949A44949494949494949494949A4A44949494949494949494949A4494949494949A449494949494949494949A44949A449494949494949494949A4494949494949A449494949494949
310
4949A449494949A4494949494949494949A4494949494949A44949494949494949A4494949494949A44949494949494949A4494949494949A44949494949494949A4494949494949A44949494949494949A4494949494949A449494949494949A44949494949494949A449494949494949A4494949494949A4494949494949
310
A449494949494949494949A4494949494949A4494949494949A44949494949A4494949494949494949494949A44949494949A4494949494949A449494949A44949494949494949494949494949A449494949A4494949494949A4494949A449494949494949494949494949494949A4494949A4494949494949A44949A44949
310
49494949494949494949494949494949A44949A4494949494949A44949A4494949494949494949494949494949494949A44949A4494949494949A449A44949494949494949494949494949494949494949A449A4494949494949A4A449494949494949494949494949494949494949494949A4A4494949494949A4A4A4A4A4
310
A4A4A4A4A4A4A4A4A4A4A4A4A4A4A4A4A4A4A4A4A44949494949494949494949494949494949494949494949494949494949494949494949
102
{BLKREFS
331
4C8
331
5C7
331
5C8
331
5C9
331
5CA
331
5CB
331
5CC
331
5CD
331
5CE
331
5CF
331
5D0
331
5D1
331
5D2
331
5D3
331
5D4
331
5D5
331
5D6
331
5D7
331
5D8
331
5D9
331
5DA
331
5DB
331
5DC
331
5DD
331
5DE
331
5DF
331
5E0
331
5E1
331
5E2
331
639
331
63A
331
63B
331
63C
331
63D
331
63E
331
63F
331
640
331
642
331
643
331
644
331
645
331
646
102
}
 70
     6
280
     1
281
     0
1001
AcDbDynamicBlockGUID
1000
{6E5C9563-0203-4508-A98B-B1FEF9DC7EB0}
  0
BLOCK_RECORD
  5
4D3
102
{ACAD_XDICTIONARY
360
4D4
102
}
330
1
100
AcDbSymbolTableRecord
100
AcDbBlockTableRecord
  2
columna_80x80
340
0
310
2800000020000000200000000100080000000000000400000000000000000000000000000000000000000000000080000080000000808000800000008000800080800000C0C0C000C0DCC000F0CAA6000020400000206000002080000020A0000020C0000020E00000400000004020000040400000406000004080000040A0
310
000040C0000040E00000600000006020000060400000606000006080000060A0000060C0000060E00000800000008020000080400000806000008080000080A0000080C0000080E00000A0000000A0200000A0400000A0600000A0800000A0A00000A0C00000A0E00000C0000000C0200000C0400000C0600000C0800000C0
310
A00000C0C00000C0E00000E0000000E0200000E0400000E0600000E0800000E0A00000E0C00000E0E00040000000400020004000400040006000400080004000A0004000C0004000E00040200000402020004020400040206000402080004020A0004020C0004020E000404000004040200040404000404060004040800040
310
40A0004040C0004040E00040600000406020004060400040606000406080004060A0004060C0004060E00040800000408020004080400040806000408080004080A0004080C0004080E00040A0000040A0200040A0400040A0600040A0800040A0A00040A0C00040A0E00040C0000040C0200040C0400040C0600040C08000
310
40C0A00040C0C00040C0E00040E0000040E0200040E0400040E0600040E0800040E0A00040E0C00040E0E00080000000800020008000400080006000800080008000A0008000C0008000E00080200000802020008020400080206000802080008020A0008020C0008020E00080400000804020008040400080406000804080
310
008040A0008040C0008040E00080600000806020008060400080606000806080008060A0008060C0008060E00080800000808020008080400080806000808080008080A0008080C0008080E00080A0000080A0200080A0400080A0600080A0800080A0A00080A0C00080A0E00080C0000080C0200080C0400080C0600080C0
310
800080C0A00080C0C00080C0E00080E0000080E0200080E0400080E0600080E0800080E0A00080E0C00080E0E000C0000000C0002000C0004000C0006000C0008000C000A000C000C000C000E000C0200000C0202000C0204000C0206000C0208000C020A000C020C000C020E000C0400000C0402000C0404000C0406000C0
310
408000C040A000C040C000C040E000C0600000C0602000C0604000C0606000C0608000C060A000C060C000C060E000C0800000C0802000C0804000C0806000C0808000C080A000C080C000C080E000C0A00000C0A02000C0A04000C0A06000C0A08000C0A0A000C0A0C000C0A0E000C0C00000C0C02000C0C04000C0C06000
310
C0C08000C0C0A000F0FBFF00A4A0A000808080000000FF0000FF000000FFFF00FF000000FF00FF00FFFF0000FFFFFF0049494949494949494949494949494949494949494949494949494949494949494907070707070707070707070707070707070707070707070707070707070749490749494949494949494949494949
310
49494949494949494949494949494907494907490707070749494949494949494949494949494949494907070707490749490749074949074949494949494949494949494949494949490749490749074949074907070707494949494949494949494949494949494949070707074907494907494949494949494949494949
310
49494949494949494949494949494949074949074949494949494949494949494949494949494949494949494949494907494907494949494949494949494949494949494949494949494949494949490749490749494949494949FCFCFCFCFCFCFCFCFCFCFCFCFCFC494949494949490749490749494949494949FC494949
310
494949494949494949FC494949494949490749490749494949494949FC494949494949494949494949FC494949494949490749490749494949494949FC494949494949494949494949FC494949494949490749490749494949494949FC494949494949494949494949FC494949494949490749490749494949494949FC4949
310
49494949494949494949FC494949494949490749490749494949494949FC494949494949494949494949FC494949494949490749490749494949494949FC494949494949494949494949FC494949494949490749490749494949494949FC494949494949494949494949FC494949494949490749490749494949494949FC49
310
4949494949494949494949FC494949494949490749490749494949494949FC494949494949494949494949FC494949494949490749490749494949494949FC494949494949494949494949FC494949494949490749490749494949494949FC494949494949494949494949FC494949494949490749490749494949494949FC
310
FCFCFCFCFCFCFCFCFCFCFCFCFC494949494949490749490749494949494949494949494949494949494949494949494949494949074949074949494949494949494949494949494949494949494949494949494907494907494949494949494949494949494949494949494949494949494949490749490749070707074949
310
49494949494949494949494949494949070707074907494907490749490749494949494949494949494949494949494907494907490749490749070707074949494949494949494949494949494949490707070749074949074949494949494949494949494949494949494949494949494949494907494907070707070707
310
0707070707070707070707070707070707070707070707494949494949494949494949494949494949494949494949494949494949494949
102
{BLKREFS
331
4D2
331
4EB
331
5E8
331
632
331
64E
102
}
 70
     4
280
     1
281
     0
1001
AcDbDynamicBlockGUID
1000
{A38B94FF-1953-FF4E-9AB6-6BA274AC7D9E}
  0
BLOCK_RECORD
  5
4ED
102
{ACAD_XDICTIONARY
360
4EE
102
}
330
1
100
AcDbSymbolTableRecord
100
AcDbBlockTableRecord
  2
HER - Paño fijo - Planta - 3.00
340
0
310
2800000020000000200000000100080000000000000400000000000000000000000000000000000000000000000080000080000000808000800000008000800080800000C0C0C000C0DCC000F0CAA6000020400000206000002080000020A0000020C0000020E00000400000004020000040400000406000004080000040A0
310
000040C0000040E00000600000006020000060400000606000006080000060A0000060C0000060E00000800000008020000080400000806000008080000080A0000080C0000080E00000A0000000A0200000A0400000A0600000A0800000A0A00000A0C00000A0E00000C0000000C0200000C0400000C0600000C0800000C0
310
A00000C0C00000C0E00000E0000000E0200000E0400000E0600000E0800000E0A00000E0C00000E0E00040000000400020004000400040006000400080004000A0004000C0004000E00040200000402020004020400040206000402080004020A0004020C0004020E000404000004040200040404000404060004040800040
310
40A0004040C0004040E00040600000406020004060400040606000406080004060A0004060C0004060E00040800000408020004080400040806000408080004080A0004080C0004080E00040A0000040A0200040A0400040A0600040A0800040A0A00040A0C00040A0E00040C0000040C0200040C0400040C0600040C08000
310
40C0A00040C0C00040C0E00040E0000040E0200040E0400040E0600040E0800040E0A00040E0C00040E0E00080000000800020008000400080006000800080008000A0008000C0008000E00080200000802020008020400080206000802080008020A0008020C0008020E00080400000804020008040400080406000804080
310
008040A0008040C0008040E00080600000806020008060400080606000806080008060A0008060C0008060E00080800000808020008080400080806000808080008080A0008080C0008080E00080A0000080A0200080A0400080A0600080A0800080A0A00080A0C00080A0E00080C0000080C0200080C0400080C0600080C0
310
800080C0A00080C0C00080C0E00080E0000080E0200080E0400080E0600080E0800080E0A00080E0C00080E0E000C0000000C0002000C0004000C0006000C0008000C000A000C000C000C000E000C0200000C0202000C0204000C0206000C0208000C020A000C020C000C020E000C0400000C0402000C0404000C0406000C0
310
408000C040A000C040C000C040E000C0600000C0602000C0604000C0606000C0608000C060A000C060C000C060E000C0800000C0802000C0804000C0806000C0808000C080A000C080C000C080E000C0A00000C0A02000C0A04000C0A06000C0A08000C0A0A000C0A0C000C0A0E000C0C00000C0C02000C0C04000C0C06000
310
C0C08000C0C0A000F0FBFF00A4A0A000808080000000FF0000FF000000FFFF00FF000000FF00FF00FFFF0000FFFFFF0049494949494949494949494949494949494949494949494949494949494949494949494949494949494949494949494949494949494949494949494949494949494949494949494949494949494949
310
49494949494949494949494949494949494949494949494949494949494949494949494949494949494949494949494949494949494949494949494949494949494949494949494949494949494949494949494949494949494949494949494949494949494949494949494949494949494949494949494949494949494949
310
49494949494949494949494949494949494949494949494949494949494949494949494949494949494949494949494949494949494949494949494949494949494949494949494949494949494949494949494949494949494949494949494949494949494949494949494949494949494949494949494949494949494949
310
4949494949494949494949494949494949494949494949494949494949494949494949494949494949494949494949494949494949494949494949494949494949494949494949494949494949494949494949494949494949494949494949494949494949494949494949494949494949494949F9F9F9F949494949494949
310
494949494949494949494949494949494949494949F9FAFAF9F7F7F7F7F7F7F7F7F7F7F7F7F7F7F7F7F7F7F7F7F7F7F7F7F9F94949F9FAFAF9F7F7F7F7F7F7F7F7F7F7F7F7F7F7F7F7F7F7F7F7F7F7F7F707074949F9F9F9F94949494949494949494949494949494949494949494949494949494949494949494949494949
310
49494949494949494949494949494949494949494949494949494949494949494949494949494949494949494949494949494949494949494949494949494949494949494949494949494949494949494949494949494949494949494949494949494949494949494949494949494949494949494949494949494949494949
310
49494949494949494949494949494949494949494949494949494949494949494949494949494949494949494949494949494949494949494949494949494949494949494949494949494949494949494949494949494949494949494949494949494949494949494949494949494949494949494949494949494949494949
310
49494949494949494949494949494949494949494949494949494949494949494949494949494949494949494949494949494949494949494949494949494949494949494949494949494949494949494949494949494949494949494949494949494949494949494949494949494949494949494949494949494949494949
310
4949494949494949494949494949494949494949494949494949494949494949494949494949494949494949494949494949494949494949
102
{BLKREFS
331
4EC
331
519
331
51A
331
51B
331
51C
331
51D
331
54A
331
54B
331
55F
331
560
331
56D
331
596
331
5B4
331
5BE
331
5BF
331
5C0
331
5C1
331
5C2
102
}
 70
     0
280
     1
281
     0
  0
BLOCK_RECORD
  5
598
102
{ACAD_XDICTIONARY
360
599
102
}
330
1
100
AcDbSymbolTableRecord
100
AcDbBlockTableRecord
  2
HER - PC - 1 hoja - 1.50 - 100x100
340
0
310
2800000020000000200000000100080000000000000400000000000000000000000000000000000000000000000080000080000000808000800000008000800080800000C0C0C000C0DCC000F0CAA6000020400000206000002080000020A0000020C0000020E00000400000004020000040400000406000004080000040A0
310
000040C0000040E00000600000006020000060400000606000006080000060A0000060C0000060E00000800000008020000080400000806000008080000080A0000080C0000080E00000A0000000A0200000A0400000A0600000A0800000A0A00000A0C00000A0E00000C0000000C0200000C0400000C0600000C0800000C0
310
A00000C0C00000C0E00000E0000000E0200000E0400000E0600000E0800000E0A00000E0C00000E0E00040000000400020004000400040006000400080004000A0004000C0004000E00040200000402020004020400040206000402080004020A0004020C0004020E000404000004040200040404000404060004040800040
310
40A0004040C0004040E00040600000406020004060400040606000406080004060A0004060C0004060E00040800000408020004080400040806000408080004080A0004080C0004080E00040A0000040A0200040A0400040A0600040A0800040A0A00040A0C00040A0E00040C0000040C0200040C0400040C0600040C08000
310
40C0A00040C0C00040C0E00040E0000040E0200040E0400040E0600040E0800040E0A00040E0C00040E0E00080000000800020008000400080006000800080008000A0008000C0008000E00080200000802020008020400080206000802080008020A0008020C0008020E00080400000804020008040400080406000804080
310
008040A0008040C0008040E00080600000806020008060400080606000806080008060A0008060C0008060E00080800000808020008080400080806000808080008080A0008080C0008080E00080A0000080A0200080A0400080A0600080A0800080A0A00080A0C00080A0E00080C0000080C0200080C0400080C0600080C0
310
800080C0A00080C0C00080C0E00080E0000080E0200080E0400080E0600080E0800080E0A00080E0C00080E0E000C0000000C0002000C0004000C0006000C0008000C000A000C000C000C000E000C0200000C0202000C0204000C0206000C0208000C020A000C020C000C020E000C0400000C0402000C0404000C0406000C0
310
408000C040A000C040C000C040E000C0600000C0602000C0604000C0606000C0608000C060A000C060C000C060E000C0800000C0802000C0804000C0806000C0808000C080A000C080C000C080E000C0A00000C0A02000C0A04000C0A06000C0A08000C0A0A000C0A0C000C0A0E000C0C00000C0C02000C0C04000C0C06000
310
C0C08000C0C0A000F0FBFF00A4A0A000808080000000FF0000FF000000FFFF00FF000000FF00FF00FFFF0000FFFFFF0049494949494949494949494949494949494949494949494949494949494949494949494949494949494949494949494949494949494949494949494949494949494949494949494949494949494949
310
49494949494949494949494949494949494949494949494949494949494949494949494949494949494949494949494949494949494949494949494949494949494949494949494949494949494949494949494949494949494949494949494949494949494949494949494949494949494949494949494949494949494949
310
49494949494949494949494949494949494949494949494949494949494949494949494949494949494949494949494949494949494949494949494949494949494949494949494949494949494949494949494949494949494949494949494949494949494949494949494949494949494949494949494949494949494949
310
49494949494949494949494949494949494949494949494949494949494949494949494949494949494949494949494949494949F7F7F7F7F7F7F7F7F7F7F7F7F7F7F7F7F7F7F7F7F7F7F7F7F7F7F7F7F7F74949F7F7F7F7F7F7F7F7F7F7F7F7F7F7F7F7F7F7F7F7F7F7F7F7F7F7F7F7F7F74949F7F7F7F7F7F7F7F7F7F7F7
310
F7F7F7F7F7F7F7F7F7F7F7F7F7F7F7F7F7F7F749494949494949494949494949494949494949F9F9F9F949494949494949494949494949494949494949494949494949494949F9FAFAFA49494949494949494949494949494949494949494949494949494949F9FA49FA494949494949494949494949494949494949494949
310
49494949494949F9FAFA0749494949494949494949494949494949494949494949494949494949F9F9F9F9494949494949494949494949494949494949494949494949494949494949494949494949494949494949494949494949494949494949494949494949494949494949494949494949494949494949494949494949
310
49494949494949494949494949494949494949494949494949494949494949494949494949494949494949494949494949494949494949494949494949494949494949494949494949494949494949494949494949494949494949494949494949494949494949494949494949494949494949494949494949494949494949
310
49494949494949494949494949494949494949494949494949494949494949494949494949494949494949494949494949494949494949494949494949494949494949494949494949494949494949494949494949494949494949494949494949494949494949494949494949494949494949494949494949494949494949
310
4949494949494949494949494949494949494949494949494949494949494949494949494949494949494949494949494949494949494949
102
{BLKREFS
331
597
331
5C3
102
}
 70
     0
280
     1
281
     0
  0
BLOCK_RECORD
  5
5EC
102
{ACAD_XDICTIONARY
360
5ED
102
}
330
1
100
AcDbSymbolTableRecord
100
AcDbBlockTableRecord
  2
SOL - PB - Arquitectura$0$OFT-PUESTO DE TRABAJO 120 070
340
0
310
28000000200000002000000001002000000000000010000001000000010000000000000000000000302821FF302821FF302821FF302821FF302821FF302821FF302821FF302821FF302821FF302821FF302821FF302821FF302821FF302821FF302821FF302821FF302821FF302821FF302821FF302821FF302821FF302821
310
FF302821FF302821FF302821FF302821FF302821FF302821FF302821FF302821FF302821FF302821FF302821FF302821FF302821FF302821FF302821FF302821FF302821FF302821FF302821FF302821FF302821FF302821FF302821FF302821FF999999FF302821FF302821FF302821FF302821FF302821FF302821FF3028
310
21FF302821FF302821FF302821FF302821FF302821FF302821FF302821FF302821FF302821FF302821FF302821FF302821FF302821FF302821FF302821FF302821FF302821FF302821FF302821FF302821FF302821FF302821FF302821FF999999FF999999FF999999FF999999FF999999FF999999FF302821FF302821FF30
310
2821FF302821FF302821FF302821FF302821FF302821FF302821FF302821FF302821FF302821FF302821FF302821FF302821FF302821FF302821FF302821FF302821FF302821FF302821FF302821FF302821FF302821FF302821FF999999FF999999FF999999FF999999FF999999FF999999FF999999FF999999FF302821FF
310
302821FF302821FF302821FF302821FF302821FF302821FF302821FF302821FF302821FF302821FF302821FF302821FF302821FF302821FF302821FF302821FF302821FF302821FF302821FF302821FF302821FF302821FF999999FF999999FF999999FF999999FF302821FF302821FF999999FF999999FF999999FF999999
310
FF999999FF302821FF302821FF302821FF302821FF302821FF302821FF302821FF302821FF302821FF302821FF302821FF302821FF302821FF302821FF302821FF302821FF302821FF302821FF302821FF999999FF999999FF302821FF999999FF302821FF302821FF302821FF302821FF302821FF302821FF999999FF9999
310
99FF999999FF999999FF302821FF302821FF302821FF302821FF302821FF302821FF302821FF302821FF302821FF302821FF302821FF302821FF302821FF302821FF302821FF302821FF302821FF302821FF999999FF999999FF999999FF302821FF302821FF302821FF302821FF302821FF302821FF302821FF302821FF99
310
9999FF999999FF999999FF302821FF302821FF302821FF302821FF302821FF302821FF302821FF302821FF302821FF302821FF302821FF302821FF302821FF302821FF302821FF302821FF302821FF302821FF999999FF999999FF999999FF302821FF302821FF302821FF302821FF302821FF302821FF302821FF302821FF
310
302821FF999999FF999999FF302821FF302821FF302821FF302821FF302821FF302821FF302821FF302821FF302821FF302821FF302821FF302821FF302821FF302821FF302821FF302821FF302821FF999999FF999999FF999999FF302821FF302821FF302821FF302821FF302821FF302821FF302821FF302821FF302821
310
FF302821FF999999FF999999FF302821FF302821FF302821FF302821FF302821FF302821FF302821FF302821FF302821FF302821FF302821FF302821FF302821FF302821FF302821FF302821FF302821FF302821FF999999FF999999FF302821FF302821FF302821FF302821FF302821FF302821FF302821FF302821FF3028
310
21FF302821FF999999FF999999FF302821FF302821FF302821FF302821FF302821FF302821FF302821FF302821FF302821FF302821FF302821FF302821FF302821FF302821FF302821FF302821FF302821FF302821FF999999FF999999FF302821FF302821FF302821FF302821FF302821FF302821FF302821FF302821FF30
310
2821FF302821FF999999FF999999FF302821FF302821FF302821FF302821FF302821FF302821FF302821FF302821FF302821FF302821FF302821FF302821FF302821FF302821FF302821FF302821FF302821FF302821FF999999FF999999FF999999FF302821FF302821FF302821FF302821FF302821FF302821FF302821FF
310
302821FF999999FF999999FF999999FF302821FF302821FF302821FF302821FF302821FF302821FF302821FF302821FF302821FF302821FF302821FF302821FF302821FF302821FF302821FF302821FF302821FF302821FF302821FF302821FF999999FF999999FF302821FF302821FF302821FF302821FF302821FF302821
310
FF302821FF999999FF999999FF302821FF302821FF302821FF302821FF302821FF302821FF302821FF302821FF302821FF302821FF302821FF302821FF302821FF302821FF302821FF302821FF302821FF302821FF302821FF302821FF302821FF302821FF999999FF999999FF999999FF999999FF999999FF999999FF9999
310
99FF999999FF302821FF999999FF302821FF302821FF302821FF302821FF302821FF302821FF302821FF302821FF302821FF302821FF302821FF302821FF999999FF999999FF999999FF999999FF999999FF999999FF999999FF999999FF999999FF999999FF999999FF999999FF999999FF999999FF999999FF999999FF99
310
9999FF999999FF999999FF999999FF999999FF999999FF999999FF999999FF999999FF999999FF999999FF999999FF302821FF302821FF302821FF302821FF999999FF302821FF302821FF302821FF302821FF302821FF302821FF302821FF302821FF302821FF302821FF999999FF999999FF302821FF302821FF302821FF
310
302821FF302821FF302821FF302821FF302821FF302821FF302821FF302821FF302821FF302821FF302821FF999999FF302821FF302821FF302821FF302821FF999999FF302821FF302821FF302821FF302821FF302821FF302821FF302821FF302821FF302821FF302821FF302821FF302821FF302821FF302821FF302821
310
FF302821FF302821FF302821FF302821FF302821FF302821FF302821FF302821FF302821FF302821FF302821FF999999FF302821FF302821FF302821FF302821FF999999FF302821FF302821FF302821FF302821FF302821FF302821FF302821FF302821FF302821FF302821FF302821FF302821FF302821FF302821FF3028
310
21FF302821FF302821FF302821FF302821FF302821FF302821FF302821FF302821FF302821FF302821FF302821FF999999FF302821FF302821FF302821FF302821FF999999FF302821FF302821FF302821FF302821FF302821FF302821FF302821FF302821FF302821FF302821FF302821FF302821FF302821FF302821FF30
310
2821FF302821FF302821FF302821FF302821FF302821FF302821FF302821FF302821FF302821FF302821FF302821FF999999FF302821FF302821FF302821FF302821FF999999FF302821FF302821FF302821FF302821FF302821FF302821FF302821FF302821FF302821FF302821FF302821FF302821FF302821FF302821FF
310
302821FF302821FF302821FF302821FF302821FF302821FF302821FF302821FF302821FF302821FF302821FF302821FF999999FF302821FF302821FF302821FF302821FF999999FF302821FF302821FF302821FF302821FF302821FF302821FF302821FF302821FF302821FF302821FF302821FF302821FF302821FF302821
310
FF302821FF302821FF302821FF302821FF302821FF302821FF302821FF302821FF302821FF302821FF302821FF302821FF999999FF302821FF302821FF302821FF302821FF999999FF302821FF302821FF302821FF302821FF302821FF302821FF302821FF302821FF302821FF999999FF999999FF999999FF999999FF9999
310
99FF999999FF999999FF999999FF999999FF302821FF302821FF302821FF302821FF302821FF302821FF302821FF302821FF999999FF302821FF302821FF302821FF302821FF999999FF302821FF302821FF302821FF302821FF302821FF302821FF302821FF302821FF302821FF999999FF999999FF999999FF999999FF99
310
9999FF999999FF999999FF999999FF999999FF302821FF302821FF302821FF302821FF302821FF302821FF302821FF302821FF999999FF302821FF302821FF302821FF302821FF999999FF302821FF302821FF302821FF302821FF302821FF302821FF302821FF302821FF302821FF302821FF302821FF302821FF302821FF
310
302821FF302821FF302821FF302821FF302821FF302821FF302821FF302821FF302821FF302821FF302821FF302821FF302821FF999999FF302821FF302821FF302821FF302821FF999999FF302821FF302821FF302821FF302821FF302821FF302821FF302821FF999999FF999999FF999999FF999999FF999999FF999999
310
FF999999FF999999FF999999FF999999FF999999FF999999FF999999FF999999FF302821FF302821FF302821FF302821FF302821FF999999FF302821FF302821FF302821FF302821FF999999FF302821FF302821FF302821FF302821FF302821FF302821FF302821FF999999FF302821FF302821FF302821FF302821FF3028
310
21FF302821FF302821FF302821FF302821FF302821FF302821FF302821FF999999FF302821FF302821FF302821FF302821FF302821FF999999FF302821FF302821FF302821FF302821FF999999FF302821FF302821FF302821FF302821FF302821FF302821FF302821FF999999FF302821FF302821FF302821FF302821FF30
310
2821FF302821FF302821FF302821FF302821FF302821FF302821FF302821FF999999FF302821FF302821FF302821FF302821FF302821FF999999FF302821FF302821FF302821FF302821FF999999FF302821FF302821FF302821FF302821FF302821FF302821FF302821FF999999FF999999FF999999FF999999FF999999FF
310
999999FF999999FF999999FF999999FF999999FF999999FF999999FF999999FF999999FF302821FF302821FF302821FF302821FF302821FF999999FF302821FF302821FF302821FF302821FF999999FF302821FF302821FF302821FF302821FF302821FF302821FF302821FF302821FF302821FF302821FF302821FF302821
310
FF302821FF302821FF302821FF302821FF302821FF302821FF302821FF302821FF302821FF302821FF302821FF302821FF302821FF302821FF999999FF302821FF302821FF302821FF302821FF999999FF302821FF302821FF302821FF302821FF302821FF302821FF302821FF302821FF302821FF302821FF302821FF3028
310
21FF302821FF302821FF302821FF302821FF302821FF302821FF302821FF302821FF302821FF302821FF302821FF302821FF302821FF302821FF999999FF302821FF302821FF302821FF302821FF999999FF999999FF999999FF999999FF999999FF999999FF999999FF999999FF999999FF999999FF999999FF999999FF99
310
9999FF999999FF999999FF999999FF999999FF999999FF999999FF999999FF999999FF999999FF999999FF999999FF999999FF999999FF999999FF999999FF302821FF302821FF302821FF302821FF302821FF302821FF302821FF302821FF302821FF302821FF302821FF302821FF302821FF302821FF302821FF302821FF
310
302821FF302821FF302821FF302821FF302821FF302821FF302821FF302821FF302821FF302821FF302821FF302821FF302821FF302821FF302821FF302821FF302821FF302821FF
102
{BLKREFS
331
5EB
102
}
 70
     4
280
     1
281
     0
  0
BLOCK_RECORD
  5
5F1
102
{ACAD_XDICTIONARY
360
5F2
102
}
330
1
100
AcDbSymbolTableRecord
100
AcDbBlockTableRecord
  2
SOL - PB - Arquitectura$0$A$C462C3AAF
340
0
102
{BLKREFS
331
5F0
331
5F0
331
5F0
331
5F0
102
}
 70
     4
280
     1
281
     0
  0
ENDTAB
  0
ENDSEC
  0
SECTION
  2
BLOCKS
  0
BLOCK
  5
20
330
1F
100
AcDbEntity
  8
0
100
AcDbBlockBegin
  2
*Model_Space
 70
     0
 10
0.0
 20
0.0
 30
0.0
  3
*Model_Space
  1
*Model_Space
  0
ENDBLK
  5
21
330
1F
100
AcDbEntity
  8
0
100
AcDbBlockEnd
  0
BLOCK
  5
D8
330
D6
100
AcDbEntity
 67
     1
  8
0
100
AcDbBlockBegin
  2
*Paper_Space
 70
     0
 10
0.0
 20
0.0
 30
0.0
  3
*Paper_Space
  1
*Paper_Space
  0
ENDBLK
  5
D9
330
D6
100
AcDbEntity
 67
     1
  8
0
100
AcDbBlockEnd
  0
BLOCK
  5
21C
330
21A
100
AcDbEntity
  8
0
100
AcDbBlockBegin
  2
*Paper_Space0
 70
     0
 10
0.0
 20
0.0
 30
0.0
  3
*Paper_Space0
  1
*Paper_Space0
  0
VIEWPORT
  5
21E
330
21A
100
AcDbEntity
  8
0
 48
100.0
100
AcDbViewport
 10
0.0
 20
0.0
 30
0.0
 40
840.779612
 41
486.114466
 68
     1
 69
     1
 12
328.692132
 22
196.71883
 13
0.0
 23
0.0
 14
10.0
 24
10.0
 15
10.0
 25
10.0
 16
0.0
 26
0.0
 36
1.0
 17
0.0
 27
0.0
 37
0.0
 42
50.0
 43
0.0
 44
0.0
 45
486.114466
 50
0.0
 51
0.0
 72
   100
 90
   557168
  1

281
     0
 71
     1
 74
     0
110
0.0
120
0.0
130
0.0
111
1.0
121
0.0
131
0.0
112
0.0
122
1.0
132
0.0
 79
     0
146
0.0
170
     0
 61
     5
348
F5
292
     1
282
     1
141
0.0
142
0.0
 63
   256
  0
ENDBLK
  5
21D
330
21A
100
AcDbEntity
  8
0
100
AcDbBlockEnd
  0
BLOCK
  5
1ED
330
1EC
100
AcDbEntity
  8
0
100
AcDbBlockBegin
  2
_ARCHTICK
 70
     0
 10
0.0
 20
0.0
 30
0.0
  3
_ARCHTICK
  1
_ARCHTICK
  0
POLYLINE
  5
1EF
330
1EC
100
AcDbEntity
  8
0
  6
ByBlock
 62
     0
100
AcDb2dPolyline
 66
     1
 10
0.0
 20
0.0
 30
0.0
 40
0.15
 41
0.15
  0
VERTEX
  5
1F0
330
1EF
100
AcDbEntity
  8
0
  6
ByBlock
 62
     0
100
AcDbVertex
100
AcDb2dVertex
 10
-0.5
 20
-0.5
 30
0.0
  0
VERTEX
  5
1F1
330
1EF
100
AcDbEntity
  8
0
  6
ByBlock
 62
     0
100
AcDbVertex
100
AcDb2dVertex
 10
0.5
 20
0.5
 30
0.0
  0
SEQEND
  5
1F2
330
1EF
100
AcDbEntity
  8
0
  6
ByBlock
 62
     0
  0
ENDBLK
  5
1EE
330
1EC
100
AcDbEntity
  8
0
100
AcDbBlockEnd
  0
BLOCK
  5
1F5
330
1F4
100
AcDbEntity
  8
0
100
AcDbBlockBegin
  2
_OPEN30
 70
     0
 10
0.0
 20
0.0
 30
0.0
  3
_OPEN30
  1
_OPEN30
  0
LINE
  5
1F7
330
1F4
100
AcDbEntity
  8
0
  6
ByBlock
 62
     0
370
    -2
100
AcDbLine
 10
-1.0
 20
0.267949
 30
0.0
 11
0.0
 21
0.0
 31
0.0
  0
LINE
  5
1F8
330
1F4
100
AcDbEntity
  8
0
  6
ByBlock
 62
     0
370
    -2
100
AcDbLine
 10
0.0
 20
0.0
 30
0.0
 11
-1.0
 21
-0.267949
 31
0.0
  0
LINE
  5
1F9
330
1F4
100
AcDbEntity
  8
0
  6
ByBlock
 62
     0
370
    -2
100
AcDbLine
 10
0.0
 20
0.0
 30
0.0
 11
-1.0
 21
0.0
 31
0.0
  0
ENDBLK
  5
1F6
330
1F4
100
AcDbEntity
  8
0
100
AcDbBlockEnd
  0
BLOCK
  5
1FD
330
1FC
100
AcDbEntity
  8
0
100
AcDbBlockBegin
  2
_DOT
 70
     0
 10
0.0
 20
0.0
 30
0.0
  3
_DOT
  1
_DOT
  0
POLYLINE
  5
1FF
330
1FC
100
AcDbEntity
  8
0
  6
ByBlock
 62
     0
100
AcDb2dPolyline
 66
     1
 10
0.0
 20
0.0
 30
0.0
 70
     1
 40
0.5
 41
0.5
  0
VERTEX
  5
201
330
1FF
100
AcDbEntity
  8
0
  6
ByBlock
 62
     0
100
AcDbVertex
100
AcDb2dVertex
 10
-0.25
 20
0.0
 30
0.0
 42
1.0
  0
VERTEX
  5
202
330
1FF
100
AcDbEntity
  8
0
  6
ByBlock
 62
     0
100
AcDbVertex
100
AcDb2dVertex
 10
0.25
 20
0.0
 30
0.0
 42
1.0
  0
SEQEND
  5
203
330
1FF
100
AcDbEntity
  8
0
  6
ByBlock
 62
     0
  0
LINE
  5
200
330
1FC
100
AcDbEntity
  8
0
  6
ByBlock
 62
     0
370
    -2
100
AcDbLine
 10
-0.5
 20
0.0
 30
0.0
 11
-1.0
 21
0.0
 31
0.0
  0
ENDBLK
  5
1FE
330
1FC
100
AcDbEntity
  8
0
100
AcDbBlockEnd
  0
BLOCK
  5
226
330
224
100
AcDbEntity
  8
0
100
AcDbBlockBegin
  2
*Paper_Space4
 70
     0
 10
0.0
 20
0.0
 30
0.0
  3
*Paper_Space4
  1
*Paper_Space4
  0
VIEWPORT
  5
228
330
224
100
AcDbEntity
  8
0
 48
100.0
100
AcDbViewport
 10
0.0
 20
0.0
 30
0.0
 40
1715.87676
 41
992.070339
 68
     1
 69
     1
 12
497.20797
 22
380.27835
 13
0.0
 23
0.0
 14
10.0
 24
10.0
 15
10.0
 25
10.0
 16
0.0
 26
0.0
 36
1.0
 17
0.0
 27
0.0
 37
0.0
 42
50.0
 43
0.0
 44
0.0
 45
992.070339
 50
0.0
 51
0.0
 72
   100
 90
   557168
  1

281
     0
 71
     1
 74
     0
110
0.0
120
0.0
130
0.0
111
1.0
121
0.0
131
0.0
112
0.0
122
1.0
132
0.0
 79
     0
146
0.0
170
     0
 61
     5
348
F5
292
     1
282
     1
141
0.0
142
0.0
 63
   256
  0
ENDBLK
  5
227
330
224
100
AcDbEntity
  8
0
100
AcDbBlockEnd
  0
BLOCK
  5
D4
330
D2
100
AcDbEntity
  8
0
100
AcDbBlockBegin
  2
*Paper_Space5
 70
     0
 10
0.0
 20
0.0
 30
0.0
  3
*Paper_Space5
  1
*Paper_Space5
  0
VIEWPORT
  5
229
330
D2
100
AcDbEntity
  8
0
 48
100.0
100
AcDbViewport
 10
0.0
 20
0.0
 30
0.0
 40
460.802478
 41
238.196088
 68
     1
 69
     1
 12
128.5
 22
97.5
 13
0.0
 23
0.0
 14
10.0
 24
10.0
 15
10.0
 25
10.0
 16
0.0
 26
0.0
 36
1.0
 17
0.0
 27
0.0
 37
0.0
 42
50.0
 43
0.0
 44
0.0
 45
238.196088
 50
0.0
 51
0.0
 72
   100
 90
   557168
  1

281
     0
 71
     1
 74
     0
110
0.0
120
0.0
130
0.0
111
1.0
121
0.0
131
0.0
112
0.0
122
1.0
132
0.0
 79
     0
146
0.0
170
     0
 61
     5
348
F5
292
     1
282
     1
141
0.0
142
0.0
 63
   256
  0
ENDBLK
  5
D5
330
D2
100
AcDbEntity
  8
0
100
AcDbBlockEnd
  0
BLOCK
  5
221
330
21F
100
AcDbEntity
  8
0
100
AcDbBlockBegin
  2
*Paper_Space6
 70
     0
 10
0.0
 20
0.0
 30
0.0
  3
*Paper_Space6
  1
*Paper_Space6
  0
VIEWPORT
  5
223
330
21F
100
AcDbEntity
  8
0
 48
100.0
100
AcDbViewport
 10
0.0
 20
0.0
 30
0.0
 40
1201.113732
 41
694.449237
 68
     1
 69
     1
 12
454.893705
 22
285.342469
 13
0.0
 23
0.0
 14
10.0
 24
10.0
 15
10.0
 25
10.0
 16
0.0
 26
0.0
 36
1.0
 17
0.0
 27
0.0
 37
0.0
 42
50.0
 43
0.0
 44
0.0
 45
694.449237
 50
0.0
 51
0.0
 72
   100
 90
   557168
  1

281
     0
 71
     1
 74
     0
110
0.0
120
0.0
130
0.0
111
1.0
121
0.0
131
0.0
112
0.0
122
1.0
132
0.0
 79
     0
146
0.0
170
     0
 61
     5
348
F5
292
     1
282
     1
141
0.0
142
0.0
 63
   256
  0
ENDBLK
  5
222
330
21F
100
AcDbEntity
  8
0
100
AcDbBlockEnd
  0
BLOCK
  5
212
330
210
100
AcDbEntity
  8
0
100
AcDbBlockBegin
  2
*Paper_Space7
 70
     0
 10
0.0
 20
0.0
 30
0.0
  3
*Paper_Space7
  1
*Paper_Space7
  0
VIEWPORT
  5
214
330
210
100
AcDbEntity
  8
0
 48
100.0
100
AcDbViewport
 10
0.0
 20
0.0
 30
0.0
 40
588.545729
 41
340.280126
 68
     1
 69
     1
 12
151.627136
 22
129.479246
 13
0.0
 23
0.0
 14
10.0
 24
10.0
 15
10.0
 25
10.0
 16
0.0
 26
0.0
 36
1.0
 17
0.0
 27
0.0
 37
0.0
 42
50.0
 43
0.0
 44
0.0
 45
340.280126
 50
0.0
 51
0.0
 72
   100
 90
   557168
  1

281
     0
 71
     1
 74
     0
110
0.0
120
0.0
130
0.0
111
1.0
121
0.0
131
0.0
112
0.0
122
1.0
132
0.0
 79
     0
146
0.0
170
     0
 61
     5
348
F5
292
     1
282
     1
141
0.0
142
0.0
 63
   256
  0
ENDBLK
  5
213
330
210
100
AcDbEntity
  8
0
100
AcDbBlockEnd
  0
BLOCK
  5
217
330
215
100
AcDbEntity
  8
0
100
AcDbBlockBegin
  2
*Paper_Space8
 70
     0
 10
0.0
 20
0.0
 30
0.0
  3
*Paper_Space8
  1
*Paper_Space8
  0
VIEWPORT
  5
219
330
215
100
AcDbEntity
  8
0
 48
100.0
100
AcDbViewport
 10
0.0
 20
0.0
 30
0.0
 40
588.545729
 41
340.280126
 68
     1
 69
     1
 12
213.910905
 22
130.914724
 13
0.0
 23
0.0
 14
10.0
 24
10.0
 15
10.0
 25
10.0
 16
0.0
 26
0.0
 36
1.0
 17
0.0
 27
0.0
 37
0.0
 42
50.0
 43
0.0
 44
0.0
 45
340.280126
 50
0.0
 51
0.0
 72
   100
 90
   557168
  1

281
     0
 71
     1
 74
     0
110
0.0
120
0.0
130
0.0
111
1.0
121
0.0
131
0.0
112
0.0
122
1.0
132
0.0
 79
     0
146
0.0
170
     0
 61
     5
348
F5
292
     1
282
     1
141
0.0
142
0.0
 63
   256
  0
ENDBLK
  5
218
330
215
100
AcDbEntity
  8
0
100
AcDbBlockEnd
  0
BLOCK
  5
3B7
330
3B4
100
AcDbEntity
  8
0
370
    -3
100
AcDbBlockBegin
  2
SOL - PB - Arquitectura$0$IRI-OCASA-Layout R 9$0$OCA_PALLET
 70
     0
 10
0.0
 20
0.0
 30
0.0
  3
SOL - PB - Arquitectura$0$IRI-OCASA-Layout R 9$0$OCA_PALLET
  1
SOL - PB - Arquitectura$0$IRI-OCASA-Layout R 9$0$OCA_PALLET
  0
LWPOLYLINE
  5
3B8
330
3B4
100
AcDbEntity
  8
0
100
AcDbPolyline
 90
        4
 70
     1
 43
0.0
 10
414.447193
 20
97.067423
 10
415.447193
 20
97.067423
 10
415.447193
 20
95.867423
 10
414.447193
 20
95.867423
  0
LINE
  5
3B9
330
3B4
100
AcDbEntity
  8
0
100
AcDbLine
 10
414.447193
 20
97.067423
 30
0.0
 11
415.447193
 21
95.867423
 31
0.0
  0
LINE
  5
3BA
330
3B4
100
AcDbEntity
  8
0
100
AcDbLine
 10
415.447193
 20
97.067423
 30
0.0
 11
414.447193
 21
95.867423
 31
0.0
  0
ENDBLK
  5
3BB
330
3B4
100
AcDbEntity
  8
0
370
    -3
100
AcDbBlockEnd
  0
BLOCK
  5
3C0
330
3BD
100
AcDbEntity
  8
0
100
AcDbBlockBegin
  2
SOL - PB - Arquitectura$0$columna_80x80
 70
     0
 10
0.0
 20
0.0
 30
0.0
  3
SOL - PB - Arquitectura$0$columna_80x80
  1
SOL - PB - Arquitectura$0$columna_80x80
  0
LWPOLYLINE
  5
3C1
330
3BD
100
AcDbEntity
  8
SOL - PB - Arquitectura$0$HER - Rejas - Malla 1x1
100
AcDbPolyline
 90
        4
 70
     1
 43
0.0
 10
0.005
 20
-0.005
 10
0.005
 20
0.075
 10
-0.075
 20
0.075
 10
-0.075
 20
-0.005
  0
HATCH
  5
3C2
330
3BD
100
AcDbEntity
  8
SOL - PB - Arquitectura$0$HER - Rejas - Malla 1x1
 62
   252
100
AcDbHatch
 10
0.0
 20
0.0
 30
0.0
210
0.0
220
0.0
230
1.0
  2
SOLID
 70
     1
 71
     0
 91
        2
 92
        7
 72
     0
 73
     1
 93
        4
 10
-0.0749999999999318
 20
-0.0049999999999741
 10
0.0049999999999955
 20
-0.0049999999999173
 10
0.0049999999999955
 20
0.0750000000001165
 10
-0.0749999999999318
 20
0.0750000000000597
 97
        0
 92
       22
 72
     0
 73
     1
 93
        4
 10
-0.0729000000000042
 20
-0.002899999999876
 10
-0.0729000000000042
 20
0.0729000000003595
 10
0.0029000000000678
 20
0.0729000000001321
 10
0.0029000000000678
 20
-0.0029000000001034
 97
        0
 75
     1
 76
     1
 47
0.000154
 98
        2
 10
-0.0740600434465932
 20
-0.0298229445083962
 10
-0.0740600434465932
 20
-0.0298229445083962
1001
GradientColor1ACI
1070
     5
1001
GradientColor2ACI
1070
     2
1001
ACAD
1010
0.0
1020
0.0
1030
0.0
  0
LWPOLYLINE
  5
3C3
330
3BD
100
AcDbEntity
  8
SOL - PB - Arquitectura$0$HER - Tubo 70X70
100
AcDbPolyline
 90
        4
 70
     1
 43
0.0
 10
0.0029
 20
0.0729
 10
-0.0729
 20
0.0729
 10
-0.0729
 20
-0.0029
 10
0.0029
 20
-0.0029
  0
LWPOLYLINE
  5
3C4
330
3BD
100
AcDbEntity
  8
0
 62
     1
100
AcDbPolyline
 90
        4
 70
     1
 43
0.0
 10
-0.075
 20
-0.005
 10
-0.075
 20
0.075
 10
0.005
 20
0.075
 10
0.005
 20
-0.005
  0
LWPOLYLINE
  5
3C5
330
3BD
100
AcDbEntity
  8
SOL - PB - Arquitectura$0$RF - TX - Rótulo
100
AcDbPolyline
 90
        4
 70
     1
 43
0.0
 10
-0.075
 20
0.075
 10
0.005
 20
0.075
 10
0.005
 20
-0.005
 10
-0.075
 20
-0.005
  0
LWPOLYLINE
  5
3C6
330
3BD
100
AcDbEntity
  8
0
 62
   254
100
AcDbPolyline
 90
        8
 70
     1
 43
0.0
 10
-0.086729
 20
0.082202
 10
-0.091904
 20
0.082202
 10
-0.095577
 20
0.085843
 10
-0.095577
 20
0.091011
 10
-0.091912
 20
0.09466
 10
-0.086736
 20
0.09466
 10
-0.083056
 20
0.091026
 10
-0.083056
 20
0.085859
  0
LWPOLYLINE
  5
3C7
330
3BD
100
AcDbEntity
  8
0
 62
   254
100
AcDbPolyline
 90
        8
 70
     1
 43
0.0
 10
-0.086729
 20
0.082202
 10
-0.091904
 20
0.082202
 10
-0.095577
 20
0.085843
 10
-0.095577
 20
0.091011
 10
-0.091912
 20
0.09466
 10
-0.086736
 20
0.09466
 10
-0.083056
 20
0.091026
 10
-0.083056
 20
0.085859
  0
REGION
  5
3C8
330
3BD
100
AcDbEntity
  8
0
 62
   254
100
AcDbModelerGeometry
290
     1
  2
{E9B7BBF4-DC49-B34D-821C-F2B64ACF6949}
  0
LWPOLYLINE
  5
3C9
330
3BD
100
AcDbEntity
  8
SOL - PB - Arquitectura$0$RF - TX - Rótulo
100
AcDbPolyline
 90
        4
 70
     1
 43
0.0
 10
-0.105
 20
0.105
 10
0.035
 20
0.105
 10
0.035
 20
-0.035
 10
-0.105
 20
-0.035
  0
LWPOLYLINE
  5
3CA
330
3BD
100
AcDbEntity
  8
0
 62
   254
100
AcDbPolyline
 90
        8
 70
     1
 43
0.0
 10
0.016729
 20
0.082202
 10
0.021904
 20
0.082202
 10
0.025577
 20
0.085843
 10
0.025577
 20
0.091011
 10
0.021912
 20
0.09466
 10
0.016736
 20
0.09466
 10
0.013056
 20
0.091026
 10
0.013056
 20
0.085859
  0
LWPOLYLINE
  5
3CB
330
3BD
100
AcDbEntity
  8
0
 62
   254
100
AcDbPolyline
 90
        8
 70
     1
 43
0.0
 10
0.016729
 20
0.082202
 10
0.021904
 20
0.082202
 10
0.025577
 20
0.085843
 10
0.025577
 20
0.091011
 10
0.021912
 20
0.09466
 10
0.016736
 20
0.09466
 10
0.013056
 20
0.091026
 10
0.013056
 20
0.085859
  0
REGION
  5
3CC
330
3BD
100
AcDbEntity
  8
0
 62
   254
100
AcDbModelerGeometry
290
     1
  2
{76C19326-1983-C64E-AFFC-FBFA95DCE71F}
  0
LWPOLYLINE
  5
3CD
330
3BD
100
AcDbEntity
  8
0
 62
   254
100
AcDbPolyline
 90
        8
 70
     1
 43
0.0
 10
-0.086729
 20
-0.012202
 10
-0.091904
 20
-0.012202
 10
-0.095577
 20
-0.015843
 10
-0.095577
 20
-0.021011
 10
-0.091912
 20
-0.02466
 10
-0.086736
 20
-0.02466
 10
-0.083056
 20
-0.021026
 10
-0.083056
 20
-0.015859
  0
LWPOLYLINE
  5
3CE
330
3BD
100
AcDbEntity
  8
0
 62
   254
100
AcDbPolyline
 90
        8
 70
     1
 43
0.0
 10
-0.086729
 20
-0.012202
 10
-0.091904
 20
-0.012202
 10
-0.095577
 20
-0.015843
 10
-0.095577
 20
-0.021011
 10
-0.091912
 20
-0.02466
 10
-0.086736
 20
-0.02466
 10
-0.083056
 20
-0.021026
 10
-0.083056
 20
-0.015859
  0
REGION
  5
3CF
330
3BD
100
AcDbEntity
  8
0
 62
   254
100
AcDbModelerGeometry
290
     1
  2
{579E3DC1-7B59-6849-BE49-F6F2D466C285}
  0
LWPOLYLINE
  5
3D0
330
3BD
100
AcDbEntity
  8
0
 62
   254
100
AcDbPolyline
 90
        8
 70
     1
 43
0.0
 10
0.016729
 20
-0.012202
 10
0.021904
 20
-0.012202
 10
0.025577
 20
-0.015843
 10
0.025577
 20
-0.021011
 10
0.021912
 20
-0.02466
 10
0.016736
 20
-0.02466
 10
0.013056
 20
-0.021026
 10
0.013056
 20
-0.015859
  0
LWPOLYLINE
  5
3D1
330
3BD
100
AcDbEntity
  8
0
 62
   254
100
AcDbPolyline
 90
        8
 70
     1
 43
0.0
 10
0.016729
 20
-0.012202
 10
0.021904
 20
-0.012202
 10
0.025577
 20
-0.015843
 10
0.025577
 20
-0.021011
 10
0.021912
 20
-0.02466
 10
0.016736
 20
-0.02466
 10
0.013056
 20
-0.021026
 10
0.013056
 20
-0.015859
  0
REGION
  5
3D2
330
3BD
100
AcDbEntity
  8
0
 62
   254
100
AcDbModelerGeometry
290
     1
  2
{C4D689F5-A4B3-8644-96B4-3518CFF9FD60}
  0
ENDBLK
  5
3D3
330
3BD
100
AcDbEntity
  8
0
100
AcDbBlockEnd
  0
BLOCK
  5
3DB
330
3DA
100
AcDbEntity
  8
0
100
AcDbBlockBegin
  2
SOL - PB - Arquitectura$0$malla_shullman_planta
 70
     0
 10
0.0
 20
0.0
 30
0.0
  3
SOL - PB - Arquitectura$0$malla_shullman_planta
  1
SOL - PB - Arquitectura$0$malla_shullman_planta
  0
LWPOLYLINE
  5
3DC
330
3DA
100
AcDbEntity
  8
SOL - PB - Arquitectura$0$HER - Tubo 70X70
 62
   253
100
AcDbPolyline
 90
        5
 70
     0
 43
0.0
 10
-0.1
 20
0.0
 10
0.0
 20
0.003
 10
0.0
 20
0.008
 10
-0.1
 20
0.005
 10
-0.1
 20
0.0
  0
LWPOLYLINE
  5
3DD
330
3DA
100
AcDbEntity
  8
SOL - PB - Arquitectura$0$HER - Tubo 70X70
 62
   253
100
AcDbPolyline
 90
        5
 70
     0
 43
0.0
 10
0.0
 20
0.0
 10
-0.1
 20
0.003
 10
-0.1
 20
0.008
 10
0.0
 20
0.005
 10
0.0
 20
0.0
  0
ENDBLK
  5
3DE
330
3DA
100
AcDbEntity
  8
0
100
AcDbBlockEnd
  0
BLOCK
  5
436
330
433
100
AcDbEntity
  8
0
 62
     0
100
AcDbBlockBegin
  2
HER - Puerta corrediza - 1 hoja - 3m - col 100
 70
     0
 10
0.0
 20
0.0
 30
0.0
  3
HER - Puerta corrediza - 1 hoja - 3m - col 100
  1
HER - Puerta corrediza - 1 hoja - 3m - col 100
  0
HATCH
  5
437
330
433
100
AcDbEntity
  8
0
 62
     7
100
AcDbHatch
 10
0.0
 20
0.0
 30
0.0
210
0.0
220
0.0
230
1.0
  2
SOLID
 70
     1
 71
     1
 91
        1
 92
        1
 93
        6
 72
     1
 10
0.2288159286431579
 20
2.2807674300999
 11
0.1970159286434097
 21
2.2807674300999
 72
     1
 10
0.1970159286434097
 20
2.2807674300999
 11
0.1970159286434097
 21
2.275967430099286
 72
     1
 10
0.1970159286434097
 20
2.275967430099286
 11
0.2240159286429986
 21
2.275967430099286
 72
     1
 10
0.2240159286429986
 20
2.275967430099286
 11
0.2240159286429986
 21
2.248967430099242
 72
     1
 10
0.2240159286429986
 20
2.248967430099242
 11
0.2288159286431579
 21
2.248967430099242
 72
     1
 10
0.2288159286431579
 20
2.248967430099242
 11
0.2288159286431579
 21
2.2807674300999
 97
        1
330
438
 75
     0
 76
     1
 98
        1
 10
182.5691422942769
 20
310.9867978428045
1001
ACAD
1010
0.0
1020
0.0
1030
0.0
  0
LWPOLYLINE
  5
438
102
{ACAD_REACTORS
330
437
102
}
330
433
100
AcDbEntity
  8
0
 62
   253
100
AcDbPolyline
 90
        7
 70
     1
 43
0.0
 10
0.228816
 20
2.280767
 10
0.197016
 20
2.280767
 10
0.197016
 20
2.275967
 10
0.224016
 20
2.275967
 10
0.224016
 20
2.248967
 10
0.228816
 20
2.248967
 10
0.228816
 20
2.280767
  0
HATCH
  5
439
330
433
100
AcDbEntity
  8
0
 62
     7
100
AcDbHatch
 10
0.0
 20
0.0
 30
0.0
210
0.0
220
0.0
230
1.0
  2
SOLID
 70
     1
 71
     0
 91
        1
 92
        1
 93
        4
 72
     1
 10
0.2158999286430259
 20
2.275967430099286
 11
0.2158999286430259
 21
2.25056743009975
 72
     1
 10
0.2158999286430259
 20
2.25056743009975
 11
0.2127199286433239
 21
2.25056743009975
 72
     1
 10
0.2127199286433239
 20
2.25056743009975
 11
0.2127199286433239
 21
2.275967430099286
 72
     1
 10
0.2127199286433239
 20
2.275967430099286
 11
0.2158999286430259
 21
2.275967430099286
 97
        0
 75
     0
 76
     1
 98
        1
 10
182.5691422942769
 20
310.9867978428045
1001
ACAD
1010
0.0
1020
0.0
1030
0.0
  0
HATCH
  5
43A
330
433
100
AcDbEntity
  8
0
 62
     7
100
AcDbHatch
 10
0.0
 20
0.0
 30
0.0
210
0.0
220
0.0
230
1.0
  2
SOLID
 70
     1
 71
     1
 91
        1
 92
        1
 93
        6
 72
     1
 10
0.228520270282516
 20
-0.7192285001856362
 11
0.1967202702825404
 21
-0.7192285001856362
 72
     1
 10
0.1967202702825404
 20
-0.7192285001856362
 11
0.1967202702825404
 21
-0.7144285001850221
 72
     1
 10
0.1967202702825404
 20
-0.7144285001850221
 11
0.2237202702823566
 21
-0.7144285001850221
 72
     1
 10
0.2237202702823566
 20
-0.7144285001850221
 11
0.2237202702823566
 21
-0.6874285001849785
 72
     1
 10
0.2237202702823566
 20
-0.6874285001849785
 11
0.2285202702822886
 21
-0.6874285001849785
 72
     1
 10
0.2285202702822886
 20
-0.6874285001849785
 11
0.228520270282516
 21
-0.7192285001856362
 97
        1
330
43B
 75
     0
 76
     1
 98
        1
 10
182.568846635916
 20
-309.4252589128902
1001
ACAD
1010
0.0
1020
0.0
1030
0.0
  0
LWPOLYLINE
  5
43B
102
{ACAD_REACTORS
330
43A
102
}
330
433
100
AcDbEntity
  8
0
 62
   253
100
AcDbPolyline
 90
        7
 70
     1
 43
0.0
 10
0.22852
 20
-0.719229
 10
0.19672
 20
-0.719229
 10
0.19672
 20
-0.714429
 10
0.22372
 20
-0.714429
 10
0.22372
 20
-0.687429
 10
0.22852
 20
-0.687429
 10
0.22852
 20
-0.719229
  0
HATCH
  5
43C
330
433
100
AcDbEntity
  8
0
 62
     7
100
AcDbHatch
 10
0.0
 20
0.0
 30
0.0
210
0.0
220
0.0
230
1.0
  2
SOLID
 70
     1
 71
     1
 91
        1
 92
        1
 93
        4
 72
     1
 10
0.2156042702823839
 20
-0.7144285001850221
 11
0.2156042702823839
 21
-0.6890285001854863
 72
     1
 10
0.2156042702823839
 20
-0.6890285001854863
 11
0.212424270282682
 21
-0.6890285001854863
 72
     1
 10
0.212424270282682
 20
-0.6890285001854863
 11
0.212424270282682
 21
-0.7144285001850221
 72
     1
 10
0.212424270282682
 20
-0.7144285001850221
 11
0.2156042702823839
 21
-0.7144285001850221
 97
        1
330
43D
 75
     0
 76
     1
 98
        1
 10
182.568846635916
 20
-309.4252589128902
1001
ACAD
1010
0.0
1020
0.0
1030
0.0
  0
LWPOLYLINE
  5
43D
102
{ACAD_REACTORS
330
43C
102
}
330
433
100
AcDbEntity
  8
0
 62
   253
100
AcDbPolyline
 90
        5
 70
     1
 43
0.0
 10
0.215604
 20
-0.714429
 10
0.215604
 20
-0.689029
 10
0.212424
 20
-0.689029
 10
0.212424
 20
-0.714429
 10
0.215604
 20
-0.714429
  0
LWPOLYLINE
  5
43E
330
433
100
AcDbEntity
  8
VI - 4
  6
HIDDEN2
 62
   253
100
AcDbPolyline
 90
        4
 70
     1
 43
0.0
 10
0.18006
 20
2.280767
 10
0.18006
 20
-0.719233
 10
0.25006
 20
-0.719233
 10
0.25006
 20
2.280767
  0
INSERT
  5
43F
330
433
100
AcDbEntity
  8
VI - 4
100
AcDbBlockReference
  2
malla_shullman_planta
 10
0.223604
 20
-0.69836
 30
0.0
 41
-0.999733
 42
0.999733
 43
0.999733
 50
90.0
  0
INSERT
  5
445
330
433
100
AcDbEntity
  8
VI - 4
100
AcDbBlockReference
  2
malla_shullman_planta
 10
0.223604
 20
-0.598386
 30
0.0
 41
-0.999733
 42
0.999733
 43
0.999733
 50
90.0
  0
INSERT
  5
446
330
433
100
AcDbEntity
  8
VI - 4
100
AcDbBlockReference
  2
malla_shullman_planta
 10
0.223604
 20
-0.498413
 30
0.0
 41
-0.999733
 42
0.999733
 43
0.999733
 50
90.0
  0
INSERT
  5
447
330
433
100
AcDbEntity
  8
VI - 4
100
AcDbBlockReference
  2
malla_shullman_planta
 10
0.223604
 20
-0.623419
 30
0.0
 41
-0.999733
 42
0.999733
 43
0.999733
 50
90.0
  0
INSERT
  5
448
330
433
100
AcDbEntity
  8
VI - 4
100
AcDbBlockReference
  2
malla_shullman_planta
 10
0.223604
 20
-0.523446
 30
0.0
 41
-0.999733
 42
0.999733
 43
0.999733
 50
90.0
  0
INSERT
  5
449
330
433
100
AcDbEntity
  8
VI - 4
100
AcDbBlockReference
  2
malla_shullman_planta
 10
0.223604
 20
-0.423473
 30
0.0
 41
-0.999733
 42
0.999733
 43
0.999733
 50
90.0
  0
INSERT
  5
44A
330
433
100
AcDbEntity
  8
VI - 4
100
AcDbBlockReference
  2
malla_shullman_planta
 10
0.223604
 20
-0.323499
 30
0.0
 41
-0.999733
 42
0.999733
 43
0.999733
 50
90.0
  0
INSERT
  5
44B
330
433
100
AcDbEntity
  8
VI - 4
100
AcDbBlockReference
  2
malla_shullman_planta
 10
0.223604
 20
-0.223526
 30
0.0
 41
-0.999733
 42
0.999733
 43
0.999733
 50
90.0
  0
INSERT
  5
44C
330
433
100
AcDbEntity
  8
VI - 4
100
AcDbBlockReference
  2
malla_shullman_planta
 10
0.223604
 20
-0.123553
 30
0.0
 41
-0.999733
 42
0.999733
 43
0.999733
 50
90.0
  0
INSERT
  5
44D
330
433
100
AcDbEntity
  8
VI - 4
100
AcDbBlockReference
  2
malla_shullman_planta
 10
0.223604
 20
-0.023579
 30
0.0
 41
-0.999733
 42
0.999733
 43
0.999733
 50
90.0
  0
INSERT
  5
44E
330
433
100
AcDbEntity
  8
VI - 4
100
AcDbBlockReference
  2
malla_shullman_planta
 10
0.223604
 20
0.076394
 30
0.0
 41
-0.999733
 42
0.999733
 43
0.999733
 50
90.0
  0
INSERT
  5
44F
330
433
100
AcDbEntity
  8
VI - 4
100
AcDbBlockReference
  2
malla_shullman_planta
 10
0.223604
 20
0.176367
 30
0.0
 41
-0.999733
 42
0.999733
 43
0.999733
 50
90.0
  0
INSERT
  5
450
330
433
100
AcDbEntity
  8
VI - 4
100
AcDbBlockReference
  2
malla_shullman_planta
 10
0.223604
 20
2.076341
 30
0.0
 41
-0.999733
 42
0.999733
 43
0.999733
 50
90.0
  0
INSERT
  5
451
330
433
100
AcDbEntity
  8
VI - 4
100
AcDbBlockReference
  2
malla_shullman_planta
 10
0.223604
 20
2.176314
 30
0.0
 41
-0.999733
 42
0.999733
 43
0.999733
 50
90.0
  0
INSERT
  5
452
330
433
100
AcDbEntity
  8
0
100
AcDbBlockReference
  2
tubo_100x100
 10
0.150818
 20
0.15
 30
0.0
 41
1.0
 42
1.0
 43
1.0
 50
90.0
  0
INSERT
  5
469
330
433
100
AcDbEntity
  8
VI - 4
100
AcDbBlockReference
  2
malla_shullman_planta
 10
0.223604
 20
0.276341
 30
0.0
 41
-0.999733
 42
0.999733
 43
0.999733
 50
90.0
  0
INSERT
  5
46A
330
433
100
AcDbEntity
  8
VI - 4
100
AcDbBlockReference
  2
malla_shullman_planta
 10
0.223604
 20
0.376314
 30
0.0
 41
-0.999733
 42
0.999733
 43
0.999733
 50
90.0
  0
INSERT
  5
46B
330
433
100
AcDbEntity
  8
VI - 4
100
AcDbBlockReference
  2
malla_shullman_planta
 10
0.223604
 20
0.476287
 30
0.0
 41
-0.999733
 42
0.999733
 43
0.999733
 50
90.0
  0
INSERT
  5
46C
330
433
100
AcDbEntity
  8
VI - 4
100
AcDbBlockReference
  2
malla_shullman_planta
 10
0.223604
 20
0.576261
 30
0.0
 41
-0.999733
 42
0.999733
 43
0.999733
 50
90.0
  0
INSERT
  5
46D
330
433
100
AcDbEntity
  8
VI - 4
100
AcDbBlockReference
  2
malla_shullman_planta
 10
0.223604
 20
0.676234
 30
0.0
 41
-0.999733
 42
0.999733
 43
0.999733
 50
90.0
  0
INSERT
  5
46E
330
433
100
AcDbEntity
  8
VI - 4
100
AcDbBlockReference
  2
malla_shullman_planta
 10
0.223604
 20
0.776207
 30
0.0
 41
-0.999733
 42
0.999733
 43
0.999733
 50
90.0
  0
INSERT
  5
46F
330
433
100
AcDbEntity
  8
VI - 4
100
AcDbBlockReference
  2
malla_shullman_planta
 10
0.223604
 20
0.876181
 30
0.0
 41
-0.999733
 42
0.999733
 43
0.999733
 50
90.0
  0
INSERT
  5
470
330
433
100
AcDbEntity
  8
VI - 4
100
AcDbBlockReference
  2
malla_shullman_planta
 10
0.223604
 20
0.976154
 30
0.0
 41
-0.999733
 42
0.999733
 43
0.999733
 50
90.0
  0
INSERT
  5
471
330
433
100
AcDbEntity
  8
VI - 4
100
AcDbBlockReference
  2
malla_shullman_planta
 10
0.223604
 20
1.076127
 30
0.0
 41
-0.999733
 42
0.999733
 43
0.999733
 50
90.0
  0
INSERT
  5
472
330
433
100
AcDbEntity
  8
VI - 4
100
AcDbBlockReference
  2
malla_shullman_planta
 10
0.223604
 20
1.176101
 30
0.0
 41
-0.999733
 42
0.999733
 43
0.999733
 50
90.0
  0
INSERT
  5
473
330
433
100
AcDbEntity
  8
VI - 4
100
AcDbBlockReference
  2
malla_shullman_planta
 10
0.223604
 20
1.276074
 30
0.0
 41
-0.999733
 42
0.999733
 43
0.999733
 50
90.0
  0
INSERT
  5
474
330
433
100
AcDbEntity
  8
VI - 4
100
AcDbBlockReference
  2
malla_shullman_planta
 10
0.223604
 20
1.376047
 30
0.0
 41
-0.999733
 42
0.999733
 43
0.999733
 50
90.0
  0
INSERT
  5
475
330
433
100
AcDbEntity
  8
VI - 4
100
AcDbBlockReference
  2
malla_shullman_planta
 10
0.223604
 20
1.476021
 30
0.0
 41
-0.999733
 42
0.999733
 43
0.999733
 50
90.0
  0
INSERT
  5
476
330
433
100
AcDbEntity
  8
VI - 4
100
AcDbBlockReference
  2
malla_shullman_planta
 10
0.223604
 20
1.575994
 30
0.0
 41
-0.999733
 42
0.999733
 43
0.999733
 50
90.0
  0
INSERT
  5
477
330
433
100
AcDbEntity
  8
VI - 4
100
AcDbBlockReference
  2
malla_shullman_planta
 10
0.223604
 20
1.675967
 30
0.0
 41
-0.999733
 42
0.999733
 43
0.999733
 50
90.0
  0
INSERT
  5
478
330
433
100
AcDbEntity
  8
VI - 4
100
AcDbBlockReference
  2
malla_shullman_planta
 10
0.223604
 20
1.775941
 30
0.0
 41
-0.999733
 42
0.999733
 43
0.999733
 50
90.0
  0
INSERT
  5
479
330
433
100
AcDbEntity
  8
VI - 4
100
AcDbBlockReference
  2
malla_shullman_planta
 10
0.223604
 20
1.875914
 30
0.0
 41
-0.999733
 42
0.999733
 43
0.999733
 50
90.0
  0
INSERT
  5
47A
330
433
100
AcDbEntity
  8
VI - 4
100
AcDbBlockReference
  2
malla_shullman_planta
 10
0.223604
 20
1.975887
 30
0.0
 41
-0.999733
 42
0.999733
 43
0.999733
 50
90.0
  0
ENDBLK
  5
47B
330
433
100
AcDbEntity
  8
0
 62
     0
100
AcDbBlockEnd
  0
BLOCK
  5
441
330
440
100
AcDbEntity
  8
0
100
AcDbBlockBegin
  2
malla_shullman_planta
 70
     0
 10
0.0
 20
0.0
 30
0.0
  3
malla_shullman_planta
  1
malla_shullman_planta
  0
LWPOLYLINE
  5
442
330
440
100
AcDbEntity
  8
HER - Tubo 70X70
 62
   253
100
AcDbPolyline
 90
        5
 70
     0
 43
0.0
 10
-0.1
 20
0.0
 10
0.0
 20
0.003
 10
0.0
 20
0.008
 10
-0.1
 20
0.005
 10
-0.1
 20
0.0
  0
LWPOLYLINE
  5
443
330
440
100
AcDbEntity
  8
HER - Tubo 70X70
 62
   253
100
AcDbPolyline
 90
        5
 70
     0
 43
0.0
 10
0.0
 20
0.0
 10
-0.1
 20
0.003
 10
-0.1
 20
0.008
 10
0.0
 20
0.005
 10
0.0
 20
0.0
  0
ENDBLK
  5
444
330
440
100
AcDbEntity
  8
0
100
AcDbBlockEnd
  0
BLOCK
  5
456
330
453
100
AcDbEntity
  8
0
100
AcDbBlockBegin
  2
tubo_100x100
 70
     0
 10
0.0
 20
0.0
 30
0.0
  3
tubo_100x100
  1
tubo_100x100
  0
LWPOLYLINE
  5
457
330
453
100
AcDbEntity
  8
HER - Tubo 70X70
100
AcDbPolyline
 90
        4
 70
     1
 43
0.0
 10
-0.1479
 20
0.052918
 10
-0.1479
 20
0.148718
 10
-0.0521
 20
0.148718
 10
-0.0521
 20
0.052918
  0
LWPOLYLINE
  5
458
330
453
100
AcDbEntity
  8
VP - Gral
100
AcDbPolyline
 90
        8
 70
     1
 43
0.0
 10
-0.024546
 20
0.184117
 10
-0.024546
 20
0.189292
 10
-0.020905
 20
0.192964
 10
-0.015737
 20
0.192964
 10
-0.012088
 20
0.1893
 10
-0.012088
 20
0.184123
 10
-0.015722
 20
0.180444
 10
-0.020889
 20
0.180444
  0
LWPOLYLINE
  5
459
330
453
100
AcDbEntity
  8
VP - Gral
100
AcDbPolyline
 90
        8
 70
     1
 43
0.0
 10
-0.024546
 20
0.184117
 10
-0.024546
 20
0.189292
 10
-0.020905
 20
0.192964
 10
-0.015737
 20
0.192964
 10
-0.012088
 20
0.1893
 10
-0.012088
 20
0.184123
 10
-0.015722
 20
0.180444
 10
-0.020889
 20
0.180444
  0
REGION
  5
45A
330
453
100
AcDbEntity
  8
0
 62
   252
100
AcDbModelerGeometry
290
     1
  2
{E49CA310-F804-9B42-BAF5-381D6C23E51F}
  0
LWPOLYLINE
  5
45B
330
453
100
AcDbEntity
  8
REV - P1-Muro oficina a demoler
100
AcDbPolyline
 90
        2
 70
     0
 43
0.0
 10
0.0
 20
0.200818
 10
-0.2
 20
0.200818
  0
LWPOLYLINE
  5
45C
330
453
100
AcDbEntity
  8
0
 62
     1
100
AcDbPolyline
 90
        4
 70
     1
 43
0.0
 10
0.0
 20
0.0
 10
-0.2
 20
0.0
 10
-0.2
 20
0.200818
 10
0.0
 20
0.200818
  0
LWPOLYLINE
  5
45D
330
453
100
AcDbEntity
  8
VP - Gral
100
AcDbPolyline
 90
        8
 70
     1
 43
0.0
 10
-0.175454
 20
0.184117
 10
-0.175454
 20
0.189292
 10
-0.179095
 20
0.192964
 10
-0.184263
 20
0.192964
 10
-0.187912
 20
0.1893
 10
-0.187912
 20
0.184123
 10
-0.184278
 20
0.180444
 10
-0.179111
 20
0.180444
  0
LWPOLYLINE
  5
45E
330
453
100
AcDbEntity
  8
VP - Gral
100
AcDbPolyline
 90
        8
 70
     1
 43
0.0
 10
-0.175454
 20
0.184117
 10
-0.175454
 20
0.189292
 10
-0.179095
 20
0.192964
 10
-0.184263
 20
0.192964
 10
-0.187912
 20
0.1893
 10
-0.187912
 20
0.184123
 10
-0.184278
 20
0.180444
 10
-0.179111
 20
0.180444
  0
REGION
  5
45F
330
453
100
AcDbEntity
  8
0
 62
   252
100
AcDbModelerGeometry
290
     1
  2
{7F6BE41D-F6ED-7240-A730-FF16064ECB7E}
  0
LWPOLYLINE
  5
460
330
453
100
AcDbEntity
  8
VP - Gral
100
AcDbPolyline
 90
        8
 70
     1
 43
0.0
 10
-0.024546
 20
0.017519
 10
-0.024546
 20
0.012344
 10
-0.020905
 20
0.008672
 10
-0.015737
 20
0.008672
 10
-0.012088
 20
0.012336
 10
-0.012088
 20
0.017513
 10
-0.015722
 20
0.021192
 10
-0.020889
 20
0.021192
  0
LWPOLYLINE
  5
461
330
453
100
AcDbEntity
  8
VP - Gral
100
AcDbPolyline
 90
        8
 70
     1
 43
0.0
 10
-0.024546
 20
0.017519
 10
-0.024546
 20
0.012344
 10
-0.020905
 20
0.008672
 10
-0.015737
 20
0.008672
 10
-0.012088
 20
0.012336
 10
-0.012088
 20
0.017513
 10
-0.015722
 20
0.021192
 10
-0.020889
 20
0.021192
  0
REGION
  5
462
330
453
100
AcDbEntity
  8
0
 62
   252
100
AcDbModelerGeometry
290
     1
  2
{1C1E19C3-5F32-0B4C-8FA7-92EEEB48A102}
  0
LWPOLYLINE
  5
463
330
453
100
AcDbEntity
  8
VP - Gral
100
AcDbPolyline
 90
        8
 70
     1
 43
0.0
 10
-0.175454
 20
0.017519
 10
-0.175454
 20
0.012344
 10
-0.179095
 20
0.008672
 10
-0.184263
 20
0.008672
 10
-0.187912
 20
0.012336
 10
-0.187912
 20
0.017513
 10
-0.184278
 20
0.021192
 10
-0.179111
 20
0.021192
  0
LWPOLYLINE
  5
464
330
453
100
AcDbEntity
  8
VP - Gral
100
AcDbPolyline
 90
        8
 70
     1
 43
0.0
 10
-0.175454
 20
0.017519
 10
-0.175454
 20
0.012344
 10
-0.179095
 20
0.008672
 10
-0.184263
 20
0.008672
 10
-0.187912
 20
0.012336
 10
-0.187912
 20
0.017513
 10
-0.184278
 20
0.021192
 10
-0.179111
 20
0.021192
  0
REGION
  5
465
330
453
100
AcDbEntity
  8
0
 62
   252
100
AcDbModelerGeometry
290
     1
  2
{7D76A330-7DD3-C944-B8CA-D9538A72740B}
  0
LWPOLYLINE
  5
466
330
453
100
AcDbEntity
  8
0
 62
     1
100
AcDbPolyline
 90
        4
 70
     1
 43
0.0
 10
-0.05
 20
0.150818
 10
-0.15
 20
0.150818
 10
-0.15
 20
0.050818
 10
-0.05
 20
0.050818
  0
HATCH
  5
467
330
453
100
AcDbEntity
  8
HER - Rejas - Malla 1x1
100
AcDbHatch
 10
0.0
 20
0.0
 30
0.0
210
0.0
220
0.0
230
1.0
  2
SOLID
 70
     1
 71
     0
 91
        2
 92
        7
 72
     0
 73
     1
 93
        4
 10
-0.0499999999960892
 20
0.1508179375784948
 10
-0.1499999999959982
 20
0.1508179375784948
 10
-0.1499999999959982
 20
0.0508179375785858
 10
-0.0499999999960892
 20
0.0508179375785858
 97
        0
 92
       22
 72
     0
 73
     1
 93
        4
 10
-0.0520999999962442
 20
0.0529179375787407
 10
-0.0520999999962442
 20
0.1487179375785672
 10
-0.147899999996298
 20
0.1487179375785672
 10
-0.147899999996298
 20
0.0529179375787407
 97
        0
 75
     1
 76
     1
 47
0.000154
 98
        2
 10
-0.0551770554875475
 20
0.1498779810251563
 10
-0.0551770554875475
 20
0.1498779810251563
1001
GradientColor1ACI
1070
     5
1001
GradientColor2ACI
1070
     2
1001
ACAD
1010
0.0
1020
0.0
1030
0.0
  0
ENDBLK
  5
468
330
453
100
AcDbEntity
  8
0
100
AcDbBlockEnd
  0
BLOCK
  5
47E
330
47D
100
AcDbEntity
  8
0
100
AcDbBlockBegin
  2
Rack 2300mm
 70
     0
 10
0.0
 20
0.0
 30
0.0
  3
Rack 2300mm
  1
Rack 2300mm
  0
LWPOLYLINE
  5
47F
330
47D
100
AcDbEntity
  8
ALM - Rack de Pallet - Bastidores
100
AcDbPolyline
 90
        4
 70
     1
 43
0.0
 10
301.615613
 20
46.285237
 10
301.615613
 20
46.385237
 10
302.615613
 20
46.385237
 10
302.615613
 20
46.285237
  0
LWPOLYLINE
  5
480
330
47D
100
AcDbEntity
  8
ALM - Rack de Pallet - Largueros
100
AcDbPolyline
 90
        4
 70
     1
 43
0.0
 10
302.565613
 20
43.985237
 10
302.565613
 20
46.285237
 10
302.615613
 20
46.285237
 10
302.615613
 20
43.985237
  0
LWPOLYLINE
  5
481
330
47D
100
AcDbEntity
  8
ALM - Rack de Pallet - Bastidores
100
AcDbPolyline
 90
        4
 70
     1
 43
0.0
 10
301.615613
 20
43.885237
 10
301.615613
 20
43.985237
 10
302.615613
 20
43.985237
 10
302.615613
 20
43.885237
  0
LWPOLYLINE
  5
482
330
47D
100
AcDbEntity
  8
ALM - Rack de Pallet - Largueros
100
AcDbPolyline
 90
        4
 70
     1
 43
0.0
 10
301.615613
 20
43.985237
 10
301.615613
 20
46.285237
 10
301.665613
 20
46.285237
 10
301.665613
 20
43.985237
  0
INSERT
  5
483
330
47D
100
AcDbEntity
  8
EQ - Pallets
100
AcDbBlockReference
  2
A$C0D016993
 10
302.715613
 20
46.185237
 30
0.0
 41
-1.0
 50
90.0
  0
INSERT
  5
48C
330
47D
100
AcDbEntity
  8
EQ - Pallets
100
AcDbBlockReference
  2
A$C0D016993
 10
302.715613
 20
44.085237
 30
0.0
 50
90.0
  0
LWPOLYLINE
  5
48D
330
47D
100
AcDbEntity
  8
ALM - Rack de Pallet - Puntera
100
AcDbPolyline
 90
        5
 70
     0
 43
0.02
 10
302.54351
 20
44.015237
 10
302.61422
 20
44.015237
 10
302.64351
 20
43.935237
 10
302.61422
 20
43.855237
 10
302.54351
 20
43.855237
  0
LWPOLYLINE
  5
48E
330
47D
100
AcDbEntity
  8
ALM - Rack de Pallet - Puntera
100
AcDbPolyline
 90
        5
 70
     0
 43
0.02
 10
302.54351
 20
46.415237
 10
302.61422
 20
46.415237
 10
302.64351
 20
46.335237
 10
302.61422
 20
46.255237
 10
302.54351
 20
46.255237
  0
ENDBLK
  5
48F
330
47D
100
AcDbEntity
  8
0
100
AcDbBlockEnd
  0
BLOCK
  5
487
330
484
100
AcDbEntity
  8
0
100
AcDbBlockBegin
  2
A$C0D016993
 70
     0
 10
0.0
 20
0.0
 30
0.0
  3
A$C0D016993
  1
A$C0D016993
  0
LWPOLYLINE
  5
488
330
484
100
AcDbEntity
  8
0
  6
DASHED
100
AcDbPolyline
 90
        5
 70
     0
 43
0.0
 10
0.0
 20
1.2
 10
1.0
 20
1.2
 10
1.0
 20
0.0
 10
0.0
 20
0.0
 10
0.0
 20
1.2
  0
LWPOLYLINE
  5
489
330
484
100
AcDbEntity
  8
0
  6
DASHED
100
AcDbPolyline
 90
        2
 70
     0
 43
0.0
 10
0.0
 20
1.2
 10
1.0
 20
0.0
  0
LWPOLYLINE
  5
48A
330
484
100
AcDbEntity
  8
0
  6
DASHED
100
AcDbPolyline
 90
        2
 70
     0
 43
0.0
 10
1.0
 20
1.2
 10
0.0
 20
0.0
  0
ENDBLK
  5
48B
330
484
100
AcDbEntity
  8
0
100
AcDbBlockEnd
  0
BLOCK
  5
4A9
330
4A8
100
AcDbEntity
  8
0
100
AcDbBlockBegin
  2
OFT-MESA DE TRABAJO
 70
     0
 10
0.0
 20
0.0
 30
0.0
  3
OFT-MESA DE TRABAJO
  1
OFT-MESA DE TRABAJO
  0
LWPOLYLINE
  5
4AA
330
4A8
100
AcDbEntity
  8
EQ - Mobiliario
100
AcDbPolyline
 90
        4
 70
     1
 43
0.0
 10
665.253142
 20
118.085738
 10
667.053142
 20
118.085738
 10
667.053142
 20
118.965738
 10
665.253142
 20
118.965738
  0
LWPOLYLINE
  5
4AB
330
4A8
100
AcDbEntity
  8
EQ - Mobiliario
100
AcDbPolyline
 90
        4
 70
     0
 43
0.0
 10
667.028142
 20
118.085738
 10
667.028142
 20
118.940738
 10
665.278142
 20
118.940738
 10
665.278142
 20
118.085738
  0
MTEXT
  5
4AC
330
4A8
100
AcDbEntity
  8
EQ - Mobiliario
100
AcDbMText
 10
665.662421
 20
118.704204
 30
0.0
 40
0.1125
 41
1.410083
 46
0.248329
 71
     1
 72
     1
  1
Mesa trabajo\Ph=0,90
  7
OpenGostTypeA-Regular
 73
     2
 44
1.0
1001
ACAD
1000
ACAD_MTEXT_DEFINED_HEIGHT_BEGIN
1070
    46
1040
0.248329
1000
ACAD_MTEXT_DEFINED_HEIGHT_END
  0
ENDBLK
  5
4AD
330
4A8
100
AcDbEntity
  8
0
100
AcDbBlockEnd
  0
BLOCK
  5
4B2
330
4AF
100
AcDbEntity
  8
0
100
AcDbBlockBegin
  2
IRI-OCASA-Layout R 9$1$OCA_SILLA
 70
     0
 10
0.0
 20
0.0
 30
0.0
  3
IRI-OCASA-Layout R 9$1$OCA_SILLA
  1
IRI-OCASA-Layout R 9$1$OCA_SILLA
  0
LINE
  5
4B3
330
4AF
100
AcDbEntity
  8
0
  6
Continuous
100
AcDbLine
 10
0.5523
 20
0.4483
 30
0.0
 11
0.5523
 21
0.05
 31
0.0
  0
LINE
  5
4B4
330
4AF
100
AcDbEntity
  8
0
  6
Continuous
100
AcDbLine
 10
0.5023
 20
0.0
 30
0.0
 11
0.1049
 21
0.0
 31
0.0
  0
LINE
  5
4B5
330
4AF
100
AcDbEntity
  8
0
  6
Continuous
100
AcDbLine
 10
0.0549
 20
0.05
 30
0.0
 11
0.0549
 21
0.4483
 31
0.0
  0
LINE
  5
4B6
330
4AF
100
AcDbEntity
  8
0
  6
Continuous
100
AcDbLine
 10
0.1049
 20
0.4983
 30
0.0
 11
0.5023
 21
0.4983
 31
0.0
  0
ARC
  5
4B7
330
4AF
100
AcDbEntity
  8
0
  6
Continuous
100
AcDbCircle
 10
0.1049
 20
0.05
 30
0.0
 40
0.05
100
AcDbArc
 50
180.0
 51
270.0
  0
ARC
  5
4B8
330
4AF
100
AcDbEntity
  8
0
  6
Continuous
100
AcDbCircle
 10
0.1049
 20
0.4483
 30
0.0
 40
0.05
100
AcDbArc
 50
90.0
 51
180.0
  0
ARC
  5
4B9
330
4AF
100
AcDbEntity
  8
0
  6
Continuous
100
AcDbCircle
 10
0.5023
 20
0.4483
 30
0.0
 40
0.05
100
AcDbArc
 50
0.0
 51
90.0
  0
ARC
  5
4BA
330
4AF
100
AcDbEntity
  8
0
  6
Continuous
100
AcDbCircle
 10
0.5023
 20
0.05
 30
0.0
 40
0.05
100
AcDbArc
 50
270.0
 51
0.0
  0
LWPOLYLINE
  5
4BB
330
4AF
100
AcDbEntity
  8
0
  6
Continuous
100
AcDbPolyline
 90
        4
 70
     1
 43
0.0
 10
0.0
 20
0.1087
 10
0.0
 20
0.3889
 10
0.0427
 20
0.3889
 10
0.0427
 20
0.1087
  0
LWPOLYLINE
  5
4BC
330
4AF
100
AcDbEntity
  8
0
  6
Continuous
100
AcDbPolyline
 90
        4
 70
     1
 43
0.0
 10
0.1681
 20
0.0207
 10
0.1681
 20
0.0394
 10
0.4749
 20
0.0394
 10
0.4749
 20
0.0207
  0
LWPOLYLINE
  5
4BD
330
4AF
100
AcDbEntity
  8
0
  6
Continuous
100
AcDbPolyline
 90
        4
 70
     1
 43
0.0
 10
0.1654
 20
0.4663
 10
0.1654
 20
0.4876
 10
0.4749
 20
0.4876
 10
0.4749
 20
0.4663
  0
ENDBLK
  5
4BE
330
4AF
100
AcDbEntity
  8
0
100
AcDbBlockEnd
  0
BLOCK
  5
4CC
330
4C9
100
AcDbEntity
  8
0
370
    -3
100
AcDbBlockBegin
  2
IRI-OCASA-Layout R 9$0$OCA_PALLET
 70
     0
 10
0.0
 20
0.0
 30
0.0
  3
IRI-OCASA-Layout R 9$0$OCA_PALLET
  1
IRI-OCASA-Layout R 9$0$OCA_PALLET
  0
LWPOLYLINE
  5
4CD
330
4C9
100
AcDbEntity
  8
0
100
AcDbPolyline
 90
        4
 70
     1
 43
0.0
 10
414.447193
 20
97.067423
 10
415.447193
 20
97.067423
 10
415.447193
 20
95.867423
 10
414.447193
 20
95.867423
  0
LINE
  5
4CE
330
4C9
100
AcDbEntity
  8
0
100
AcDbLine
 10
414.447193
 20
97.067423
 30
0.0
 11
415.447193
 21
95.867423
 31
0.0
  0
LINE
  5
4CF
330
4C9
100
AcDbEntity
  8
0
100
AcDbLine
 10
415.447193
 20
97.067423
 30
0.0
 11
414.447193
 21
95.867423
 31
0.0
  0
ENDBLK
  5
4D0
330
4C9
100
AcDbEntity
  8
0
370
    -3
100
AcDbBlockEnd
  0
BLOCK
  5
4D6
330
4D3
100
AcDbEntity
  8
0
100
AcDbBlockBegin
  2
columna_80x80
 70
     0
 10
0.0
 20
0.0
 30
0.0
  3
columna_80x80
  1
columna_80x80
  0
LWPOLYLINE
  5
4D7
330
4D3
100
AcDbEntity
  8
HER - Rejas - Malla 1x1
100
AcDbPolyline
 90
        4
 70
     1
 43
0.0
 10
0.005
 20
-0.005
 10
0.005
 20
0.075
 10
-0.075
 20
0.075
 10
-0.075
 20
-0.005
  0
HATCH
  5
4D8
330
4D3
100
AcDbEntity
  8
HER - Rejas - Malla 1x1
 62
   252
100
AcDbHatch
 10
0.0
 20
0.0
 30
0.0
210
0.0
220
0.0
230
1.0
  2
SOLID
 70
     1
 71
     0
 91
        2
 92
        7
 72
     0
 73
     1
 93
        4
 10
-0.0749999999999318
 20
-0.0049999999999741
 10
0.0049999999999955
 20
-0.0049999999999173
 10
0.0049999999999955
 20
0.0750000000001165
 10
-0.0749999999999318
 20
0.0750000000000597
 97
        0
 92
       22
 72
     0
 73
     1
 93
        4
 10
-0.0729000000000042
 20
-0.002899999999876
 10
-0.0729000000000042
 20
0.0729000000003595
 10
0.0029000000000678
 20
0.0729000000001321
 10
0.0029000000000678
 20
-0.0029000000001034
 97
        0
 75
     1
 76
     1
 47
0.000154
 98
        2
 10
-0.0740600434465932
 20
-0.0298229445083962
 10
-0.0740600434465932
 20
-0.0298229445083962
1001
GradientColor1ACI
1070
     5
1001
GradientColor2ACI
1070
     2
1001
ACAD
1010
0.0
1020
0.0
1030
0.0
  0
LWPOLYLINE
  5
4D9
330
4D3
100
AcDbEntity
  8
HER - Tubo 70X70
100
AcDbPolyline
 90
        4
 70
     1
 43
0.0
 10
0.0029
 20
0.0729
 10
-0.0729
 20
0.0729
 10
-0.0729
 20
-0.0029
 10
0.0029
 20
-0.0029
  0
LWPOLYLINE
  5
4DA
330
4D3
100
AcDbEntity
  8
0
 62
     1
100
AcDbPolyline
 90
        4
 70
     1
 43
0.0
 10
-0.075
 20
-0.005
 10
-0.075
 20
0.075
 10
0.005
 20
0.075
 10
0.005
 20
-0.005
  0
LWPOLYLINE
  5
4DB
330
4D3
100
AcDbEntity
  8
RF - TX - Rótulo
100
AcDbPolyline
 90
        4
 70
     1
 43
0.0
 10
-0.075
 20
0.075
 10
0.005
 20
0.075
 10
0.005
 20
-0.005
 10
-0.075
 20
-0.005
  0
LWPOLYLINE
  5
4DC
330
4D3
100
AcDbEntity
  8
0
 62
   254
100
AcDbPolyline
 90
        8
 70
     1
 43
0.0
 10
-0.086729
 20
0.082202
 10
-0.091904
 20
0.082202
 10
-0.095577
 20
0.085843
 10
-0.095577
 20
0.091011
 10
-0.091912
 20
0.09466
 10
-0.086736
 20
0.09466
 10
-0.083056
 20
0.091026
 10
-0.083056
 20
0.085859
  0
LWPOLYLINE
  5
4DD
330
4D3
100
AcDbEntity
  8
0
 62
   254
100
AcDbPolyline
 90
        8
 70
     1
 43
0.0
 10
-0.086729
 20
0.082202
 10
-0.091904
 20
0.082202
 10
-0.095577
 20
0.085843
 10
-0.095577
 20
0.091011
 10
-0.091912
 20
0.09466
 10
-0.086736
 20
0.09466
 10
-0.083056
 20
0.091026
 10
-0.083056
 20
0.085859
  0
REGION
  5
4DE
330
4D3
100
AcDbEntity
  8
0
 62
   254
100
AcDbModelerGeometry
290
     1
  2
{634F4A42-E42A-F04C-8230-D2A16DCE05B0}
  0
LWPOLYLINE
  5
4DF
330
4D3
100
AcDbEntity
  8
RF - TX - Rótulo
100
AcDbPolyline
 90
        4
 70
     1
 43
0.0
 10
-0.105
 20
0.105
 10
0.035
 20
0.105
 10
0.035
 20
-0.035
 10
-0.105
 20
-0.035
  0
LWPOLYLINE
  5
4E0
330
4D3
100
AcDbEntity
  8
0
 62
   254
100
AcDbPolyline
 90
        8
 70
     1
 43
0.0
 10
0.016729
 20
0.082202
 10
0.021904
 20
0.082202
 10
0.025577
 20
0.085843
 10
0.025577
 20
0.091011
 10
0.021912
 20
0.09466
 10
0.016736
 20
0.09466
 10
0.013056
 20
0.091026
 10
0.013056
 20
0.085859
  0
LWPOLYLINE
  5
4E1
330
4D3
100
AcDbEntity
  8
0
 62
   254
100
AcDbPolyline
 90
        8
 70
     1
 43
0.0
 10
0.016729
 20
0.082202
 10
0.021904
 20
0.082202
 10
0.025577
 20
0.085843
 10
0.025577
 20
0.091011
 10
0.021912
 20
0.09466
 10
0.016736
 20
0.09466
 10
0.013056
 20
0.091026
 10
0.013056
 20
0.085859
  0
REGION
  5
4E2
330
4D3
100
AcDbEntity
  8
0
 62
   254
100
AcDbModelerGeometry
290
     1
  2
{889D9574-D675-0241-B09C-C36FB01D53C9}
  0
LWPOLYLINE
  5
4E3
330
4D3
100
AcDbEntity
  8
0
 62
   254
100
AcDbPolyline
 90
        8
 70
     1
 43
0.0
 10
-0.086729
 20
-0.012202
 10
-0.091904
 20
-0.012202
 10
-0.095577
 20
-0.015843
 10
-0.095577
 20
-0.021011
 10
-0.091912
 20
-0.02466
 10
-0.086736
 20
-0.02466
 10
-0.083056
 20
-0.021026
 10
-0.083056
 20
-0.015859
  0
LWPOLYLINE
  5
4E4
330
4D3
100
AcDbEntity
  8
0
 62
   254
100
AcDbPolyline
 90
        8
 70
     1
 43
0.0
 10
-0.086729
 20
-0.012202
 10
-0.091904
 20
-0.012202
 10
-0.095577
 20
-0.015843
 10
-0.095577
 20
-0.021011
 10
-0.091912
 20
-0.02466
 10
-0.086736
 20
-0.02466
 10
-0.083056
 20
-0.021026
 10
-0.083056
 20
-0.015859
  0
REGION
  5
4E5
330
4D3
100
AcDbEntity
  8
0
 62
   254
100
AcDbModelerGeometry
290
     1
  2
{204616AA-3672-8D45-B93C-5874E4B85495}
  0
LWPOLYLINE
  5
4E6
330
4D3
100
AcDbEntity
  8
0
 62
   254
100
AcDbPolyline
 90
        8
 70
     1
 43
0.0
 10
0.016729
 20
-0.012202
 10
0.021904
 20
-0.012202
 10
0.025577
 20
-0.015843
 10
0.025577
 20
-0.021011
 10
0.021912
 20
-0.02466
 10
0.016736
 20
-0.02466
 10
0.013056
 20
-0.021026
 10
0.013056
 20
-0.015859
  0
LWPOLYLINE
  5
4E7
330
4D3
100
AcDbEntity
  8
0
 62
   254
100
AcDbPolyline
 90
        8
 70
     1
 43
0.0
 10
0.016729
 20
-0.012202
 10
0.021904
 20
-0.012202
 10
0.025577
 20
-0.015843
 10
0.025577
 20
-0.021011
 10
0.021912
 20
-0.02466
 10
0.016736
 20
-0.02466
 10
0.013056
 20
-0.021026
 10
0.013056
 20
-0.015859
  0
REGION
  5
4E8
330
4D3
100
AcDbEntity
  8
0
 62
   254
100
AcDbModelerGeometry
290
     1
  2
{0A24FCF8-C949-C640-85A2-167873CF56BF}
  0
ENDBLK
  5
4E9
330
4D3
100
AcDbEntity
  8
0
100
AcDbBlockEnd
  0
BLOCK
  5
4F0
330
4ED
100
AcDbEntity
  8
0
100
AcDbBlockBegin
  2
HER - Paño fijo - Planta - 3.00
 70
     0
 10
0.0
 20
0.0
 30
0.0
  3
HER - Paño fijo - Planta - 3.00
  1
HER - Paño fijo - Planta - 3.00
  0
HATCH
  5
4F1
330
4ED
100
AcDbEntity
  8
0
 62
     7
100
AcDbHatch
 10
0.0
 20
0.0
 30
0.0
210
0.0
220
0.0
230
1.0
  2
SOLID
 70
     1
 71
     1
 91
        1
 92
        1
 93
        6
 72
     1
 10
3.1099999999999
 20
0.078354858361223
 11
3.1099999999999
 21
0.0465548583614748
 72
     1
 10
3.1099999999999
 20
0.0465548583614748
 11
3.105199999999286
 21
0.0465548583614748
 72
     1
 10
3.105199999999286
 20
0.0465548583614748
 11
3.105199999999286
 21
0.0735548583610637
 72
     1
 10
3.105199999999286
 20
0.0735548583610637
 11
3.078199999999242
 21
0.0735548583610637
 72
     1
 10
3.078199999999242
 20
0.0735548583610637
 11
3.078199999999242
 21
0.078354858361223
 72
     1
 10
3.078199999999242
 20
0.078354858361223
 11
3.1099999999999
 21
0.078354858361223
 97
        1
330
4F2
 75
     0
 76
     1
 98
        1
 10
311.8160304127043
 20
182.4186812239949
1001
ACAD
1010
0.0
1020
0.0
1030
0.0
  0
LWPOLYLINE
  5
4F2
102
{ACAD_REACTORS
330
4F1
102
}
330
4ED
100
AcDbEntity
  8
0
 62
   253
100
AcDbPolyline
 90
        7
 70
     1
 43
0.0
 10
3.11
 20
0.078355
 10
3.11
 20
0.046555
 10
3.1052
 20
0.046555
 10
3.1052
 20
0.073555
 10
3.0782
 20
0.073555
 10
3.0782
 20
0.078355
 10
3.11
 20
0.078355
  0
HATCH
  5
4F3
330
4ED
100
AcDbEntity
  8
0
 62
     7
100
AcDbHatch
 10
0.0
 20
0.0
 30
0.0
210
0.0
220
0.0
230
1.0
  2
SOLID
 70
     1
 71
     0
 91
        1
 92
        1
 93
        4
 72
     1
 10
3.105199999999286
 20
0.065438858361091
 11
3.07979999999975
 21
0.065438858361091
 72
     1
 10
3.07979999999975
 20
0.065438858361091
 11
3.07979999999975
 21
0.062258858361389
 72
     1
 10
3.07979999999975
 20
0.062258858361389
 11
3.105199999999286
 21
0.062258858361389
 72
     1
 10
3.105199999999286
 20
0.062258858361389
 11
3.105199999999286
 21
0.065438858361091
 97
        0
 75
     0
 76
     1
 98
        1
 10
311.8160304127043
 20
182.4186812239949
1001
ACAD
1010
0.0
1020
0.0
1030
0.0
  0
LWPOLYLINE
  5
4F4
330
4ED
100
AcDbEntity
  8
0
 62
   253
100
AcDbPolyline
 90
        5
 70
     1
 43
0.0
 10
1.580331
 20
0.065439
 10
1.554931
 20
0.065439
 10
1.554931
 20
0.062259
 10
1.580331
 20
0.062259
 10
1.580331
 20
0.065439
  0
INSERT
  5
4F5
330
4ED
100
AcDbEntity
  8
VI - 4
100
AcDbBlockReference
  2
malla_shullman_planta
 10
0.10584
 20
0.073143
 30
0.0
 41
0.999733
 42
0.999733
 43
0.999733
 50
180.0
  0
INSERT
  5
4F6
330
4ED
100
AcDbEntity
  8
VI - 4
100
AcDbBlockReference
  2
malla_shullman_planta
 10
0.205813
 20
0.073143
 30
0.0
 41
0.999733
 42
0.999733
 43
0.999733
 50
180.0
  0
INSERT
  5
4F7
330
4ED
100
AcDbEntity
  8
VI - 4
100
AcDbBlockReference
  2
malla_shullman_planta
 10
0.305787
 20
0.073143
 30
0.0
 41
0.999733
 42
0.999733
 43
0.999733
 50
180.0
  0
INSERT
  5
4F8
330
4ED
100
AcDbEntity
  8
VI - 4
100
AcDbBlockReference
  2
malla_shullman_planta
 10
0.40576
 20
0.073143
 30
0.0
 41
0.999733
 42
0.999733
 43
0.999733
 50
180.0
  0
INSERT
  5
4F9
330
4ED
100
AcDbEntity
  8
VI - 4
100
AcDbBlockReference
  2
malla_shullman_planta
 10
0.505733
 20
0.073143
 30
0.0
 41
0.999733
 42
0.999733
 43
0.999733
 50
180.0
  0
INSERT
  5
4FA
330
4ED
100
AcDbEntity
  8
VI - 4
100
AcDbBlockReference
  2
malla_shullman_planta
 10
0.605707
 20
0.073143
 30
0.0
 41
0.999733
 42
0.999733
 43
0.999733
 50
180.0
  0
INSERT
  5
4FB
330
4ED
100
AcDbEntity
  8
VI - 4
100
AcDbBlockReference
  2
malla_shullman_planta
 10
0.70568
 20
0.073143
 30
0.0
 41
0.999733
 42
0.999733
 43
0.999733
 50
180.0
  0
INSERT
  5
4FC
330
4ED
100
AcDbEntity
  8
VI - 4
100
AcDbBlockReference
  2
malla_shullman_planta
 10
0.805653
 20
0.073143
 30
0.0
 41
0.999733
 42
0.999733
 43
0.999733
 50
180.0
  0
INSERT
  5
4FD
330
4ED
100
AcDbEntity
  8
VI - 4
100
AcDbBlockReference
  2
malla_shullman_planta
 10
0.905627
 20
0.073143
 30
0.0
 41
0.999733
 42
0.999733
 43
0.999733
 50
180.0
  0
INSERT
  5
4FE
330
4ED
100
AcDbEntity
  8
VI - 4
100
AcDbBlockReference
  2
malla_shullman_planta
 10
1.0056
 20
0.073143
 30
0.0
 41
0.999733
 42
0.999733
 43
0.999733
 50
180.0
  0
INSERT
  5
4FF
330
4ED
100
AcDbEntity
  8
VI - 4
100
AcDbBlockReference
  2
malla_shullman_planta
 10
1.105573
 20
0.073143
 30
0.0
 41
0.999733
 42
0.999733
 43
0.999733
 50
180.0
  0
INSERT
  5
500
330
4ED
100
AcDbEntity
  8
VI - 4
100
AcDbBlockReference
  2
malla_shullman_planta
 10
1.205547
 20
0.073143
 30
0.0
 41
0.999733
 42
0.999733
 43
0.999733
 50
180.0
  0
INSERT
  5
501
330
4ED
100
AcDbEntity
  8
VI - 4
100
AcDbBlockReference
  2
malla_shullman_planta
 10
1.30552
 20
0.073143
 30
0.0
 41
0.999733
 42
0.999733
 43
0.999733
 50
180.0
  0
INSERT
  5
502
330
4ED
100
AcDbEntity
  8
VI - 4
100
AcDbBlockReference
  2
malla_shullman_planta
 10
1.405493
 20
0.073143
 30
0.0
 41
0.999733
 42
0.999733
 43
0.999733
 50
180.0
  0
INSERT
  5
503
330
4ED
100
AcDbEntity
  8
VI - 4
100
AcDbBlockReference
  2
malla_shullman_planta
 10
1.505467
 20
0.073143
 30
0.0
 41
0.999733
 42
0.999733
 43
0.999733
 50
180.0
  0
INSERT
  5
504
330
4ED
100
AcDbEntity
  8
VI - 4
100
AcDbBlockReference
  2
malla_shullman_planta
 10
1.60544
 20
0.073143
 30
0.0
 41
0.999733
 42
0.999733
 43
0.999733
 50
180.0
  0
INSERT
  5
505
330
4ED
100
AcDbEntity
  8
VI - 4
100
AcDbBlockReference
  2
malla_shullman_planta
 10
1.705413
 20
0.073143
 30
0.0
 41
0.999733
 42
0.999733
 43
0.999733
 50
180.0
  0
INSERT
  5
506
330
4ED
100
AcDbEntity
  8
VI - 4
100
AcDbBlockReference
  2
malla_shullman_planta
 10
1.805387
 20
0.073143
 30
0.0
 41
0.999733
 42
0.999733
 43
0.999733
 50
180.0
  0
INSERT
  5
507
330
4ED
100
AcDbEntity
  8
VI - 4
100
AcDbBlockReference
  2
malla_shullman_planta
 10
1.90536
 20
0.073143
 30
0.0
 41
0.999733
 42
0.999733
 43
0.999733
 50
180.0
  0
INSERT
  5
508
330
4ED
100
AcDbEntity
  8
VI - 4
100
AcDbBlockReference
  2
malla_shullman_planta
 10
2.005333
 20
0.073143
 30
0.0
 41
0.999733
 42
0.999733
 43
0.999733
 50
180.0
  0
INSERT
  5
509
330
4ED
100
AcDbEntity
  8
VI - 4
100
AcDbBlockReference
  2
malla_shullman_planta
 10
2.105307
 20
0.073143
 30
0.0
 41
0.999733
 42
0.999733
 43
0.999733
 50
180.0
  0
INSERT
  5
50A
330
4ED
100
AcDbEntity
  8
VI - 4
100
AcDbBlockReference
  2
malla_shullman_planta
 10
2.20528
 20
0.073143
 30
0.0
 41
0.999733
 42
0.999733
 43
0.999733
 50
180.0
  0
INSERT
  5
50B
330
4ED
100
AcDbEntity
  8
VI - 4
100
AcDbBlockReference
  2
malla_shullman_planta
 10
2.305253
 20
0.073143
 30
0.0
 41
0.999733
 42
0.999733
 43
0.999733
 50
180.0
  0
INSERT
  5
50C
330
4ED
100
AcDbEntity
  8
VI - 4
100
AcDbBlockReference
  2
malla_shullman_planta
 10
2.405227
 20
0.073143
 30
0.0
 41
0.999733
 42
0.999733
 43
0.999733
 50
180.0
  0
HATCH
  5
50D
330
4ED
100
AcDbEntity
  8
0
 62
     7
100
AcDbHatch
 10
0.0
 20
0.0
 30
0.0
210
0.0
220
0.0
230
1.0
  2
SOLID
 70
     1
 71
     1
 91
        1
 92
        1
 93
        6
 72
     1
 10
0.1100000000001273
 20
0.078354858361223
 11
0.1100000000001273
 21
0.0465548583614748
 72
     1
 10
0.1100000000001273
 20
0.0465548583614748
 11
0.1148000000007414
 21
0.0465548583614748
 72
     1
 10
0.1148000000007414
 20
0.0465548583614748
 11
0.1148000000007414
 21
0.0735548583610637
 72
     1
 10
0.1148000000007414
 20
0.0735548583610637
 11
0.1418000000007851
 21
0.0735548583610637
 72
     1
 10
0.1418000000007851
 20
0.0735548583610637
 11
0.1418000000007851
 21
0.078354858361223
 72
     1
 10
0.1418000000007851
 20
0.078354858361223
 11
0.1100000000001273
 21
0.078354858361223
 97
        1
330
50E
 75
     0
 76
     1
 98
        1
 10
-308.5960304127043
 20
182.418681223995
1001
ACAD
1010
0.0
1020
0.0
1030
0.0
  0
LWPOLYLINE
  5
50E
102
{ACAD_REACTORS
330
50D
102
}
330
4ED
100
AcDbEntity
  8
0
 62
   253
100
AcDbPolyline
 90
        7
 70
     1
 43
0.0
 10
0.11
 20
0.078355
 10
0.11
 20
0.046555
 10
0.1148
 20
0.046555
 10
0.1148
 20
0.073555
 10
0.1418
 20
0.073555
 10
0.1418
 20
0.078355
 10
0.11
 20
0.078355
  0
HATCH
  5
50F
330
4ED
100
AcDbEntity
  8
0
 62
     7
100
AcDbHatch
 10
0.0
 20
0.0
 30
0.0
210
0.0
220
0.0
230
1.0
  2
SOLID
 70
     1
 71
     0
 91
        1
 92
        1
 93
        4
 72
     1
 10
0.1148000000007414
 20
0.065438858361091
 11
0.1402000000002772
 21
0.065438858361091
 72
     1
 10
0.1402000000002772
 20
0.065438858361091
 11
0.1402000000002772
 21
0.062258858361389
 72
     1
 10
0.1402000000002772
 20
0.062258858361389
 11
0.1148000000007414
 21
0.062258858361389
 72
     1
 10
0.1148000000007414
 20
0.062258858361389
 11
0.1148000000007414
 21
0.065438858361091
 97
        0
 75
     0
 76
     1
 98
        1
 10
-308.5960304127043
 20
182.418681223995
1001
ACAD
1010
0.0
1020
0.0
1030
0.0
  0
INSERT
  5
510
330
4ED
100
AcDbEntity
  8
0
100
AcDbBlockReference
  2
tubo_100x100
 10
0.16
 20
-0.030818
 30
0.0
  0
INSERT
  5
511
330
4ED
100
AcDbEntity
  8
0
100
AcDbBlockReference
  2
tubo_100x100
 10
3.26
 20
-0.030818
 30
0.0
  0
INSERT
  5
512
330
4ED
100
AcDbEntity
  8
VI - 4
100
AcDbBlockReference
  2
malla_shullman_planta
 10
2.5052
 20
0.073143
 30
0.0
 41
0.999733
 42
0.999733
 43
0.999733
 50
180.0
  0
INSERT
  5
513
330
4ED
100
AcDbEntity
  8
VI - 4
100
AcDbBlockReference
  2
malla_shullman_planta
 10
2.605173
 20
0.073143
 30
0.0
 41
0.999733
 42
0.999733
 43
0.999733
 50
180.0
  0
INSERT
  5
514
330
4ED
100
AcDbEntity
  8
VI - 4
100
AcDbBlockReference
  2
malla_shullman_planta
 10
2.705147
 20
0.073143
 30
0.0
 41
0.999733
 42
0.999733
 43
0.999733
 50
180.0
  0
INSERT
  5
515
330
4ED
100
AcDbEntity
  8
VI - 4
100
AcDbBlockReference
  2
malla_shullman_planta
 10
2.80512
 20
0.073143
 30
0.0
 41
0.999733
 42
0.999733
 43
0.999733
 50
180.0
  0
INSERT
  5
516
330
4ED
100
AcDbEntity
  8
VI - 4
100
AcDbBlockReference
  2
malla_shullman_planta
 10
2.905093
 20
0.073143
 30
0.0
 41
0.999733
 42
0.999733
 43
0.999733
 50
180.0
  0
INSERT
  5
517
330
4ED
100
AcDbEntity
  8
VI - 4
100
AcDbBlockReference
  2
malla_shullman_planta
 10
3.005067
 20
0.073143
 30
0.0
 41
0.999733
 42
0.999733
 43
0.999733
 50
180.0
  0
ENDBLK
  5
518
330
4ED
100
AcDbEntity
  8
0
100
AcDbBlockEnd
  0
BLOCK
  5
59B
330
598
100
AcDbEntity
  8
0
100
AcDbBlockBegin
  2
HER - PC - 1 hoja - 1.50 - 100x100
 70
     0
 10
0.0
 20
0.0
 30
0.0
  3
HER - PC - 1 hoja - 1.50 - 100x100
  1
HER - PC - 1 hoja - 1.50 - 100x100
  0
HATCH
  5
59C
330
598
100
AcDbEntity
  8
0
 62
     7
100
AcDbHatch
 10
0.0
 20
0.0
 30
0.0
210
0.0
220
0.0
230
1.0
  2
SOLID
 70
     1
 71
     1
 91
        1
 92
        1
 93
        6
 72
     1
 10
0.3807674300998087
 20
-0.2088159286434035
 11
0.3807674300998087
 21
-0.1770159286436552
 72
     1
 10
0.3807674300998087
 20
-0.1770159286436552
 11
0.3759674300991946
 21
-0.1770159286436552
 72
     1
 10
0.3759674300991946
 20
-0.1770159286436552
 11
0.3759674300991946
 21
-0.2040159286432441
 72
     1
 10
0.3759674300991946
 20
-0.2040159286432441
 11
0.348967430099151
 21
-0.2040159286432441
 72
     1
 10
0.348967430099151
 20
-0.2040159286432441
 11
0.348967430099151
 21
-0.2088159286434035
 72
     1
 10
0.348967430099151
 20
-0.2088159286434035
 11
0.3807674300998087
 21
-0.2088159286434035
 97
        1
330
59D
 75
     0
 76
     1
 98
        1
 10
309.0867978428043
 20
-182.5491422942771
1001
ACAD
1010
0.0
1020
0.0
1030
0.0
  0
LWPOLYLINE
  5
59D
102
{ACAD_REACTORS
330
59C
102
}
330
598
100
AcDbEntity
  8
0
 62
   253
100
AcDbPolyline
 90
        7
 70
     1
 43
0.0
 10
0.380767
 20
-0.208816
 10
0.380767
 20
-0.177016
 10
0.375967
 20
-0.177016
 10
0.375967
 20
-0.204016
 10
0.348967
 20
-0.204016
 10
0.348967
 20
-0.208816
 10
0.380767
 20
-0.208816
  0
HATCH
  5
59E
330
598
100
AcDbEntity
  8
0
 62
     7
100
AcDbHatch
 10
0.0
 20
0.0
 30
0.0
210
0.0
220
0.0
230
1.0
  2
SOLID
 70
     1
 71
     0
 91
        1
 92
        1
 93
        4
 72
     1
 10
0.3759674300991946
 20
-0.1958999286432714
 11
0.3505674300996588
 21
-0.1958999286432714
 72
     1
 10
0.3505674300996588
 20
-0.1958999286432714
 11
0.3505674300996588
 21
-0.1927199286435695
 72
     1
 10
0.3505674300996588
 20
-0.1927199286435695
 11
0.3759674300991946
 21
-0.1927199286435695
 72
     1
 10
0.3759674300991946
 20
-0.1927199286435695
 11
0.3759674300991946
 21
-0.1958999286432714
 97
        0
 75
     0
 76
     1
 98
        1
 10
309.0867978428043
 20
-182.5491422942771
1001
ACAD
1010
0.0
1020
0.0
1030
0.0
  0
HATCH
  5
59F
330
598
100
AcDbEntity
  8
0
 62
     7
100
AcDbHatch
 10
0.0
 20
0.0
 30
0.0
210
0.0
220
0.0
230
1.0
  2
SOLID
 70
     1
 71
     1
 91
        1
 92
        1
 93
        6
 72
     1
 10
-0.819228500185659
 20
-0.2085202702827615
 11
-0.819228500185659
 21
-0.1767202702827859
 72
     1
 10
-0.819228500185659
 20
-0.1767202702827859
 11
-0.8144285001850449
 21
-0.1767202702827859
 72
     1
 10
-0.8144285001850449
 20
-0.1767202702827859
 11
-0.8144285001850449
 21
-0.2037202702826022
 72
     1
 10
-0.8144285001850449
 20
-0.2037202702826022
 11
-0.7874285001850012
 21
-0.2037202702826022
 72
     1
 10
-0.7874285001850012
 20
-0.2037202702826022
 11
-0.7874285001850012
 21
-0.2085202702825342
 72
     1
 10
-0.7874285001850012
 20
-0.2085202702825342
 11
-0.819228500185659
 21
-0.2085202702827615
 97
        1
330
5A0
 75
     0
 76
     1
 98
        1
 10
-309.5252589128902
 20
-182.5488466359162
1001
ACAD
1010
0.0
1020
0.0
1030
0.0
  0
LWPOLYLINE
  5
5A0
102
{ACAD_REACTORS
330
59F
102
}
330
598
100
AcDbEntity
  8
0
 62
   253
100
AcDbPolyline
 90
        7
 70
     1
 43
0.0
 10
-0.819229
 20
-0.20852
 10
-0.819229
 20
-0.17672
 10
-0.814429
 20
-0.17672
 10
-0.814429
 20
-0.20372
 10
-0.787429
 20
-0.20372
 10
-0.787429
 20
-0.20852
 10
-0.819229
 20
-0.20852
  0
HATCH
  5
5A1
330
598
100
AcDbEntity
  8
0
 62
     7
100
AcDbHatch
 10
0.0
 20
0.0
 30
0.0
210
0.0
220
0.0
230
1.0
  2
SOLID
 70
     1
 71
     1
 91
        1
 92
        1
 93
        4
 72
     1
 10
-0.8144285001850449
 20
-0.1956042702826295
 11
-0.7890285001855091
 21
-0.1956042702826295
 72
     1
 10
-0.7890285001855091
 20
-0.1956042702826295
 11
-0.7890285001855091
 21
-0.1924242702829275
 72
     1
 10
-0.7890285001855091
 20
-0.1924242702829275
 11
-0.8144285001850449
 21
-0.1924242702829275
 72
     1
 10
-0.8144285001850449
 20
-0.1924242702829275
 11
-0.8144285001850449
 21
-0.1956042702826295
 97
        1
330
5A2
 75
     0
 76
     1
 98
        1
 10
-309.5252589128902
 20
-182.5488466359162
1001
ACAD
1010
0.0
1020
0.0
1030
0.0
  0
LWPOLYLINE
  5
5A2
102
{ACAD_REACTORS
330
5A1
102
}
330
598
100
AcDbEntity
  8
0
 62
   253
100
AcDbPolyline
 90
        5
 70
     1
 43
0.0
 10
-0.814429
 20
-0.195604
 10
-0.789029
 20
-0.195604
 10
-0.789029
 20
-0.192424
 10
-0.814429
 20
-0.192424
 10
-0.814429
 20
-0.195604
  0
LWPOLYLINE
  5
5A3
330
598
100
AcDbEntity
  8
VI - 4
  6
HIDDEN2
 62
   253
100
AcDbPolyline
 90
        4
 70
     1
 43
0.0
 10
0.380767
 20
-0.16006
 10
-0.819233
 20
-0.16006
 10
-0.819233
 20
-0.23006
 10
0.380767
 20
-0.23006
  0
INSERT
  5
5A4
330
598
100
AcDbEntity
  8
VI - 4
100
AcDbBlockReference
  2
malla_shullman_planta
 10
-0.79836
 20
-0.203604
 30
0.0
 41
-0.999733
 42
0.999733
 43
0.999733
  0
INSERT
  5
5A5
330
598
100
AcDbEntity
  8
VI - 4
100
AcDbBlockReference
  2
malla_shullman_planta
 10
-0.698386
 20
-0.203604
 30
0.0
 41
-0.999733
 42
0.999733
 43
0.999733
  0
INSERT
  5
5A6
330
598
100
AcDbEntity
  8
VI - 4
100
AcDbBlockReference
  2
malla_shullman_planta
 10
-0.598413
 20
-0.203604
 30
0.0
 41
-0.999733
 42
0.999733
 43
0.999733
  0
INSERT
  5
5A7
330
598
100
AcDbEntity
  8
VI - 4
100
AcDbBlockReference
  2
malla_shullman_planta
 10
-0.723419
 20
-0.203604
 30
0.0
 41
-0.999733
 42
0.999733
 43
0.999733
  0
INSERT
  5
5A8
330
598
100
AcDbEntity
  8
VI - 4
100
AcDbBlockReference
  2
malla_shullman_planta
 10
-0.623446
 20
-0.203604
 30
0.0
 41
-0.999733
 42
0.999733
 43
0.999733
  0
INSERT
  5
5A9
330
598
100
AcDbEntity
  8
VI - 4
100
AcDbBlockReference
  2
malla_shullman_planta
 10
-0.523473
 20
-0.203604
 30
0.0
 41
-0.999733
 42
0.999733
 43
0.999733
  0
INSERT
  5
5AA
330
598
100
AcDbEntity
  8
VI - 4
100
AcDbBlockReference
  2
malla_shullman_planta
 10
-0.423499
 20
-0.203604
 30
0.0
 41
-0.999733
 42
0.999733
 43
0.999733
  0
INSERT
  5
5AB
330
598
100
AcDbEntity
  8
VI - 4
100
AcDbBlockReference
  2
malla_shullman_planta
 10
-0.323526
 20
-0.203604
 30
0.0
 41
-0.999733
 42
0.999733
 43
0.999733
  0
INSERT
  5
5AC
330
598
100
AcDbEntity
  8
VI - 4
100
AcDbBlockReference
  2
malla_shullman_planta
 10
-0.223553
 20
-0.203604
 30
0.0
 41
-0.999733
 42
0.999733
 43
0.999733
  0
INSERT
  5
5AD
330
598
100
AcDbEntity
  8
VI - 4
100
AcDbBlockReference
  2
malla_shullman_planta
 10
-0.123579
 20
-0.203604
 30
0.0
 41
-0.999733
 42
0.999733
 43
0.999733
  0
INSERT
  5
5AE
330
598
100
AcDbEntity
  8
VI - 4
100
AcDbBlockReference
  2
malla_shullman_planta
 10
-0.023606
 20
-0.203604
 30
0.0
 41
-0.999733
 42
0.999733
 43
0.999733
  0
INSERT
  5
5AF
330
598
100
AcDbEntity
  8
VI - 4
100
AcDbBlockReference
  2
malla_shullman_planta
 10
0.076367
 20
-0.203604
 30
0.0
 41
-0.999733
 42
0.999733
 43
0.999733
  0
INSERT
  5
5B0
330
598
100
AcDbEntity
  8
VI - 4
100
AcDbBlockReference
  2
malla_shullman_planta
 10
0.176341
 20
-0.203604
 30
0.0
 41
-0.999733
 42
0.999733
 43
0.999733
  0
INSERT
  5
5B1
330
598
100
AcDbEntity
  8
VI - 4
100
AcDbBlockReference
  2
malla_shullman_planta
 10
0.276314
 20
-0.203604
 30
0.0
 41
-0.999733
 42
0.999733
 43
0.999733
  0
INSERT
  5
5B2
330
598
100
AcDbEntity
  8
0
100
AcDbBlockReference
  2
tubo_100x100
 10
0.05
 20
-0.130818
 30
0.0
  0
ENDBLK
  5
5B3
330
598
100
AcDbEntity
  8
0
100
AcDbBlockEnd
  0
BLOCK
  5
5EF
330
5EC
100
AcDbEntity
  8
0
100
AcDbBlockBegin
  2
SOL - PB - Arquitectura$0$OFT-PUESTO DE TRABAJO 120 070
 70
     0
 10
0.0
 20
0.0
 30
0.0
  3
SOL - PB - Arquitectura$0$OFT-PUESTO DE TRABAJO 120 070
  1
SOL - PB - Arquitectura$0$OFT-PUESTO DE TRABAJO 120 070
  0
INSERT
  5
5F0
330
5EC
100
AcDbEntity
  8
SOL - PB - Arquitectura$0$EQ - Mobiliario
100
AcDbBlockReference
  2
SOL - PB - Arquitectura$0$A$C462C3AAF
 10
683.710235
 20
104.826177
 30
0.0
 41
1.0
 42
1.0
 43
1.0
 50
90.0
  0
LWPOLYLINE
  5
62D
330
5EC
100
AcDbEntity
  8
SOL - PB - Arquitectura$0$EQ - Mobiliario
100
AcDbPolyline
 90
        5
 70
     0
 43
0.0
 10
682.813592
 20
105.381638
 10
684.013602
 20
105.381638
 10
684.013602
 20
106.081638
 10
682.813592
 20
106.081638
 10
682.813592
 20
105.381638
  0
LWPOLYLINE
  5
62E
330
5EC
100
AcDbEntity
  8
SOL - PB - Arquitectura$0$EQ - Mobiliario
100
AcDbPolyline
 90
        4
 70
     1
 43
0.0
 10
683.115711
 20
105.971787
 10
683.711482
 20
105.971787
 10
683.711482
 20
105.852262
 10
683.115711
 20
105.852262
  0
LWPOLYLINE
  5
62F
330
5EC
100
AcDbEntity
  8
SOL - PB - Arquitectura$0$EQ - Mobiliario
100
AcDbPolyline
 90
        4
 70
     1
 43
0.0
 10
683.235345
 20
105.751859
 10
683.591849
 20
105.751859
 10
683.591849
 20
105.68253
 10
683.235345
 20
105.68253
  0
ENDBLK
  5
630
330
5EC
100
AcDbEntity
  8
0
100
AcDbBlockEnd
  0
BLOCK
  5
5F4
330
5F1
100
AcDbEntity
  8
0
100
AcDbBlockBegin
  2
SOL - PB - Arquitectura$0$A$C462C3AAF
 70
     0
 10
0.0
 20
0.0
 30
0.0
  3
SOL - PB - Arquitectura$0$A$C462C3AAF
  1
SOL - PB - Arquitectura$0$A$C462C3AAF
  0
LWPOLYLINE
  5
5F5
330
5F1
100
AcDbEntity
  8
0
100
AcDbPolyline
 90
        3
 70
     0
 43
0.0
 10
0.080639
 20
0.295
 10
0.080639
 20
0.32
 42
-0.178789
 10
0.131065
 20
0.456515
  0
LWPOLYLINE
  5
5F6
330
5F1
100
AcDbEntity
  8
0
100
AcDbPolyline
 90
        3
 70
     0
 43
0.0
 10
0.010639
 20
0.295
 10
0.010639
 20
0.32
 42
-0.207449
 10
0.108494
 20
0.479424
  0
LWPOLYLINE
  5
5F7
330
5F1
100
AcDbEntity
  8
0
100
AcDbPolyline
 90
        8
 70
     1
 43
0.0
 10
0.290639
 20
0.52
 10
0.390639
 20
0.52
 42
-0.414214
 10
0.510639
 20
0.4
 10
0.510639
 20
0.19
 42
-0.414214
 10
0.390639
 20
0.07
 10
0.290639
 20
0.07
 42
-0.414214
 10
0.090639
 20
0.27
 10
0.090639
 20
0.32
 42
-0.414214
  0
LINE
  5
5F8
330
5F1
100
AcDbEntity
  8
0
100
AcDbLine
 10
0.575652
 20
0.387562
 30
0.0
 11
0.581375
 21
0.368398
 31
0.0
  0
LWPOLYLINE
  5
5F9
330
5F1
100
AcDbEntity
  8
0
100
AcDbPolyline
 90
        4
 70
     0
 43
0.0
 10
0.60666
 20
0.37672
 10
0.576056
 20
0.348907
 42
-0.414214
 10
0.568993
 20
0.349244
 10
0.565405
 20
0.353192
 42
-0.414214
  0
LINE
  5
5FA
330
5F1
100
AcDbEntity
  8
0
100
AcDbLine
 10
0.286025
 20
0.519947
 30
0.0
 11
0.286266
 21
0.53
 31
0.0
  0
LWPOLYLINE
  5
5FB
330
5F1
100
AcDbEntity
  8
0
100
AcDbPolyline
 90
        6
 70
     0
 43
0.0
 10
0.277479
 20
0.59
 42
-0.107506
 10
0.27838
 20
0.591925
 10
0.295864
 20
0.614815
 42
-0.414214
 10
0.302873
 20
0.615754
 10
0.335738
 20
0.590651
 42
-0.047977
 10
0.336439
 20
0.59
  0
LINE
  5
5FC
330
5F1
100
AcDbEntity
  8
0
100
AcDbLine
 10
0.326038
 20
0.52
 30
0.0
 11
0.326278
 21
0.53
 31
0.0
  0
LINE
  5
5FD
330
5F1
100
AcDbEntity
  8
0
100
AcDbLine
 10
0.41204
 20
0.59
 30
0.0
 11
0.17204
 21
0.59
 31
0.0
  0
ARC
  5
5FE
330
5F1
100
AcDbEntity
  8
0
100
AcDbCircle
 10
0.17204
 20
0.57
 30
0.0
 40
0.02
100
AcDbArc
 50
90.0
 51
180.0
  0
LINE
  5
5FF
330
5F1
100
AcDbEntity
  8
0
100
AcDbLine
 10
0.15204
 20
0.57
 30
0.0
 11
0.15204
 21
0.55
 31
0.0
  0
LINE
  5
600
330
5F1
100
AcDbEntity
  8
0
100
AcDbLine
 10
0.41204
 20
0.53
 30
0.0
 11
0.17204
 21
0.53
 31
0.0
  0
ARC
  5
601
330
5F1
100
AcDbEntity
  8
0
100
AcDbCircle
 10
0.17204
 20
0.55
 30
0.0
 40
0.02
100
AcDbArc
 50
180.0
 51
270.0
  0
ARC
  5
602
330
5F1
100
AcDbEntity
  8
0
100
AcDbCircle
 10
0.41204
 20
0.57
 30
0.0
 40
0.02
100
AcDbArc
 50
0.0
 51
90.0
  0
LINE
  5
603
330
5F1
100
AcDbEntity
  8
0
100
AcDbLine
 10
0.43204
 20
0.57
 30
0.0
 11
0.43204
 21
0.55
 31
0.0
  0
ARC
  5
604
330
5F1
100
AcDbEntity
  8
0
100
AcDbCircle
 10
0.41204
 20
0.55
 30
0.0
 40
0.02
100
AcDbArc
 50
270.0
 51
0.0
  0
ARC
  5
605
330
5F1
100
AcDbEntity
  8
0
100
AcDbCircle
 10
0.116156
 20
0.464399
 30
0.0
 40
0.0168656815347899
100
AcDbArc
 50
332.127554
 51
117.020489
  0
LINE
  5
606
330
5F1
100
AcDbEntity
  8
0
100
AcDbLine
 10
0.023742
 20
0.381764
 30
0.0
 11
0.030376
 21
0.400632
 31
0.0
  0
ARC
  5
607
330
5F1
100
AcDbEntity
  8
0
100
AcDbCircle
 10
0.56607
 20
0.3847
 30
0.0
 40
0.01
100
AcDbArc
 50
16.626874
 51
106.626874
  0
LWPOLYLINE
  5
608
330
5F1
100
AcDbEntity
  8
0
100
AcDbPolyline
 90
        5
 70
     0
 43
0.0
 10
0.568436
 20
0.394416
 10
0.580563
 20
0.405437
 42
-0.414214
 10
0.587626
 20
0.4051
 10
0.606998
 20
0.383783
 42
-0.414214
 10
0.60666
 20
0.37672
  0
LWPOLYLINE
  5
609
330
5F1
100
AcDbEntity
  8
0
100
AcDbPolyline
 90
        6
 70
     0
 43
0.0
 10
0.024807
 20
0.372974
 10
0.004129
 20
0.376348
 42
-0.414214
 10
0.0
 20
0.382088
 10
0.00464
 20
0.410516
 42
-0.414214
 10
0.01038
 20
0.414646
 10
0.042727
 20
0.409367
 42
-0.402126
  0
LINE
  5
60A
330
5F1
100
AcDbEntity
  8
0
100
AcDbLine
 10
0.101875
 20
0.386091
 30
0.0
 11
0.092441
 21
0.389409
 31
0.0
  0
ARC
  5
60B
330
5F1
100
AcDbEntity
  8
0
100
AcDbCircle
 10
0.033176
 20
0.378447
 30
0.0
 40
0.01
100
AcDbArc
 50
160.626874
 51
212.01099
  0
ARC
  5
60C
330
5F1
100
AcDbEntity
  8
0
100
AcDbCircle
 10
0.03981
 20
0.397315
 30
0.0
 40
0.01
100
AcDbArc
 50
80.782548
 51
160.626874
  0
LINE
  5
60D
330
5F1
100
AcDbEntity
  8
0
100
AcDbLine
 10
0.510639
 20
0.378584
 30
0.0
 11
0.563209
 21
0.394282
 31
0.0
  0
LINE
  5
60E
330
5F1
100
AcDbEntity
  8
0
100
AcDbLine
 10
0.41204
 20
0.06
 30
0.0
 11
0.17204
 21
0.06
 31
0.0
  0
LINE
  5
60F
330
5F1
100
AcDbEntity
  8
0
100
AcDbLine
 10
0.41204
 20
0.0
 30
0.0
 11
0.17204
 21
0.0
 31
0.0
  0
ARC
  5
610
330
5F1
100
AcDbEntity
  8
0
100
AcDbCircle
 10
0.41204
 20
0.04
 30
0.0
 40
0.02
100
AcDbArc
 50
0.0
 51
90.0
  0
ARC
  5
611
330
5F1
100
AcDbEntity
  8
0
100
AcDbCircle
 10
0.41204
 20
0.02
 30
0.0
 40
0.02
100
AcDbArc
 50
270.0
 51
0.0
  0
LINE
  5
612
330
5F1
100
AcDbEntity
  8
0
100
AcDbLine
 10
0.43204
 20
0.02
 30
0.0
 11
0.43204
 21
0.04
 31
0.0
  0
LINE
  5
613
330
5F1
100
AcDbEntity
  8
0
100
AcDbLine
 10
0.15204
 20
0.02
 30
0.0
 11
0.15204
 21
0.04
 31
0.0
  0
ARC
  5
614
330
5F1
100
AcDbEntity
  8
0
100
AcDbCircle
 10
0.17204
 20
0.02
 30
0.0
 40
0.02
100
AcDbArc
 50
180.0
 51
270.0
  0
ARC
  5
615
330
5F1
100
AcDbEntity
  8
0
100
AcDbCircle
 10
0.17204
 20
0.04
 30
0.0
 40
0.02
100
AcDbArc
 50
90.0
 51
180.0
  0
LINE
  5
616
330
5F1
100
AcDbEntity
  8
0
100
AcDbLine
 10
0.090701
 20
0.265
 30
0.0
 11
0.080699
 21
0.265
 31
0.0
  0
ARC
  5
617
330
5F1
100
AcDbEntity
  8
0
100
AcDbCircle
 10
0.116156
 20
0.1256
 30
0.0
 40
0.0168656815347899
100
AcDbArc
 50
242.979511
 51
27.872446
  0
LWPOLYLINE
  5
618
330
5F1
100
AcDbEntity
  8
0
100
AcDbPolyline
 90
        3
 70
     0
 43
0.0
 10
0.010639
 20
0.295
 10
0.010639
 20
0.27
 42
0.207449
 10
0.108494
 20
0.110575
  0
LWPOLYLINE
  5
619
330
5F1
100
AcDbEntity
  8
0
100
AcDbPolyline
 90
        3
 70
     0
 43
0.0
 10
0.080639
 20
0.295
 10
0.080639
 20
0.27
 42
0.178789
 10
0.131065
 20
0.133485
  0
LINE
  5
61A
330
5F1
100
AcDbEntity
  8
0
100
AcDbLine
 10
0.090701
 20
0.325
 30
0.0
 11
0.080699
 21
0.325
 31
0.0
  0
ARC
  5
61B
330
5F1
100
AcDbEntity
  8
0
100
AcDbCircle
 10
0.571793
 20
0.365537
 30
0.0
 40
0.01
100
AcDbArc
 50
286.626874
 51
16.626874
  0
ARC
  5
61C
330
5F1
100
AcDbEntity
  8
0
100
AcDbCircle
 10
0.467972
 20
0.070279
 30
0.0
 40
0.01
100
AcDbArc
 50
304.626874
 51
34.626874
  0
LINE
  5
61D
330
5F1
100
AcDbEntity
  8
0
100
AcDbLine
 10
0.473654
 20
0.06205
 30
0.0
 11
0.457197
 21
0.050685
 31
0.0
  0
ARC
  5
61E
330
5F1
100
AcDbEntity
  8
0
100
AcDbCircle
 10
0.451515
 20
0.058914
 30
0.0
 40
0.01
100
AcDbArc
 50
214.626874
 51
304.626874
  0
LWPOLYLINE
  5
61F
330
5F1
100
AcDbEntity
  8
0
100
AcDbPolyline
 90
        4
 70
     0
 43
0.0
 10
0.470021
 20
0.031265
 10
0.437156
 20
0.056367
 42
-0.414214
 10
0.436218
 20
0.063376
 10
0.436251
 20
0.063419
 42
-0.414214
  0
LWPOLYLINE
  5
620
330
5F1
100
AcDbEntity
  8
0
100
AcDbPolyline
 90
        5
 70
     0
 43
0.0
 10
0.476853
 20
0.074874
 10
0.493575
 20
0.062102
 42
-0.414214
 10
0.494513
 20
0.055094
 10
0.477029
 20
0.032203
 42
-0.414214
 10
0.470021
 20
0.031265
  0
ARC
  5
621
330
5F1
100
AcDbEntity
  8
0
100
AcDbCircle
 10
0.138625
 20
0.066414
 30
0.0
 40
0.01
100
AcDbArc
 50
232.626874
 51
322.626874
  0
LINE
  5
622
330
5F1
100
AcDbEntity
  8
0
100
AcDbLine
 10
0.116661
 20
0.070607
 30
0.0
 11
0.132555
 21
0.058467
 31
0.0
  0
ARC
  5
623
330
5F1
100
AcDbEntity
  8
0
100
AcDbCircle
 10
0.122731
 20
0.078554
 30
0.0
 40
0.01
100
AcDbArc
 50
142.626874
 51
232.626874
  0
LWPOLYLINE
  5
624
330
5F1
100
AcDbEntity
  8
0
100
AcDbPolyline
 90
        6
 70
     0
 43
0.0
 10
0.154627
 20
0.061931
 10
0.118752
 20
0.04136
 42
-0.414214
 10
0.111927
 20
0.04321
 10
0.097599
 20
0.068198
 42
-0.414214
 10
0.099449
 20
0.075022
 10
0.113949
 20
0.083336
 42
-0.414214
  0
LWPOLYLINE
  5
625
330
5F1
100
AcDbEntity
  8
0
100
AcDbPolyline
 90
        3
 70
     0
 43
0.0
 10
0.154985
 20
0.071358
 10
0.156477
 20
0.068756
 42
-0.414214
 10
0.154627
 20
0.061931
  0
LINE
  5
626
330
5F1
100
AcDbEntity
  8
0
100
AcDbLine
 10
0.09247
 20
0.346998
 30
0.0
 11
0.082848
 21
0.350381
 31
0.0
  0
LINE
  5
627
330
5F1
100
AcDbEntity
  8
0
100
AcDbLine
 10
0.14873
 20
0.129067
 30
0.0
 11
0.114784
 21
0.084624
 31
0.0
  0
LINE
  5
628
330
5F1
100
AcDbEntity
  8
0
100
AcDbLine
 10
0.179636
 20
0.103632
 30
0.0
 11
0.146572
 21
0.060344
 31
0.0
  0
LINE
  5
629
330
5F1
100
AcDbEntity
  8
0
100
AcDbLine
 10
0.463365
 20
0.094549
 30
0.0
 11
0.476201
 21
0.075961
 31
0.0
  0
LINE
  5
62A
330
5F1
100
AcDbEntity
  8
0
100
AcDbLine
 10
0.427664
 20
0.075854
 30
0.0
 11
0.443286
 21
0.053232
 31
0.0
  0
LINE
  5
62B
330
5F1
100
AcDbEntity
  8
0
100
AcDbLine
 10
0.510639
 20
0.336838
 30
0.0
 11
0.574655
 21
0.355955
 31
0.0
  0
ENDBLK
  5
62C
330
5F1
100
AcDbEntity
  8
0
100
AcDbBlockEnd
  0
ENDSEC
  0
SECTION
  2
ENTITIES
  0
LWPOLYLINE
  5
3B2
330
1F
100
AcDbEntity
  8
SOL - PB - Arquitectura$0$BL - Montaje
 62
     0
100
AcDbPolyline
 90
        2
 70
     0
 43
0.0
 10
223.428213
 20
79.915659
 10
234.988169
 20
79.915659
  0
INSERT
  5
3B3
330
1F
100
AcDbEntity
  8
SOL - PB - Arquitectura$0$EQ - Pallets
100
AcDbBlockReference
  2
SOL - PB - Arquitectura$0$IRI-OCASA-Layout R 9$0$OCA_PALLET
 10
137.26642
 20
-305.026087
 30
0.0
 41
-1.0
 50
270.0
  0
INSERT
  5
3BC
330
1F
100
AcDbEntity
  8
SOL - PB - Arquitectura$0$HER - Rejas - Malla 1x1
100
AcDbBlockReference
  2
SOL - PB - Arquitectura$0$columna_80x80
 10
223.503213
 20
99.728853
 30
0.0
  0
INSERT
  5
3D4
330
1F
100
AcDbEntity
  8
SOL - PB - Arquitectura$0$HER - Rejas - Malla 1x1
100
AcDbBlockReference
  2
SOL - PB - Arquitectura$0$columna_80x80
 10
223.503213
 20
96.675134
 30
0.0
  0
HATCH
  5
3D5
330
1F
100
AcDbEntity
  8
0
 62
     7
100
AcDbHatch
 10
0.0
 20
0.0
 30
0.0
210
0.0
220
0.0
230
1.0
  2
SOLID
 70
     1
 71
     1
 91
        1
 92
        1
 93
        7
 72
     1
 10
234.5710105958076
 20
124.3704139277679
 11
234.6028105958073
 21
124.3704139277679
 72
     1
 10
234.6028105958073
 20
124.3704139277679
 11
234.6028105958073
 21
124.3656139277673
 72
     1
 10
234.6028105958073
 20
124.3656139277673
 11
234.5758105958078
 21
124.3656139277673
 72
     1
 10
234.5758105958078
 20
124.3656139277673
 11
234.5758105958078
 21
124.3386139277672
 72
     1
 10
234.5758105958078
 20
124.3386139277672
 11
234.5710105958076
 21
124.3386139277672
 72
     1
 10
234.5710105958076
 20
124.3386139277672
 11
234.5710105958076
 21
124.3704139277679
 72
     1
 10
234.5710105958076
 20
124.3704139277679
 11
234.5710105958076
 21
124.3704139277679
 97
        1
330
3D6
 75
     0
 76
     1
 98
        1
 10
52.23068423017385
 20
433.0764443404723
1001
ACAD
1010
0.0
1020
0.0
1030
0.0
  0
LWPOLYLINE
  5
3D6
102
{ACAD_REACTORS
330
3D5
102
}
330
1F
100
AcDbEntity
  8
0
 62
   253
100
AcDbPolyline
 90
        7
 70
     1
 43
0.0
 10
234.571011
 20
124.370414
 10
234.602811
 20
124.370414
 10
234.602811
 20
124.365614
 10
234.575811
 20
124.365614
 10
234.575811
 20
124.338614
 10
234.571011
 20
124.338614
 10
234.571011
 20
124.370414
  0
HATCH
  5
3D7
330
1F
100
AcDbEntity
  8
0
 62
     7
100
AcDbHatch
 10
0.0
 20
0.0
 30
0.0
210
0.0
220
0.0
230
1.0
  2
SOLID
 70
     1
 71
     0
 91
        1
 92
        1
 93
        4
 72
     1
 10
234.5839265958077
 20
124.3656139277673
 11
234.5839265958077
 21
124.3402139277677
 72
     1
 10
234.5839265958077
 20
124.3402139277677
 11
234.5871065958074
 21
124.3402139277677
 72
     1
 10
234.5871065958074
 20
124.3402139277677
 11
234.5871065958074
 21
124.3656139277673
 72
     1
 10
234.5871065958074
 20
124.3656139277673
 11
234.5839265958077
 21
124.3656139277673
 97
        0
 75
     0
 76
     1
 98
        1
 10
52.23068423017385
 20
433.0764443404723
1001
ACAD
1010
0.0
1020
0.0
1030
0.0
  0
LWPOLYLINE
  5
3D8
330
1F
100
AcDbEntity
  8
0
 62
   253
100
AcDbPolyline
 90
        5
 70
     1
 43
0.0
 10
234.583927
 20
122.840745
 10
234.583927
 20
122.815345
 10
234.587107
 20
122.815345
 10
234.587107
 20
122.840745
 10
234.583927
 20
122.840745
  0
INSERT
  5
3D9
330
1F
100
AcDbEntity
  8
SOL - PB - Arquitectura$0$VI - 4
100
AcDbBlockReference
  2
SOL - PB - Arquitectura$0$malla_shullman_planta
 10
234.576222
 20
121.366254
 30
0.0
 41
0.999733
 42
0.999733
 43
0.999733
 50
270.0
  0
INSERT
  5
3DF
330
1F
100
AcDbEntity
  8
SOL - PB - Arquitectura$0$VI - 4
100
AcDbBlockReference
  2
SOL - PB - Arquitectura$0$malla_shullman_planta
 10
234.576222
 20
121.466227
 30
0.0
 41
0.999733
 42
0.999733
 43
0.999733
 50
270.0
  0
INSERT
  5
3E0
330
1F
100
AcDbEntity
  8
SOL - PB - Arquitectura$0$VI - 4
100
AcDbBlockReference
  2
SOL - PB - Arquitectura$0$malla_shullman_planta
 10
234.576222
 20
121.566201
 30
0.0
 41
0.999733
 42
0.999733
 43
0.999733
 50
270.0
  0
INSERT
  5
3E1
330
1F
100
AcDbEntity
  8
SOL - PB - Arquitectura$0$VI - 4
100
AcDbBlockReference
  2
SOL - PB - Arquitectura$0$malla_shullman_planta
 10
234.576222
 20
121.666174
 30
0.0
 41
0.999733
 42
0.999733
 43
0.999733
 50
270.0
  0
INSERT
  5
3E2
330
1F
100
AcDbEntity
  8
SOL - PB - Arquitectura$0$VI - 4
100
AcDbBlockReference
  2
SOL - PB - Arquitectura$0$malla_shullman_planta
 10
234.576222
 20
121.766147
 30
0.0
 41
0.999733
 42
0.999733
 43
0.999733
 50
270.0
  0
INSERT
  5
3E3
330
1F
100
AcDbEntity
  8
SOL - PB - Arquitectura$0$VI - 4
100
AcDbBlockReference
  2
SOL - PB - Arquitectura$0$malla_shullman_planta
 10
234.576222
 20
121.866121
 30
0.0
 41
0.999733
 42
0.999733
 43
0.999733
 50
270.0
  0
INSERT
  5
3E4
330
1F
100
AcDbEntity
  8
SOL - PB - Arquitectura$0$VI - 4
100
AcDbBlockReference
  2
SOL - PB - Arquitectura$0$malla_shullman_planta
 10
234.576222
 20
121.966094
 30
0.0
 41
0.999733
 42
0.999733
 43
0.999733
 50
270.0
  0
INSERT
  5
3E5
330
1F
100
AcDbEntity
  8
SOL - PB - Arquitectura$0$VI - 4
100
AcDbBlockReference
  2
SOL - PB - Arquitectura$0$malla_shullman_planta
 10
234.576222
 20
122.066067
 30
0.0
 41
0.999733
 42
0.999733
 43
0.999733
 50
270.0
  0
INSERT
  5
3E6
330
1F
100
AcDbEntity
  8
SOL - PB - Arquitectura$0$VI - 4
100
AcDbBlockReference
  2
SOL - PB - Arquitectura$0$malla_shullman_planta
 10
234.576222
 20
122.166041
 30
0.0
 41
0.999733
 42
0.999733
 43
0.999733
 50
270.0
  0
INSERT
  5
3E7
330
1F
100
AcDbEntity
  8
SOL - PB - Arquitectura$0$VI - 4
100
AcDbBlockReference
  2
SOL - PB - Arquitectura$0$malla_shullman_planta
 10
234.576222
 20
122.266014
 30
0.0
 41
0.999733
 42
0.999733
 43
0.999733
 50
270.0
  0
INSERT
  5
3E8
330
1F
100
AcDbEntity
  8
SOL - PB - Arquitectura$0$VI - 4
100
AcDbBlockReference
  2
SOL - PB - Arquitectura$0$malla_shullman_planta
 10
234.576222
 20
122.365987
 30
0.0
 41
0.999733
 42
0.999733
 43
0.999733
 50
270.0
  0
INSERT
  5
3E9
330
1F
100
AcDbEntity
  8
SOL - PB - Arquitectura$0$VI - 4
100
AcDbBlockReference
  2
SOL - PB - Arquitectura$0$malla_shullman_planta
 10
234.576222
 20
122.465961
 30
0.0
 41
0.999733
 42
0.999733
 43
0.999733
 50
270.0
  0
INSERT
  5
3EA
330
1F
100
AcDbEntity
  8
SOL - PB - Arquitectura$0$VI - 4
100
AcDbBlockReference
  2
SOL - PB - Arquitectura$0$malla_shullman_planta
 10
234.576222
 20
122.565934
 30
0.0
 41
0.999733
 42
0.999733
 43
0.999733
 50
270.0
  0
INSERT
  5
3EB
330
1F
100
AcDbEntity
  8
SOL - PB - Arquitectura$0$VI - 4
100
AcDbBlockReference
  2
SOL - PB - Arquitectura$0$malla_shullman_planta
 10
234.576222
 20
122.665907
 30
0.0
 41
0.999733
 42
0.999733
 43
0.999733
 50
270.0
  0
INSERT
  5
3EC
330
1F
100
AcDbEntity
  8
SOL - PB - Arquitectura$0$VI - 4
100
AcDbBlockReference
  2
SOL - PB - Arquitectura$0$malla_shullman_planta
 10
234.576222
 20
122.765881
 30
0.0
 41
0.999733
 42
0.999733
 43
0.999733
 50
270.0
  0
INSERT
  5
3ED
330
1F
100
AcDbEntity
  8
SOL - PB - Arquitectura$0$VI - 4
100
AcDbBlockReference
  2
SOL - PB - Arquitectura$0$malla_shullman_planta
 10
234.576222
 20
122.865854
 30
0.0
 41
0.999733
 42
0.999733
 43
0.999733
 50
270.0
  0
INSERT
  5
3EE
330
1F
100
AcDbEntity
  8
SOL - PB - Arquitectura$0$VI - 4
100
AcDbBlockReference
  2
SOL - PB - Arquitectura$0$malla_shullman_planta
 10
234.576222
 20
122.965827
 30
0.0
 41
0.999733
 42
0.999733
 43
0.999733
 50
270.0
  0
INSERT
  5
3EF
330
1F
100
AcDbEntity
  8
SOL - PB - Arquitectura$0$VI - 4
100
AcDbBlockReference
  2
SOL - PB - Arquitectura$0$malla_shullman_planta
 10
234.576222
 20
123.065801
 30
0.0
 41
0.999733
 42
0.999733
 43
0.999733
 50
270.0
  0
INSERT
  5
3F0
330
1F
100
AcDbEntity
  8
SOL - PB - Arquitectura$0$VI - 4
100
AcDbBlockReference
  2
SOL - PB - Arquitectura$0$malla_shullman_planta
 10
234.576222
 20
123.165774
 30
0.0
 41
0.999733
 42
0.999733
 43
0.999733
 50
270.0
  0
INSERT
  5
3F1
330
1F
100
AcDbEntity
  8
SOL - PB - Arquitectura$0$VI - 4
100
AcDbBlockReference
  2
SOL - PB - Arquitectura$0$malla_shullman_planta
 10
234.576222
 20
123.265747
 30
0.0
 41
0.999733
 42
0.999733
 43
0.999733
 50
270.0
  0
INSERT
  5
3F2
330
1F
100
AcDbEntity
  8
SOL - PB - Arquitectura$0$VI - 4
100
AcDbBlockReference
  2
SOL - PB - Arquitectura$0$malla_shullman_planta
 10
234.576222
 20
123.365721
 30
0.0
 41
0.999733
 42
0.999733
 43
0.999733
 50
270.0
  0
INSERT
  5
3F3
330
1F
100
AcDbEntity
  8
SOL - PB - Arquitectura$0$VI - 4
100
AcDbBlockReference
  2
SOL - PB - Arquitectura$0$malla_shullman_planta
 10
234.576222
 20
123.465694
 30
0.0
 41
0.999733
 42
0.999733
 43
0.999733
 50
270.0
  0
INSERT
  5
3F4
330
1F
100
AcDbEntity
  8
SOL - PB - Arquitectura$0$VI - 4
100
AcDbBlockReference
  2
SOL - PB - Arquitectura$0$malla_shullman_planta
 10
234.576222
 20
123.565667
 30
0.0
 41
0.999733
 42
0.999733
 43
0.999733
 50
270.0
  0
INSERT
  5
3F5
330
1F
100
AcDbEntity
  8
SOL - PB - Arquitectura$0$VI - 4
100
AcDbBlockReference
  2
SOL - PB - Arquitectura$0$malla_shullman_planta
 10
234.576222
 20
123.665641
 30
0.0
 41
0.999733
 42
0.999733
 43
0.999733
 50
270.0
  0
HATCH
  5
3F6
330
1F
100
AcDbEntity
  8
0
 62
     7
100
AcDbHatch
 10
0.0
 20
0.0
 30
0.0
210
0.0
220
0.0
230
1.0
  2
SOLID
 70
     1
 71
     1
 91
        1
 92
        1
 93
        7
 72
     1
 10
234.5710105958076
 20
121.3704139277681
 11
234.6028105958073
 21
121.3704139277681
 72
     1
 10
234.6028105958073
 20
121.3704139277681
 11
234.6028105958073
 21
121.3752139277687
 72
     1
 10
234.6028105958073
 20
121.3752139277687
 11
234.5758105958078
 21
121.3752139277687
 72
     1
 10
234.5758105958078
 20
121.3752139277687
 11
234.5758105958078
 21
121.4022139277688
 72
     1
 10
234.5758105958078
 20
121.4022139277688
 11
234.5710105958076
 21
121.4022139277688
 72
     1
 10
234.5710105958076
 20
121.4022139277688
 11
234.5710105958076
 21
121.3704139277681
 72
     1
 10
234.5710105958076
 20
121.3704139277681
 11
234.5710105958076
 21
121.3704139277681
 97
        1
330
3F7
 75
     0
 76
     1
 98
        1
 10
52.23068423017391
 20
-187.3356164849364
1001
ACAD
1010
0.0
1020
0.0
1030
0.0
  0
LWPOLYLINE
  5
3F7
102
{ACAD_REACTORS
330
3F6
102
}
330
1F
100
AcDbEntity
  8
0
 62
   253
100
AcDbPolyline
 90
        7
 70
     1
 43
0.0
 10
234.571011
 20
121.370414
 10
234.602811
 20
121.370414
 10
234.602811
 20
121.375214
 10
234.575811
 20
121.375214
 10
234.575811
 20
121.402214
 10
234.571011
 20
121.402214
 10
234.571011
 20
121.370414
  0
HATCH
  5
3F8
330
1F
100
AcDbEntity
  8
0
 62
     7
100
AcDbHatch
 10
0.0
 20
0.0
 30
0.0
210
0.0
220
0.0
230
1.0
  2
SOLID
 70
     1
 71
     0
 91
        1
 92
        1
 93
        4
 72
     1
 10
234.5839265958077
 20
121.3752139277687
 11
234.5839265958077
 21
121.4006139277683
 72
     1
 10
234.5839265958077
 20
121.4006139277683
 11
234.5871065958074
 21
121.4006139277683
 72
     1
 10
234.5871065958074
 20
121.4006139277683
 11
234.5871065958074
 21
121.3752139277687
 72
     1
 10
234.5871065958074
 20
121.3752139277687
 11
234.5839265958077
 21
121.3752139277687
 97
        0
 75
     0
 76
     1
 98
        1
 10
52.23068423017391
 20
-187.3356164849364
1001
ACAD
1010
0.0
1020
0.0
1030
0.0
  0
INSERT
  5
3F9
330
1F
100
AcDbEntity
  8
SOL - PB - Arquitectura$0$VI - 4
100
AcDbBlockReference
  2
SOL - PB - Arquitectura$0$malla_shullman_planta
 10
234.576222
 20
123.765614
 30
0.0
 41
0.999733
 42
0.999733
 43
0.999733
 50
270.0
  0
INSERT
  5
3FA
330
1F
100
AcDbEntity
  8
SOL - PB - Arquitectura$0$VI - 4
100
AcDbBlockReference
  2
SOL - PB - Arquitectura$0$malla_shullman_planta
 10
234.576222
 20
123.865587
 30
0.0
 41
0.999733
 42
0.999733
 43
0.999733
 50
270.0
  0
INSERT
  5
3FB
330
1F
100
AcDbEntity
  8
SOL - PB - Arquitectura$0$VI - 4
100
AcDbBlockReference
  2
SOL - PB - Arquitectura$0$malla_shullman_planta
 10
234.576222
 20
123.965561
 30
0.0
 41
0.999733
 42
0.999733
 43
0.999733
 50
270.0
  0
INSERT
  5
3FC
330
1F
100
AcDbEntity
  8
SOL - PB - Arquitectura$0$VI - 4
100
AcDbBlockReference
  2
SOL - PB - Arquitectura$0$malla_shullman_planta
 10
234.576222
 20
124.065534
 30
0.0
 41
0.999733
 42
0.999733
 43
0.999733
 50
270.0
  0
INSERT
  5
3FD
330
1F
100
AcDbEntity
  8
SOL - PB - Arquitectura$0$VI - 4
100
AcDbBlockReference
  2
SOL - PB - Arquitectura$0$malla_shullman_planta
 10
234.576222
 20
124.165507
 30
0.0
 41
0.999733
 42
0.999733
 43
0.999733
 50
270.0
  0
INSERT
  5
3FE
330
1F
100
AcDbEntity
  8
SOL - PB - Arquitectura$0$VI - 4
100
AcDbBlockReference
  2
SOL - PB - Arquitectura$0$malla_shullman_planta
 10
234.576222
 20
124.265481
 30
0.0
 41
0.999733
 42
0.999733
 43
0.999733
 50
270.0
  0
HATCH
  5
3FF
330
1F
100
AcDbEntity
  8
0
 62
     7
100
AcDbHatch
 10
0.0
 20
0.0
 30
0.0
210
0.0
220
0.0
230
1.0
  2
SOLID
 70
     1
 71
     1
 91
        1
 92
        1
 93
        7
 72
     1
 10
234.5710105958079
 20
124.3804139277677
 11
234.6028105958076
 21
124.3804139277677
 72
     1
 10
234.6028105958076
 20
124.3804139277677
 11
234.6028105958076
 21
124.3756139277671
 72
     1
 10
234.6028105958076
 20
124.3756139277671
 11
234.575810595808
 21
124.3756139277671
 72
     1
 10
234.575810595808
 20
124.3756139277671
 11
234.575810595808
 21
124.3486139277671
 72
     1
 10
234.575810595808
 20
124.3486139277671
 11
234.5710105958079
 21
124.3486139277671
 72
     1
 10
234.5710105958079
 20
124.3486139277671
 11
234.5710105958079
 21
124.3804139277677
 72
     1
 10
234.5710105958079
 20
124.3804139277677
 11
234.5710105958079
 21
124.3804139277677
 97
        1
330
400
 75
     0
 76
     1
 98
        1
 10
52.23068423017411
 20
433.0864443404722
1001
ACAD
1010
0.0
1020
0.0
1030
0.0
  0
LWPOLYLINE
  5
400
102
{ACAD_REACTORS
330
3FF
102
}
330
1F
100
AcDbEntity
  8
0
 62
   253
100
AcDbPolyline
 90
        7
 70
     1
 43
0.0
 10
234.571011
 20
124.380414
 10
234.602811
 20
124.380414
 10
234.602811
 20
124.375614
 10
234.575811
 20
124.375614
 10
234.575811
 20
124.348614
 10
234.571011
 20
124.348614
 10
234.571011
 20
124.380414
  0
HATCH
  5
401
330
1F
100
AcDbEntity
  8
0
 62
     7
100
AcDbHatch
 10
0.0
 20
0.0
 30
0.0
210
0.0
220
0.0
230
1.0
  2
SOLID
 70
     1
 71
     0
 91
        1
 92
        1
 93
        4
 72
     1
 10
234.583926595808
 20
124.3756139277671
 11
234.583926595808
 21
124.3502139277676
 72
     1
 10
234.583926595808
 20
124.3502139277676
 11
234.5871065958077
 21
124.3502139277676
 72
     1
 10
234.5871065958077
 20
124.3502139277676
 11
234.5871065958077
 21
124.3756139277671
 72
     1
 10
234.5871065958077
 20
124.3756139277671
 11
234.583926595808
 21
124.3756139277671
 97
        0
 75
     0
 76
     1
 98
        1
 10
52.23068423017411
 20
433.0864443404722
1001
ACAD
1010
0.0
1020
0.0
1030
0.0
  0
INSERT
  5
402
330
1F
100
AcDbEntity
  8
SOL - PB - Arquitectura$0$VI - 4
100
AcDbBlockReference
  2
SOL - PB - Arquitectura$0$malla_shullman_planta
 10
234.576222
 20
124.033391
 30
0.0
 41
0.999733
 42
0.999733
 43
0.999733
 50
270.0
  0
INSERT
  5
403
330
1F
100
AcDbEntity
  8
SOL - PB - Arquitectura$0$VI - 4
100
AcDbBlockReference
  2
SOL - PB - Arquitectura$0$malla_shullman_planta
 10
234.576222
 20
124.133365
 30
0.0
 41
0.999733
 42
0.999733
 43
0.999733
 50
270.0
  0
INSERT
  5
404
330
1F
100
AcDbEntity
  8
SOL - PB - Arquitectura$0$VI - 4
100
AcDbBlockReference
  2
SOL - PB - Arquitectura$0$malla_shullman_planta
 10
234.576222
 20
124.233338
 30
0.0
 41
0.999733
 42
0.999733
 43
0.999733
 50
270.0
  0
INSERT
  5
405
330
1F
100
AcDbEntity
  8
SOL - PB - Arquitectura$0$VI - 4
100
AcDbBlockReference
  2
SOL - PB - Arquitectura$0$malla_shullman_planta
 10
234.576222
 20
124.275641
 30
0.0
 41
0.999733
 42
0.999733
 43
0.999733
 50
270.0
  0
HATCH
  5
406
330
1F
100
AcDbEntity
  8
0
 62
     7
100
AcDbHatch
 10
0.0
 20
0.0
 30
0.0
210
0.0
220
0.0
230
1.0
  2
SOLID
 70
     1
 71
     1
 91
        1
 92
        1
 93
        7
 72
     1
 10
234.5718285332035
 20
124.3712318653499
 11
234.6036285332033
 21
124.3712318653499
 72
     1
 10
234.6036285332033
 20
124.3712318653499
 11
234.6036285332033
 21
124.3664318653493
 72
     1
 10
234.6036285332033
 20
124.3664318653493
 11
234.5766285332037
 21
124.3664318653493
 72
     1
 10
234.5766285332037
 20
124.3664318653493
 11
234.5766285332037
 21
124.3394318653492
 72
     1
 10
234.5766285332037
 20
124.3394318653492
 11
234.5718285332035
 21
124.3394318653492
 72
     1
 10
234.5718285332035
 20
124.3394318653492
 11
234.5718285332035
 21
124.3712318653499
 72
     1
 10
234.5718285332035
 20
124.3712318653499
 11
234.5718285332035
 21
124.3712318653499
 97
        1
330
407
 75
     0
 76
     1
 98
        1
 10
52.23150216756984
 20
433.0772622780543
1001
ACAD
1010
0.0
1020
0.0
1030
0.0
  0
LWPOLYLINE
  5
407
102
{ACAD_REACTORS
330
406
102
}
330
1F
100
AcDbEntity
  8
0
 62
   253
100
AcDbPolyline
 90
        7
 70
     1
 43
0.0
 10
234.571829
 20
124.371232
 10
234.603629
 20
124.371232
 10
234.603629
 20
124.366432
 10
234.576629
 20
124.366432
 10
234.576629
 20
124.339432
 10
234.571829
 20
124.339432
 10
234.571829
 20
124.371232
  0
HATCH
  5
408
330
1F
100
AcDbEntity
  8
0
 62
     7
100
AcDbHatch
 10
0.0
 20
0.0
 30
0.0
210
0.0
220
0.0
230
1.0
  2
SOLID
 70
     1
 71
     0
 91
        1
 92
        1
 93
        4
 72
     1
 10
234.5847445332037
 20
124.3664318653493
 11
234.5847445332037
 21
124.3410318653497
 72
     1
 10
234.5847445332037
 20
124.3410318653497
 11
234.5879245332034
 21
124.3410318653497
 72
     1
 10
234.5879245332034
 20
124.3410318653497
 11
234.5879245332034
 21
124.3664318653493
 72
     1
 10
234.5879245332034
 20
124.3664318653493
 11
234.5847445332037
 21
124.3664318653493
 97
        0
 75
     0
 76
     1
 98
        1
 10
52.23150216756984
 20
433.0772622780543
1001
ACAD
1010
0.0
1020
0.0
1030
0.0
  0
INSERT
  5
409
330
1F
100
AcDbEntity
  8
SOL - PB - Arquitectura$0$VI - 4
100
AcDbBlockReference
  2
SOL - PB - Arquitectura$0$malla_shullman_planta
 10
234.57704
 20
124.266299
 30
0.0
 41
0.999733
 42
0.999733
 43
0.999733
 50
270.0
  0
HATCH
  5
40A
330
1F
100
AcDbEntity
  8
0
 62
     7
100
AcDbHatch
 10
0.0
 20
0.0
 30
0.0
210
0.0
220
0.0
230
1.0
  2
SOLID
 70
     1
 71
     1
 91
        1
 92
        1
 93
        7
 72
     1
 10
225.2301833917517
 20
124.4295867237111
 11
225.2301833917517
 21
124.3977867237114
 72
     1
 10
225.2301833917517
 20
124.3977867237114
 11
225.2253833917511
 21
124.3977867237114
 72
     1
 10
225.2253833917511
 20
124.3977867237114
 11
225.2253833917511
 21
124.424786723711
 72
     1
 10
225.2253833917511
 20
124.424786723711
 11
225.198383391751
 21
124.424786723711
 72
     1
 10
225.198383391751
 20
124.424786723711
 11
225.198383391751
 21
124.4295867237111
 72
     1
 10
225.198383391751
 20
124.4295867237111
 11
225.2301833917517
 21
124.4295867237111
 72
     1
 10
225.2301833917517
 20
124.4295867237111
 11
225.2301833917517
 21
124.4295867237111
 97
        1
330
40B
 75
     0
 76
     1
 98
        1
 10
533.9362138044562
 20
306.7699130893448
1001
ACAD
1010
0.0
1020
0.0
1030
0.0
  0
LWPOLYLINE
  5
40B
102
{ACAD_REACTORS
330
40A
102
}
330
1F
100
AcDbEntity
  8
0
 62
   253
100
AcDbPolyline
 90
        7
 70
     1
 43
0.0
 10
225.230183
 20
124.429587
 10
225.230183
 20
124.397787
 10
225.225383
 20
124.397787
 10
225.225383
 20
124.424787
 10
225.198383
 20
124.424787
 10
225.198383
 20
124.429587
 10
225.230183
 20
124.429587
  0
HATCH
  5
40C
330
1F
100
AcDbEntity
  8
0
 62
     7
100
AcDbHatch
 10
0.0
 20
0.0
 30
0.0
210
0.0
220
0.0
230
1.0
  2
SOLID
 70
     1
 71
     0
 91
        1
 92
        1
 93
        4
 72
     1
 10
225.2253833917511
 20
124.416670723711
 11
225.1999833917515
 21
124.416670723711
 72
     1
 10
225.1999833917515
 20
124.416670723711
 11
225.1999833917515
 21
124.4134907237113
 72
     1
 10
225.1999833917515
 20
124.4134907237113
 11
225.2253833917511
 21
124.4134907237113
 72
     1
 10
225.2253833917511
 20
124.4134907237113
 11
225.2253833917511
 21
124.416670723711
 97
        0
 75
     0
 76
     1
 98
        1
 10
533.9362138044562
 20
306.7699130893448
1001
ACAD
1010
0.0
1020
0.0
1030
0.0
  0
LWPOLYLINE
  5
40D
330
1F
100
AcDbEntity
  8
0
 62
   253
100
AcDbPolyline
 90
        5
 70
     1
 43
0.0
 10
223.700515
 20
124.416671
 10
223.675115
 20
124.416671
 10
223.675115
 20
124.413491
 10
223.700515
 20
124.413491
 10
223.700515
 20
124.416671
  0
INSERT
  5
40E
330
1F
100
AcDbEntity
  8
SOL - PB - Arquitectura$0$VI - 4
100
AcDbBlockReference
  2
SOL - PB - Arquitectura$0$malla_shullman_planta
 10
223.525677
 20
124.424375
 30
0.0
 41
0.999733
 42
0.999733
 43
0.999733
 50
180.0
  0
INSERT
  5
40F
330
1F
100
AcDbEntity
  8
SOL - PB - Arquitectura$0$VI - 4
100
AcDbBlockReference
  2
SOL - PB - Arquitectura$0$malla_shullman_planta
 10
223.62565
 20
124.424375
 30
0.0
 41
0.999733
 42
0.999733
 43
0.999733
 50
180.0
  0
INSERT
  5
410
330
1F
100
AcDbEntity
  8
SOL - PB - Arquitectura$0$VI - 4
100
AcDbBlockReference
  2
SOL - PB - Arquitectura$0$malla_shullman_planta
 10
223.725623
 20
124.424375
 30
0.0
 41
0.999733
 42
0.999733
 43
0.999733
 50
180.0
  0
INSERT
  5
411
330
1F
100
AcDbEntity
  8
SOL - PB - Arquitectura$0$VI - 4
100
AcDbBlockReference
  2
SOL - PB - Arquitectura$0$malla_shullman_planta
 10
223.825597
 20
124.424375
 30
0.0
 41
0.999733
 42
0.999733
 43
0.999733
 50
180.0
  0
INSERT
  5
412
330
1F
100
AcDbEntity
  8
SOL - PB - Arquitectura$0$VI - 4
100
AcDbBlockReference
  2
SOL - PB - Arquitectura$0$malla_shullman_planta
 10
223.92557
 20
124.424375
 30
0.0
 41
0.999733
 42
0.999733
 43
0.999733
 50
180.0
  0
INSERT
  5
413
330
1F
100
AcDbEntity
  8
SOL - PB - Arquitectura$0$VI - 4
100
AcDbBlockReference
  2
SOL - PB - Arquitectura$0$malla_shullman_planta
 10
224.025543
 20
124.424375
 30
0.0
 41
0.999733
 42
0.999733
 43
0.999733
 50
180.0
  0
INSERT
  5
414
330
1F
100
AcDbEntity
  8
SOL - PB - Arquitectura$0$VI - 4
100
AcDbBlockReference
  2
SOL - PB - Arquitectura$0$malla_shullman_planta
 10
224.125517
 20
124.424375
 30
0.0
 41
0.999733
 42
0.999733
 43
0.999733
 50
180.0
  0
INSERT
  5
415
330
1F
100
AcDbEntity
  8
SOL - PB - Arquitectura$0$VI - 4
100
AcDbBlockReference
  2
SOL - PB - Arquitectura$0$malla_shullman_planta
 10
224.22549
 20
124.424375
 30
0.0
 41
0.999733
 42
0.999733
 43
0.999733
 50
180.0
  0
INSERT
  5
416
330
1F
100
AcDbEntity
  8
SOL - PB - Arquitectura$0$VI - 4
100
AcDbBlockReference
  2
SOL - PB - Arquitectura$0$malla_shullman_planta
 10
224.325463
 20
124.424375
 30
0.0
 41
0.999733
 42
0.999733
 43
0.999733
 50
180.0
  0
INSERT
  5
417
330
1F
100
AcDbEntity
  8
SOL - PB - Arquitectura$0$VI - 4
100
AcDbBlockReference
  2
SOL - PB - Arquitectura$0$malla_shullman_planta
 10
224.425437
 20
124.424375
 30
0.0
 41
0.999733
 42
0.999733
 43
0.999733
 50
180.0
  0
INSERT
  5
418
330
1F
100
AcDbEntity
  8
SOL - PB - Arquitectura$0$VI - 4
100
AcDbBlockReference
  2
SOL - PB - Arquitectura$0$malla_shullman_planta
 10
224.52541
 20
124.424375
 30
0.0
 41
0.999733
 42
0.999733
 43
0.999733
 50
180.0
  0
INSERT
  5
419
330
1F
100
AcDbEntity
  8
SOL - PB - Arquitectura$0$VI - 4
100
AcDbBlockReference
  2
SOL - PB - Arquitectura$0$malla_shullman_planta
 10
224.625383
 20
124.424375
 30
0.0
 41
0.999733
 42
0.999733
 43
0.999733
 50
180.0
  0
INSERT
  5
41A
330
1F
100
AcDbEntity
  8
SOL - PB - Arquitectura$0$VI - 4
100
AcDbBlockReference
  2
SOL - PB - Arquitectura$0$malla_shullman_planta
 10
224.725357
 20
124.424375
 30
0.0
 41
0.999733
 42
0.999733
 43
0.999733
 50
180.0
  0
INSERT
  5
41B
330
1F
100
AcDbEntity
  8
SOL - PB - Arquitectura$0$VI - 4
100
AcDbBlockReference
  2
SOL - PB - Arquitectura$0$malla_shullman_planta
 10
224.82533
 20
124.424375
 30
0.0
 41
0.999733
 42
0.999733
 43
0.999733
 50
180.0
  0
INSERT
  5
41C
330
1F
100
AcDbEntity
  8
SOL - PB - Arquitectura$0$VI - 4
100
AcDbBlockReference
  2
SOL - PB - Arquitectura$0$malla_shullman_planta
 10
224.925303
 20
124.424375
 30
0.0
 41
0.999733
 42
0.999733
 43
0.999733
 50
180.0
  0
INSERT
  5
41D
330
1F
100
AcDbEntity
  8
SOL - PB - Arquitectura$0$VI - 4
100
AcDbBlockReference
  2
SOL - PB - Arquitectura$0$malla_shullman_planta
 10
225.025277
 20
124.424375
 30
0.0
 41
0.999733
 42
0.999733
 43
0.999733
 50
180.0
  0
INSERT
  5
41E
330
1F
100
AcDbEntity
  8
SOL - PB - Arquitectura$0$VI - 4
100
AcDbBlockReference
  2
SOL - PB - Arquitectura$0$malla_shullman_planta
 10
225.12525
 20
124.424375
 30
0.0
 41
0.999733
 42
0.999733
 43
0.999733
 50
180.0
  0
LINE
  5
41F
330
1F
100
AcDbEntity
  8
0
  6
Continuous
 62
     1
100
AcDbLine
 10
223.514086
 20
103.234792
 30
0.0
 11
223.514086
 21
103.676526
 31
0.0
  0
LINE
  5
420
330
1F
100
AcDbEntity
  8
0
  6
Continuous
100
AcDbLine
 10
223.574086
 20
103.234792
 30
0.0
 11
223.574086
 21
103.676526
 31
0.0
  0
INSERT
  5
421
330
1F
100
AcDbEntity
  8
SOL - PB - Arquitectura$0$VI - 4
100
AcDbBlockReference
  2
SOL - PB - Arquitectura$0$malla_shullman_planta
 10
234.576222
 20
100.424279
 30
0.0
 41
0.999733
 42
0.999733
 43
0.999733
 50
270.0
  0
INSERT
  5
422
330
1F
100
AcDbEntity
  8
SOL - PB - Arquitectura$0$VI - 4
100
AcDbBlockReference
  2
SOL - PB - Arquitectura$0$malla_shullman_planta
 10
234.576222
 20
100.524252
 30
0.0
 41
0.999733
 42
0.999733
 43
0.999733
 50
270.0
  0
INSERT
  5
423
330
1F
100
AcDbEntity
  8
SOL - PB - Arquitectura$0$VI - 4
100
AcDbBlockReference
  2
SOL - PB - Arquitectura$0$malla_shullman_planta
 10
234.576222
 20
100.624225
 30
0.0
 41
0.999733
 42
0.999733
 43
0.999733
 50
270.0
  0
INSERT
  5
424
330
1F
100
AcDbEntity
  8
SOL - PB - Arquitectura$0$VI - 4
100
AcDbBlockReference
  2
SOL - PB - Arquitectura$0$malla_shullman_planta
 10
234.576222
 20
100.724199
 30
0.0
 41
0.999733
 42
0.999733
 43
0.999733
 50
270.0
  0
INSERT
  5
425
330
1F
100
AcDbEntity
  8
SOL - PB - Arquitectura$0$VI - 4
100
AcDbBlockReference
  2
SOL - PB - Arquitectura$0$malla_shullman_planta
 10
234.576222
 20
100.824172
 30
0.0
 41
0.999733
 42
0.999733
 43
0.999733
 50
270.0
  0
INSERT
  5
426
330
1F
100
AcDbEntity
  8
SOL - PB - Arquitectura$0$VI - 4
100
AcDbBlockReference
  2
SOL - PB - Arquitectura$0$malla_shullman_planta
 10
234.576222
 20
100.924145
 30
0.0
 41
0.999733
 42
0.999733
 43
0.999733
 50
270.0
  0
INSERT
  5
427
330
1F
100
AcDbEntity
  8
SOL - PB - Arquitectura$0$VI - 4
100
AcDbBlockReference
  2
SOL - PB - Arquitectura$0$malla_shullman_planta
 10
234.576222
 20
101.024119
 30
0.0
 41
0.999733
 42
0.999733
 43
0.999733
 50
270.0
  0
INSERT
  5
428
330
1F
100
AcDbEntity
  8
SOL - PB - Arquitectura$0$VI - 4
100
AcDbBlockReference
  2
SOL - PB - Arquitectura$0$malla_shullman_planta
 10
234.576222
 20
101.124092
 30
0.0
 41
0.999733
 42
0.999733
 43
0.999733
 50
270.0
  0
INSERT
  5
429
330
1F
100
AcDbEntity
  8
SOL - PB - Arquitectura$0$VI - 4
100
AcDbBlockReference
  2
SOL - PB - Arquitectura$0$malla_shullman_planta
 10
234.576222
 20
101.224065
 30
0.0
 41
0.999733
 42
0.999733
 43
0.999733
 50
270.0
  0
INSERT
  5
42A
330
1F
100
AcDbEntity
  8
SOL - PB - Arquitectura$0$VI - 4
100
AcDbBlockReference
  2
SOL - PB - Arquitectura$0$malla_shullman_planta
 10
234.576222
 20
101.324039
 30
0.0
 41
0.999733
 42
0.999733
 43
0.999733
 50
270.0
  0
INSERT
  5
42B
330
1F
100
AcDbEntity
  8
SOL - PB - Arquitectura$0$VI - 4
100
AcDbBlockReference
  2
SOL - PB - Arquitectura$0$malla_shullman_planta
 10
234.576222
 20
101.474012
 30
0.0
 41
0.999733
 42
0.999733
 43
0.999733
 50
270.0
  0
INSERT
  5
42C
330
1F
100
AcDbEntity
  8
SOL - PB - Arquitectura$0$VI - 4
100
AcDbBlockReference
  2
SOL - PB - Arquitectura$0$malla_shullman_planta
 10
234.576222
 20
101.573985
 30
0.0
 41
0.999733
 42
0.999733
 43
0.999733
 50
270.0
  0
INSERT
  5
42D
330
1F
100
AcDbEntity
  8
SOL - PB - Arquitectura$0$VI - 4
100
AcDbBlockReference
  2
SOL - PB - Arquitectura$0$malla_shullman_planta
 10
234.576222
 20
101.673959
 30
0.0
 41
0.999733
 42
0.999733
 43
0.999733
 50
270.0
  0
HATCH
  5
42E
330
1F
100
AcDbEntity
  8
0
 62
     7
100
AcDbHatch
 10
0.0
 20
0.0
 30
0.0
210
0.0
220
0.0
230
1.0
  2
SOLID
 70
     1
 71
     1
 91
        1
 92
        1
 93
        7
 72
     1
 10
234.5710105956211
 20
100.4284386835665
 11
234.6028105956208
 21
100.4284386835665
 72
     1
 10
234.6028105956208
 20
100.4284386835665
 11
234.6028105956208
 21
100.4332386835671
 72
     1
 10
234.6028105956208
 20
100.4332386835671
 11
234.5758105956212
 21
100.4332386835671
 72
     1
 10
234.5758105956212
 20
100.4332386835671
 11
234.5758105956212
 21
100.4602386835672
 72
     1
 10
234.5758105956212
 20
100.4602386835672
 11
234.5710105956211
 21
100.4602386835672
 72
     1
 10
234.5710105956211
 20
100.4602386835672
 11
234.5710105956211
 21
100.4284386835665
 72
     1
 10
234.5710105956211
 20
100.4284386835665
 11
234.5710105956211
 21
100.4284386835665
 97
        1
330
42F
 75
     0
 76
     1
 98
        1
 10
52.23068422998726
 20
-208.2775917291379
1001
ACAD
1010
0.0
1020
0.0
1030
0.0
  0
LWPOLYLINE
  5
42F
102
{ACAD_REACTORS
330
42E
102
}
330
1F
100
AcDbEntity
  8
0
 62
   253
100
AcDbPolyline
 90
        7
 70
     1
 43
0.0
 10
234.571011
 20
100.428439
 10
234.602811
 20
100.428439
 10
234.602811
 20
100.433239
 10
234.575811
 20
100.433239
 10
234.575811
 20
100.460239
 10
234.571011
 20
100.460239
 10
234.571011
 20
100.428439
  0
HATCH
  5
430
330
1F
100
AcDbEntity
  8
0
 62
     7
100
AcDbHatch
 10
0.0
 20
0.0
 30
0.0
210
0.0
220
0.0
230
1.0
  2
SOLID
 70
     1
 71
     0
 91
        1
 92
        1
 93
        4
 72
     1
 10
234.5839265956212
 20
100.4332386835671
 11
234.5839265956212
 21
100.4586386835666
 72
     1
 10
234.5839265956212
 20
100.4586386835666
 11
234.5871065956209
 21
100.4586386835666
 72
     1
 10
234.5871065956209
 20
100.4586386835666
 11
234.5871065956209
 21
100.4332386835671
 72
     1
 10
234.5871065956209
 20
100.4332386835671
 11
234.5839265956212
 21
100.4332386835671
 97
        0
 75
     0
 76
     1
 98
        1
 10
52.23068422998726
 20
-208.2775917291379
1001
ACAD
1010
0.0
1020
0.0
1030
0.0
  0
LWPOLYLINE
  5
431
330
1F
100
AcDbEntity
  8
BL - Montaje
 62
     0
100
AcDbPolyline
 90
        2
 70
     0
 43
0.0
 10
223.428213
 20
79.916681
 10
234.988169
 20
79.916681
  0
INSERT
  5
432
330
1F
100
AcDbEntity
  8
HER - Rejas - Malla 1x1
100
AcDbBlockReference
  2
HER - Puerta corrediza - 1 hoja - 3m - col 100
 10
234.529365
 20
105.771436
 30
0.0
  0
INSERT
  5
47C
330
1F
100
AcDbEntity
  8
ALM - Rack de Pallet - Conjunto
100
AcDbBlockReference
  2
Rack 2300mm
 10
-77.8874
 20
77.841199
 30
0.0
  0
INSERT
  5
490
330
1F
100
AcDbEntity
  8
ALM - Rack de Pallet - Conjunto
100
AcDbBlockReference
  2
Rack 2300mm
 10
-77.8874
 20
75.441199
 30
0.0
  0
INSERT
  5
491
330
1F
100
AcDbEntity
  8
ALM - Rack de Pallet - Conjunto
100
AcDbBlockReference
  2
Rack 2300mm
 10
-77.8874
 20
73.041199
 30
0.0
  0
INSERT
  5
492
330
1F
100
AcDbEntity
  8
ALM - Rack de Pallet - Conjunto
100
AcDbBlockReference
  2
Rack 2300mm
 10
-77.8874
 20
70.641199
 30
0.0
  0
INSERT
  5
493
330
1F
100
AcDbEntity
  8
ALM - Rack de Pallet - Conjunto
100
AcDbBlockReference
  2
Rack 2300mm
 10
-77.8874
 20
68.241199
 30
0.0
  0
INSERT
  5
494
330
1F
100
AcDbEntity
  8
ALM - Rack de Pallet - Conjunto
 62
     5
100
AcDbBlockReference
  2
Rack 2300mm
 10
-77.8874
 20
65.841199
 30
0.0
  0
INSERT
  5
495
330
1F
100
AcDbEntity
  8
ALM - Rack de Pallet - Conjunto
100
AcDbBlockReference
  2
Rack 2300mm
 10
530.443826
 20
77.841199
 30
0.0
 41
-1.0
  0
INSERT
  5
496
330
1F
100
AcDbEntity
  8
ALM - Rack de Pallet - Conjunto
100
AcDbBlockReference
  2
Rack 2300mm
 10
530.443826
 20
75.441199
 30
0.0
 41
-1.0
  0
INSERT
  5
497
330
1F
100
AcDbEntity
  8
ALM - Rack de Pallet - Conjunto
100
AcDbBlockReference
  2
Rack 2300mm
 10
530.443826
 20
73.041199
 30
0.0
 41
-1.0
  0
INSERT
  5
498
330
1F
100
AcDbEntity
  8
ALM - Rack de Pallet - Conjunto
100
AcDbBlockReference
  2
Rack 2300mm
 10
530.443826
 20
70.641199
 30
0.0
 41
-1.0
  0
INSERT
  5
499
330
1F
100
AcDbEntity
  8
ALM - Rack de Pallet - Conjunto
100
AcDbBlockReference
  2
Rack 2300mm
 10
530.443826
 20
68.241199
 30
0.0
 41
-1.0
  0
INSERT
  5
49A
330
1F
100
AcDbEntity
  8
ALM - Rack de Pallet - Conjunto
100
AcDbBlockReference
  2
Rack 2300mm
 10
530.443826
 20
65.841199
 30
0.0
 41
-1.0
  0
INSERT
  5
49B
330
1F
100
AcDbEntity
  8
ALM - Rack de Pallet - Conjunto
100
AcDbBlockReference
  2
Rack 2300mm
 10
-72.4874
 20
77.841199
 30
0.0
  0
INSERT
  5
49C
330
1F
100
AcDbEntity
  8
ALM - Rack de Pallet - Conjunto
100
AcDbBlockReference
  2
Rack 2300mm
 10
-72.4874
 20
75.441199
 30
0.0
  0
INSERT
  5
49D
330
1F
100
AcDbEntity
  8
ALM - Rack de Pallet - Conjunto
100
AcDbBlockReference
  2
Rack 2300mm
 10
-72.4874
 20
73.041199
 30
0.0
  0
INSERT
  5
49E
330
1F
100
AcDbEntity
  8
ALM - Rack de Pallet - Conjunto
100
AcDbBlockReference
  2
Rack 2300mm
 10
-72.4874
 20
70.641199
 30
0.0
  0
INSERT
  5
49F
330
1F
100
AcDbEntity
  8
ALM - Rack de Pallet - Conjunto
100
AcDbBlockReference
  2
Rack 2300mm
 10
-72.4874
 20
68.241199
 30
0.0
  0
INSERT
  5
4A0
330
1F
100
AcDbEntity
  8
ALM - Rack de Pallet - Conjunto
100
AcDbBlockReference
  2
Rack 2300mm
 10
-72.4874
 20
65.841199
 30
0.0
  0
INSERT
  5
4A1
330
1F
100
AcDbEntity
  8
ALM - Rack de Pallet - Conjunto
100
AcDbBlockReference
  2
Rack 2300mm
 10
-68.3874
 20
77.841199
 30
0.0
  0
INSERT
  5
4A2
330
1F
100
AcDbEntity
  8
ALM - Rack de Pallet - Conjunto
100
AcDbBlockReference
  2
Rack 2300mm
 10
-68.3874
 20
75.441199
 30
0.0
  0
INSERT
  5
4A3
330
1F
100
AcDbEntity
  8
ALM - Rack de Pallet - Conjunto
100
AcDbBlockReference
  2
Rack 2300mm
 10
-68.3874
 20
73.041199
 30
0.0
  0
INSERT
  5
4A4
330
1F
100
AcDbEntity
  8
ALM - Rack de Pallet - Conjunto
100
AcDbBlockReference
  2
Rack 2300mm
 10
-68.3874
 20
70.641199
 30
0.0
  0
INSERT
  5
4A5
330
1F
100
AcDbEntity
  8
ALM - Rack de Pallet - Conjunto
100
AcDbBlockReference
  2
Rack 2300mm
 10
-68.3874
 20
68.241199
 30
0.0
  0
INSERT
  5
4A6
330
1F
100
AcDbEntity
  8
ALM - Rack de Pallet - Conjunto
100
AcDbBlockReference
  2
Rack 2300mm
 10
-68.3874
 20
65.841199
 30
0.0
  0
INSERT
  5
4A7
330
1F
100
AcDbEntity
  8
EQ - Mobiliario
100
AcDbBlockReference
  2
OFT-MESA DE TRABAJO
 10
-441.144929
 20
-19.200863
 30
0.0
  0
INSERT
  5
4AE
330
1F
100
AcDbEntity
  8
EQ - Mobiliario
100
AcDbBlockReference
  2
IRI-OCASA-Layout R 9$1$OCA_SILLA
 10
225.757044
 20
98.279946
 30
0.011607
 50
90.0
  0
INSERT
  5
4BF
330
1F
100
AcDbEntity
  8
EQ - Mobiliario
100
AcDbBlockReference
  2
OFT-MESA DE TRABAJO
 10
-441.144929
 20
218.730613
 30
0.0
 41
-1.0
 50
180.0
  0
INSERT
  5
4C0
330
1F
100
AcDbEntity
  8
EQ - Mobiliario
100
AcDbBlockReference
  2
IRI-OCASA-Layout R 9$1$OCA_SILLA
 10
225.757044
 20
101.249803
 30
0.011607
 41
-1.0
 50
90.0
  0
INSERT
  5
4C1
330
1F
100
AcDbEntity
  8
EQ - Mobiliario
100
AcDbBlockReference
  2
OFT-MESA DE TRABAJO
 10
-441.714927
 20
-22.29356
 30
0.0
  0
INSERT
  5
4C2
330
1F
100
AcDbEntity
  8
EQ - Mobiliario
100
AcDbBlockReference
  2
IRI-OCASA-Layout R 9$1$OCA_SILLA
 10
225.144038
 20
95.241891
 30
0.0
 50
90.0
  0
INSERT
  5
4C3
330
1F
100
AcDbEntity
  8
EQ - Mobiliario
100
AcDbBlockReference
  2
OFT-MESA DE TRABAJO
 10
342.393951
 20
-573.306986
 30
0.0
 50
90.0
  0
LWPOLYLINE
  5
4C4
330
1F
100
AcDbEntity
  8
EQ - Mobiliario
100
AcDbPolyline
 90
        4
 70
     1
 43
0.0
 10
225.986113
 20
98.564875
 10
225.986113
 20
99.764875
 10
227.186113
 20
99.764875
 10
227.186113
 20
98.564875
  0
LWPOLYLINE
  5
4C5
330
1F
100
AcDbEntity
  8
EQ - Mobiliario
100
AcDbPolyline
 90
        4
 70
     1
 43
0.0
 10
225.988213
 20
99.764875
 10
225.988213
 20
100.264875
 10
226.488213
 20
100.264875
 10
226.488213
 20
99.764875
  0
LWPOLYLINE
  5
4C6
330
1F
100
AcDbEntity
  8
IE - General
100
AcDbPolyline
 90
        4
 70
     1
 43
0.0
 10
223.428213
 20
102.868656
 10
223.887596
 20
102.868656
 10
223.887596
 20
101.812853
 10
223.428213
 20
101.812853
  0
LWPOLYLINE
  5
4C7
330
1F
100
AcDbEntity
  8
IE - General
100
AcDbPolyline
 90
        2
 70
     0
 43
0.0
 10
223.887596
 20
101.812853
 10
223.455696
 20
102.868656
  0
INSERT
  5
4C8
330
1F
100
AcDbEntity
  8
EQ - Pallets
100
AcDbBlockReference
  2
IRI-OCASA-Layout R 9$0$OCA_PALLET
 10
137.26642
 20
-305.025065
 30
0.0
 41
-1.0
 50
270.0
  0
LWPOLYLINE
  5
4D1
330
1F
100
AcDbEntity
  8
Proyecciones
100
AcDbPolyline
 90
        4
 70
     1
 43
0.0
 10
223.508213
 20
99.804875
 10
225.988213
 20
99.804875
 10
225.988213
 20
99.724875
 10
223.508213
 20
99.724875
  0
INSERT
  5
4D2
330
1F
100
AcDbEntity
  8
HER - Rejas - Malla 1x1
100
AcDbBlockReference
  2
columna_80x80
 10
225.983213
 20
99.729875
 30
0.0
  0
LWPOLYLINE
  5
4EA
330
1F
100
AcDbEntity
  8
Proyecciones
100
AcDbPolyline
 90
        4
 70
     1
 43
0.0
 10
223.508213
 20
96.751156
 10
225.988213
 20
96.751156
 10
225.988213
 20
96.671156
 10
223.508213
 20
96.671156
  0
INSERT
  5
4EB
330
1F
100
AcDbEntity
  8
HER - Rejas - Malla 1x1
100
AcDbBlockReference
  2
columna_80x80
 10
225.983213
 20
96.676156
 30
0.0
  0
INSERT
  5
4EC
330
1F
100
AcDbEntity
  8
HER - Rejas - Malla 1x1
100
AcDbBlockReference
  2
HER - Paño fijo - Planta - 3.00
 10
234.649365
 20
99.561436
 30
0.0
 50
90.0
  0
INSERT
  5
519
330
1F
100
AcDbEntity
  8
HER - Rejas - Malla 1x1
100
AcDbBlockReference
  2
HER - Paño fijo - Planta - 3.00
 10
234.649365
 20
102.661436
 30
0.0
 50
90.0
  0
INSERT
  5
51A
330
1F
100
AcDbEntity
  8
HER - Rejas - Malla 1x1
100
AcDbBlockReference
  2
HER - Paño fijo - Planta - 3.00
 10
234.649365
 20
108.861436
 30
0.0
 50
90.0
  0
INSERT
  5
51B
330
1F
100
AcDbEntity
  8
HER - Rejas - Malla 1x1
100
AcDbBlockReference
  2
HER - Paño fijo - Planta - 3.00
 10
234.649365
 20
111.961436
 30
0.0
 50
90.0
  0
INSERT
  5
51C
330
1F
100
AcDbEntity
  8
HER - Rejas - Malla 1x1
100
AcDbBlockReference
  2
HER - Paño fijo - Planta - 3.00
 10
234.649365
 20
115.061436
 30
0.0
 50
90.0
  0
INSERT
  5
51D
330
1F
100
AcDbEntity
  8
HER - Rejas - Malla 1x1
100
AcDbBlockReference
  2
HER - Paño fijo - Planta - 3.00
 10
234.649365
 20
118.161436
 30
0.0
 50
90.0
  0
LWPOLYLINE
  5
51E
330
1F
100
AcDbEntity
  8
0
 62
   253
100
AcDbPolyline
 90
        7
 70
     1
 43
0.0
 10
234.571011
 20
124.371436
 10
234.602811
 20
124.371436
 10
234.602811
 20
124.366636
 10
234.575811
 20
124.366636
 10
234.575811
 20
124.339636
 10
234.571011
 20
124.339636
 10
234.571011
 20
124.371436
  0
LWPOLYLINE
  5
51F
330
1F
100
AcDbEntity
  8
0
 62
   253
100
AcDbPolyline
 90
        5
 70
     1
 43
0.0
 10
234.583927
 20
122.841767
 10
234.583927
 20
122.816367
 10
234.587107
 20
122.816367
 10
234.587107
 20
122.841767
 10
234.583927
 20
122.841767
  0
INSERT
  5
520
330
1F
100
AcDbEntity
  8
VI - 4
100
AcDbBlockReference
  2
malla_shullman_planta
 10
234.576222
 20
121.367276
 30
0.0
 41
0.999733
 42
0.999733
 43
0.999733
 50
270.0
  0
INSERT
  5
521
330
1F
100
AcDbEntity
  8
VI - 4
100
AcDbBlockReference
  2
malla_shullman_planta
 10
234.576222
 20
121.467249
 30
0.0
 41
0.999733
 42
0.999733
 43
0.999733
 50
270.0
  0
INSERT
  5
522
330
1F
100
AcDbEntity
  8
VI - 4
100
AcDbBlockReference
  2
malla_shullman_planta
 10
234.576222
 20
121.567222
 30
0.0
 41
0.999733
 42
0.999733
 43
0.999733
 50
270.0
  0
INSERT
  5
523
330
1F
100
AcDbEntity
  8
VI - 4
100
AcDbBlockReference
  2
malla_shullman_planta
 10
234.576222
 20
121.667196
 30
0.0
 41
0.999733
 42
0.999733
 43
0.999733
 50
270.0
  0
INSERT
  5
524
330
1F
100
AcDbEntity
  8
VI - 4
100
AcDbBlockReference
  2
malla_shullman_planta
 10
234.576222
 20
121.767169
 30
0.0
 41
0.999733
 42
0.999733
 43
0.999733
 50
270.0
  0
INSERT
  5
525
330
1F
100
AcDbEntity
  8
VI - 4
100
AcDbBlockReference
  2
malla_shullman_planta
 10
234.576222
 20
121.867142
 30
0.0
 41
0.999733
 42
0.999733
 43
0.999733
 50
270.0
  0
INSERT
  5
526
330
1F
100
AcDbEntity
  8
VI - 4
100
AcDbBlockReference
  2
malla_shullman_planta
 10
234.576222
 20
121.967116
 30
0.0
 41
0.999733
 42
0.999733
 43
0.999733
 50
270.0
  0
INSERT
  5
527
330
1F
100
AcDbEntity
  8
VI - 4
100
AcDbBlockReference
  2
malla_shullman_planta
 10
234.576222
 20
122.067089
 30
0.0
 41
0.999733
 42
0.999733
 43
0.999733
 50
270.0
  0
INSERT
  5
528
330
1F
100
AcDbEntity
  8
VI - 4
100
AcDbBlockReference
  2
malla_shullman_planta
 10
234.576222
 20
122.167062
 30
0.0
 41
0.999733
 42
0.999733
 43
0.999733
 50
270.0
  0
INSERT
  5
529
330
1F
100
AcDbEntity
  8
VI - 4
100
AcDbBlockReference
  2
malla_shullman_planta
 10
234.576222
 20
122.267036
 30
0.0
 41
0.999733
 42
0.999733
 43
0.999733
 50
270.0
  0
INSERT
  5
52A
330
1F
100
AcDbEntity
  8
VI - 4
100
AcDbBlockReference
  2
malla_shullman_planta
 10
234.576222
 20
122.367009
 30
0.0
 41
0.999733
 42
0.999733
 43
0.999733
 50
270.0
  0
INSERT
  5
52B
330
1F
100
AcDbEntity
  8
VI - 4
100
AcDbBlockReference
  2
malla_shullman_planta
 10
234.576222
 20
122.466982
 30
0.0
 41
0.999733
 42
0.999733
 43
0.999733
 50
270.0
  0
INSERT
  5
52C
330
1F
100
AcDbEntity
  8
VI - 4
100
AcDbBlockReference
  2
malla_shullman_planta
 10
234.576222
 20
122.566956
 30
0.0
 41
0.999733
 42
0.999733
 43
0.999733
 50
270.0
  0
INSERT
  5
52D
330
1F
100
AcDbEntity
  8
VI - 4
100
AcDbBlockReference
  2
malla_shullman_planta
 10
234.576222
 20
122.666929
 30
0.0
 41
0.999733
 42
0.999733
 43
0.999733
 50
270.0
  0
INSERT
  5
52E
330
1F
100
AcDbEntity
  8
VI - 4
100
AcDbBlockReference
  2
malla_shullman_planta
 10
234.576222
 20
122.766902
 30
0.0
 41
0.999733
 42
0.999733
 43
0.999733
 50
270.0
  0
INSERT
  5
52F
330
1F
100
AcDbEntity
  8
VI - 4
100
AcDbBlockReference
  2
malla_shullman_planta
 10
234.576222
 20
122.866876
 30
0.0
 41
0.999733
 42
0.999733
 43
0.999733
 50
270.0
  0
INSERT
  5
530
330
1F
100
AcDbEntity
  8
VI - 4
100
AcDbBlockReference
  2
malla_shullman_planta
 10
234.576222
 20
122.966849
 30
0.0
 41
0.999733
 42
0.999733
 43
0.999733
 50
270.0
  0
INSERT
  5
531
330
1F
100
AcDbEntity
  8
VI - 4
100
AcDbBlockReference
  2
malla_shullman_planta
 10
234.576222
 20
123.066822
 30
0.0
 41
0.999733
 42
0.999733
 43
0.999733
 50
270.0
  0
INSERT
  5
532
330
1F
100
AcDbEntity
  8
VI - 4
100
AcDbBlockReference
  2
malla_shullman_planta
 10
234.576222
 20
123.166796
 30
0.0
 41
0.999733
 42
0.999733
 43
0.999733
 50
270.0
  0
INSERT
  5
533
330
1F
100
AcDbEntity
  8
VI - 4
100
AcDbBlockReference
  2
malla_shullman_planta
 10
234.576222
 20
123.266769
 30
0.0
 41
0.999733
 42
0.999733
 43
0.999733
 50
270.0
  0
INSERT
  5
534
330
1F
100
AcDbEntity
  8
VI - 4
100
AcDbBlockReference
  2
malla_shullman_planta
 10
234.576222
 20
123.366742
 30
0.0
 41
0.999733
 42
0.999733
 43
0.999733
 50
270.0
  0
INSERT
  5
535
330
1F
100
AcDbEntity
  8
VI - 4
100
AcDbBlockReference
  2
malla_shullman_planta
 10
234.576222
 20
123.466716
 30
0.0
 41
0.999733
 42
0.999733
 43
0.999733
 50
270.0
  0
INSERT
  5
536
330
1F
100
AcDbEntity
  8
VI - 4
100
AcDbBlockReference
  2
malla_shullman_planta
 10
234.576222
 20
123.566689
 30
0.0
 41
0.999733
 42
0.999733
 43
0.999733
 50
270.0
  0
INSERT
  5
537
330
1F
100
AcDbEntity
  8
VI - 4
100
AcDbBlockReference
  2
malla_shullman_planta
 10
234.576222
 20
123.666662
 30
0.0
 41
0.999733
 42
0.999733
 43
0.999733
 50
270.0
  0
LWPOLYLINE
  5
538
330
1F
100
AcDbEntity
  8
0
 62
   253
100
AcDbPolyline
 90
        7
 70
     1
 43
0.0
 10
234.571011
 20
121.371436
 10
234.602811
 20
121.371436
 10
234.602811
 20
121.376236
 10
234.575811
 20
121.376236
 10
234.575811
 20
121.403236
 10
234.571011
 20
121.403236
 10
234.571011
 20
121.371436
  0
INSERT
  5
539
330
1F
100
AcDbEntity
  8
0
100
AcDbBlockReference
  2
tubo_100x100
 10
234.680183
 20
121.421436
 30
0.0
 50
90.0
  0
INSERT
  5
53A
330
1F
100
AcDbEntity
  8
0
100
AcDbBlockReference
  2
tubo_100x100
 10
234.680183
 20
124.521436
 30
0.0
 50
90.0
  0
INSERT
  5
53B
330
1F
100
AcDbEntity
  8
VI - 4
100
AcDbBlockReference
  2
malla_shullman_planta
 10
234.576222
 20
123.766636
 30
0.0
 41
0.999733
 42
0.999733
 43
0.999733
 50
270.0
  0
INSERT
  5
53C
330
1F
100
AcDbEntity
  8
VI - 4
100
AcDbBlockReference
  2
malla_shullman_planta
 10
234.576222
 20
123.866609
 30
0.0
 41
0.999733
 42
0.999733
 43
0.999733
 50
270.0
  0
INSERT
  5
53D
330
1F
100
AcDbEntity
  8
VI - 4
100
AcDbBlockReference
  2
malla_shullman_planta
 10
234.576222
 20
123.966582
 30
0.0
 41
0.999733
 42
0.999733
 43
0.999733
 50
270.0
  0
INSERT
  5
53E
330
1F
100
AcDbEntity
  8
VI - 4
100
AcDbBlockReference
  2
malla_shullman_planta
 10
234.576222
 20
124.066556
 30
0.0
 41
0.999733
 42
0.999733
 43
0.999733
 50
270.0
  0
INSERT
  5
53F
330
1F
100
AcDbEntity
  8
VI - 4
100
AcDbBlockReference
  2
malla_shullman_planta
 10
234.576222
 20
124.166529
 30
0.0
 41
0.999733
 42
0.999733
 43
0.999733
 50
270.0
  0
INSERT
  5
540
330
1F
100
AcDbEntity
  8
VI - 4
100
AcDbBlockReference
  2
malla_shullman_planta
 10
234.576222
 20
124.266502
 30
0.0
 41
0.999733
 42
0.999733
 43
0.999733
 50
270.0
  0
LWPOLYLINE
  5
541
330
1F
100
AcDbEntity
  8
0
 62
   253
100
AcDbPolyline
 90
        7
 70
     1
 43
0.0
 10
234.571011
 20
124.381436
 10
234.602811
 20
124.381436
 10
234.602811
 20
124.376636
 10
234.575811
 20
124.376636
 10
234.575811
 20
124.349636
 10
234.571011
 20
124.349636
 10
234.571011
 20
124.381436
  0
INSERT
  5
542
330
1F
100
AcDbEntity
  8
VI - 4
100
AcDbBlockReference
  2
malla_shullman_planta
 10
234.576222
 20
124.034413
 30
0.0
 41
0.999733
 42
0.999733
 43
0.999733
 50
270.0
  0
INSERT
  5
543
330
1F
100
AcDbEntity
  8
VI - 4
100
AcDbBlockReference
  2
malla_shullman_planta
 10
234.576222
 20
124.134386
 30
0.0
 41
0.999733
 42
0.999733
 43
0.999733
 50
270.0
  0
INSERT
  5
544
330
1F
100
AcDbEntity
  8
VI - 4
100
AcDbBlockReference
  2
malla_shullman_planta
 10
234.576222
 20
124.23436
 30
0.0
 41
0.999733
 42
0.999733
 43
0.999733
 50
270.0
  0
INSERT
  5
545
330
1F
100
AcDbEntity
  8
VI - 4
100
AcDbBlockReference
  2
malla_shullman_planta
 10
234.576222
 20
124.276662
 30
0.0
 41
0.999733
 42
0.999733
 43
0.999733
 50
270.0
  0
INSERT
  5
546
330
1F
100
AcDbEntity
  8
0
100
AcDbBlockReference
  2
tubo_100x100
 10
234.680183
 20
124.521436
 30
0.0
 50
90.0
  0
LWPOLYLINE
  5
547
330
1F
100
AcDbEntity
  8
0
 62
   253
100
AcDbPolyline
 90
        7
 70
     1
 43
0.0
 10
234.571829
 20
124.372254
 10
234.603629
 20
124.372254
 10
234.603629
 20
124.367454
 10
234.576629
 20
124.367454
 10
234.576629
 20
124.340454
 10
234.571829
 20
124.340454
 10
234.571829
 20
124.372254
  0
INSERT
  5
548
330
1F
100
AcDbEntity
  8
0
100
AcDbBlockReference
  2
tubo_100x100
 10
234.681001
 20
124.522254
 30
0.0
 50
90.0
  0
INSERT
  5
549
330
1F
100
AcDbEntity
  8
VI - 4
100
AcDbBlockReference
  2
malla_shullman_planta
 10
234.57704
 20
124.26732
 30
0.0
 41
0.999733
 42
0.999733
 43
0.999733
 50
270.0
  0
INSERT
  5
54A
330
1F
100
AcDbEntity
  8
HER - Rejas - Malla 1x1
100
AcDbBlockReference
  2
HER - Paño fijo - Planta - 3.00
 10
231.420183
 20
124.352254
 30
0.0
  0
INSERT
  5
54B
330
1F
100
AcDbEntity
  8
HER - Rejas - Malla 1x1
100
AcDbBlockReference
  2
HER - Paño fijo - Planta - 3.00
 10
225.220183
 20
124.352254
 30
0.0
  0
LWPOLYLINE
  5
54C
330
1F
100
AcDbEntity
  8
0
 62
   253
100
AcDbPolyline
 90
        7
 70
     1
 43
0.0
 10
225.230183
 20
124.430609
 10
225.230183
 20
124.398809
 10
225.225383
 20
124.398809
 10
225.225383
 20
124.425809
 10
225.198383
 20
124.425809
 10
225.198383
 20
124.430609
 10
225.230183
 20
124.430609
  0
LWPOLYLINE
  5
54D
330
1F
100
AcDbEntity
  8
0
 62
   253
100
AcDbPolyline
 90
        5
 70
     1
 43
0.0
 10
223.700515
 20
124.417693
 10
223.675115
 20
124.417693
 10
223.675115
 20
124.414513
 10
223.700515
 20
124.414513
 10
223.700515
 20
124.417693
  0
INSERT
  5
54E
330
1F
100
AcDbEntity
  8
VI - 4
100
AcDbBlockReference
  2
malla_shullman_planta
 10
223.525677
 20
124.425397
 30
0.0
 41
0.999733
 42
0.999733
 43
0.999733
 50
180.0
  0
INSERT
  5
54F
330
1F
100
AcDbEntity
  8
VI - 4
100
AcDbBlockReference
  2
malla_shullman_planta
 10
223.62565
 20
124.425397
 30
0.0
 41
0.999733
 42
0.999733
 43
0.999733
 50
180.0
  0
INSERT
  5
550
330
1F
100
AcDbEntity
  8
VI - 4
100
AcDbBlockReference
  2
malla_shullman_planta
 10
223.725623
 20
124.425397
 30
0.0
 41
0.999733
 42
0.999733
 43
0.999733
 50
180.0
  0
INSERT
  5
551
330
1F
100
AcDbEntity
  8
VI - 4
100
AcDbBlockReference
  2
malla_shullman_planta
 10
223.825597
 20
124.425397
 30
0.0
 41
0.999733
 42
0.999733
 43
0.999733
 50
180.0
  0
INSERT
  5
552
330
1F
100
AcDbEntity
  8
VI - 4
100
AcDbBlockReference
  2
malla_shullman_planta
 10
223.92557
 20
124.425397
 30
0.0
 41
0.999733
 42
0.999733
 43
0.999733
 50
180.0
  0
INSERT
  5
553
330
1F
100
AcDbEntity
  8
VI - 4
100
AcDbBlockReference
  2
malla_shullman_planta
 10
224.025543
 20
124.425397
 30
0.0
 41
0.999733
 42
0.999733
 43
0.999733
 50
180.0
  0
INSERT
  5
554
330
1F
100
AcDbEntity
  8
VI - 4
100
AcDbBlockReference
  2
malla_shullman_planta
 10
224.325463
 20
124.425397
 30
0.0
 41
0.999733
 42
0.999733
 43
0.999733
 50
180.0
  0
INSERT
  5
555
330
1F
100
AcDbEntity
  8
VI - 4
100
AcDbBlockReference
  2
malla_shullman_planta
 10
224.425437
 20
124.425397
 30
0.0
 41
0.999733
 42
0.999733
 43
0.999733
 50
180.0
  0
INSERT
  5
556
330
1F
100
AcDbEntity
  8
VI - 4
100
AcDbBlockReference
  2
malla_shullman_planta
 10
224.52541
 20
124.425397
 30
0.0
 41
0.999733
 42
0.999733
 43
0.999733
 50
180.0
  0
INSERT
  5
557
330
1F
100
AcDbEntity
  8
0
100
AcDbBlockReference
  2
tubo_100x100
 10
223.579031
 20
124.321436
 30
0.0
  0
INSERT
  5
558
330
1F
100
AcDbEntity
  8
0
100
AcDbBlockReference
  2
tubo_100x100
 10
225.380183
 20
124.321436
 30
0.0
  0
INSERT
  5
559
330
1F
100
AcDbEntity
  8
VI - 4
100
AcDbBlockReference
  2
malla_shullman_planta
 10
224.625383
 20
124.425397
 30
0.0
 41
0.999733
 42
0.999733
 43
0.999733
 50
180.0
  0
INSERT
  5
55A
330
1F
100
AcDbEntity
  8
VI - 4
100
AcDbBlockReference
  2
malla_shullman_planta
 10
224.725357
 20
124.425397
 30
0.0
 41
0.999733
 42
0.999733
 43
0.999733
 50
180.0
  0
INSERT
  5
55B
330
1F
100
AcDbEntity
  8
VI - 4
100
AcDbBlockReference
  2
malla_shullman_planta
 10
224.82533
 20
124.425397
 30
0.0
 41
0.999733
 42
0.999733
 43
0.999733
 50
180.0
  0
INSERT
  5
55C
330
1F
100
AcDbEntity
  8
VI - 4
100
AcDbBlockReference
  2
malla_shullman_planta
 10
224.925303
 20
124.425397
 30
0.0
 41
0.999733
 42
0.999733
 43
0.999733
 50
180.0
  0
INSERT
  5
55D
330
1F
100
AcDbEntity
  8
VI - 4
100
AcDbBlockReference
  2
malla_shullman_planta
 10
225.025277
 20
124.425397
 30
0.0
 41
0.999733
 42
0.999733
 43
0.999733
 50
180.0
  0
INSERT
  5
55E
330
1F
100
AcDbEntity
  8
VI - 4
100
AcDbBlockReference
  2
malla_shullman_planta
 10
225.12525
 20
124.425397
 30
0.0
 41
0.999733
 42
0.999733
 43
0.999733
 50
180.0
  0
INSERT
  5
55F
330
1F
100
AcDbEntity
  8
HER - Rejas - Malla 1x1
100
AcDbBlockReference
  2
HER - Paño fijo - Planta - 3.00
 10
228.320183
 20
124.352254
 30
0.0
  0
INSERT
  5
560
330
1F
100
AcDbEntity
  8
HER - Rejas - Malla 1x1
100
AcDbBlockReference
  2
HER - Paño fijo - Planta - 3.00
 10
234.649365
 20
96.461436
 30
0.0
 50
90.0
  0
LWPOLYLINE
  5
561
330
1F
100
AcDbEntity
  8
HER - Rejas - Malla 1x1
100
AcDbPolyline
 90
        4
 70
     1
 43
0.0
 10
224.728213
 20
112.126436
 10
224.828213
 20
112.126436
 10
224.828213
 20
112.226436
 10
224.728213
 20
112.226436
  0
LWPOLYLINE
  5
562
330
1F
100
AcDbEntity
  8
HER - Rejas - Malla 1x1
 62
     5
100
AcDbPolyline
 90
        4
 70
     1
 43
0.0
 10
224.728213
 20
109.826436
 10
224.828213
 20
109.826436
 10
224.828213
 20
109.726436
 10
224.728213
 20
109.726436
  0
LWPOLYLINE
  5
563
330
1F
100
AcDbEntity
  8
HER - Rejas - Malla 1x1
 62
     5
100
AcDbPolyline
 90
        4
 70
     1
 43
0.0
 10
224.778213
 20
109.866436
 10
224.778213
 20
109.826436
 10
225.928213
 20
109.826436
 10
225.928213
 20
109.866436
  0
ARC
  5
564
330
1F
100
AcDbEntity
  8
HER - Rejas - Malla 1x1
100
AcDbCircle
 10
233.178213
 20
109.826436
 30
0.0
 40
1.154339638140356
100
AcDbArc
 50
335.451646
 51
29.968959
  0
ARC
  5
565
330
1F
100
AcDbEntity
  8
HER - Rejas - Malla 1x1
 62
     5
100
AcDbCircle
 10
224.778213
 20
109.826436
 30
0.0
 40
1.154339638140356
100
AcDbArc
 50
6.688693
 51
94.969741
  0
LWPOLYLINE
  5
566
330
1F
100
AcDbEntity
  8
HER - Rejas - Malla 1x1
 62
     5
100
AcDbPolyline
 90
        4
 70
     1
 43
0.0
 10
224.778213
 20
112.086436
 10
224.778213
 20
112.126436
 10
225.928213
 20
112.126436
 10
225.928213
 20
112.086436
  0
ARC
  5
567
330
1F
100
AcDbEntity
  8
HER - Rejas - Malla 1x1
 62
     5
100
AcDbCircle
 10
224.778213
 20
112.126436
 30
0.0
 40
1.154339638140356
100
AcDbArc
 50
265.030259
 51
353.311307
  0
LWPOLYLINE
  5
568
330
1F
100
AcDbEntity
  8
HER - Rejas - Malla 1x1
 62
     5
100
AcDbPolyline
 90
        4
 70
     1
 43
0.0
 10
224.728213
 20
112.176436
 10
223.628213
 20
112.176436
 10
223.628213
 20
112.126436
 10
224.728213
 20
112.126436
  0
LWPOLYLINE
  5
569
330
1F
100
AcDbEntity
  8
HER - Rejas - Malla 1x1
 62
     5
100
AcDbPolyline
 90
        4
 70
     1
 43
0.0
 10
224.728213
 20
109.826436
 10
223.628213
 20
109.826436
 10
223.628213
 20
109.776436
 10
224.728213
 20
109.776436
  0
LWPOLYLINE
  5
56A
330
1F
100
AcDbEntity
  8
HER - Rejas - Malla 1x1
 62
     5
100
AcDbPolyline
 90
        4
 70
     1
 43
0.0
 10
223.628213
 20
112.126436
 10
223.678213
 20
112.126436
 10
223.678213
 20
109.826436
 10
223.628213
 20
109.826436
  0
LWPOLYLINE
  5
56B
330
1F
100
AcDbEntity
  8
HER - Rejas - Malla 1x1
100
AcDbPolyline
 90
        4
 70
     1
 43
0.0
 10
228.429365
 20
83.016681
 10
228.329365
 20
83.016681
 10
228.329365
 20
82.916681
 10
228.429365
 20
82.916681
  0
LWPOLYLINE
  5
56C
330
1F
100
AcDbEntity
  8
HER - Rejas - Malla 1x1
100
AcDbPolyline
 90
        4
 70
     1
 43
0.0
 10
225.327265
 20
83.016681
 10
225.227265
 20
83.016681
 10
225.227265
 20
82.916681
 10
225.327265
 20
82.916681
  0
INSERT
  5
56D
330
1F
100
AcDbEntity
  8
HER - Rejas - Malla 1x1
100
AcDbBlockReference
  2
HER - Paño fijo - Planta - 3.00
 10
228.439365
 20
83.036681
 30
0.0
 50
180.0
  0
INSERT
  5
56E
330
1F
100
AcDbEntity
  8
VI - 4
100
AcDbBlockReference
  2
malla_shullman_planta
 10
224.832827
 20
82.963538
 30
0.0
 41
0.999733
 42
0.999733
 43
0.999733
  0
INSERT
  5
56F
330
1F
100
AcDbEntity
  8
VI - 4
100
AcDbBlockReference
  2
malla_shullman_planta
 10
224.732853
 20
82.963538
 30
0.0
 41
0.999733
 42
0.999733
 43
0.999733
  0
INSERT
  5
570
330
1F
100
AcDbEntity
  8
VI - 4
100
AcDbBlockReference
  2
malla_shullman_planta
 10
224.63288
 20
82.963538
 30
0.0
 41
0.999733
 42
0.999733
 43
0.999733
  0
INSERT
  5
571
330
1F
100
AcDbEntity
  8
VI - 4
100
AcDbBlockReference
  2
malla_shullman_planta
 10
224.532907
 20
82.963538
 30
0.0
 41
0.999733
 42
0.999733
 43
0.999733
  0
INSERT
  5
572
330
1F
100
AcDbEntity
  8
VI - 4
100
AcDbBlockReference
  2
malla_shullman_planta
 10
224.432933
 20
82.963538
 30
0.0
 41
0.999733
 42
0.999733
 43
0.999733
  0
INSERT
  5
573
330
1F
100
AcDbEntity
  8
VI - 4
100
AcDbBlockReference
  2
malla_shullman_planta
 10
224.33296
 20
82.963538
 30
0.0
 41
0.999733
 42
0.999733
 43
0.999733
  0
INSERT
  5
574
330
1F
100
AcDbEntity
  8
VI - 4
100
AcDbBlockReference
  2
malla_shullman_planta
 10
224.232987
 20
82.963538
 30
0.0
 41
0.999733
 42
0.999733
 43
0.999733
  0
INSERT
  5
575
330
1F
100
AcDbEntity
  8
VI - 4
100
AcDbBlockReference
  2
malla_shullman_planta
 10
224.133013
 20
82.963538
 30
0.0
 41
0.999733
 42
0.999733
 43
0.999733
  0
INSERT
  5
576
330
1F
100
AcDbEntity
  8
VI - 4
100
AcDbBlockReference
  2
malla_shullman_planta
 10
224.03304
 20
82.963538
 30
0.0
 41
0.999733
 42
0.999733
 43
0.999733
  0
INSERT
  5
577
330
1F
100
AcDbEntity
  8
VI - 4
100
AcDbBlockReference
  2
malla_shullman_planta
 10
223.933067
 20
82.963538
 30
0.0
 41
0.999733
 42
0.999733
 43
0.999733
  0
INSERT
  5
578
330
1F
100
AcDbEntity
  8
VI - 4
100
AcDbBlockReference
  2
malla_shullman_planta
 10
223.833093
 20
82.963538
 30
0.0
 41
0.999733
 42
0.999733
 43
0.999733
  0
INSERT
  5
579
330
1F
100
AcDbEntity
  8
VI - 4
100
AcDbBlockReference
  2
malla_shullman_planta
 10
225.132747
 20
82.963538
 30
0.0
 41
0.999733
 42
0.999733
 43
0.999733
  0
INSERT
  5
57A
330
1F
100
AcDbEntity
  8
VI - 4
100
AcDbBlockReference
  2
malla_shullman_planta
 10
225.032773
 20
82.963538
 30
0.0
 41
0.999733
 42
0.999733
 43
0.999733
  0
INSERT
  5
57B
330
1F
100
AcDbEntity
  8
VI - 4
100
AcDbBlockReference
  2
malla_shullman_planta
 10
224.9328
 20
82.963538
 30
0.0
 41
0.999733
 42
0.999733
 43
0.999733
  0
INSERT
  5
57C
330
1F
100
AcDbEntity
  8
VI - 4
100
AcDbBlockReference
  2
malla_shullman_planta
 10
225.432667
 20
82.963538
 30
0.0
 41
0.999733
 42
0.999733
 43
0.999733
  0
INSERT
  5
57D
330
1F
100
AcDbEntity
  8
VI - 4
100
AcDbBlockReference
  2
malla_shullman_planta
 10
225.23272
 20
82.963538
 30
0.0
 41
0.999733
 42
0.999733
 43
0.999733
  0
LWPOLYLINE
  5
57E
330
1F
100
AcDbEntity
  8
HER - Rejas - Malla 1x1
  6
ByBlock
100
AcDbPolyline
 90
        4
 70
     1
 43
0.0
 10
229.879365
 20
82.916681
 10
229.879365
 20
82.876681
 10
228.379365
 20
82.876681
 10
228.379365
 20
82.916681
  0
ARC
  5
57F
330
1F
100
AcDbEntity
  8
HER - Rejas - Malla 1x1
  6
ByBlock
 62
   253
100
AcDbCircle
 10
228.379365
 20
82.916681
 30
0.0
 40
1.500533238552174
100
AcDbArc
 50
270.0
 51
359.519109
  0
LWPOLYLINE
  5
580
330
1F
100
AcDbEntity
  8
HER - Rejas - Malla 1x1
  6
ByBlock
100
AcDbPolyline
 90
        4
 70
     1
 43
0.0
 10
229.275517
 20
81.214269
 10
229.242195
 20
81.236396
 10
228.412438
 20
79.986795
 10
228.44576
 20
79.964668
  0
ARC
  5
581
330
1F
100
AcDbEntity
  8
HER - Rejas - Malla 1x1
  6
ByBlock
 62
   253
100
AcDbCircle
 10
228.632458
 20
80.470304
 30
0.0
 40
0.9791197979308425
100
AcDbArc
 50
51.483536
 51
104.980483
  0
LWPOLYLINE
  5
582
330
1F
100
AcDbEntity
  8
HER - Rejas - Malla 1x1
 62
     5
100
AcDbPolyline
 90
        4
 70
     1
 43
0.0
 10
223.626597
 20
112.126436
 10
223.726597
 20
112.126436
 10
223.726597
 20
112.226436
 10
223.626597
 20
112.226436
  0
LWPOLYLINE
  5
583
330
1F
100
AcDbEntity
  8
CIRC - Demarcación
 48
10.0
100
AcDbPolyline
 90
        2
 70
     0
 43
0.0
 10
227.428213
 20
91.334181
 10
223.428213
 20
91.334181
  0
INSERT
  5
584
330
1F
100
AcDbEntity
  8
VI - 4
100
AcDbBlockReference
  2
malla_shullman_planta
 10
234.576222
 20
100.425301
 30
0.0
 41
0.999733
 42
0.999733
 43
0.999733
 50
270.0
  0
INSERT
  5
585
330
1F
100
AcDbEntity
  8
VI - 4
100
AcDbBlockReference
  2
malla_shullman_planta
 10
234.576222
 20
100.525274
 30
0.0
 41
0.999733
 42
0.999733
 43
0.999733
 50
270.0
  0
INSERT
  5
586
330
1F
100
AcDbEntity
  8
VI - 4
100
AcDbBlockReference
  2
malla_shullman_planta
 10
234.576222
 20
100.625247
 30
0.0
 41
0.999733
 42
0.999733
 43
0.999733
 50
270.0
  0
INSERT
  5
587
330
1F
100
AcDbEntity
  8
VI - 4
100
AcDbBlockReference
  2
malla_shullman_planta
 10
234.576222
 20
100.725221
 30
0.0
 41
0.999733
 42
0.999733
 43
0.999733
 50
270.0
  0
INSERT
  5
588
330
1F
100
AcDbEntity
  8
VI - 4
100
AcDbBlockReference
  2
malla_shullman_planta
 10
234.576222
 20
100.825194
 30
0.0
 41
0.999733
 42
0.999733
 43
0.999733
 50
270.0
  0
INSERT
  5
589
330
1F
100
AcDbEntity
  8
VI - 4
100
AcDbBlockReference
  2
malla_shullman_planta
 10
234.576222
 20
100.925167
 30
0.0
 41
0.999733
 42
0.999733
 43
0.999733
 50
270.0
  0
INSERT
  5
58A
330
1F
100
AcDbEntity
  8
VI - 4
100
AcDbBlockReference
  2
malla_shullman_planta
 10
234.576222
 20
101.025141
 30
0.0
 41
0.999733
 42
0.999733
 43
0.999733
 50
270.0
  0
INSERT
  5
58B
330
1F
100
AcDbEntity
  8
VI - 4
100
AcDbBlockReference
  2
malla_shullman_planta
 10
234.576222
 20
101.125114
 30
0.0
 41
0.999733
 42
0.999733
 43
0.999733
 50
270.0
  0
INSERT
  5
58C
330
1F
100
AcDbEntity
  8
VI - 4
100
AcDbBlockReference
  2
malla_shullman_planta
 10
234.576222
 20
101.225087
 30
0.0
 41
0.999733
 42
0.999733
 43
0.999733
 50
270.0
  0
INSERT
  5
58D
330
1F
100
AcDbEntity
  8
VI - 4
100
AcDbBlockReference
  2
malla_shullman_planta
 10
234.576222
 20
101.325061
 30
0.0
 41
0.999733
 42
0.999733
 43
0.999733
 50
270.0
  0
INSERT
  5
58E
330
1F
100
AcDbEntity
  8
VI - 4
100
AcDbBlockReference
  2
malla_shullman_planta
 10
234.576222
 20
101.475034
 30
0.0
 41
0.999733
 42
0.999733
 43
0.999733
 50
270.0
  0
INSERT
  5
58F
330
1F
100
AcDbEntity
  8
VI - 4
100
AcDbBlockReference
  2
malla_shullman_planta
 10
234.576222
 20
101.575007
 30
0.0
 41
0.999733
 42
0.999733
 43
0.999733
 50
270.0
  0
LWPOLYLINE
  5
590
330
1F
100
AcDbEntity
  8
0
 62
   253
100
AcDbPolyline
 90
        7
 70
     1
 43
0.0
 10
234.571011
 20
100.429461
 10
234.602811
 20
100.429461
 10
234.602811
 20
100.434261
 10
234.575811
 20
100.434261
 10
234.575811
 20
100.461261
 10
234.571011
 20
100.461261
 10
234.571011
 20
100.429461
  0
MTEXT
  5
591
330
1F
100
AcDbEntity
  8
IS - RF - TX - GE
 62
     7
100
AcDbMText
 10
224.06236
 20
84.166959
 30
0.0
 40
0.123157
 41
0.021256
 46
0.0
 71
     1
 72
     5
  1
LLP
 73
     1
 44
1.0
1001
ACAD
1000
ACAD_MTEXT_COLUMN_INFO_BEGIN
1070
    75
1070
     2
1070
    79
1070
     0
1070
    76
1070
     1
1070
    78
1070
     0
1070
    48
1040
0.021256
1070
    49
1040
0.615787
1070
    50
1070
     1
1040
0.0
1000
ACAD_MTEXT_COLUMN_INFO_END
  0
LWPOLYLINE
  5
592
330
1F
100
AcDbEntity
  8
IE - General
100
AcDbPolyline
 90
        4
 70
     1
 43
0.0
 10
223.428213
 20
85.527083
 10
223.887596
 20
85.527083
 10
223.887596
 20
84.471279
 10
223.428213
 20
84.471279
  0
LWPOLYLINE
  5
593
330
1F
100
AcDbEntity
  8
IE - General
100
AcDbPolyline
 90
        2
 70
     0
 43
0.0
 10
223.887596
 20
84.471279
 10
223.455696
 20
85.527083
  0
LWPOLYLINE
  5
594
330
1F
100
AcDbEntity
  8
HT - Montaje
 62
     5
100
AcDbPolyline
 90
        4
 70
     1
 43
0.0
 10
223.428213
 20
98.132893
 10
227.430091
 20
98.131995
 10
227.428213
 20
91.334181
 10
223.428213
 20
91.334181
  0
LWPOLYLINE
  5
595
330
1F
100
AcDbEntity
  8
HT - Montaje
 62
     9
100
AcDbPolyline
 90
        4
 70
     1
 43
0.0
 10
223.428213
 20
91.334181
 10
227.428213
 20
91.334181
 10
227.428213
 20
82.968703
 10
223.428213
 20
82.966681
  0
INSERT
  5
596
330
1F
100
AcDbEntity
  8
HER - Rejas - Malla 1x1
100
AcDbBlockReference
  2
HER - Paño fijo - Planta - 3.00
 10
231.419365
 20
79.896681
 30
0.0
  0
INSERT
  5
597
330
1F
100
AcDbEntity
  8
0
100
AcDbBlockReference
  2
HER - PC - 1 hoja - 1.50 - 100x100
 10
231.429365
 20
79.996681
 30
0.0
 41
-1.0
  0
INSERT
  5
5B4
330
1F
100
AcDbEntity
  8
HER - Rejas - Malla 1x1
100
AcDbBlockReference
  2
HER - Paño fijo - Planta - 3.00
 10
225.219365
 20
79.896681
 30
0.0
  0
INSERT
  5
5B5
330
1F
100
AcDbEntity
  8
VI - 4
100
AcDbBlockReference
  2
malla_shullman_planta
 10
224.424619
 20
79.974579
 30
0.0
 41
0.999733
 42
0.999733
 43
0.999733
 50
180.0
  0
INSERT
  5
5B6
330
1F
100
AcDbEntity
  8
VI - 4
100
AcDbBlockReference
  2
malla_shullman_planta
 10
224.524592
 20
79.974579
 30
0.0
 41
0.999733
 42
0.999733
 43
0.999733
 50
180.0
  0
INSERT
  5
5B7
330
1F
100
AcDbEntity
  8
0
100
AcDbBlockReference
  2
tubo_100x100
 10
223.578213
 20
79.865863
 30
0.0
  0
INSERT
  5
5B8
330
1F
100
AcDbEntity
  8
VI - 4
100
AcDbBlockReference
  2
malla_shullman_planta
 10
224.624565
 20
79.974579
 30
0.0
 41
0.999733
 42
0.999733
 43
0.999733
 50
180.0
  0
INSERT
  5
5B9
330
1F
100
AcDbEntity
  8
VI - 4
100
AcDbBlockReference
  2
malla_shullman_planta
 10
224.724539
 20
79.974579
 30
0.0
 41
0.999733
 42
0.999733
 43
0.999733
 50
180.0
  0
INSERT
  5
5BA
330
1F
100
AcDbEntity
  8
VI - 4
100
AcDbBlockReference
  2
malla_shullman_planta
 10
224.824512
 20
79.974579
 30
0.0
 41
0.999733
 42
0.999733
 43
0.999733
 50
180.0
  0
INSERT
  5
5BB
330
1F
100
AcDbEntity
  8
VI - 4
100
AcDbBlockReference
  2
malla_shullman_planta
 10
224.924485
 20
79.974579
 30
0.0
 41
0.999733
 42
0.999733
 43
0.999733
 50
180.0
  0
INSERT
  5
5BC
330
1F
100
AcDbEntity
  8
VI - 4
100
AcDbBlockReference
  2
malla_shullman_planta
 10
225.024459
 20
79.974579
 30
0.0
 41
0.999733
 42
0.999733
 43
0.999733
 50
180.0
  0
INSERT
  5
5BD
330
1F
100
AcDbEntity
  8
VI - 4
100
AcDbBlockReference
  2
malla_shullman_planta
 10
225.124432
 20
79.974579
 30
0.0
 41
0.999733
 42
0.999733
 43
0.999733
 50
180.0
  0
INSERT
  5
5BE
330
1F
100
AcDbEntity
  8
HER - Rejas - Malla 1x1
100
AcDbBlockReference
  2
HER - Paño fijo - Planta - 3.00
 10
234.649365
 20
80.961436
 30
0.0
 50
90.0
  0
INSERT
  5
5BF
330
1F
100
AcDbEntity
  8
HER - Rejas - Malla 1x1
100
AcDbBlockReference
  2
HER - Paño fijo - Planta - 3.00
 10
234.649365
 20
84.061436
 30
0.0
 50
90.0
  0
INSERT
  5
5C0
330
1F
100
AcDbEntity
  8
HER - Rejas - Malla 1x1
100
AcDbBlockReference
  2
HER - Paño fijo - Planta - 3.00
 10
234.649365
 20
87.161436
 30
0.0
 50
90.0
  0
INSERT
  5
5C1
330
1F
100
AcDbEntity
  8
HER - Rejas - Malla 1x1
100
AcDbBlockReference
  2
HER - Paño fijo - Planta - 3.00
 10
234.649365
 20
90.261436
 30
0.0
 50
90.0
  0
INSERT
  5
5C2
330
1F
100
AcDbEntity
  8
HER - Rejas - Malla 1x1
100
AcDbBlockReference
  2
HER - Paño fijo - Planta - 3.00
 10
234.649365
 20
93.361436
 30
0.0
 50
90.0
  0
INSERT
  5
5C3
330
1F
100
AcDbEntity
  8
0
100
AcDbBlockReference
  2
HER - PC - 1 hoja - 1.50 - 100x100
 10
228.429365
 20
79.996681
 30
0.0
  0
INSERT
  5
5C4
330
1F
100
AcDbEntity
  8
0
100
AcDbBlockReference
  2
tubo_100x100
 10
234.679365
 20
80.920618
 30
0.0
  0
LWPOLYLINE
  5
5C5
330
1F
100
AcDbEntity
  8
HER - Rejas - Malla 1x1
100
AcDbPolyline
 90
        4
 70
     1
 43
0.0
 10
234.579365
 20
80.014581
 10
233.62265
 20
80.012991
 10
233.62265
 20
80.052991
 10
234.579365
 20
80.054581
  0
ARC
  5
5C6
330
1F
100
AcDbEntity
  8
HER - Rejas - Malla 1x1
100
AcDbCircle
 10
234.579365
 20
80.016681
 30
0.0
 40
0.9568548332439448
100
AcDbArc
 50
87.004672
 51
179.023338
  0
INSERT
  5
5C7
330
1F
100
AcDbEntity
  8
EQ - Pallets - GE
100
AcDbBlockReference
  2
IRI-OCASA-Layout R 9$0$OCA_PALLET
 10
137.26642
 20
-319.776902
 30
0.0
 41
-1.0
 50
270.0
  0
INSERT
  5
5C8
330
1F
100
AcDbEntity
  8
EQ - Pallets - GE
100
AcDbBlockReference
  2
IRI-OCASA-Layout R 9$0$OCA_PALLET
 10
137.26642
 20
-320.826902
 30
0.0
 41
-1.0
 50
270.0
  0
INSERT
  5
5C9
330
1F
100
AcDbEntity
  8
EQ - Pallets - GE
100
AcDbBlockReference
  2
IRI-OCASA-Layout R 9$0$OCA_PALLET
 10
137.26642
 20
-322.926902
 30
0.0
 41
-1.0
 50
270.0
  0
INSERT
  5
5CA
330
1F
100
AcDbEntity
  8
EQ - Pallets - GE
100
AcDbBlockReference
  2
IRI-OCASA-Layout R 9$0$OCA_PALLET
 10
137.26642
 20
-321.876902
 30
0.0
 41
-1.0
 50
270.0
  0
INSERT
  5
5CB
330
1F
100
AcDbEntity
  8
EQ - Pallets - GE
100
AcDbBlockReference
  2
IRI-OCASA-Layout R 9$0$OCA_PALLET
 10
137.26642
 20
-324.024612
 30
0.0
 41
-1.0
 50
270.0
  0
INSERT
  5
5CC
330
1F
100
AcDbEntity
  8
EQ - Pallets - GE
100
AcDbBlockReference
  2
IRI-OCASA-Layout R 9$0$OCA_PALLET
 10
137.26642
 20
-325.074612
 30
0.0
 41
-1.0
 50
270.0
  0
INSERT
  5
5CD
330
1F
100
AcDbEntity
  8
EQ - Pallets - GE
100
AcDbBlockReference
  2
IRI-OCASA-Layout R 9$0$OCA_PALLET
 10
136.06642
 20
-324.024612
 30
0.0
 41
-1.0
 50
270.0
  0
INSERT
  5
5CE
330
1F
100
AcDbEntity
  8
EQ - Pallets - GE
100
AcDbBlockReference
  2
IRI-OCASA-Layout R 9$0$OCA_PALLET
 10
136.06642
 20
-325.074612
 30
0.0
 41
-1.0
 50
270.0
  0
INSERT
  5
5CF
330
1F
100
AcDbEntity
  8
EQ - Pallets - GE
100
AcDbBlockReference
  2
IRI-OCASA-Layout R 9$0$OCA_PALLET
 10
136.06642
 20
-319.776902
 30
0.0
 41
-1.0
 50
270.0
  0
INSERT
  5
5D0
330
1F
100
AcDbEntity
  8
EQ - Pallets - GE
100
AcDbBlockReference
  2
IRI-OCASA-Layout R 9$0$OCA_PALLET
 10
136.06642
 20
-320.826902
 30
0.0
 41
-1.0
 50
270.0
  0
INSERT
  5
5D1
330
1F
100
AcDbEntity
  8
EQ - Pallets - GE
100
AcDbBlockReference
  2
IRI-OCASA-Layout R 9$0$OCA_PALLET
 10
136.06642
 20
-322.926902
 30
0.0
 41
-1.0
 50
270.0
  0
INSERT
  5
5D2
330
1F
100
AcDbEntity
  8
EQ - Pallets - GE
100
AcDbBlockReference
  2
IRI-OCASA-Layout R 9$0$OCA_PALLET
 10
136.06642
 20
-321.876902
 30
0.0
 41
-1.0
 50
270.0
  0
INSERT
  5
5D3
330
1F
100
AcDbEntity
  8
EQ - Pallets - GE
100
AcDbBlockReference
  2
IRI-OCASA-Layout R 9$0$OCA_PALLET
 10
137.26642
 20
-327.124612
 30
0.0
 41
-1.0
 50
270.0
  0
INSERT
  5
5D4
330
1F
100
AcDbEntity
  8
EQ - Pallets - GE
100
AcDbBlockReference
  2
IRI-OCASA-Layout R 9$0$OCA_PALLET
 10
137.26642
 20
-326.074612
 30
0.0
 41
-1.0
 50
270.0
  0
INSERT
  5
5D5
330
1F
100
AcDbEntity
  8
EQ - Pallets - GE
100
AcDbBlockReference
  2
IRI-OCASA-Layout R 9$0$OCA_PALLET
 10
137.26642
 20
-328.174612
 30
0.0
 41
-1.0
 50
270.0
  0
INSERT
  5
5D6
330
1F
100
AcDbEntity
  8
EQ - Pallets - GE
100
AcDbBlockReference
  2
IRI-OCASA-Layout R 9$0$OCA_PALLET
 10
137.26642
 20
-329.224612
 30
0.0
 41
-1.0
 50
270.0
  0
INSERT
  5
5D7
330
1F
100
AcDbEntity
  8
EQ - Pallets - GE
100
AcDbBlockReference
  2
IRI-OCASA-Layout R 9$0$OCA_PALLET
 10
137.26642
 20
-330.274612
 30
0.0
 41
-1.0
 50
270.0
  0
INSERT
  5
5D8
330
1F
100
AcDbEntity
  8
EQ - Pallets - GE
100
AcDbBlockReference
  2
IRI-OCASA-Layout R 9$0$OCA_PALLET
 10
137.26642
 20
-333.472322
 30
0.0
 41
-1.0
 50
270.0
  0
INSERT
  5
5D9
330
1F
100
AcDbEntity
  8
EQ - Pallets - GE
100
AcDbBlockReference
  2
IRI-OCASA-Layout R 9$0$OCA_PALLET
 10
136.06642
 20
-332.422322
 30
0.0
 41
-1.0
 50
270.0
  0
INSERT
  5
5DA
330
1F
100
AcDbEntity
  8
EQ - Pallets - GE
100
AcDbBlockReference
  2
IRI-OCASA-Layout R 9$0$OCA_PALLET
 10
136.06642
 20
-333.472322
 30
0.0
 41
-1.0
 50
270.0
  0
INSERT
  5
5DB
330
1F
100
AcDbEntity
  8
EQ - Pallets - GE
100
AcDbBlockReference
  2
IRI-OCASA-Layout R 9$0$OCA_PALLET
 10
136.06642
 20
-327.124612
 30
0.0
 41
-1.0
 50
270.0
  0
INSERT
  5
5DC
330
1F
100
AcDbEntity
  8
EQ - Pallets - GE
100
AcDbBlockReference
  2
IRI-OCASA-Layout R 9$0$OCA_PALLET
 10
136.06642
 20
-326.074612
 30
0.0
 41
-1.0
 50
270.0
  0
INSERT
  5
5DD
330
1F
100
AcDbEntity
  8
EQ - Pallets - GE
100
AcDbBlockReference
  2
IRI-OCASA-Layout R 9$0$OCA_PALLET
 10
136.06642
 20
-328.174612
 30
0.0
 41
-1.0
 50
270.0
  0
INSERT
  5
5DE
330
1F
100
AcDbEntity
  8
EQ - Pallets - GE
100
AcDbBlockReference
  2
IRI-OCASA-Layout R 9$0$OCA_PALLET
 10
136.06642
 20
-329.224612
 30
0.0
 41
-1.0
 50
270.0
  0
INSERT
  5
5DF
330
1F
100
AcDbEntity
  8
EQ - Pallets - GE
100
AcDbBlockReference
  2
IRI-OCASA-Layout R 9$0$OCA_PALLET
 10
136.06642
 20
-331.324612
 30
0.0
 41
-1.0
 50
270.0
  0
INSERT
  5
5E0
330
1F
100
AcDbEntity
  8
EQ - Pallets - GE
100
AcDbBlockReference
  2
IRI-OCASA-Layout R 9$0$OCA_PALLET
 10
136.06642
 20
-330.274612
 30
0.0
 41
-1.0
 50
270.0
  0
INSERT
  5
5E1
330
1F
100
AcDbEntity
  8
EQ - Pallets - GE
100
AcDbBlockReference
  2
IRI-OCASA-Layout R 9$0$OCA_PALLET
 10
137.26642
 20
-332.422322
 30
0.0
 41
-1.0
 50
270.0
  0
INSERT
  5
5E2
330
1F
100
AcDbEntity
  8
EQ - Pallets - GE
100
AcDbBlockReference
  2
IRI-OCASA-Layout R 9$0$OCA_PALLET
 10
137.26642
 20
-331.324612
 30
0.0
 41
-1.0
 50
270.0
  0
LWPOLYLINE
  5
5E3
330
1F
100
AcDbEntity
  8
05
100
AcDbPolyline
 90
        4
 70
     1
 43
0.02
 10
226.388815
 20
112.288341
 10
223.278213
 20
112.288341
 10
223.278213
 20
109.776436
 10
226.388815
 20
109.776436
  0
MTEXT
  5
5E4
330
1F
100
AcDbEntity
  8
RF - TX - GE
 62
     7
100
AcDbMText
 10
224.012765
 20
98.037663
 30
0.0
 40
0.35
 41
3.908439
 46
0.0
 71
     1
 72
     5
  1
\pxqc;{\H1.2857x;Dirección Tecnica}
 73
     1
 44
1.0
1001
ACAD
1000
ACAD_MTEXT_COLUMN_INFO_BEGIN
1070
    75
1070
     2
1070
    79
1070
     0
1070
    76
1070
     1
1070
    78
1070
     0
1070
    48
1040
3.908439
1070
    49
1040
12.5
1070
    50
1070
     1
1040
0.0
1000
ACAD_MTEXT_COLUMN_INFO_END
  0
HATCH
  5
5E5
330
1F
100
AcDbEntity
  8
HT - Montaje
 62
     1
100
AcDbHatch
 10
0.0
 20
0.0
 30
0.0
210
0.0
220
0.0
230
1.0
  2
DOTS
 70
     0
 71
     0
 91
        1
 92
        1
 93
        4
 72
     1
 10
223.4282132347334
 20
91.3331590930473
 11
225.8332523485039
 21
91.334180972046
 72
     1
 10
225.8332523485038
 20
91.334180972046
 11
225.8332523485038
 21
89.0865393021192
 72
     1
 10
225.8332523485038
 20
89.0865393021192
 11
223.4282132347333
 21
89.0865393021192
 72
     1
 10
223.4282132347333
 20
89.0865393021192
 11
223.4282132347334
 21
91.3331590930473
 97
        0
 75
     1
 76
     1
 52
0.0
 41
2.0
 77
     0
 78
     1
 53
0.0
 43
290.7882281494763
 44
102.7486885346987
 45
1.5875
 46
3.175
 79
     2
 49
0.0
 49
-3.175
 98
        1
 10
138.4041708117486
 20
41.02543796139852
1001
GradientColor1ACI
1070
     5
1001
GradientColor2ACI
1070
     2
1001
ACAD
1010
0.0
1020
0.0
1030
0.0
  0
LWPOLYLINE
  5
5E6
330
1F
100
AcDbEntity
  8
HT - Montaje
 62
     1
100
AcDbPolyline
 90
        4
 70
     1
 43
0.02
 10
223.428213
 20
82.966681
 10
228.329365
 20
82.971411
 10
228.319162
 20
79.964668
 10
223.430313
 20
79.974579
  0
LWPOLYLINE
  5
5E7
330
1F
100
AcDbEntity
  8
HT - Montaje
 62
    40
100
AcDbPolyline
 90
        4
 70
     1
 43
0.02
 10
234.333843
 20
80.974871
 10
231.93309
 20
80.974871
 10
231.93309
 20
95.670743
 10
234.333843
 20
95.670743
  0
INSERT
  5
5E8
330
1F
100
AcDbEntity
  8
HER - Rejas - Malla 1x1
100
AcDbBlockReference
  2
columna_80x80
 10
228.458918
 20
101.618946
 30
0.0
  0
INSERT
  5
5E9
330
1F
100
AcDbEntity
  8
EQ - Mobiliario
100
AcDbBlockReference
  2
IRI-OCASA-Layout R 9$1$OCA_SILLA
 10
224.810996
 20
98.279946
 30
0.011607
 50
90.0
  0
INSERT
  5
5EA
330
1F
100
AcDbEntity
  8
EQ - Mobiliario
100
AcDbBlockReference
  2
IRI-OCASA-Layout R 9$1$OCA_SILLA
 10
224.814946
 20
101.249803
 30
0.011607
 41
-1.0
 50
90.0
  0
INSERT
  5
5EB
330
1F
100
AcDbEntity
  8
SOL - PB - Arquitectura$0$EQ - Mobiliario
100
AcDbBlockReference
  2
SOL - PB - Arquitectura$0$OFT-PUESTO DE TRABAJO 120 070
 10
907.551815
 20
202.832681
 30
0.0
 50
180.0
  0
INSERT
  5
631
330
1F
100
AcDbEntity
  8
EQ - Mobiliario
100
AcDbBlockReference
  2
IRI-OCASA-Layout R 9$1$OCA_SILLA
 10
224.216412
 20
95.241891
 30
0.0
 50
90.0
  0
INSERT
  5
632
330
1F
100
AcDbEntity
  8
HER - Rejas - Malla 1x1
100
AcDbBlockReference
  2
columna_80x80
 10
234.542182
 20
98.169861
 30
0.0
 41
-1.0
 50
180.0
  0
LWPOLYLINE
  5
633
330
1F
100
AcDbEntity
  8
EQ - Mobiliario
100
AcDbPolyline
 90
        4
 70
     1
 43
0.0
 10
223.608213
 20
99.804875
 10
223.608213
 20
100.304875
 10
224.108213
 20
100.304875
 10
224.108213
 20
99.804875
  0
LWPOLYLINE
  5
634
330
1F
100
AcDbEntity
  8
EQ - Mobiliario
100
AcDbPolyline
 90
        4
 70
     1
 43
0.0
 10
223.608213
 20
99.224875
 10
223.608213
 20
99.724875
 10
224.108213
 20
99.724875
 10
224.108213
 20
99.224875
  0
LWPOLYLINE
  5
635
330
1F
100
AcDbEntity
  8
Proyecciones
100
AcDbPolyline
 90
        4
 70
     1
 43
0.0
 10
234.496822
 20
101.613946
 10
231.50555
 20
101.613946
 10
231.50555
 20
101.693946
 10
234.496822
 20
101.693946
  0
LWPOLYLINE
  5
636
330
1F
100
AcDbEntity
  8
Proyecciones
100
AcDbPolyline
 90
        4
 70
     1
 43
0.0
 10
223.508213
 20
98.174099
 10
231.42555
 20
98.174865
 10
231.42555
 20
98.094865
 10
223.508213
 20
98.094099
  0
LWPOLYLINE
  5
637
330
1F
100
AcDbEntity
  8
Proyecciones
100
AcDbPolyline
 90
        4
 70
     1
 43
0.0
 10
231.42555
 20
98.174861
 10
231.42555
 20
101.613946
 10
231.50555
 20
101.613946
 10
231.50555
 20
98.174861
  0
LWPOLYLINE
  5
638
330
1F
100
AcDbEntity
  8
Proyecciones
100
AcDbPolyline
 90
        4
 70
     1
 43
0.0
 10
228.383884
 20
98.174576
 10
228.383918
 20
101.613946
 10
228.463918
 20
101.613946
 10
228.463884
 20
98.174576
  0
INSERT
  5
639
330
1F
100
AcDbEntity
  8
EQ - Pallets - GE
100
AcDbBlockReference
  2
IRI-OCASA-Layout R 9$0$OCA_PALLET
 10
137.26642
 20
-308.637756
 30
0.0
 41
-1.0
 50
270.0
  0
INSERT
  5
63A
330
1F
100
AcDbEntity
  8
EQ - Pallets - GE
100
AcDbBlockReference
  2
IRI-OCASA-Layout R 9$0$OCA_PALLET
 10
137.26642
 20
-309.687756
 30
0.0
 41
-1.0
 50
270.0
  0
INSERT
  5
63B
330
1F
100
AcDbEntity
  8
EQ - Pallets - GE
100
AcDbBlockReference
  2
IRI-OCASA-Layout R 9$0$OCA_PALLET
 10
137.26642
 20
-311.787756
 30
0.0
 41
-1.0
 50
270.0
  0
INSERT
  5
63C
330
1F
100
AcDbEntity
  8
EQ - Pallets - GE
100
AcDbBlockReference
  2
IRI-OCASA-Layout R 9$0$OCA_PALLET
 10
137.26642
 20
-310.737756
 30
0.0
 41
-1.0
 50
270.0
  0
INSERT
  5
63D
330
1F
100
AcDbEntity
  8
EQ - Pallets - GE
100
AcDbBlockReference
  2
IRI-OCASA-Layout R 9$0$OCA_PALLET
 10
136.06642
 20
-308.637756
 30
0.0
 41
-1.0
 50
270.0
  0
INSERT
  5
63E
330
1F
100
AcDbEntity
  8
EQ - Pallets - GE
100
AcDbBlockReference
  2
IRI-OCASA-Layout R 9$0$OCA_PALLET
 10
136.06642
 20
-309.687756
 30
0.0
 41
-1.0
 50
270.0
  0
INSERT
  5
63F
330
1F
100
AcDbEntity
  8
EQ - Pallets - GE
100
AcDbBlockReference
  2
IRI-OCASA-Layout R 9$0$OCA_PALLET
 10
136.06642
 20
-311.787756
 30
0.0
 41
-1.0
 50
270.0
  0
INSERT
  5
640
330
1F
100
AcDbEntity
  8
EQ - Pallets - GE
100
AcDbBlockReference
  2
IRI-OCASA-Layout R 9$0$OCA_PALLET
 10
136.06642
 20
-310.737756
 30
0.0
 41
-1.0
 50
270.0
  0
LWPOLYLINE
  5
641
330
1F
100
AcDbEntity
  8
HT - Montaje
 62
    40
100
AcDbPolyline
 90
        4
 70
     1
 43
0.02
 10
234.33422
 20
102.659437
 10
231.933467
 20
102.659437
 10
231.93309
 20
106.809889
 10
234.333843
 20
106.809889
  0
INSERT
  5
642
330
1F
100
AcDbEntity
  8
EQ - Pallets - GE
100
AcDbBlockReference
  2
IRI-OCASA-Layout R 9$0$OCA_PALLET
 10
127.76079
 20
523.868682
 30
0.0
 50
270.0
  0
INSERT
  5
643
330
1F
100
AcDbEntity
  8
EQ - Pallets - GE
100
AcDbBlockReference
  2
IRI-OCASA-Layout R 9$0$OCA_PALLET
 10
127.76079
 20
519.620972
 30
0.0
 50
270.0
  0
INSERT
  5
644
330
1F
100
AcDbEntity
  8
EQ - Pallets - GE
100
AcDbBlockReference
  2
IRI-OCASA-Layout R 9$0$OCA_PALLET
 10
127.76079
 20
520.670972
 30
0.0
 50
270.0
  0
INSERT
  5
645
330
1F
100
AcDbEntity
  8
EQ - Pallets - GE
100
AcDbBlockReference
  2
IRI-OCASA-Layout R 9$0$OCA_PALLET
 10
127.76079
 20
522.770972
 30
0.0
 50
270.0
  0
INSERT
  5
646
330
1F
100
AcDbEntity
  8
EQ - Pallets - GE
100
AcDbBlockReference
  2
IRI-OCASA-Layout R 9$0$OCA_PALLET
 10
127.76079
 20
521.720972
 30
0.0
 50
270.0
  0
MTEXT
  5
647
330
1F
100
AcDbEntity
  8
RF - TX - GE
 62
     7
100
AcDbMText
 10
232.838051
 20
84.690235
 30
0.0
 40
0.260466
 41
5.357991
 46
0.0
 71
     1
 72
     5
  1
\pxqc;{\H1.7277x;Producto Médico}
 11
6.123233995736766E-17
 21
1.0
 31
-2.135876251327914E-18
 73
     1
 44
1.0
1001
ACAD
1000
ACAD_MTEXT_COLUMN_INFO_BEGIN
1070
    75
1070
     2
1070
    79
1070
     0
1070
    76
1070
     1
1070
    78
1070
     0
1070
    48
1040
5.357991
1070
    49
1040
12.5
1070
    50
1070
     1
1040
0.0
1000
ACAD_MTEXT_COLUMN_INFO_END
  0
INSERT
  5
648
330
1F
100
AcDbEntity
  8
SOL - PB - Arquitectura$0$HER - Rejas - Malla 1x1
100
AcDbBlockReference
  2
SOL - PB - Arquitectura$0$columna_80x80
 10
223.503213
 20
98.099099
 30
0.0
  0
INSERT
  5
649
330
1F
100
AcDbEntity
  8
SOL - PB - Arquitectura$0$HER - Rejas - Malla 1x1
100
AcDbBlockReference
  2
SOL - PB - Arquitectura$0$columna_80x80
 10
228.458884
 20
98.099576
 30
0.0
  0
INSERT
  5
64A
330
1F
100
AcDbEntity
  8
SOL - PB - Arquitectura$0$HER - Rejas - Malla 1x1
100
AcDbBlockReference
  2
SOL - PB - Arquitectura$0$columna_80x80
 10
231.50055
 20
101.618946
 30
0.0
  0
INSERT
  5
64B
330
1F
100
AcDbEntity
  8
SOL - PB - Arquitectura$0$HER - Rejas - Malla 1x1
100
AcDbBlockReference
  2
SOL - PB - Arquitectura$0$columna_80x80
 10
234.571822
 20
101.618946
 30
0.0
  0
LWPOLYLINE
  5
64C
330
1F
100
AcDbEntity
  8
HER - Rejas - Malla 1x1
  6
ByBlock
100
AcDbPolyline
 90
        4
 70
     1
 43
0.0
 10
234.527998
 20
98.094861
 10
234.486366
 20
98.094861
 10
234.486366
 20
96.594861
 10
234.527998
 20
96.594861
  0
LWPOLYLINE
  5
64D
330
1F
100
AcDbEntity
  8
HER - Rejas - Malla 1x1
  6
ByBlock
100
AcDbPolyline
 90
        4
 70
     1
 43
0.0
 10
231.444734
 20
96.594861
 10
231.486366
 20
96.594861
 10
231.486366
 20
98.094861
 10
231.444734
 20
98.094861
  0
INSERT
  5
64E
330
1F
100
AcDbEntity
  8
HER - Rejas - Malla 1x1
100
AcDbBlockReference
  2
columna_80x80
 10
231.43055
 20
98.169861
 30
0.0
 50
180.0
  0
ARC
  5
64F
330
1F
100
AcDbEntity
  8
HER - Rejas - Malla 1x1
  6
ByBlock
 62
   253
100
AcDbCircle
 10
234.486366
 20
98.094861
 30
0.0
 40
1.500577629968372
100
AcDbArc
 50
181.589817
 51
271.589817
  0
ARC
  5
650
330
1F
100
AcDbEntity
  8
HER - Rejas - Malla 1x1
  6
ByBlock
 62
   253
100
AcDbCircle
 10
231.486366
 20
98.094861
 30
0.0
 40
1.500577629968372
100
AcDbArc
 50
268.410183
 51
358.410183
  0
LWPOLYLINE
  5
651
330
1F
100
AcDbEntity
  8
HER - Rejas - Malla 1x1
  6
ByBlock
100
AcDbPolyline
 90
        4
 70
     1
 43
0.0
 10
228.403102
 20
101.693946
 10
228.444734
 20
101.693946
 10
228.444734
 20
103.193946
 10
228.403102
 20
103.193946
  0
LWPOLYLINE
  5
652
330
1F
100
AcDbEntity
  8
HER - Rejas - Malla 1x1
  6
ByBlock
100
AcDbPolyline
 90
        4
 70
     1
 43
0.0
 10
231.486366
 20
103.193946
 10
231.444734
 20
103.193946
 10
231.444734
 20
101.693946
 10
231.486366
 20
101.693946
  0
ARC
  5
653
330
1F
100
AcDbEntity
  8
HER - Rejas - Malla 1x1
  6
ByBlock
 62
   253
100
AcDbCircle
 10
228.444734
 20
101.693946
 30
0.0
 40
1.500577629968372
100
AcDbArc
 50
1.589817
 51
91.589817
  0
ARC
  5
654
330
1F
100
AcDbEntity
  8
HER - Rejas - Malla 1x1
  6
ByBlock
 62
   253
100
AcDbCircle
 10
231.444734
 20
101.693946
 30
0.0
 40
1.500577629968372
100
AcDbArc
 50
88.410183
 51
178.410183
  0
MTEXT
  5
655
330
1F
100
AcDbEntity
  8
RF - TX - GE
 62
     7
100
AcDbMText
 10
224.707969
 20
109.177792
 30
0.0
 40
0.260466
 41
3.908439
 46
0.0
 71
     1
 72
     5
  1
\pxqc;{\H1.7277x;N/C\PPartes}
 11
6.123233995736766E-17
 21
1.0
 31
-2.135876251327914E-18
 73
     1
 44
1.0
1001
ACAD
1000
ACAD_MTEXT_COLUMN_INFO_BEGIN
1070
    75
1070
     2
1070
    79
1070
     0
1070
    76
1070
     1
1070
    78
1070
     0
1070
    48
1040
3.908439
1070
    49
1040
12.5
1070
    50
1070
     1
1040
0.0
1000
ACAD_MTEXT_COLUMN_INFO_END
  0
MTEXT
  5
656
330
1F
100
AcDbEntity
  8
RF - TX - GE
 62
     7
100
AcDbMText
 10
223.34378
 20
87.06913
 30
0.0
 40
0.260466
 41
3.908439
 46
0.0
 71
     1
 72
     5
  1
\pxqc;{\H1.7277x;Cuarentena}
 73
     1
 44
1.0
1001
ACAD
1000
ACAD_MTEXT_COLUMN_INFO_BEGIN
1070
    75
1070
     2
1070
    79
1070
     0
1070
    76
1070
     1
1070
    78
1070
     0
1070
    48
1040
3.908439
1070
    49
1040
12.5
1070
    50
1070
     1
1040
0.0
1000
ACAD_MTEXT_COLUMN_INFO_END
  0
LWPOLYLINE
  5
657
330
1F
100
AcDbEntity
  8
ANMAT-GE
100
AcDbPolyline
 90
        4
 70
     1
 43
0.0
 10
231.800077
 20
99.120646
 10
234.327582
 20
99.120646
 10
234.327582
 20
101.385082
 10
231.800077
 20
101.385082
  0
MTEXT
  5
658
330
1F
100
AcDbEntity
  8
RF - TX - GE
 62
     7
100
AcDbMText
 10
228.948066
 20
97.743552
 30
0.0
 40
0.260466
 41
3.908439
 46
0.0
 71
     1
 72
     5
  1
\pxqc;{\H1.7277x;Producto Med.\PUsado}
 11
6.123233995736766E-17
 21
1.0
 31
-2.135876251327914E-18
 73
     1
 44
1.0
1001
ACAD
1000
ACAD_MTEXT_COLUMN_INFO_BEGIN
1070
    75
1070
     2
1070
    79
1070
     0
1070
    76
1070
     1
1070
    78
1070
     0
1070
    48
1040
3.908439
1070
    49
1040
12.5
1070
    50
1070
     1
1040
0.0
1000
ACAD_MTEXT_COLUMN_INFO_END
  0
MTEXT
  5
659
330
1F
100
AcDbEntity
  8
RF - TX - GE
 62
     7
100
AcDbMText
 10
232.049022
 20
98.304919
 30
0.0
 40
0.260466
 41
3.908439
 46
0.0
 71
     1
 72
     5
  1
\pxqc;{\H1.7277x;N/C \PEquipo Médico}
 11
6.123233995736766E-17
 21
1.0
 31
-2.135876251327914E-18
 73
     1
 44
1.0
1001
ACAD
1000
ACAD_MTEXT_COLUMN_INFO_BEGIN
1070
    75
1070
     2
1070
    79
1070
     0
1070
    76
1070
     1
1070
    78
1070
     0
1070
    48
1040
3.908439
1070
    49
1040
12.5
1070
    50
1070
     1
1040
0.0
1000
ACAD_MTEXT_COLUMN_INFO_END
  0
MTEXT
  5
65A
330
1F
100
AcDbEntity
  8
RF - TX - GE
 62
     7
100
AcDbMText
 10
232.836455
 20
84.690371
 30
0.0
 40
0.260466
 41
5.357991
 46
0.0
 71
     1
 72
     5
  1
\pxqc;{\H1.7277x;Producto Médico}
 11
6.123233995736766E-17
 21
1.0
 31
-2.135876251327914E-18
 73
     1
 44
1.0
1001
ACAD
1000
ACAD_MTEXT_COLUMN_INFO_BEGIN
1070
    75
1070
     2
1070
    79
1070
     0
1070
    76
1070
     1
1070
    78
1070
     0
1070
    48
1040
5.357991
1070
    49
1040
12.5
1070
    50
1070
     1
1040
0.0
1000
ACAD_MTEXT_COLUMN_INFO_END
  0
MTEXT
  5
65B
330
1F
100
AcDbEntity
  8
0
100
AcDbMText
 10
223.608213
 20
99.224875
 30
0.0
 40
0.25
 41
2.443931
 46
0.781397
 71
     1
 72
     1
  1
PUESTOS\PINGRESO Y EGRESO
 73
     1
 44
1.0
1001
ACAD
1000
ACAD_MTEXT_DEFINED_HEIGHT_BEGIN
1070
    46
1040
0.781397
1000
ACAD_MTEXT_DEFINED_HEIGHT_END
  0
MTEXT
  5
65C
330
1F
100
AcDbEntity
  8
0
100
AcDbMText
 10
226.018213
 20
99.359675
 30
0.0
 40
0.25
 41
1.488375
 46
0.781397
 71
     1
 72
     1
  1
SUPERVISOR
 73
     1
 44
1.0
1001
ACAD
1000
ACAD_MTEXT_DEFINED_HEIGHT_BEGIN
1070
    46
1040
0.781397
1000
ACAD_MTEXT_DEFINED_HEIGHT_END
  0
MTEXT
  5
65D
330
1F
100
AcDbEntity
  8
0
100
AcDbMText
 10
224.968367
 20
103.101749
 30
0.0
 40
0.25
 41
1.488375
 46
0.781397
 71
     1
 72
     1
  1
ALMACENAMIENTO TEMPORAL DE EGRESO
 11
6.123233995736766E-17
 21
1.0
 31
0.0
 73
     1
 44
1.0
1001
ACAD
1000
ACAD_MTEXT_DEFINED_HEIGHT_BEGIN
1070
    46
1040
0.781397
1000
ACAD_MTEXT_DEFINED_HEIGHT_END
  0
MTEXT
  5
65E
330
1F
100
AcDbEntity
  8
0
100
AcDbMText
 10
224.975909
 20
106.773779
 30
0.0
 40
0.25
 41
1.488375
 46
0.781397
 71
     1
 72
     1
  1
ALMACENAMIENTO TEMPORAL DE INGRESO
 11
6.123233995736766E-17
 21
1.0
 31
0.0
 73
     1
 44
1.0
1001
ACAD
1000
ACAD_MTEXT_DEFINED_HEIGHT_BEGIN
1070
    46
1040
0.781397
1000
ACAD_MTEXT_DEFINED_HEIGHT_END
  0
VIEWPORT
  5
20F
330
D6
100
AcDbEntity
 67
     1
  8
0
 48
100.0
100
AcDbViewport
 10
0.0
 20
0.0
 30
0.0
 40
466.965848
 41
238.196088
 68
     1
 69
     1
 12
128.5
 22
97.5
 13
0.0
 23
0.0
 14
10.0
 24
10.0
 15
10.0
 25
10.0
 16
0.0
 26
0.0
 36
1.0
 17
0.0
 27
0.0
 37
0.0
 42
50.0
 43
0.0
 44
0.0
 45
238.196088
 50
0.0
 51
0.0
 72
   100
 90
   557168
  1

281
     0
 71
     1
 74
     0
110
0.0
120
0.0
130
0.0
111
1.0
121
0.0
131
0.0
112
0.0
122
1.0
132
0.0
 79
     0
146
0.0
170
     0
 61
     5
348
F5
292
     1
282
     1
141
0.0
142
0.0
 63
   256
  0
ENDSEC
  0
SECTION
  2
OBJECTS
  0
DICTIONARY
  5
C
330
0
100
AcDbDictionary
281
     1
  3
ACAD_COLOR
350
6B
  3
ACAD_DETAILVIEWSTYLE
350
665
  3
ACAD_GROUP
350
D
  3
ACAD_IMAGE_DICT
350
351
  3
ACAD_LAYOUT
350
1A
  3
ACAD_MATERIAL
350
6A
  3
ACAD_MLEADERSTYLE
350
12D
  3
ACAD_MLINESTYLE
350
17
  3
ACAD_PLOTSETTINGS
350
19
  3
ACAD_PLOTSTYLENAME
350
E
  3
ACAD_SCALELIST
350
10C
  3
ACAD_SECTIONVIEWSTYLE
350
666
  3
ACAD_TABLESTYLE
350
7E
  3
ACAD_VISUALSTYLE
350
EF
  3
ACDB_RECOMPOSE_DATA
350
664
  3
AcDbVariableDictionary
350
5E
  3
MCS_STREAM_DICT
350
34E
  0
SUN
  5
364
330
EA
100
AcDbSun
 90
        1
290
     0
 63
     7
421
 16777215
 40
1.0
291
     1
 91
  2455826
 92
 54000000
292
     0
 70
     2
 71
   256
280
     1
  0
DICTIONARY
  5
65F
330
2
100
AcDbDictionary
280
     1
281
     1
  3
ACAD_LAYERSTATES
360
660
  0
DICTIONARY
  5
234
330
1F
100
AcDbDictionary
280
     1
281
     1
  3
ACAD_SORTENTS
360
235
  0
DICTIONARY
  5
3B5
330
3B4
100
AcDbDictionary
280
     1
281
     1
  3
ACAD_SORTENTS
360
3B6
  0
DICTIONARY
  5
3BE
330
3BD
100
AcDbDictionary
280
     1
281
     1
  3
ACAD_SORTENTS
360
3BF
  0
DICTIONARY
  5
434
330
433
100
AcDbDictionary
280
     1
281
     1
  3
ACAD_SORTENTS
360
435
  0
DICTIONARY
  5
454
330
453
100
AcDbDictionary
280
     1
281
     1
  3
ACAD_SORTENTS
360
455
  0
DICTIONARY
  5
485
330
484
100
AcDbDictionary
280
     1
281
     1
  3
ACAD_SORTENTS
360
486
  0
DICTIONARY
  5
4B0
330
4AF
100
AcDbDictionary
280
     1
281
     1
  3
ACAD_SORTENTS
360
4B1
  0
DICTIONARY
  5
4CA
330
4C9
100
AcDbDictionary
280
     1
281
     1
  3
ACAD_SORTENTS
360
4CB
  0
DICTIONARY
  5
4D4
330
4D3
100
AcDbDictionary
280
     1
281
     1
  3
ACAD_SORTENTS
360
4D5
  0
DICTIONARY
  5
4EE
330
4ED
100
AcDbDictionary
280
     1
281
     1
  3
ACAD_SORTENTS
360
4EF
  0
DICTIONARY
  5
599
330
598
100
AcDbDictionary
280
     1
281
     1
  3
ACAD_SORTENTS
360
59A
  0
DICTIONARY
  5
5ED
330
5EC
100
AcDbDictionary
280
     1
281
     1
  3
ACAD_SORTENTS
360
5EE
  0
DICTIONARY
  5
5F2
330
5F1
100
AcDbDictionary
280
     1
281
     1
  3
ACAD_SORTENTS
360
5F3
  0
DICTIONARY
  5
6B
102
{ACAD_REACTORS
330
C
102
}
330
C
100
AcDbDictionary
281
     1
  0
DICTIONARY
  5
665
102
{ACAD_REACTORS
330
C
102
}
330
C
100
AcDbDictionary
281
     1
  0
DICTIONARY
  5
D
102
{ACAD_REACTORS
330
C
102
}
330
C
100
AcDbDictionary
281
     1
  0
DICTIONARY
  5
351
102
{ACAD_REACTORS
330
C
102
}
330
C
100
AcDbDictionary
281
     1
  0
DICTIONARY
  5
1A
102
{ACAD_REACTORS
330
C
102
}
330
C
100
AcDbDictionary
281
     1
  3
A0
350
225
  3
A1
350
220
  3
A2
350
21B
  3
A3
350
216
  3
A4
350
211
  3
Layout1
350
D3
  3
Layout2
350
D7
  3
Model
350
22
  0
DICTIONARY
  5
6A
102
{ACAD_REACTORS
330
C
102
}
330
C
100
AcDbDictionary
281
     1
  3
ByBlock
350
ED
  3
ByLayer
350
EC
  3
Global
350
EE
  0
DICTIONARY
  5
12D
102
{ACAD_REACTORS
330
C
102
}
330
C
100
AcDbDictionary
281
     1
  3
Standard
350
12E
  3
Аннотативный
350
13B
  0
DICTIONARY
  5
17
102
{ACAD_REACTORS
330
C
102
}
330
C
100
AcDbDictionary
281
     1
  3
Standard
350
18
  0
DICTIONARY
  5
19
102
{ACAD_REACTORS
330
C
102
}
330
C
100
AcDbDictionary
281
     1
  0
ACDBDICTIONARYWDFLT
  5
E
102
{ACAD_REACTORS
330
C
102
}
330
C
100
AcDbDictionary
281
     1
  3
Normal
350
F
100
AcDbDictionaryWithDefault
340
F
  0
DICTIONARY
  5
10C
102
{ACAD_REACTORS
330
C
102
}
330
C
100
AcDbDictionary
281
     1
  3
A0
350
10D
  3
A1
350
1BE
  3
A2
350
1BF
  3
A3
350
1C0
  3
A4
350
1C1
  3
A5
350
1C2
  3
A6
350
1C3
  3
A7
350
1C4
  3
A8
350
1C5
  3
A9
350
1C6
  3
B0
350
1C7
  3
B1
350
1C8
  3
B2
350
1C9
  3
B3
350
1CA
  3
B4
350
1CB
  3
B5
350
1CC
  3
B6
350
1CD
  0
DICTIONARY
  5
666
102
{ACAD_REACTORS
330
C
102
}
330
C
100
AcDbDictionary
281
     1
  0
DICTIONARY
  5
7E
102
{ACAD_REACTORS
330
C
102
}
330
C
100
AcDbDictionary
281
     1
  3
Standard
350
7F
  0
DICTIONARY
  5
EF
102
{ACAD_REACTORS
330
C
102
}
330
C
100
AcDbDictionary
281
     1
  3
2dWireframe
350
F5
  3
3D Hidden
350
F7
  3
3dWireframe
350
F6
  3
Basic
350
F4
  3
Brighten
350
FB
  3
ColorChange
350
FF
  3
Conceptual
350
F8
  3
Dim
350
FA
  3
EdgeColorOff
350
35E
  3
Facepattern
350
FE
  3
Flat
350
F0
  3
FlatWithEdges
350
F1
  3
Gouraud
350
F2
  3
GouraudWithEdges
350
F3
  3
Hidden
350
35B
  3
JitterOff
350
35C
  3
Linepattern
350
FD
  3
OverhangOff
350
35D
  3
Realistic
350
F9
  3
Shaded
350
363
  3
Shaded with edges
350
362
  3
Shades of Gray
350
35F
  3
Sketchy
350
360
  3
Thicken
350
FC
  3
Wireframe
350
35A
  3
X-Ray
350
361
  0
XRECORD
  5
664
102
{ACAD_REACTORS
330
C
102
}
330
C
100
AcDbXrecord
280
     1
 90
        1
330
7F
  0
DICTIONARY
  5
5E
102
{ACAD_REACTORS
330
C
102
}
330
C
100
AcDbDictionary
281
     1
  3
CANNOSCALE
350
146
  3
CMLEADERSTYLE
350
145
  3
CTABLESTYLE
350
84
  3
DIMASSOC
350
5F
  3
HIDETEXT
350
63
  3
LAYEREVAL
350
1AE
  3
LAYERNOTIFY
350
1AF
  3
XCLIPFRAME
350
356
  0
DICTIONARY
  5
34E
102
{ACAD_REACTORS
330
C
102
}
330
C
100
AcDbDictionary
281
     1
  3
MC_VERSION_DATA
350
661
  3
MCS_DOCUMENT_ID
350
357
  3
MCS_PARAMS_DATA
350
365
  0
DICTIONARY
  5
660
102
{ACAD_REACTORS
330
65F
102
}
330
65F
100
AcDbDictionary
281
     1
  0
SORTENTSTABLE
  5
235
102
{ACAD_REACTORS
330
234
102
}
330
234
100
AcDbSortentsTable
330
1F
331
0
  5
237
  0
SORTENTSTABLE
  5
3B6
102
{ACAD_REACTORS
330
3B5
102
}
330
3B5
100
AcDbSortentsTable
330
3B4
  0
SORTENTSTABLE
  5
3BF
102
{ACAD_REACTORS
330
3BE
102
}
330
3BE
100
AcDbSortentsTable
330
3BD
  0
SORTENTSTABLE
  5
435
102
{ACAD_REACTORS
330
434
102
}
330
434
100
AcDbSortentsTable
330
433
  0
SORTENTSTABLE
  5
455
102
{ACAD_REACTORS
330
454
102
}
330
454
100
AcDbSortentsTable
330
453
  0
SORTENTSTABLE
  5
486
102
{ACAD_REACTORS
330
485
102
}
330
485
100
AcDbSortentsTable
330
484
  0
SORTENTSTABLE
  5
4B1
102
{ACAD_REACTORS
330
4B0
102
}
330
4B0
100
AcDbSortentsTable
330
4AF
  0
SORTENTSTABLE
  5
4CB
102
{ACAD_REACTORS
330
4CA
102
}
330
4CA
100
AcDbSortentsTable
330
4C9
  0
SORTENTSTABLE
  5
4D5
102
{ACAD_REACTORS
330
4D4
102
}
330
4D4
100
AcDbSortentsTable
330
4D3
  0
SORTENTSTABLE
  5
4EF
102
{ACAD_REACTORS
330
4EE
102
}
330
4EE
100
AcDbSortentsTable
330
4ED
  0
SORTENTSTABLE
  5
59A
102
{ACAD_REACTORS
330
599
102
}
330
599
100
AcDbSortentsTable
330
598
  0
SORTENTSTABLE
  5
5EE
102
{ACAD_REACTORS
330
5ED
102
}
330
5ED
100
AcDbSortentsTable
330
5EC
  0
SORTENTSTABLE
  5
5F3
102
{ACAD_REACTORS
330
5F2
102
}
330
5F2
100
AcDbSortentsTable
330
5F1
  0
LAYOUT
  5
225
102
{ACAD_REACTORS
330
1A
102
}
330
1A
100
AcDbPlotSettings
  1

  2
none_device
  4
ISO_A0_(1189.00_x_841.00_MM)
  6

 40
7.5
 41
20.0
 42
7.5
 43
20.0
 44
1189.0
 45
841.0
 46
0.0
 47
0.0
 48
0.0
 49
0.0
140
0.0
141
0.0
142
1.0
143
1.0
 70
   688
 72
     1
 73
     0
 74
     5
  7

 75
    16
 76
     0
 77
     2
 78
   300
147
1.0
148
0.0
149
0.0
100
AcDbLayout
  1
A0
 70
     0
 71
     7
 10
0.0
 20
0.0
 11
0.0
 21
0.0
 12
0.0
 22
0.0
 32
0.0
 14
0.0
 24
0.0
 34
0.0
 15
0.0
 25
0.0
 35
0.0
146
0.0
 13
0.0
 23
0.0
 33
0.0
 16
1.0
 26
0.0
 36
0.0
 17
0.0
 27
1.0
 37
0.0
 76
     0
330
224
331
228
  0
LAYOUT
  5
220
102
{ACAD_REACTORS
330
1A
102
}
330
1A
100
AcDbPlotSettings
  1

  2
none_device
  4
ISO_A1_(841.00_x_594.00_MM)
  6

 40
7.5
 41
20.0
 42
7.5
 43
20.0
 44
841.0
 45
594.0
 46
0.0
 47
0.0
 48
0.0
 49
0.0
140
0.0
141
0.0
142
1.0
143
1.0
 70
   688
 72
     1
 73
     0
 74
     5
  7

 75
    16
 76
     0
 77
     2
 78
   300
147
1.0
148
0.0
149
0.0
100
AcDbLayout
  1
A1
 70
     1
 71
     6
 10
-20.0
 20
-7.5
 11
277.0
 21
202.5
 12
0.0
 22
0.0
 32
0.0
 14
0.0
 24
0.0
 34
0.0
 15
0.0
 25
0.0
 35
0.0
146
0.0
 13
0.0
 23
0.0
 33
0.0
 16
1.0
 26
0.0
 36
0.0
 17
0.0
 27
1.0
 37
0.0
 76
     0
330
21F
331
223
  0
LAYOUT
  5
21B
102
{ACAD_REACTORS
330
1A
102
}
330
1A
100
AcDbPlotSettings
  1

  2
none_device
  4
ISO_A2_(594.00_x_420.00_MM)
  6

 40
7.5
 41
20.0
 42
7.5
 43
20.0
 44
594.0
 45
420.0
 46
0.0
 47
0.0
 48
0.0
 49
0.0
140
0.0
141
0.0
142
1.0
143
1.0
 70
   688
 72
     1
 73
     0
 74
     5
  7

 75
    16
 76
     0
 77
     2
 78
   300
147
1.0
148
0.0
149
0.0
100
AcDbLayout
  1
A2
 70
     1
 71
     5
 10
0.0
 20
0.0
 11
0.0
 21
0.0
 12
0.0
 22
0.0
 32
0.0
 14
0.0
 24
0.0
 34
0.0
 15
0.0
 25
0.0
 35
0.0
146
0.0
 13
0.0
 23
0.0
 33
0.0
 16
1.0
 26
0.0
 36
0.0
 17
0.0
 27
1.0
 37
0.0
 76
     0
330
21A
331
21E
  0
LAYOUT
  5
216
102
{ACAD_REACTORS
330
1A
102
}
330
1A
100
AcDbPlotSettings
  1

  2
none_device
  4
ISO_A3_(420.00_x_297.00_MM)
  6

 40
7.5
 41
20.0
 42
7.5
 43
20.0
 44
420.0
 45
297.0
 46
0.0
 47
0.0
 48
0.0
 49
0.0
140
0.0
141
0.0
142
1.0
143
1.0
 70
   688
 72
     1
 73
     0
 74
     5
  7

 75
    16
 76
     0
 77
     2
 78
   300
147
1.0
148
0.0
149
0.0
100
AcDbLayout
  1
A3
 70
     1
 71
     4
 10
0.0
 20
0.0
 11
0.0
 21
0.0
 12
0.0
 22
0.0
 32
0.0
 14
0.0
 24
0.0
 34
0.0
 15
0.0
 25
0.0
 35
0.0
146
0.0
 13
0.0
 23
0.0
 33
0.0
 16
1.0
 26
0.0
 36
0.0
 17
0.0
 27
1.0
 37
0.0
 76
     0
330
215
331
219
  0
LAYOUT
  5
211
102
{ACAD_REACTORS
330
1A
102
}
330
1A
100
AcDbPlotSettings
  1

  2
none_device
  4
ISO_A4_(210.00_x_297.00_MM)
  6

 40
7.5
 41
20.0
 42
7.5
 43
20.0
 44
210.0
 45
297.0
 46
0.0
 47
0.0
 48
0.0
 49
0.0
140
0.0
141
0.0
142
1.0
143
1.0
 70
   688
 72
     1
 73
     0
 74
     5
  7

 75
    16
 76
     0
 77
     2
 78
   300
147
1.0
148
0.0
149
0.0
100
AcDbLayout
  1
A4
 70
     1
 71
     3
 10
0.0
 20
0.0
 11
0.0
 21
0.0
 12
0.0
 22
0.0
 32
0.0
 14
0.0
 24
0.0
 34
0.0
 15
0.0
 25
0.0
 35
0.0
146
0.0
 13
0.0
 23
0.0
 33
0.0
 16
1.0
 26
0.0
 36
0.0
 17
0.0
 27
1.0
 37
0.0
 76
     0
330
210
331
214
  0
LAYOUT
  5
D3
102
{ACAD_REACTORS
330
1A
102
}
330
1A
100
AcDbPlotSettings
  1

  2
none_device
  4
ISO_A4_(210.00_x_297.00_MM)
  6

 40
7.5
 41
20.0
 42
7.5
 43
20.0
 44
210.0
 45
297.0
 46
0.0
 47
0.0
 48
0.0
 49
0.0
140
0.0
141
0.0
142
1.0
143
1.0
 70
   688
 72
     1
 73
     1
 74
     5
  7

 75
    16
 76
     0
 77
     2
 78
   300
147
1.0
148
0.0
149
0.0
100
AcDbLayout
  1
Layout1
 70
     0
 71
     1
 10
0.0
 20
0.0
 11
12.0
 21
9.0
 12
0.0
 22
0.0
 32
0.0
 14
0.0
 24
0.0
 34
0.0
 15
0.0
 25
0.0
 35
0.0
146
0.0
 13
0.0
 23
0.0
 33
0.0
 16
1.0
 26
0.0
 36
0.0
 17
0.0
 27
1.0
 37
0.0
 76
     0
330
D2
331
229
  0
LAYOUT
  5
D7
102
{ACAD_REACTORS
330
1A
102
}
330
1A
100
AcDbPlotSettings
  1

  2
none_device
  4
ISO_A4_(210.00_x_297.00_MM)
  6

 40
7.5
 41
20.0
 42
7.5
 43
20.0
 44
210.0
 45
297.0
 46
0.0
 47
0.0
 48
0.0
 49
0.0
140
0.0
141
0.0
142
1.0
143
1.0
 70
   688
 72
     1
 73
     1
 74
     5
  7

 75
    16
 76
     0
 77
     2
 78
   300
147
1.0
148
0.0
149
0.0
100
AcDbLayout
  1
Layout2
 70
     0
 71
     2
 10
-20.0
 20
-7.5
 11
277.0
 21
202.5
 12
0.0
 22
0.0
 32
0.0
 14
0.0
 24
0.0
 34
0.0
 15
0.0
 25
0.0
 35
0.0
146
0.0
 13
0.0
 23
0.0
 33
0.0
 16
1.0
 26
0.0
 36
0.0
 17
0.0
 27
1.0
 37
0.0
 76
     0
330
D6
331
20F
  0
LAYOUT
  5
22
102
{ACAD_REACTORS
330
1A
102
}
102
{ACAD_XDICTIONARY
360
358
102
}
330
1A
100
AcDbPlotSettings
  1

  2
none_device
  4
ISO_A4_(210.00_x_297.00_MM)
  6

 40
7.5
 41
20.0
 42
7.5
 43
20.0
 44
210.0
 45
297.0
 46
0.0
 47
0.0
 48
0.0
 49
0.0
140
0.0
141
0.0
142
1.0
143
3.249677
 70
 11952
 72
     1
 73
     0
 74
     0
  7

 75
     0
 76
     0
 77
     2
 78
   300
147
0.307723
148
0.0
149
0.0
100
AcDbLayout
  1
Model
 70
     1
 71
     0
 10
0.0
 20
0.0
 11
420.0
 21
297.0
 12
0.0
 22
0.0
 32
0.0
 14
223.122969
 24
79.766621
 34
0.0
 15
234.988169
 25
124.522254
 35
0.011607
146
0.0
 13
0.0
 23
0.0
 33
0.0
 16
1.0
 26
0.0
 36
0.0
 17
0.0
 27
1.0
 37
0.0
 76
     0
330
1F
331
EA
1001
ACAD_PSEXT
1000
None
1000
None
1000
Not applicable
1000
The layout will not be plotted unless a new plotter configuration name is selected.
1070
     0
  0
MATERIAL
  5
ED
102
{ACAD_REACTORS
330
6A
102
}
330
6A
100
AcDbMaterial
  1
ByBlock
 72
     1
 73
     2
 78
     2
172
     2
176
     2
270
     2
274
     2
 94
       63
  0
MATERIAL
  5
EC
102
{ACAD_REACTORS
330
6A
102
}
330
6A
100
AcDbMaterial
  1
ByLayer
 72
     1
 73
     2
 78
     2
172
     2
176
     2
270
     2
274
     2
 94
       63
  0
MATERIAL
  5
EE
102
{ACAD_REACTORS
330
6A
102
}
330
6A
100
AcDbMaterial
  1
Global
 72
     1
 73
     2
 43
0.0008
 43
0.0
 43
0.0
 43
0.0
 43
0.0
 43
0.0008
 43
0.0
 43
0.0
 43
0.0
 43
0.0
 43
1.0
 43
0.0
 43
0.0
 43
0.0
 43
0.0
 43
1.0
 78
     2
172
     2
 49
0.0008
 49
0.0
 49
0.0
 49
0.0
 49
0.0
 49
0.0008
 49
0.0
 49
0.0
 49
0.0
 49
0.0
 49
1.0
 49
0.0
 49
0.0
 49
0.0
 49
0.0
 49
1.0
176
     2
142
0.0008
142
0.0
142
0.0
142
0.0
142
0.0
142
0.0008
142
0.0
142
0.0
142
0.0
142
0.0
142
1.0
142
0.0
142
0.0
142
0.0
142
0.0
142
1.0
270
     2
144
0.0008
144
0.0
144
0.0
144
0.0
144
0.0
144
0.0008
144
0.0
144
0.0
144
0.0
144
0.0
144
1.0
144
0.0
144
0.0
144
0.0
144
0.0
144
1.0
274
     2
 94
       63
1001
ACAD
1070
    -1
1070
     3
1070
     0
1000

1071
        0
1070
     0
  0
MLEADERSTYLE
  5
12E
102
{ACAD_REACTORS
330
12D
102
}
330
12D
100
AcDbMLeaderStyle
179
     2
170
     2
171
     1
172
     0
 90
        2
 40
0.0
 41
0.0
173
     1
 91
-1056964608
340
14
 92
       -2
290
     1
 42
2.0
291
     1
 43
8.0
  3
Standard
341
0
 44
4.0
300

342
11
174
     1
178
     1
175
     1
176
     0
 93
-1056964608
 45
4.0
292
     0
297
     0
 46
4.0
343
0
 94
-1056964608
 47
1.0
 49
1.0
140
1.0
293
     1
141
0.0
294
     1
177
     0
142
1.0
295
     0
296
     0
143
3.75
271
     0
272
     9
273
     9
298
     0
1001
ACAD_MLEADERVER
1070
     2
  0
MLEADERSTYLE
  5
13B
102
{ACAD_REACTORS
330
12D
102
}
330
12D
100
AcDbMLeaderStyle
179
     2
170
     2
171
     1
172
     0
 90
        2
 40
0.0
 41
0.0
173
     1
 91
-1056964608
340
14
 92
       -2
290
     1
 42
2.0
291
     1
 43
8.0
  3
Standard
341
0
 44
4.0
300

342
11
174
     1
178
     1
175
     1
176
     0
 93
-1056964608
 45
4.0
292
     0
297
     0
 46
4.0
343
0
 94
-1056964608
 47
1.0
 49
1.0
140
1.0
293
     1
141
0.0
294
     1
177
     0
142
1.0
295
     1
296
     0
143
3.75
271
     0
272
     9
273
     9
298
     0
1001
ACAD_MLEADERVER
1070
     2
  0
MLINESTYLE
  5
18
102
{ACAD_REACTORS
330
17
102
}
330
17
100
AcDbMlineStyle
  2
STANDARD
 70
     0
  3

 62
   256
 51
90.0
 52
90.0
 71
     2
 49
0.5
 62
   256
  6
BYLAYER
 49
-0.5
 62
   256
  6
BYLAYER
  0
ACDBPLACEHOLDER
  5
F
102
{ACAD_REACTORS
330
E
102
}
330
E
  0
SCALE
  5
10D
102
{ACAD_REACTORS
330
10C
102
}
330
10C
100
AcDbScale
 70
     0
300
1:1
140
1.0
141
1.0
290
     1
  0
SCALE
  5
1BE
102
{ACAD_REACTORS
330
10C
102
}
330
10C
100
AcDbScale
 70
     0
300
1:2
140
1.0
141
2.0
290
     0
  0
SCALE
  5
1BF
102
{ACAD_REACTORS
330
10C
102
}
330
10C
100
AcDbScale
 70
     0
300
1:4
140
1.0
141
4.0
290
     0
  0
SCALE
  5
1C0
102
{ACAD_REACTORS
330
10C
102
}
330
10C
100
AcDbScale
 70
     0
300
1:5
140
1.0
141
5.0
290
     0
  0
SCALE
  5
1C1
102
{ACAD_REACTORS
330
10C
102
}
330
10C
100
AcDbScale
 70
     0
300
1:8
140
1.0
141
8.0
290
     0
  0
SCALE
  5
1C2
102
{ACAD_REACTORS
330
10C
102
}
330
10C
100
AcDbScale
 70
     0
300
1:10
140
1.0
141
10.0
290
     0
  0
SCALE
  5
1C3
102
{ACAD_REACTORS
330
10C
102
}
330
10C
100
AcDbScale
 70
     0
300
1:16
140
1.0
141
16.0
290
     0
  0
SCALE
  5
1C4
102
{ACAD_REACTORS
330
10C
102
}
330
10C
100
AcDbScale
 70
     0
300
1:20
140
1.0
141
20.0
290
     0
  0
SCALE
  5
1C5
102
{ACAD_REACTORS
330
10C
102
}
330
10C
100
AcDbScale
 70
     0
300
1:30
140
1.0
141
30.0
290
     0
  0
SCALE
  5
1C6
102
{ACAD_REACTORS
330
10C
102
}
330
10C
100
AcDbScale
 70
     0
300
1:40
140
1.0
141
40.0
290
     0
  0
SCALE
  5
1C7
102
{ACAD_REACTORS
330
10C
102
}
330
10C
100
AcDbScale
 70
     0
300
1:50
140
1.0
141
50.0
290
     0
  0
SCALE
  5
1C8
102
{ACAD_REACTORS
330
10C
102
}
330
10C
100
AcDbScale
 70
     0
300
1:100
140
1.0
141
100.0
290
     0
  0
SCALE
  5
1C9
102
{ACAD_REACTORS
330
10C
102
}
330
10C
100
AcDbScale
 70
     0
300
2:1
140
2.0
141
1.0
290
     0
  0
SCALE
  5
1CA
102
{ACAD_REACTORS
330
10C
102
}
330
10C
100
AcDbScale
 70
     0
300
4:1
140
4.0
141
1.0
290
     0
  0
SCALE
  5
1CB
102
{ACAD_REACTORS
330
10C
102
}
330
10C
100
AcDbScale
 70
     0
300
8:1
140
8.0
141
1.0
290
     0
  0
SCALE
  5
1CC
102
{ACAD_REACTORS
330
10C
102
}
330
10C
100
AcDbScale
 70
     0
300
10:1
140
10.0
141
1.0
290
     0
  0
SCALE
  5
1CD
102
{ACAD_REACTORS
330
10C
102
}
330
10C
100
AcDbScale
 70
     0
300
100:1
140
100.0
141
1.0
290
     0
  0
TABLESTYLE
  5
7F
102
{ACAD_REACTORS
330
7E
102
}
102
{ACAD_XDICTIONARY
360
662
102
}
330
7E
100
AcDbTableStyle
  3
Standard
 70
     0
 71
     0
 40
1.5
 41
1.5
280
     0
281
     0
  7
Standard
140
4.5
170
     2
 62
     0
 63
   257
283
     0
 90
      512
 91
        0
  1

274
    -2
284
     1
 64
     0
275
    -2
285
     1
 65
     0
276
    -2
286
     1
 66
     0
277
    -2
287
     1
 67
     0
278
    -2
288
     1
 68
     0
279
    -2
289
     1
 69
     0
  7
Standard
140
6.0
170
     5
 62
     0
 63
   257
283
     0
 90
      512
 91
        0
  1

274
    -2
284
     1
 64
     0
275
    -2
285
     1
 65
     0
276
    -2
286
     1
 66
     0
277
    -2
287
     1
 67
     0
278
    -2
288
     1
 68
     0
279
    -2
289
     1
 69
     0
  7
Standard
140
4.5
170
     5
 62
     0
 63
   257
283
     0
 90
      512
 91
        0
  1

274
    -2
284
     1
 64
     0
275
    -2
285
     1
 65
     0
276
    -2
286
     1
 66
     0
277
    -2
287
     1
 67
     0
278
    -2
288
     1
 68
     0
279
    -2
289
     1
 69
     0
  0
VISUALSTYLE
  5
F5
102
{ACAD_REACTORS
330
EF
102
}
330
EF
100
AcDbVisualStyle
  2
2dWireframe
 70
     4
177
     3
291
     0
 70
    58
 90
        0
176
     1
 90
        2
176
     1
 90
        1
176
     1
 90
        0
176
     1
 40
-0.6
176
     1
 40
-30.0
176
     1
 62
     7
420
 16777215
176
     1
 90
        1
176
     1
 90
        4
176
     1
 62
     7
176
     1
 62
   257
176
     1
 90
        1
176
     1
 90
        1
176
     1
 40
1.0
176
     1
 90
        0
176
     1
 62
   257
176
     1
 40
1.0
176
     1
 90
        1
176
     1
 90
        6
176
     1
 90
        2
176
     1
 62
     7
176
     1
 90
        5
176
     1
 90
        0
176
     1
 90
        0
176
     1
290
     0
176
     1
 90
        1
176
     1
 40
0.0
176
     1
 90
        0
176
     1
290
     1
176
     1
290
     1
176
     1
290
     0
176
     1
290
     0
176
     1
290
     0
176
     1
290
     0
176
     1
290
     0
176
     1
290
     0
176
     1
290
     0
176
     1
 90
       50
176
     1
 40
0.0
176
     1
 40
1.0
176
     1
 90
        0
176
     1
 62
    18
420
        0
176
     1
 90
       50
176
     1
 90
        3
176
     1
 62
     5
420
      255
176
     1
290
     0
176
     1
 90
       50
176
     1
 90
       50
176
     1
 90
       50
176
     1
290
     0
176
     1
 90
       50
176
     1
 62
   256
176
     0
 40
1.0
176
     0
 90
        2
176
     1
  1
strokes_ogs.tif
176
     1
290
     0
176
     1
 40
1.0
176
     1
 40
1.0
176
     1
  0
VISUALSTYLE
  5
F7
102
{ACAD_REACTORS
330
EF
102
}
330
EF
100
AcDbVisualStyle
  2
3D Hidden
 70
     6
177
     3
291
     0
 70
    58
 90
        1
176
     1
 90
        2
176
     1
 90
        2
176
     1
 90
        0
176
     1
 40
-0.6
176
     1
 40
-30.0
176
     1
 62
     7
420
 16777215
176
     1
 90
        2
176
     1
 90
        2
176
     1
 62
     7
176
     1
 62
   257
176
     1
 90
        2
176
     1
 90
        1
176
     1
 40
40.0
176
     1
 90
        0
176
     1
 62
   257
176
     1
 40
1.0
176
     1
 90
        1
176
     1
 90
        6
176
     1
 90
        2
176
     1
 62
     7
176
     1
 90
        3
176
     1
 90
        0
176
     1
 90
        0
176
     1
290
     0
176
     1
 90
        1
176
     1
 40
0.0
176
     1
 90
        0
176
     1
290
     0
176
     1
290
     1
176
     1
290
     1
176
     1
290
     0
176
     1
290
     0
176
     1
290
     0
176
     1
290
     0
176
     1
290
     0
176
     1
290
     0
176
     1
 90
       50
176
     1
 40
0.0
176
     1
 40
1.0
176
     1
 90
        0
176
     1
 62
    18
420
        0
176
     1
 90
       50
176
     1
 90
        3
176
     1
 62
     5
420
      255
176
     1
290
     0
176
     1
 90
       50
176
     1
 90
       50
176
     1
 90
       50
176
     1
290
     0
176
     1
 90
       50
176
     1
 62
   256
176
     0
 40
1.0
176
     0
 90
        2
176
     1
  1
strokes_ogs.tif
176
     1
290
     0
176
     1
 40
1.0
176
     1
 40
1.0
176
     1
  0
VISUALSTYLE
  5
F6
102
{ACAD_REACTORS
330
EF
102
}
330
EF
100
AcDbVisualStyle
  2
3dWireframe
 70
     5
177
     3
291
     0
 70
    58
 90
        0
176
     1
 90
        2
176
     1
 90
        1
176
     1
 90
        0
176
     1
 40
-0.6
176
     1
 40
-30.0
176
     1
 62
     7
420
 16777215
176
     1
 90
        1
176
     1
 90
        4
176
     1
 62
     7
176
     1
 62
   257
176
     1
 90
        1
176
     1
 90
        1
176
     1
 40
1.0
176
     1
 90
        0
176
     1
 62
   257
176
     1
 40
1.0
176
     1
 90
        1
176
     1
 90
        6
176
     1
 90
        2
176
     1
 62
     7
176
     1
 90
        5
176
     1
 90
        0
176
     1
 90
        0
176
     1
290
     0
176
     1
 90
        1
176
     1
 40
0.0
176
     1
 90
        0
176
     1
290
     0
176
     1
290
     1
176
     1
290
     1
176
     1
290
     0
176
     1
290
     0
176
     1
290
     0
176
     1
290
     0
176
     1
290
     0
176
     1
290
     0
176
     1
 90
       50
176
     1
 40
0.0
176
     1
 40
1.0
176
     1
 90
        0
176
     1
 62
    18
420
        0
176
     1
 90
       50
176
     1
 90
        3
176
     1
 62
     5
420
      255
176
     1
290
     0
176
     1
 90
       50
176
     1
 90
       50
176
     1
 90
       50
176
     1
290
     0
176
     1
 90
       50
176
     1
 62
   256
176
     0
 40
1.0
176
     0
 90
        2
176
     1
  1
strokes_ogs.tif
176
     1
290
     0
176
     1
 40
1.0
176
     1
 40
1.0
176
     1
  0
VISUALSTYLE
  5
F4
102
{ACAD_REACTORS
330
EF
102
}
330
EF
100
AcDbVisualStyle
  2
Basic
 70
     7
177
     3
291
     1
 70
    58
 90
        1
176
     1
 90
        0
176
     1
 90
        1
176
     1
 90
        0
176
     1
 40
-0.6
176
     1
 40
-30.0
176
     1
 62
     7
420
 16777215
176
     1
 90
        0
176
     1
 90
        4
176
     1
 62
     7
176
     1
 62
   257
176
     1
 90
        1
176
     1
 90
        1
176
     1
 40
1.0
176
     1
 90
        8
176
     1
 62
     7
176
     1
 40
1.0
176
     1
 90
        1
176
     1
 90
        6
176
     1
 90
        2
176
     1
 62
     7
176
     1
 90
        5
176
     1
 90
        0
176
     1
 90
        0
176
     1
290
     0
176
     1
 90
        1
176
     1
 40
0.0
176
     1
 90
        0
176
     1
290
     0
176
     1
290
     1
176
     1
290
     1
176
     1
290
     0
176
     1
290
     0
176
     1
290
     0
176
     1
290
     0
176
     1
290
     0
176
     1
290
     0
176
     1
 90
       50
176
     1
 40
0.0
176
     1
 40
1.0
176
     1
 90
        0
176
     1
 62
    18
420
        0
176
     1
 90
       50
176
     1
 90
        3
176
     1
 62
     5
420
      255
176
     1
290
     0
176
     1
 90
       50
176
     1
 90
       50
176
     1
 90
       50
176
     1
290
     0
176
     1
 90
       50
176
     1
 62
   256
176
     0
 40
1.0
176
     0
 90
        2
176
     1
  1
strokes_ogs.tif
176
     1
290
     0
176
     1
 40
1.0
176
     1
 40
1.0
176
     1
  0
VISUALSTYLE
  5
FB
102
{ACAD_REACTORS
330
EF
102
}
330
EF
100
AcDbVisualStyle
  2
Brighten
 70
    12
177
     3
291
     1
 70
    58
 90
        2
176
     1
 90
        2
176
     1
 90
        1
176
     1
 90
        0
176
     1
 40
-0.6
176
     1
 40
-30.0
176
     1
 62
     7
420
 16777215
176
     1
 90
        1
176
     1
 90
        4
176
     1
 62
     7
176
     1
 62
   257
176
     1
 90
        1
176
     1
 90
        1
176
     1
 40
1.0
176
     1
 90
        8
176
     1
 62
     7
176
     1
 40
1.0
176
     1
 90
        1
176
     1
 90
        6
176
     1
 90
        2
176
     1
 62
     7
176
     1
 90
        5
176
     1
 90
        0
176
     1
 90
        0
176
     1
290
     0
176
     1
 90
        1
176
     1
 40
50.0
176
     1
 90
        0
176
     1
290
     0
176
     1
290
     1
176
     1
290
     1
176
     1
290
     0
176
     1
290
     0
176
     1
290
     0
176
     1
290
     0
176
     1
290
     0
176
     1
290
     0
176
     1
 90
       50
176
     1
 40
0.0
176
     1
 40
1.0
176
     1
 90
        0
176
     1
 62
    18
420
        0
176
     1
 90
       50
176
     1
 90
        3
176
     1
 62
     5
420
      255
176
     1
290
     0
176
     1
 90
       50
176
     1
 90
       50
176
     1
 90
       50
176
     1
290
     0
176
     1
 90
       50
176
     1
 62
   256
176
     0
 40
1.0
176
     0
 90
        2
176
     1
  1
strokes_ogs.tif
176
     1
290
     0
176
     1
 40
1.0
176
     1
 40
1.0
176
     1
  0
VISUALSTYLE
  5
FF
102
{ACAD_REACTORS
330
EF
102
}
330
EF
100
AcDbVisualStyle
  2
ColorChange
 70
    16
177
     3
291
     1
 70
    58
 90
        2
176
     1
 90
        2
176
     1
 90
        3
176
     1
 90
        0
176
     1
 40
-0.6
176
     1
 40
-30.0
176
     1
 62
     8
420
  8421504
176
     1
 90
        1
176
     1
 90
        4
176
     1
 62
     7
176
     1
 62
   257
176
     1
 90
        1
176
     1
 90
        1
176
     1
 40
1.0
176
     1
 90
        8
176
     1
 62
     8
420
  8421504
176
     1
 40
1.0
176
     1
 90
        1
176
     1
 90
        6
176
     1
 90
        2
176
     1
 62
     7
176
     1
 90
        5
176
     1
 90
        0
176
     1
 90
        0
176
     1
290
     0
176
     1
 90
        1
176
     1
 40
0.0
176
     1
 90
        0
176
     1
290
     0
176
     1
290
     1
176
     1
290
     1
176
     1
290
     0
176
     1
290
     0
176
     1
290
     0
176
     1
290
     0
176
     1
290
     0
176
     1
290
     0
176
     1
 90
       50
176
     1
 40
0.0
176
     1
 40
1.0
176
     1
 90
        0
176
     1
 62
    18
420
        0
176
     1
 90
       50
176
     1
 90
        3
176
     1
 62
     5
420
      255
176
     1
290
     0
176
     1
 90
       50
176
     1
 90
       50
176
     1
 90
       50
176
     1
290
     0
176
     1
 90
       50
176
     1
 62
   256
176
     0
 40
1.0
176
     0
 90
        2
176
     1
  1
strokes_ogs.tif
176
     1
290
     0
176
     1
 40
1.0
176
     1
 40
1.0
176
     1
  0
VISUALSTYLE
  5
F8
102
{ACAD_REACTORS
330
EF
102
}
330
EF
100
AcDbVisualStyle
  2
Conceptual
 70
     9
177
     3
291
     0
 70
    58
 90
        3
176
     1
 90
        2
176
     1
 90
        1
176
     1
 90
        0
176
     1
 40
-0.6
176
     1
 40
-30.0
176
     1
 62
     7
420
 16777215
176
     1
 90
        2
176
     1
 90
        2
176
     1
 62
     7
176
     1
 62
   257
176
     1
 90
        1
176
     1
 90
        1
176
     1
 40
40.0
176
     1
 90
        8
176
     1
 62
     7
176
     1
 40
1.0
176
     1
 90
        1
176
     1
 90
        6
176
     1
 90
        2
176
     1
 62
     7
176
     1
 90
        3
176
     1
 90
        0
176
     1
 90
        0
176
     1
290
     0
176
     1
 90
        1
176
     1
 40
0.0
176
     1
 90
        0
176
     1
290
     0
176
     1
290
     1
176
     1
290
     1
176
     1
290
     0
176
     1
290
     0
176
     1
290
     0
176
     1
290
     0
176
     1
290
     0
176
     1
290
     0
176
     1
 90
       50
176
     1
 40
0.0
176
     1
 40
1.0
176
     1
 90
        0
176
     1
 62
    18
420
        0
176
     1
 90
       50
176
     1
 90
        3
176
     1
 62
     5
420
      255
176
     1
290
     0
176
     1
 90
       50
176
     1
 90
       50
176
     1
 90
       50
176
     1
290
     0
176
     1
 90
       50
176
     1
 62
   256
176
     0
 40
1.0
176
     0
 90
        2
176
     1
  1
strokes_ogs.tif
176
     1
290
     0
176
     1
 40
1.0
176
     1
 40
1.0
176
     1
  0
VISUALSTYLE
  5
FA
102
{ACAD_REACTORS
330
EF
102
}
330
EF
100
AcDbVisualStyle
  2
Dim
 70
    11
177
     3
291
     1
 70
    58
 90
        2
176
     1
 90
        2
176
     1
 90
        1
176
     1
 90
        0
176
     1
 40
-0.6
176
     1
 40
-30.0
176
     1
 62
     7
420
 16777215
176
     1
 90
        1
176
     1
 90
        4
176
     1
 62
     7
176
     1
 62
   257
176
     1
 90
        1
176
     1
 90
        1
176
     1
 40
1.0
176
     1
 90
        8
176
     1
 62
     7
176
     1
 40
1.0
176
     1
 90
        1
176
     1
 90
        6
176
     1
 90
        2
176
     1
 62
     7
176
     1
 90
        5
176
     1
 90
        0
176
     1
 90
        0
176
     1
290
     0
176
     1
 90
        1
176
     1
 40
-50.0
176
     1
 90
        0
176
     1
290
     0
176
     1
290
     1
176
     1
290
     1
176
     1
290
     0
176
     1
290
     0
176
     1
290
     0
176
     1
290
     0
176
     1
290
     0
176
     1
290
     0
176
     1
 90
       50
176
     1
 40
0.0
176
     1
 40
1.0
176
     1
 90
        0
176
     1
 62
    18
420
        0
176
     1
 90
       50
176
     1
 90
        3
176
     1
 62
     5
420
      255
176
     1
290
     0
176
     1
 90
       50
176
     1
 90
       50
176
     1
 90
       50
176
     1
290
     0
176
     1
 90
       50
176
     1
 62
   256
176
     0
 40
1.0
176
     0
 90
        2
176
     1
  1
strokes_ogs.tif
176
     1
290
     0
176
     1
 40
1.0
176
     1
 40
1.0
176
     1
  0
VISUALSTYLE
  5
35E
102
{ACAD_REACTORS
330
EF
102
}
330
EF
100
AcDbVisualStyle
  2
EdgeColorOff
 70
    22
177
     3
291
     1
 70
    58
 90
        2
176
     0
 90
        2
176
     0
 90
        0
176
     0
 90
        0
176
     0
 40
0.6
176
     0
 40
30.0
176
     0
 62
     7
420
 16777215
176
     0
 90
        1
176
     0
 90
        4
176
     0
 62
     7
176
     0
 62
   257
176
     0
 90
        1
176
     0
 90
        1
176
     0
 40
1.0
176
     0
 90
        8
176
     2
 62
     7
176
     0
 40
1.0
176
     0
 90
        1
176
     0
 90
        6
176
     0
 90
        2
176
     0
 62
     7
176
     0
 90
        5
176
     0
 90
        0
176
     0
 90
        0
176
     0
290
     0
176
     0
 90
        1
176
     0
 40
0.0
176
     0
 90
        0
176
     0
290
     0
176
     0
290
     1
176
     0
290
     1
176
     0
290
     0
176
     0
290
     0
176
     0
290
     0
176
     0
290
     0
176
     0
290
     0
176
     0
290
     0
176
     0
 90
       50
176
     0
 40
0.0
176
     0
 40
1.0
176
     0
 90
        0
176
     0
 62
    18
420
        0
176
     0
 90
       50
176
     0
 90
        3
176
     0
 62
     5
420
      255
176
     0
290
     0
176
     0
 90
       50
176
     0
 90
       50
176
     0
 90
       50
176
     0
290
     0
176
     0
 90
       50
176
     0
 62
   256
176
     0
 40
1.0
176
     0
 90
        2
176
     0
  1
strokes_ogs.tif
176
     0
290
     0
176
     0
 40
1.0
176
     0
 40
1.0
176
     0
  0
VISUALSTYLE
  5
FE
102
{ACAD_REACTORS
330
EF
102
}
330
EF
100
AcDbVisualStyle
  2
Facepattern
 70
    15
177
     3
291
     1
 70
    58
 90
        2
176
     1
 90
        2
176
     1
 90
        1
176
     1
 90
        0
176
     1
 40
-0.6
176
     1
 40
-30.0
176
     1
 62
     7
420
 16777215
176
     1
 90
        1
176
     1
 90
        4
176
     1
 62
     7
176
     1
 62
   257
176
     1
 90
        1
176
     1
 90
        1
176
     1
 40
1.0
176
     1
 90
        8
176
     1
 62
     7
176
     1
 40
1.0
176
     1
 90
        1
176
     1
 90
        6
176
     1
 90
        2
176
     1
 62
     7
176
     1
 90
        5
176
     1
 90
        0
176
     1
 90
        0
176
     1
290
     0
176
     1
 90
        1
176
     1
 40
0.0
176
     1
 90
        0
176
     1
290
     0
176
     1
290
     1
176
     1
290
     1
176
     1
290
     0
176
     1
290
     0
176
     1
290
     0
176
     1
290
     0
176
     1
290
     0
176
     1
290
     0
176
     1
 90
       50
176
     1
 40
0.0
176
     1
 40
1.0
176
     1
 90
        0
176
     1
 62
    18
420
        0
176
     1
 90
       50
176
     1
 90
        3
176
     1
 62
     5
420
      255
176
     1
290
     0
176
     1
 90
       50
176
     1
 90
       50
176
     1
 90
       50
176
     1
290
     0
176
     1
 90
       50
176
     1
 62
   256
176
     0
 40
1.0
176
     0
 90
        2
176
     1
  1
strokes_ogs.tif
176
     1
290
     0
176
     1
 40
1.0
176
     1
 40
1.0
176
     1
  0
VISUALSTYLE
  5
F0
102
{ACAD_REACTORS
330
EF
102
}
330
EF
100
AcDbVisualStyle
  2
Flat
 70
     0
177
     3
291
     1
 70
    58
 90
        2
176
     1
 90
        1
176
     1
 90
        1
176
     1
 90
        2
176
     1
 40
-0.6
176
     1
 40
30.0
176
     1
 62
     7
420
 16777215
176
     1
 90
        0
176
     1
 90
        4
176
     1
 62
     7
176
     1
 62
   257
176
     1
 90
        1
176
     1
 90
        1
176
     1
 40
1.0
176
     1
 90
        8
176
     1
 62
     7
176
     1
 40
1.0
176
     1
 90
        1
176
     1
 90
        6
176
     1
 90
        2
176
     1
 62
     7
176
     1
 90
        5
176
     1
 90
        0
176
     1
 90
        0
176
     1
290
     0
176
     1
 90
        1
176
     1
 40
0.0
176
     1
 90
        0
176
     1
290
     0
176
     1
290
     1
176
     1
290
     1
176
     1
290
     0
176
     1
290
     0
176
     1
290
     0
176
     1
290
     0
176
     1
290
     0
176
     1
290
     0
176
     1
 90
       50
176
     1
 40
0.0
176
     1
 40
1.0
176
     1
 90
        0
176
     1
 62
    18
420
        0
176
     1
 90
       50
176
     1
 90
        3
176
     1
 62
     5
420
      255
176
     1
290
     0
176
     1
 90
       50
176
     1
 90
       50
176
     1
 90
       50
176
     1
290
     0
176
     1
 90
       50
176
     1
 62
   256
176
     0
 40
1.0
176
     0
 90
        2
176
     1
  1
strokes_ogs.tif
176
     1
290
     0
176
     1
 40
1.0
176
     1
 40
1.0
176
     1
  0
VISUALSTYLE
  5
F1
102
{ACAD_REACTORS
330
EF
102
}
330
EF
100
AcDbVisualStyle
  2
FlatWithEdges
 70
     1
177
     3
291
     1
 70
    58
 90
        2
176
     1
 90
        1
176
     1
 90
        1
176
     1
 90
        2
176
     1
 40
-0.6
176
     1
 40
30.0
176
     1
 62
     7
420
 16777215
176
     1
 90
        1
176
     1
 90
        4
176
     1
 62
     7
176
     1
 62
   257
176
     1
 90
        1
176
     1
 90
        1
176
     1
 40
1.0
176
     1
 90
        0
176
     1
 62
   257
176
     1
 40
1.0
176
     1
 90
        1
176
     1
 90
        6
176
     1
 90
        2
176
     1
 62
     7
176
     1
 90
        5
176
     1
 90
        0
176
     1
 90
        0
176
     1
290
     0
176
     1
 90
        1
176
     1
 40
0.0
176
     1
 90
        0
176
     1
290
     0
176
     1
290
     1
176
     1
290
     1
176
     1
290
     0
176
     1
290
     0
176
     1
290
     0
176
     1
290
     0
176
     1
290
     0
176
     1
290
     0
176
     1
 90
       50
176
     1
 40
0.0
176
     1
 40
1.0
176
     1
 90
        0
176
     1
 62
    18
420
        0
176
     1
 90
       50
176
     1
 90
        3
176
     1
 62
     5
420
      255
176
     1
290
     0
176
     1
 90
       50
176
     1
 90
       50
176
     1
 90
       50
176
     1
290
     0
176
     1
 90
       50
176
     1
 62
   256
176
     0
 40
1.0
176
     0
 90
        2
176
     1
  1
strokes_ogs.tif
176
     1
290
     0
176
     1
 40
1.0
176
     1
 40
1.0
176
     1
  0
VISUALSTYLE
  5
F2
102
{ACAD_REACTORS
330
EF
102
}
330
EF
100
AcDbVisualStyle
  2
Gouraud
 70
     2
177
     3
291
     1
 70
    58
 90
        2
176
     1
 90
        2
176
     1
 90
        1
176
     1
 90
        2
176
     1
 40
-0.6
176
     1
 40
30.0
176
     1
 62
     7
420
 16777215
176
     1
 90
        0
176
     1
 90
        4
176
     1
 62
     7
176
     1
 62
   257
176
     1
 90
        1
176
     1
 90
        1
176
     1
 40
1.0
176
     1
 90
        0
176
     1
 62
     7
176
     1
 40
1.0
176
     1
 90
        1
176
     1
 90
        6
176
     1
 90
        2
176
     1
 62
     7
176
     1
 90
        5
176
     1
 90
        0
176
     1
 90
        0
176
     1
290
     0
176
     1
 90
        1
176
     1
 40
0.0
176
     1
 90
        0
176
     1
290
     0
176
     1
290
     1
176
     1
290
     1
176
     1
290
     0
176
     1
290
     0
176
     1
290
     0
176
     1
290
     0
176
     1
290
     0
176
     1
290
     0
176
     1
 90
       50
176
     1
 40
0.0
176
     1
 40
1.0
176
     1
 90
        0
176
     1
 62
    18
420
        0
176
     1
 90
       50
176
     1
 90
        3
176
     1
 62
     5
420
      255
176
     1
290
     0
176
     1
 90
       50
176
     1
 90
       50
176
     1
 90
       50
176
     1
290
     0
176
     1
 90
       50
176
     1
 62
   256
176
     0
 40
1.0
176
     0
 90
        2
176
     1
  1
strokes_ogs.tif
176
     1
290
     0
176
     1
 40
1.0
176
     1
 40
1.0
176
     1
  0
VISUALSTYLE
  5
F3
102
{ACAD_REACTORS
330
EF
102
}
330
EF
100
AcDbVisualStyle
  2
GouraudWithEdges
 70
     3
177
     3
291
     1
 70
    58
 90
        2
176
     1
 90
        2
176
     1
 90
        1
176
     1
 90
        2
176
     1
 40
-0.6
176
     1
 40
30.0
176
     1
 62
     7
420
 16777215
176
     1
 90
        1
176
     1
 90
        4
176
     1
 62
     7
176
     1
 62
   257
176
     1
 90
        1
176
     1
 90
        1
176
     1
 40
1.0
176
     1
 90
        0
176
     1
 62
   257
176
     1
 40
1.0
176
     1
 90
        1
176
     1
 90
        6
176
     1
 90
        2
176
     1
 62
     7
176
     1
 90
        5
176
     1
 90
        0
176
     1
 90
        0
176
     1
290
     0
176
     1
 90
        1
176
     1
 40
0.0
176
     1
 90
        0
176
     1
290
     0
176
     1
290
     1
176
     1
290
     1
176
     1
290
     0
176
     1
290
     0
176
     1
290
     0
176
     1
290
     0
176
     1
290
     0
176
     1
290
     0
176
     1
 90
       50
176
     1
 40
0.0
176
     1
 40
1.0
176
     1
 90
        0
176
     1
 62
    18
420
        0
176
     1
 90
       50
176
     1
 90
        3
176
     1
 62
     5
420
      255
176
     1
290
     0
176
     1
 90
       50
176
     1
 90
       50
176
     1
 90
       50
176
     1
290
     0
176
     1
 90
       50
176
     1
 62
   256
176
     0
 40
1.0
176
     0
 90
        2
176
     1
  1
strokes_ogs.tif
176
     1
290
     0
176
     1
 40
1.0
176
     1
 40
1.0
176
     1
  0
VISUALSTYLE
  5
35B
102
{ACAD_REACTORS
330
EF
102
}
330
EF
100
AcDbVisualStyle
  2
Hidden
 70
     6
177
     3
291
     0
 70
    58
 90
        1
176
     1
 90
        2
176
     1
 90
        2
176
     1
 90
        0
176
     1
 40
0.6
176
     1
 40
30.0
176
     1
 62
     7
420
 16777215
176
     1
 90
        2
176
     1
 90
        2
176
     1
 62
     7
176
     1
 62
   257
176
     1
 90
        2
176
     1
 90
        1
176
     1
 40
40.0
176
     1
 90
        0
176
     1
 62
   257
176
     1
 40
1.0
176
     1
 90
        1
176
     1
 90
        6
176
     1
 90
        2
176
     1
 62
     7
176
     1
 90
        3
176
     1
 90
        0
176
     1
 90
        0
176
     1
290
     0
176
     1
 90
        1
176
     1
 40
0.0
176
     1
 90
        0
176
     1
290
     0
176
     1
290
     1
176
     1
290
     1
176
     1
290
     0
176
     1
290
     0
176
     1
290
     0
176
     1
290
     0
176
     1
290
     0
176
     1
290
     0
176
     1
 90
       50
176
     1
 40
0.0
176
     1
 40
1.0
176
     1
 90
        0
176
     1
 62
    18
420
        0
176
     1
 90
       50
176
     1
 90
        3
176
     1
 62
     5
420
      255
176
     1
290
     0
176
     1
 90
       50
176
     1
 90
       50
176
     1
 90
       50
176
     1
290
     0
176
     1
 90
       50
176
     1
 62
   256
176
     0
 40
1.0
176
     0
 90
        2
176
     1
  1
strokes_ogs.tif
176
     1
290
     0
176
     1
 40
1.0
176
     1
 40
1.0
176
     1
  0
VISUALSTYLE
  5
35C
102
{ACAD_REACTORS
330
EF
102
}
330
EF
100
AcDbVisualStyle
  2
JitterOff
 70
    20
177
     3
291
     1
 70
    58
 90
        2
176
     0
 90
        2
176
     0
 90
        0
176
     0
 90
        0
176
     0
 40
0.6
176
     0
 40
30.0
176
     0
 62
     7
420
 16777215
176
     0
 90
        1
176
     0
 90
        4
176
     0
 62
     7
176
     0
 62
   257
176
     0
 90
        1
176
     0
 90
        1
176
     0
 40
1.0
176
     0
 90
       10
176
     2
 62
     7
176
     0
 40
1.0
176
     0
 90
        1
176
     0
 90
        6
176
     0
 90
        2
176
     0
 62
     7
176
     0
 90
        5
176
     0
 90
        0
176
     0
 90
        0
176
     0
290
     0
176
     0
 90
        1
176
     0
 40
0.0
176
     0
 90
        0
176
     0
290
     0
176
     0
290
     1
176
     0
290
     1
176
     0
290
     0
176
     0
290
     0
176
     0
290
     0
176
     0
290
     0
176
     0
290
     0
176
     0
290
     0
176
     0
 90
       50
176
     0
 40
0.0
176
     0
 40
1.0
176
     0
 90
        0
176
     0
 62
    18
420
        0
176
     0
 90
       50
176
     0
 90
        3
176
     0
 62
     5
420
      255
176
     0
290
     0
176
     0
 90
       50
176
     0
 90
       50
176
     0
 90
       50
176
     0
290
     0
176
     0
 90
       50
176
     0
 62
   256
176
     0
 40
1.0
176
     0
 90
        2
176
     0
  1
strokes_ogs.tif
176
     0
290
     0
176
     0
 40
1.0
176
     0
 40
1.0
176
     0
  0
VISUALSTYLE
  5
FD
102
{ACAD_REACTORS
330
EF
102
}
330
EF
100
AcDbVisualStyle
  2
Linepattern
 70
    14
177
     3
291
     1
 70
    58
 90
        2
176
     1
 90
        2
176
     1
 90
        1
176
     1
 90
        0
176
     1
 40
-0.6
176
     1
 40
-30.0
176
     1
 62
     7
420
 16777215
176
     1
 90
        1
176
     1
 90
        4
176
     1
 62
     7
176
     1
 62
   257
176
     1
 90
        7
176
     1
 90
        7
176
     1
 40
1.0
176
     1
 90
        8
176
     1
 62
     7
176
     1
 40
1.0
176
     1
 90
        1
176
     1
 90
        6
176
     1
 90
        2
176
     1
 62
     7
176
     1
 90
        5
176
     1
 90
        0
176
     1
 90
        0
176
     1
290
     0
176
     1
 90
        1
176
     1
 40
0.0
176
     1
 90
        0
176
     1
290
     0
176
     1
290
     1
176
     1
290
     1
176
     1
290
     0
176
     1
290
     0
176
     1
290
     0
176
     1
290
     0
176
     1
290
     0
176
     1
290
     0
176
     1
 90
       50
176
     1
 40
0.0
176
     1
 40
1.0
176
     1
 90
        0
176
     1
 62
    18
420
        0
176
     1
 90
       50
176
     1
 90
        3
176
     1
 62
     5
420
      255
176
     1
290
     0
176
     1
 90
       50
176
     1
 90
       50
176
     1
 90
       50
176
     1
290
     0
176
     1
 90
       50
176
     1
 62
   256
176
     0
 40
1.0
176
     0
 90
        2
176
     1
  1
strokes_ogs.tif
176
     1
290
     0
176
     1
 40
1.0
176
     1
 40
1.0
176
     1
  0
VISUALSTYLE
  5
35D
102
{ACAD_REACTORS
330
EF
102
}
330
EF
100
AcDbVisualStyle
  2
OverhangOff
 70
    21
177
     3
291
     1
 70
    58
 90
        2
176
     0
 90
        2
176
     0
 90
        0
176
     0
 90
        0
176
     0
 40
0.6
176
     0
 40
30.0
176
     0
 62
     7
420
 16777215
176
     0
 90
        1
176
     0
 90
        4
176
     0
 62
     7
176
     0
 62
   257
176
     0
 90
        1
176
     0
 90
        1
176
     0
 40
1.0
176
     0
 90
        9
176
     2
 62
     7
176
     0
 40
1.0
176
     0
 90
        1
176
     0
 90
        6
176
     0
 90
        2
176
     0
 62
     7
176
     0
 90
        5
176
     0
 90
        0
176
     0
 90
        0
176
     0
290
     0
176
     0
 90
        1
176
     0
 40
0.0
176
     0
 90
        0
176
     0
290
     0
176
     0
290
     1
176
     0
290
     1
176
     0
290
     0
176
     0
290
     0
176
     0
290
     0
176
     0
290
     0
176
     0
290
     0
176
     0
290
     0
176
     0
 90
       50
176
     0
 40
0.0
176
     0
 40
1.0
176
     0
 90
        0
176
     0
 62
    18
420
        0
176
     0
 90
       50
176
     0
 90
        3
176
     0
 62
     5
420
      255
176
     0
290
     0
176
     0
 90
       50
176
     0
 90
       50
176
     0
 90
       50
176
     0
290
     0
176
     0
 90
       50
176
     0
 62
   256
176
     0
 40
1.0
176
     0
 90
        2
176
     0
  1
strokes_ogs.tif
176
     0
290
     0
176
     0
 40
1.0
176
     0
 40
1.0
176
     0
  0
VISUALSTYLE
  5
F9
102
{ACAD_REACTORS
330
EF
102
}
330
EF
100
AcDbVisualStyle
  2
Realistic
 70
     8
177
     3
291
     0
 70
    58
 90
        2
176
     1
 90
        2
176
     1
 90
        1
176
     1
 90
        0
176
     1
 40
-0.6
176
     1
 40
-30.0
176
     1
 62
     7
420
 16777215
176
     1
 90
        1
176
     1
 90
        0
176
     1
 62
     7
176
     1
 62
   257
176
     1
 90
        1
176
     1
 90
        1
176
     1
 40
1.0
176
     1
 90
        8
176
     1
 62
     8
420
  7895160
176
     1
 40
1.0
176
     1
 90
        1
176
     1
 90
        6
176
     1
 90
        2
176
     1
 62
     7
176
     1
 90
        5
176
     1
 90
        0
176
     1
 90
        0
176
     1
290
     0
176
     1
 90
       13
176
     1
 40
0.0
176
     1
 90
        0
176
     1
290
     0
176
     1
290
     1
176
     1
290
     1
176
     1
290
     0
176
     1
290
     0
176
     1
290
     0
176
     1
290
     0
176
     1
290
     0
176
     1
290
     0
176
     1
 90
       50
176
     1
 40
0.0
176
     1
 40
1.0
176
     1
 90
        0
176
     1
 62
    18
420
        0
176
     1
 90
       50
176
     1
 90
        3
176
     1
 62
     5
420
      255
176
     1
290
     0
176
     1
 90
       50
176
     1
 90
       50
176
     1
 90
       50
176
     1
290
     0
176
     1
 90
       50
176
     1
 62
   256
176
     0
 40
1.0
176
     0
 90
        2
176
     1
  1
strokes_ogs.tif
176
     1
290
     0
176
     1
 40
1.0
176
     1
 40
1.0
176
     1
  0
VISUALSTYLE
  5
363
102
{ACAD_REACTORS
330
EF
102
}
330
EF
100
AcDbVisualStyle
  2
Shaded
 70
    27
177
     3
291
     0
 70
    58
 90
        2
176
     1
 90
        2
176
     1
 90
        1
176
     1
 90
        2
176
     1
 40
0.6
176
     1
 40
30.0
176
     1
 62
     7
420
 16777215
176
     1
 90
        0
176
     1
 90
        4
176
     1
 62
     7
176
     1
 62
   257
176
     1
 90
        1
176
     1
 90
        1
176
     1
 40
1.0
176
     1
 90
        8
176
     1
 62
   257
176
     1
 40
1.0
176
     1
 90
        1
176
     1
 90
        6
176
     1
 90
        2
176
     1
 62
     8
420
  7895160
176
     1
 90
        3
176
     1
 90
        0
176
     1
 90
        0
176
     1
290
     0
176
     1
 90
        5
176
     1
 40
0.0
176
     1
 90
        0
176
     1
290
     0
176
     1
290
     1
176
     1
290
     1
176
     1
290
     0
176
     1
290
     0
176
     1
290
     0
176
     1
290
     0
176
     1
290
     0
176
     1
290
     0
176
     1
 90
       50
176
     1
 40
0.0
176
     1
 40
1.0
176
     1
 90
        0
176
     1
 62
    18
420
        0
176
     1
 90
       50
176
     1
 90
        3
176
     1
 62
     5
420
      255
176
     1
290
     0
176
     1
 90
       50
176
     1
 90
       50
176
     1
 90
       50
176
     1
290
     0
176
     1
 90
       50
176
     1
 62
   256
176
     0
 40
1.0
176
     0
 90
        2
176
     1
  1
strokes_ogs.tif
176
     1
290
     0
176
     1
 40
1.0
176
     1
 40
1.0
176
     1
  0
VISUALSTYLE
  5
362
102
{ACAD_REACTORS
330
EF
102
}
330
EF
100
AcDbVisualStyle
  2
Shaded with edges
 70
    26
177
     3
291
     0
 70
    58
 90
        2
176
     1
 90
        2
176
     1
 90
        1
176
     1
 90
        2
176
     1
 40
0.6
176
     1
 40
30.0
176
     1
 62
     7
420
 16777215
176
     1
 90
        1
176
     1
 90
       10
176
     1
 62
     7
176
     1
 62
   257
176
     1
 90
        2
176
     1
 90
        1
176
     1
 40
1.0
176
     1
 90
        8
176
     1
 62
   257
176
     1
 40
1.0
176
     1
 90
        1
176
     1
 90
        6
176
     1
 90
        2
176
     1
 62
     7
176
     1
 90
        3
176
     1
 90
        0
176
     1
 90
        0
176
     1
290
     0
176
     1
 90
        5
176
     1
 40
0.0
176
     1
 90
        0
176
     1
290
     0
176
     1
290
     1
176
     1
290
     1
176
     1
290
     0
176
     1
290
     0
176
     1
290
     0
176
     1
290
     0
176
     1
290
     0
176
     1
290
     0
176
     1
 90
       50
176
     1
 40
0.0
176
     1
 40
1.0
176
     1
 90
        0
176
     1
 62
    18
420
        0
176
     1
 90
       50
176
     1
 90
        3
176
     1
 62
     5
420
      255
176
     1
290
     0
176
     1
 90
       50
176
     1
 90
       50
176
     1
 90
       50
176
     1
290
     0
176
     1
 90
       50
176
     1
 62
   256
176
     0
 40
1.0
176
     0
 90
        2
176
     1
  1
strokes_ogs.tif
176
     1
290
     0
176
     1
 40
1.0
176
     1
 40
1.0
176
     1
  0
VISUALSTYLE
  5
35F
102
{ACAD_REACTORS
330
EF
102
}
330
EF
100
AcDbVisualStyle
  2
Shades of Gray
 70
    23
177
     3
291
     0
 70
    58
 90
        2
176
     1
 90
        2
176
     1
 90
        3
176
     1
 90
        0
176
     1
 40
0.6
176
     1
 40
30.0
176
     1
 62
     7
420
 16777215
176
     1
 90
        2
176
     1
 90
        2
176
     1
 62
     7
176
     1
 62
     7
176
     1
 90
        1
176
     1
 90
        1
176
     1
 40
40.0
176
     1
 90
        8
176
     1
 62
     7
176
     1
 40
1.0
176
     1
 90
        1
176
     1
 90
        6
176
     1
 90
        2
176
     1
 62
     7
176
     1
 90
        3
176
     1
 90
        0
176
     1
 90
        0
176
     1
290
     0
176
     1
 90
        1
176
     1
 40
0.0
176
     1
 90
        0
176
     1
290
     0
176
     1
290
     1
176
     1
290
     1
176
     1
290
     0
176
     1
290
     0
176
     1
290
     0
176
     1
290
     0
176
     1
290
     0
176
     1
290
     0
176
     1
 90
       50
176
     1
 40
0.0
176
     1
 40
1.0
176
     1
 90
        0
176
     1
 62
    18
420
        0
176
     1
 90
       50
176
     1
 90
        3
176
     1
 62
     5
420
      255
176
     1
290
     0
176
     1
 90
       50
176
     1
 90
       50
176
     1
 90
       50
176
     1
290
     0
176
     1
 90
       50
176
     1
 62
   256
176
     0
 40
1.0
176
     0
 90
        2
176
     1
  1
strokes_ogs.tif
176
     1
290
     0
176
     1
 40
1.0
176
     1
 40
1.0
176
     1
  0
VISUALSTYLE
  5
360
102
{ACAD_REACTORS
330
EF
102
}
330
EF
100
AcDbVisualStyle
  2
Sketchy
 70
    24
177
     3
291
     0
 70
    58
 90
        1
176
     1
 90
        2
176
     1
 90
        2
176
     1
 90
        0
176
     1
 40
0.6
176
     1
 40
30.0
176
     1
 62
     7
420
 16777215
176
     1
 90
        2
176
     1
 90
        2
176
     1
 62
     7
176
     1
 62
     7
176
     1
 90
        1
176
     1
 90
        1
176
     1
 40
40.0
176
     1
 90
       11
176
     1
 62
     7
176
     1
 40
1.0
176
     1
 90
        1
176
     1
 90
        6
176
     1
 90
        2
176
     1
 62
     7
176
     1
 90
        6
176
     1
 90
        0
176
     1
 90
        0
176
     1
290
     0
176
     1
 90
        1
176
     1
 40
0.0
176
     1
 90
        0
176
     1
290
     0
176
     1
290
     1
176
     1
290
     1
176
     1
290
     0
176
     1
290
     0
176
     1
290
     0
176
     1
290
     0
176
     1
290
     0
176
     1
290
     0
176
     1
 90
       50
176
     1
 40
0.0
176
     1
 40
1.0
176
     1
 90
        0
176
     1
 62
    18
420
        0
176
     1
 90
       50
176
     1
 90
        3
176
     1
 62
     5
420
      255
176
     1
290
     0
176
     1
 90
       50
176
     1
 90
       50
176
     1
 90
       50
176
     1
290
     0
176
     1
 90
       50
176
     1
 62
   256
176
     0
 40
1.0
176
     0
 90
        2
176
     1
  1
strokes_ogs.tif
176
     1
290
     0
176
     1
 40
1.0
176
     1
 40
1.0
176
     1
  0
VISUALSTYLE
  5
FC
102
{ACAD_REACTORS
330
EF
102
}
330
EF
100
AcDbVisualStyle
  2
Thicken
 70
    13
177
     3
291
     1
 70
    58
 90
        2
176
     1
 90
        2
176
     1
 90
        1
176
     1
 90
        0
176
     1
 40
-0.6
176
     1
 40
-30.0
176
     1
 62
     7
420
 16777215
176
     1
 90
        1
176
     1
 90
        4
176
     1
 62
     7
176
     1
 62
   257
176
     1
 90
        1
176
     1
 90
        1
176
     1
 40
1.0
176
     1
 90
       12
176
     1
 62
     7
176
     1
 40
1.0
176
     1
 90
        1
176
     1
 90
        6
176
     1
 90
        2
176
     1
 62
     7
176
     1
 90
        5
176
     1
 90
        0
176
     1
 90
        0
176
     1
290
     0
176
     1
 90
        1
176
     1
 40
0.0
176
     1
 90
        0
176
     1
290
     0
176
     1
290
     1
176
     1
290
     1
176
     1
290
     0
176
     1
290
     0
176
     1
290
     0
176
     1
290
     0
176
     1
290
     0
176
     1
290
     0
176
     1
 90
       50
176
     1
 40
0.0
176
     1
 40
1.0
176
     1
 90
        0
176
     1
 62
    18
420
        0
176
     1
 90
       50
176
     1
 90
        3
176
     1
 62
     5
420
      255
176
     1
290
     0
176
     1
 90
       50
176
     1
 90
       50
176
     1
 90
       50
176
     1
290
     0
176
     1
 90
       50
176
     1
 62
   256
176
     0
 40
1.0
176
     0
 90
        2
176
     1
  1
strokes_ogs.tif
176
     1
290
     0
176
     1
 40
1.0
176
     1
 40
1.0
176
     1
  0
VISUALSTYLE
  5
35A
102
{ACAD_REACTORS
330
EF
102
}
330
EF
100
AcDbVisualStyle
  2
Wireframe
 70
     5
177
     3
291
     0
 70
    58
 90
        0
176
     1
 90
        2
176
     1
 90
        0
176
     1
 90
        0
176
     1
 40
0.6
176
     1
 40
30.0
176
     1
 62
     7
420
 16777215
176
     1
 90
        1
176
     1
 90
        4
176
     1
 62
     7
176
     1
 62
   257
176
     1
 90
        1
176
     1
 90
        1
176
     1
 40
1.0
176
     1
 90
        0
176
     1
 62
   257
176
     1
 40
1.0
176
     1
 90
        1
176
     1
 90
        6
176
     1
 90
        2
176
     1
 62
     7
176
     1
 90
        3
176
     1
 90
        0
176
     1
 90
        0
176
     1
290
     0
176
     1
 90
        1
176
     1
 40
0.0
176
     1
 90
        0
176
     1
290
     0
176
     1
290
     1
176
     1
290
     1
176
     1
290
     0
176
     1
290
     0
176
     1
290
     0
176
     1
290
     0
176
     1
290
     0
176
     1
290
     0
176
     1
 90
       50
176
     1
 40
0.0
176
     1
 40
1.0
176
     1
 90
        0
176
     1
 62
    18
420
        0
176
     1
 90
       50
176
     1
 90
        3
176
     1
 62
     5
420
      255
176
     1
290
     0
176
     1
 90
       50
176
     1
 90
       50
176
     1
 90
       50
176
     1
290
     0
176
     1
 90
       50
176
     1
 62
   256
176
     0
 40
1.0
176
     0
 90
        2
176
     1
  1
strokes_ogs.tif
176
     1
290
     0
176
     1
 40
1.0
176
     1
 40
1.0
176
     1
  0
VISUALSTYLE
  5
361
102
{ACAD_REACTORS
330
EF
102
}
330
EF
100
AcDbVisualStyle
  2
X-Ray
 70
    25
177
     3
291
     0
 70
    58
 90
        2
176
     1
 90
        2
176
     1
 90
        1
176
     1
 90
        1
176
     1
 40
0.5
176
     1
 40
30.0
176
     1
 62
     7
420
 16777215
176
     1
 90
        1
176
     1
 90
        0
176
     1
 62
     7
176
     1
 62
   257
176
     1
 90
        1
176
     1
 90
        1
176
     1
 40
1.0
176
     1
 90
        8
176
     1
 62
     7
176
     1
 40
1.0
176
     1
 90
        1
176
     1
 90
        6
176
     1
 90
        2
176
     1
 62
     7
176
     1
 90
        3
176
     1
 90
        0
176
     1
 90
        0
176
     1
290
     0
176
     1
 90
       13
176
     1
 40
0.0
176
     1
 90
        0
176
     1
290
     0
176
     1
290
     1
176
     1
290
     1
176
     1
290
     0
176
     1
290
     0
176
     1
290
     0
176
     1
290
     0
176
     1
290
     0
176
     1
290
     0
176
     1
 90
       50
176
     1
 40
0.0
176
     1
 40
1.0
176
     1
 90
        0
176
     1
 62
    18
420
        0
176
     1
 90
       50
176
     1
 90
        3
176
     1
 62
     5
420
      255
176
     1
290
     0
176
     1
 90
       50
176
     1
 90
       50
176
     1
 90
       50
176
     1
290
     0
176
     1
 90
       50
176
     1
 62
   256
176
     0
 40
1.0
176
     0
 90
        2
176
     1
  1
strokes_ogs.tif
176
     1
290
     0
176
     1
 40
1.0
176
     1
 40
1.0
176
     1
  0
DICTIONARYVAR
  5
146
102
{ACAD_REACTORS
330
5E
102
}
330
5E
100
DictionaryVariables
280
     0
  1
1:1
  0
DICTIONARYVAR
  5
145
102
{ACAD_REACTORS
330
5E
102
}
330
5E
100
DictionaryVariables
280
     0
  1
Standard
  0
DICTIONARYVAR
  5
84
102
{ACAD_REACTORS
330
5E
102
}
330
5E
100
DictionaryVariables
280
     0
  1
Standard
  0
DICTIONARYVAR
  5
5F
102
{ACAD_REACTORS
330
5E
102
}
330
5E
100
DictionaryVariables
280
     0
  1
2
  0
DICTIONARYVAR
  5
63
102
{ACAD_REACTORS
330
5E
102
}
330
5E
100
DictionaryVariables
280
     0
  1
1
  0
DICTIONARYVAR
  5
1AE
102
{ACAD_REACTORS
330
5E
102
}
330
5E
100
DictionaryVariables
280
     0
  1
0
  0
DICTIONARYVAR
  5
1AF
102
{ACAD_REACTORS
330
5E
102
}
330
5E
100
DictionaryVariables
280
     0
  1
0
  0
DICTIONARYVAR
  5
356
102
{ACAD_REACTORS
330
5E
102
}
330
5E
100
DictionaryVariables
280
     0
  1
0
  0
XRECORD
  5
661
102
{ACAD_REACTORS
330
34E
102
}
330
34E
100
AcDbXrecord
280
     1
300
MC_VERSION_DATA
 90
       95
310
0600000002000000570000001C000000E404000000000000000000007801936764E5D8CFFA9993818115C460606066E0646662626666706006F218793899F8DE3171E725E6E53B3BBA2878E6951050AF75FEFFFFFF520036E40F2657000000
  0
XRECORD
  5
357
102
{ACAD_REACTORS
330
34E
102
}
330
34E
100
AcDbXrecord
280
     1
300
MCS_DOCUMENT_ID
 90
       60
310
0600000002000000150000001C000000E404000000000000000000007801E3EDF8B2B6F455C129EF8D873AFE456D99DFF81F08008CAD0E3E15000000
  0
XRECORD
  5
365
102
{ACAD_REACTORS
330
34E
102
}
330
34E
100
AcDbXrecord
280
     1
300
MCS_PARAMS_DATA
 90
     3313
310
0600000002000000F64B00001C000000E404000000000000000000007801C55C5B6C5CC519DE9D595FD6B9DF494B53970A1A6F4A58DF92A6426A1A1210527090E23EF0543976A2BA75E25CAC160A6DA92AF5A55255A96AD556551F4A49A0CF15A03EC0438190865E482021147221409310B6900B3826B1FB7F7366CEFC73E6
310
1CAFBDDE3D9B07D8FF3F73CEF7DFE6FB67E6ECBA757EA3143929F767A4FCCE8636299AA49C90529036BB402C105929F279912F89C6DEAF6FD8BC69AB14A46C51EAC2B9898909BA39945F872C1FCD848A834A91A13B1AD51D6D5266E8A9FAF627E9AABE92BD45CA6F03BD81A3CFC24D59D990C96408C7E066656E0232E13A03
310
14B0AB01724443F05CC3F08780DFC8F19B03FC710A073DC8486413411B49060E3311A05C24C45064703B01D7CCE196A818E5C59C9268B967CBD6DED68ED59DC52EEB78BEF08E09F8223D745649346F1DE9DB35D0B777C089FC5FC3C8EB60BF1A286CF47FE3467F17CC59C5CD990B0CD948C1A77FB9F5CA0E4F479188EA541E
310
3C25A2E22BC99C8892456878B2821857F6B05492C2AD881B41409C21325211340605C9C6DC6006EC49AC088A0CCBB25B1159B72248E415019155047D5453031360047082A7405D92B72AB0F03379693EAB50870260AC609E2C6F6510BB3D081DFE4EF5EFECD71494A7B3590EC7F12C5B25CB32539229914732934ECE22AF1D
310
D259AC8B7B7649E437DE7BDFA69EADF76EE95186E95A7ED74C032DBFA66A9BF1CEF341B19B78E45DDED9EF56FE29189043E4814BF734E1FF34659991678231F23A51010DA578E8294D435524988818E84710A7B2643B4F7C134F5CC6936D1E4176D01398C4D0A83AE0A6BDC86B0BB5C3E1E8299D70A5A945AC12322FE697C4
310
9C8DC3BBBE34D2BA77FBEEA1BEFEED79D15C120DF70F0FEE1A093EF60C8FF47F4BCAB3B0ED666EDB17F5733E2B445B5E2C298985C507BB8BEBBA3A3A3774178B1D777FA5B36B9D327BBE1ED84C030BC74C9EDAB5B64D88BC405AEF1E1CD9D73A34B88F70838775AD5DDBD1B9B6BBABBB73A0ABA37F5D7BE0E757F57D1DB80F
310
037BFBB60D6D6F1DDED1DA3B3CB47D6FDF2EF8A0AD5933506CEF2FF6F7ADD9D6B56D5DFF9A60D6A95222FF670B51F8295953F8455019945B7EE9315C7A8AFEC352DE9D4B4A5050256AA6D1B42D5F0C265BEED4473538E9811F770DEFDCDD3732B86D706870E4A1D69DC303E45F6349C807B6EFCB8B8692103DC352AE816545
310
9E9E798813B5E9A692C86DD9B1A355A5424F8E0BF018466AF90D150136590E2905AA568F782650907D5A7180140B84AD0159F8156902B8F63BDA8BE1A72E29AF48322EA98B5F578631B6F5489B26184C63434803DB221A328E6B58DEAED6DB808FEB6DC068BD0DF8A4DE065CABB7018B3045EB390B3EAD7704C6EA6DC07518
310
10B79C17773A0DB6C361F03BDD064B22C8C7303844629E5064B47323116EB9039777E096BB70247238880C6E39831B9F221C81B3E543C57019D4736C30574EE2DD4AD73B12B9771099772B997713E97A974DF4CECD5D9582B938116EC00926492C777A7F676A8F441E4C882C98032C983211AE26DE8974E196022EC7174366
310
F9AE62C95769E105B5C4B012E2E82ED8CD3516C5E34D519CF0D1F6765A8551C6CC0505130A3E8ABEC46EF81CED54DC1DA04AB7BC4DB0CA082453194AB29B82400C2B438BA6322032B88FE093B3E13470C11297490C8EEF78E88158D51A8AD42283A38F61044E78707A57F8BBDFE2DF2167F36975041D1DA7FCF59430C35792
310
05112533A905D5D3CAAB4759DBB4CA160F3E9309466F934A1794E7E1154C402D3088858048DCDF7EA3E7FECD5B7A7B376D5480CBF43A7E5E49CCBE6BEB37D945B2402FC65F52AB73B67E7F3A58AE93F37A04F6B7011D680556EBCCA2819BC8A21C320F385BBDB4EE56E6E32CE2CB18E358AD7676B4C7C096B1674BAF7B1278
310
1E906198B0DF8681EA696AF34D20563061CAB731C0DB01185B8B0DCA46538BD880EB0E2C6FC3120B40E62289BC162112587895C11513E18290E892090EBF46A9321968C513E0BB89A0AE8F2431B88A7DFC9E07A7BD0A8E668E3AF3CDEA083A3A8ECFB770A00AB53712018F2859D8DB3D93C2E4D422CB77A40BB73A5DB807A7
310
0857A5727AC8838BE45965D0D3D5B29CBEEF99145F4E558AC0C3E9C23D922EDC0FD285FBA107E7958EEDE721E98018A3E3AAC64E7F5C166D7ABA81B65C437BB31D766C74A6ED6E1FBC2766B7AFDAD87156F9771BF44A2A724C461AB43EE729AAFB710D63E2111810BBA3ABC9AE6037E09AB9BF3AB40BE8309F8736AB64CAB2
310
BE7E3364E5AC569CA6976081AF5A311628A8EF68C5B3A4609E3E86AC3AA156E3E83562F4B5A292099A878C61EB3B549CF92354989982613F016CE7AD5A4D09AA1F5126387AAD451EE384D9C035A925859E39C1AA865EE9A9B8DA21CEE289167F7CF1D4C4BC7A125EC5AED5D8BB0B5A9D9144D134CFA71BF85A8D44BE568348
310
F6AA55A2F3CAEACF6982FD29118CC249D3CBF852A586F278BA70FBD3853B90085793EDE51E143F0AD06C6B4CB2242BDDBDD1419166C2865E85F9CE1648F3CBF54B2E655D5432557AB8C599EEE6E763403914E55050D879E2BFFA30F366F009F0CB378371CA9B99D05949929DD07465EA8797A3808B6B06B9536E64AF9C844C
310
903AF2F3709D3783A318A078E4F37AEBBCEC2DD1B228B722F785DC2DB9D64C476675A63353CC74E937B1FA39BFA7DB58A6AFC19E49583A4A9B6110A6BA038D3C80418F79D091B18A763C1D8524AA5361F194EC4CC4B23EDBA3192533E95398E41423EB6DCA1C239B4DBF91D13F6D762A6897D7013D496371DC8BECCAA7D45E
310
0C251095ABC98AA38E1B6540CD3DACF829EF15C38D27C2B92DA64A071D13897001094F16523EC1C9E5A99FF465029665AB5B13C49AF8984D174EA40B273D389D33BB29A272F6749622C2719C22AC925104534E7A8CF33714555C6B3CF3BE4BE0AF28994CA9B8353E0F28878DD26D8D2F007FBAAD11BD305CEB4EAB35BE08B8
310
B8D678FEB81BD9134AB6ADF10A644BBEF9C2334A81E4EAA6772450D87DD2AF49C178F020A0EBD3055FF292CC5B8AB3FC4114C86BA708ACDB15F49C43C04EBBE7FCBD0CA8A1CB2AF59CC3897035E1E39713E16AD873FE91085A131FFF19C04DBEDBF8D75406FD3B3A2842E56C8ABE82A171BC3BF89ECB0E0F287926BC7B0450
310
75E4DDA3C09F2EEF56BE2579157071BCBBE7881BD93E255BDE7D04B225A07C61BD5230DE1DBA8C1158736B225E412358525F03747D78F79897E472BCCBAF5BAF2BA0DDE3804E9B765F2F035A65DA3D910857134A7A2311AE52DA8D6E0E9C1341735A873DD47F12A16BE2E99BE9C275792B70532835F1AEDB838B7404B509F7
310
74C449519D9AA19EB28205FF5B08785CE3F9307262735AC933693C270155C7C6730AF8E9359ED3808B6B3CA387DDC6734EC9B6F1C897238DE72006D89713F9C2E58B91C6F3388D608DE70CA0A7DA7866D30F8008DC16BEAA2D26A2AAB848F4108A0CF46D0F54D7A73989E2C56D75B6B8431D2F6EAB64C5CD94644C04869974
310
1626C5B6A280378D1BEE62BCE2C3917700E714386FAA719B1D7E7D464DF7DD444F8317374E8CAA75BEF65E19D0F8F0523EC21D7470DCC60B8CAEF29753FC38EF4760CFDBF99B4673F680D0869F6742513F06849341B61DF57EE3400A02734628D75C0DBC8B68A868B98655ECA330208EA3C6F1B52E3DF1E8849E2433679564
310
431A886148B568E62C4406F75F64308EFD2F9D7039EA6D259B5B2BF91AD8396F72B01004EFC5CD6C88F911E8CCDF849C077E5C64E9488747967101058B73015D99FA9B900B808B63FFB117DCC85E50324556799F2F34BC086EC70CD18A4318C0D9FF2AB6807CDB718046B0A4BE0FE8B4D9FFA207EA504E3D7E65FA014C7226
310
B329B0E8D703AAFEBAA304E869379E693123CD68457958A4FF2F11AE86ECFF6119D078F6E7138AD87FF2370F86D6E1E34789702D76FED2134932CCA824CB8C811832A3160D33426421BD940847AF6F0C11D33DEECB1CFE9B7175D1F926045DE5BD8DBFBDBE9C081764D0049324E6DDB40A8607F34A225C4D16463974B5B836
310
F3B3A32E193EACE499B49986C93A780A6DA631A981D7A6CD34012EAECDFCF23937B23F51B26D337F80CCDBCC36A5C0ECD07DE7E7A7236D663D8D6033A419D0536D33E07F56B8C4CA7C0D48229F9610695A461A0883CE7B494E8DD95B004DF38E8247AB09FE45AC1A52EDAC32A0861DD8DA85D8A76276989D08579353913989
310
700119397510D9BB4CAB9DF096393711B4263ECE4B176E7EBA700B3C389DB3F0B5335AA6A7234288EA142D784A9083AFB414616018456CF64C3293C4CD2F49D3E5A5F0410CEE3E0F2E6A6FEA11580893E29AEE529C2FC11C4DF48D4AA628982DB44A422820F8563073C8F989CF2240392BED74F7768B819FDEDE6E09E0E29A
310
EE0AFA030B3CB273954C91D5916E83CC9BEE074FAB1E6B73B11CFB6CBEB73B4C23589D2D05F4CC9AAE2E4C768646F0614DBB4BD40606BDCC4B726A4DF72640A7DD749797013521AB4ED3C5971C1BF2225712D922FD192CAA82F186C253F467B664EED8B163100EA1787299890C1D4314EEF90B040C236113FD72905624B8F0
310
99FF03A92412CEF64B0000
  0
DICTIONARY
  5
358
330
22
100
AcDbDictionary
280
     1
281
     1
  3
CSD_PLOT_CONFIG
360
359
  0
DICTIONARY
  5
662
330
7F
100
AcDbDictionary
280
     1
281
     1
  3
ACAD_ROUNDTRIP_2008_TABLESTYLE_CELLSTYLEMAP
360
663
  0
LAYOUTPRINTCONFIG
  5
359
102
{ACAD_REACTORS
330
358
102
}
330
358
100
AcDbEntity
  8
0
160
                 8
310
0800000000000000
100
CAcLayoutPrintConfig
 93
        0
  0
CELLSTYLEMAP
  5
663
102
{ACAD_REACTORS
330
662
102
}
330
662
100
AcDbCellStyleMap
 90
        3
300
CELLSTYLE
  1
TABLEFORMAT_BEGIN
 90
        5
170
     1
 91
        0
 92
    32768
 62
   257
 93
        1
300
CONTENTFORMAT
  1
CONTENTFORMAT_BEGIN
 90
        0
 91
        0
 92
      512
 93
        0
300

 40
0.0
140
1.0
 94
        5
 62
     0
340
11
144
6.0
309
CONTENTFORMAT_END
171
     1
301
MARGIN
  1
CELLMARGIN_BEGIN
 40
1.5
 40
1.5
 40
1.5
 40
1.5
 40
4.5
 40
4.5
309
CELLMARGIN_END
 94
        6
 95
        1
302
GRIDFORMAT
  1
GRIDFORMAT_BEGIN
 90
        0
 91
        1
 62
     0
 92
       -2
340
14
 93
        0
 40
1.125
309
GRIDFORMAT_END
 95
        2
302
GRIDFORMAT
  1
GRIDFORMAT_BEGIN
 90
        0
 91
        1
 62
     0
 92
       -2
340
14
 93
        0
 40
1.125
309
GRIDFORMAT_END
 95
        4
302
GRIDFORMAT
  1
GRIDFORMAT_BEGIN
 90
        0
 91
        1
 62
     0
 92
       -2
340
14
 93
        0
 40
1.125
309
GRIDFORMAT_END
 95
        8
302
GRIDFORMAT
  1
GRIDFORMAT_BEGIN
 90
        0
 91
        1
 62
     0
 92
       -2
340
14
 93
        0
 40
1.125
309
GRIDFORMAT_END
 95
       16
302
GRIDFORMAT
  1
GRIDFORMAT_BEGIN
 90
        0
 91
        1
 62
     0
 92
       -2
340
14
 93
        0
 40
1.125
309
GRIDFORMAT_END
 95
       32
302
GRIDFORMAT
  1
GRIDFORMAT_BEGIN
 90
        0
 91
        1
 62
     0
 92
       -2
340
14
 93
        0
 40
1.125
309
GRIDFORMAT_END
309
TABLEFORMAT_END
  1
CELLSTYLE_BEGIN
 90
        1
 91
        1
300
_TITLE
309
CELLSTYLE_END
300
CELLSTYLE
  1
TABLEFORMAT_BEGIN
 90
        5
170
     1
 91
        0
 92
        0
 62
   257
 93
        1
300
CONTENTFORMAT
  1
CONTENTFORMAT_BEGIN
 90
        0
 91
        0
 92
      512
 93
        0
300

 40
0.0
140
1.0
 94
        5
 62
     0
340
11
144
4.5
309
CONTENTFORMAT_END
171
     1
301
MARGIN
  1
CELLMARGIN_BEGIN
 40
1.5
 40
1.5
 40
1.5
 40
1.5
 40
4.5
 40
4.5
309
CELLMARGIN_END
 94
        6
 95
        1
302
GRIDFORMAT
  1
GRIDFORMAT_BEGIN
 90
        0
 91
        1
 62
     0
 92
       -2
340
14
 93
        0
 40
1.125
309
GRIDFORMAT_END
 95
        2
302
GRIDFORMAT
  1
GRIDFORMAT_BEGIN
 90
        0
 91
        1
 62
     0
 92
       -2
340
14
 93
        0
 40
1.125
309
GRIDFORMAT_END
 95
        4
302
GRIDFORMAT
  1
GRIDFORMAT_BEGIN
 90
        0
 91
        1
 62
     0
 92
       -2
340
14
 93
        0
 40
1.125
309
GRIDFORMAT_END
 95
        8
302
GRIDFORMAT
  1
GRIDFORMAT_BEGIN
 90
        0
 91
        1
 62
     0
 92
       -2
340
14
 93
        0
 40
1.125
309
GRIDFORMAT_END
 95
       16
302
GRIDFORMAT
  1
GRIDFORMAT_BEGIN
 90
        0
 91
        1
 62
     0
 92
       -2
340
14
 93
        0
 40
1.125
309
GRIDFORMAT_END
 95
       32
302
GRIDFORMAT
  1
GRIDFORMAT_BEGIN
 90
        0
 91
        1
 62
     0
 92
       -2
340
14
 93
        0
 40
1.125
309
GRIDFORMAT_END
309
TABLEFORMAT_END
  1
CELLSTYLE_BEGIN
 90
        2
 91
        1
300
_HEADER
309
CELLSTYLE_END
300
CELLSTYLE
  1
TABLEFORMAT_BEGIN
 90
        5
170
     1
 91
        0
 92
        0
 62
   257
 93
        1
300
CONTENTFORMAT
  1
CONTENTFORMAT_BEGIN
 90
        0
 91
        0
 92
      512
 93
        0
300

 40
0.0
140
1.0
 94
        2
 62
     0
340
11
144
4.5
309
CONTENTFORMAT_END
171
     1
301
MARGIN
  1
CELLMARGIN_BEGIN
 40
1.5
 40
1.5
 40
1.5
 40
1.5
 40
4.5
 40
4.5
309
CELLMARGIN_END
 94
        6
 95
        1
302
GRIDFORMAT
  1
GRIDFORMAT_BEGIN
 90
        0
 91
        1
 62
     0
 92
       -2
340
14
 93
        0
 40
1.125
309
GRIDFORMAT_END
 95
        2
302
GRIDFORMAT
  1
GRIDFORMAT_BEGIN
 90
        0
 91
        1
 62
     0
 92
       -2
340
14
 93
        0
 40
1.125
309
GRIDFORMAT_END
 95
        4
302
GRIDFORMAT
  1
GRIDFORMAT_BEGIN
 90
        0
 91
        1
 62
     0
 92
       -2
340
14
 93
        0
 40
1.125
309
GRIDFORMAT_END
 95
        8
302
GRIDFORMAT
  1
GRIDFORMAT_BEGIN
 90
        0
 91
        1
 62
     0
 92
       -2
340
14
 93
        0
 40
1.125
309
GRIDFORMAT_END
 95
       16
302
GRIDFORMAT
  1
GRIDFORMAT_BEGIN
 90
        0
 91
        1
 62
     0
 92
       -2
340
14
 93
        0
 40
1.125
309
GRIDFORMAT_END
 95
       32
302
GRIDFORMAT
  1
GRIDFORMAT_BEGIN
 90
        0
 91
        1
 62
     0
 92
       -2
340
14
 93
        0
 40
1.125
309
GRIDFORMAT_END
309
TABLEFORMAT_END
  1
CELLSTYLE_BEGIN
 90
        3
 91
        2
300
_DATA
309
CELLSTYLE_END
  0
ENDSEC
  0
SECTION
  2
ACDSDATA
 70
     2
 71
     2
  0
ACDSSCHEMA
 90
        0
  1
AcDb3DSolid_ASM_Data
  2
AcDbDs::ID
280
    10
 91
        0
  2
ASM_Data
280
    15
 91
        0
101
ACDSRECORD
 95
        0
 90
        1
  2
AcDbDs::TreatedAsObjectData
280
     1
291
     1
101
ACDSRECORD
 95
        0
 90
        2
  2
AcDbDs::Legacy
280
     1
291
     1
101
ACDSRECORD
  1
AcDbDs::ID
 90
        3
  2
AcDs:Indexable
280
     1
291
     1
101
ACDSRECORD
  1
AcDbDs::ID
 90
        4
  2
AcDbDs::HandleAttribute
280
     7
282
     1
  0
ACDSSCHEMA
 90
        1
  1
AcDbDs::TreatedAsObjectDataSchema
  2
AcDbDs::TreatedAsObjectData
280
     1
 91
        0
  0
ACDSSCHEMA
 90
        2
  1
AcDbDs::LegacySchema
  2
AcDbDs::Legacy
280
     1
 91
        0
  0
ACDSSCHEMA
 90
        3
  1
AcDbDs::IndexedPropertySchema
  2
AcDs:Indexable
280
     1
 91
        0
  0
ACDSSCHEMA
 90
        4
  1
AcDbDs::HandleAttributeSchema
  2
AcDbDs::HandleAttribute
280
     7
 91
        8
  0
ACDSRECORD
 90
        0
  2
AcDbDs::ID
280
    10
320
3C8
  2
ASM_Data
280
    15
 94
     3579
310
414349532042696E61727946696C652855000000000000020000000C00000007214F70656E2044657369676E20416C6C69616E63652041434953204275696C646572070E41434953203231382E3030204E540718576564204D61792032302032303A30363A3134203230323606000000000000F03F068DEDB5A0F7C6B03E06
310
BBBDD7D9DF7CDB3D0D0961736D6865616465720CFFFFFFFF04FFFFFFFF070D3232392E322E302E3635353335110D04626F64790C0200000004FFFFFFFF0CFFFFFFFF0C030000000CFFFFFFFF0CFFFFFFFF110E067265665F76740E036579650D066174747269620CFFFFFFFF04FFFFFFFF0CFFFFFFFF0CFFFFFFFF0C010000
310
000CFFFFFFFF0CFFFFFFFF110D046C756D700C0400000004FFFFFFFF0CFFFFFFFF0CFFFFFFFF0C050000000C01000000110E067265665F76740E036579650D066174747269620CFFFFFFFF04FFFFFFFF0CFFFFFFFF0CFFFFFFFF0C030000000CFFFFFFFF0CFFFFFFFF110D057368656C6C0C0600000004FFFFFFFF0CFFFFFF
310
FF0CFFFFFFFF0CFFFFFFFF0C070000000CFFFFFFFF0C03000000110E067265665F76740E036579650D066174747269620CFFFFFFFF04FFFFFFFF0CFFFFFFFF0CFFFFFFFF0C050000000CFFFFFFFF0CFFFFFFFF110D04666163650C0800000004FFFFFFFF0CFFFFFFFF0CFFFFFFFF0C090000000C050000000CFFFFFFFF0C0A
310
0000000B0A0B110E05666D6573680E036579650D066174747269620CFFFFFFFF04FFFFFFFF0C0B0000000CFFFFFFFF0C07000000110D046C6F6F700CFFFFFFFF04FFFFFFFF0CFFFFFFFF0CFFFFFFFF0C0C0000000C07000000110E05706C616E650D07737572666163650CFFFFFFFF04FFFFFFFF0CFFFFFFFF13007CB15E80
310
DDB6BF982FC2A174A3B63F00000000000000001400000000000000000000000000000000000000000000F03F143550FFFFFFFFAFBC3550FFFFFFFFEF3F00000000000000000B0B0B0B0B110E067265665F76740E036579650D066174747269620CFFFFFFFF04FFFFFFFF0CFFFFFFFF0C080000000C070000000CFFFFFFFF0C
310
FFFFFFFF110D06636F656467650CFFFFFFFF04FFFFFFFF0CFFFFFFFF0C0D0000000C0E0000000CFFFFFFFF0C0F0000000A0C0900000004000000000CFFFFFFFF110D06636F656467650CFFFFFFFF04FFFFFFFF0CFFFFFFFF0C100000000C0C0000000CFFFFFFFF0C110000000A0C0900000004000000000CFFFFFFFF110D06
310
636F656467650CFFFFFFFF04FFFFFFFF0CFFFFFFFF0C0C0000000C120000000CFFFFFFFF0C130000000A0C0900000004000000000CFFFFFFFF110D04656467650C1400000004FFFFFFFF0CFFFFFFFF0C150000000600000000000000000C1600000006038768BC7493783F0C0C0000000C170000000B0707756E6B6E6F776E
310
110D06636F656467650CFFFFFFFF04FFFFFFFF0CFFFFFFFF0C180000000C0D0000000CFFFFFFFF0C190000000A0C0900000004000000000CFFFFFFFF110D04656467650C1A00000004FFFFFFFF0CFFFFFFFF0C1B0000000600000000000000000C15000000063154684D549F783F0C0D0000000C1C0000000B0707756E6B6E
310
6F776E110D06636F656467650CFFFFFFFF04FFFFFFFF0CFFFFFFFF0C0E0000000C1D0000000CFFFFFFFF0C1E0000000A0C0900000004000000000CFFFFFFFF110D04656467650C1F00000004FFFFFFFF0CFFFFFFFF0C160000000600000000000000000C200000000646E174BC7493783F0C0E0000000C210000000B070775
310
6E6B6E6F776E110E0670746C6973740E036579650D066174747269620CFFFFFFFF04FFFFFFFF0CFFFFFFFF0CFFFFFFFF0C0F000000110D067665727465780CFFFFFFFF04FFFFFFFF0CFFFFFFFF0C0F00000004020000000C22000000110D067665727465780CFFFFFFFF04FFFFFFFF0CFFFFFFFF0C0F00000004020000000C
310
23000000110E0873747261696768740D0563757276650CFFFFFFFF04FFFFFFFF0CFFFFFFFF13007C03E6CF18B6BF982F1262A5C9B43F0000000000000000143450FFFFFFFFEFBF000000000000B0BC00000000000000000B0B110D06636F656467650CFFFFFFFF04FFFFFFFF0CFFFFFFFF0C240000000C100000000CFFFFFF
310
FF0C250000000A0C0900000004000000000CFFFFFFFF110D04656467650C2600000004FFFFFFFF0CFFFFFFFF0C270000000600000000000000000C1B00000006028770BC7493783F0C100000000C280000000B0707756E6B6E6F776E110E0670746C6973740E036579650D066174747269620CFFFFFFFF04FFFFFFFF0CFFFF
310
FFFF0CFFFFFFFF0C11000000110D067665727465780CFFFFFFFF04FFFFFFFF0CFFFFFFFF0C1100000004020000000C29000000110E0873747261696768740D0563757276650CFFFFFFFF04FFFFFFFF0CFFFFFFFF13007C5949A401B5BF982F16809DDFB53F000000000000000014C74C9BFD17ADE6BF5521E3EA1D94E6BF00
310
000000000000000B0B110D06636F656467650CFFFFFFFF04FFFFFFFF0CFFFFFFFF0C120000000C240000000CFFFFFFFF0C2A0000000A0C0900000004000000000CFFFFFFFF110D04656467650C2B00000004FFFFFFFF0CFFFFFFFF0C200000000600000000000000000C2C00000006028760BC7493783F0C120000000C2D00
310
00000B0707756E6B6E6F776E110E0670746C6973740E036579650D066174747269620CFFFFFFFF04FFFFFFFF0CFFFFFFFF0CFFFFFFFF0C13000000110D067665727465780CFFFFFFFF04FFFFFFFF0CFFFFFFFF0C1E00000004020000000C2E000000110E0873747261696768740D0563757276650CFFFFFFFF04FFFFFFFF0C
310
FFFFFFFF1300FCC93107A2B7BF982F1262A5C9B43F00000000000000001429F6A0614EB9E6BF853C6E5ED387E63F00000000000000000B0B110D05706F696E740CFFFFFFFF04FFFFFFFF0CFFFFFFFF13007C03E6CF18B6BF982F1262A5C9B43F0000000000000000110D05706F696E740CFFFFFFFF04FFFFFFFF0CFFFFFFFF
310
1300FCC93107A2B7BF982F1262A5C9B43F0000000000000000110D06636F656467650CFFFFFFFF04FFFFFFFF0CFFFFFFFF0C1D0000000C180000000CFFFFFFFF0C2F0000000A0C0900000004000000000CFFFFFFFF110D04656467650C3000000004FFFFFFFF0CFFFFFFFF0C310000000600000000000000000C2700000006
310
B99A6FBC7493783F0C180000000C320000000B0707756E6B6E6F776E110E0670746C6973740E036579650D066174747269620CFFFFFFFF04FFFFFFFF0CFFFFFFFF0CFFFFFFFF0C19000000110D067665727465780CFFFFFFFF04FFFFFFFF0CFFFFFFFF0C1900000004020000000C33000000110E0873747261696768740D05
310
63757276650CFFFFFFFF04FFFFFFFF0CFFFFFFFF13007C5949A401B5BF982FDDCBD468B73F000000000000000014000000000000B03C3550FFFFFFFFEFBF00000000000000000B0B110D05706F696E740CFFFFFFFF04FFFFFFFF0CFFFFFFFF13007C5949A401B5BF982F16809DDFB53F0000000000000000110D0465646765
310
0C3400000004FFFFFFFF0CFFFFFFFF0C2C0000000600000000000000000C3500000006474A72BC7493783F0C1D0000000C360000000B0707756E6B6E6F776E110E0670746C6973740E036579650D066174747269620CFFFFFFFF04FFFFFFFF0CFFFFFFFF0CFFFFFFFF0C1E000000110D067665727465780CFFFFFFFF04FFFF
310
FFFF0CFFFFFFFF0C2A00000004020000000C37000000110E0873747261696768740D0563757276650CFFFFFFFF04FFFFFFFF0CFFFFFFFF13003CB74042B9B8BF982FC06C80DEB53F000000000000000014000000000000B0BC3550FFFFFFFFEF3F00000000000000000B0B110D05706F696E740CFFFFFFFF04FFFFFFFF0CFF
310
FFFFFF13003CB74042B9B8BF982FC06C80DEB53F0000000000000000110D04656467650C3800000004FFFFFFFF0CFFFFFFFF0C350000000600000000000000000C310000000602876CBC7493783F0C240000000C390000000B0707756E6B6E6F776E110E0670746C6973740E036579650D066174747269620CFFFFFFFF04FF
310
FFFFFF0CFFFFFFFF0CFFFFFFFF0C25000000110D067665727465780CFFFFFFFF04FFFFFFFF0CFFFFFFFF0C2500000004020000000C3A000000110E0873747261696768740D0563757276650CFFFFFFFF04FFFFFFFF0CFFFFFFFF1300BC2EFA6419B6BF982FFACD287DB83F000000000000000014657E06642EC4E63F4D3CFC
310
2BD67CE6BF00000000000000000B0B110D05706F696E740CFFFFFFFF04FFFFFFFF0CFFFFFFFF13007C5949A401B5BF982FDDCBD468B73F0000000000000000110E0670746C6973740E036579650D066174747269620CFFFFFFFF04FFFFFFFF0CFFFFFFFF0CFFFFFFFF0C2A000000110D067665727465780CFFFFFFFF04FFFF
310
FFFF0CFFFFFFFF0C2F00000004020000000C3B000000110E0873747261696768740D0563757276650CFFFFFFFF04FFFFFFFF0CFFFFFFFF13003CB74042B9B8BF982F86B8B767B73F000000000000000014BBACC7922CADE63F800DDF3E0994E63F00000000000000000B0B110D05706F696E740CFFFFFFFF04FFFFFFFF0CFF
310
FFFFFF13003CB74042B9B8BF982F86B8B767B73F0000000000000000110E0670746C6973740E036579650D066174747269620CFFFFFFFF04FFFFFFFF0CFFFFFFFF0CFFFFFFFF0C2F000000110E0873747261696768740D0563757276650CFFFFFFFF04FFFFFFFF0CFFFFFFFF13007CF5459CA2B7BF982FFACD287DB83F0000
310
000000000000143550FFFFFFFFEF3F000000000000B03C00000000000000000B0B110D05706F696E740CFFFFFFFF04FFFFFFFF0CFFFFFFFF1300BC2EFA6419B6BF982FFACD287DB83F0000000000000000110D05706F696E740CFFFFFFFF04FFFFFFFF0CFFFFFFFF13007CF5459CA2B7BF982FFACD287DB83F000000000000
310
0000110E03456E640E026F660E0341534D0D0464617461
  0
ACDSRECORD
 90
        0
  2
AcDbDs::ID
280
    10
320
3CC
  2
ASM_Data
280
    15
 94
     3579
310
414349532042696E61727946696C652855000000000000020000000C00000007214F70656E2044657369676E20416C6C69616E63652041434953204275696C646572070E41434953203231382E3030204E540718576564204D61792032302032303A30363A3134203230323606000000000000F03F068DEDB5A0F7C6B03E06
310
BBBDD7D9DF7CDB3D0D0961736D6865616465720CFFFFFFFF04FFFFFFFF070D3232392E322E302E3635353335110D04626F64790C0200000004FFFFFFFF0CFFFFFFFF0C030000000CFFFFFFFF0CFFFFFFFF110E067265665F76740E036579650D066174747269620CFFFFFFFF04FFFFFFFF0CFFFFFFFF0CFFFFFFFF0C010000
310
000CFFFFFFFF0CFFFFFFFF110D046C756D700C0400000004FFFFFFFF0CFFFFFFFF0CFFFFFFFF0C050000000C01000000110E067265665F76740E036579650D066174747269620CFFFFFFFF04FFFFFFFF0CFFFFFFFF0CFFFFFFFF0C030000000CFFFFFFFF0CFFFFFFFF110D057368656C6C0C0600000004FFFFFFFF0CFFFFFF
310
FF0CFFFFFFFF0CFFFFFFFF0C070000000CFFFFFFFF0C03000000110E067265665F76740E036579650D066174747269620CFFFFFFFF04FFFFFFFF0CFFFFFFFF0CFFFFFFFF0C050000000CFFFFFFFF0CFFFFFFFF110D04666163650C0800000004FFFFFFFF0CFFFFFFFF0CFFFFFFFF0C090000000C050000000CFFFFFFFF0C0A
310
0000000B0A0B110E05666D6573680E036579650D066174747269620CFFFFFFFF04FFFFFFFF0C0B0000000CFFFFFFFF0C07000000110D046C6F6F700CFFFFFFFF04FFFFFFFF0CFFFFFFFF0CFFFFFFFF0C0C0000000C07000000110E05706C616E650D07737572666163650CFFFFFFFF04FFFFFFFF0CFFFFFFFF1300F0E4FFEC
310
C7933F982FC2A174A3B63F00000000000000001400000000000000000000000000000000000000000000F03F143550FFFFFFFFAF3C3550FFFFFFFFEF3F00000000000000000A0B0B0B0B110E067265665F76740E036579650D066174747269620CFFFFFFFF04FFFFFFFF0CFFFFFFFF0C080000000C070000000CFFFFFFFF0C
310
FFFFFFFF110D06636F656467650CFFFFFFFF04FFFFFFFF0CFFFFFFFF0C0D0000000C0E0000000CFFFFFFFF0C0F0000000B0C0900000004000000000CFFFFFFFF110D06636F656467650CFFFFFFFF04FFFFFFFF0CFFFFFFFF0C100000000C0C0000000CFFFFFFFF0C110000000B0C0900000004000000000CFFFFFFFF110D06
310
636F656467650CFFFFFFFF04FFFFFFFF0CFFFFFFFF0C0C0000000C120000000CFFFFFFFF0C130000000B0C0900000004000000000CFFFFFFFF110D04656467650C1400000004FFFFFFFF0CFFFFFFFF0C150000000600000000000000000C1600000006038768BC7493783F0C0C0000000C170000000B0707756E6B6E6F776E
310
110D06636F656467650CFFFFFFFF04FFFFFFFF0CFFFFFFFF0C180000000C0D0000000CFFFFFFFF0C190000000B0C0900000004000000000CFFFFFFFF110D04656467650C1A00000004FFFFFFFF0CFFFFFFFF0C160000000600000000000000000C1B0000000646E174BC7493783F0C0D0000000C1C0000000B0707756E6B6E
310
6F776E110D06636F656467650CFFFFFFFF04FFFFFFFF0CFFFFFFFF0C0E0000000C1D0000000CFFFFFFFF0C1E0000000B0C0900000004000000000CFFFFFFFF110D04656467650C1F00000004FFFFFFFF0CFFFFFFFF0C200000000600000000000000000C15000000063154684D549F783F0C0E0000000C210000000B070775
310
6E6B6E6F776E110E0670746C6973740E036579650D066174747269620CFFFFFFFF04FFFFFFFF0CFFFFFFFF0CFFFFFFFF0C0F000000110D067665727465780CFFFFFFFF04FFFFFFFF0CFFFFFFFF0C0F00000004020000000C22000000110D067665727465780CFFFFFFFF04FFFFFFFF0CFFFFFFFF0C0F00000004020000000C
310
23000000110E0873747261696768740D0563757276650CFFFFFFFF04FFFFFFFF0CFFFFFFFF1300F02C1D2BB5903F982F1262A5C9B43F0000000000000000143450FFFFFFFFEF3F000000000000B0BC00000000000000000B0B110D06636F656467650CFFFFFFFF04FFFFFFFF0CFFFFFFFF0C240000000C100000000CFFFFFF
310
FF0C250000000B0C0900000004000000000CFFFFFFFF110D04656467650C2600000004FFFFFFFF0CFFFFFFFF0C1B0000000600000000000000000C2700000006028760BC7493783F0C100000000C280000000B0707756E6B6E6F776E110E0670746C6973740E036579650D066174747269620CFFFFFFFF04FFFFFFFF0CFFFF
310
FFFF0CFFFFFFFF0C11000000110D067665727465780CFFFFFFFF04FFFFFFFF0CFFFFFFFF0C1900000004020000000C29000000110E0873747261696768740D0563757276650CFFFFFFFF04FFFFFFFF0CFFFFFFFF1300F0464C08DA963F982F1262A5C9B43F00000000000000001429F6A0614EB9E63F853C6E5ED387E63F00
310
000000000000000B0B110D06636F656467650CFFFFFFFF04FFFFFFFF0CFFFFFFFF0C120000000C240000000CFFFFFFFF0C2A0000000B0C0900000004000000000CFFFFFFFF110D04656467650C2B00000004FFFFFFFF0CFFFFFFFF0C2C0000000600000000000000000C2000000006028770BC7493783F0C120000000C2D00
310
00000B0707756E6B6E6F776E110E0670746C6973740E036579650D066174747269620CFFFFFFFF04FFFFFFFF0CFFFFFFFF0CFFFFFFFF0C13000000110D067665727465780CFFFFFFFF04FFFFFFFF0CFFFFFFFF0C1300000004020000000C2E000000110E0873747261696768740D0563757276650CFFFFFFFF04FFFFFFFF0C
310
FFFFFFFF1300E00955F9B0883F982F16809DDFB53F000000000000000014C74C9BFD17ADE63F5521E3EA1D94E6BF00000000000000000B0B110D05706F696E740CFFFFFFFF04FFFFFFFF0CFFFFFFFF1300F02C1D2BB5903F982F1262A5C9B43F0000000000000000110D05706F696E740CFFFFFFFF04FFFFFFFF0CFFFFFFFF
310
1300F0464C08DA963F982F1262A5C9B43F0000000000000000110D06636F656467650CFFFFFFFF04FFFFFFFF0CFFFFFFFF0C1D0000000C180000000CFFFFFFFF0C2F0000000B0C0900000004000000000CFFFFFFFF110D04656467650C3000000004FFFFFFFF0CFFFFFFFF0C270000000600000000000000000C3100000006
310
474A72BC7493783F0C180000000C320000000B0707756E6B6E6F776E110E0670746C6973740E036579650D066174747269620CFFFFFFFF04FFFFFFFF0CFFFFFFFF0CFFFFFFFF0C19000000110D067665727465780CFFFFFFFF04FFFFFFFF0CFFFFFFFF0C2500000004020000000C33000000110E0873747261696768740D05
310
63757276650CFFFFFFFF04FFFFFFFF0CFFFFFFFF1300F0FB87F4369B3F982FC06C80DEB53F000000000000000014000000000000B03C3550FFFFFFFFEF3F00000000000000000B0B110D05706F696E740CFFFFFFFF04FFFFFFFF0CFFFFFFFF1300F0FB87F4369B3F982FC06C80DEB53F0000000000000000110D0465646765
310
0C3400000004FFFFFFFF0CFFFFFFFF0C350000000600000000000000000C2C00000006B99A6FBC7493783F0C1D0000000C360000000B0707756E6B6E6F776E110E0670746C6973740E036579650D066174747269620CFFFFFFFF04FFFFFFFF0CFFFFFFFF0CFFFFFFFF0C1E000000110D067665727465780CFFFFFFFF04FFFF
310
FFFF0CFFFFFFFF0C1E00000004020000000C37000000110E0873747261696768740D0563757276650CFFFFFFFF04FFFFFFFF0CFFFFFFFF1300E00955F9B0883F982FDDCBD468B73F000000000000000014000000000000B0BC3550FFFFFFFFEFBF00000000000000000B0B110D05706F696E740CFFFFFFFF04FFFFFFFF0CFF
310
FFFFFF1300E00955F9B0883F982F16809DDFB53F0000000000000000110D04656467650C3800000004FFFFFFFF0CFFFFFFFF0C310000000600000000000000000C350000000602876CBC7493783F0C240000000C390000000B0707756E6B6E6F776E110E0670746C6973740E036579650D066174747269620CFFFFFFFF04FF
310
FFFFFF0CFFFFFFFF0CFFFFFFFF0C25000000110D067665727465780CFFFFFFFF04FFFFFFFF0CFFFFFFFF0C2F00000004020000000C3A000000110E0873747261696768740D0563757276650CFFFFFFFF04FFFFFFFF0CFFFFFFFF1300F0FB87F4369B3F982F86B8B767B73F000000000000000014BBACC7922CADE6BF800DDF
310
3E0994E63F00000000000000000B0B110D05706F696E740CFFFFFFFF04FFFFFFFF0CFFFFFFFF1300F0FB87F4369B3F982F86B8B767B73F0000000000000000110E0670746C6973740E036579650D066174747269620CFFFFFFFF04FFFFFFFF0CFFFFFFFF0CFFFFFFFF0C2A000000110D067665727465780CFFFFFFFF04FFFF
310
FFFF0CFFFFFFFF0C2A00000004020000000C3B000000110E0873747261696768740D0563757276650CFFFFFFFF04FFFFFFFF0CFFFFFFFF1300F0D96D7FB7903F982FFACD287DB83F000000000000000014657E06642EC4E6BF4D3CFC2BD67CE6BF00000000000000000B0B110D05706F696E740CFFFFFFFF04FFFFFFFF0CFF
310
FFFFFF1300E00955F9B0883F982FDDCBD468B73F0000000000000000110E0670746C6973740E036579650D066174747269620CFFFFFFFF04FFFFFFFF0CFFFFFFFF0CFFFFFFFF0C2F000000110E0873747261696768740D0563757276650CFFFFFFFF04FFFFFFFF0CFFFFFFFF1300F0F49C5CDC963F982FFACD287DB83F0000
310
000000000000143550FFFFFFFFEFBF000000000000B03C00000000000000000B0B110D05706F696E740CFFFFFFFF04FFFFFFFF0CFFFFFFFF1300F0F49C5CDC963F982FFACD287DB83F0000000000000000110D05706F696E740CFFFFFFFF04FFFFFFFF0CFFFFFFFF1300F0D96D7FB7903F982FFACD287DB83F000000000000
310
0000110E03456E640E026F660E0341534D0D0464617461
  0
ACDSRECORD
 90
        0
  2
AcDbDs::ID
280
    10
320
3CF
  2
ASM_Data
280
    15
 94
     3579
310
414349532042696E61727946696C652855000000000000020000000C00000007214F70656E2044657369676E20416C6C69616E63652041434953204275696C646572070E41434953203231382E3030204E540718576564204D61792032302032303A30363A3134203230323606000000000000F03F068DEDB5A0F7C6B03E06
310
BBBDD7D9DF7CDB3D0D0961736D6865616465720CFFFFFFFF04FFFFFFFF070D3232392E322E302E3635353335110D04626F64790C0200000004FFFFFFFF0CFFFFFFFF0C030000000CFFFFFFFF0CFFFFFFFF110E067265665F76740E036579650D066174747269620CFFFFFFFF04FFFFFFFF0CFFFFFFFF0CFFFFFFFF0C010000
310
000CFFFFFFFF0CFFFFFFFF110D046C756D700C0400000004FFFFFFFF0CFFFFFFFF0CFFFFFFFF0C050000000C01000000110E067265665F76740E036579650D066174747269620CFFFFFFFF04FFFFFFFF0CFFFFFFFF0CFFFFFFFF0C030000000CFFFFFFFF0CFFFFFFFF110D057368656C6C0C0600000004FFFFFFFF0CFFFFFF
310
FF0CFFFFFFFF0CFFFFFFFF0C070000000CFFFFFFFF0C03000000110E067265665F76740E036579650D066174747269620CFFFFFFFF04FFFFFFFF0CFFFFFFFF0CFFFFFFFF0C050000000CFFFFFFFF0CFFFFFFFF110D04666163650C0800000004FFFFFFFF0CFFFFFFFF0CFFFFFFFF0C090000000C050000000CFFFFFFFF0C0A
310
0000000B0A0B110E05666D6573680E036579650D066174747269620CFFFFFFFF04FFFFFFFF0C0B0000000CFFFFFFFF0C07000000110D046C6F6F700CFFFFFFFF04FFFFFFFF0CFFFFFFFF0CFFFFFFFF0C0C0000000C07000000110E05706C616E650D07737572666163650CFFFFFFFF04FFFFFFFF0CFFFFFFFF13007CB15E80
310
DDB6BF6016270CBEDF92BF00000000000000001400000000000000000000000000000000000000000000F03F143550FFFFFFFFAFBC3550FFFFFFFFEFBF00000000000000000A0B0B0B0B110E067265665F76740E036579650D066174747269620CFFFFFFFF04FFFFFFFF0CFFFFFFFF0C080000000C070000000CFFFFFFFF0C
310
FFFFFFFF110D06636F656467650CFFFFFFFF04FFFFFFFF0CFFFFFFFF0C0D0000000C0E0000000CFFFFFFFF0C0F0000000B0C0900000004000000000CFFFFFFFF110D06636F656467650CFFFFFFFF04FFFFFFFF0CFFFFFFFF0C100000000C0C0000000CFFFFFFFF0C110000000B0C0900000004000000000CFFFFFFFF110D06
310
636F656467650CFFFFFFFF04FFFFFFFF0CFFFFFFFF0C0C0000000C120000000CFFFFFFFF0C130000000B0C0900000004000000000CFFFFFFFF110D04656467650C1400000004FFFFFFFF0CFFFFFFFF0C150000000600000000000000000C1600000006038768BC7493783F0C0C0000000C170000000B0707756E6B6E6F776E
310
110D06636F656467650CFFFFFFFF04FFFFFFFF0CFFFFFFFF0C180000000C0D0000000CFFFFFFFF0C190000000B0C0900000004000000000CFFFFFFFF110D04656467650C1A00000004FFFFFFFF0CFFFFFFFF0C160000000600000000000000000C1B0000000646E174BC7493783F0C0D0000000C1C0000000B0707756E6B6E
310
6F776E110D06636F656467650CFFFFFFFF04FFFFFFFF0CFFFFFFFF0C0E0000000C1D0000000CFFFFFFFF0C1E0000000B0C0900000004000000000CFFFFFFFF110D04656467650C1F00000004FFFFFFFF0CFFFFFFFF0C200000000600000000000000000C15000000063154684D549F783F0C0E0000000C210000000B070775
310
6E6B6E6F776E110E0670746C6973740E036579650D066174747269620CFFFFFFFF04FFFFFFFF0CFFFFFFFF0CFFFFFFFF0C0F000000110D067665727465780CFFFFFFFF04FFFFFFFF0CFFFFFFFF0C0F00000004020000000C22000000110D067665727465780CFFFFFFFF04FFFFFFFF0CFFFFFFFF0C0F00000004020000000C
310
23000000110E0873747261696768740D0563757276650CFFFFFFFF04FFFFFFFF0CFFFFFFFF13007C03E6CF18B6BFC02CCE1A02F186BF0000000000000000143450FFFFFFFFEFBF000000000000B03C00000000000000000B0B110D06636F656467650CFFFFFFFF04FFFFFFFF0CFFFFFFFF0C240000000C100000000CFFFFFF
310
FF0C250000000B0C0900000004000000000CFFFFFFFF110D04656467650C2600000004FFFFFFFF0CFFFFFFFF0C1B0000000600000000000000000C2700000006028760BC7493783F0C100000000C280000000B0707756E6B6E6F776E110E0670746C6973740E036579650D066174747269620CFFFFFFFF04FFFFFFFF0CFFFF
310
FFFF0CFFFFFFFF0C11000000110D067665727465780CFFFFFFFF04FFFFFFFF0CFFFFFFFF0C1900000004020000000C29000000110E0873747261696768740D0563757276650CFFFFFFFF04FFFFFFFF0CFFFFFFFF1300FCC93107A2B7BFC02CCE1A02F186BF00000000000000001429F6A0614EB9E6BF853C6E5ED387E6BF00
310
000000000000000B0B110D06636F656467650CFFFFFFFF04FFFFFFFF0CFFFFFFFF0C120000000C240000000CFFFFFFFF0C2A0000000B0C0900000004000000000CFFFFFFFF110D04656467650C2B00000004FFFFFFFF0CFFFFFFFF0C2C0000000600000000000000000C2000000006028770BC7493783F0C120000000C2D00
310
00000B0707756E6B6E6F776E110E0670746C6973740E036579650D066174747269620CFFFFFFFF04FFFFFFFF0CFFFFFFFF0CFFFFFFFF0C13000000110D067665727465780CFFFFFFFF04FFFFFFFF0CFFFFFFFF0C1300000004020000000C2E000000110E0873747261696768740D0563757276650CFFFFFFFF04FFFFFFFF0C
310
FFFFFFFF13007C5949A401B5BFC02CEE0AC3A08FBF000000000000000014C74C9BFD17ADE6BF5521E3EA1D94E63F00000000000000000B0B110D05706F696E740CFFFFFFFF04FFFFFFFF0CFFFFFFFF13007C03E6CF18B6BFC02CCE1A02F186BF0000000000000000110D05706F696E740CFFFFFFFF04FFFFFFFF0CFFFFFFFF
310
1300FCC93107A2B7BFC02CCE1A02F186BF0000000000000000110D06636F656467650CFFFFFFFF04FFFFFFFF0CFFFFFFFF0C1D0000000C180000000CFFFFFFFF0C2F0000000B0C0900000004000000000CFFFFFFFF110D04656467650C3000000004FFFFFFFF0CFFFFFFFF0C270000000600000000000000000C3100000006
310
474A72BC7493783F0C180000000C320000000B0707756E6B6E6F776E110E0670746C6973740E036579650D066174747269620CFFFFFFFF04FFFFFFFF0CFFFFFFFF0CFFFFFFFF0C19000000110D067665727465780CFFFFFFFF04FFFFFFFF0CFFFFFFFF0C2500000004020000000C33000000110E0873747261696768740D05
310
63757276650CFFFFFFFF04FFFFFFFF0CFFFFFFFF13003CB74042B9B8BFC02C3E70DA978FBF000000000000000014000000000000B0BC3550FFFFFFFFEFBF00000000000000000B0B110D05706F696E740CFFFFFFFF04FFFFFFFF0CFFFFFFFF13003CB74042B9B8BFC02C3E70DA978FBF0000000000000000110D0465646765
310
0C3400000004FFFFFFFF0CFFFFFFFF0C350000000600000000000000000C2C00000006B99A6FBC7493783F0C1D0000000C360000000B0707756E6B6E6F776E110E0670746C6973740E036579650D066174747269620CFFFFFFFF04FFFFFFFF0CFFFFFFFF0CFFFFFFFF0C1E000000110D067665727465780CFFFFFFFF04FFFF
310
FFFF0CFFFFFFFF0C1E00000004020000000C37000000110E0873747261696768740D0563757276650CFFFFFFFF04FFFFFFFF0CFFFFFFFF13007C5949A401B5BF601693B43EF595BF000000000000000014000000000000B03C3550FFFFFFFFEF3F00000000000000000B0B110D05706F696E740CFFFFFFFF04FFFFFFFF0CFF
310
FFFFFF13007C5949A401B5BFC02CEE0AC3A08FBF0000000000000000110D04656467650C3800000004FFFFFFFF0CFFFFFFFF0C310000000600000000000000000C350000000602876CBC7493783F0C240000000C390000000B0707756E6B6E6F776E110E0670746C6973740E036579650D066174747269620CFFFFFFFF04FF
310
FFFFFF0CFFFFFFFF0CFFFFFFFF0C25000000110D067665727465780CFFFFFFFF04FFFFFFFF0CFFFFFFFF0C2F00000004020000000C3A000000110E0873747261696768740D0563757276650CFFFFFFFF04FFFFFFFF0CFFFFFFFF13003CB74042B9B8BF60163767CAF095BF000000000000000014BBACC7922CADE63F800DDF
310
3E0994E6BF00000000000000000B0B110D05706F696E740CFFFFFFFF04FFFFFFFF0CFFFFFFFF13003CB74042B9B8BF60163767CAF095BF0000000000000000110E0670746C6973740E036579650D066174747269620CFFFFFFFF04FFFFFFFF0CFFFFFFFF0CFFFFFFFF0C2A000000110D067665727465780CFFFFFFFF04FFFF
310
FFFF0CFFFFFFFF0C2A00000004020000000C3B000000110E0873747261696768740D0563757276650CFFFFFFFF04FFFFFFFF0CFFFFFFFF1300BC2EFA6419B6BF601607BD8E469ABF000000000000000014657E06642EC4E63F4D3CFC2BD67CE63F00000000000000000B0B110D05706F696E740CFFFFFFFF04FFFFFFFF0CFF
310
FFFFFF13007C5949A401B5BF601693B43EF595BF0000000000000000110E0670746C6973740E036579650D066174747269620CFFFFFFFF04FFFFFFFF0CFFFFFFFF0CFFFFFFFF0C2F000000110E0873747261696768740D0563757276650CFFFFFFFF04FFFFFFFF0CFFFFFFFF13007CF5459CA2B7BF601607BD8E469ABF0000
310
000000000000143550FFFFFFFFEF3F000000000000B0BC00000000000000000B0B110D05706F696E740CFFFFFFFF04FFFFFFFF0CFFFFFFFF13007CF5459CA2B7BF601607BD8E469ABF0000000000000000110D05706F696E740CFFFFFFFF04FFFFFFFF0CFFFFFFFF1300BC2EFA6419B6BF601607BD8E469ABF000000000000
310
0000110E03456E640E026F660E0341534D0D0464617461
  0
ACDSRECORD
 90
        0
  2
AcDbDs::ID
280
    10
320
3D2
  2
ASM_Data
280
    15
 94
     3579
310
414349532042696E61727946696C652855000000000000020000000C00000007214F70656E2044657369676E20416C6C69616E63652041434953204275696C646572070E41434953203231382E3030204E540718576564204D61792032302032303A30363A3134203230323606000000000000F03F068DEDB5A0F7C6B03E06
310
BBBDD7D9DF7CDB3D0D0961736D6865616465720CFFFFFFFF04FFFFFFFF070D3232392E322E302E3635353335110D04626F64790C0200000004FFFFFFFF0CFFFFFFFF0C030000000CFFFFFFFF0CFFFFFFFF110E067265665F76740E036579650D066174747269620CFFFFFFFF04FFFFFFFF0CFFFFFFFF0CFFFFFFFF0C010000
310
000CFFFFFFFF0CFFFFFFFF110D046C756D700C0400000004FFFFFFFF0CFFFFFFFF0CFFFFFFFF0C050000000C01000000110E067265665F76740E036579650D066174747269620CFFFFFFFF04FFFFFFFF0CFFFFFFFF0CFFFFFFFF0C030000000CFFFFFFFF0CFFFFFFFF110D057368656C6C0C0600000004FFFFFFFF0CFFFFFF
310
FF0CFFFFFFFF0CFFFFFFFF0C070000000CFFFFFFFF0C03000000110E067265665F76740E036579650D066174747269620CFFFFFFFF04FFFFFFFF0CFFFFFFFF0CFFFFFFFF0C050000000CFFFFFFFF0CFFFFFFFF110D04666163650C0800000004FFFFFFFF0CFFFFFFFF0CFFFFFFFF0C090000000C050000000CFFFFFFFF0C0A
310
0000000B0A0B110E05666D6573680E036579650D066174747269620CFFFFFFFF04FFFFFFFF0C0B0000000CFFFFFFFF0C07000000110D046C6F6F700CFFFFFFFF04FFFFFFFF0CFFFFFFFF0CFFFFFFFF0C0C0000000C07000000110E05706C616E650D07737572666163650CFFFFFFFF04FFFFFFFF0CFFFFFFFF1300F0E4FFEC
310
C7933F6016270CBEDF92BF00000000000000001400000000000000000000000000000000000000000000F03F143550FFFFFFFFAF3C3550FFFFFFFFEFBF00000000000000000B0B0B0B0B110E067265665F76740E036579650D066174747269620CFFFFFFFF04FFFFFFFF0CFFFFFFFF0C080000000C070000000CFFFFFFFF0C
310
FFFFFFFF110D06636F656467650CFFFFFFFF04FFFFFFFF0CFFFFFFFF0C0D0000000C0E0000000CFFFFFFFF0C0F0000000A0C0900000004000000000CFFFFFFFF110D06636F656467650CFFFFFFFF04FFFFFFFF0CFFFFFFFF0C100000000C0C0000000CFFFFFFFF0C110000000A0C0900000004000000000CFFFFFFFF110D06
310
636F656467650CFFFFFFFF04FFFFFFFF0CFFFFFFFF0C0C0000000C120000000CFFFFFFFF0C130000000A0C0900000004000000000CFFFFFFFF110D04656467650C1400000004FFFFFFFF0CFFFFFFFF0C150000000600000000000000000C1600000006038768BC7493783F0C0C0000000C170000000B0707756E6B6E6F776E
310
110D06636F656467650CFFFFFFFF04FFFFFFFF0CFFFFFFFF0C180000000C0D0000000CFFFFFFFF0C190000000A0C0900000004000000000CFFFFFFFF110D04656467650C1A00000004FFFFFFFF0CFFFFFFFF0C1B0000000600000000000000000C15000000063154684D549F783F0C0D0000000C1C0000000B0707756E6B6E
310
6F776E110D06636F656467650CFFFFFFFF04FFFFFFFF0CFFFFFFFF0C0E0000000C1D0000000CFFFFFFFF0C1E0000000A0C0900000004000000000CFFFFFFFF110D04656467650C1F00000004FFFFFFFF0CFFFFFFFF0C160000000600000000000000000C200000000646E174BC7493783F0C0E0000000C210000000B070775
310
6E6B6E6F776E110E0670746C6973740E036579650D066174747269620CFFFFFFFF04FFFFFFFF0CFFFFFFFF0CFFFFFFFF0C0F000000110D067665727465780CFFFFFFFF04FFFFFFFF0CFFFFFFFF0C0F00000004020000000C22000000110D067665727465780CFFFFFFFF04FFFFFFFF0CFFFFFFFF0C0F00000004020000000C
310
23000000110E0873747261696768740D0563757276650CFFFFFFFF04FFFFFFFF0CFFFFFFFF1300F02C1D2BB5903FC02CCE1A02F186BF0000000000000000143450FFFFFFFFEF3F000000000000B03C00000000000000000B0B110D06636F656467650CFFFFFFFF04FFFFFFFF0CFFFFFFFF0C240000000C100000000CFFFFFF
310
FF0C250000000A0C0900000004000000000CFFFFFFFF110D04656467650C2600000004FFFFFFFF0CFFFFFFFF0C270000000600000000000000000C1B00000006028770BC7493783F0C100000000C280000000B0707756E6B6E6F776E110E0670746C6973740E036579650D066174747269620CFFFFFFFF04FFFFFFFF0CFFFF
310
FFFF0CFFFFFFFF0C11000000110D067665727465780CFFFFFFFF04FFFFFFFF0CFFFFFFFF0C1100000004020000000C29000000110E0873747261696768740D0563757276650CFFFFFFFF04FFFFFFFF0CFFFFFFFF1300E00955F9B0883FC02CEE0AC3A08FBF000000000000000014C74C9BFD17ADE63F5521E3EA1D94E63F00
310
000000000000000B0B110D06636F656467650CFFFFFFFF04FFFFFFFF0CFFFFFFFF0C120000000C240000000CFFFFFFFF0C2A0000000A0C0900000004000000000CFFFFFFFF110D04656467650C2B00000004FFFFFFFF0CFFFFFFFF0C200000000600000000000000000C2C00000006028760BC7493783F0C120000000C2D00
310
00000B0707756E6B6E6F776E110E0670746C6973740E036579650D066174747269620CFFFFFFFF04FFFFFFFF0CFFFFFFFF0CFFFFFFFF0C13000000110D067665727465780CFFFFFFFF04FFFFFFFF0CFFFFFFFF0C1E00000004020000000C2E000000110E0873747261696768740D0563757276650CFFFFFFFF04FFFFFFFF0C
310
FFFFFFFF1300F0464C08DA963FC02CCE1A02F186BF00000000000000001429F6A0614EB9E63F853C6E5ED387E6BF00000000000000000B0B110D05706F696E740CFFFFFFFF04FFFFFFFF0CFFFFFFFF1300F02C1D2BB5903FC02CCE1A02F186BF0000000000000000110D05706F696E740CFFFFFFFF04FFFFFFFF0CFFFFFFFF
310
1300F0464C08DA963FC02CCE1A02F186BF0000000000000000110D06636F656467650CFFFFFFFF04FFFFFFFF0CFFFFFFFF0C1D0000000C180000000CFFFFFFFF0C2F0000000A0C0900000004000000000CFFFFFFFF110D04656467650C3000000004FFFFFFFF0CFFFFFFFF0C310000000600000000000000000C2700000006
310
B99A6FBC7493783F0C180000000C320000000B0707756E6B6E6F776E110E0670746C6973740E036579650D066174747269620CFFFFFFFF04FFFFFFFF0CFFFFFFFF0CFFFFFFFF0C19000000110D067665727465780CFFFFFFFF04FFFFFFFF0CFFFFFFFF0C1900000004020000000C33000000110E0873747261696768740D05
310
63757276650CFFFFFFFF04FFFFFFFF0CFFFFFFFF1300E00955F9B0883F601693B43EF595BF000000000000000014000000000000B0BC3550FFFFFFFFEF3F00000000000000000B0B110D05706F696E740CFFFFFFFF04FFFFFFFF0CFFFFFFFF1300E00955F9B0883FC02CEE0AC3A08FBF0000000000000000110D0465646765
310
0C3400000004FFFFFFFF0CFFFFFFFF0C2C0000000600000000000000000C3500000006474A72BC7493783F0C1D0000000C360000000B0707756E6B6E6F776E110E0670746C6973740E036579650D066174747269620CFFFFFFFF04FFFFFFFF0CFFFFFFFF0CFFFFFFFF0C1E000000110D067665727465780CFFFFFFFF04FFFF
310
FFFF0CFFFFFFFF0C2A00000004020000000C37000000110E0873747261696768740D0563757276650CFFFFFFFF04FFFFFFFF0CFFFFFFFF1300F0FB87F4369B3FC02C3E70DA978FBF000000000000000014000000000000B03C3550FFFFFFFFEFBF00000000000000000B0B110D05706F696E740CFFFFFFFF04FFFFFFFF0CFF
310
FFFFFF1300F0FB87F4369B3FC02C3E70DA978FBF0000000000000000110D04656467650C3800000004FFFFFFFF0CFFFFFFFF0C350000000600000000000000000C310000000602876CBC7493783F0C240000000C390000000B0707756E6B6E6F776E110E0670746C6973740E036579650D066174747269620CFFFFFFFF04FF
310
FFFFFF0CFFFFFFFF0CFFFFFFFF0C25000000110D067665727465780CFFFFFFFF04FFFFFFFF0CFFFFFFFF0C2500000004020000000C3A000000110E0873747261696768740D0563757276650CFFFFFFFF04FFFFFFFF0CFFFFFFFF1300F0D96D7FB7903F601607BD8E469ABF000000000000000014657E06642EC4E6BF4D3CFC
310
2BD67CE63F00000000000000000B0B110D05706F696E740CFFFFFFFF04FFFFFFFF0CFFFFFFFF1300E00955F9B0883F601693B43EF595BF0000000000000000110E0670746C6973740E036579650D066174747269620CFFFFFFFF04FFFFFFFF0CFFFFFFFF0CFFFFFFFF0C2A000000110D067665727465780CFFFFFFFF04FFFF
310
FFFF0CFFFFFFFF0C2F00000004020000000C3B000000110E0873747261696768740D0563757276650CFFFFFFFF04FFFFFFFF0CFFFFFFFF1300F0FB87F4369B3F60163767CAF095BF000000000000000014BBACC7922CADE6BF800DDF3E0994E6BF00000000000000000B0B110D05706F696E740CFFFFFFFF04FFFFFFFF0CFF
310
FFFFFF1300F0FB87F4369B3F60163767CAF095BF0000000000000000110E0670746C6973740E036579650D066174747269620CFFFFFFFF04FFFFFFFF0CFFFFFFFF0CFFFFFFFF0C2F000000110E0873747261696768740D0563757276650CFFFFFFFF04FFFFFFFF0CFFFFFFFF1300F0F49C5CDC963F601607BD8E469ABF0000
310
000000000000143550FFFFFFFFEFBF000000000000B0BC00000000000000000B0B110D05706F696E740CFFFFFFFF04FFFFFFFF0CFFFFFFFF1300F0D96D7FB7903F601607BD8E469ABF0000000000000000110D05706F696E740CFFFFFFFF04FFFFFFFF0CFFFFFFFF1300F0F49C5CDC963F601607BD8E469ABF000000000000
310
0000110E03456E640E026F660E0341534D0D0464617461
  0
ACDSRECORD
 90
        0
  2
AcDbDs::ID
280
    10
320
45A
  2
ASM_Data
280
    15
 94
     3886
310
414349532042696E61727946696C652855000000000000020000000C00000007214F70656E2044657369676E20416C6C69616E63652041434953204275696C646572070E41434953203231382E3030204E540718576564204D61792032302032303A30363A3134203230323606000000000000F03F068DEDB5A0F7C6B03E06
310
BBBDD7D9DF7CDB3D0D0961736D6865616465720CFFFFFFFF04FFFFFFFF070D3232392E322E302E3635353335110D04626F64790C0200000004FFFFFFFF0CFFFFFFFF0C030000000CFFFFFFFF0CFFFFFFFF110E067265665F76740E036579650D066174747269620CFFFFFFFF04FFFFFFFF0CFFFFFFFF0CFFFFFFFF0C010000
310
000C040000000C05000000110D046C756D700C0600000004FFFFFFFF0CFFFFFFFF0CFFFFFFFF0C070000000C01000000110D0E6579655F726566696E656D656E740CFFFFFFFF04FFFFFFFF070567726964200401000000070374726904010000000704737572660400000000070361646A0400000000070467726164040000
310
00000709706F7374636865636B0400000000070473746F6C06000000008A86903F07046E746F6C060000000000003E4007046473696C0600000000000000000708666C61746E6573730600000000000000000707706978617265610600000000000000000704686D6178060000000000000000070667726964617206000000
310
000000000007056D6772696404B80B0000070575677269640400000000070576677269640400000000070A656E645F6669656C6473110D0F7665727465785F74656D706C6174650CFFFFFFFF04FFFFFFFF0403000000040000000004010000000408000000110E067265665F76740E036579650D066174747269620CFFFFFF
310
FF04FFFFFFFF0CFFFFFFFF0CFFFFFFFF0C030000000C040000000C05000000110D057368656C6C0C0800000004FFFFFFFF0CFFFFFFFF0CFFFFFFFF0CFFFFFFFF0C090000000CFFFFFFFF0C03000000110E067265665F76740E036579650D066174747269620CFFFFFFFF04FFFFFFFF0CFFFFFFFF0CFFFFFFFF0C070000000C
310
040000000C05000000110D04666163650C0A00000004FFFFFFFF0CFFFFFFFF0CFFFFFFFF0C0B0000000C070000000CFFFFFFFF0C0C0000000B0A0B110E05666D6573680E036579650D066174747269620CFFFFFFFF04FFFFFFFF0C0D0000000CFFFFFFFF0C09000000110D046C6F6F700CFFFFFFFF04FFFFFFFF0CFFFFFFFF
310
0CFFFFFFFF0C0E0000000C09000000110E05706C616E650D07737572666163650CFFFFFFFF04FFFFFFFF0CFFFFFFFF13000016B581C192BF0060A9D1F1E5C73F00000000000000001400000000000000000000000000000000000000000000F03F143550FFFFFFFFEF3F000000000000000000000000000000000B0B0B0B0B
310
110E067265665F76740E036579650D066174747269620CFFFFFFFF04FFFFFFFF0CFFFFFFFF0C0A0000000C090000000C040000000C05000000110D06636F656467650CFFFFFFFF04FFFFFFFF0CFFFFFFFF0C0F0000000C100000000CFFFFFFFF0C110000000A0C0B00000004000000000CFFFFFFFF110D06636F656467650C
310
FFFFFFFF04FFFFFFFF0CFFFFFFFF0C120000000C0E0000000CFFFFFFFF0C130000000A0C0B00000004000000000CFFFFFFFF110D06636F656467650CFFFFFFFF04FFFFFFFF0CFFFFFFFF0C0E0000000C140000000CFFFFFFFF0C150000000A0C0B00000004000000000CFFFFFFFF110D04656467650C1600000004FFFFFFFF
310
0CFFFFFFFF0C170000000600000000000000000C1800000006038768BC7493783F0C0E0000000C190000000B0707756E6B6E6F776E110D06636F656467650CFFFFFFFF04FFFFFFFF0CFFFFFFFF0C1A0000000C0F0000000CFFFFFFFF0C1B0000000A0C0B00000004000000000CFFFFFFFF110D04656467650C1C00000004FF
310
FFFFFF0CFFFFFFFF0C1D0000000600000000000000000C17000000063054684D549F783F0C0F0000000C1E0000000B0707756E6B6E6F776E110D06636F656467650CFFFFFFFF04FFFFFFFF0CFFFFFFFF0C100000000C1F0000000CFFFFFFFF0C200000000A0C0B00000004000000000CFFFFFFFF110D04656467650C210000
310
0004FFFFFFFF0CFFFFFFFF0C180000000600000000000000000C220000000644E174BC7493783F0C100000000C230000000B0707756E6B6E6F776E110E0670746C6973740E036579650D066174747269620CFFFFFFFF04FFFFFFFF0CFFFFFFFF0CFFFFFFFF0C11000000110D067665727465780CFFFFFFFF04FFFFFFFF0CFF
310
FFFFFF0C1100000004020000000C24000000110D067665727465780CFFFFFFFF04FFFFFFFF0CFFFFFFFF0C1100000004020000000C25000000110E0873747261696768740D0563757276650CFFFFFFFF04FFFFFFFF0CFFFFFFFF130000D6B3BE289ABF006052959983C73F00000000000000001400000000000000003450FF
310
FFFFFFEF3F00000000000000000B0B110D06636F656467650CFFFFFFFF04FFFFFFFF0CFFFFFFFF0C260000000C120000000CFFFFFFFF0C270000000A0C0B00000004000000000CFFFFFFFF110D04656467650C2800000004FFFFFFFF0CFFFFFFFF0C290000000600000000000000000C1D00000006038770BC7493783F0C12
310
0000000C2A0000000B0707756E6B6E6F776E110E0670746C6973740E036579650D066174747269620CFFFFFFFF04FFFFFFFF0CFFFFFFFF0CFFFFFFFF0C13000000110D067665727465780CFFFFFFFF04FFFFFFFF0CFFFFFFFF0C1300000004020000000C2B000000110E0873747261696768740D0563757276650CFFFFFFFF
310
04FFFFFFFF0CFFFFFFFF130000C63BDED095BF0060FDC603F8C63F0000000000000000145421E3EA1D94E6BFC84C9BFD17ADE63F00000000000000000B0B110D06636F656467650CFFFFFFFF04FFFFFFFF0CFFFFFFFF0C140000000C260000000CFFFFFFFF0C2C0000000A0C0B00000004000000000CFFFFFFFF110D046564
310
67650C2D00000004FFFFFFFF0CFFFFFFFF0C220000000600000000000000000C2E00000006028760BC7493783F0C140000000C2F0000000B0707756E6B6E6F776E110E0670746C6973740E036579650D066174747269620CFFFFFFFF04FFFFFFFF0CFFFFFFFF0CFFFFFFFF0C15000000110D067665727465780CFFFFFFFF04
310
FFFFFFFF0CFFFFFFFF0C2000000004020000000C30000000110E0873747261696768740D0563757276650CFFFFFFFF04FFFFFFFF0CFFFFFFFF130000D6B3BE289ABF00A0353B3548C83F000000000000000014863C6E5ED387E63F28F6A0614EB9E63F00000000000000000B0B110D05706F696E740CFFFFFFFF04FFFFFFFF
310
0CFFFFFFFF130000D6B3BE289ABF006052959983C73F0000000000000000110D05706F696E740CFFFFFFFF04FFFFFFFF0CFFFFFFFF130000D6B3BE289ABF00A0353B3548C83F0000000000000000110D06636F656467650CFFFFFFFF04FFFFFFFF0CFFFFFFFF0C1F0000000C1A0000000CFFFFFFFF0C310000000A0C0B0000
310
0004000000000CFFFFFFFF110D04656467650C3200000004FFFFFFFF0CFFFFFFFF0C330000000600000000000000000C2900000006B99A6FBC7493783F0C1A0000000C340000000B0707756E6B6E6F776E110E0670746C6973740E036579650D066174747269620CFFFFFFFF04FFFFFFFF0CFFFFFFFF0CFFFFFFFF0C1B0000
310
00110D067665727465780CFFFFFFFF04FFFFFFFF0CFFFFFFFF0C1B00000004020000000C35000000110E0873747261696768740D0563757276650CFFFFFFFF04FFFFFFFF0CFFFFFFFF130000541902588FBF0060FDC603F8C63F0000000000000000143450FFFFFFFFEFBF000000000000000000000000000000000B0B110D
310
05706F696E740CFFFFFFFF04FFFFFFFF0CFFFFFFFF130000C63BDED095BF0060FDC603F8C63F0000000000000000110D04656467650C3600000004FFFFFFFF0CFFFFFFFF0C2E0000000600000000000000000C3700000006464A72BC7493783F0C1F0000000C380000000B0707756E6B6E6F776E110E0670746C6973740E03
310
6579650D066174747269620CFFFFFFFF04FFFFFFFF0CFFFFFFFF0CFFFFFFFF0C20000000110D067665727465780CFFFFFFFF04FFFFFFFF0CFFFFFFFF0C2C00000004020000000C39000000110E0873747261696768740D0563757276650CFFFFFFFF04FFFFFFFF0CFFFFFFFF1300001E8952D595BF0040ACC2D2D3C83F0000
310
000000000000143550FFFFFFFFEF3F000000000000000000000000000000000B0B110D05706F696E740CFFFFFFFF04FFFFFFFF0CFFFFFFFF1300001E8952D595BF0040ACC2D2D3C83F0000000000000000110D04656467650C3A00000004FFFFFFFF0CFFFFFFFF0C370000000600000000000000000C330000000602876CBC
310
7493783F0C260000000C3B0000000B0707756E6B6E6F776E110E0670746C6973740E036579650D066174747269620CFFFFFFFF04FFFFFFFF0CFFFFFFFF0CFFFFFFFF0C27000000110D067665727465780CFFFFFFFF04FFFFFFFF0CFFFFFFFF0C2700000004020000000C3C000000110E0873747261696768740D0563757276
310
650CFFFFFFFF04FFFFFFFF0CFFFFFFFF1300006C0862B586BF0000681FE483C73F0000000000000000144E3CFC2BD67CE6BF647E06642EC4E6BF00000000000000000B0B110D05706F696E740CFFFFFFFF04FFFFFFFF0CFFFFFFFF130000541902588FBF0060FDC603F8C63F0000000000000000110E0670746C6973740E03
310
6579650D066174747269620CFFFFFFFF04FFFFFFFF0CFFFFFFFF0CFFFFFFFF0C2C000000110D067665727465780CFFFFFFFF04FFFFFFFF0CFFFFFFFF0C3100000004020000000C3D000000110E0873747261696768740D0563757276650CFFFFFFFF04FFFFFFFF0CFFFFFFFF1300000CB4EA608FBF0040ACC2D2D3C83F0000
310
000000000000147F0DDF3E0994E63FBCACC7922CADE6BF00000000000000000B0B110D05706F696E740CFFFFFFFF04FFFFFFFF0CFFFFFFFF1300000CB4EA608FBF0040ACC2D2D3C83F0000000000000000110E0670746C6973740E036579650D066174747269620CFFFFFFFF04FFFFFFFF0CFFFFFFFF0CFFFFFFFF0C310000
310
00110E0873747261696768740D0563757276650CFFFFFFFF04FFFFFFFF0CFFFFFFFF1300006C0862B586BF00604BC57F48C83F00000000000000001400000000000000003550FFFFFFFFEFBF00000000000000000B0B110D05706F696E740CFFFFFFFF04FFFFFFFF0CFFFFFFFF1300006C0862B586BF0000681FE483C73F00
310
00000000000000110D05706F696E740CFFFFFFFF04FFFFFFFF0CFFFFFFFF1300006C0862B586BF00604BC57F48C83F0000000000000000110E03456E640E026F660E0341534D0D0464617461
  0
ACDSRECORD
 90
        0
  2
AcDbDs::ID
280
    10
320
45F
  2
ASM_Data
280
    15
 94
     3886
310
414349532042696E61727946696C652855000000000000020000000C00000007214F70656E2044657369676E20416C6C69616E63652041434953204275696C646572070E41434953203231382E3030204E540718576564204D61792032302032303A30363A3134203230323606000000000000F03F068DEDB5A0F7C6B03E06
310
BBBDD7D9DF7CDB3D0D0961736D6865616465720CFFFFFFFF04FFFFFFFF070D3232392E322E302E3635353335110D04626F64790C0200000004FFFFFFFF0CFFFFFFFF0C030000000CFFFFFFFF0CFFFFFFFF110E067265665F76740E036579650D066174747269620CFFFFFFFF04FFFFFFFF0CFFFFFFFF0CFFFFFFFF0C010000
310
000C040000000C05000000110D046C756D700C0600000004FFFFFFFF0CFFFFFFFF0CFFFFFFFF0C070000000C01000000110D0E6579655F726566696E656D656E740CFFFFFFFF04FFFFFFFF070567726964200401000000070374726904010000000704737572660400000000070361646A0400000000070467726164040000
310
00000709706F7374636865636B0400000000070473746F6C06000000008A86903F07046E746F6C060000000000003E4007046473696C0600000000000000000708666C61746E6573730600000000000000000707706978617265610600000000000000000704686D6178060000000000000000070667726964617206000000
310
000000000007056D6772696404B80B0000070575677269640400000000070576677269640400000000070A656E645F6669656C6473110D0F7665727465785F74656D706C6174650CFFFFFFFF04FFFFFFFF0403000000040000000004010000000408000000110E067265665F76740E036579650D066174747269620CFFFFFF
310
FF04FFFFFFFF0CFFFFFFFF0CFFFFFFFF0C030000000C040000000C05000000110D057368656C6C0C0800000004FFFFFFFF0CFFFFFFFF0CFFFFFFFF0CFFFFFFFF0C090000000CFFFFFFFF0C03000000110E067265665F76740E036579650D066174747269620CFFFFFFFF04FFFFFFFF0CFFFFFFFF0CFFFFFFFF0C070000000C
310
040000000C05000000110D04666163650C0A00000004FFFFFFFF0CFFFFFFFF0CFFFFFFFF0C0B0000000C070000000CFFFFFFFF0C0C0000000B0A0B110E05666D6573680E036579650D066174747269620CFFFFFFFF04FFFFFFFF0C0D0000000CFFFFFFFF0C09000000110D046C6F6F700CFFFFFFFF04FFFFFFFF0CFFFFFFFF
310
0CFFFFFFFF0C0E0000000C09000000110E05706C616E650D07737572666163650CFFFFFFFF04FFFFFFFF0CFFFFFFFF130080F2626941C7BF0060A9D1F1E5C73F00000000000000001400000000000000000000000000000000000000000000F03F143550FFFFFFFFEFBF000000000000000000000000000000000A0B0B0B0B
310
110E067265665F76740E036579650D066174747269620CFFFFFFFF04FFFFFFFF0CFFFFFFFF0C0A0000000C090000000C040000000C05000000110D06636F656467650CFFFFFFFF04FFFFFFFF0CFFFFFFFF0C0F0000000C100000000CFFFFFFFF0C110000000B0C0B00000004000000000CFFFFFFFF110D06636F656467650C
310
FFFFFFFF04FFFFFFFF0CFFFFFFFF0C120000000C0E0000000CFFFFFFFF0C130000000B0C0B00000004000000000CFFFFFFFF110D06636F656467650CFFFFFFFF04FFFFFFFF0CFFFFFFFF0C0E0000000C140000000CFFFFFFFF0C150000000B0C0B00000004000000000CFFFFFFFF110D04656467650C1600000004FFFFFFFF
310
0CFFFFFFFF0C170000000600000000000000000C1800000006038768BC7493783F0C0E0000000C190000000B0707756E6B6E6F776E110D06636F656467650CFFFFFFFF04FFFFFFFF0CFFFFFFFF0C1A0000000C0F0000000CFFFFFFFF0C1B0000000B0C0B00000004000000000CFFFFFFFF110D04656467650C1C00000004FF
310
FFFFFF0CFFFFFFFF0C180000000600000000000000000C1D0000000644E174BC7493783F0C0F0000000C1E0000000B0707756E6B6E6F776E110D06636F656467650CFFFFFFFF04FFFFFFFF0CFFFFFFFF0C100000000C1F0000000CFFFFFFFF0C200000000B0C0B00000004000000000CFFFFFFFF110D04656467650C210000
310
0004FFFFFFFF0CFFFFFFFF0C220000000600000000000000000C17000000063054684D549F783F0C100000000C230000000B0707756E6B6E6F776E110E0670746C6973740E036579650D066174747269620CFFFFFFFF04FFFFFFFF0CFFFFFFFF0CFFFFFFFF0C11000000110D067665727465780CFFFFFFFF04FFFFFFFF0CFF
310
FFFFFF0C1100000004020000000C24000000110D067665727465780CFFFFFFFF04FFFFFFFF0CFFFFFFFF0C1100000004020000000C25000000110E0873747261696768740D0563757276650CFFFFFFFF04FFFFFFFF0CFFFFFFFF1300801AC38154C6BF006052959983C73F00000000000000001400000000000000003450FF
310
FFFFFFEF3F00000000000000000B0B110D06636F656467650CFFFFFFFF04FFFFFFFF0CFFFFFFFF0C260000000C120000000CFFFFFFFF0C270000000B0C0B00000004000000000CFFFFFFFF110D04656467650C2800000004FFFFFFFF0CFFFFFFFF0C1D0000000600000000000000000C2900000006038760BC7493783F0C12
310
0000000C2A0000000B0707756E6B6E6F776E110E0670746C6973740E036579650D066174747269620CFFFFFFFF04FFFFFFFF0CFFFFFFFF0CFFFFFFFF0C13000000110D067665727465780CFFFFFFFF04FFFFFFFF0CFFFFFFFF0C1B00000004020000000C2B000000110E0873747261696768740D0563757276650CFFFFFFFF
310
04FFFFFFFF0CFFFFFFFF1300801AC38154C6BF00A0353B3548C83F000000000000000014863C6E5ED387E6BF28F6A0614EB9E63F00000000000000000B0B110D06636F656467650CFFFFFFFF04FFFFFFFF0CFFFFFFFF0C140000000C260000000CFFFFFFFF0C2C0000000B0C0B00000004000000000CFFFFFFFF110D046564
310
67650C2D00000004FFFFFFFF0CFFFFFFFF0C2E0000000600000000000000000C2200000006028770BC7493783F0C140000000C2F0000000B0707756E6B6E6F776E110E0670746C6973740E036579650D066174747269620CFFFFFFFF04FFFFFFFF0CFFFFFFFF0CFFFFFFFF0C15000000110D067665727465780CFFFFFFFF04
310
FFFFFFFF0CFFFFFFFF0C1500000004020000000C30000000110E0873747261696768740D0563757276650CFFFFFFFF04FFFFFFFF0CFFFFFFFF1300801CD27DDFC6BF0060FDC603F8C63F0000000000000000145421E3EA1D94E63FC84C9BFD17ADE63F00000000000000000B0B110D05706F696E740CFFFFFFFF04FFFFFFFF
310
0CFFFFFFFF1300801AC38154C6BF006052959983C73F0000000000000000110D05706F696E740CFFFFFFFF04FFFFFFFF0CFFFFFFFF1300801AC38154C6BF00A0353B3548C83F0000000000000000110D06636F656467650CFFFFFFFF04FFFFFFFF0CFFFFFFFF0C1F0000000C1A0000000CFFFFFFFF0C310000000B0C0B0000
310
0004000000000CFFFFFFFF110D04656467650C3200000004FFFFFFFF0CFFFFFFFF0C290000000600000000000000000C3300000006464A72BC7493783F0C1A0000000C340000000B0707756E6B6E6F776E110E0670746C6973740E036579650D066174747269620CFFFFFFFF04FFFFFFFF0CFFFFFFFF0CFFFFFFFF0C1B0000
310
00110D067665727465780CFFFFFFFF04FFFFFFFF0CFFFFFFFF0C2700000004020000000C35000000110E0873747261696768740D0563757276650CFFFFFFFF04FFFFFFFF0CFFFFFFFF1300807148EFDEC6BF0040ACC2D2D3C83F0000000000000000143450FFFFFFFFEFBF000000000000000000000000000000000B0B110D
310
05706F696E740CFFFFFFFF04FFFFFFFF0CFFFFFFFF1300807148EFDEC6BF0040ACC2D2D3C83F0000000000000000110D04656467650C3600000004FFFFFFFF0CFFFFFFFF0C370000000600000000000000000C2E00000006B99A6FBC7493783F0C1F0000000C380000000B0707756E6B6E6F776E110E0670746C6973740E03
310
6579650D066174747269620CFFFFFFFF04FFFFFFFF0CFFFFFFFF0CFFFFFFFF0C20000000110D067665727465780CFFFFFFFF04FFFFFFFF0CFFFFFFFF0C2000000004020000000C39000000110E0873747261696768740D0563757276650CFFFFFFFF04FFFFFFFF0CFFFFFFFF130000007819A4C7BF0060FDC603F8C63F0000
310
000000000000143550FFFFFFFFEF3F000000000000000000000000000000000B0B110D05706F696E740CFFFFFFFF04FFFFFFFF0CFFFFFFFF1300801CD27DDFC6BF0060FDC603F8C63F0000000000000000110D04656467650C3A00000004FFFFFFFF0CFFFFFFFF0C330000000600000000000000000C370000000602876CBC
310
7493783F0C260000000C3B0000000B0707756E6B6E6F776E110E0670746C6973740E036579650D066174747269620CFFFFFFFF04FFFFFFFF0CFFFFFFFF0CFFFFFFFF0C27000000110D067665727465780CFFFFFFFF04FFFFFFFF0CFFFFFFFF0C3100000004020000000C3C000000110E0873747261696768740D0563757276
310
650CFFFFFFFF04FFFFFFFF0CFFFFFFFF13008054EE8AA3C7BF0040ACC2D2D3C83F0000000000000000147F0DDF3E0994E6BFBCACC7922CADE6BF00000000000000000B0B110D05706F696E740CFFFFFFFF04FFFFFFFF0CFFFFFFFF13008054EE8AA3C7BF0040ACC2D2D3C83F0000000000000000110E0670746C6973740E03
310
6579650D066174747269620CFFFFFFFF04FFFFFFFF0CFFFFFFFF0CFFFFFFFF0C2C000000110D067665727465780CFFFFFFFF04FFFFFFFF0CFFFFFFFF0C2C00000004020000000C3D000000110E0873747261696768740D0563757276650CFFFFFFFF04FFFFFFFF0CFFFFFFFF1300800E79432EC8BF0000681FE483C73F0000
310
000000000000144E3CFC2BD67CE63F647E06642EC4E6BF00000000000000000B0B110D05706F696E740CFFFFFFFF04FFFFFFFF0CFFFFFFFF130000007819A4C7BF0060FDC603F8C63F0000000000000000110E0670746C6973740E036579650D066174747269620CFFFFFFFF04FFFFFFFF0CFFFFFFFF0CFFFFFFFF0C310000
310
00110E0873747261696768740D0563757276650CFFFFFFFF04FFFFFFFF0CFFFFFFFF1300800E79432EC8BF00604BC57F48C83F00000000000000001400000000000000003550FFFFFFFFEFBF00000000000000000B0B110D05706F696E740CFFFFFFFF04FFFFFFFF0CFFFFFFFF1300800E79432EC8BF00604BC57F48C83F00
310
00000000000000110D05706F696E740CFFFFFFFF04FFFFFFFF0CFFFFFFFF1300800E79432EC8BF0000681FE483C73F0000000000000000110E03456E640E026F660E0341534D0D0464617461
  0
ACDSRECORD
 90
        0
  2
AcDbDs::ID
280
    10
320
462
  2
ASM_Data
280
    15
 94
     3886
310
414349532042696E61727946696C652855000000000000020000000C00000007214F70656E2044657369676E20416C6C69616E63652041434953204275696C646572070E41434953203231382E3030204E540718576564204D61792032302032303A30363A3134203230323606000000000000F03F068DEDB5A0F7C6B03E06
310
BBBDD7D9DF7CDB3D0D0961736D6865616465720CFFFFFFFF04FFFFFFFF070D3232392E322E302E3635353335110D04626F64790C0200000004FFFFFFFF0CFFFFFFFF0C030000000CFFFFFFFF0CFFFFFFFF110E067265665F76740E036579650D066174747269620CFFFFFFFF04FFFFFFFF0CFFFFFFFF0CFFFFFFFF0C010000
310
000C040000000C05000000110D046C756D700C0600000004FFFFFFFF0CFFFFFFFF0CFFFFFFFF0C070000000C01000000110D0E6579655F726566696E656D656E740CFFFFFFFF04FFFFFFFF070567726964200401000000070374726904010000000704737572660400000000070361646A0400000000070467726164040000
310
00000709706F7374636865636B0400000000070473746F6C06000000008A86903F07046E746F6C060000000000003E4007046473696C0600000000000000000708666C61746E6573730600000000000000000707706978617265610600000000000000000704686D6178060000000000000000070667726964617206000000
310
000000000007056D6772696404B80B0000070575677269640400000000070576677269640400000000070A656E645F6669656C6473110D0F7665727465785F74656D706C6174650CFFFFFFFF04FFFFFFFF0403000000040000000004010000000408000000110E067265665F76740E036579650D066174747269620CFFFFFF
310
FF04FFFFFFFF0CFFFFFFFF0CFFFFFFFF0C030000000C040000000C05000000110D057368656C6C0C0800000004FFFFFFFF0CFFFFFFFF0CFFFFFFFF0CFFFFFFFF0C090000000CFFFFFFFF0C03000000110E067265665F76740E036579650D066174747269620CFFFFFFFF04FFFFFFFF0CFFFFFFFF0CFFFFFFFF0C070000000C
310
040000000C05000000110D04666163650C0A00000004FFFFFFFF0CFFFFFFFF0CFFFFFFFF0C0B0000000C070000000CFFFFFFFF0C0C0000000B0A0B110E05666D6573680E036579650D066174747269620CFFFFFFFF04FFFFFFFF0C0D0000000CFFFFFFFF0C09000000110D046C6F6F700CFFFFFFFF04FFFFFFFF0CFFFFFFFF
310
0CFFFFFFFF0C0E0000000C09000000110E05706C616E650D07737572666163650CFFFFFFFF04FFFFFFFF0CFFFFFFFF13000016B581C192BF00006AF127948E3F00000000000000001400000000000000000000000000000000000000000000F03F143550FFFFFFFFEF3F000000000000000000000000000000000A0B0B0B0B
310
110E067265665F76740E036579650D066174747269620CFFFFFFFF04FFFFFFFF0CFFFFFFFF0C0A0000000C090000000C040000000C05000000110D06636F656467650CFFFFFFFF04FFFFFFFF0CFFFFFFFF0C0F0000000C100000000CFFFFFFFF0C110000000B0C0B00000004000000000CFFFFFFFF110D06636F656467650C
310
FFFFFFFF04FFFFFFFF0CFFFFFFFF0C120000000C0E0000000CFFFFFFFF0C130000000B0C0B00000004000000000CFFFFFFFF110D06636F656467650CFFFFFFFF04FFFFFFFF0CFFFFFFFF0C0E0000000C140000000CFFFFFFFF0C150000000B0C0B00000004000000000CFFFFFFFF110D04656467650C1600000004FFFFFFFF
310
0CFFFFFFFF0C170000000600000000000000000C1800000006028768BC7493783F0C0E0000000C190000000B0707756E6B6E6F776E110D06636F656467650CFFFFFFFF04FFFFFFFF0CFFFFFFFF0C1A0000000C0F0000000CFFFFFFFF0C1B0000000B0C0B00000004000000000CFFFFFFFF110D04656467650C1C00000004FF
310
FFFFFF0CFFFFFFFF0C180000000600000000000000000C1D0000000644E174BC7493783F0C0F0000000C1E0000000B0707756E6B6E6F776E110D06636F656467650CFFFFFFFF04FFFFFFFF0CFFFFFFFF0C100000000C1F0000000CFFFFFFFF0C200000000B0C0B00000004000000000CFFFFFFFF110D04656467650C210000
310
0004FFFFFFFF0CFFFFFFFF0C220000000600000000000000000C17000000063054684D549F783F0C100000000C230000000B0707756E6B6E6F776E110E0670746C6973740E036579650D066174747269620CFFFFFFFF04FFFFFFFF0CFFFFFFFF0CFFFFFFFF0C11000000110D067665727465780CFFFFFFFF04FFFFFFFF0CFF
310
FFFFFF0C1100000004020000000C24000000110D067665727465780CFFFFFFFF04FFFFFFFF0CFFFFFFFF0C1100000004020000000C25000000110E0873747261696768740D0563757276650CFFFFFFFF04FFFFFFFF0CFFFFFFFF130000D6B3BE289ABF00006DDBD55C923F00000000000000001400000000000000003550FF
310
FFFFFFEFBF00000000000000000B0B110D06636F656467650CFFFFFFFF04FFFFFFFF0CFFFFFFFF0C260000000C120000000CFFFFFFFF0C270000000B0C0B00000004000000000CFFFFFFFF110D04656467650C2800000004FFFFFFFF0CFFFFFFFF0C1D0000000600000000000000000C2900000006028760BC7493783F0C12
310
0000000C2A0000000B0707756E6B6E6F776E110E0670746C6973740E036579650D066174747269620CFFFFFFFF04FFFFFFFF0CFFFFFFFF0CFFFFFFFF0C13000000110D067665727465780CFFFFFFFF04FFFFFFFF0CFFFFFFFF0C1B00000004020000000C2B000000110E0873747261696768740D0563757276650CFFFFFFFF
310
04FFFFFFFF0CFFFFFFFF130000D6B3BE289ABF0000A658F16F883F000000000000000014863C6E5ED387E63F28F6A0614EB9E6BF00000000000000000B0B110D06636F656467650CFFFFFFFF04FFFFFFFF0CFFFFFFFF0C140000000C260000000CFFFFFFFF0C2C0000000B0C0B00000004000000000CFFFFFFFF110D046564
310
67650C2D00000004FFFFFFFF0CFFFFFFFF0C2E0000000600000000000000000C2200000006038770BC7493783F0C140000000C2F0000000B0707756E6B6E6F776E110E0670746C6973740E036579650D066174747269620CFFFFFFFF04FFFFFFFF0CFFFFFFFF0CFFFFFFFF0C15000000110D067665727465780CFFFFFFFF04
310
FFFFFFFF0CFFFFFFFF0C1500000004020000000C30000000110E0873747261696768740D0563757276650CFFFFFFFF04FFFFFFFF0CFFFFFFFF130000C63BDED095BF0000154E84B9963F0000000000000000145421E3EA1D94E6BFC84C9BFD17ADE6BF00000000000000000B0B110D05706F696E740CFFFFFFFF04FFFFFFFF
310
0CFFFFFFFF130000D6B3BE289ABF00006DDBD55C923F0000000000000000110D05706F696E740CFFFFFFFF04FFFFFFFF0CFFFFFFFF130000D6B3BE289ABF0000A658F16F883F0000000000000000110D06636F656467650CFFFFFFFF04FFFFFFFF0CFFFFFFFF0C1F0000000C1A0000000CFFFFFFFF0C310000000B0C0B0000
310
0004000000000CFFFFFFFF110D04656467650C3200000004FFFFFFFF0CFFFFFFFF0C290000000600000000000000000C3300000006464A72BC7493783F0C1A0000000C340000000B0707756E6B6E6F776E110E0670746C6973740E036579650D066174747269620CFFFFFFFF04FFFFFFFF0CFFFFFFFF0CFFFFFFFF0C1B0000
310
00110D067665727465780CFFFFFFFF04FFFFFFFF0CFFFFFFFF0C2700000004020000000C35000000110E0873747261696768740D0563757276650CFFFFFFFF04FFFFFFFF0CFFFFFFFF1300001E8952D595BF000078C2316C7F3F0000000000000000143550FFFFFFFFEF3F000000000000000000000000000000000B0B110D
310
05706F696E740CFFFFFFFF04FFFFFFFF0CFFFFFFFF1300001E8952D595BF000078C2316C7F3F0000000000000000110D04656467650C3600000004FFFFFFFF0CFFFFFFFF0C370000000600000000000000000C2E00000006B99A6FBC7493783F0C1F0000000C380000000B0707756E6B6E6F776E110E0670746C6973740E03
310
6579650D066174747269620CFFFFFFFF04FFFFFFFF0CFFFFFFFF0CFFFFFFFF0C20000000110D067665727465780CFFFFFFFF04FFFFFFFF0CFFFFFFFF0C2000000004020000000C39000000110E0873747261696768740D0563757276650CFFFFFFFF04FFFFFFFF0CFFFFFFFF130000541902588FBF0000154E84B9963F0000
310
000000000000143450FFFFFFFFEFBF000000000000000000000000000000000B0B110D05706F696E740CFFFFFFFF04FFFFFFFF0CFFFFFFFF130000C63BDED095BF0000154E84B9963F0000000000000000110D04656467650C3A00000004FFFFFFFF0CFFFFFFFF0C330000000600000000000000000C370000000603876CBC
310
7493783F0C260000000C3B0000000B0707756E6B6E6F776E110E0670746C6973740E036579650D066174747269620CFFFFFFFF04FFFFFFFF0CFFFFFFFF0CFFFFFFFF0C27000000110D067665727465780CFFFFFFFF04FFFFFFFF0CFFFFFFFF0C3100000004020000000C3C000000110E0873747261696768740D0563757276
310
650CFFFFFFFF04FFFFFFFF0CFFFFFFFF1300000CB4EA608FBF000078C2316C7F3F0000000000000000147F0DDF3E0994E63FBCACC7922CADE63F00000000000000000B0B110D05706F696E740CFFFFFFFF04FFFFFFFF0CFFFFFFFF1300000CB4EA608FBF000078C2316C7F3F0000000000000000110E0670746C6973740E03
310
6579650D066174747269620CFFFFFFFF04FFFFFFFF0CFFFFFFFF0CFFFFFFFF0C2C000000110D067665727465780CFFFFFFFF04FFFFFFFF0CFFFFFFFF0C2C00000004020000000C3D000000110E0873747261696768740D0563757276650CFFFFFFFF04FFFFFFFF0CFFFFFFFF1300006C0862B586BF0000C08A815A923F0000
310
000000000000144E3CFC2BD67CE6BF647E06642EC4E63F00000000000000000B0B110D05706F696E740CFFFFFFFF04FFFFFFFF0CFFFFFFFF130000541902588FBF0000154E84B9963F0000000000000000110E0670746C6973740E036579650D066174747269620CFFFFFFFF04FFFFFFFF0CFFFFFFFF0CFFFFFFFF0C310000
310
00110E0873747261696768740D0563757276650CFFFFFFFF04FFFFFFFF0CFFFFFFFF1300006C0862B586BF00004AB7486B883F00000000000000001400000000000000003450FFFFFFFFEF3F00000000000000000B0B110D05706F696E740CFFFFFFFF04FFFFFFFF0CFFFFFFFF1300006C0862B586BF00004AB7486B883F00
310
00000000000000110D05706F696E740CFFFFFFFF04FFFFFFFF0CFFFFFFFF1300006C0862B586BF0000C08A815A923F0000000000000000110E03456E640E026F660E0341534D0D0464617461
  0
ACDSRECORD
 90
        0
  2
AcDbDs::ID
280
    10
320
465
  2
ASM_Data
280
    15
 94
     3886
310
414349532042696E61727946696C652855000000000000020000000C00000007214F70656E2044657369676E20416C6C69616E63652041434953204275696C646572070E41434953203231382E3030204E540718576564204D61792032302032303A30363A3134203230323606000000000000F03F068DEDB5A0F7C6B03E06
310
BBBDD7D9DF7CDB3D0D0961736D6865616465720CFFFFFFFF04FFFFFFFF070D3232392E322E302E3635353335110D04626F64790C0200000004FFFFFFFF0CFFFFFFFF0C030000000CFFFFFFFF0CFFFFFFFF110E067265665F76740E036579650D066174747269620CFFFFFFFF04FFFFFFFF0CFFFFFFFF0CFFFFFFFF0C010000
310
000C040000000C05000000110D046C756D700C0600000004FFFFFFFF0CFFFFFFFF0CFFFFFFFF0C070000000C01000000110D0E6579655F726566696E656D656E740CFFFFFFFF04FFFFFFFF070567726964200401000000070374726904010000000704737572660400000000070361646A0400000000070467726164040000
310
00000709706F7374636865636B0400000000070473746F6C06000000008A86903F07046E746F6C060000000000003E4007046473696C0600000000000000000708666C61746E6573730600000000000000000707706978617265610600000000000000000704686D6178060000000000000000070667726964617206000000
310
000000000007056D6772696404B80B0000070575677269640400000000070576677269640400000000070A656E645F6669656C6473110D0F7665727465785F74656D706C6174650CFFFFFFFF04FFFFFFFF0403000000040000000004010000000408000000110E067265665F76740E036579650D066174747269620CFFFFFF
310
FF04FFFFFFFF0CFFFFFFFF0CFFFFFFFF0C030000000C040000000C05000000110D057368656C6C0C0800000004FFFFFFFF0CFFFFFFFF0CFFFFFFFF0CFFFFFFFF0C090000000CFFFFFFFF0C03000000110E067265665F76740E036579650D066174747269620CFFFFFFFF04FFFFFFFF0CFFFFFFFF0CFFFFFFFF0C070000000C
310
040000000C05000000110D04666163650C0A00000004FFFFFFFF0CFFFFFFFF0CFFFFFFFF0C0B0000000C070000000CFFFFFFFF0C0C0000000B0A0B110E05666D6573680E036579650D066174747269620CFFFFFFFF04FFFFFFFF0C0D0000000CFFFFFFFF0C09000000110D046C6F6F700CFFFFFFFF04FFFFFFFF0CFFFFFFFF
310
0CFFFFFFFF0C0E0000000C09000000110E05706C616E650D07737572666163650CFFFFFFFF04FFFFFFFF0CFFFFFFFF130080F2626941C7BF00006AF127948E3F00000000000000001400000000000000000000000000000000000000000000F03F143550FFFFFFFFEFBF000000000000000000000000000000000B0B0B0B0B
310
110E067265665F76740E036579650D066174747269620CFFFFFFFF04FFFFFFFF0CFFFFFFFF0C0A0000000C090000000C040000000C05000000110D06636F656467650CFFFFFFFF04FFFFFFFF0CFFFFFFFF0C0F0000000C100000000CFFFFFFFF0C110000000A0C0B00000004000000000CFFFFFFFF110D06636F656467650C
310
FFFFFFFF04FFFFFFFF0CFFFFFFFF0C120000000C0E0000000CFFFFFFFF0C130000000A0C0B00000004000000000CFFFFFFFF110D06636F656467650CFFFFFFFF04FFFFFFFF0CFFFFFFFF0C0E0000000C140000000CFFFFFFFF0C150000000A0C0B00000004000000000CFFFFFFFF110D04656467650C1600000004FFFFFFFF
310
0CFFFFFFFF0C170000000600000000000000000C1800000006028768BC7493783F0C0E0000000C190000000B0707756E6B6E6F776E110D06636F656467650CFFFFFFFF04FFFFFFFF0CFFFFFFFF0C1A0000000C0F0000000CFFFFFFFF0C1B0000000A0C0B00000004000000000CFFFFFFFF110D04656467650C1C00000004FF
310
FFFFFF0CFFFFFFFF0C1D0000000600000000000000000C17000000063054684D549F783F0C0F0000000C1E0000000B0707756E6B6E6F776E110D06636F656467650CFFFFFFFF04FFFFFFFF0CFFFFFFFF0C100000000C1F0000000CFFFFFFFF0C200000000A0C0B00000004000000000CFFFFFFFF110D04656467650C210000
310
0004FFFFFFFF0CFFFFFFFF0C180000000600000000000000000C220000000644E174BC7493783F0C100000000C230000000B0707756E6B6E6F776E110E0670746C6973740E036579650D066174747269620CFFFFFFFF04FFFFFFFF0CFFFFFFFF0CFFFFFFFF0C11000000110D067665727465780CFFFFFFFF04FFFFFFFF0CFF
310
FFFFFF0C1100000004020000000C24000000110D067665727465780CFFFFFFFF04FFFFFFFF0CFFFFFFFF0C1100000004020000000C25000000110E0873747261696768740D0563757276650CFFFFFFFF04FFFFFFFF0CFFFFFFFF1300801AC38154C6BF00006DDBD55C923F00000000000000001400000000000000003550FF
310
FFFFFFEFBF00000000000000000B0B110D06636F656467650CFFFFFFFF04FFFFFFFF0CFFFFFFFF0C260000000C120000000CFFFFFFFF0C270000000A0C0B00000004000000000CFFFFFFFF110D04656467650C2800000004FFFFFFFF0CFFFFFFFF0C290000000600000000000000000C1D00000006028770BC7493783F0C12
310
0000000C2A0000000B0707756E6B6E6F776E110E0670746C6973740E036579650D066174747269620CFFFFFFFF04FFFFFFFF0CFFFFFFFF0CFFFFFFFF0C13000000110D067665727465780CFFFFFFFF04FFFFFFFF0CFFFFFFFF0C1300000004020000000C2B000000110E0873747261696768740D0563757276650CFFFFFFFF
310
04FFFFFFFF0CFFFFFFFF1300801CD27DDFC6BF0000154E84B9963F0000000000000000145421E3EA1D94E63FC84C9BFD17ADE6BF00000000000000000B0B110D06636F656467650CFFFFFFFF04FFFFFFFF0CFFFFFFFF0C140000000C260000000CFFFFFFFF0C2C0000000A0C0B00000004000000000CFFFFFFFF110D046564
310
67650C2D00000004FFFFFFFF0CFFFFFFFF0C220000000600000000000000000C2E00000006038760BC7493783F0C140000000C2F0000000B0707756E6B6E6F776E110E0670746C6973740E036579650D066174747269620CFFFFFFFF04FFFFFFFF0CFFFFFFFF0CFFFFFFFF0C15000000110D067665727465780CFFFFFFFF04
310
FFFFFFFF0CFFFFFFFF0C2000000004020000000C30000000110E0873747261696768740D0563757276650CFFFFFFFF04FFFFFFFF0CFFFFFFFF1300801AC38154C6BF0000A658F16F883F000000000000000014863C6E5ED387E6BF28F6A0614EB9E6BF00000000000000000B0B110D05706F696E740CFFFFFFFF04FFFFFFFF
310
0CFFFFFFFF1300801AC38154C6BF00006DDBD55C923F0000000000000000110D05706F696E740CFFFFFFFF04FFFFFFFF0CFFFFFFFF1300801AC38154C6BF0000A658F16F883F0000000000000000110D06636F656467650CFFFFFFFF04FFFFFFFF0CFFFFFFFF0C1F0000000C1A0000000CFFFFFFFF0C310000000A0C0B0000
310
0004000000000CFFFFFFFF110D04656467650C3200000004FFFFFFFF0CFFFFFFFF0C330000000600000000000000000C2900000006B99A6FBC7493783F0C1A0000000C340000000B0707756E6B6E6F776E110E0670746C6973740E036579650D066174747269620CFFFFFFFF04FFFFFFFF0CFFFFFFFF0CFFFFFFFF0C1B0000
310
00110D067665727465780CFFFFFFFF04FFFFFFFF0CFFFFFFFF0C1B00000004020000000C35000000110E0873747261696768740D0563757276650CFFFFFFFF04FFFFFFFF0CFFFFFFFF130000007819A4C7BF0000154E84B9963F0000000000000000143550FFFFFFFFEF3F000000000000000000000000000000000B0B110D
310
05706F696E740CFFFFFFFF04FFFFFFFF0CFFFFFFFF1300801CD27DDFC6BF0000154E84B9963F0000000000000000110D04656467650C3600000004FFFFFFFF0CFFFFFFFF0C2E0000000600000000000000000C3700000006464A72BC7493783F0C1F0000000C380000000B0707756E6B6E6F776E110E0670746C6973740E03
310
6579650D066174747269620CFFFFFFFF04FFFFFFFF0CFFFFFFFF0CFFFFFFFF0C20000000110D067665727465780CFFFFFFFF04FFFFFFFF0CFFFFFFFF0C2C00000004020000000C39000000110E0873747261696768740D0563757276650CFFFFFFFF04FFFFFFFF0CFFFFFFFF1300807148EFDEC6BF000078C2316C7F3F0000
310
000000000000143450FFFFFFFFEFBF000000000000000000000000000000000B0B110D05706F696E740CFFFFFFFF04FFFFFFFF0CFFFFFFFF1300807148EFDEC6BF000078C2316C7F3F0000000000000000110D04656467650C3A00000004FFFFFFFF0CFFFFFFFF0C370000000600000000000000000C330000000603876CBC
310
7493783F0C260000000C3B0000000B0707756E6B6E6F776E110E0670746C6973740E036579650D066174747269620CFFFFFFFF04FFFFFFFF0CFFFFFFFF0CFFFFFFFF0C27000000110D067665727465780CFFFFFFFF04FFFFFFFF0CFFFFFFFF0C2700000004020000000C3C000000110E0873747261696768740D0563757276
310
650CFFFFFFFF04FFFFFFFF0CFFFFFFFF1300800E79432EC8BF0000C08A815A923F0000000000000000144E3CFC2BD67CE63F647E06642EC4E63F00000000000000000B0B110D05706F696E740CFFFFFFFF04FFFFFFFF0CFFFFFFFF130000007819A4C7BF0000154E84B9963F0000000000000000110E0670746C6973740E03
310
6579650D066174747269620CFFFFFFFF04FFFFFFFF0CFFFFFFFF0CFFFFFFFF0C2C000000110D067665727465780CFFFFFFFF04FFFFFFFF0CFFFFFFFF0C3100000004020000000C3D000000110E0873747261696768740D0563757276650CFFFFFFFF04FFFFFFFF0CFFFFFFFF13008054EE8AA3C7BF000078C2316C7F3F0000
310
000000000000147F0DDF3E0994E6BFBCACC7922CADE63F00000000000000000B0B110D05706F696E740CFFFFFFFF04FFFFFFFF0CFFFFFFFF13008054EE8AA3C7BF000078C2316C7F3F0000000000000000110E0670746C6973740E036579650D066174747269620CFFFFFFFF04FFFFFFFF0CFFFFFFFF0CFFFFFFFF0C310000
310
00110E0873747261696768740D0563757276650CFFFFFFFF04FFFFFFFF0CFFFFFFFF1300800E79432EC8BF00004AB7486B883F00000000000000001400000000000000003450FFFFFFFFEF3F00000000000000000B0B110D05706F696E740CFFFFFFFF04FFFFFFFF0CFFFFFFFF1300800E79432EC8BF0000C08A815A923F00
310
00000000000000110D05706F696E740CFFFFFFFF04FFFFFFFF0CFFFFFFFF1300800E79432EC8BF00004AB7486B883F0000000000000000110E03456E640E026F660E0341534D0D0464617461
  0
ACDSRECORD
 90
        0
  2
AcDbDs::ID
280
    10
320
4DE
  2
ASM_Data
280
    15
 94
     3886
310
414349532042696E61727946696C652855000000000000020000000C00000007214F70656E2044657369676E20416C6C69616E63652041434953204275696C646572070E41434953203231382E3030204E540718576564204D61792032302032303A30363A3134203230323606000000000000F03F068DEDB5A0F7C6B03E06
310
BBBDD7D9DF7CDB3D0D0961736D6865616465720CFFFFFFFF04FFFFFFFF070D3232392E322E302E3635353335110D04626F64790C0200000004FFFFFFFF0CFFFFFFFF0C030000000CFFFFFFFF0CFFFFFFFF110E067265665F76740E036579650D066174747269620CFFFFFFFF04FFFFFFFF0CFFFFFFFF0CFFFFFFFF0C010000
310
000C040000000C05000000110D046C756D700C0600000004FFFFFFFF0CFFFFFFFF0CFFFFFFFF0C070000000C01000000110D0E6579655F726566696E656D656E740CFFFFFFFF04FFFFFFFF070567726964200401000000070374726904010000000704737572660400000000070361646A0400000000070467726164040000
310
00000709706F7374636865636B0400000000070473746F6C06000000601BD86D3F07046E746F6C060000000000003E4007046473696C0600000000000000000708666C61746E6573730600000000000000000707706978617265610600000000000000000704686D6178060000000000000000070667726964617206000000
310
000000000007056D6772696404B80B0000070575677269640400000000070576677269640400000000070A656E645F6669656C6473110D0F7665727465785F74656D706C6174650CFFFFFFFF04FFFFFFFF0403000000040000000004010000000408000000110E067265665F76740E036579650D066174747269620CFFFFFF
310
FF04FFFFFFFF0CFFFFFFFF0CFFFFFFFF0C030000000C040000000C05000000110D057368656C6C0C0800000004FFFFFFFF0CFFFFFFFF0CFFFFFFFF0CFFFFFFFF0C090000000CFFFFFFFF0C03000000110E067265665F76740E036579650D066174747269620CFFFFFFFF04FFFFFFFF0CFFFFFFFF0CFFFFFFFF0C070000000C
310
040000000C05000000110D04666163650C0A00000004FFFFFFFF0CFFFFFFFF0CFFFFFFFF0C0B0000000C070000000CFFFFFFFF0C0C0000000B0A0B110E05666D6573680E036579650D066174747269620CFFFFFFFF04FFFFFFFF0C0D0000000CFFFFFFFF0C09000000110D046C6F6F700CFFFFFFFF04FFFFFFFF0CFFFFFFFF
310
0CFFFFFFFF0C0E0000000C09000000110E05706C616E650D07737572666163650CFFFFFFFF04FFFFFFFF0CFFFFFFFF13007CB15E80DDB6BF982FC2A174A3B63F00000000000000001400000000000000000000000000000000000000000000F03F143550FFFFFFFFAFBC3550FFFFFFFFEF3F00000000000000000B0B0B0B0B
310
110E067265665F76740E036579650D066174747269620CFFFFFFFF04FFFFFFFF0CFFFFFFFF0C0A0000000C090000000C040000000C05000000110D06636F656467650CFFFFFFFF04FFFFFFFF0CFFFFFFFF0C0F0000000C100000000CFFFFFFFF0C110000000A0C0B00000004000000000CFFFFFFFF110D06636F656467650C
310
FFFFFFFF04FFFFFFFF0CFFFFFFFF0C120000000C0E0000000CFFFFFFFF0C130000000A0C0B00000004000000000CFFFFFFFF110D06636F656467650CFFFFFFFF04FFFFFFFF0CFFFFFFFF0C0E0000000C140000000CFFFFFFFF0C150000000A0C0B00000004000000000CFFFFFFFF110D04656467650C1600000004FFFFFFFF
310
0CFFFFFFFF0C170000000600000000000000000C1800000006038768BC7493783F0C0E0000000C190000000B0707756E6B6E6F776E110D06636F656467650CFFFFFFFF04FFFFFFFF0CFFFFFFFF0C1A0000000C0F0000000CFFFFFFFF0C1B0000000A0C0B00000004000000000CFFFFFFFF110D04656467650C1C00000004FF
310
FFFFFF0CFFFFFFFF0C1D0000000600000000000000000C17000000063154684D549F783F0C0F0000000C1E0000000B0707756E6B6E6F776E110D06636F656467650CFFFFFFFF04FFFFFFFF0CFFFFFFFF0C100000000C1F0000000CFFFFFFFF0C200000000A0C0B00000004000000000CFFFFFFFF110D04656467650C210000
310
0004FFFFFFFF0CFFFFFFFF0C180000000600000000000000000C220000000646E174BC7493783F0C100000000C230000000B0707756E6B6E6F776E110E0670746C6973740E036579650D066174747269620CFFFFFFFF04FFFFFFFF0CFFFFFFFF0CFFFFFFFF0C11000000110D067665727465780CFFFFFFFF04FFFFFFFF0CFF
310
FFFFFF0C1100000004020000000C24000000110D067665727465780CFFFFFFFF04FFFFFFFF0CFFFFFFFF0C1100000004020000000C25000000110E0873747261696768740D0563757276650CFFFFFFFF04FFFFFFFF0CFFFFFFFF13007C03E6CF18B6BF982F1262A5C9B43F0000000000000000143450FFFFFFFFEFBF000000
310
000000B0BC00000000000000000B0B110D06636F656467650CFFFFFFFF04FFFFFFFF0CFFFFFFFF0C260000000C120000000CFFFFFFFF0C270000000A0C0B00000004000000000CFFFFFFFF110D04656467650C2800000004FFFFFFFF0CFFFFFFFF0C290000000600000000000000000C1D00000006028770BC7493783F0C12
310
0000000C2A0000000B0707756E6B6E6F776E110E0670746C6973740E036579650D066174747269620CFFFFFFFF04FFFFFFFF0CFFFFFFFF0CFFFFFFFF0C13000000110D067665727465780CFFFFFFFF04FFFFFFFF0CFFFFFFFF0C1300000004020000000C2B000000110E0873747261696768740D0563757276650CFFFFFFFF
310
04FFFFFFFF0CFFFFFFFF13007C5949A401B5BF982F16809DDFB53F000000000000000014C74C9BFD17ADE6BF5521E3EA1D94E6BF00000000000000000B0B110D06636F656467650CFFFFFFFF04FFFFFFFF0CFFFFFFFF0C140000000C260000000CFFFFFFFF0C2C0000000A0C0B00000004000000000CFFFFFFFF110D046564
310
67650C2D00000004FFFFFFFF0CFFFFFFFF0C220000000600000000000000000C2E00000006028760BC7493783F0C140000000C2F0000000B0707756E6B6E6F776E110E0670746C6973740E036579650D066174747269620CFFFFFFFF04FFFFFFFF0CFFFFFFFF0CFFFFFFFF0C15000000110D067665727465780CFFFFFFFF04
310
FFFFFFFF0CFFFFFFFF0C2000000004020000000C30000000110E0873747261696768740D0563757276650CFFFFFFFF04FFFFFFFF0CFFFFFFFF1300FCC93107A2B7BF982F1262A5C9B43F00000000000000001429F6A0614EB9E6BF853C6E5ED387E63F00000000000000000B0B110D05706F696E740CFFFFFFFF04FFFFFFFF
310
0CFFFFFFFF13007C03E6CF18B6BF982F1262A5C9B43F0000000000000000110D05706F696E740CFFFFFFFF04FFFFFFFF0CFFFFFFFF1300FCC93107A2B7BF982F1262A5C9B43F0000000000000000110D06636F656467650CFFFFFFFF04FFFFFFFF0CFFFFFFFF0C1F0000000C1A0000000CFFFFFFFF0C310000000A0C0B0000
310
0004000000000CFFFFFFFF110D04656467650C3200000004FFFFFFFF0CFFFFFFFF0C330000000600000000000000000C2900000006B99A6FBC7493783F0C1A0000000C340000000B0707756E6B6E6F776E110E0670746C6973740E036579650D066174747269620CFFFFFFFF04FFFFFFFF0CFFFFFFFF0CFFFFFFFF0C1B0000
310
00110D067665727465780CFFFFFFFF04FFFFFFFF0CFFFFFFFF0C1B00000004020000000C35000000110E0873747261696768740D0563757276650CFFFFFFFF04FFFFFFFF0CFFFFFFFF13007C5949A401B5BF982FDDCBD468B73F000000000000000014000000000000B03C3550FFFFFFFFEFBF00000000000000000B0B110D
310
05706F696E740CFFFFFFFF04FFFFFFFF0CFFFFFFFF13007C5949A401B5BF982F16809DDFB53F0000000000000000110D04656467650C3600000004FFFFFFFF0CFFFFFFFF0C2E0000000600000000000000000C3700000006474A72BC7493783F0C1F0000000C380000000B0707756E6B6E6F776E110E0670746C6973740E03
310
6579650D066174747269620CFFFFFFFF04FFFFFFFF0CFFFFFFFF0CFFFFFFFF0C20000000110D067665727465780CFFFFFFFF04FFFFFFFF0CFFFFFFFF0C2C00000004020000000C39000000110E0873747261696768740D0563757276650CFFFFFFFF04FFFFFFFF0CFFFFFFFF13003CB74042B9B8BF982FC06C80DEB53F0000
310
00000000000014000000000000B0BC3550FFFFFFFFEF3F00000000000000000B0B110D05706F696E740CFFFFFFFF04FFFFFFFF0CFFFFFFFF13003CB74042B9B8BF982FC06C80DEB53F0000000000000000110D04656467650C3A00000004FFFFFFFF0CFFFFFFFF0C370000000600000000000000000C330000000602876CBC
310
7493783F0C260000000C3B0000000B0707756E6B6E6F776E110E0670746C6973740E036579650D066174747269620CFFFFFFFF04FFFFFFFF0CFFFFFFFF0CFFFFFFFF0C27000000110D067665727465780CFFFFFFFF04FFFFFFFF0CFFFFFFFF0C2700000004020000000C3C000000110E0873747261696768740D0563757276
310
650CFFFFFFFF04FFFFFFFF0CFFFFFFFF1300BC2EFA6419B6BF982FFACD287DB83F000000000000000014657E06642EC4E63F4D3CFC2BD67CE6BF00000000000000000B0B110D05706F696E740CFFFFFFFF04FFFFFFFF0CFFFFFFFF13007C5949A401B5BF982FDDCBD468B73F0000000000000000110E0670746C6973740E03
310
6579650D066174747269620CFFFFFFFF04FFFFFFFF0CFFFFFFFF0CFFFFFFFF0C2C000000110D067665727465780CFFFFFFFF04FFFFFFFF0CFFFFFFFF0C3100000004020000000C3D000000110E0873747261696768740D0563757276650CFFFFFFFF04FFFFFFFF0CFFFFFFFF13003CB74042B9B8BF982F86B8B767B73F0000
310
00000000000014BBACC7922CADE63F800DDF3E0994E63F00000000000000000B0B110D05706F696E740CFFFFFFFF04FFFFFFFF0CFFFFFFFF13003CB74042B9B8BF982F86B8B767B73F0000000000000000110E0670746C6973740E036579650D066174747269620CFFFFFFFF04FFFFFFFF0CFFFFFFFF0CFFFFFFFF0C310000
310
00110E0873747261696768740D0563757276650CFFFFFFFF04FFFFFFFF0CFFFFFFFF13007CF5459CA2B7BF982FFACD287DB83F0000000000000000143550FFFFFFFFEF3F000000000000B03C00000000000000000B0B110D05706F696E740CFFFFFFFF04FFFFFFFF0CFFFFFFFF1300BC2EFA6419B6BF982FFACD287DB83F00
310
00000000000000110D05706F696E740CFFFFFFFF04FFFFFFFF0CFFFFFFFF13007CF5459CA2B7BF982FFACD287DB83F0000000000000000110E03456E640E026F660E0341534D0D0464617461
  0
ACDSRECORD
 90
        0
  2
AcDbDs::ID
280
    10
320
4E2
  2
ASM_Data
280
    15
 94
     3886
310
414349532042696E61727946696C652855000000000000020000000C00000007214F70656E2044657369676E20416C6C69616E63652041434953204275696C646572070E41434953203231382E3030204E540718576564204D61792032302032303A30363A3134203230323606000000000000F03F068DEDB5A0F7C6B03E06
310
BBBDD7D9DF7CDB3D0D0961736D6865616465720CFFFFFFFF04FFFFFFFF070D3232392E322E302E3635353335110D04626F64790C0200000004FFFFFFFF0CFFFFFFFF0C030000000CFFFFFFFF0CFFFFFFFF110E067265665F76740E036579650D066174747269620CFFFFFFFF04FFFFFFFF0CFFFFFFFF0CFFFFFFFF0C010000
310
000C040000000C05000000110D046C756D700C0600000004FFFFFFFF0CFFFFFFFF0CFFFFFFFF0C070000000C01000000110D0E6579655F726566696E656D656E740CFFFFFFFF04FFFFFFFF070567726964200401000000070374726904010000000704737572660400000000070361646A0400000000070467726164040000
310
00000709706F7374636865636B0400000000070473746F6C06000000601BD86D3F07046E746F6C060000000000003E4007046473696C0600000000000000000708666C61746E6573730600000000000000000707706978617265610600000000000000000704686D6178060000000000000000070667726964617206000000
310
000000000007056D6772696404B80B0000070575677269640400000000070576677269640400000000070A656E645F6669656C6473110D0F7665727465785F74656D706C6174650CFFFFFFFF04FFFFFFFF0403000000040000000004010000000408000000110E067265665F76740E036579650D066174747269620CFFFFFF
310
FF04FFFFFFFF0CFFFFFFFF0CFFFFFFFF0C030000000C040000000C05000000110D057368656C6C0C0800000004FFFFFFFF0CFFFFFFFF0CFFFFFFFF0CFFFFFFFF0C090000000CFFFFFFFF0C03000000110E067265665F76740E036579650D066174747269620CFFFFFFFF04FFFFFFFF0CFFFFFFFF0CFFFFFFFF0C070000000C
310
040000000C05000000110D04666163650C0A00000004FFFFFFFF0CFFFFFFFF0CFFFFFFFF0C0B0000000C070000000CFFFFFFFF0C0C0000000B0A0B110E05666D6573680E036579650D066174747269620CFFFFFFFF04FFFFFFFF0C0D0000000CFFFFFFFF0C09000000110D046C6F6F700CFFFFFFFF04FFFFFFFF0CFFFFFFFF
310
0CFFFFFFFF0C0E0000000C09000000110E05706C616E650D07737572666163650CFFFFFFFF04FFFFFFFF0CFFFFFFFF1300F0E4FFECC7933F982FC2A174A3B63F00000000000000001400000000000000000000000000000000000000000000F03F143550FFFFFFFFAF3C3550FFFFFFFFEF3F00000000000000000A0B0B0B0B
310
110E067265665F76740E036579650D066174747269620CFFFFFFFF04FFFFFFFF0CFFFFFFFF0C0A0000000C090000000C040000000C05000000110D06636F656467650CFFFFFFFF04FFFFFFFF0CFFFFFFFF0C0F0000000C100000000CFFFFFFFF0C110000000B0C0B00000004000000000CFFFFFFFF110D06636F656467650C
310
FFFFFFFF04FFFFFFFF0CFFFFFFFF0C120000000C0E0000000CFFFFFFFF0C130000000B0C0B00000004000000000CFFFFFFFF110D06636F656467650CFFFFFFFF04FFFFFFFF0CFFFFFFFF0C0E0000000C140000000CFFFFFFFF0C150000000B0C0B00000004000000000CFFFFFFFF110D04656467650C1600000004FFFFFFFF
310
0CFFFFFFFF0C170000000600000000000000000C1800000006038768BC7493783F0C0E0000000C190000000B0707756E6B6E6F776E110D06636F656467650CFFFFFFFF04FFFFFFFF0CFFFFFFFF0C1A0000000C0F0000000CFFFFFFFF0C1B0000000B0C0B00000004000000000CFFFFFFFF110D04656467650C1C00000004FF
310
FFFFFF0CFFFFFFFF0C180000000600000000000000000C1D0000000646E174BC7493783F0C0F0000000C1E0000000B0707756E6B6E6F776E110D06636F656467650CFFFFFFFF04FFFFFFFF0CFFFFFFFF0C100000000C1F0000000CFFFFFFFF0C200000000B0C0B00000004000000000CFFFFFFFF110D04656467650C210000
310
0004FFFFFFFF0CFFFFFFFF0C220000000600000000000000000C17000000063154684D549F783F0C100000000C230000000B0707756E6B6E6F776E110E0670746C6973740E036579650D066174747269620CFFFFFFFF04FFFFFFFF0CFFFFFFFF0CFFFFFFFF0C11000000110D067665727465780CFFFFFFFF04FFFFFFFF0CFF
310
FFFFFF0C1100000004020000000C24000000110D067665727465780CFFFFFFFF04FFFFFFFF0CFFFFFFFF0C1100000004020000000C25000000110E0873747261696768740D0563757276650CFFFFFFFF04FFFFFFFF0CFFFFFFFF1300F02C1D2BB5903F982F1262A5C9B43F0000000000000000143450FFFFFFFFEF3F000000
310
000000B0BC00000000000000000B0B110D06636F656467650CFFFFFFFF04FFFFFFFF0CFFFFFFFF0C260000000C120000000CFFFFFFFF0C270000000B0C0B00000004000000000CFFFFFFFF110D04656467650C2800000004FFFFFFFF0CFFFFFFFF0C1D0000000600000000000000000C2900000006028760BC7493783F0C12
310
0000000C2A0000000B0707756E6B6E6F776E110E0670746C6973740E036579650D066174747269620CFFFFFFFF04FFFFFFFF0CFFFFFFFF0CFFFFFFFF0C13000000110D067665727465780CFFFFFFFF04FFFFFFFF0CFFFFFFFF0C1B00000004020000000C2B000000110E0873747261696768740D0563757276650CFFFFFFFF
310
04FFFFFFFF0CFFFFFFFF1300F0464C08DA963F982F1262A5C9B43F00000000000000001429F6A0614EB9E63F853C6E5ED387E63F00000000000000000B0B110D06636F656467650CFFFFFFFF04FFFFFFFF0CFFFFFFFF0C140000000C260000000CFFFFFFFF0C2C0000000B0C0B00000004000000000CFFFFFFFF110D046564
310
67650C2D00000004FFFFFFFF0CFFFFFFFF0C2E0000000600000000000000000C2200000006028770BC7493783F0C140000000C2F0000000B0707756E6B6E6F776E110E0670746C6973740E036579650D066174747269620CFFFFFFFF04FFFFFFFF0CFFFFFFFF0CFFFFFFFF0C15000000110D067665727465780CFFFFFFFF04
310
FFFFFFFF0CFFFFFFFF0C1500000004020000000C30000000110E0873747261696768740D0563757276650CFFFFFFFF04FFFFFFFF0CFFFFFFFF1300E00955F9B0883F982F16809DDFB53F000000000000000014C74C9BFD17ADE63F5521E3EA1D94E6BF00000000000000000B0B110D05706F696E740CFFFFFFFF04FFFFFFFF
310
0CFFFFFFFF1300F02C1D2BB5903F982F1262A5C9B43F0000000000000000110D05706F696E740CFFFFFFFF04FFFFFFFF0CFFFFFFFF1300F0464C08DA963F982F1262A5C9B43F0000000000000000110D06636F656467650CFFFFFFFF04FFFFFFFF0CFFFFFFFF0C1F0000000C1A0000000CFFFFFFFF0C310000000B0C0B0000
310
0004000000000CFFFFFFFF110D04656467650C3200000004FFFFFFFF0CFFFFFFFF0C290000000600000000000000000C3300000006474A72BC7493783F0C1A0000000C340000000B0707756E6B6E6F776E110E0670746C6973740E036579650D066174747269620CFFFFFFFF04FFFFFFFF0CFFFFFFFF0CFFFFFFFF0C1B0000
310
00110D067665727465780CFFFFFFFF04FFFFFFFF0CFFFFFFFF0C2700000004020000000C35000000110E0873747261696768740D0563757276650CFFFFFFFF04FFFFFFFF0CFFFFFFFF1300F0FB87F4369B3F982FC06C80DEB53F000000000000000014000000000000B03C3550FFFFFFFFEF3F00000000000000000B0B110D
310
05706F696E740CFFFFFFFF04FFFFFFFF0CFFFFFFFF1300F0FB87F4369B3F982FC06C80DEB53F0000000000000000110D04656467650C3600000004FFFFFFFF0CFFFFFFFF0C370000000600000000000000000C2E00000006B99A6FBC7493783F0C1F0000000C380000000B0707756E6B6E6F776E110E0670746C6973740E03
310
6579650D066174747269620CFFFFFFFF04FFFFFFFF0CFFFFFFFF0CFFFFFFFF0C20000000110D067665727465780CFFFFFFFF04FFFFFFFF0CFFFFFFFF0C2000000004020000000C39000000110E0873747261696768740D0563757276650CFFFFFFFF04FFFFFFFF0CFFFFFFFF1300E00955F9B0883F982FDDCBD468B73F0000
310
00000000000014000000000000B0BC3550FFFFFFFFEFBF00000000000000000B0B110D05706F696E740CFFFFFFFF04FFFFFFFF0CFFFFFFFF1300E00955F9B0883F982F16809DDFB53F0000000000000000110D04656467650C3A00000004FFFFFFFF0CFFFFFFFF0C330000000600000000000000000C370000000602876CBC
310
7493783F0C260000000C3B0000000B0707756E6B6E6F776E110E0670746C6973740E036579650D066174747269620CFFFFFFFF04FFFFFFFF0CFFFFFFFF0CFFFFFFFF0C27000000110D067665727465780CFFFFFFFF04FFFFFFFF0CFFFFFFFF0C3100000004020000000C3C000000110E0873747261696768740D0563757276
310
650CFFFFFFFF04FFFFFFFF0CFFFFFFFF1300F0FB87F4369B3F982F86B8B767B73F000000000000000014BBACC7922CADE6BF800DDF3E0994E63F00000000000000000B0B110D05706F696E740CFFFFFFFF04FFFFFFFF0CFFFFFFFF1300F0FB87F4369B3F982F86B8B767B73F0000000000000000110E0670746C6973740E03
310
6579650D066174747269620CFFFFFFFF04FFFFFFFF0CFFFFFFFF0CFFFFFFFF0C2C000000110D067665727465780CFFFFFFFF04FFFFFFFF0CFFFFFFFF0C2C00000004020000000C3D000000110E0873747261696768740D0563757276650CFFFFFFFF04FFFFFFFF0CFFFFFFFF1300F0D96D7FB7903F982FFACD287DB83F0000
310
00000000000014657E06642EC4E6BF4D3CFC2BD67CE6BF00000000000000000B0B110D05706F696E740CFFFFFFFF04FFFFFFFF0CFFFFFFFF1300E00955F9B0883F982FDDCBD468B73F0000000000000000110E0670746C6973740E036579650D066174747269620CFFFFFFFF04FFFFFFFF0CFFFFFFFF0CFFFFFFFF0C310000
310
00110E0873747261696768740D0563757276650CFFFFFFFF04FFFFFFFF0CFFFFFFFF1300F0F49C5CDC963F982FFACD287DB83F0000000000000000143550FFFFFFFFEFBF000000000000B03C00000000000000000B0B110D05706F696E740CFFFFFFFF04FFFFFFFF0CFFFFFFFF1300F0F49C5CDC963F982FFACD287DB83F00
310
00000000000000110D05706F696E740CFFFFFFFF04FFFFFFFF0CFFFFFFFF1300F0D96D7FB7903F982FFACD287DB83F0000000000000000110E03456E640E026F660E0341534D0D0464617461
  0
ACDSRECORD
 90
        0
  2
AcDbDs::ID
280
    10
320
4E5
  2
ASM_Data
280
    15
 94
     3886
310
414349532042696E61727946696C652855000000000000020000000C00000007214F70656E2044657369676E20416C6C69616E63652041434953204275696C646572070E41434953203231382E3030204E540718576564204D61792032302032303A30363A3134203230323606000000000000F03F068DEDB5A0F7C6B03E06
310
BBBDD7D9DF7CDB3D0D0961736D6865616465720CFFFFFFFF04FFFFFFFF070D3232392E322E302E3635353335110D04626F64790C0200000004FFFFFFFF0CFFFFFFFF0C030000000CFFFFFFFF0CFFFFFFFF110E067265665F76740E036579650D066174747269620CFFFFFFFF04FFFFFFFF0CFFFFFFFF0CFFFFFFFF0C010000
310
000C040000000C05000000110D046C756D700C0600000004FFFFFFFF0CFFFFFFFF0CFFFFFFFF0C070000000C01000000110D0E6579655F726566696E656D656E740CFFFFFFFF04FFFFFFFF070567726964200401000000070374726904010000000704737572660400000000070361646A0400000000070467726164040000
310
00000709706F7374636865636B0400000000070473746F6C06000000601BD86D3F07046E746F6C060000000000003E4007046473696C0600000000000000000708666C61746E6573730600000000000000000707706978617265610600000000000000000704686D6178060000000000000000070667726964617206000000
310
000000000007056D6772696404B80B0000070575677269640400000000070576677269640400000000070A656E645F6669656C6473110D0F7665727465785F74656D706C6174650CFFFFFFFF04FFFFFFFF0403000000040000000004010000000408000000110E067265665F76740E036579650D066174747269620CFFFFFF
310
FF04FFFFFFFF0CFFFFFFFF0CFFFFFFFF0C030000000C040000000C05000000110D057368656C6C0C0800000004FFFFFFFF0CFFFFFFFF0CFFFFFFFF0CFFFFFFFF0C090000000CFFFFFFFF0C03000000110E067265665F76740E036579650D066174747269620CFFFFFFFF04FFFFFFFF0CFFFFFFFF0CFFFFFFFF0C070000000C
310
040000000C05000000110D04666163650C0A00000004FFFFFFFF0CFFFFFFFF0CFFFFFFFF0C0B0000000C070000000CFFFFFFFF0C0C0000000B0A0B110E05666D6573680E036579650D066174747269620CFFFFFFFF04FFFFFFFF0C0D0000000CFFFFFFFF0C09000000110D046C6F6F700CFFFFFFFF04FFFFFFFF0CFFFFFFFF
310
0CFFFFFFFF0C0E0000000C09000000110E05706C616E650D07737572666163650CFFFFFFFF04FFFFFFFF0CFFFFFFFF13007CB15E80DDB6BF6016270CBEDF92BF00000000000000001400000000000000000000000000000000000000000000F03F143550FFFFFFFFAFBC3550FFFFFFFFEFBF00000000000000000A0B0B0B0B
310
110E067265665F76740E036579650D066174747269620CFFFFFFFF04FFFFFFFF0CFFFFFFFF0C0A0000000C090000000C040000000C05000000110D06636F656467650CFFFFFFFF04FFFFFFFF0CFFFFFFFF0C0F0000000C100000000CFFFFFFFF0C110000000B0C0B00000004000000000CFFFFFFFF110D06636F656467650C
310
FFFFFFFF04FFFFFFFF0CFFFFFFFF0C120000000C0E0000000CFFFFFFFF0C130000000B0C0B00000004000000000CFFFFFFFF110D06636F656467650CFFFFFFFF04FFFFFFFF0CFFFFFFFF0C0E0000000C140000000CFFFFFFFF0C150000000B0C0B00000004000000000CFFFFFFFF110D04656467650C1600000004FFFFFFFF
310
0CFFFFFFFF0C170000000600000000000000000C1800000006038768BC7493783F0C0E0000000C190000000B0707756E6B6E6F776E110D06636F656467650CFFFFFFFF04FFFFFFFF0CFFFFFFFF0C1A0000000C0F0000000CFFFFFFFF0C1B0000000B0C0B00000004000000000CFFFFFFFF110D04656467650C1C00000004FF
310
FFFFFF0CFFFFFFFF0C180000000600000000000000000C1D0000000646E174BC7493783F0C0F0000000C1E0000000B0707756E6B6E6F776E110D06636F656467650CFFFFFFFF04FFFFFFFF0CFFFFFFFF0C100000000C1F0000000CFFFFFFFF0C200000000B0C0B00000004000000000CFFFFFFFF110D04656467650C210000
310
0004FFFFFFFF0CFFFFFFFF0C220000000600000000000000000C17000000063154684D549F783F0C100000000C230000000B0707756E6B6E6F776E110E0670746C6973740E036579650D066174747269620CFFFFFFFF04FFFFFFFF0CFFFFFFFF0CFFFFFFFF0C11000000110D067665727465780CFFFFFFFF04FFFFFFFF0CFF
310
FFFFFF0C1100000004020000000C24000000110D067665727465780CFFFFFFFF04FFFFFFFF0CFFFFFFFF0C1100000004020000000C25000000110E0873747261696768740D0563757276650CFFFFFFFF04FFFFFFFF0CFFFFFFFF13007C03E6CF18B6BFC02CCE1A02F186BF0000000000000000143450FFFFFFFFEFBF000000
310
000000B03C00000000000000000B0B110D06636F656467650CFFFFFFFF04FFFFFFFF0CFFFFFFFF0C260000000C120000000CFFFFFFFF0C270000000B0C0B00000004000000000CFFFFFFFF110D04656467650C2800000004FFFFFFFF0CFFFFFFFF0C1D0000000600000000000000000C2900000006028760BC7493783F0C12
310
0000000C2A0000000B0707756E6B6E6F776E110E0670746C6973740E036579650D066174747269620CFFFFFFFF04FFFFFFFF0CFFFFFFFF0CFFFFFFFF0C13000000110D067665727465780CFFFFFFFF04FFFFFFFF0CFFFFFFFF0C1B00000004020000000C2B000000110E0873747261696768740D0563757276650CFFFFFFFF
310
04FFFFFFFF0CFFFFFFFF1300FCC93107A2B7BFC02CCE1A02F186BF00000000000000001429F6A0614EB9E6BF853C6E5ED387E6BF00000000000000000B0B110D06636F656467650CFFFFFFFF04FFFFFFFF0CFFFFFFFF0C140000000C260000000CFFFFFFFF0C2C0000000B0C0B00000004000000000CFFFFFFFF110D046564
310
67650C2D00000004FFFFFFFF0CFFFFFFFF0C2E0000000600000000000000000C2200000006028770BC7493783F0C140000000C2F0000000B0707756E6B6E6F776E110E0670746C6973740E036579650D066174747269620CFFFFFFFF04FFFFFFFF0CFFFFFFFF0CFFFFFFFF0C15000000110D067665727465780CFFFFFFFF04
310
FFFFFFFF0CFFFFFFFF0C1500000004020000000C30000000110E0873747261696768740D0563757276650CFFFFFFFF04FFFFFFFF0CFFFFFFFF13007C5949A401B5BFC02CEE0AC3A08FBF000000000000000014C74C9BFD17ADE6BF5521E3EA1D94E63F00000000000000000B0B110D05706F696E740CFFFFFFFF04FFFFFFFF
310
0CFFFFFFFF13007C03E6CF18B6BFC02CCE1A02F186BF0000000000000000110D05706F696E740CFFFFFFFF04FFFFFFFF0CFFFFFFFF1300FCC93107A2B7BFC02CCE1A02F186BF0000000000000000110D06636F656467650CFFFFFFFF04FFFFFFFF0CFFFFFFFF0C1F0000000C1A0000000CFFFFFFFF0C310000000B0C0B0000
310
0004000000000CFFFFFFFF110D04656467650C3200000004FFFFFFFF0CFFFFFFFF0C290000000600000000000000000C3300000006474A72BC7493783F0C1A0000000C340000000B0707756E6B6E6F776E110E0670746C6973740E036579650D066174747269620CFFFFFFFF04FFFFFFFF0CFFFFFFFF0CFFFFFFFF0C1B0000
310
00110D067665727465780CFFFFFFFF04FFFFFFFF0CFFFFFFFF0C2700000004020000000C35000000110E0873747261696768740D0563757276650CFFFFFFFF04FFFFFFFF0CFFFFFFFF13003CB74042B9B8BFC02C3E70DA978FBF000000000000000014000000000000B0BC3550FFFFFFFFEFBF00000000000000000B0B110D
310
05706F696E740CFFFFFFFF04FFFFFFFF0CFFFFFFFF13003CB74042B9B8BFC02C3E70DA978FBF0000000000000000110D04656467650C3600000004FFFFFFFF0CFFFFFFFF0C370000000600000000000000000C2E00000006B99A6FBC7493783F0C1F0000000C380000000B0707756E6B6E6F776E110E0670746C6973740E03
310
6579650D066174747269620CFFFFFFFF04FFFFFFFF0CFFFFFFFF0CFFFFFFFF0C20000000110D067665727465780CFFFFFFFF04FFFFFFFF0CFFFFFFFF0C2000000004020000000C39000000110E0873747261696768740D0563757276650CFFFFFFFF04FFFFFFFF0CFFFFFFFF13007C5949A401B5BF601693B43EF595BF0000
310
00000000000014000000000000B03C3550FFFFFFFFEF3F00000000000000000B0B110D05706F696E740CFFFFFFFF04FFFFFFFF0CFFFFFFFF13007C5949A401B5BFC02CEE0AC3A08FBF0000000000000000110D04656467650C3A00000004FFFFFFFF0CFFFFFFFF0C330000000600000000000000000C370000000602876CBC
310
7493783F0C260000000C3B0000000B0707756E6B6E6F776E110E0670746C6973740E036579650D066174747269620CFFFFFFFF04FFFFFFFF0CFFFFFFFF0CFFFFFFFF0C27000000110D067665727465780CFFFFFFFF04FFFFFFFF0CFFFFFFFF0C3100000004020000000C3C000000110E0873747261696768740D0563757276
310
650CFFFFFFFF04FFFFFFFF0CFFFFFFFF13003CB74042B9B8BF60163767CAF095BF000000000000000014BBACC7922CADE63F800DDF3E0994E6BF00000000000000000B0B110D05706F696E740CFFFFFFFF04FFFFFFFF0CFFFFFFFF13003CB74042B9B8BF60163767CAF095BF0000000000000000110E0670746C6973740E03
310
6579650D066174747269620CFFFFFFFF04FFFFFFFF0CFFFFFFFF0CFFFFFFFF0C2C000000110D067665727465780CFFFFFFFF04FFFFFFFF0CFFFFFFFF0C2C00000004020000000C3D000000110E0873747261696768740D0563757276650CFFFFFFFF04FFFFFFFF0CFFFFFFFF1300BC2EFA6419B6BF601607BD8E469ABF0000
310
00000000000014657E06642EC4E63F4D3CFC2BD67CE63F00000000000000000B0B110D05706F696E740CFFFFFFFF04FFFFFFFF0CFFFFFFFF13007C5949A401B5BF601693B43EF595BF0000000000000000110E0670746C6973740E036579650D066174747269620CFFFFFFFF04FFFFFFFF0CFFFFFFFF0CFFFFFFFF0C310000
310
00110E0873747261696768740D0563757276650CFFFFFFFF04FFFFFFFF0CFFFFFFFF13007CF5459CA2B7BF601607BD8E469ABF0000000000000000143550FFFFFFFFEF3F000000000000B0BC00000000000000000B0B110D05706F696E740CFFFFFFFF04FFFFFFFF0CFFFFFFFF13007CF5459CA2B7BF601607BD8E469ABF00
310
00000000000000110D05706F696E740CFFFFFFFF04FFFFFFFF0CFFFFFFFF1300BC2EFA6419B6BF601607BD8E469ABF0000000000000000110E03456E640E026F660E0341534D0D0464617461
  0
ACDSRECORD
 90
        0
  2
AcDbDs::ID
280
    10
320
4E8
  2
ASM_Data
280
    15
 94
     3886
310
414349532042696E61727946696C652855000000000000020000000C00000007214F70656E2044657369676E20416C6C69616E63652041434953204275696C646572070E41434953203231382E3030204E540718576564204D61792032302032303A30363A3134203230323606000000000000F03F068DEDB5A0F7C6B03E06
310
BBBDD7D9DF7CDB3D0D0961736D6865616465720CFFFFFFFF04FFFFFFFF070D3232392E322E302E3635353335110D04626F64790C0200000004FFFFFFFF0CFFFFFFFF0C030000000CFFFFFFFF0CFFFFFFFF110E067265665F76740E036579650D066174747269620CFFFFFFFF04FFFFFFFF0CFFFFFFFF0CFFFFFFFF0C010000
310
000C040000000C05000000110D046C756D700C0600000004FFFFFFFF0CFFFFFFFF0CFFFFFFFF0C070000000C01000000110D0E6579655F726566696E656D656E740CFFFFFFFF04FFFFFFFF070567726964200401000000070374726904010000000704737572660400000000070361646A0400000000070467726164040000
310
00000709706F7374636865636B0400000000070473746F6C06000000601BD86D3F07046E746F6C060000000000003E4007046473696C0600000000000000000708666C61746E6573730600000000000000000707706978617265610600000000000000000704686D6178060000000000000000070667726964617206000000
310
000000000007056D6772696404B80B0000070575677269640400000000070576677269640400000000070A656E645F6669656C6473110D0F7665727465785F74656D706C6174650CFFFFFFFF04FFFFFFFF0403000000040000000004010000000408000000110E067265665F76740E036579650D066174747269620CFFFFFF
310
FF04FFFFFFFF0CFFFFFFFF0CFFFFFFFF0C030000000C040000000C05000000110D057368656C6C0C0800000004FFFFFFFF0CFFFFFFFF0CFFFFFFFF0CFFFFFFFF0C090000000CFFFFFFFF0C03000000110E067265665F76740E036579650D066174747269620CFFFFFFFF04FFFFFFFF0CFFFFFFFF0CFFFFFFFF0C070000000C
310
040000000C05000000110D04666163650C0A00000004FFFFFFFF0CFFFFFFFF0CFFFFFFFF0C0B0000000C070000000CFFFFFFFF0C0C0000000B0A0B110E05666D6573680E036579650D066174747269620CFFFFFFFF04FFFFFFFF0C0D0000000CFFFFFFFF0C09000000110D046C6F6F700CFFFFFFFF04FFFFFFFF0CFFFFFFFF
310
0CFFFFFFFF0C0E0000000C09000000110E05706C616E650D07737572666163650CFFFFFFFF04FFFFFFFF0CFFFFFFFF1300F0E4FFECC7933F6016270CBEDF92BF00000000000000001400000000000000000000000000000000000000000000F03F143550FFFFFFFFAF3C3550FFFFFFFFEFBF00000000000000000B0B0B0B0B
310
110E067265665F76740E036579650D066174747269620CFFFFFFFF04FFFFFFFF0CFFFFFFFF0C0A0000000C090000000C040000000C05000000110D06636F656467650CFFFFFFFF04FFFFFFFF0CFFFFFFFF0C0F0000000C100000000CFFFFFFFF0C110000000A0C0B00000004000000000CFFFFFFFF110D06636F656467650C
310
FFFFFFFF04FFFFFFFF0CFFFFFFFF0C120000000C0E0000000CFFFFFFFF0C130000000A0C0B00000004000000000CFFFFFFFF110D06636F656467650CFFFFFFFF04FFFFFFFF0CFFFFFFFF0C0E0000000C140000000CFFFFFFFF0C150000000A0C0B00000004000000000CFFFFFFFF110D04656467650C1600000004FFFFFFFF
310
0CFFFFFFFF0C170000000600000000000000000C1800000006038768BC7493783F0C0E0000000C190000000B0707756E6B6E6F776E110D06636F656467650CFFFFFFFF04FFFFFFFF0CFFFFFFFF0C1A0000000C0F0000000CFFFFFFFF0C1B0000000A0C0B00000004000000000CFFFFFFFF110D04656467650C1C00000004FF
310
FFFFFF0CFFFFFFFF0C1D0000000600000000000000000C17000000063154684D549F783F0C0F0000000C1E0000000B0707756E6B6E6F776E110D06636F656467650CFFFFFFFF04FFFFFFFF0CFFFFFFFF0C100000000C1F0000000CFFFFFFFF0C200000000A0C0B00000004000000000CFFFFFFFF110D04656467650C210000
310
0004FFFFFFFF0CFFFFFFFF0C180000000600000000000000000C220000000646E174BC7493783F0C100000000C230000000B0707756E6B6E6F776E110E0670746C6973740E036579650D066174747269620CFFFFFFFF04FFFFFFFF0CFFFFFFFF0CFFFFFFFF0C11000000110D067665727465780CFFFFFFFF04FFFFFFFF0CFF
310
FFFFFF0C1100000004020000000C24000000110D067665727465780CFFFFFFFF04FFFFFFFF0CFFFFFFFF0C1100000004020000000C25000000110E0873747261696768740D0563757276650CFFFFFFFF04FFFFFFFF0CFFFFFFFF1300F02C1D2BB5903FC02CCE1A02F186BF0000000000000000143450FFFFFFFFEF3F000000
310
000000B03C00000000000000000B0B110D06636F656467650CFFFFFFFF04FFFFFFFF0CFFFFFFFF0C260000000C120000000CFFFFFFFF0C270000000A0C0B00000004000000000CFFFFFFFF110D04656467650C2800000004FFFFFFFF0CFFFFFFFF0C290000000600000000000000000C1D00000006028770BC7493783F0C12
310
0000000C2A0000000B0707756E6B6E6F776E110E0670746C6973740E036579650D066174747269620CFFFFFFFF04FFFFFFFF0CFFFFFFFF0CFFFFFFFF0C13000000110D067665727465780CFFFFFFFF04FFFFFFFF0CFFFFFFFF0C1300000004020000000C2B000000110E0873747261696768740D0563757276650CFFFFFFFF
310
04FFFFFFFF0CFFFFFFFF1300E00955F9B0883FC02CEE0AC3A08FBF000000000000000014C74C9BFD17ADE63F5521E3EA1D94E63F00000000000000000B0B110D06636F656467650CFFFFFFFF04FFFFFFFF0CFFFFFFFF0C140000000C260000000CFFFFFFFF0C2C0000000A0C0B00000004000000000CFFFFFFFF110D046564
310
67650C2D00000004FFFFFFFF0CFFFFFFFF0C220000000600000000000000000C2E00000006028760BC7493783F0C140000000C2F0000000B0707756E6B6E6F776E110E0670746C6973740E036579650D066174747269620CFFFFFFFF04FFFFFFFF0CFFFFFFFF0CFFFFFFFF0C15000000110D067665727465780CFFFFFFFF04
310
FFFFFFFF0CFFFFFFFF0C2000000004020000000C30000000110E0873747261696768740D0563757276650CFFFFFFFF04FFFFFFFF0CFFFFFFFF1300F0464C08DA963FC02CCE1A02F186BF00000000000000001429F6A0614EB9E63F853C6E5ED387E6BF00000000000000000B0B110D05706F696E740CFFFFFFFF04FFFFFFFF
310
0CFFFFFFFF1300F02C1D2BB5903FC02CCE1A02F186BF0000000000000000110D05706F696E740CFFFFFFFF04FFFFFFFF0CFFFFFFFF1300F0464C08DA963FC02CCE1A02F186BF0000000000000000110D06636F656467650CFFFFFFFF04FFFFFFFF0CFFFFFFFF0C1F0000000C1A0000000CFFFFFFFF0C310000000A0C0B0000
310
0004000000000CFFFFFFFF110D04656467650C3200000004FFFFFFFF0CFFFFFFFF0C330000000600000000000000000C2900000006B99A6FBC7493783F0C1A0000000C340000000B0707756E6B6E6F776E110E0670746C6973740E036579650D066174747269620CFFFFFFFF04FFFFFFFF0CFFFFFFFF0CFFFFFFFF0C1B0000
310
00110D067665727465780CFFFFFFFF04FFFFFFFF0CFFFFFFFF0C1B00000004020000000C35000000110E0873747261696768740D0563757276650CFFFFFFFF04FFFFFFFF0CFFFFFFFF1300E00955F9B0883F601693B43EF595BF000000000000000014000000000000B0BC3550FFFFFFFFEF3F00000000000000000B0B110D
310
05706F696E740CFFFFFFFF04FFFFFFFF0CFFFFFFFF1300E00955F9B0883FC02CEE0AC3A08FBF0000000000000000110D04656467650C3600000004FFFFFFFF0CFFFFFFFF0C2E0000000600000000000000000C3700000006474A72BC7493783F0C1F0000000C380000000B0707756E6B6E6F776E110E0670746C6973740E03
310
6579650D066174747269620CFFFFFFFF04FFFFFFFF0CFFFFFFFF0CFFFFFFFF0C20000000110D067665727465780CFFFFFFFF04FFFFFFFF0CFFFFFFFF0C2C00000004020000000C39000000110E0873747261696768740D0563757276650CFFFFFFFF04FFFFFFFF0CFFFFFFFF1300F0FB87F4369B3FC02C3E70DA978FBF0000
310
00000000000014000000000000B03C3550FFFFFFFFEFBF00000000000000000B0B110D05706F696E740CFFFFFFFF04FFFFFFFF0CFFFFFFFF1300F0FB87F4369B3FC02C3E70DA978FBF0000000000000000110D04656467650C3A00000004FFFFFFFF0CFFFFFFFF0C370000000600000000000000000C330000000602876CBC
310
7493783F0C260000000C3B0000000B0707756E6B6E6F776E110E0670746C6973740E036579650D066174747269620CFFFFFFFF04FFFFFFFF0CFFFFFFFF0CFFFFFFFF0C27000000110D067665727465780CFFFFFFFF04FFFFFFFF0CFFFFFFFF0C2700000004020000000C3C000000110E0873747261696768740D0563757276
310
650CFFFFFFFF04FFFFFFFF0CFFFFFFFF1300F0D96D7FB7903F601607BD8E469ABF000000000000000014657E06642EC4E6BF4D3CFC2BD67CE63F00000000000000000B0B110D05706F696E740CFFFFFFFF04FFFFFFFF0CFFFFFFFF1300E00955F9B0883F601693B43EF595BF0000000000000000110E0670746C6973740E03
310
6579650D066174747269620CFFFFFFFF04FFFFFFFF0CFFFFFFFF0CFFFFFFFF0C2C000000110D067665727465780CFFFFFFFF04FFFFFFFF0CFFFFFFFF0C3100000004020000000C3D000000110E0873747261696768740D0563757276650CFFFFFFFF04FFFFFFFF0CFFFFFFFF1300F0FB87F4369B3F60163767CAF095BF0000
310
00000000000014BBACC7922CADE6BF800DDF3E0994E6BF00000000000000000B0B110D05706F696E740CFFFFFFFF04FFFFFFFF0CFFFFFFFF1300F0FB87F4369B3F60163767CAF095BF0000000000000000110E0670746C6973740E036579650D066174747269620CFFFFFFFF04FFFFFFFF0CFFFFFFFF0CFFFFFFFF0C310000
310
00110E0873747261696768740D0563757276650CFFFFFFFF04FFFFFFFF0CFFFFFFFF1300F0F49C5CDC963F601607BD8E469ABF0000000000000000143550FFFFFFFFEFBF000000000000B0BC00000000000000000B0B110D05706F696E740CFFFFFFFF04FFFFFFFF0CFFFFFFFF1300F0D96D7FB7903F601607BD8E469ABF00
310
00000000000000110D05706F696E740CFFFFFFFF04FFFFFFFF0CFFFFFFFF1300F0F49C5CDC963F601607BD8E469ABF0000000000000000110E03456E640E026F660E0341534D0D0464617461
  0
ENDSEC
  0
EOF
