  0
SECTION
  2
HEADER
  9
$ACADVER
  1
AC1027
  9
$ACADMAINTVER
 70
     8
  9
$DWGCODEPAGE
  3
ANSI_1251
  9
$REQUIREDVERSIONS
160
                 0
  9
$LASTSAVEDBY
  1
Autodesk
  9
$INSBASE
 10
0.0
 20
0.0
 30
0.0
  9
$EXTMIN
 10
111.697005
 20
73.477966
 30
-3.766972
  9
$EXTMAX
 10
178.842955
 20
147.153296
 30
0.0
  9
$LIMMIN
 10
0.0
 20
0.0
  9
$LIMMAX
 10
420.0
 20
297.0
  9
$ORTHOMODE
 70
     0
  9
$REGENMODE
 70
     1
  9
$FILLMODE
 70
     1
  9
$QTEXTMODE
 70
     0
  9
$MIRRTEXT
 70
     0
  9
$LTSCALE
 40
1.0
  9
$ATTMODE
 70
     1
  9
$TEXTSIZE
 40
2.5
  9
$TRACEWID
 40
1.0
  9
$TEXTSTYLE
  7
Standard
  9
$CLAYER
  8
0
  9
$CELTYPE
  6
ByLayer
  9
$CECOLOR
 62
   256
  9
$CELTSCALE
 40
1.0
  9
$DISPSILH
 70
     0
  9
$DIMSCALE
 40
1.0
  9
$DIMASZ
 40
2.5
  9
$DIMEXO
 40
0.5
  9
$DIMDLI
 40
6.0
  9
$DIMRND
 40
0.0
  9
$DIMDLE
 40
0.0
  9
$DIMEXE
 40
0.0
  9
$DIMTP
 40
0.0
  9
$DIMTM
 40
0.0
  9
$DIMTXT
 40
2.5
  9
$DIMCEN
 40
2.5
  9
$DIMTSZ
 40
0.0
  9
$DIMTOL
 70
     0
  9
$DIMLIM
 70
     0
  9
$DIMTIH
 70
     0
  9
$DIMTOH
 70
     1
  9
$DIMSE1
 70
     0
  9
$DIMSE2
 70
     0
  9
$DIMTAD
 70
     0
  9
$DIMZIN
 70
     0
  9
$DIMBLK
  1

  9
$DIMASO
 70
     1
  9
$DIMSHO
 70
     1
  9
$DIMPOST
  1

  9
$DIMAPOST
  1

  9
$DIMALT
 70
     0
  9
$DIMALTD
 70
     2
  9
$DIMALTF
 40
25.4
  9
$DIMLFAC
 40
1.0
  9
$DIMTOFL
 70
     0
  9
$DIMTVP
 40
0.0
  9
$DIMTIX
 70
     0
  9
$DIMSOXD
 70
     0
  9
$DIMSAH
 70
     0
  9
$DIMBLK1
  1

  9
$DIMBLK2
  1

  9
$DIMSTYLE
  2
Standard
  9
$DIMCLRD
 70
     0
  9
$DIMCLRE
 70
     0
  9
$DIMCLRT
 70
     0
  9
$DIMTFAC
 40
1.0
  9
$DIMGAP
 40
1.0
  9
$DIMJUST
 70
     0
  9
$DIMSD1
 70
     0
  9
$DIMSD2
 70
     0
  9
$DIMTOLJ
 70
     1
  9
$DIMTZIN
 70
     0
  9
$DIMALTZ
 70
     0
  9
$DIMALTTZ
 70
     0
  9
$DIMUPT
 70
     0
  9
$DIMDEC
 70
     4
  9
$DIMTDEC
 70
     4
  9
$DIMALTU
 70
     2
  9
$DIMALTTD
 70
     2
  9
$DIMTXSTY
  7
Standard
  9
$DIMAUNIT
 70
     0
  9
$DIMADEC
 70
     0
  9
$DIMALTRND
 40
0.0
  9
$DIMAZIN
 70
     0
  9
$DIMDSEP
 70
    46
  9
$DIMATFIT
 70
     3
  9
$DIMFRAC
 70
     0
  9
$DIMLDRBLK
  1

  9
$DIMLUNIT
 70
     2
  9
$DIMLWD
 70
    -2
  9
$DIMLWE
 70
    -2
  9
$DIMTMOVE
 70
     0
  9
$DIMFXL
 40
1.0
  9
$DIMFXLON
 70
     0
  9
$DIMJOGANG
 40
0.785398
  9
$DIMTFILL
 70
     0
  9
$DIMTFILLCLR
 70
     0
  9
$DIMARCSYM
 70
     0
  9
$DIMLTYPE
  6
ByLayer
  9
$DIMLTEX1
  6
ByLayer
  9
$DIMLTEX2
  6
ByLayer
  9
$DIMTXTDIRECTION
 70
     0
  9
$LUNITS
 70
     2
  9
$LUPREC
 70
     4
  9
$SKETCHINC
 40
1.0
  9
$FILLETRAD
 40
0.0
  9
$AUNITS
 70
     0
  9
$AUPREC
 70
     0
  9
$MENU
  1
.
  9
$ELEVATION
 40
0.0
  9
$PELEVATION
 40
0.0
  9
$THICKNESS
 40
0.0
  9
$LIMCHECK
 70
     0
  9
$CHAMFERA
 40
0.0
  9
$CHAMFERB
 40
0.0
  9
$CHAMFERC
 40
0.0
  9
$CHAMFERD
 40
0.0
  9
$SKPOLY
 70
     0
  9
$TDCREATE
 40
2454082.78338338
  9
$TDUCREATE
 40
2454082.90838338
  9
$TDUPDATE
 40
2461176.617153518
  9
$TDUUPDATE
 40
2461176.742153518
  9
$TDINDWG
 40
0.0105753588
  9
$TDUSRTIMER
 40
0.0105751736
  9
$USRTIMER
 70
     1
  9
$ANGBASE
 50
0.0
  9
$ANGDIR
 70
     0
  9
$PDMODE
 70
     0
  9
$PDSIZE
 40
0.0
  9
$PLINEWID
 40
0.0
  9
$SPLFRAME
 70
     0
  9
$SPLINETYPE
 70
     6
  9
$SPLINESEGS
 70
     8
  9
$HANDSEED
  5
589
  9
$SURFTAB1
 70
     6
  9
$SURFTAB2
 70
     6
  9
$SURFTYPE
 70
     6
  9
$SURFU
 70
     6
  9
$SURFV
 70
     6
  9
$UCSBASE
  2

  9
$UCSNAME
  2

  9
$UCSORG
 10
0.0
 20
0.0
 30
0.0
  9
$UCSXDIR
 10
1.0
 20
0.0
 30
0.0
  9
$UCSYDIR
 10
0.0
 20
1.0
 30
0.0
  9
$UCSORTHOREF
  2

  9
$UCSORTHOVIEW
 70
     0
  9
$UCSORGTOP
 10
0.0
 20
0.0
 30
0.0
  9
$UCSORGBOTTOM
 10
0.0
 20
0.0
 30
0.0
  9
$UCSORGLEFT
 10
0.0
 20
0.0
 30
0.0
  9
$UCSORGRIGHT
 10
0.0
 20
0.0
 30
0.0
  9
$UCSORGFRONT
 10
0.0
 20
0.0
 30
0.0
  9
$UCSORGBACK
 10
0.0
 20
0.0
 30
0.0
  9
$PUCSBASE
  2

  9
$PUCSNAME
  2

  9
$PUCSORG
 10
0.0
 20
0.0
 30
0.0
  9
$PUCSXDIR
 10
1.0
 20
0.0
 30
0.0
  9
$PUCSYDIR
 10
0.0
 20
1.0
 30
0.0
  9
$PUCSORTHOREF
  2

  9
$PUCSORTHOVIEW
 70
     0
  9
$PUCSORGTOP
 10
0.0
 20
0.0
 30
0.0
  9
$PUCSORGBOTTOM
 10
0.0
 20
0.0
 30
0.0
  9
$PUCSORGLEFT
 10
0.0
 20
0.0
 30
0.0
  9
$PUCSORGRIGHT
 10
0.0
 20
0.0
 30
0.0
  9
$PUCSORGFRONT
 10
0.0
 20
0.0
 30
0.0
  9
$PUCSORGBACK
 10
0.0
 20
0.0
 30
0.0
  9
$USERI1
 70
     0
  9
$USERI2
 70
     0
  9
$USERI3
 70
     0
  9
$USERI4
 70
     0
  9
$USERI5
 70
     0
  9
$USERR1
 40
0.0
  9
$USERR2
 40
0.0
  9
$USERR3
 40
0.0
  9
$USERR4
 40
0.0
  9
$USERR5
 40
0.0
  9
$WORLDVIEW
 70
     1
  9
$SHADEDGE
 70
     3
  9
$SHADEDIF
 70
    70
  9
$TILEMODE
 70
     1
  9
$MAXACTVP
 70
    64
  9
$PINSBASE
 10
0.0
 20
0.0
 30
0.0
  9
$PLIMCHECK
 70
     0
  9
$PEXTMIN
 10
0.0
 20
0.0
 30
0.0
  9
$PEXTMAX
 10
0.0
 20
0.0
 30
0.0
  9
$PLIMMIN
 10
-20.0
 20
-7.5
  9
$PLIMMAX
 10
277.0
 20
202.5
  9
$UNITMODE
 70
     0
  9
$VISRETAIN
 70
     1
  9
$PLINEGEN
 70
     0
  9
$PSLTSCALE
 70
     0
  9
$TREEDEPTH
 70
  3020
  9
$CMLSTYLE
  2
Standard
  9
$CMLJUST
 70
     0
  9
$CMLSCALE
 40
20.0
  9
$PROXYGRAPHICS
 70
     1
  9
$MEASUREMENT
 70
     1
  9
$CELWEIGHT
370
    -1
  9
$ENDCAPS
280
     0
  9
$JOINSTYLE
280
     0
  9
$LWDISPLAY
290
     1
  9
$INSUNITS
 70
     4
  9
$HYPERLINKBASE
  1

  9
$STYLESHEET
  1

  9
$XEDIT
290
     1
  9
$CEPSNTYPE
380
     0
  9
$PSTYLEMODE
290
     1
  9
$FINGERPRINTGUID
  2
{78B0F746-B111-4909-95E5-2EF5CBA97683}
  9
$VERSIONGUID
  2
{88884FFE-1838-4093-901C-E4DA6EFB818F}
  9
$EXTNAMES
290
     1
  9
$PSVPSCALE
 40
0.0
  9
$OLESTARTUP
290
     0
  9
$SORTENTS
280
   127
  9
$INDEXCTL
280
     0
  9
$HIDETEXT
280
     1
  9
$XCLIPFRAME
280
     0
  9
$HALOGAP
280
     0
  9
$OBSCOLOR
 70
   257
  9
$OBSLTYPE
280
     0
  9
$INTERSECTIONDISPLAY
280
     0
  9
$INTERSECTIONCOLOR
 70
   257
  9
$DIMASSOC
280
     2
  9
$PROJECTNAME
  1

  9
$CAMERADISPLAY
290
     0
  9
$LENSLENGTH
 40
50.0
  9
$CAMERAHEIGHT
 40
0.0
  9
$STEPSPERSEC
 40
2.0
  9
$STEPSIZE
 40
6.0
  9
$3DDWFPREC
 40
2.0
  9
$PSOLWIDTH
 40
5.0
  9
$PSOLHEIGHT
 40
80.0
  9
$LOFTANG1
 40
1.570796
  9
$LOFTANG2
 40
1.570796
  9
$LOFTMAG1
 40
0.0
  9
$LOFTMAG2
 40
0.0
  9
$LOFTPARAM
 70
     7
  9
$LOFTNORMALS
280
     1
  9
$LATITUDE
 40
37.795
  9
$LONGITUDE
 40
-122.394
  9
$NORTHDIRECTION
 40
0.0
  9
$TIMEZONE
 70
 -8000
  9
$LIGHTGLYPHDISPLAY
280
     1
  9
$TILEMODELIGHTSYNCH
280
     1
  9
$CMATERIAL
347
EC
  9
$SOLIDHIST
280
     1
  9
$SHOWHIST
280
     1
  9
$DWFFRAME
280
     2
  9
$DGNFRAME
280
     0
  9
$REALWORLDSCALE
290
     1
  9
$INTERFERECOLOR
 62
     1
  9
$CSHADOW
280
     0
  9
$SHADOWPLANELOCATION
 40
0.0
  0
ENDSEC
  0
SECTION
  2
CLASSES
  0
CLASS
  1
ACDBDICTIONARYWDFLT
  2
AcDbDictionaryWithDefault
  3
ObjectDBX Classes
 90
        0
 91
       12
280
     0
281
     0
  0
CLASS
  1
ACDBPLACEHOLDER
  2
AcDbPlaceHolder
  3
ObjectDBX Classes
 90
        0
 91
        1
280
     0
281
     0
  0
CLASS
  1
LAYOUT
  2
AcDbLayout
  3
ObjectDBX Classes
 90
        0
 91
        1
280
     0
281
     0
  0
CLASS
  1
DICTIONARYVAR
  2
AcDbDictionaryVar
  3
ObjectDBX Classes
 90
        0
 91
        9
280
     0
281
     0
  0
CLASS
  1
TABLESTYLE
  2
AcDbTableStyle
  3
ObjectDBX Classes
 90
     4095
 91
        9
280
     0
281
     0
  0
CLASS
  1
MATERIAL
  2
AcDbMaterial
  3
ObjectDBX Classes
 90
     1153
 91
       11
280
     0
281
     0
  0
CLASS
  1
VISUALSTYLE
  2
AcDbVisualStyle
  3
ObjectDBX Classes
 90
     4095
 91
       11
280
     0
281
     0
  0
CLASS
  1
SCALE
  2
AcDbScale
  3
ObjectDBX Classes
 90
     1153
 91
       11
280
     0
281
     0
  0
CLASS
  1
MLEADERSTYLE
  2
AcDbMLeaderStyle
  3
ACDB_MLEADERSTYLE_CLASS
 90
     4095
 91
        8
280
     0
281
     0
  0
CLASS
  1
CELLSTYLEMAP
  2
AcDbCellStyleMap
  3
ObjectDBX Classes
 90
     1152
 91
        8
280
     0
281
     0
  0
CLASS
  1
EXACXREFPANELOBJECT
  2
ExAcXREFPanelObject
  3
EXAC_ESW
 90
     1025
 91
        1
280
     1
281
     0
  0
CLASS
  1
NPOCOLLECTION
  2
AcDbImpNonPersistentObjectsCollection
  3
ObjectDBX Classes
 90
     1153
 91
        1
280
     1
281
     0
  0
CLASS
  1
LAYER_INDEX
  2
AcDbLayerIndex
  3
ObjectDBX Classes
 90
        0
 91
        8
280
     0
281
     0
  0
CLASS
  1
SPATIAL_INDEX
  2
AcDbSpatialIndex
  3
AutoCAD 2000
 90
        0
 91
        8
280
     0
281
     0
  0
CLASS
  1
IDBUFFER
  2
AcDbIdBuffer
  3
ObjectDBX Classes
 90
        0
 91
        8
280
     0
281
     0
  0
CLASS
  1
Wall
  2
PtDbWall
  3
NanoSPDS
 90
      893
 91
        1
280
     1
281
     1
  0
CLASS
  1
SORTENTSTABLE
  2
AcDbSortentsTable
  3
ObjectDBX Classes
 90
        0
 91
        9
280
     0
281
     0
  0
CLASS
  1
Format
  2
mcsDbObjectFormat
  3
NanoSPDS
 90
      893
 91
        1
280
     1
281
     1
  0
CLASS
  1
NOTEPOSITION
  2
mcsDbObjectNotePosition
  3
NanoSPDS
 90
      893
 91
        7
280
     0
281
     1
  0
CLASS
  1
mcsDbObject
  2
mcsDbObject
  3
NanoSPDS
 90
      893
 91
       24
280
     0
281
     1
  0
CLASS
  1
McDbContainer2
  2
McDbContainer2
  3
NanoSPDS
 90
      893
 91
        7
280
     0
281
     0
  0
CLASS
  1
spdsLevelMark
  2
mcsDbObjectLevelMark
  3
NanoSPDS
 90
      893
 91
        1
280
     1
281
     1
  0
CLASS
  1
spdsRelationMark
  2
mcsDbObjectRelationMark
  3
NanoSPDS
 90
      893
 91
        1
280
     1
281
     1
  0
CLASS
  1
LAYOUTPRINTCONFIG
  2
CAcLayoutPrintConfig
  3
"CSD_APP"
 90
     4095
 91
        7
280
     0
281
     1
  0
CLASS
  1
SUN
  2
AcDbSun
  3
SCENEOE
 90
     1153
 91
       11
280
     0
281
     0
  0
ENDSEC
  0
SECTION
  2
TABLES
  0
TABLE
  2
VPORT
  5
8
330
0
100
AcDbSymbolTable
 70
     1
  0
VPORT
  5
EA
330
8
100
AcDbSymbolTableRecord
100
AcDbViewportTableRecord
  2
*Active
 70
     0
 10
0.0
 20
0.0
 11
1.0
 21
1.0
 12
-54.812665
 22
-38.531024
 13
0.0
 23
0.0
 14
10.0
 24
10.0
 15
10.0
 25
10.0
 16
0.0
 26
0.0
 36
1.0
 17
210.0
 27
148.5
 37
0.0
 40
75.148836
 41
2.635379
 42
50.0
 43
0.0
 44
0.0
 50
0.0
 51
0.0
 71
    16
 72
  1000
 73
     1
 74
     3
 75
     0
 76
     0
 77
     0
 78
     0
281
     0
 65
     1
110
0.0
120
0.0
130
0.0
111
1.0
121
0.0
131
0.0
112
0.0
122
1.0
132
0.0
 79
     0
146
0.0
 60
     2
 61
     5
292
     1
282
     1
141
0.0
142
0.0
 63
   250
421
  3355443
361
364
  0
ENDTAB
  0
TABLE
  2
LTYPE
  5
5
330
0
100
AcDbSymbolTable
 70
     2
  0
LTYPE
  5
14
330
5
100
AcDbSymbolTableRecord
100
AcDbLinetypeTableRecord
  2
ByBlock
 70
     0
  3

 72
    65
 73
     0
 40
0.0
  0
LTYPE
  5
15
330
5
100
AcDbSymbolTableRecord
100
AcDbLinetypeTableRecord
  2
ByLayer
 70
     0
  3

 72
    65
 73
     0
 40
0.0
  0
LTYPE
  5
16
330
5
100
AcDbSymbolTableRecord
100
AcDbLinetypeTableRecord
  2
Continuous
 70
     0
  3
Solid line
 72
    65
 73
     0
 40
0.0
  0
LTYPE
  5
371
330
5
100
AcDbSymbolTableRecord
100
AcDbLinetypeTableRecord
  2
JIS_02_1.2
 70
     0
  3
HIDDEN01.25  _ _ _ _ _ _ _ _ _ _ _ _ _ _ _ _ _
 72
    65
 73
     2
 40
2.5
 49
1.25
 74
     0
 49
-1.25
 74
     0
  0
ENDTAB
  0
TABLE
  2
LAYER
  5
2
102
{ACAD_XDICTIONARY
360
581
102
}
330
0
100
AcDbSymbolTable
 70
     8
  0
LAYER
  5
10
330
2
100
AcDbSymbolTableRecord
100
AcDbLayerTableRecord
  2
0
 70
     0
 62
     7
  6
Continuous
370
    -3
390
F
347
EE
348
0
  0
LAYER
  5
22D
330
2
100
AcDbSymbolTableRecord
100
AcDbLayerTableRecord
  2
Defpoints
 70
     0
 62
     7
  6
Continuous
290
     0
370
    -3
390
F
347
EE
348
0
  0
LAYER
  5
366
330
2
100
AcDbSymbolTableRecord
100
AcDbLayerTableRecord
  2
01-MUROS EXTERIORES
 70
     0
 62
     6
  6
Continuous
370
    -3
390
F
347
EE
348
0
1001
AcAecLayerStandard
1000

1000

1001
AcCmTransparency
1071
        0
  0
LAYER
  5
36C
330
2
100
AcDbSymbolTableRecord
100
AcDbLayerTableRecord
  2
02-MUROS INTERIORES
 70
     0
 62
     6
  6
Continuous
370
    -3
390
F
347
EE
348
0
1001
AcAecLayerStandard
1000

1000

1001
AcCmTransparency
1071
        0
  0
LAYER
  5
36D
330
2
100
AcDbSymbolTableRecord
100
AcDbLayerTableRecord
  2
04-CARPINTERIAS
 70
     0
 62
     4
  6
Continuous
370
    -3
390
F
347
EE
348
0
1001
AcAecLayerStandard
1000

1000

1001
AcCmTransparency
1071
        0
  0
LAYER
  5
36E
330
2
100
AcDbSymbolTableRecord
100
AcDbLayerTableRecord
  2
05-LINEAS DE PROYECCION
 70
     0
 62
   252
  6
Continuous
370
    -3
390
F
347
EE
348
0
1001
AcAecLayerStandard
1000

1000

1001
AcCmTransparency
1071
        0
  0
LAYER
  5
36F
330
2
100
AcDbSymbolTableRecord
100
AcDbLayerTableRecord
  2
09-REJAS
 70
     0
 62
     3
  6
Continuous
370
    -3
390
F
347
EE
348
0
1001
AcAecLayerStandard
1000

1000

1001
AcCmTransparency
1071
        0
  0
LAYER
  5
370
330
2
100
AcDbSymbolTableRecord
100
AcDbLayerTableRecord
  2
11-TEXTO
 70
     0
 62
     3
  6
Continuous
370
    -3
390
F
347
EE
348
0
1001
AcAecLayerStandard
1000

1000

1001
AcCmTransparency
1071
        0
  0
ENDTAB
  0
TABLE
  2
STYLE
  5
3
330
0
100
AcDbSymbolTable
 70
     4
  0
STYLE
  5
11
330
3
100
AcDbSymbolTableRecord
100
AcDbTextStyleTableRecord
  2
Standard
 70
     0
 40
0.0
 41
1.0
 50
0.0
 71
     0
 42
2.5
  3
txt.shx
  4

  0
STYLE
  5
1E3
330
3
100
AcDbSymbolTableRecord
100
AcDbTextStyleTableRecord
  2

 70
     1
 40
0.0
 41
1.0
 50
0.0
 71
     0
 42
0.2
  3
GOST 2.303-68.shx
  4

  0
STYLE
  5
373
330
3
100
AcDbSymbolTableRecord
100
AcDbTextStyleTableRecord
  2
ROMANS
 70
     0
 40
0.0
 41
0.8
 50
0.0
 71
     0
 42
2.5
  3
romans.shx
  4

  0
ENDTAB
  0
TABLE
  2
VIEW
  5
6
330
0
100
AcDbSymbolTable
 70
     0
  0
ENDTAB
  0
TABLE
  2
UCS
  5
7
330
0
100
AcDbSymbolTable
 70
     0
  0
ENDTAB
  0
TABLE
  2
APPID
  5
9
330
0
100
AcDbSymbolTable
 70
    18
  0
APPID
  5
12
330
9
100
AcDbSymbolTableRecord
100
AcDbRegAppTableRecord
  2
ACAD
 70
     0
  0
APPID
  5
9E
330
9
100
AcDbSymbolTableRecord
100
AcDbRegAppTableRecord
  2
ACAD_PSEXT
 70
     0
  0
APPID
  5
133
330
9
100
AcDbSymbolTableRecord
100
AcDbRegAppTableRecord
  2
AcadAnnoPO
 70
     0
  0
APPID
  5
134
330
9
100
AcDbSymbolTableRecord
100
AcDbRegAppTableRecord
  2
AcadAnnotative
 70
     0
  0
APPID
  5
135
330
9
100
AcDbSymbolTableRecord
100
AcDbRegAppTableRecord
  2
ACAD_DSTYLE_DIMJAG
 70
     0
  0
APPID
  5
136
330
9
100
AcDbSymbolTableRecord
100
AcDbRegAppTableRecord
  2
ACAD_DSTYLE_DIMTALN
 70
     0
  0
APPID
  5
165
330
9
100
AcDbSymbolTableRecord
100
AcDbRegAppTableRecord
  2
ACAD_MLEADERVER
 70
     0
  0
APPID
  5
1E1
330
9
100
AcDbSymbolTableRecord
100
AcDbRegAppTableRecord
  2
MCS_DIM1
 70
     0
  0
APPID
  5
1E2
330
9
100
AcDbSymbolTableRecord
100
AcDbRegAppTableRecord
  2
McsXdata5
 70
     0
  0
APPID
  5
209
330
9
100
AcDbSymbolTableRecord
100
AcDbRegAppTableRecord
  2
MCS_PARAMS_DATA
 70
     0
  0
APPID
  5
20C
330
9
100
AcDbSymbolTableRecord
100
AcDbRegAppTableRecord
  2
MCS_PARAMS_HIDDEN_DATA
 70
     0
  0
APPID
  5
34D
330
9
100
AcDbSymbolTableRecord
100
AcDbRegAppTableRecord
  2
MCS_DOCUMENT_ID
 70
     0
  0
APPID
  5
353
330
9
100
AcDbSymbolTableRecord
100
AcDbRegAppTableRecord
  2
McSubentIdentification
 70
     0
  0
APPID
  5
355
330
9
100
AcDbSymbolTableRecord
100
AcDbRegAppTableRecord
  2
MC_VERSION_DATA
 70
     0
  0
APPID
  5
36A
330
9
100
AcDbSymbolTableRecord
100
AcDbRegAppTableRecord
  2
AcAecLayerStandard
 70
     0
  0
APPID
  5
36B
330
9
100
AcDbSymbolTableRecord
100
AcDbRegAppTableRecord
  2
AcCmTransparency
 70
     0
  0
APPID
  5
377
330
9
100
AcDbSymbolTableRecord
100
AcDbRegAppTableRecord
  2
ACAD_NAV_VCDISPLAY
 70
     0
  0
APPID
  5
378
330
9
100
AcDbSymbolTableRecord
100
AcDbRegAppTableRecord
  2
PLOTTRANSPARENCY
 70
     0
  0
ENDTAB
  0
TABLE
  2
DIMSTYLE
  5
A
330
0
100
AcDbSymbolTable
 70
     2
100
AcDbDimStyleTable
  0
DIMSTYLE
105
1B0
330
A
100
AcDbSymbolTableRecord
100
AcDbDimStyleTableRecord
  2
Standard
 70
     0
 40
100.0
 41
2.5
 42
0.5
 43
6.0
 44
0.0
 50
45.000001
 73
     0
140
2.5
141
2.5
143
25.4
147
1.0
178
     0
340
11
345
15
346
15
347
15
  0
DIMSTYLE
105
372
330
A
100
AcDbSymbolTableRecord
100
AcDbDimStyleTableRecord
  2
ISO-25
 70
     0
 41
2.5
 42
0.625
 43
3.75
 44
1.25
 73
     0
 74
     0
 77
     1
 78
     8
140
2.5
141
2.5
143
0.03937
147
0.625
171
     3
172
     1
178
     0
271
     2
272
     2
274
     3
278
    44
283
     0
284
     8
340
373
1001
ACAD_DSTYLE_DIMJAG
1070
   388
1040
1.5
1001
ACAD_DSTYLE_DIMTALN
1070
   392
1070
     0
  0
ENDTAB
  0
TABLE
  2
BLOCK_RECORD
  5
1
330
0
100
AcDbSymbolTable
 70
    10
  0
BLOCK_RECORD
  5
1F
102
{ACAD_XDICTIONARY
360
234
102
}
330
1
100
AcDbSymbolTableRecord
100
AcDbBlockTableRecord
  2
*Model_Space
340
22
 70
     0
280
     1
281
     0
  0
BLOCK_RECORD
  5
D6
330
1
100
AcDbSymbolTableRecord
100
AcDbBlockTableRecord
  2
*Paper_Space
340
D7
 70
     0
280
     1
281
     0
  0
BLOCK_RECORD
  5
21A
330
1
100
AcDbSymbolTableRecord
100
AcDbBlockTableRecord
  2
*Paper_Space0
340
21B
 70
     0
280
     1
281
     0
  0
BLOCK_RECORD
  5
1EC
330
1
100
AcDbSymbolTableRecord
100
AcDbBlockTableRecord
  2
_ARCHTICK
340
0
 70
     0
280
     1
281
     0
  0
BLOCK_RECORD
  5
1F4
330
1
100
AcDbSymbolTableRecord
100
AcDbBlockTableRecord
  2
_OPEN30
340
0
 70
     0
280
     1
281
     0
  0
BLOCK_RECORD
  5
1FC
330
1
100
AcDbSymbolTableRecord
100
AcDbBlockTableRecord
  2
_DOT
340
0
 70
     0
280
     1
281
     0
  0
BLOCK_RECORD
  5
224
330
1
100
AcDbSymbolTableRecord
100
AcDbBlockTableRecord
  2
*Paper_Space4
340
225
 70
     0
280
     1
281
     0
  0
BLOCK_RECORD
  5
D2
330
1
100
AcDbSymbolTableRecord
100
AcDbBlockTableRecord
  2
*Paper_Space5
340
D3
 70
     0
280
     1
281
     0
  0
BLOCK_RECORD
  5
21F
330
1
100
AcDbSymbolTableRecord
100
AcDbBlockTableRecord
  2
*Paper_Space6
340
220
 70
     0
280
     1
281
     0
  0
BLOCK_RECORD
  5
210
330
1
100
AcDbSymbolTableRecord
100
AcDbBlockTableRecord
  2
*Paper_Space7
340
211
 70
     0
280
     1
281
     0
  0
BLOCK_RECORD
  5
215
330
1
100
AcDbSymbolTableRecord
100
AcDbBlockTableRecord
  2
*Paper_Space8
340
216
 70
     0
280
     1
281
     0
  0
BLOCK_RECORD
  5
4EC
102
{ACAD_XDICTIONARY
360
4ED
102
}
330
1
100
AcDbSymbolTableRecord
100
AcDbBlockTableRecord
  2
A$C145B56B2
340
0
102
{BLKREFS
331
54F
331
552
331
555
331
558
331
55B
331
55E
331
561
331
568
331
576
331
4EB
331
4FE
331
501
331
504
331
509
331
50F
331
512
331
515
331
518
331
524
331
525
331
52C
331
538
331
53B
331
53E
331
53F
331
540
331
541
331
542
331
545
331
549
331
54C
102
}
 70
     6
280
     1
281
     0
  0
ENDTAB
  0
ENDSEC
  0
SECTION
  2
BLOCKS
  0
BLOCK
  5
20
330
1F
100
AcDbEntity
  8
0
100
AcDbBlockBegin
  2
*Model_Space
 70
     0
 10
0.0
 20
0.0
 30
0.0
  3
*Model_Space
  1
*Model_Space
  0
ENDBLK
  5
21
330
1F
100
AcDbEntity
  8
0
100
AcDbBlockEnd
  0
BLOCK
  5
D8
330
D6
100
AcDbEntity
 67
     1
  8
0
100
AcDbBlockBegin
  2
*Paper_Space
 70
     0
 10
0.0
 20
0.0
 30
0.0
  3
*Paper_Space
  1
*Paper_Space
  0
ENDBLK
  5
D9
330
D6
100
AcDbEntity
 67
     1
  8
0
100
AcDbBlockEnd
  0
BLOCK
  5
21C
330
21A
100
AcDbEntity
  8
0
100
AcDbBlockBegin
  2
*Paper_Space0
 70
     0
 10
0.0
 20
0.0
 30
0.0
  3
*Paper_Space0
  1
*Paper_Space0
  0
VIEWPORT
  5
21E
330
21A
100
AcDbEntity
  8
0
 48
100.0
100
AcDbViewport
 10
0.0
 20
0.0
 30
0.0
 40
840.779612
 41
486.114466
 68
     1
 69
     1
 12
328.692132
 22
196.71883
 13
0.0
 23
0.0
 14
10.0
 24
10.0
 15
10.0
 25
10.0
 16
0.0
 26
0.0
 36
1.0
 17
0.0
 27
0.0
 37
0.0
 42
50.0
 43
0.0
 44
0.0
 45
486.114466
 50
0.0
 51
0.0
 72
   100
 90
   557168
  1

281
     0
 71
     1
 74
     0
110
0.0
120
0.0
130
0.0
111
1.0
121
0.0
131
0.0
112
0.0
122
1.0
132
0.0
 79
     0
146
0.0
170
     0
 61
     5
348
F5
292
     1
282
     1
141
0.0
142
0.0
 63
   256
  0
ENDBLK
  5
21D
330
21A
100
AcDbEntity
  8
0
100
AcDbBlockEnd
  0
BLOCK
  5
1ED
330
1EC
100
AcDbEntity
  8
0
100
AcDbBlockBegin
  2
_ARCHTICK
 70
     0
 10
0.0
 20
0.0
 30
0.0
  3
_ARCHTICK
  1
_ARCHTICK
  0
POLYLINE
  5
1EF
330
1EC
100
AcDbEntity
  8
0
  6
ByBlock
 62
     0
100
AcDb2dPolyline
 66
     1
 10
0.0
 20
0.0
 30
0.0
 40
0.15
 41
0.15
  0
VERTEX
  5
1F0
330
1EF
100
AcDbEntity
  8
0
  6
ByBlock
 62
     0
100
AcDbVertex
100
AcDb2dVertex
 10
-0.5
 20
-0.5
 30
0.0
  0
VERTEX
  5
1F1
330
1EF
100
AcDbEntity
  8
0
  6
ByBlock
 62
     0
100
AcDbVertex
100
AcDb2dVertex
 10
0.5
 20
0.5
 30
0.0
  0
SEQEND
  5
1F2
330
1EF
100
AcDbEntity
  8
0
  6
ByBlock
 62
     0
  0
ENDBLK
  5
1EE
330
1EC
100
AcDbEntity
  8
0
100
AcDbBlockEnd
  0
BLOCK
  5
1F5
330
1F4
100
AcDbEntity
  8
0
100
AcDbBlockBegin
  2
_OPEN30
 70
     0
 10
0.0
 20
0.0
 30
0.0
  3
_OPEN30
  1
_OPEN30
  0
LINE
  5
1F7
330
1F4
100
AcDbEntity
  8
0
  6
ByBlock
 62
     0
370
    -2
100
AcDbLine
 10
-1.0
 20
0.267949
 30
0.0
 11
0.0
 21
0.0
 31
0.0
  0
LINE
  5
1F8
330
1F4
100
AcDbEntity
  8
0
  6
ByBlock
 62
     0
370
    -2
100
AcDbLine
 10
0.0
 20
0.0
 30
0.0
 11
-1.0
 21
-0.267949
 31
0.0
  0
LINE
  5
1F9
330
1F4
100
AcDbEntity
  8
0
  6
ByBlock
 62
     0
370
    -2
100
AcDbLine
 10
0.0
 20
0.0
 30
0.0
 11
-1.0
 21
0.0
 31
0.0
  0
ENDBLK
  5
1F6
330
1F4
100
AcDbEntity
  8
0
100
AcDbBlockEnd
  0
BLOCK
  5
1FD
330
1FC
100
AcDbEntity
  8
0
100
AcDbBlockBegin
  2
_DOT
 70
     0
 10
0.0
 20
0.0
 30
0.0
  3
_DOT
  1
_DOT
  0
POLYLINE
  5
1FF
330
1FC
100
AcDbEntity
  8
0
  6
ByBlock
 62
     0
100
AcDb2dPolyline
 66
     1
 10
0.0
 20
0.0
 30
0.0
 70
     1
 40
0.5
 41
0.5
  0
VERTEX
  5
201
330
1FF
100
AcDbEntity
  8
0
  6
ByBlock
 62
     0
100
AcDbVertex
100
AcDb2dVertex
 10
-0.25
 20
0.0
 30
0.0
 42
1.0
  0
VERTEX
  5
202
330
1FF
100
AcDbEntity
  8
0
  6
ByBlock
 62
     0
100
AcDbVertex
100
AcDb2dVertex
 10
0.25
 20
0.0
 30
0.0
 42
1.0
  0
SEQEND
  5
203
330
1FF
100
AcDbEntity
  8
0
  6
ByBlock
 62
     0
  0
LINE
  5
200
330
1FC
100
AcDbEntity
  8
0
  6
ByBlock
 62
     0
370
    -2
100
AcDbLine
 10
-0.5
 20
0.0
 30
0.0
 11
-1.0
 21
0.0
 31
0.0
  0
ENDBLK
  5
1FE
330
1FC
100
AcDbEntity
  8
0
100
AcDbBlockEnd
  0
BLOCK
  5
226
330
224
100
AcDbEntity
  8
0
100
AcDbBlockBegin
  2
*Paper_Space4
 70
     0
 10
0.0
 20
0.0
 30
0.0
  3
*Paper_Space4
  1
*Paper_Space4
  0
VIEWPORT
  5
228
330
224
100
AcDbEntity
  8
0
 48
100.0
100
AcDbViewport
 10
0.0
 20
0.0
 30
0.0
 40
1715.87676
 41
992.070339
 68
     1
 69
     1
 12
497.20797
 22
380.27835
 13
0.0
 23
0.0
 14
10.0
 24
10.0
 15
10.0
 25
10.0
 16
0.0
 26
0.0
 36
1.0
 17
0.0
 27
0.0
 37
0.0
 42
50.0
 43
0.0
 44
0.0
 45
992.070339
 50
0.0
 51
0.0
 72
   100
 90
   557168
  1

281
     0
 71
     1
 74
     0
110
0.0
120
0.0
130
0.0
111
1.0
121
0.0
131
0.0
112
0.0
122
1.0
132
0.0
 79
     0
146
0.0
170
     0
 61
     5
348
F5
292
     1
282
     1
141
0.0
142
0.0
 63
   256
  0
ENDBLK
  5
227
330
224
100
AcDbEntity
  8
0
100
AcDbBlockEnd
  0
BLOCK
  5
D4
330
D2
100
AcDbEntity
  8
0
100
AcDbBlockBegin
  2
*Paper_Space5
 70
     0
 10
0.0
 20
0.0
 30
0.0
  3
*Paper_Space5
  1
*Paper_Space5
  0
VIEWPORT
  5
229
330
D2
100
AcDbEntity
  8
0
 48
100.0
100
AcDbViewport
 10
0.0
 20
0.0
 30
0.0
 40
460.802478
 41
238.196088
 68
     1
 69
     1
 12
128.5
 22
97.5
 13
0.0
 23
0.0
 14
10.0
 24
10.0
 15
10.0
 25
10.0
 16
0.0
 26
0.0
 36
1.0
 17
0.0
 27
0.0
 37
0.0
 42
50.0
 43
0.0
 44
0.0
 45
238.196088
 50
0.0
 51
0.0
 72
   100
 90
   557168
  1

281
     0
 71
     1
 74
     0
110
0.0
120
0.0
130
0.0
111
1.0
121
0.0
131
0.0
112
0.0
122
1.0
132
0.0
 79
     0
146
0.0
170
     0
 61
     5
348
F5
292
     1
282
     1
141
0.0
142
0.0
 63
   256
  0
ENDBLK
  5
D5
330
D2
100
AcDbEntity
  8
0
100
AcDbBlockEnd
  0
BLOCK
  5
221
330
21F
100
AcDbEntity
  8
0
100
AcDbBlockBegin
  2
*Paper_Space6
 70
     0
 10
0.0
 20
0.0
 30
0.0
  3
*Paper_Space6
  1
*Paper_Space6
  0
VIEWPORT
  5
223
330
21F
100
AcDbEntity
  8
0
 48
100.0
100
AcDbViewport
 10
0.0
 20
0.0
 30
0.0
 40
1201.113732
 41
694.449237
 68
     1
 69
     1
 12
454.893705
 22
285.342469
 13
0.0
 23
0.0
 14
10.0
 24
10.0
 15
10.0
 25
10.0
 16
0.0
 26
0.0
 36
1.0
 17
0.0
 27
0.0
 37
0.0
 42
50.0
 43
0.0
 44
0.0
 45
694.449237
 50
0.0
 51
0.0
 72
   100
 90
   557168
  1

281
     0
 71
     1
 74
     0
110
0.0
120
0.0
130
0.0
111
1.0
121
0.0
131
0.0
112
0.0
122
1.0
132
0.0
 79
     0
146
0.0
170
     0
 61
     5
348
F5
292
     1
282
     1
141
0.0
142
0.0
 63
   256
  0
ENDBLK
  5
222
330
21F
100
AcDbEntity
  8
0
100
AcDbBlockEnd
  0
BLOCK
  5
212
330
210
100
AcDbEntity
  8
0
100
AcDbBlockBegin
  2
*Paper_Space7
 70
     0
 10
0.0
 20
0.0
 30
0.0
  3
*Paper_Space7
  1
*Paper_Space7
  0
VIEWPORT
  5
214
330
210
100
AcDbEntity
  8
0
 48
100.0
100
AcDbViewport
 10
0.0
 20
0.0
 30
0.0
 40
588.545729
 41
340.280126
 68
     1
 69
     1
 12
151.627136
 22
129.479246
 13
0.0
 23
0.0
 14
10.0
 24
10.0
 15
10.0
 25
10.0
 16
0.0
 26
0.0
 36
1.0
 17
0.0
 27
0.0
 37
0.0
 42
50.0
 43
0.0
 44
0.0
 45
340.280126
 50
0.0
 51
0.0
 72
   100
 90
   557168
  1

281
     0
 71
     1
 74
     0
110
0.0
120
0.0
130
0.0
111
1.0
121
0.0
131
0.0
112
0.0
122
1.0
132
0.0
 79
     0
146
0.0
170
     0
 61
     5
348
F5
292
     1
282
     1
141
0.0
142
0.0
 63
   256
  0
ENDBLK
  5
213
330
210
100
AcDbEntity
  8
0
100
AcDbBlockEnd
  0
BLOCK
  5
217
330
215
100
AcDbEntity
  8
0
100
AcDbBlockBegin
  2
*Paper_Space8
 70
     0
 10
0.0
 20
0.0
 30
0.0
  3
*Paper_Space8
  1
*Paper_Space8
  0
VIEWPORT
  5
219
330
215
100
AcDbEntity
  8
0
 48
100.0
100
AcDbViewport
 10
0.0
 20
0.0
 30
0.0
 40
588.545729
 41
340.280126
 68
     1
 69
     1
 12
213.910905
 22
130.914724
 13
0.0
 23
0.0
 14
10.0
 24
10.0
 15
10.0
 25
10.0
 16
0.0
 26
0.0
 36
1.0
 17
0.0
 27
0.0
 37
0.0
 42
50.0
 43
0.0
 44
0.0
 45
340.280126
 50
0.0
 51
0.0
 72
   100
 90
   557168
  1

281
     0
 71
     1
 74
     0
110
0.0
120
0.0
130
0.0
111
1.0
121
0.0
131
0.0
112
0.0
122
1.0
132
0.0
 79
     0
146
0.0
170
     0
 61
     5
348
F5
292
     1
282
     1
141
0.0
142
0.0
 63
   256
  0
ENDBLK
  5
218
330
215
100
AcDbEntity
  8
0
100
AcDbBlockEnd
  0
BLOCK
  5
4EF
330
4EC
100
AcDbEntity
  8
0
100
AcDbBlockBegin
  2
A$C145B56B2
 70
     0
 10
0.0
 20
0.0
 30
0.0
  3
A$C145B56B2
  1
A$C145B56B2
  0
LINE
  5
4F0
330
4EC
100
AcDbEntity
  8
04-CARPINTERIAS
100
AcDbLine
 10
0.900001
 20
0.050001
 30
0.0
 11
0.900001
 21
0.850001
 31
0.0
  0
LINE
  5
4F1
330
4EC
100
AcDbEntity
  8
04-CARPINTERIAS
100
AcDbLine
 10
0.900001
 20
0.850001
 30
0.0
 11
0.850001
 21
0.850001
 31
0.0
  0
LINE
  5
4F2
330
4EC
100
AcDbEntity
  8
04-CARPINTERIAS
100
AcDbLine
 10
0.850001
 20
0.850001
 30
0.0
 11
0.850001
 21
0.050001
 31
0.0
  0
LINE
  5
4F3
330
4EC
100
AcDbEntity
  8
04-CARPINTERIAS
100
AcDbLine
 10
0.850001
 20
0.050001
 30
0.0
 11
0.900001
 21
0.050001
 31
0.0
  0
ARC
  5
4F4
330
4EC
100
AcDbEntity
  8
05-LINEAS DE PROYECCION
  6
JIS_02_1.2
 48
0.1
100
AcDbCircle
 10
0.850001
 20
0.050001
 30
0.0
 40
0.7999999999999545
100
AcDbArc
 50
90.0
 51
180.0
  0
LINE
  5
4F5
330
4EC
100
AcDbEntity
  8
04-CARPINTERIAS
100
AcDbLine
 10
0.900001
 20
0.050001
 30
0.0
 11
0.900001
 21
0.000001
 31
0.0
  0
LINE
  5
4F6
330
4EC
100
AcDbEntity
  8
04-CARPINTERIAS
100
AcDbLine
 10
0.900001
 20
0.000001
 30
0.0
 11
0.950001
 21
0.000001
 31
0.0
  0
LINE
  5
4F7
330
4EC
100
AcDbEntity
  8
04-CARPINTERIAS
100
AcDbLine
 10
0.950001
 20
0.000001
 30
0.0
 11
0.950001
 21
0.050001
 31
0.0
  0
LINE
  5
4F8
330
4EC
100
AcDbEntity
  8
04-CARPINTERIAS
100
AcDbLine
 10
0.950001
 20
0.050001
 30
0.0
 11
0.900001
 21
0.050001
 31
0.0
  0
LINE
  5
4F9
330
4EC
100
AcDbEntity
  8
04-CARPINTERIAS
100
AcDbLine
 10
0.000001
 20
0.050001
 30
0.0
 11
0.000001
 21
0.000001
 31
0.0
  0
LINE
  5
4FA
330
4EC
100
AcDbEntity
  8
04-CARPINTERIAS
100
AcDbLine
 10
0.000001
 20
0.000001
 30
0.0
 11
0.050001
 21
0.000001
 31
0.0
  0
LINE
  5
4FB
330
4EC
100
AcDbEntity
  8
04-CARPINTERIAS
100
AcDbLine
 10
0.050001
 20
0.000001
 30
0.0
 11
0.050001
 21
0.050001
 31
0.0
  0
LINE
  5
4FC
330
4EC
100
AcDbEntity
  8
04-CARPINTERIAS
100
AcDbLine
 10
0.050001
 20
0.050001
 30
0.0
 11
0.000001
 21
0.050001
 31
0.0
  0
ENDBLK
  5
4FD
330
4EC
100
AcDbEntity
  8
0
100
AcDbBlockEnd
  0
ENDSEC
  0
SECTION
  2
ENTITIES
  0
LINE
  5
39B
330
1F
100
AcDbEntity
  8
01-MUROS EXTERIORES
100
AcDbLine
 10
115.049201
 20
73.477966
 30
0.0
 11
115.049201
 21
77.177966
 31
0.0
  0
LINE
  5
39C
330
1F
100
AcDbEntity
  8
01-MUROS EXTERIORES
100
AcDbLine
 10
115.049201
 20
81.677966
 30
0.0
 11
115.049201
 21
139.477966
 31
0.0
  0
LINE
  5
39D
330
1F
100
AcDbEntity
  8
01-MUROS EXTERIORES
100
AcDbLine
 10
115.349201
 20
73.777966
 30
0.0
 11
115.349201
 21
77.177966
 31
0.0
  0
LINE
  5
39E
330
1F
100
AcDbEntity
  8
01-MUROS EXTERIORES
100
AcDbLine
 10
115.349201
 20
81.677966
 30
0.0
 11
115.349201
 21
101.277966
 31
0.0
  0
LINE
  5
39F
330
1F
100
AcDbEntity
  8
01-MUROS EXTERIORES
100
AcDbLine
 10
115.349201
 20
101.477966
 30
0.0
 11
115.349201
 21
139.353702
 31
0.0
  0
LINE
  5
3A0
330
1F
100
AcDbEntity
  8
01-MUROS EXTERIORES
100
AcDbLine
 10
115.049201
 20
73.477966
 30
0.0
 11
145.049201
 21
73.477966
 31
0.0
  0
LINE
  5
3A1
330
1F
100
AcDbEntity
  8
01-MUROS EXTERIORES
100
AcDbLine
 10
115.349201
 20
73.777966
 30
0.0
 11
144.849201
 21
73.777966
 31
0.0
  0
LINE
  5
3A2
330
1F
100
AcDbEntity
  8
01-MUROS EXTERIORES
100
AcDbLine
 10
145.049201
 20
73.477966
 30
0.0
 11
145.049201
 21
101.277966
 31
0.0
  0
LINE
  5
3A3
330
1F
100
AcDbEntity
  8
01-MUROS EXTERIORES
100
AcDbLine
 10
144.849201
 20
73.777966
 30
0.0
 11
144.849201
 21
101.277966
 31
0.0
  0
LINE
  5
3A4
330
1F
100
AcDbEntity
  8
01-MUROS EXTERIORES
100
AcDbLine
 10
174.849201
 20
101.477966
 30
0.0
 11
144.849201
 21
101.477966
 31
0.0
  0
LINE
  5
3A5
330
1F
100
AcDbEntity
  8
01-MUROS EXTERIORES
100
AcDbLine
 10
140.349201
 20
101.477966
 30
0.0
 11
115.349201
 21
101.477966
 31
0.0
  0
LINE
  5
3A6
330
1F
100
AcDbEntity
  8
01-MUROS EXTERIORES
100
AcDbLine
 10
175.149201
 20
133.377966
 30
0.0
 11
169.216775
 21
133.377966
 31
0.0
  0
LINE
  5
3A7
330
1F
100
AcDbEntity
  8
01-MUROS EXTERIORES
100
AcDbLine
 10
167.916775
 20
133.377966
 30
0.0
 11
162.091989
 21
133.377966
 31
0.0
  0
LINE
  5
3A8
330
1F
100
AcDbEntity
  8
01-MUROS EXTERIORES
100
AcDbLine
 10
160.791989
 20
133.377966
 30
0.0
 11
160.541279
 21
133.377966
 31
0.0
  0
LINE
  5
3A9
330
1F
100
AcDbEntity
  8
01-MUROS EXTERIORES
100
AcDbLine
 10
158.541279
 20
133.377966
 30
0.0
 11
156.249201
 21
133.377966
 31
0.0
  0
LINE
  5
3AA
330
1F
100
AcDbEntity
  8
01-MUROS EXTERIORES
100
AcDbLine
 10
174.849201
 20
133.077966
 30
0.0
 11
169.216775
 21
133.077966
 31
0.0
  0
LINE
  5
3AB
330
1F
100
AcDbEntity
  8
01-MUROS EXTERIORES
100
AcDbLine
 10
167.916775
 20
133.077966
 30
0.0
 11
162.091989
 21
133.077966
 31
0.0
  0
LINE
  5
3AC
330
1F
100
AcDbEntity
  8
01-MUROS EXTERIORES
100
AcDbLine
 10
160.791989
 20
133.077966
 30
0.0
 11
160.541279
 21
133.077966
 31
0.0
  0
LINE
  5
3AD
330
1F
100
AcDbEntity
  8
01-MUROS EXTERIORES
100
AcDbLine
 10
158.541279
 20
133.077966
 30
0.0
 11
158.349201
 21
133.077966
 31
0.0
  0
LINE
  5
3AE
330
1F
100
AcDbEntity
  8
01-MUROS EXTERIORES
100
AcDbLine
 10
158.249201
 20
133.077966
 30
0.0
 11
156.249201
 21
133.077966
 31
0.0
  0
LINE
  5
3AF
330
1F
100
AcDbEntity
  8
01-MUROS EXTERIORES
100
AcDbLine
 10
175.149201
 20
101.277966
 30
0.0
 11
145.049201
 21
101.277966
 31
0.0
  0
LINE
  5
3B0
330
1F
100
AcDbEntity
  8
01-MUROS EXTERIORES
100
AcDbLine
 10
144.849201
 20
101.277966
 30
0.0
 11
144.849201
 21
101.277966
 31
0.0
  0
LINE
  5
3B1
330
1F
100
AcDbEntity
  8
01-MUROS EXTERIORES
100
AcDbLine
 10
140.349201
 20
101.277966
 30
0.0
 11
115.349201
 21
101.277966
 31
0.0
  0
LINE
  5
3B2
330
1F
100
AcDbEntity
  8
01-MUROS EXTERIORES
100
AcDbLine
 10
119.049201
 20
143.477966
 30
0.0
 11
119.049201
 21
143.477966
 31
0.0
  0
LINE
  5
3B3
330
1F
100
AcDbEntity
  8
01-MUROS EXTERIORES
100
AcDbLine
 10
119.049201
 20
143.477966
 30
0.0
 11
115.049201
 21
139.477966
 31
0.0
  0
LINE
  5
3B4
330
1F
100
AcDbEntity
  8
01-MUROS EXTERIORES
100
AcDbLine
 10
119.173466
 20
143.177966
 30
0.0
 11
115.349201
 21
139.353702
 31
0.0
  0
LINE
  5
3B5
330
1F
100
AcDbEntity
  8
01-MUROS EXTERIORES
100
AcDbLine
 10
119.049201
 20
143.477966
 30
0.0
 11
120.549201
 21
143.477966
 31
0.0
  0
LINE
  5
3B6
330
1F
100
AcDbEntity
  8
01-MUROS EXTERIORES
100
AcDbLine
 10
125.049201
 20
143.477966
 30
0.0
 11
146.149201
 21
143.477966
 31
0.0
  0
LINE
  5
3B7
330
1F
100
AcDbEntity
  8
01-MUROS EXTERIORES
100
AcDbLine
 10
150.649201
 20
143.477966
 30
0.0
 11
156.249201
 21
143.477966
 31
0.0
  0
LINE
  5
3B8
330
1F
100
AcDbEntity
  8
01-MUROS EXTERIORES
100
AcDbLine
 10
119.173466
 20
143.177966
 30
0.0
 11
120.549201
 21
143.177966
 31
0.0
  0
LINE
  5
3B9
330
1F
100
AcDbEntity
  8
01-MUROS EXTERIORES
100
AcDbLine
 10
125.049201
 20
143.177966
 30
0.0
 11
146.149201
 21
143.177966
 31
0.0
  0
LINE
  5
3BA
330
1F
100
AcDbEntity
  8
01-MUROS EXTERIORES
100
AcDbLine
 10
133.649201
 20
139.677966
 30
0.0
 11
133.798608
 21
139.677966
 31
0.0
  0
LINE
  5
3BB
330
1F
100
AcDbEntity
  8
01-MUROS EXTERIORES
100
AcDbLine
 10
134.748608
 20
139.677966
 30
0.0
 11
141.349201
 21
139.677966
 31
0.0
  0
LINE
  5
3BC
330
1F
100
AcDbEntity
  8
01-MUROS EXTERIORES
100
AcDbLine
 10
133.649201
 20
139.777966
 30
0.0
 11
133.798608
 21
139.777966
 31
0.0
  0
LINE
  5
3BD
330
1F
100
AcDbEntity
  8
01-MUROS EXTERIORES
100
AcDbLine
 10
134.748608
 20
139.777966
 30
0.0
 11
135.649201
 21
139.777966
 31
0.0
  0
LINE
  5
3BE
330
1F
100
AcDbEntity
  8
01-MUROS EXTERIORES
100
AcDbLine
 10
135.749201
 20
139.777966
 30
0.0
 11
141.249201
 21
139.777966
 31
0.0
  0
LINE
  5
3BF
330
1F
100
AcDbEntity
  8
01-MUROS EXTERIORES
100
AcDbLine
 10
134.349201
 20
134.177966
 30
0.0
 11
136.094235
 21
134.177966
 31
0.0
  0
LINE
  5
3C0
330
1F
100
AcDbEntity
  8
01-MUROS EXTERIORES
100
AcDbLine
 10
137.044235
 20
134.177966
 30
0.0
 11
139.549201
 21
134.177966
 31
0.0
  0
LINE
  5
3C1
330
1F
100
AcDbEntity
  8
01-MUROS EXTERIORES
100
AcDbLine
 10
140.749201
 20
134.177966
 30
0.0
 11
141.458993
 21
134.177966
 31
0.0
  0
LINE
  5
3C2
330
1F
100
AcDbEntity
  8
01-MUROS EXTERIORES
100
AcDbLine
 10
142.408993
 20
134.177966
 30
0.0
 11
143.102505
 21
134.177966
 31
0.0
  0
LINE
  5
3C3
330
1F
100
AcDbEntity
  8
01-MUROS EXTERIORES
100
AcDbLine
 10
144.549201
 20
134.177966
 30
0.0
 11
145.249201
 21
134.177966
 31
0.0
  0
LINE
  5
3C4
330
1F
100
AcDbEntity
  8
01-MUROS EXTERIORES
100
AcDbLine
 10
134.449201
 20
134.277966
 30
0.0
 11
135.994235
 21
134.277966
 31
0.0
  0
LINE
  5
3C5
330
1F
100
AcDbEntity
  8
01-MUROS EXTERIORES
100
AcDbLine
 10
137.044235
 20
134.277966
 30
0.0
 11
137.249201
 21
134.277966
 31
0.0
  0
LINE
  5
3C6
330
1F
100
AcDbEntity
  8
01-MUROS EXTERIORES
100
AcDbLine
 10
137.349201
 20
134.277966
 30
0.0
 11
138.949201
 21
134.277966
 31
0.0
  0
LINE
  5
3C7
330
1F
100
AcDbEntity
  8
01-MUROS EXTERIORES
100
AcDbLine
 10
139.049201
 20
134.277966
 30
0.0
 11
139.549201
 21
134.277966
 31
0.0
  0
LINE
  5
3C8
330
1F
100
AcDbEntity
  8
01-MUROS EXTERIORES
100
AcDbLine
 10
140.749201
 20
134.277966
 30
0.0
 11
141.249201
 21
134.277966
 31
0.0
  0
LINE
  5
3C9
330
1F
100
AcDbEntity
  8
01-MUROS EXTERIORES
100
AcDbLine
 10
141.349201
 20
134.277966
 30
0.0
 11
141.458993
 21
134.277966
 31
0.0
  0
LINE
  5
3CA
330
1F
100
AcDbEntity
  8
01-MUROS EXTERIORES
100
AcDbLine
 10
142.408993
 20
134.277966
 30
0.0
 11
143.102505
 21
134.277966
 31
0.0
  0
LINE
  5
3CB
330
1F
100
AcDbEntity
  8
01-MUROS EXTERIORES
100
AcDbLine
 10
144.549201
 20
134.277966
 30
0.0
 11
145.249201
 21
134.277966
 31
0.0
  0
LINE
  5
3CC
330
1F
100
AcDbEntity
  8
01-MUROS EXTERIORES
100
AcDbLine
 10
150.649201
 20
143.177966
 30
0.0
 11
155.949201
 21
143.177966
 31
0.0
  0
LINE
  5
3CD
330
1F
100
AcDbEntity
  8
01-MUROS EXTERIORES
100
AcDbLine
 10
156.249201
 20
143.477966
 30
0.0
 11
156.249201
 21
134.551798
 31
0.0
  0
LINE
  5
3CE
330
1F
100
AcDbEntity
  8
01-MUROS EXTERIORES
100
AcDbLine
 10
156.249201
 20
133.601798
 30
0.0
 11
156.249201
 21
133.377966
 31
0.0
  0
LINE
  5
3CF
330
1F
100
AcDbEntity
  8
01-MUROS EXTERIORES
100
AcDbLine
 10
156.249201
 20
133.077966
 30
0.0
 11
156.249201
 21
132.498121
 31
0.0
  0
LINE
  5
3D0
330
1F
100
AcDbEntity
  8
01-MUROS EXTERIORES
100
AcDbLine
 10
156.249201
 20
130.498121
 30
0.0
 11
156.249201
 21
129.861203
 31
0.0
  0
LINE
  5
3D1
330
1F
100
AcDbEntity
  8
01-MUROS EXTERIORES
100
AcDbLine
 10
156.249201
 20
128.861203
 30
0.0
 11
156.249201
 21
101.277966
 31
0.0
  0
LINE
  5
3D2
330
1F
100
AcDbEntity
  8
01-MUROS EXTERIORES
100
AcDbLine
 10
155.949201
 20
143.177966
 30
0.0
 11
155.949201
 21
134.551798
 31
0.0
  0
LINE
  5
3D3
330
1F
100
AcDbEntity
  8
01-MUROS EXTERIORES
100
AcDbLine
 10
155.949201
 20
133.601798
 30
0.0
 11
155.949201
 21
132.498121
 31
0.0
  0
LINE
  5
3D4
330
1F
100
AcDbEntity
  8
01-MUROS EXTERIORES
100
AcDbLine
 10
155.949201
 20
130.498121
 30
0.0
 11
155.949201
 21
129.861203
 31
0.0
  0
LINE
  5
3D5
330
1F
100
AcDbEntity
  8
01-MUROS EXTERIORES
100
AcDbLine
 10
155.949201
 20
128.861203
 30
0.0
 11
155.949201
 21
101.477966
 31
0.0
  0
LINE
  5
3D6
330
1F
100
AcDbEntity
  8
05-LINEAS DE PROYECCION
  6
Continuous
 62
     0
100
AcDbLine
 10
156.249201
 20
143.477966
 30
0.0
 11
171.149201
 21
143.477966
 31
0.0
  0
LINE
  5
3D7
330
1F
100
AcDbEntity
  8
01-MUROS EXTERIORES
100
AcDbLine
 10
175.149201
 20
139.477966
 30
0.0
 11
175.149201
 21
132.977966
 31
0.0
  0
LINE
  5
3D8
330
1F
100
AcDbEntity
  8
01-MUROS EXTERIORES
100
AcDbLine
 10
174.849201
 20
133.077966
 30
0.0
 11
174.849201
 21
122.047966
 31
0.0
  0
LINE
  5
3D9
330
1F
100
AcDbEntity
  8
01-MUROS EXTERIORES
100
AcDbLine
 10
174.849201
 20
117.547966
 30
0.0
 11
174.849201
 21
101.477966
 31
0.0
  0
LINE
  5
3DA
330
1F
100
AcDbEntity
  8
05-LINEAS DE PROYECCION
  6
Continuous
 62
     0
100
AcDbLine
 10
171.149201
 20
143.477966
 30
0.0
 11
175.149201
 21
139.477966
 31
0.0
  0
LINE
  5
3DB
330
1F
100
AcDbEntity
  8
01-MUROS EXTERIORES
100
AcDbLine
 10
174.849201
 20
117.547966
 30
0.0
 11
175.149201
 21
117.547966
 31
0.0
  0
LINE
  5
3DC
330
1F
100
AcDbEntity
  8
01-MUROS EXTERIORES
100
AcDbLine
 10
174.849201
 20
122.047966
 30
0.0
 11
175.149201
 21
122.047966
 31
0.0
  0
LINE
  5
3DD
330
1F
100
AcDbEntity
  8
01-MUROS EXTERIORES
100
AcDbLine
 10
175.149201
 20
132.977966
 30
0.0
 11
175.149201
 21
122.047966
 31
0.0
  0
LINE
  5
3DE
330
1F
100
AcDbEntity
  8
01-MUROS EXTERIORES
100
AcDbLine
 10
175.149201
 20
117.547966
 30
0.0
 11
175.149201
 21
101.277966
 31
0.0
  0
LINE
  5
3DF
330
1F
100
AcDbEntity
  8
01-MUROS EXTERIORES
100
AcDbLine
 10
115.049201
 20
73.477966
 30
0.0
 11
115.349201
 21
73.477966
 31
0.0
  0
LINE
  5
3E0
330
1F
100
AcDbEntity
  8
01-MUROS EXTERIORES
100
AcDbLine
 10
115.049201
 20
81.677966
 30
0.0
 11
115.349201
 21
81.677966
 31
0.0
  0
LWPOLYLINE
  5
3E1
330
1F
100
AcDbEntity
  8
09-REJAS
 62
     2
100
AcDbPolyline
 90
        4
 70
     1
 43
0.0
 10
115.049201
 20
81.677966
 10
115.349201
 20
81.677966
 10
115.349201
 20
77.177966
 10
115.049201
 20
77.177966
  0
LINE
  5
3E2
330
1F
100
AcDbEntity
  8
01-MUROS EXTERIORES
100
AcDbLine
 10
115.049201
 20
77.177966
 30
0.0
 11
115.349201
 21
77.177966
 31
0.0
  0
LINE
  5
3E3
330
1F
100
AcDbEntity
  8
09-REJAS
 62
     2
100
AcDbLine
 10
115.199201
 20
81.677966
 30
0.0
 11
115.199201
 21
77.177966
 31
0.0
  0
LINE
  5
3E4
330
1F
100
AcDbEntity
  8
09-REJAS
100
AcDbLine
 10
135.349201
 20
101.477966
 30
0.0
 11
135.349201
 21
106.447966
 31
0.0
  0
LINE
  5
3E5
330
1F
100
AcDbEntity
  8
09-REJAS
100
AcDbLine
 10
135.349201
 20
106.947966
 30
0.0
 11
135.349201
 21
111.667966
 31
0.0
  0
LINE
  5
3E6
330
1F
100
AcDbEntity
  8
09-REJAS
100
AcDbLine
 10
135.349201
 20
112.167966
 30
0.0
 11
135.349201
 21
116.887966
 31
0.0
  0
LINE
  5
3E7
330
1F
100
AcDbEntity
  8
09-REJAS
100
AcDbLine
 10
135.349201
 20
117.387966
 30
0.0
 11
135.349201
 21
122.107966
 31
0.0
  0
LINE
  5
3E8
330
1F
100
AcDbEntity
  8
09-REJAS
100
AcDbLine
 10
135.349201
 20
122.607966
 30
0.0
 11
135.349201
 21
127.577966
 31
0.0
  0
LINE
  5
3E9
330
1F
100
AcDbEntity
  8
09-REJAS
100
AcDbLine
 10
135.449201
 20
101.477966
 30
0.0
 11
135.449201
 21
106.447966
 31
0.0
  0
LINE
  5
3EA
330
1F
100
AcDbEntity
  8
09-REJAS
100
AcDbLine
 10
135.449201
 20
106.947966
 30
0.0
 11
135.449201
 21
111.667966
 31
0.0
  0
LINE
  5
3EB
330
1F
100
AcDbEntity
  8
09-REJAS
100
AcDbLine
 10
135.449201
 20
112.167966
 30
0.0
 11
135.449201
 21
116.887966
 31
0.0
  0
LINE
  5
3EC
330
1F
100
AcDbEntity
  8
09-REJAS
100
AcDbLine
 10
135.449201
 20
117.387966
 30
0.0
 11
135.449201
 21
122.107966
 31
0.0
  0
LINE
  5
3ED
330
1F
100
AcDbEntity
  8
09-REJAS
100
AcDbLine
 10
135.449201
 20
122.607966
 30
0.0
 11
135.449201
 21
127.577966
 31
0.0
  0
LWPOLYLINE
  5
3EE
330
1F
100
AcDbEntity
  8
09-REJAS
100
AcDbPolyline
 90
        4
 70
     1
 43
0.0
 10
135.699201
 20
128.077966
 10
135.099201
 20
128.077966
 10
135.099201
 20
127.577966
 10
135.699201
 20
127.577966
  0
LINE
  5
3EF
330
1F
100
AcDbEntity
  8
09-REJAS
100
AcDbLine
 10
135.349201
 20
128.077966
 30
0.0
 11
135.449201
 21
128.077966
 31
0.0
  0
LWPOLYLINE
  5
3F0
330
1F
100
AcDbEntity
  8
09-REJAS
100
AcDbPolyline
 90
        4
 70
     1
 43
0.0
 10
135.699201
 20
122.607966
 10
135.099201
 20
122.607966
 10
135.099201
 20
122.107966
 10
135.699201
 20
122.107966
  0
LWPOLYLINE
  5
3F1
330
1F
100
AcDbEntity
  8
09-REJAS
100
AcDbPolyline
 90
        4
 70
     1
 43
0.0
 10
135.699201
 20
117.387966
 10
135.099201
 20
117.387966
 10
135.099201
 20
116.887966
 10
135.699201
 20
116.887966
  0
LWPOLYLINE
  5
3F2
330
1F
100
AcDbEntity
  8
09-REJAS
100
AcDbPolyline
 90
        4
 70
     1
 43
0.0
 10
135.699201
 20
112.167966
 10
135.099201
 20
112.167966
 10
135.099201
 20
111.667966
 10
135.699201
 20
111.667966
  0
LWPOLYLINE
  5
3F3
330
1F
100
AcDbEntity
  8
09-REJAS
100
AcDbPolyline
 90
        4
 70
     1
 43
0.0
 10
135.699201
 20
106.947966
 10
135.099201
 20
106.947966
 10
135.099201
 20
106.447966
 10
135.699201
 20
106.447966
  0
LINE
  5
3F4
330
1F
100
AcDbEntity
  8
02-MUROS INTERIORES
100
AcDbLine
 10
135.099201
 20
127.577966
 30
0.0
 11
130.849201
 21
127.577966
 31
0.0
  0
LINE
  5
3F5
330
1F
100
AcDbEntity
  8
02-MUROS INTERIORES
100
AcDbLine
 10
134.999201
 20
127.477966
 30
0.0
 11
130.949201
 21
127.477966
 31
0.0
  0
LINE
  5
3F6
330
1F
100
AcDbEntity
  8
02-MUROS INTERIORES
100
AcDbLine
 10
130.849201
 20
127.577966
 30
0.0
 11
130.849201
 21
127.379178
 31
0.0
  0
LINE
  5
3F7
330
1F
100
AcDbEntity
  8
02-MUROS INTERIORES
100
AcDbLine
 10
130.849201
 20
126.429178
 30
0.0
 11
130.849201
 21
125.677966
 31
0.0
  0
LINE
  5
3F8
330
1F
100
AcDbEntity
  8
02-MUROS INTERIORES
100
AcDbLine
 10
130.949201
 20
127.477966
 30
0.0
 11
130.949201
 21
127.379178
 31
0.0
  0
LINE
  5
3F9
330
1F
100
AcDbEntity
  8
02-MUROS INTERIORES
100
AcDbLine
 10
130.949201
 20
126.429178
 30
0.0
 11
130.949201
 21
125.677966
 31
0.0
  0
LINE
  5
3FA
330
1F
100
AcDbEntity
  8
02-MUROS INTERIORES
100
AcDbLine
 10
130.949201
 20
125.677966
 30
0.0
 11
132.471668
 21
125.677966
 31
0.0
  0
LINE
  5
3FB
330
1F
100
AcDbEntity
  8
02-MUROS INTERIORES
100
AcDbLine
 10
133.421668
 20
125.677966
 30
0.0
 11
134.999201
 21
125.677966
 31
0.0
  0
LINE
  5
3FC
330
1F
100
AcDbEntity
  8
02-MUROS INTERIORES
100
AcDbLine
 10
130.949201
 20
125.577966
 30
0.0
 11
132.471668
 21
125.577966
 31
0.0
  0
LINE
  5
3FD
330
1F
100
AcDbEntity
  8
02-MUROS INTERIORES
100
AcDbLine
 10
133.421668
 20
125.577966
 30
0.0
 11
134.999201
 21
125.577966
 31
0.0
  0
LINE
  5
3FE
330
1F
100
AcDbEntity
  8
02-MUROS INTERIORES
100
AcDbLine
 10
135.099201
 20
125.577966
 30
0.0
 11
135.099201
 21
127.577966
 31
0.0
  0
LINE
  5
3FF
330
1F
100
AcDbEntity
  8
02-MUROS INTERIORES
100
AcDbLine
 10
134.999201
 20
125.677966
 30
0.0
 11
134.999201
 21
127.477966
 31
0.0
  0
LINE
  5
400
330
1F
100
AcDbEntity
  8
02-MUROS INTERIORES
100
AcDbLine
 10
130.849201
 20
125.677966
 30
0.0
 11
130.849201
 21
120.777966
 31
0.0
  0
LINE
  5
401
330
1F
100
AcDbEntity
  8
02-MUROS INTERIORES
100
AcDbLine
 10
130.949201
 20
125.577966
 30
0.0
 11
130.949201
 21
120.877966
 31
0.0
  0
LINE
  5
402
330
1F
100
AcDbEntity
  8
02-MUROS INTERIORES
100
AcDbLine
 10
130.849201
 20
120.777966
 30
0.0
 11
135.099201
 21
120.777966
 31
0.0
  0
LINE
  5
403
330
1F
100
AcDbEntity
  8
02-MUROS INTERIORES
100
AcDbLine
 10
130.949201
 20
120.877966
 30
0.0
 11
134.999201
 21
120.877966
 31
0.0
  0
LINE
  5
404
330
1F
100
AcDbEntity
  8
02-MUROS INTERIORES
100
AcDbLine
 10
135.099201
 20
120.777966
 30
0.0
 11
135.099201
 21
125.577966
 31
0.0
  0
LINE
  5
405
330
1F
100
AcDbEntity
  8
02-MUROS INTERIORES
100
AcDbLine
 10
134.999201
 20
120.877966
 30
0.0
 11
134.999201
 21
125.577966
 31
0.0
  0
LWPOLYLINE
  5
406
330
1F
100
AcDbEntity
  8
09-REJAS
 62
     2
100
AcDbPolyline
 90
        4
 70
     1
 43
0.0
 10
125.049201
 20
143.477966
 10
125.049201
 20
143.177966
 10
120.549201
 20
143.177966
 10
120.549201
 20
143.477966
  0
LINE
  5
407
330
1F
100
AcDbEntity
  8
09-REJAS
 62
     2
100
AcDbLine
 10
125.049201
 20
143.327966
 30
0.0
 11
120.549201
 21
143.327966
 31
0.0
  0
LWPOLYLINE
  5
408
330
1F
100
AcDbEntity
  8
09-REJAS
 62
     2
100
AcDbPolyline
 90
        4
 70
     1
 43
0.0
 10
150.649201
 20
143.477966
 10
150.649201
 20
143.177966
 10
146.149201
 20
143.177966
 10
146.149201
 20
143.477966
  0
LINE
  5
409
330
1F
100
AcDbEntity
  8
09-REJAS
 62
     2
100
AcDbLine
 10
150.649201
 20
143.327966
 30
0.0
 11
146.149201
 21
143.327966
 31
0.0
  0
LINE
  5
40A
330
1F
100
AcDbEntity
  8
02-MUROS INTERIORES
100
AcDbLine
 10
145.349201
 20
133.177966
 30
0.0
 11
145.349201
 21
137.877966
 31
0.0
  0
LINE
  5
40B
330
1F
100
AcDbEntity
  8
02-MUROS INTERIORES
100
AcDbLine
 10
145.349201
 20
139.677966
 30
0.0
 11
145.349201
 21
143.177966
 31
0.0
  0
LINE
  5
40C
330
1F
100
AcDbEntity
  8
02-MUROS INTERIORES
100
AcDbLine
 10
141.349201
 20
134.277966
 30
0.0
 11
141.349201
 21
135.177966
 31
0.0
  0
LINE
  5
40D
330
1F
100
AcDbEntity
  8
02-MUROS INTERIORES
100
AcDbLine
 10
141.349201
 20
135.277966
 30
0.0
 11
141.349201
 21
136.777966
 31
0.0
  0
LINE
  5
40E
330
1F
100
AcDbEntity
  8
02-MUROS INTERIORES
100
AcDbLine
 10
141.349201
 20
136.877966
 30
0.0
 11
141.349201
 21
138.377966
 31
0.0
  0
LINE
  5
40F
330
1F
100
AcDbEntity
  8
02-MUROS INTERIORES
100
AcDbLine
 10
141.349201
 20
139.677966
 30
0.0
 11
141.349201
 21
143.177966
 31
0.0
  0
LINE
  5
410
330
1F
100
AcDbEntity
  8
02-MUROS INTERIORES
100
AcDbLine
 10
141.249201
 20
134.277966
 30
0.0
 11
141.249201
 21
138.377966
 31
0.0
  0
LINE
  5
411
330
1F
100
AcDbEntity
  8
02-MUROS INTERIORES
100
AcDbLine
 10
141.249201
 20
139.777966
 30
0.0
 11
141.249201
 21
143.177966
 31
0.0
  0
LINE
  5
412
330
1F
100
AcDbEntity
  8
02-MUROS INTERIORES
100
AcDbLine
 10
145.249201
 20
133.077966
 30
0.0
 11
145.249201
 21
134.177966
 31
0.0
  0
LINE
  5
413
330
1F
100
AcDbEntity
  8
02-MUROS INTERIORES
100
AcDbLine
 10
145.249201
 20
134.277966
 30
0.0
 11
145.249201
 21
137.877966
 31
0.0
  0
LINE
  5
414
330
1F
100
AcDbEntity
  8
02-MUROS INTERIORES
100
AcDbLine
 10
145.249201
 20
138.777506
 30
0.0
 11
145.249201
 21
138.778426
 31
0.0
  0
LINE
  5
415
330
1F
100
AcDbEntity
  8
02-MUROS INTERIORES
100
AcDbLine
 10
145.249201
 20
139.677966
 30
0.0
 11
145.249201
 21
143.177966
 31
0.0
  0
LINE
  5
416
330
1F
100
AcDbEntity
  8
02-MUROS INTERIORES
100
AcDbLine
 10
133.549201
 20
138.377966
 30
0.0
 11
133.549201
 21
138.605592
 31
0.0
  0
LINE
  5
417
330
1F
100
AcDbEntity
  8
02-MUROS INTERIORES
100
AcDbLine
 10
133.549201
 20
139.555592
 30
0.0
 11
133.549201
 21
143.177966
 31
0.0
  0
LINE
  5
418
330
1F
100
AcDbEntity
  8
02-MUROS INTERIORES
100
AcDbLine
 10
133.649201
 20
138.477966
 30
0.0
 11
133.649201
 21
138.605592
 31
0.0
  0
LINE
  5
419
330
1F
100
AcDbEntity
  8
02-MUROS INTERIORES
100
AcDbLine
 10
133.649201
 20
139.555592
 30
0.0
 11
133.649201
 21
139.677966
 31
0.0
  0
LINE
  5
41A
330
1F
100
AcDbEntity
  8
02-MUROS INTERIORES
100
AcDbLine
 10
133.649201
 20
139.777966
 30
0.0
 11
133.649201
 21
143.177966
 31
0.0
  0
LINE
  5
41B
330
1F
100
AcDbEntity
  8
02-MUROS INTERIORES
100
AcDbLine
 10
145.349201
 20
133.177966
 30
0.0
 11
146.349201
 21
133.177966
 31
0.0
  0
LINE
  5
41C
330
1F
100
AcDbEntity
  8
02-MUROS INTERIORES
100
AcDbLine
 10
149.349201
 20
133.177966
 30
0.0
 11
154.249201
 21
133.177966
 31
0.0
  0
LINE
  5
41D
330
1F
100
AcDbEntity
  8
02-MUROS INTERIORES
100
AcDbLine
 10
145.249201
 20
133.077966
 30
0.0
 11
146.349201
 21
133.077966
 31
0.0
  0
LINE
  5
41E
330
1F
100
AcDbEntity
  8
02-MUROS INTERIORES
100
AcDbLine
 10
149.349201
 20
133.077966
 30
0.0
 11
154.249201
 21
133.077966
 31
0.0
  0
LINE
  5
41F
330
1F
100
AcDbEntity
  8
01-MUROS EXTERIORES
100
AcDbLine
 10
133.549201
 20
138.377966
 30
0.0
 11
134.349201
 21
138.377966
 31
0.0
  0
LINE
  5
420
330
1F
100
AcDbEntity
  8
01-MUROS EXTERIORES
100
AcDbLine
 10
134.449201
 20
138.377966
 30
0.0
 11
135.949201
 21
138.377966
 31
0.0
  0
LINE
  5
421
330
1F
100
AcDbEntity
  8
01-MUROS EXTERIORES
100
AcDbLine
 10
136.049201
 20
138.377966
 30
0.0
 11
136.194344
 21
138.377966
 31
0.0
  0
LINE
  5
422
330
1F
100
AcDbEntity
  8
01-MUROS EXTERIORES
100
AcDbLine
 10
137.144344
 20
138.377966
 30
0.0
 11
137.249201
 21
138.377966
 31
0.0
  0
LINE
  5
423
330
1F
100
AcDbEntity
  8
01-MUROS EXTERIORES
100
AcDbLine
 10
137.349201
 20
138.377966
 30
0.0
 11
137.467814
 21
138.377966
 31
0.0
  0
LINE
  5
424
330
1F
100
AcDbEntity
  8
01-MUROS EXTERIORES
100
AcDbLine
 10
138.417814
 20
138.377966
 30
0.0
 11
138.949201
 21
138.377966
 31
0.0
  0
LINE
  5
425
330
1F
100
AcDbEntity
  8
01-MUROS EXTERIORES
100
AcDbLine
 10
139.049201
 20
138.377966
 30
0.0
 11
139.167814
 21
138.377966
 31
0.0
  0
LINE
  5
426
330
1F
100
AcDbEntity
  8
01-MUROS EXTERIORES
100
AcDbLine
 10
140.117814
 20
138.377966
 30
0.0
 11
141.249201
 21
138.377966
 31
0.0
  0
LINE
  5
427
330
1F
100
AcDbEntity
  8
01-MUROS EXTERIORES
100
AcDbLine
 10
133.649201
 20
138.477966
 30
0.0
 11
136.194344
 21
138.477966
 31
0.0
  0
LINE
  5
428
330
1F
100
AcDbEntity
  8
01-MUROS EXTERIORES
100
AcDbLine
 10
137.144344
 20
138.477966
 30
0.0
 11
137.467814
 21
138.477966
 31
0.0
  0
LINE
  5
429
330
1F
100
AcDbEntity
  8
01-MUROS EXTERIORES
100
AcDbLine
 10
138.417814
 20
138.477966
 30
0.0
 11
139.167814
 21
138.477966
 31
0.0
  0
LINE
  5
42A
330
1F
100
AcDbEntity
  8
01-MUROS EXTERIORES
100
AcDbLine
 10
140.117814
 20
138.477966
 30
0.0
 11
141.349201
 21
138.477966
 31
0.0
  0
LINE
  5
42B
330
1F
100
AcDbEntity
  8
02-MUROS INTERIORES
100
AcDbLine
 10
135.649201
 20
139.777966
 30
0.0
 11
135.649201
 21
143.177966
 31
0.0
  0
LINE
  5
42C
330
1F
100
AcDbEntity
  8
02-MUROS INTERIORES
100
AcDbLine
 10
135.749201
 20
139.777966
 30
0.0
 11
135.749201
 21
143.177966
 31
0.0
  0
LINE
  5
42D
330
1F
100
AcDbEntity
  8
02-MUROS INTERIORES
100
AcDbLine
 10
134.349201
 20
134.177966
 30
0.0
 11
134.349201
 21
138.377966
 31
0.0
  0
LINE
  5
42E
330
1F
100
AcDbEntity
  8
02-MUROS INTERIORES
100
AcDbLine
 10
134.449201
 20
134.277966
 30
0.0
 11
134.449201
 21
138.377966
 31
0.0
  0
LINE
  5
42F
330
1F
100
AcDbEntity
  8
02-MUROS INTERIORES
100
AcDbLine
 10
135.949201
 20
135.777966
 30
0.0
 11
135.949201
 21
138.377966
 31
0.0
  0
LINE
  5
430
330
1F
100
AcDbEntity
  8
02-MUROS INTERIORES
100
AcDbLine
 10
136.049201
 20
135.877966
 30
0.0
 11
136.049201
 21
138.377966
 31
0.0
  0
LINE
  5
431
330
1F
100
AcDbEntity
  8
02-MUROS INTERIORES
100
AcDbLine
 10
137.249201
 20
134.277966
 30
0.0
 11
137.249201
 21
135.777966
 31
0.0
  0
LINE
  5
432
330
1F
100
AcDbEntity
  8
02-MUROS INTERIORES
100
AcDbLine
 10
137.249201
 20
135.877966
 30
0.0
 11
137.249201
 21
138.377966
 31
0.0
  0
LINE
  5
433
330
1F
100
AcDbEntity
  8
02-MUROS INTERIORES
100
AcDbLine
 10
137.349201
 20
134.277966
 30
0.0
 11
137.349201
 21
138.377966
 31
0.0
  0
LINE
  5
434
330
1F
100
AcDbEntity
  8
02-MUROS INTERIORES
100
AcDbLine
 10
138.949201
 20
134.277966
 30
0.0
 11
138.949201
 21
138.377966
 31
0.0
  0
LINE
  5
435
330
1F
100
AcDbEntity
  8
02-MUROS INTERIORES
100
AcDbLine
 10
139.049201
 20
134.277966
 30
0.0
 11
139.049201
 21
138.377966
 31
0.0
  0
LINE
  5
436
330
1F
100
AcDbEntity
  8
02-MUROS INTERIORES
100
AcDbLine
 10
136.049201
 20
138.377966
 30
0.0
 11
136.194344
 21
138.377966
 31
0.0
  0
LINE
  5
437
330
1F
100
AcDbEntity
  8
02-MUROS INTERIORES
100
AcDbLine
 10
137.144344
 20
138.377966
 30
0.0
 11
137.249201
 21
138.377966
 31
0.0
  0
LINE
  5
438
330
1F
100
AcDbEntity
  8
02-MUROS INTERIORES
100
AcDbLine
 10
136.049201
 20
135.877966
 30
0.0
 11
137.249201
 21
135.877966
 31
0.0
  0
LINE
  5
439
330
1F
100
AcDbEntity
  8
02-MUROS INTERIORES
100
AcDbLine
 10
135.949201
 20
135.777966
 30
0.0
 11
137.249201
 21
135.777966
 31
0.0
  0
LINE
  5
43A
330
1F
100
AcDbEntity
  8
02-MUROS INTERIORES
100
AcDbLine
 10
158.249201
 20
133.077966
 30
0.0
 11
158.249201
 21
132.920556
 31
0.0
  0
LINE
  5
43B
330
1F
100
AcDbEntity
  8
02-MUROS INTERIORES
100
AcDbLine
 10
158.249201
 20
131.970556
 30
0.0
 11
158.249201
 21
130.077966
 31
0.0
  0
LINE
  5
43C
330
1F
100
AcDbEntity
  8
02-MUROS INTERIORES
100
AcDbLine
 10
162.249201
 20
133.077966
 30
0.0
 11
162.249201
 21
131.077966
 31
0.0
  0
LINE
  5
43D
330
1F
100
AcDbEntity
  8
02-MUROS INTERIORES
100
AcDbLine
 10
163.749201
 20
133.077966
 30
0.0
 11
163.749201
 21
130.077966
 31
0.0
  0
LINE
  5
43E
330
1F
100
AcDbEntity
  8
02-MUROS INTERIORES
100
AcDbLine
 10
166.549201
 20
133.077966
 30
0.0
 11
166.549201
 21
130.977966
 31
0.0
  0
LINE
  5
43F
330
1F
100
AcDbEntity
  8
02-MUROS INTERIORES
100
AcDbLine
 10
170.049201
 20
129.977966
 30
0.0
 11
170.049201
 21
129.799538
 31
0.0
  0
LINE
  5
440
330
1F
100
AcDbEntity
  8
02-MUROS INTERIORES
100
AcDbLine
 10
170.049201
 20
128.849538
 30
0.0
 11
170.049201
 21
128.694677
 31
0.0
  0
LINE
  5
441
330
1F
100
AcDbEntity
  8
02-MUROS INTERIORES
100
AcDbLine
 10
158.349201
 20
133.077966
 30
0.0
 11
158.349201
 21
132.920556
 31
0.0
  0
LINE
  5
442
330
1F
100
AcDbEntity
  8
02-MUROS INTERIORES
100
AcDbLine
 10
158.349201
 20
131.970556
 30
0.0
 11
158.349201
 21
130.077966
 31
0.0
  0
LINE
  5
443
330
1F
100
AcDbEntity
  8
02-MUROS INTERIORES
100
AcDbLine
 10
158.349201
 20
133.077966
 30
0.0
 11
158.349201
 21
132.920556
 31
0.0
  0
LINE
  5
444
330
1F
100
AcDbEntity
  8
02-MUROS INTERIORES
100
AcDbLine
 10
158.349201
 20
131.970556
 30
0.0
 11
158.349201
 21
130.077966
 31
0.0
  0
LINE
  5
445
330
1F
100
AcDbEntity
  8
02-MUROS INTERIORES
100
AcDbLine
 10
162.349201
 20
133.077966
 30
0.0
 11
162.349201
 21
131.077966
 31
0.0
  0
LINE
  5
446
330
1F
100
AcDbEntity
  8
02-MUROS INTERIORES
100
AcDbLine
 10
163.849201
 20
133.077966
 30
0.0
 11
163.849201
 21
130.077966
 31
0.0
  0
LINE
  5
447
330
1F
100
AcDbEntity
  8
02-MUROS INTERIORES
100
AcDbLine
 10
166.649201
 20
133.077966
 30
0.0
 11
166.649201
 21
132.077966
 31
0.0
  0
LINE
  5
448
330
1F
100
AcDbEntity
  8
02-MUROS INTERIORES
100
AcDbLine
 10
166.649201
 20
131.977966
 30
0.0
 11
166.649201
 21
131.077966
 31
0.0
  0
LINE
  5
449
330
1F
100
AcDbEntity
  8
02-MUROS INTERIORES
100
AcDbLine
 10
170.149201
 20
133.077966
 30
0.0
 11
170.149201
 21
129.799538
 31
0.0
  0
LINE
  5
44A
330
1F
100
AcDbEntity
  8
02-MUROS INTERIORES
100
AcDbLine
 10
170.149201
 20
128.849538
 30
0.0
 11
170.149201
 21
128.694677
 31
0.0
  0
LINE
  5
44B
330
1F
100
AcDbEntity
  8
02-MUROS INTERIORES
100
AcDbLine
 10
156.249201
 20
130.077966
 30
0.0
 11
157.164903
 21
130.077966
 31
0.0
  0
LINE
  5
44C
330
1F
100
AcDbEntity
  8
02-MUROS INTERIORES
100
AcDbLine
 10
158.114903
 20
130.077966
 30
0.0
 11
158.249201
 21
130.077966
 31
0.0
  0
LINE
  5
44D
330
1F
100
AcDbEntity
  8
02-MUROS INTERIORES
100
AcDbLine
 10
158.349201
 20
130.077966
 30
0.0
 11
162.708493
 21
130.077966
 31
0.0
  0
LINE
  5
44E
330
1F
100
AcDbEntity
  8
02-MUROS INTERIORES
100
AcDbLine
 10
163.658493
 20
130.077966
 30
0.0
 11
163.749201
 21
130.077966
 31
0.0
  0
LINE
  5
44F
330
1F
100
AcDbEntity
  8
02-MUROS INTERIORES
100
AcDbLine
 10
163.849201
 20
130.077966
 30
0.0
 11
165.487218
 21
130.077966
 31
0.0
  0
LINE
  5
450
330
1F
100
AcDbEntity
  8
02-MUROS INTERIORES
100
AcDbLine
 10
166.437218
 20
130.077966
 30
0.0
 11
167.049201
 21
130.077966
 31
0.0
  0
LINE
  5
451
330
1F
100
AcDbEntity
  8
02-MUROS INTERIORES
100
AcDbLine
 10
167.149201
 20
130.077966
 30
0.0
 11
167.72353
 21
130.077966
 31
0.0
  0
LINE
  5
452
330
1F
100
AcDbEntity
  8
02-MUROS INTERIORES
100
AcDbLine
 10
168.67353
 20
130.077966
 30
0.0
 11
170.049201
 21
130.077966
 31
0.0
  0
LINE
  5
453
330
1F
100
AcDbEntity
  8
02-MUROS INTERIORES
100
AcDbLine
 10
156.249201
 20
129.977966
 30
0.0
 11
157.164903
 21
129.977966
 31
0.0
  0
LINE
  5
454
330
1F
100
AcDbEntity
  8
02-MUROS INTERIORES
100
AcDbLine
 10
158.114903
 20
129.977966
 30
0.0
 11
162.708493
 21
129.977966
 31
0.0
  0
LINE
  5
455
330
1F
100
AcDbEntity
  8
02-MUROS INTERIORES
100
AcDbLine
 10
163.658493
 20
129.977966
 30
0.0
 11
165.487218
 21
129.977966
 31
0.0
  0
LINE
  5
456
330
1F
100
AcDbEntity
  8
02-MUROS INTERIORES
100
AcDbLine
 10
166.437218
 20
129.977966
 30
0.0
 11
167.449201
 21
129.977966
 31
0.0
  0
LINE
  5
457
330
1F
100
AcDbEntity
  8
02-MUROS INTERIORES
100
AcDbLine
 10
167.549201
 20
129.977966
 30
0.0
 11
167.72353
 21
129.977966
 31
0.0
  0
LINE
  5
458
330
1F
100
AcDbEntity
  8
02-MUROS INTERIORES
100
AcDbLine
 10
168.67353
 20
129.977966
 30
0.0
 11
170.049201
 21
129.977966
 31
0.0
  0
LINE
  5
459
330
1F
100
AcDbEntity
  8
02-MUROS INTERIORES
100
AcDbLine
 10
156.249201
 20
129.861203
 30
0.0
 11
155.949201
 21
129.861203
 31
0.0
  0
LINE
  5
45A
330
1F
100
AcDbEntity
  8
02-MUROS INTERIORES
100
AcDbLine
 10
156.249201
 20
128.861203
 30
0.0
 11
155.949201
 21
128.861203
 31
0.0
  0
LINE
  5
45B
330
1F
100
AcDbEntity
  8
02-MUROS INTERIORES
100
AcDbLine
 10
156.249201
 20
128.694677
 30
0.0
 11
157.887909
 21
128.694677
 31
0.0
  0
LINE
  5
45C
330
1F
100
AcDbEntity
  8
02-MUROS INTERIORES
100
AcDbLine
 10
158.837909
 20
128.694677
 30
0.0
 11
161.396582
 21
128.694677
 31
0.0
  0
LINE
  5
45D
330
1F
100
AcDbEntity
  8
02-MUROS INTERIORES
100
AcDbLine
 10
162.346582
 20
128.694677
 30
0.0
 11
163.379498
 21
128.694677
 31
0.0
  0
LINE
  5
45E
330
1F
100
AcDbEntity
  8
02-MUROS INTERIORES
100
AcDbLine
 10
164.329498
 20
128.694677
 30
0.0
 11
166.416054
 21
128.694677
 31
0.0
  0
LINE
  5
45F
330
1F
100
AcDbEntity
  8
02-MUROS INTERIORES
100
AcDbLine
 10
167.366054
 20
128.694677
 30
0.0
 11
167.449201
 21
128.694677
 31
0.0
  0
LINE
  5
460
330
1F
100
AcDbEntity
  8
02-MUROS INTERIORES
100
AcDbLine
 10
167.549201
 20
128.694677
 30
0.0
 11
168.191165
 21
128.694677
 31
0.0
  0
LINE
  5
461
330
1F
100
AcDbEntity
  8
02-MUROS INTERIORES
100
AcDbLine
 10
169.141165
 20
128.694677
 30
0.0
 11
169.349201
 21
128.694677
 31
0.0
  0
LINE
  5
462
330
1F
100
AcDbEntity
  8
02-MUROS INTERIORES
100
AcDbLine
 10
170.049049
 20
128.694677
 30
0.0
 11
170.049201
 21
128.694677
 31
0.0
  0
LINE
  5
463
330
1F
100
AcDbEntity
  8
02-MUROS INTERIORES
100
AcDbLine
 10
170.149201
 20
128.694677
 30
0.0
 11
174.849201
 21
128.694677
 31
0.0
  0
LINE
  5
464
330
1F
100
AcDbEntity
  8
02-MUROS INTERIORES
100
AcDbLine
 10
156.249201
 20
125.694677
 30
0.0
 11
158.949201
 21
125.694677
 31
0.0
  0
LINE
  5
465
330
1F
100
AcDbEntity
  8
02-MUROS INTERIORES
100
AcDbLine
 10
159.049201
 20
125.694677
 30
0.0
 11
162.449201
 21
125.694677
 31
0.0
  0
LINE
  5
466
330
1F
100
AcDbEntity
  8
02-MUROS INTERIORES
100
AcDbLine
 10
162.549201
 20
125.694677
 30
0.0
 11
164.449201
 21
125.694677
 31
0.0
  0
LINE
  5
467
330
1F
100
AcDbEntity
  8
02-MUROS INTERIORES
100
AcDbLine
 10
164.549201
 20
125.694677
 30
0.0
 11
165.949201
 21
125.694677
 31
0.0
  0
LINE
  5
468
330
1F
100
AcDbEntity
  8
02-MUROS INTERIORES
100
AcDbLine
 10
156.249201
 20
128.594677
 30
0.0
 11
157.887909
 21
128.594677
 31
0.0
  0
LINE
  5
469
330
1F
100
AcDbEntity
  8
02-MUROS INTERIORES
100
AcDbLine
 10
158.837909
 20
128.594677
 30
0.0
 11
158.949201
 21
128.594677
 31
0.0
  0
LINE
  5
46A
330
1F
100
AcDbEntity
  8
02-MUROS INTERIORES
100
AcDbLine
 10
159.049201
 20
128.594677
 30
0.0
 11
161.396582
 21
128.594677
 31
0.0
  0
LINE
  5
46B
330
1F
100
AcDbEntity
  8
02-MUROS INTERIORES
100
AcDbLine
 10
162.346582
 20
128.594677
 30
0.0
 11
162.449201
 21
128.594677
 31
0.0
  0
LINE
  5
46C
330
1F
100
AcDbEntity
  8
02-MUROS INTERIORES
100
AcDbLine
 10
162.549201
 20
128.594677
 30
0.0
 11
163.379498
 21
128.594677
 31
0.0
  0
LINE
  5
46D
330
1F
100
AcDbEntity
  8
02-MUROS INTERIORES
100
AcDbLine
 10
164.329498
 20
128.594677
 30
0.0
 11
164.449201
 21
128.594677
 31
0.0
  0
LINE
  5
46E
330
1F
100
AcDbEntity
  8
02-MUROS INTERIORES
100
AcDbLine
 10
164.549201
 20
128.594677
 30
0.0
 11
165.949201
 21
128.594677
 31
0.0
  0
LINE
  5
46F
330
1F
100
AcDbEntity
  8
02-MUROS INTERIORES
100
AcDbLine
 10
166.049201
 20
128.594677
 30
0.0
 11
166.416054
 21
128.594677
 31
0.0
  0
LINE
  5
470
330
1F
100
AcDbEntity
  8
02-MUROS INTERIORES
100
AcDbLine
 10
167.366054
 20
128.594677
 30
0.0
 11
167.449201
 21
128.594677
 31
0.0
  0
LINE
  5
471
330
1F
100
AcDbEntity
  8
02-MUROS INTERIORES
100
AcDbLine
 10
167.549201
 20
128.594677
 30
0.0
 11
168.191165
 21
128.594677
 31
0.0
  0
LINE
  5
472
330
1F
100
AcDbEntity
  8
02-MUROS INTERIORES
100
AcDbLine
 10
169.141165
 20
128.594677
 30
0.0
 11
169.249201
 21
128.594677
 31
0.0
  0
LINE
  5
473
330
1F
100
AcDbEntity
  8
02-MUROS INTERIORES
100
AcDbLine
 10
170.049049
 20
128.594677
 30
0.0
 11
174.849201
 21
128.594677
 31
0.0
  0
LINE
  5
474
330
1F
100
AcDbEntity
  8
02-MUROS INTERIORES
100
AcDbLine
 10
156.249201
 20
125.594677
 30
0.0
 11
159.749201
 21
125.594677
 31
0.0
  0
LINE
  5
475
330
1F
100
AcDbEntity
  8
02-MUROS INTERIORES
100
AcDbLine
 10
159.849201
 20
125.594677
 30
0.0
 11
165.949201
 21
125.594677
 31
0.0
  0
LINE
  5
476
330
1F
100
AcDbEntity
  8
02-MUROS INTERIORES
100
AcDbLine
 10
156.249201
 20
133.077966
 30
0.0
 11
158.249201
 21
133.077966
 31
0.0
  0
LINE
  5
477
330
1F
100
AcDbEntity
  8
01-MUROS EXTERIORES
100
AcDbLine
 10
158.349201
 20
133.077966
 30
0.0
 11
158.541279
 21
133.077966
 31
0.0
  0
LINE
  5
478
330
1F
100
AcDbEntity
  8
02-MUROS INTERIORES
100
AcDbLine
 10
160.541279
 20
133.077966
 30
0.0
 11
160.791989
 21
133.077966
 31
0.0
  0
LINE
  5
479
330
1F
100
AcDbEntity
  8
02-MUROS INTERIORES
100
AcDbLine
 10
162.091989
 20
133.077966
 30
0.0
 11
167.916775
 21
133.077966
 31
0.0
  0
LINE
  5
47A
330
1F
100
AcDbEntity
  8
02-MUROS INTERIORES
100
AcDbLine
 10
169.216775
 20
133.077966
 30
0.0
 11
174.849201
 21
133.077966
 31
0.0
  0
LINE
  5
47B
330
1F
100
AcDbEntity
  8
02-MUROS INTERIORES
100
AcDbLine
 10
159.849201
 20
124.094677
 30
0.0
 11
165.949201
 21
124.094677
 31
0.0
  0
LINE
  5
47C
330
1F
100
AcDbEntity
  8
02-MUROS INTERIORES
100
AcDbLine
 10
166.049201
 20
124.094677
 30
0.0
 11
169.249201
 21
124.094677
 31
0.0
  0
LINE
  5
47D
330
1F
100
AcDbEntity
  8
02-MUROS INTERIORES
100
AcDbLine
 10
169.349201
 20
124.094677
 30
0.0
 11
174.849201
 21
124.094677
 31
0.0
  0
LINE
  5
47E
330
1F
100
AcDbEntity
  8
02-MUROS INTERIORES
100
AcDbLine
 10
159.849201
 20
123.994677
 30
0.0
 11
174.849201
 21
123.994677
 31
0.0
  0
LINE
  5
47F
330
1F
100
AcDbEntity
  8
02-MUROS INTERIORES
100
AcDbLine
 10
156.249201
 20
128.594677
 30
0.0
 11
156.249201
 21
125.694677
 31
0.0
  0
LINE
  5
480
330
1F
100
AcDbEntity
  8
02-MUROS INTERIORES
100
AcDbLine
 10
158.949201
 20
128.594677
 30
0.0
 11
158.949201
 21
125.694677
 31
0.0
  0
LINE
  5
481
330
1F
100
AcDbEntity
  8
02-MUROS INTERIORES
100
AcDbLine
 10
162.449201
 20
128.594677
 30
0.0
 11
162.449201
 21
125.694677
 31
0.0
  0
LINE
  5
482
330
1F
100
AcDbEntity
  8
02-MUROS INTERIORES
100
AcDbLine
 10
164.449201
 20
128.594677
 30
0.0
 11
164.449201
 21
126.771905
 31
0.0
  0
LINE
  5
483
330
1F
100
AcDbEntity
  8
02-MUROS INTERIORES
100
AcDbLine
 10
164.449201
 20
125.821905
 30
0.0
 11
164.449201
 21
125.694677
 31
0.0
  0
LINE
  5
484
330
1F
100
AcDbEntity
  8
02-MUROS INTERIORES
100
AcDbLine
 10
165.949201
 20
128.594677
 30
0.0
 11
165.949201
 21
125.694677
 31
0.0
  0
LINE
  5
485
330
1F
100
AcDbEntity
  8
02-MUROS INTERIORES
100
AcDbLine
 10
165.949201
 20
125.594677
 30
0.0
 11
165.949201
 21
125.171183
 31
0.0
  0
LINE
  5
486
330
1F
100
AcDbEntity
  8
02-MUROS INTERIORES
100
AcDbLine
 10
165.949201
 20
124.221183
 30
0.0
 11
165.949201
 21
124.094677
 31
0.0
  0
LINE
  5
487
330
1F
100
AcDbEntity
  8
02-MUROS INTERIORES
100
AcDbLine
 10
169.249201
 20
128.594677
 30
0.0
 11
169.249201
 21
126.594677
 31
0.0
  0
LINE
  5
488
330
1F
100
AcDbEntity
  8
02-MUROS INTERIORES
100
AcDbLine
 10
169.249201
 20
126.494677
 30
0.0
 11
169.249201
 21
124.094677
 31
0.0
  0
LINE
  5
489
330
1F
100
AcDbEntity
  8
02-MUROS INTERIORES
100
AcDbLine
 10
167.449201
 20
128.594677
 30
0.0
 11
167.449201
 21
126.494677
 31
0.0
  0
LINE
  5
48A
330
1F
100
AcDbEntity
  8
02-MUROS INTERIORES
100
AcDbLine
 10
159.049201
 20
128.594677
 30
0.0
 11
159.049201
 21
125.694677
 31
0.0
  0
LINE
  5
48B
330
1F
100
AcDbEntity
  8
02-MUROS INTERIORES
100
AcDbLine
 10
162.549201
 20
128.594677
 30
0.0
 11
162.549201
 21
125.694677
 31
0.0
  0
LINE
  5
48C
330
1F
100
AcDbEntity
  8
02-MUROS INTERIORES
100
AcDbLine
 10
164.549201
 20
128.594677
 30
0.0
 11
164.549201
 21
126.771905
 31
0.0
  0
LINE
  5
48D
330
1F
100
AcDbEntity
  8
02-MUROS INTERIORES
100
AcDbLine
 10
164.549201
 20
125.821905
 30
0.0
 11
164.549201
 21
125.694677
 31
0.0
  0
LINE
  5
48E
330
1F
100
AcDbEntity
  8
02-MUROS INTERIORES
100
AcDbLine
 10
166.049201
 20
128.594677
 30
0.0
 11
166.049201
 21
125.171183
 31
0.0
  0
LINE
  5
48F
330
1F
100
AcDbEntity
  8
02-MUROS INTERIORES
100
AcDbLine
 10
166.049201
 20
124.221183
 30
0.0
 11
166.049201
 21
124.094677
 31
0.0
  0
LINE
  5
490
330
1F
100
AcDbEntity
  8
02-MUROS INTERIORES
100
AcDbLine
 10
169.349201
 20
128.594677
 30
0.0
 11
169.349201
 21
124.094677
 31
0.0
  0
LINE
  5
491
330
1F
100
AcDbEntity
  8
02-MUROS INTERIORES
100
AcDbLine
 10
167.549201
 20
128.594677
 30
0.0
 11
167.549201
 21
126.594677
 31
0.0
  0
LINE
  5
492
330
1F
100
AcDbEntity
  8
02-MUROS INTERIORES
100
AcDbLine
 10
167.549201
 20
128.594677
 30
0.0
 11
168.191165
 21
128.594677
 31
0.0
  0
LINE
  5
493
330
1F
100
AcDbEntity
  8
02-MUROS INTERIORES
100
AcDbLine
 10
169.141165
 20
128.594677
 30
0.0
 11
169.249201
 21
128.594677
 31
0.0
  0
LINE
  5
494
330
1F
100
AcDbEntity
  8
02-MUROS INTERIORES
100
AcDbLine
 10
167.549201
 20
126.594677
 30
0.0
 11
169.249201
 21
126.594677
 31
0.0
  0
LINE
  5
495
330
1F
100
AcDbEntity
  8
02-MUROS INTERIORES
100
AcDbLine
 10
167.449201
 20
126.494677
 30
0.0
 11
169.249201
 21
126.494677
 31
0.0
  0
LINE
  5
496
330
1F
100
AcDbEntity
  8
02-MUROS INTERIORES
100
AcDbLine
 10
169.249201
 20
128.594677
 30
0.0
 11
169.249201
 21
128.594677
 31
0.0
  0
LINE
  5
497
330
1F
100
AcDbEntity
  8
02-MUROS INTERIORES
100
AcDbLine
 10
159.749201
 20
115.094677
 30
0.0
 11
159.749201
 21
119.594677
 31
0.0
  0
LINE
  5
498
330
1F
100
AcDbEntity
  8
02-MUROS INTERIORES
100
AcDbLine
 10
159.749201
 20
119.694677
 30
0.0
 11
159.749201
 21
124.497349
 31
0.0
  0
LINE
  5
499
330
1F
100
AcDbEntity
  8
02-MUROS INTERIORES
100
AcDbLine
 10
159.749201
 20
125.447349
 30
0.0
 11
159.749201
 21
125.594677
 31
0.0
  0
LINE
  5
49A
330
1F
100
AcDbEntity
  8
02-MUROS INTERIORES
100
AcDbLine
 10
159.849201
 20
114.994677
 30
0.0
 11
159.849201
 21
123.994677
 31
0.0
  0
LINE
  5
49B
330
1F
100
AcDbEntity
  8
02-MUROS INTERIORES
100
AcDbLine
 10
159.849201
 20
124.094677
 30
0.0
 11
159.849201
 21
124.497349
 31
0.0
  0
LINE
  5
49C
330
1F
100
AcDbEntity
  8
02-MUROS INTERIORES
100
AcDbLine
 10
159.849201
 20
125.447349
 30
0.0
 11
159.849201
 21
125.594677
 31
0.0
  0
LINE
  5
49D
330
1F
100
AcDbEntity
  8
02-MUROS INTERIORES
100
AcDbLine
 10
156.249201
 20
115.094677
 30
0.0
 11
159.749201
 21
115.094677
 31
0.0
  0
LINE
  5
49E
330
1F
100
AcDbEntity
  8
02-MUROS INTERIORES
100
AcDbLine
 10
156.249201
 20
114.994677
 30
0.0
 11
159.849201
 21
114.994677
 31
0.0
  0
LINE
  5
49F
330
1F
100
AcDbEntity
  8
02-MUROS INTERIORES
100
AcDbLine
 10
156.249201
 20
119.594677
 30
0.0
 11
159.749201
 21
119.594677
 31
0.0
  0
LINE
  5
4A0
330
1F
100
AcDbEntity
  8
02-MUROS INTERIORES
100
AcDbLine
 10
156.249201
 20
119.694677
 30
0.0
 11
159.749201
 21
119.694677
 31
0.0
  0
LWPOLYLINE
  5
4A1
330
1F
100
AcDbEntity
  8
09-REJAS
 62
     2
100
AcDbPolyline
 90
        4
 70
     1
 43
0.0
 10
174.500667
 20
122.047966
 10
174.650667
 20
122.047966
 10
174.650667
 20
117.547966
 10
174.500667
 20
117.547966
  0
LINE
  5
4A2
330
1F
100
AcDbEntity
  8
02-MUROS INTERIORES
 62
     0
100
AcDbLine
 10
174.849201
 20
115.547966
 30
0.0
 11
162.849201
 21
115.547966
 31
0.0
  0
LINE
  5
4A3
330
1F
100
AcDbEntity
  8
02-MUROS INTERIORES
 62
     0
100
AcDbLine
 10
162.849201
 20
115.547966
 30
0.0
 11
162.849201
 21
112.047966
 31
0.0
  0
LINE
  5
4A4
330
1F
100
AcDbEntity
  8
02-MUROS INTERIORES
 62
     0
100
AcDbLine
 10
162.849201
 20
112.047966
 30
0.0
 11
156.249201
 21
112.047966
 31
0.0
  0
LINE
  5
4A5
330
1F
100
AcDbEntity
  8
02-MUROS INTERIORES
 62
     0
100
AcDbLine
 10
155.649201
 20
129.861203
 30
0.0
 11
155.649201
 21
128.861203
 31
0.0
  0
LINE
  5
4A6
330
1F
100
AcDbEntity
  8
02-MUROS INTERIORES
 62
     0
100
AcDbLine
 10
155.349201
 20
129.861203
 30
0.0
 11
155.349201
 21
128.861203
 31
0.0
  0
LINE
  5
4A7
330
1F
100
AcDbEntity
  8
02-MUROS INTERIORES
 62
     0
100
AcDbLine
 10
155.049201
 20
129.861203
 30
0.0
 11
155.049201
 21
128.861203
 31
0.0
  0
LINE
  5
4A8
330
1F
100
AcDbEntity
  8
02-MUROS INTERIORES
 62
     0
100
AcDbLine
 10
154.749201
 20
129.861203
 30
0.0
 11
154.749201
 21
128.861203
 31
0.0
  0
LINE
  5
4A9
330
1F
100
AcDbEntity
  8
02-MUROS INTERIORES
 62
     0
100
AcDbLine
 10
154.749201
 20
129.861203
 30
0.0
 11
155.949201
 21
129.861203
 31
0.0
  0
LINE
  5
4AA
330
1F
100
AcDbEntity
  8
02-MUROS INTERIORES
 62
     0
100
AcDbLine
 10
154.749201
 20
128.861203
 30
0.0
 11
155.949201
 21
128.861203
 31
0.0
  0
LINE
  5
4AB
330
1F
100
AcDbEntity
  8
02-MUROS INTERIORES
100
AcDbLine
 10
162.249201
 20
133.077966
 30
0.0
 11
162.349201
 21
133.077966
 31
0.0
  0
LINE
  5
4AC
330
1F
100
AcDbEntity
  8
02-MUROS INTERIORES
100
AcDbLine
 10
162.249201
 20
131.077966
 30
0.0
 11
162.349201
 21
131.077966
 31
0.0
  0
LINE
  5
4AD
330
1F
100
AcDbEntity
  8
02-MUROS INTERIORES
100
AcDbLine
 10
166.649201
 20
132.077966
 30
0.0
 11
167.649201
 21
132.077966
 31
0.0
  0
LINE
  5
4AE
330
1F
100
AcDbEntity
  8
02-MUROS INTERIORES
100
AcDbLine
 10
166.649201
 20
131.977966
 30
0.0
 11
167.649201
 21
131.977966
 31
0.0
  0
LINE
  5
4AF
330
1F
100
AcDbEntity
  8
02-MUROS INTERIORES
100
AcDbLine
 10
166.649201
 20
131.077966
 30
0.0
 11
167.649201
 21
131.077966
 31
0.0
  0
LINE
  5
4B0
330
1F
100
AcDbEntity
  8
02-MUROS INTERIORES
100
AcDbLine
 10
166.649201
 20
130.977966
 30
0.0
 11
167.049201
 21
130.977966
 31
0.0
  0
LINE
  5
4B1
330
1F
100
AcDbEntity
  8
02-MUROS INTERIORES
100
AcDbLine
 10
167.149201
 20
130.977966
 30
0.0
 11
167.649201
 21
130.977966
 31
0.0
  0
LINE
  5
4B2
330
1F
100
AcDbEntity
  8
02-MUROS INTERIORES
100
AcDbLine
 10
167.649201
 20
132.077966
 30
0.0
 11
167.649201
 21
131.977966
 31
0.0
  0
LINE
  5
4B3
330
1F
100
AcDbEntity
  8
02-MUROS INTERIORES
100
AcDbLine
 10
167.649201
 20
131.077966
 30
0.0
 11
167.649201
 21
130.977966
 31
0.0
  0
LINE
  5
4B4
330
1F
100
AcDbEntity
  8
02-MUROS INTERIORES
100
AcDbLine
 10
167.149201
 20
130.977966
 30
0.0
 11
167.149201
 21
130.077966
 31
0.0
  0
LINE
  5
4B5
330
1F
100
AcDbEntity
  8
02-MUROS INTERIORES
100
AcDbLine
 10
167.049201
 20
130.977966
 30
0.0
 11
167.049201
 21
130.077966
 31
0.0
  0
LINE
  5
4B6
330
1F
100
AcDbEntity
  8
02-MUROS INTERIORES
100
AcDbLine
 10
166.649201
 20
130.977966
 30
0.0
 11
166.549201
 21
130.977966
 31
0.0
  0
MTEXT
  5
4B7
330
1F
100
AcDbEntity
  8
11-TEXTO
100
AcDbMText
 10
176.176288
 20
114.671023
 30
0.0
 40
1.0
 41
11.573578
 46
0.0
 71
     1
 72
     5
  1
Calle Oneto Norte
 11
6.123233995736766E-17
 21
1.0
 31
0.0
 73
     1
 44
1.0
1001
ACAD
1000
ACAD_MTEXT_COLUMN_INFO_BEGIN
1070
    75
1070
     2
1070
    79
1070
     0
1070
    76
1070
     1
1070
    78
1070
     0
1070
    48
1040
11.573578
1070
    49
1040
12.5
1070
    50
1070
     1
1040
0.0
1000
ACAD_MTEXT_COLUMN_INFO_END
  0
MTEXT
  5
4B8
330
1F
100
AcDbEntity
  8
11-TEXTO
100
AcDbMText
 10
166.881665
 20
120.266304
 30
0.0
 40
0.5
 41
2.604066
 46
0.0
 71
     1
 72
     5
  1
\pxqc;Patio Interno
 73
     1
 44
1.0
1001
ACAD
1000
ACAD_MTEXT_COLUMN_INFO_BEGIN
1070
    75
1070
     2
1070
    79
1070
     0
1070
    76
1070
     1
1070
    78
1070
     0
1070
    48
1040
2.604066
1070
    49
1040
12.5
1070
    50
1070
     1
1040
0.0
1000
ACAD_MTEXT_COLUMN_INFO_END
  0
MTEXT
  5
4B9
330
1F
100
AcDbEntity
  8
11-TEXTO
100
AcDbMText
 10
166.40111
 20
125.472353
 30
0.0
 40
0.3
 41
2.604066
 46
0.0
 71
     1
 72
     5
  1
\pxqc;Oficce
 73
     1
 44
1.0
1001
ACAD
1000
ACAD_MTEXT_COLUMN_INFO_BEGIN
1070
    75
1070
     2
1070
    79
1070
     0
1070
    76
1070
     1
1070
    78
1070
     0
1070
    48
1040
2.604066
1070
    49
1040
12.5
1070
    50
1070
     1
1040
0.0
1000
ACAD_MTEXT_COLUMN_INFO_END
  0
MTEXT
  5
4BA
330
1F
100
AcDbEntity
  8
11-TEXTO
100
AcDbMText
 10
167.105559
 20
127.015986
 30
0.0
 40
0.3
 41
2.604066
 46
0.0
 71
     1
 72
     5
  1
\pxqc;Baño
 73
     1
 44
1.0
1001
ACAD
1000
ACAD_MTEXT_COLUMN_INFO_BEGIN
1070
    75
1070
     2
1070
    79
1070
     0
1070
    76
1070
     1
1070
    78
1070
     0
1070
    48
1040
2.604066
1070
    49
1040
12.5
1070
    50
1070
     1
1040
0.0
1000
ACAD_MTEXT_COLUMN_INFO_END
  0
MTEXT
  5
4BB
330
1F
100
AcDbEntity
  8
11-TEXTO
100
AcDbMText
 10
164.001614
 20
127.307692
 30
0.0
 40
0.3
 41
2.604066
 46
0.0
 71
     1
 72
     5
  1
\pxqc;Baño
 73
     1
 44
1.0
1001
ACAD
1000
ACAD_MTEXT_COLUMN_INFO_BEGIN
1070
    75
1070
     2
1070
    79
1070
     0
1070
    76
1070
     1
1070
    78
1070
     0
1070
    48
1040
2.604066
1070
    49
1040
12.5
1070
    50
1070
     1
1040
0.0
1000
ACAD_MTEXT_COLUMN_INFO_END
  0
MTEXT
  5
4BC
330
1F
100
AcDbEntity
  8
11-TEXTO
100
AcDbMText
 10
162.483226
 20
127.332554
 30
0.0
 40
0.3
 41
2.604066
 46
0.0
 71
     1
 72
     5
  1
\pxqc;Paso
 73
     1
 44
1.0
1001
ACAD
1000
ACAD_MTEXT_COLUMN_INFO_BEGIN
1070
    75
1070
     2
1070
    79
1070
     0
1070
    76
1070
     1
1070
    78
1070
     0
1070
    48
1040
2.604066
1070
    49
1040
12.5
1070
    50
1070
     1
1040
0.0
1000
ACAD_MTEXT_COLUMN_INFO_END
  0
MTEXT
  5
4BD
330
1F
100
AcDbEntity
  8
11-TEXTO
100
AcDbMText
 10
159.426234
 20
127.949388
 30
0.0
 40
0.5
 41
2.604066
 46
0.0
 71
     1
 72
     5
  1
\pxqc;Oficina Comercial
 73
     1
 44
1.0
1001
ACAD
1000
ACAD_MTEXT_COLUMN_INFO_BEGIN
1070
    75
1070
     2
1070
    79
1070
     0
1070
    76
1070
     1
1070
    78
1070
     0
1070
    48
1040
2.604066
1070
    49
1040
12.5
1070
    50
1070
     1
1040
0.0
1000
ACAD_MTEXT_COLUMN_INFO_END
  0
MTEXT
  5
4BE
330
1F
100
AcDbEntity
  8
11-TEXTO
100
AcDbMText
 10
156.349909
 20
127.462046
 30
0.0
 40
0.3
 41
2.604066
 46
0.0
 71
     1
 72
     5
  1
\pxqc;Oficina
 73
     1
 44
1.0
1001
ACAD
1000
ACAD_MTEXT_COLUMN_INFO_BEGIN
1070
    75
1070
     2
1070
    79
1070
     0
1070
    76
1070
     1
1070
    78
1070
     0
1070
    48
1040
2.604066
1070
    49
1040
12.5
1070
    50
1070
     1
1040
0.0
1000
ACAD_MTEXT_COLUMN_INFO_END
  0
MTEXT
  5
4BF
330
1F
100
AcDbEntity
  8
11-TEXTO
100
AcDbMText
 10
156.238518
 20
132.838125
 30
0.0
 40
0.3
 41
2.604066
 46
0.0
 71
     1
 72
     5
  1
\pxqc;Oficina\PDT
 73
     1
 44
1.0
1001
ACAD
1000
ACAD_MTEXT_COLUMN_INFO_BEGIN
1070
    75
1070
     2
1070
    79
1070
     0
1070
    76
1070
     1
1070
    78
1070
     0
1070
    48
1040
2.604066
1070
    49
1040
12.5
1070
    50
1070
     1
1040
0.0
1000
ACAD_MTEXT_COLUMN_INFO_END
  0
MTEXT
  5
4C0
330
1F
100
AcDbEntity
  8
11-TEXTO
100
AcDbMText
 10
158.925678
 20
132.500834
 30
0.0
 40
0.3
 41
2.604066
 46
0.0
 71
     1
 72
     5
  1
\pxqc;Recepcion
 73
     1
 44
1.0
1001
ACAD
1000
ACAD_MTEXT_COLUMN_INFO_BEGIN
1070
    75
1070
     2
1070
    79
1070
     0
1070
    76
1070
     1
1070
    78
1070
     0
1070
    48
1040
2.604066
1070
    49
1040
12.5
1070
    50
1070
     1
1040
0.0
1000
ACAD_MTEXT_COLUMN_INFO_END
  0
MTEXT
  5
4C1
330
1F
100
AcDbEntity
  8
11-TEXTO
100
AcDbMText
 10
163.945135
 20
132.711865
 30
0.0
 40
0.3
 41
2.604066
 46
0.0
 71
     1
 72
     5
  1
\pxqc;Oficina
 73
     1
 44
1.0
1001
ACAD
1000
ACAD_MTEXT_COLUMN_INFO_BEGIN
1070
    75
1070
     2
1070
    79
1070
     0
1070
    76
1070
     1
1070
    78
1070
     0
1070
    48
1040
2.604066
1070
    49
1040
12.5
1070
    50
1070
     1
1040
0.0
1000
ACAD_MTEXT_COLUMN_INFO_END
  0
MTEXT
  5
4C2
330
1F
100
AcDbEntity
  8
11-TEXTO
100
AcDbMText
 10
162.264896
 20
132.837175
 30
0.0
 40
0.2
 41
1.582711
 46
0.0
 71
     1
 72
     5
  1
\pxqc;Puesto Seguridad
 73
     1
 44
1.0
1001
ACAD
1000
ACAD_MTEXT_COLUMN_INFO_BEGIN
1070
    75
1070
     2
1070
    79
1070
     0
1070
    76
1070
     1
1070
    78
1070
     0
1070
    48
1040
1.582711
1070
    49
1040
12.5
1070
    50
1070
     1
1040
0.0
1000
ACAD_MTEXT_COLUMN_INFO_END
  0
MTEXT
  5
4C3
330
1F
100
AcDbEntity
  8
11-TEXTO
100
AcDbMText
 10
158.923425
 20
137.150213
 30
0.0
 40
0.5
 41
5.196265
 46
0.0
 71
     1
 72
     5
  1
\pxqc;Entrada Ocasa
 73
     1
 44
1.0
1001
ACAD
1000
ACAD_MTEXT_COLUMN_INFO_BEGIN
1070
    75
1070
     2
1070
    79
1070
     0
1070
    76
1070
     1
1070
    78
1070
     0
1070
    48
1040
5.196265
1070
    49
1040
12.5
1070
    50
1070
     1
1040
0.0
1000
ACAD_MTEXT_COLUMN_INFO_END
  0
LINE
  5
4C4
330
1F
100
AcDbEntity
  8
01-MUROS EXTERIORES
 62
     0
100
AcDbLine
 10
162.091989
 20
133.377966
 30
0.0
 11
162.091989
 21
136.177966
 31
0.0
  0
LINE
  5
4C5
330
1F
100
AcDbEntity
  8
01-MUROS EXTERIORES
 62
     0
100
AcDbLine
 10
162.091989
 20
134.677966
 30
0.0
 11
160.791989
 21
134.677966
 31
0.0
  0
LINE
  5
4C6
330
1F
100
AcDbEntity
  8
01-MUROS EXTERIORES
 62
     0
100
AcDbLine
 10
162.091989
 20
134.977966
 30
0.0
 11
160.791989
 21
134.977966
 31
0.0
  0
LINE
  5
4C7
330
1F
100
AcDbEntity
  8
01-MUROS EXTERIORES
 62
     0
100
AcDbLine
 10
162.091989
 20
135.277966
 30
0.0
 11
160.791989
 21
135.277966
 31
0.0
  0
LINE
  5
4C8
330
1F
100
AcDbEntity
  8
01-MUROS EXTERIORES
 62
     0
100
AcDbLine
 10
162.091989
 20
135.577966
 30
0.0
 11
160.791989
 21
135.577966
 31
0.0
  0
LINE
  5
4C9
330
1F
100
AcDbEntity
  8
01-MUROS EXTERIORES
 62
     0
100
AcDbLine
 10
162.091989
 20
135.877966
 30
0.0
 11
160.791989
 21
135.877966
 31
0.0
  0
LINE
  5
4CA
330
1F
100
AcDbEntity
  8
01-MUROS EXTERIORES
 62
     0
100
AcDbLine
 10
162.091989
 20
136.177966
 30
0.0
 11
160.791989
 21
136.177966
 31
0.0
  0
LINE
  5
4CB
330
1F
100
AcDbEntity
  8
01-MUROS EXTERIORES
 62
     0
100
AcDbLine
 10
160.791989
 20
136.177966
 30
0.0
 11
160.791989
 21
133.377966
 31
0.0
  0
LINE
  5
4CC
330
1F
100
AcDbEntity
  8
01-MUROS EXTERIORES
 62
     0
100
AcDbLine
 10
169.216775
 20
133.077966
 30
0.0
 11
169.216775
 21
136.177966
 31
0.0
  0
LINE
  5
4CD
330
1F
100
AcDbEntity
  8
01-MUROS EXTERIORES
 62
     0
100
AcDbLine
 10
169.216775
 20
134.677966
 30
0.0
 11
167.916775
 21
134.677966
 31
0.0
  0
LINE
  5
4CE
330
1F
100
AcDbEntity
  8
01-MUROS EXTERIORES
 62
     0
100
AcDbLine
 10
169.216775
 20
134.977966
 30
0.0
 11
167.916775
 21
134.977966
 31
0.0
  0
LINE
  5
4CF
330
1F
100
AcDbEntity
  8
01-MUROS EXTERIORES
 62
     0
100
AcDbLine
 10
169.216775
 20
135.277966
 30
0.0
 11
167.916775
 21
135.277966
 31
0.0
  0
LINE
  5
4D0
330
1F
100
AcDbEntity
  8
01-MUROS EXTERIORES
 62
     0
100
AcDbLine
 10
169.216775
 20
135.577966
 30
0.0
 11
167.916775
 21
135.577966
 31
0.0
  0
LINE
  5
4D1
330
1F
100
AcDbEntity
  8
01-MUROS EXTERIORES
 62
     0
100
AcDbLine
 10
169.216775
 20
135.877966
 30
0.0
 11
167.916775
 21
135.877966
 31
0.0
  0
LINE
  5
4D2
330
1F
100
AcDbEntity
  8
01-MUROS EXTERIORES
 62
     0
100
AcDbLine
 10
169.216775
 20
136.177966
 30
0.0
 11
167.916775
 21
136.177966
 31
0.0
  0
LINE
  5
4D3
330
1F
100
AcDbEntity
  8
01-MUROS EXTERIORES
 62
     0
100
AcDbLine
 10
167.916775
 20
136.177966
 30
0.0
 11
167.916775
 21
133.077966
 31
0.0
  0
MTEXT
  5
4D4
330
1F
100
AcDbEntity
  8
11-TEXTO
100
AcDbMText
 10
133.331739
 20
147.153296
 30
0.0
 40
1.0
 41
11.573578
 46
0.0
 71
     1
 72
     5
  1
\pxqc;Ruta N°25\PAv. La Plata
 73
     1
 44
1.0
1001
ACAD
1000
ACAD_MTEXT_COLUMN_INFO_BEGIN
1070
    75
1070
     2
1070
    79
1070
     0
1070
    76
1070
     1
1070
    78
1070
     0
1070
    48
1040
11.573578
1070
    49
1040
12.5
1070
    50
1070
     1
1040
0.0
1000
ACAD_MTEXT_COLUMN_INFO_END
  0
MTEXT
  5
4D5
330
1F
100
AcDbEntity
  8
11-TEXTO
100
AcDbMText
 10
147.913877
 20
138.642412
 30
0.0
 40
0.5
 41
5.196265
 46
0.0
 71
     1
 72
     5
  1
\pxqc;Area de Recepcion y Despacho
 73
     1
 44
1.0
1001
ACAD
1000
ACAD_MTEXT_COLUMN_INFO_BEGIN
1070
    75
1070
     2
1070
    79
1070
     0
1070
    76
1070
     1
1070
    78
1070
     0
1070
    48
1040
5.196265
1070
    49
1040
12.5
1070
    50
1070
     1
1040
0.0
1000
ACAD_MTEXT_COLUMN_INFO_END
  0
MTEXT
  5
4D6
330
1F
100
AcDbEntity
  8
11-TEXTO
100
AcDbMText
 10
141.737801
 20
128.601784
 30
0.0
 40
0.5
 41
11.573578
 46
0.0
 71
     1
 72
     5
  1
\pxqc;Depósito de Insumos Medicos
 73
     1
 44
1.0
1001
ACAD
1000
ACAD_MTEXT_COLUMN_INFO_BEGIN
1070
    75
1070
     2
1070
    79
1070
     0
1070
    76
1070
     1
1070
    78
1070
     0
1070
    48
1040
11.573578
1070
    49
1040
12.5
1070
    50
1070
     1
1040
0.0
1000
ACAD_MTEXT_COLUMN_INFO_END
  0
LWPOLYLINE
  5
4D7
330
1F
100
AcDbEntity
  8
09-REJAS
100
AcDbPolyline
 90
        4
 70
     1
 43
0.0
 10
135.699201
 20
133.677966
 10
135.099201
 20
133.677966
 10
135.099201
 20
133.177966
 10
135.699201
 20
133.177966
  0
LINE
  5
4D8
330
1F
100
AcDbEntity
  8
09-REJAS
 62
     2
100
AcDbLine
 10
135.599201
 20
131.677966
 30
0.0
 11
135.599201
 21
133.177966
 31
0.0
  0
LINE
  5
4D9
330
1F
100
AcDbEntity
  8
09-REJAS
 62
     2
100
AcDbLine
 10
135.699201
 20
131.677966
 30
0.0
 11
135.699201
 21
133.177966
 31
0.0
  0
LINE
  5
4DA
330
1F
100
AcDbEntity
  8
09-REJAS
100
AcDbLine
 10
135.599201
 20
131.677966
 30
0.0
 11
135.699201
 21
131.677966
 31
0.0
  0
LINE
  5
4DB
330
1F
100
AcDbEntity
  8
09-REJAS
100
AcDbLine
 10
135.349201
 20
133.677966
 30
0.0
 11
135.349201
 21
134.177966
 31
0.0
  0
LINE
  5
4DC
330
1F
100
AcDbEntity
  8
09-REJAS
100
AcDbLine
 10
135.449201
 20
133.677966
 30
0.0
 11
135.449201
 21
134.177966
 31
0.0
  0
LWPOLYLINE
  5
4DD
330
1F
100
AcDbEntity
  8
09-REJAS
 62
     2
100
AcDbPolyline
 90
        4
 70
     1
 43
0.0
 10
135.699201
 20
132.690551
 10
135.799201
 20
132.690551
 10
135.799201
 20
129.090551
 10
135.699201
 20
129.090551
  0
MTEXT
  5
4DE
330
1F
100
AcDbEntity
  8
11-TEXTO
100
AcDbMText
 10
140.382235
 20
139.812861
 30
0.0
 40
0.3
 41
5.196265
 46
0.0
 71
     1
 72
     5
  1
\pxqc;Sucursal Área Administrativa \Py Control \Pde Servicios
 73
     1
 44
1.0
1001
ACAD
1000
ACAD_MTEXT_COLUMN_INFO_BEGIN
1070
    75
1070
     2
1070
    79
1070
     0
1070
    76
1070
     1
1070
    78
1070
     0
1070
    48
1040
5.196265
1070
    49
1040
12.5
1070
    50
1070
     1
1040
0.0
1000
ACAD_MTEXT_COLUMN_INFO_END
  0
MTEXT
  5
4DF
330
1F
100
AcDbEntity
  8
11-TEXTO
100
AcDbMText
 10
133.307625
 20
142.499696
 30
0.0
 40
0.5
 41
2.604066
 46
0.0
 71
     1
 72
     5
  1
\pxqc;Office
 73
     1
 44
1.0
1001
ACAD
1000
ACAD_MTEXT_COLUMN_INFO_BEGIN
1070
    75
1070
     2
1070
    79
1070
     0
1070
    76
1070
     1
1070
    78
1070
     0
1070
    48
1040
2.604066
1070
    49
1040
12.5
1070
    50
1070
     1
1040
0.0
1000
ACAD_MTEXT_COLUMN_INFO_END
  0
MTEXT
  5
4E0
330
1F
100
AcDbEntity
  8
11-TEXTO
100
AcDbMText
 10
136.928564
 20
142.652977
 30
0.0
 40
0.5
 41
2.604066
 46
0.0
 71
     1
 72
     5
  1
\pxqc;Sala de Reuniones
 73
     1
 44
1.0
1001
ACAD
1000
ACAD_MTEXT_COLUMN_INFO_BEGIN
1070
    75
1070
     2
1070
    79
1070
     0
1070
    76
1070
     1
1070
    78
1070
     0
1070
    48
1040
2.604066
1070
    49
1040
12.5
1070
    50
1070
     1
1040
0.0
1000
ACAD_MTEXT_COLUMN_INFO_END
  0
MTEXT
  5
4E1
330
1F
100
AcDbEntity
  8
11-TEXTO
100
AcDbMText
 10
133.940601
 20
135.852617
 30
0.0
 40
0.2
 41
2.604066
 46
0.0
 71
     1
 72
     5
  1
\pxqc;Baño
 73
     1
 44
1.0
1001
ACAD
1000
ACAD_MTEXT_COLUMN_INFO_BEGIN
1070
    75
1070
     2
1070
    79
1070
     0
1070
    76
1070
     1
1070
    78
1070
     0
1070
    48
1040
2.604066
1070
    49
1040
12.5
1070
    50
1070
     1
1040
0.0
1000
ACAD_MTEXT_COLUMN_INFO_END
  0
MTEXT
  5
4E2
330
1F
100
AcDbEntity
  8
11-TEXTO
100
AcDbMText
 10
135.420802
 20
137.431211
 30
0.0
 40
0.2
 41
2.604066
 46
0.0
 71
     1
 72
     5
  1
\pxqc;Baño
 73
     1
 44
1.0
1001
ACAD
1000
ACAD_MTEXT_COLUMN_INFO_BEGIN
1070
    75
1070
     2
1070
    79
1070
     0
1070
    76
1070
     1
1070
    78
1070
     0
1070
    48
1040
2.604066
1070
    49
1040
12.5
1070
    50
1070
     1
1040
0.0
1000
ACAD_MTEXT_COLUMN_INFO_END
  0
MTEXT
  5
4E3
330
1F
100
AcDbEntity
  8
11-TEXTO
100
AcDbMText
 10
137.268963
 20
135.329596
 30
0.0
 40
0.2
 41
1.748493
 46
0.0
 71
     1
 72
     5
  1
\pxqc;Racks Sistemas
 73
     1
 44
1.0
1001
ACAD
1000
ACAD_MTEXT_COLUMN_INFO_BEGIN
1070
    75
1070
     2
1070
    79
1070
     0
1070
    76
1070
     1
1070
    78
1070
     0
1070
    48
1040
1.748493
1070
    49
1040
12.5
1070
    50
1070
     1
1040
0.0
1000
ACAD_MTEXT_COLUMN_INFO_END
  0
MTEXT
  5
4E4
330
1F
100
AcDbEntity
  8
11-TEXTO
100
AcDbMText
 10
139.333022
 20
136.459182
 30
0.0
 40
0.2
 41
1.649732
 46
0.0
 71
     1
 72
     5
  1
\pxqc;Oficina Operaciones
 73
     1
 44
1.0
1001
ACAD
1000
ACAD_MTEXT_COLUMN_INFO_BEGIN
1070
    75
1070
     2
1070
    79
1070
     0
1070
    76
1070
     1
1070
    78
1070
     0
1070
    48
1040
1.649732
1070
    49
1040
12.5
1070
    50
1070
     1
1040
0.0
1000
ACAD_MTEXT_COLUMN_INFO_END
  0
MTEXT
  5
4E5
330
1F
100
AcDbEntity
  8
11-TEXTO
100
AcDbMText
 10
125.158187
 20
139.785198
 30
0.0
 40
0.5
 41
6.393059
 46
0.0
 71
     1
 72
     5
  1
\pxqc;Preeparación \Py Control de Pedidos
 73
     1
 44
1.0
1001
ACAD
1000
ACAD_MTEXT_COLUMN_INFO_BEGIN
1070
    75
1070
     2
1070
    79
1070
     0
1070
    76
1070
     1
1070
    78
1070
     0
1070
    48
1040
6.393059
1070
    49
1040
12.5
1070
    50
1070
     1
1040
0.0
1000
ACAD_MTEXT_COLUMN_INFO_END
  0
MTEXT
  5
4E6
330
1F
100
AcDbEntity
  8
11-TEXTO
100
AcDbMText
 10
121.758041
 20
133.366831
 30
0.0
 40
0.5
 41
13.412435
 46
0.0
 71
     1
 72
     5
  1
\pxqc;Depósito de Medicamentos \P15° C a 30° C
 73
     1
 44
1.0
1001
ACAD
1000
ACAD_MTEXT_COLUMN_INFO_BEGIN
1070
    75
1070
     2
1070
    79
1070
     0
1070
    76
1070
     1
1070
    78
1070
     0
1070
    48
1040
13.412435
1070
    49
1040
12.5
1070
    50
1070
     1
1040
0.0
1000
ACAD_MTEXT_COLUMN_INFO_END
  0
MTEXT
  5
4E7
330
1F
100
AcDbEntity
  8
11-TEXTO
100
AcDbMText
 10
111.697005
 20
106.418927
 30
0.0
 40
1.0
 41
15.060087
 46
0.0
 71
     1
 72
     5
  1
Calle Vte. Calderon
 11
6.123233995736766E-17
 21
1.0
 31
0.0
 73
     1
 44
1.0
1001
ACAD
1000
ACAD_MTEXT_COLUMN_INFO_BEGIN
1070
    75
1070
     2
1070
    79
1070
     0
1070
    76
1070
     1
1070
    78
1070
     0
1070
    48
1040
15.060087
1070
    49
1040
12.5
1070
    50
1070
     1
1040
0.0
1000
ACAD_MTEXT_COLUMN_INFO_END
  0
MTEXT
  5
4E8
330
1F
100
AcDbEntity
  8
11-TEXTO
100
AcDbMText
 10
131.80588
 20
127.217203
 30
0.0
 40
0.3
 41
2.650075
 46
0.0
 71
     1
 72
     5
  1
\pxqc;Antecámara 8°C a 15°C
 73
     1
 44
1.0
1001
ACAD
1000
ACAD_MTEXT_COLUMN_INFO_BEGIN
1070
    75
1070
     2
1070
    79
1070
     0
1070
    76
1070
     1
1070
    78
1070
     0
1070
    48
1040
2.650075
1070
    49
1040
12.5
1070
    50
1070
     1
1040
0.0
1000
ACAD_MTEXT_COLUMN_INFO_END
  0
MTEXT
  5
4E9
330
1F
100
AcDbEntity
  8
11-TEXTO
100
AcDbMText
 10
131.452023
 20
124.332463
 30
0.0
 40
0.3
 41
3.14033
 46
0.0
 71
     1
 72
     5
  1
\pxqc;Cámara de Frío 2° C a 8°C
 73
     1
 44
1.0
1001
ACAD
1000
ACAD_MTEXT_COLUMN_INFO_BEGIN
1070
    75
1070
     2
1070
    79
1070
     0
1070
    76
1070
     1
1070
    78
1070
     0
1070
    48
1040
3.14033
1070
    49
1040
12.5
1070
    50
1070
     1
1040
0.0
1000
ACAD_MTEXT_COLUMN_INFO_END
  0
MTEXT
  5
4EA
330
1F
100
AcDbEntity
  8
11-TEXTO
100
AcDbMText
 10
157.887049
 20
114.392088
 30
0.0
 40
0.5
 41
2.604066
 46
0.0
 71
     1
 72
     5
  1
\pxqc;Grupo Electógeno
 73
     1
 44
1.0
1001
ACAD
1000
ACAD_MTEXT_COLUMN_INFO_BEGIN
1070
    75
1070
     2
1070
    79
1070
     0
1070
    76
1070
     1
1070
    78
1070
     0
1070
    48
1040
2.604066
1070
    49
1040
12.5
1070
    50
1070
     1
1040
0.0
1000
ACAD_MTEXT_COLUMN_INFO_END
  0
INSERT
  5
4EB
330
1F
100
AcDbEntity
  8
04-CARPINTERIAS
100
AcDbBlockReference
  2
A$C145B56B2
 10
133.574201
 20
139.555592
 30
0.0
 50
270.0
  0
INSERT
  5
4FE
330
1F
100
AcDbEntity
  8
04-CARPINTERIAS
100
AcDbBlockReference
  2
A$C145B56B2
 10
130.874201
 20
126.429177
 30
0.0
 41
-1.0
 50
270.0
  0
LINE
  5
4FF
330
1F
100
AcDbEntity
  8
02-MUROS INTERIORES
100
AcDbLine
 10
130.949201
 20
126.429178
 30
0.0
 11
130.849201
 21
126.429178
 31
0.0
  0
LINE
  5
500
330
1F
100
AcDbEntity
  8
02-MUROS INTERIORES
100
AcDbLine
 10
130.949201
 20
127.379178
 30
0.0
 11
130.849201
 21
127.379178
 31
0.0
  0
INSERT
  5
501
330
1F
100
AcDbEntity
  8
04-CARPINTERIAS
100
AcDbBlockReference
  2
A$C145B56B2
 10
133.421668
 20
125.602966
 30
0.0
 41
-1.0
  0
LINE
  5
502
330
1F
100
AcDbEntity
  8
02-MUROS INTERIORES
100
AcDbLine
 10
133.421668
 20
125.677966
 30
0.0
 11
133.421668
 21
125.577966
 31
0.0
  0
LINE
  5
503
330
1F
100
AcDbEntity
  8
02-MUROS INTERIORES
100
AcDbLine
 10
132.471668
 20
125.677966
 30
0.0
 11
132.471668
 21
125.577966
 31
0.0
  0
INSERT
  5
504
330
1F
100
AcDbEntity
  8
04-CARPINTERIAS
100
AcDbBlockReference
  2
A$C145B56B2
 10
134.748609
 20
139.702966
 30
0.0
 41
-1.0
  0
LINE
  5
505
330
1F
100
AcDbEntity
  8
02-MUROS INTERIORES
100
AcDbLine
 10
134.748608
 20
139.777966
 30
0.0
 11
134.748608
 21
139.677966
 31
0.0
  0
LINE
  5
506
330
1F
100
AcDbEntity
  8
02-MUROS INTERIORES
100
AcDbLine
 10
133.798608
 20
139.777966
 30
0.0
 11
133.798608
 21
139.677966
 31
0.0
  0
LINE
  5
507
330
1F
100
AcDbEntity
  8
02-MUROS INTERIORES
100
AcDbLine
 10
133.549201
 20
139.555592
 30
0.0
 11
133.649201
 21
139.555592
 31
0.0
  0
LINE
  5
508
330
1F
100
AcDbEntity
  8
02-MUROS INTERIORES
100
AcDbLine
 10
133.549201
 20
138.605592
 30
0.0
 11
133.649201
 21
138.605592
 31
0.0
  0
INSERT
  5
509
330
1F
100
AcDbEntity
  8
04-CARPINTERIAS
100
AcDbBlockReference
  2
A$C145B56B2
 10
136.094234
 20
134.202966
 30
0.0
  0
LINE
  5
50A
330
1F
100
AcDbEntity
  8
02-MUROS INTERIORES
100
AcDbLine
 10
137.044235
 20
134.277966
 30
0.0
 11
137.044235
 21
134.177966
 31
0.0
  0
LINE
  5
50B
330
1F
100
AcDbEntity
  8
02-MUROS INTERIORES
100
AcDbLine
 10
136.094235
 20
134.277966
 30
0.0
 11
136.094235
 21
134.177966
 31
0.0
  0
LINE
  5
50C
330
1F
100
AcDbEntity
  8
02-MUROS INTERIORES
100
AcDbLine
 10
136.094235
 20
134.277966
 30
0.0
 11
136.094235
 21
135.277966
 31
0.0
  0
LINE
  5
50D
330
1F
100
AcDbEntity
  8
02-MUROS INTERIORES
100
AcDbLine
 10
136.094235
 20
135.277966
 30
0.0
 11
135.994235
 21
135.277966
 31
0.0
  0
LINE
  5
50E
330
1F
100
AcDbEntity
  8
02-MUROS INTERIORES
100
AcDbLine
 10
135.994235
 20
135.277966
 30
0.0
 11
135.994235
 21
134.277966
 31
0.0
  0
INSERT
  5
50F
330
1F
100
AcDbEntity
  8
04-CARPINTERIAS
100
AcDbBlockReference
  2
A$C145B56B2
 10
136.194343
 20
138.452967
 30
0.0
 41
-1.0
 50
180.0
  0
LINE
  5
510
330
1F
100
AcDbEntity
  8
02-MUROS INTERIORES
100
AcDbLine
 10
136.194344
 20
138.377966
 30
0.0
 11
136.194344
 21
138.477966
 31
0.0
  0
LINE
  5
511
330
1F
100
AcDbEntity
  8
02-MUROS INTERIORES
100
AcDbLine
 10
137.144344
 20
138.377966
 30
0.0
 11
137.144344
 21
138.477966
 31
0.0
  0
INSERT
  5
512
330
1F
100
AcDbEntity
  8
04-CARPINTERIAS
100
AcDbBlockReference
  2
A$C145B56B2
 10
138.417815
 20
138.452967
 30
0.0
 50
180.0
  0
LINE
  5
513
330
1F
100
AcDbEntity
  8
02-MUROS INTERIORES
100
AcDbLine
 10
138.417814
 20
138.377966
 30
0.0
 11
138.417814
 21
138.477966
 31
0.0
  0
LINE
  5
514
330
1F
100
AcDbEntity
  8
02-MUROS INTERIORES
100
AcDbLine
 10
137.467814
 20
138.377966
 30
0.0
 11
137.467814
 21
138.477966
 31
0.0
  0
INSERT
  5
515
330
1F
100
AcDbEntity
  8
04-CARPINTERIAS
100
AcDbBlockReference
  2
A$C145B56B2
 10
140.117815
 20
138.452967
 30
0.0
 50
180.0
  0
LINE
  5
516
330
1F
100
AcDbEntity
  8
02-MUROS INTERIORES
100
AcDbLine
 10
140.117814
 20
138.377966
 30
0.0
 11
140.117814
 21
138.477966
 31
0.0
  0
LINE
  5
517
330
1F
100
AcDbEntity
  8
02-MUROS INTERIORES
100
AcDbLine
 10
139.167814
 20
138.377966
 30
0.0
 11
139.167814
 21
138.477966
 31
0.0
  0
INSERT
  5
518
330
1F
100
AcDbEntity
  8
04-CARPINTERIAS
100
AcDbBlockReference
  2
A$C145B56B2
 10
141.458992
 20
134.202966
 30
0.0
  0
LINE
  5
519
330
1F
100
AcDbEntity
  8
02-MUROS INTERIORES
100
AcDbLine
 10
141.458993
 20
134.277966
 30
0.0
 11
141.458993
 21
134.177966
 31
0.0
  0
LINE
  5
51A
330
1F
100
AcDbEntity
  8
02-MUROS INTERIORES
100
AcDbLine
 10
142.408993
 20
134.277966
 30
0.0
 11
142.408993
 21
134.177966
 31
0.0
  0
LINE
  5
51B
330
1F
100
AcDbEntity
  8
02-MUROS INTERIORES
100
AcDbLine
 10
141.349201
 20
138.477966
 30
0.0
 11
141.849201
 21
138.477966
 31
0.0
  0
LINE
  5
51C
330
1F
100
AcDbEntity
  8
02-MUROS INTERIORES
100
AcDbLine
 10
141.849201
 20
138.477966
 30
0.0
 11
141.849201
 21
138.377966
 31
0.0
  0
LINE
  5
51D
330
1F
100
AcDbEntity
  8
02-MUROS INTERIORES
100
AcDbLine
 10
141.849201
 20
138.377966
 30
0.0
 11
141.349201
 21
138.377966
 31
0.0
  0
LINE
  5
51E
330
1F
100
AcDbEntity
  8
02-MUROS INTERIORES
100
AcDbLine
 10
141.349201
 20
136.877966
 30
0.0
 11
141.849201
 21
136.877966
 31
0.0
  0
LINE
  5
51F
330
1F
100
AcDbEntity
  8
02-MUROS INTERIORES
100
AcDbLine
 10
141.849201
 20
136.877966
 30
0.0
 11
141.849201
 21
136.777966
 31
0.0
  0
LINE
  5
520
330
1F
100
AcDbEntity
  8
02-MUROS INTERIORES
100
AcDbLine
 10
141.849201
 20
136.777966
 30
0.0
 11
141.349201
 21
136.777966
 31
0.0
  0
LINE
  5
521
330
1F
100
AcDbEntity
  8
02-MUROS INTERIORES
100
AcDbLine
 10
141.349201
 20
135.277966
 30
0.0
 11
141.849201
 21
135.277966
 31
0.0
  0
LINE
  5
522
330
1F
100
AcDbEntity
  8
02-MUROS INTERIORES
100
AcDbLine
 10
141.849201
 20
135.177966
 30
0.0
 11
141.349201
 21
135.177966
 31
0.0
  0
LINE
  5
523
330
1F
100
AcDbEntity
  8
02-MUROS INTERIORES
100
AcDbLine
 10
141.849201
 20
135.277966
 30
0.0
 11
141.849201
 21
135.177966
 31
0.0
  0
INSERT
  5
524
330
1F
100
AcDbEntity
  8
04-CARPINTERIAS
100
AcDbBlockReference
  2
A$C145B56B2
 10
145.326328
 20
138.827967
 30
0.0
 41
-1.0
 50
90.0
  0
INSERT
  5
525
330
1F
100
AcDbEntity
  8
04-CARPINTERIAS
100
AcDbBlockReference
  2
A$C145B56B2
 10
145.326328
 20
138.727966
 30
0.0
 50
90.0
  0
LINE
  5
526
330
1F
100
AcDbEntity
  8
02-MUROS INTERIORES
100
AcDbLine
 10
145.249201
 20
139.677966
 30
0.0
 11
145.349201
 21
139.677966
 31
0.0
  0
LINE
  5
527
330
1F
100
AcDbEntity
  8
02-MUROS INTERIORES
100
AcDbLine
 10
145.249201
 20
137.877966
 30
0.0
 11
145.349201
 21
137.877966
 31
0.0
  0
LINE
  5
528
330
1F
100
AcDbEntity
  8
02-MUROS INTERIORES
100
AcDbLine
 10
146.349201
 20
133.177966
 30
0.0
 11
146.349201
 21
133.077966
 31
0.0
  0
LINE
  5
529
330
1F
100
AcDbEntity
  8
02-MUROS INTERIORES
100
AcDbLine
 10
149.349201
 20
133.177966
 30
0.0
 11
149.349201
 21
133.077966
 31
0.0
  0
LINE
  5
52A
330
1F
100
AcDbEntity
  8
04-CARPINTERIAS
100
AcDbLine
 10
155.949201
 20
133.177966
 30
0.0
 11
155.949201
 21
133.077966
 31
0.0
  0
LINE
  5
52B
330
1F
100
AcDbEntity
  8
04-CARPINTERIAS
100
AcDbLine
 10
154.249201
 20
133.177966
 30
0.0
 11
154.249201
 21
133.077966
 31
0.0
  0
INSERT
  5
52C
330
1F
100
AcDbEntity
  8
04-CARPINTERIAS
100
AcDbBlockReference
  2
A$C145B56B2
 10
156.062925
 20
134.551799
 30
0.0
 50
270.0
  0
LINE
  5
52D
330
1F
100
AcDbEntity
  8
02-MUROS INTERIORES
100
AcDbLine
 10
155.949201
 20
134.551798
 30
0.0
 11
156.249201
 21
134.551798
 31
0.0
  0
LINE
  5
52E
330
1F
100
AcDbEntity
  8
02-MUROS INTERIORES
100
AcDbLine
 10
155.949201
 20
133.601798
 30
0.0
 11
156.249201
 21
133.601798
 31
0.0
  0
LINE
  5
52F
330
1F
100
AcDbEntity
  8
09-REJAS
 62
     2
100
AcDbLine
 10
156.089201
 20
132.498121
 30
0.0
 11
156.089201
 21
130.498121
 31
0.0
  0
LINE
  5
530
330
1F
100
AcDbEntity
  8
09-REJAS
 62
     2
100
AcDbLine
 10
156.109201
 20
132.498121
 30
0.0
 11
156.109201
 21
130.498121
 31
0.0
  0
LINE
  5
531
330
1F
100
AcDbEntity
  8
01-MUROS EXTERIORES
100
AcDbLine
 10
155.949201
 20
132.498121
 30
0.0
 11
156.249201
 21
132.498121
 31
0.0
  0
LINE
  5
532
330
1F
100
AcDbEntity
  8
01-MUROS EXTERIORES
100
AcDbLine
 10
155.949201
 20
130.498121
 30
0.0
 11
156.249201
 21
130.498121
 31
0.0
  0
LINE
  5
533
330
1F
100
AcDbEntity
  8
09-REJAS
 62
     2
100
AcDbLine
 10
160.541279
 20
133.377966
 30
0.0
 11
158.541279
 21
133.377966
 31
0.0
  0
LINE
  5
534
330
1F
100
AcDbEntity
  8
09-REJAS
 62
     2
100
AcDbLine
 10
160.541279
 20
133.265406
 30
0.0
 11
158.541279
 21
133.265406
 31
0.0
  0
LINE
  5
535
330
1F
100
AcDbEntity
  8
09-REJAS
 62
     2
100
AcDbLine
 10
160.541279
 20
133.195306
 30
0.0
 11
158.541279
 21
133.195306
 31
0.0
  0
LINE
  5
536
330
1F
100
AcDbEntity
  8
01-MUROS EXTERIORES
100
AcDbLine
 10
160.541279
 20
133.377966
 30
0.0
 11
160.541279
 21
133.077966
 31
0.0
  0
LINE
  5
537
330
1F
100
AcDbEntity
  8
01-MUROS EXTERIORES
100
AcDbLine
 10
158.541279
 20
133.377966
 30
0.0
 11
158.541279
 21
133.077966
 31
0.0
  0
INSERT
  5
538
330
1F
100
AcDbEntity
  8
04-CARPINTERIAS
100
AcDbBlockReference
  2
A$C145B56B2
 10
157.164902
 20
130.002966
 30
0.0
  0
LINE
  5
539
330
1F
100
AcDbEntity
  8
02-MUROS INTERIORES
100
AcDbLine
 10
157.164903
 20
130.077966
 30
0.0
 11
157.164903
 21
129.977966
 31
0.0
  0
LINE
  5
53A
330
1F
100
AcDbEntity
  8
02-MUROS INTERIORES
100
AcDbLine
 10
158.114903
 20
130.077966
 30
0.0
 11
158.114903
 21
129.977966
 31
0.0
  0
INSERT
  5
53B
330
1F
100
AcDbEntity
  8
04-CARPINTERIAS
100
AcDbBlockReference
  2
A$C145B56B2
 10
159.824202
 20
124.497348
 30
0.0
 50
90.0
  0
LINE
  5
53C
330
1F
100
AcDbEntity
  8
02-MUROS INTERIORES
100
AcDbLine
 10
159.749201
 20
124.497349
 30
0.0
 11
159.849201
 21
124.497349
 31
0.0
  0
LINE
  5
53D
330
1F
100
AcDbEntity
  8
02-MUROS INTERIORES
100
AcDbLine
 10
159.749201
 20
125.447349
 30
0.0
 11
159.849201
 21
125.447349
 31
0.0
  0
INSERT
  5
53E
330
1F
100
AcDbEntity
  8
04-CARPINTERIAS
100
AcDbBlockReference
  2
A$C145B56B2
 10
161.44192
 20
133.077967
 30
0.0
 41
0.684138
 42
0.684138
 43
0.684138
 50
180.0
  0
INSERT
  5
53F
330
1F
100
AcDbEntity
  8
04-CARPINTERIAS
100
AcDbBlockReference
  2
A$C145B56B2
 10
161.44192
 20
133.077967
 30
0.0
 41
-0.684138
 42
0.684138
 43
0.684138
 50
180.0
  0
INSERT
  5
540
330
1F
100
AcDbEntity
  8
04-CARPINTERIAS
100
AcDbBlockReference
  2
A$C145B56B2
 10
168.566706
 20
133.077967
 30
0.0
 41
0.684138
 42
0.684138
 43
0.684138
 50
180.0
  0
INSERT
  5
541
330
1F
100
AcDbEntity
  8
04-CARPINTERIAS
100
AcDbBlockReference
  2
A$C145B56B2
 10
168.566706
 20
133.077967
 30
0.0
 41
-0.684138
 42
0.684138
 43
0.684138
 50
180.0
  0
INSERT
  5
542
330
1F
100
AcDbEntity
  8
04-CARPINTERIAS
100
AcDbBlockReference
  2
A$C145B56B2
 10
162.708492
 20
130.002966
 30
0.0
  0
LINE
  5
543
330
1F
100
AcDbEntity
  8
02-MUROS INTERIORES
100
AcDbLine
 10
162.708493
 20
130.077966
 30
0.0
 11
162.708493
 21
129.977966
 31
0.0
  0
LINE
  5
544
330
1F
100
AcDbEntity
  8
02-MUROS INTERIORES
100
AcDbLine
 10
163.658493
 20
130.077966
 30
0.0
 11
163.658493
 21
129.977966
 31
0.0
  0
INSERT
  5
545
330
1F
100
AcDbEntity
  8
04-CARPINTERIAS
100
AcDbBlockReference
  2
A$C145B56B2
 10
165.487218
 20
130.002966
 30
0.0
  0
LINE
  5
546
330
1F
100
AcDbEntity
  8
02-MUROS INTERIORES
100
AcDbLine
 10
165.487218
 20
130.077966
 30
0.0
 11
165.487218
 21
129.977966
 31
0.0
  0
LINE
  5
547
330
1F
100
AcDbEntity
  8
02-MUROS INTERIORES
100
AcDbLine
 10
166.437218
 20
130.077966
 30
0.0
 11
166.437218
 21
129.977966
 31
0.0
  0
LINE
  5
548
330
1F
100
AcDbEntity
  8
02-MUROS INTERIORES
100
AcDbLine
 10
170.049201
 20
130.077966
 30
0.0
 11
170.049201
 21
133.077966
 31
0.0
  0
INSERT
  5
549
330
1F
100
AcDbEntity
  8
04-CARPINTERIAS
100
AcDbBlockReference
  2
A$C145B56B2
 10
168.673531
 20
130.002966
 30
0.0
 41
-1.0
  0
LINE
  5
54A
330
1F
100
AcDbEntity
  8
02-MUROS INTERIORES
100
AcDbLine
 10
168.67353
 20
130.077966
 30
0.0
 11
168.67353
 21
129.977966
 31
0.0
  0
LINE
  5
54B
330
1F
100
AcDbEntity
  8
02-MUROS INTERIORES
100
AcDbLine
 10
167.72353
 20
130.077966
 30
0.0
 11
167.72353
 21
129.977966
 31
0.0
  0
INSERT
  5
54C
330
1F
100
AcDbEntity
  8
04-CARPINTERIAS
100
AcDbBlockReference
  2
A$C145B56B2
 10
170.074201
 20
129.799539
 30
0.0
 50
270.0
  0
LINE
  5
54D
330
1F
100
AcDbEntity
  8
02-MUROS INTERIORES
100
AcDbLine
 10
170.149201
 20
129.799538
 30
0.0
 11
170.049201
 21
129.799538
 31
0.0
  0
LINE
  5
54E
330
1F
100
AcDbEntity
  8
02-MUROS INTERIORES
100
AcDbLine
 10
170.149201
 20
128.849538
 30
0.0
 11
170.049201
 21
128.849538
 31
0.0
  0
INSERT
  5
54F
330
1F
100
AcDbEntity
  8
04-CARPINTERIAS
100
AcDbBlockReference
  2
A$C145B56B2
 10
157.887908
 20
128.669678
 30
0.0
 41
-1.0
 50
180.0
  0
LINE
  5
550
330
1F
100
AcDbEntity
  8
02-MUROS INTERIORES
100
AcDbLine
 10
157.887909
 20
128.594677
 30
0.0
 11
157.887909
 21
128.694677
 31
0.0
  0
LINE
  5
551
330
1F
100
AcDbEntity
  8
02-MUROS INTERIORES
100
AcDbLine
 10
158.837909
 20
128.594677
 30
0.0
 11
158.837909
 21
128.694677
 31
0.0
  0
INSERT
  5
552
330
1F
100
AcDbEntity
  8
04-CARPINTERIAS
100
AcDbBlockReference
  2
A$C145B56B2
 10
161.396581
 20
128.669678
 30
0.0
 41
-1.0
 50
180.0
  0
LINE
  5
553
330
1F
100
AcDbEntity
  8
02-MUROS INTERIORES
100
AcDbLine
 10
161.396582
 20
128.594677
 30
0.0
 11
161.396582
 21
128.694677
 31
0.0
  0
LINE
  5
554
330
1F
100
AcDbEntity
  8
02-MUROS INTERIORES
100
AcDbLine
 10
162.346582
 20
128.594677
 30
0.0
 11
162.346582
 21
128.694677
 31
0.0
  0
INSERT
  5
555
330
1F
100
AcDbEntity
  8
04-CARPINTERIAS
100
AcDbBlockReference
  2
A$C145B56B2
 10
163.379497
 20
128.669678
 30
0.0
 41
-1.0
 50
180.0
  0
LINE
  5
556
330
1F
100
AcDbEntity
  8
02-MUROS INTERIORES
100
AcDbLine
 10
163.379498
 20
128.594677
 30
0.0
 11
163.379498
 21
128.694677
 31
0.0
  0
LINE
  5
557
330
1F
100
AcDbEntity
  8
02-MUROS INTERIORES
100
AcDbLine
 10
164.329498
 20
128.594677
 30
0.0
 11
164.329498
 21
128.694677
 31
0.0
  0
INSERT
  5
558
330
1F
100
AcDbEntity
  8
04-CARPINTERIAS
100
AcDbBlockReference
  2
A$C145B56B2
 10
166.416053
 20
128.669678
 30
0.0
 41
-1.0
 50
180.0
  0
LINE
  5
559
330
1F
100
AcDbEntity
  8
02-MUROS INTERIORES
100
AcDbLine
 10
166.416054
 20
128.594677
 30
0.0
 11
166.416054
 21
128.694677
 31
0.0
  0
LINE
  5
55A
330
1F
100
AcDbEntity
  8
02-MUROS INTERIORES
100
AcDbLine
 10
167.366054
 20
128.594677
 30
0.0
 11
167.366054
 21
128.694677
 31
0.0
  0
INSERT
  5
55B
330
1F
100
AcDbEntity
  8
04-CARPINTERIAS
100
AcDbBlockReference
  2
A$C145B56B2
 10
168.191164
 20
128.669678
 30
0.0
 41
-1.0
 50
180.0
  0
LINE
  5
55C
330
1F
100
AcDbEntity
  8
02-MUROS INTERIORES
100
AcDbLine
 10
168.191165
 20
128.594677
 30
0.0
 11
168.191165
 21
128.694677
 31
0.0
  0
LINE
  5
55D
330
1F
100
AcDbEntity
  8
02-MUROS INTERIORES
100
AcDbLine
 10
169.141165
 20
128.594677
 30
0.0
 11
169.141165
 21
128.694677
 31
0.0
  0
INSERT
  5
55E
330
1F
100
AcDbEntity
  8
04-CARPINTERIAS
100
AcDbBlockReference
  2
A$C145B56B2
 10
170.04905
 20
128.663095
 30
0.0
 41
0.736682
 42
0.736682
 43
0.736682
 50
180.0
  0
LINE
  5
55F
330
1F
100
AcDbEntity
  8
02-MUROS INTERIORES
100
AcDbLine
 10
170.049049
 20
128.594677
 30
0.0
 11
170.049049
 21
128.694677
 31
0.0
  0
LINE
  5
560
330
1F
100
AcDbEntity
  8
02-MUROS INTERIORES
100
AcDbLine
 10
169.349201
 20
128.594677
 30
0.0
 11
169.349201
 21
128.694677
 31
0.0
  0
INSERT
  5
561
330
1F
100
AcDbEntity
  8
04-CARPINTERIAS
100
AcDbBlockReference
  2
A$C145B56B2
 10
165.974201
 20
125.171183
 30
0.0
 50
270.0
  0
LINE
  5
562
330
1F
100
AcDbEntity
  8
02-MUROS INTERIORES
100
AcDbLine
 10
165.949201
 20
125.171183
 30
0.0
 11
166.049201
 21
125.171183
 31
0.0
  0
LINE
  5
563
330
1F
100
AcDbEntity
  8
02-MUROS INTERIORES
100
AcDbLine
 10
165.949201
 20
124.221183
 30
0.0
 11
166.049201
 21
124.221183
 31
0.0
  0
LINE
  5
564
330
1F
100
AcDbEntity
  8
02-MUROS INTERIORES
100
AcDbLine
 10
167.449201
 20
128.694677
 30
0.0
 11
167.449201
 21
128.873534
 31
0.0
  0
LINE
  5
565
330
1F
100
AcDbEntity
  8
02-MUROS INTERIORES
100
AcDbLine
 10
167.449201
 20
129.823534
 30
0.0
 11
167.449201
 21
129.977966
 31
0.0
  0
LINE
  5
566
330
1F
100
AcDbEntity
  8
02-MUROS INTERIORES
100
AcDbLine
 10
167.549201
 20
128.694677
 30
0.0
 11
167.549201
 21
128.873534
 31
0.0
  0
LINE
  5
567
330
1F
100
AcDbEntity
  8
02-MUROS INTERIORES
100
AcDbLine
 10
167.549201
 20
129.823534
 30
0.0
 11
167.549201
 21
129.977966
 31
0.0
  0
INSERT
  5
568
330
1F
100
AcDbEntity
  8
04-CARPINTERIAS
100
AcDbBlockReference
  2
A$C145B56B2
 10
167.474201
 20
129.823535
 30
0.0
 50
270.0
  0
LINE
  5
569
330
1F
100
AcDbEntity
  8
02-MUROS INTERIORES
100
AcDbLine
 10
167.549201
 20
129.823534
 30
0.0
 11
167.449201
 21
129.823534
 31
0.0
  0
LINE
  5
56A
330
1F
100
AcDbEntity
  8
02-MUROS INTERIORES
100
AcDbLine
 10
167.549201
 20
128.873534
 30
0.0
 11
167.449201
 21
128.873534
 31
0.0
  0
LINE
  5
56B
330
1F
100
AcDbEntity
  8
02-MUROS INTERIORES
100
AcDbLine
 10
120.549201
 20
143.177966
 30
0.0
 11
120.549201
 21
143.477966
 31
0.0
  0
LINE
  5
56C
330
1F
100
AcDbEntity
  8
01-MUROS EXTERIORES
100
AcDbLine
 10
125.049201
 20
143.477966
 30
0.0
 11
125.049201
 21
143.177966
 31
0.0
  0
LINE
  5
56D
330
1F
100
AcDbEntity
  8
02-MUROS INTERIORES
100
AcDbLine
 10
150.649201
 20
143.477966
 30
0.0
 11
150.649201
 21
143.177966
 31
0.0
  0
LINE
  5
56E
330
1F
100
AcDbEntity
  8
02-MUROS INTERIORES
100
AcDbLine
 10
146.149201
 20
143.177966
 30
0.0
 11
146.149201
 21
143.477966
 31
0.0
  0
LINE
  5
56F
330
1F
100
AcDbEntity
  8
01-MUROS EXTERIORES
100
AcDbLine
 10
160.791989
 20
133.377966
 30
0.0
 11
160.791989
 21
133.077966
 31
0.0
  0
LINE
  5
570
330
1F
100
AcDbEntity
  8
01-MUROS EXTERIORES
100
AcDbLine
 10
162.091989
 20
133.377966
 30
0.0
 11
162.091989
 21
133.077966
 31
0.0
  0
LINE
  5
571
330
1F
100
AcDbEntity
  8
09-REJAS
 62
     2
100
AcDbLine
 10
160.541279
 20
133.077966
 30
0.0
 11
158.541279
 21
133.077966
 31
0.0
  0
LINE
  5
572
330
1F
100
AcDbEntity
  8
09-REJAS
 62
     2
100
AcDbLine
 10
155.949201
 20
132.498121
 30
0.0
 11
155.949201
 21
130.498121
 31
0.0
  0
LINE
  5
573
330
1F
100
AcDbEntity
  8
09-REJAS
 62
     2
100
AcDbLine
 10
156.249201
 20
132.498121
 30
0.0
 11
156.249201
 21
130.498121
 31
0.0
  0
LINE
  5
574
330
1F
100
AcDbEntity
  8
02-MUROS INTERIORES
100
AcDbLine
 10
164.449201
 20
126.771905
 30
0.0
 11
164.549201
 21
126.771905
 31
0.0
  0
LINE
  5
575
330
1F
100
AcDbEntity
  8
02-MUROS INTERIORES
100
AcDbLine
 10
164.449201
 20
125.821905
 30
0.0
 11
164.549201
 21
125.821905
 31
0.0
  0
INSERT
  5
576
330
1F
100
AcDbEntity
  8
04-CARPINTERIAS
100
AcDbBlockReference
  2
A$C145B56B2
 10
164.474201
 20
126.771905
 30
0.0
 50
270.0
  0
LINE
  5
577
330
1F
100
AcDbEntity
  8
02-MUROS INTERIORES
100
AcDbLine
 10
164.549201
 20
126.771905
 30
0.0
 11
164.449201
 21
126.771905
 31
0.0
  0
LINE
  5
578
330
1F
100
AcDbEntity
  8
02-MUROS INTERIORES
100
AcDbLine
 10
164.549201
 20
125.821905
 30
0.0
 11
164.449201
 21
125.821905
 31
0.0
  0
LINE
  5
579
330
1F
100
AcDbEntity
  8
01-MUROS EXTERIORES
100
AcDbLine
 10
144.849201
 20
101.477966
 30
0.0
 11
144.849201
 21
101.277966
 31
0.0
  0
LWPOLYLINE
  5
57A
330
1F
100
AcDbEntity
  8
09-REJAS
 62
     2
100
AcDbPolyline
 90
        4
 70
     1
 43
0.0
 10
140.349201
 20
101.177966
 10
140.349201
 20
101.477966
 10
144.849201
 20
101.477966
 10
144.849201
 20
101.177966
  0
LINE
  5
57B
330
1F
100
AcDbEntity
  8
09-REJAS
 62
     2
100
AcDbLine
 10
140.349201
 20
101.327966
 30
0.0
 11
144.849201
 21
101.327966
 31
0.0
  0
MTEXT
  5
57C
330
1F
100
AcDbEntity
  8
11-TEXTO
100
AcDbMText
 10
134.488428
 20
120.887149
 30
-3.766972
 40
0.35
 41
1.216468
 46
0.0
 71
     1
 72
     5
  1
\pxqc;L
 73
     1
 44
1.0
1001
ACAD
1000
ACAD_MTEXT_COLUMN_INFO_BEGIN
1070
    75
1070
     2
1070
    79
1070
     0
1070
    76
1070
     1
1070
    78
1070
     0
1070
    48
1040
1.216468
1070
    49
1040
12.5
1070
    50
1070
     1
1040
0.0
1000
ACAD_MTEXT_COLUMN_INFO_END
  0
LINE
  5
57D
330
1F
100
AcDbEntity
  8
01-MUROS EXTERIORES
100
AcDbLine
 10
143.102505
 20
134.177966
 30
0.0
 11
143.102505
 21
134.277966
 31
0.0
  0
LINE
  5
57E
330
1F
100
AcDbEntity
  8
01-MUROS EXTERIORES
100
AcDbLine
 10
144.549201
 20
134.177966
 30
0.0
 11
144.549201
 21
134.277966
 31
0.0
  0
LINE
  5
57F
330
1F
100
AcDbEntity
  8
02-MUROS INTERIORES
100
AcDbLine
 10
140.749201
 20
134.177966
 30
0.0
 11
140.749201
 21
134.277966
 31
0.0
  0
LINE
  5
580
330
1F
100
AcDbEntity
  8
02-MUROS INTERIORES
100
AcDbLine
 10
139.549201
 20
134.177966
 30
0.0
 11
139.549201
 21
134.277966
 31
0.0
  0
VIEWPORT
  5
20F
330
D6
100
AcDbEntity
 67
     1
  8
0
 48
100.0
100
AcDbViewport
 10
0.0
 20
0.0
 30
0.0
 40
466.965848
 41
238.196088
 68
     1
 69
     1
 12
128.5
 22
97.5
 13
0.0
 23
0.0
 14
10.0
 24
10.0
 15
10.0
 25
10.0
 16
0.0
 26
0.0
 36
1.0
 17
0.0
 27
0.0
 37
0.0
 42
50.0
 43
0.0
 44
0.0
 45
238.196088
 50
0.0
 51
0.0
 72
   100
 90
   557168
  1

281
     0
 71
     1
 74
     0
110
0.0
120
0.0
130
0.0
111
1.0
121
0.0
131
0.0
112
0.0
122
1.0
132
0.0
 79
     0
146
0.0
170
     0
 61
     5
348
F5
292
     1
282
     1
141
0.0
142
0.0
 63
   256
  0
ENDSEC
  0
SECTION
  2
OBJECTS
  0
DICTIONARY
  5
C
330
0
100
AcDbDictionary
281
     1
  3
ACAD_COLOR
350
6B
  3
ACAD_DETAILVIEWSTYLE
350
587
  3
ACAD_GROUP
350
D
  3
ACAD_IMAGE_DICT
350
351
  3
ACAD_LAYOUT
350
1A
  3
ACAD_MATERIAL
350
6A
  3
ACAD_MLEADERSTYLE
350
12D
  3
ACAD_MLINESTYLE
350
17
  3
ACAD_PLOTSETTINGS
350
19
  3
ACAD_PLOTSTYLENAME
350
E
  3
ACAD_SCALELIST
350
10C
  3
ACAD_SECTIONVIEWSTYLE
350
588
  3
ACAD_TABLESTYLE
350
7E
  3
ACAD_VISUALSTYLE
350
EF
  3
ACDB_RECOMPOSE_DATA
350
586
  3
AcDbVariableDictionary
350
5E
  3
MCS_STREAM_DICT
350
34E
  0
SUN
  5
364
330
EA
100
AcDbSun
 90
        1
290
     0
 63
     7
421
 16777215
 40
1.0
291
     1
 91
  2455826
 92
 54000000
292
     0
 70
     2
 71
   256
280
     1
  0
DICTIONARY
  5
581
330
2
100
AcDbDictionary
280
     1
281
     1
  3
ACAD_LAYERSTATES
360
582
  0
DICTIONARY
  5
234
330
1F
100
AcDbDictionary
280
     1
281
     1
  3
ACAD_SORTENTS
360
235
  0
DICTIONARY
  5
4ED
330
4EC
100
AcDbDictionary
280
     1
281
     1
  3
ACAD_SORTENTS
360
4EE
  0
DICTIONARY
  5
6B
102
{ACAD_REACTORS
330
C
102
}
330
C
100
AcDbDictionary
281
     1
  0
DICTIONARY
  5
587
102
{ACAD_REACTORS
330
C
102
}
330
C
100
AcDbDictionary
281
     1
  0
DICTIONARY
  5
D
102
{ACAD_REACTORS
330
C
102
}
330
C
100
AcDbDictionary
281
     1
  0
DICTIONARY
  5
351
102
{ACAD_REACTORS
330
C
102
}
330
C
100
AcDbDictionary
281
     1
  0
DICTIONARY
  5
1A
102
{ACAD_REACTORS
330
C
102
}
330
C
100
AcDbDictionary
281
     1
  3
A0
350
225
  3
A1
350
220
  3
A2
350
21B
  3
A3
350
216
  3
A4
350
211
  3
Layout1
350
D3
  3
Layout2
350
D7
  3
Model
350
22
  0
DICTIONARY
  5
6A
102
{ACAD_REACTORS
330
C
102
}
330
C
100
AcDbDictionary
281
     1
  3
ByBlock
350
ED
  3
ByLayer
350
EC
  3
Global
350
EE
  0
DICTIONARY
  5
12D
102
{ACAD_REACTORS
330
C
102
}
330
C
100
AcDbDictionary
281
     1
  3
Standard
350
12E
  3
Аннотативный
350
13B
  0
DICTIONARY
  5
17
102
{ACAD_REACTORS
330
C
102
}
330
C
100
AcDbDictionary
281
     1
  3
Standard
350
18
  0
DICTIONARY
  5
19
102
{ACAD_REACTORS
330
C
102
}
330
C
100
AcDbDictionary
281
     1
  0
ACDBDICTIONARYWDFLT
  5
E
102
{ACAD_REACTORS
330
C
102
}
330
C
100
AcDbDictionary
281
     1
  3
Normal
350
F
100
AcDbDictionaryWithDefault
340
F
  0
DICTIONARY
  5
10C
102
{ACAD_REACTORS
330
C
102
}
330
C
100
AcDbDictionary
281
     1
  3
A0
350
10D
  3
A1
350
1BE
  3
A2
350
1BF
  3
A3
350
1C0
  3
A4
350
1C1
  3
A5
350
1C2
  3
A6
350
1C3
  3
A7
350
1C4
  3
A8
350
1C5
  3
A9
350
1C6
  3
B0
350
1C7
  3
B1
350
1C8
  3
B2
350
1C9
  3
B3
350
1CA
  3
B4
350
1CB
  3
B5
350
1CC
  3
B6
350
1CD
  0
DICTIONARY
  5
588
102
{ACAD_REACTORS
330
C
102
}
330
C
100
AcDbDictionary
281
     1
  0
DICTIONARY
  5
7E
102
{ACAD_REACTORS
330
C
102
}
330
C
100
AcDbDictionary
281
     1
  3
Standard
350
7F
  0
DICTIONARY
  5
EF
102
{ACAD_REACTORS
330
C
102
}
330
C
100
AcDbDictionary
281
     1
  3
2dWireframe
350
F5
  3
3D Hidden
350
F7
  3
3dWireframe
350
F6
  3
Basic
350
F4
  3
Brighten
350
FB
  3
ColorChange
350
FF
  3
Conceptual
350
F8
  3
Dim
350
FA
  3
EdgeColorOff
350
35E
  3
Facepattern
350
FE
  3
Flat
350
F0
  3
FlatWithEdges
350
F1
  3
Gouraud
350
F2
  3
GouraudWithEdges
350
F3
  3
Hidden
350
35B
  3
JitterOff
350
35C
  3
Linepattern
350
FD
  3
OverhangOff
350
35D
  3
Realistic
350
F9
  3
Shaded
350
363
  3
Shaded with edges
350
362
  3
Shades of Gray
350
35F
  3
Sketchy
350
360
  3
Thicken
350
FC
  3
Wireframe
350
35A
  3
X-Ray
350
361
  0
XRECORD
  5
586
102
{ACAD_REACTORS
330
C
102
}
330
C
100
AcDbXrecord
280
     1
 90
        1
330
7F
  0
DICTIONARY
  5
5E
102
{ACAD_REACTORS
330
C
102
}
330
C
100
AcDbDictionary
281
     1
  3
CANNOSCALE
350
146
  3
CMLEADERSTYLE
350
145
  3
CTABLESTYLE
350
84
  3
DIMASSOC
350
5F
  3
HIDETEXT
350
63
  3
LAYEREVAL
350
1AE
  3
LAYERNOTIFY
350
1AF
  3
XCLIPFRAME
350
356
  0
DICTIONARY
  5
34E
102
{ACAD_REACTORS
330
C
102
}
330
C
100
AcDbDictionary
281
     1
  3
MC_VERSION_DATA
350
583
  3
MCS_DOCUMENT_ID
350
357
  3
MCS_PARAMS_DATA
350
365
  0
DICTIONARY
  5
582
102
{ACAD_REACTORS
330
581
102
}
330
581
100
AcDbDictionary
281
     1
  0
SORTENTSTABLE
  5
235
102
{ACAD_REACTORS
330
234
102
}
330
234
100
AcDbSortentsTable
330
1F
331
0
  5
237
  0
SORTENTSTABLE
  5
4EE
102
{ACAD_REACTORS
330
4ED
102
}
330
4ED
100
AcDbSortentsTable
330
4EC
  0
LAYOUT
  5
225
102
{ACAD_REACTORS
330
1A
102
}
330
1A
100
AcDbPlotSettings
  1

  2
none_device
  4
ISO_A0_(1189.00_x_841.00_MM)
  6

 40
7.5
 41
20.0
 42
7.5
 43
20.0
 44
1189.0
 45
841.0
 46
0.0
 47
0.0
 48
0.0
 49
0.0
140
0.0
141
0.0
142
1.0
143
1.0
 70
   688
 72
     1
 73
     0
 74
     5
  7

 75
    16
 76
     0
 77
     2
 78
   300
147
1.0
148
0.0
149
0.0
100
AcDbLayout
  1
A0
 70
     0
 71
     7
 10
0.0
 20
0.0
 11
0.0
 21
0.0
 12
0.0
 22
0.0
 32
0.0
 14
0.0
 24
0.0
 34
0.0
 15
0.0
 25
0.0
 35
0.0
146
0.0
 13
0.0
 23
0.0
 33
0.0
 16
1.0
 26
0.0
 36
0.0
 17
0.0
 27
1.0
 37
0.0
 76
     0
330
224
331
228
  0
LAYOUT
  5
220
102
{ACAD_REACTORS
330
1A
102
}
330
1A
100
AcDbPlotSettings
  1

  2
none_device
  4
ISO_A1_(841.00_x_594.00_MM)
  6

 40
7.5
 41
20.0
 42
7.5
 43
20.0
 44
841.0
 45
594.0
 46
0.0
 47
0.0
 48
0.0
 49
0.0
140
0.0
141
0.0
142
1.0
143
1.0
 70
   688
 72
     1
 73
     0
 74
     5
  7

 75
    16
 76
     0
 77
     2
 78
   300
147
1.0
148
0.0
149
0.0
100
AcDbLayout
  1
A1
 70
     1
 71
     6
 10
-20.0
 20
-7.5
 11
277.0
 21
202.5
 12
0.0
 22
0.0
 32
0.0
 14
0.0
 24
0.0
 34
0.0
 15
0.0
 25
0.0
 35
0.0
146
0.0
 13
0.0
 23
0.0
 33
0.0
 16
1.0
 26
0.0
 36
0.0
 17
0.0
 27
1.0
 37
0.0
 76
     0
330
21F
331
223
  0
LAYOUT
  5
21B
102
{ACAD_REACTORS
330
1A
102
}
330
1A
100
AcDbPlotSettings
  1

  2
none_device
  4
ISO_A2_(594.00_x_420.00_MM)
  6

 40
7.5
 41
20.0
 42
7.5
 43
20.0
 44
594.0
 45
420.0
 46
0.0
 47
0.0
 48
0.0
 49
0.0
140
0.0
141
0.0
142
1.0
143
1.0
 70
   688
 72
     1
 73
     0
 74
     5
  7

 75
    16
 76
     0
 77
     2
 78
   300
147
1.0
148
0.0
149
0.0
100
AcDbLayout
  1
A2
 70
     1
 71
     5
 10
0.0
 20
0.0
 11
0.0
 21
0.0
 12
0.0
 22
0.0
 32
0.0
 14
0.0
 24
0.0
 34
0.0
 15
0.0
 25
0.0
 35
0.0
146
0.0
 13
0.0
 23
0.0
 33
0.0
 16
1.0
 26
0.0
 36
0.0
 17
0.0
 27
1.0
 37
0.0
 76
     0
330
21A
331
21E
  0
LAYOUT
  5
216
102
{ACAD_REACTORS
330
1A
102
}
330
1A
100
AcDbPlotSettings
  1

  2
none_device
  4
ISO_A3_(420.00_x_297.00_MM)
  6

 40
7.5
 41
20.0
 42
7.5
 43
20.0
 44
420.0
 45
297.0
 46
0.0
 47
0.0
 48
0.0
 49
0.0
140
0.0
141
0.0
142
1.0
143
1.0
 70
   688
 72
     1
 73
     0
 74
     5
  7

 75
    16
 76
     0
 77
     2
 78
   300
147
1.0
148
0.0
149
0.0
100
AcDbLayout
  1
A3
 70
     1
 71
     4
 10
0.0
 20
0.0
 11
0.0
 21
0.0
 12
0.0
 22
0.0
 32
0.0
 14
0.0
 24
0.0
 34
0.0
 15
0.0
 25
0.0
 35
0.0
146
0.0
 13
0.0
 23
0.0
 33
0.0
 16
1.0
 26
0.0
 36
0.0
 17
0.0
 27
1.0
 37
0.0
 76
     0
330
215
331
219
  0
LAYOUT
  5
211
102
{ACAD_REACTORS
330
1A
102
}
330
1A
100
AcDbPlotSettings
  1

  2
none_device
  4
ISO_A4_(210.00_x_297.00_MM)
  6

 40
7.5
 41
20.0
 42
7.5
 43
20.0
 44
210.0
 45
297.0
 46
0.0
 47
0.0
 48
0.0
 49
0.0
140
0.0
141
0.0
142
1.0
143
1.0
 70
   688
 72
     1
 73
     0
 74
     5
  7

 75
    16
 76
     0
 77
     2
 78
   300
147
1.0
148
0.0
149
0.0
100
AcDbLayout
  1
A4
 70
     1
 71
     3
 10
0.0
 20
0.0
 11
0.0
 21
0.0
 12
0.0
 22
0.0
 32
0.0
 14
0.0
 24
0.0
 34
0.0
 15
0.0
 25
0.0
 35
0.0
146
0.0
 13
0.0
 23
0.0
 33
0.0
 16
1.0
 26
0.0
 36
0.0
 17
0.0
 27
1.0
 37
0.0
 76
     0
330
210
331
214
  0
LAYOUT
  5
D3
102
{ACAD_REACTORS
330
1A
102
}
330
1A
100
AcDbPlotSettings
  1

  2
none_device
  4
ISO_A4_(210.00_x_297.00_MM)
  6

 40
7.5
 41
20.0
 42
7.5
 43
20.0
 44
210.0
 45
297.0
 46
0.0
 47
0.0
 48
0.0
 49
0.0
140
0.0
141
0.0
142
1.0
143
1.0
 70
   688
 72
     1
 73
     1
 74
     5
  7

 75
    16
 76
     0
 77
     2
 78
   300
147
1.0
148
0.0
149
0.0
100
AcDbLayout
  1
Layout1
 70
     0
 71
     1
 10
0.0
 20
0.0
 11
12.0
 21
9.0
 12
0.0
 22
0.0
 32
0.0
 14
0.0
 24
0.0
 34
0.0
 15
0.0
 25
0.0
 35
0.0
146
0.0
 13
0.0
 23
0.0
 33
0.0
 16
1.0
 26
0.0
 36
0.0
 17
0.0
 27
1.0
 37
0.0
 76
     0
330
D2
331
229
  0
LAYOUT
  5
D7
102
{ACAD_REACTORS
330
1A
102
}
330
1A
100
AcDbPlotSettings
  1

  2
none_device
  4
ISO_A4_(210.00_x_297.00_MM)
  6

 40
7.5
 41
20.0
 42
7.5
 43
20.0
 44
210.0
 45
297.0
 46
0.0
 47
0.0
 48
0.0
 49
0.0
140
0.0
141
0.0
142
1.0
143
1.0
 70
   688
 72
     1
 73
     1
 74
     5
  7

 75
    16
 76
     0
 77
     2
 78
   300
147
1.0
148
0.0
149
0.0
100
AcDbLayout
  1
Layout2
 70
     0
 71
     2
 10
-20.0
 20
-7.5
 11
277.0
 21
202.5
 12
0.0
 22
0.0
 32
0.0
 14
0.0
 24
0.0
 34
0.0
 15
0.0
 25
0.0
 35
0.0
146
0.0
 13
0.0
 23
0.0
 33
0.0
 16
1.0
 26
0.0
 36
0.0
 17
0.0
 27
1.0
 37
0.0
 76
     0
330
D6
331
20F
  0
LAYOUT
  5
22
102
{ACAD_REACTORS
330
1A
102
}
102
{ACAD_XDICTIONARY
360
358
102
}
330
1A
100
AcDbPlotSettings
  1

  2
none_device
  4
ISO_A4_(210.00_x_297.00_MM)
  6

 40
7.5
 41
20.0
 42
7.5
 43
20.0
 44
210.0
 45
297.0
 46
0.0
 47
0.0
 48
0.0
 49
0.0
140
0.0
141
0.0
142
1.0
143
3.249677
 70
 11952
 72
     1
 73
     0
 74
     0
  7

 75
     0
 76
     0
 77
     2
 78
   300
147
0.307723
148
0.0
149
0.0
100
AcDbLayout
  1
Model
 70
     1
 71
     0
 10
0.0
 20
0.0
 11
420.0
 21
297.0
 12
0.0
 22
0.0
 32
0.0
 14
111.697005
 24
73.477966
 34
-3.766972
 15
178.842955
 25
147.153296
 35
0.0
146
0.0
 13
0.0
 23
0.0
 33
0.0
 16
1.0
 26
0.0
 36
0.0
 17
0.0
 27
1.0
 37
0.0
 76
     0
330
1F
331
EA
1001
ACAD_PSEXT
1000
None
1000
None
1000
Not applicable
1000
The layout will not be plotted unless a new plotter configuration name is selected.
1070
     0
  0
MATERIAL
  5
ED
102
{ACAD_REACTORS
330
6A
102
}
330
6A
100
AcDbMaterial
  1
ByBlock
 72
     1
 73
     2
 78
     2
172
     2
176
     2
270
     2
274
     2
 94
       63
  0
MATERIAL
  5
EC
102
{ACAD_REACTORS
330
6A
102
}
330
6A
100
AcDbMaterial
  1
ByLayer
 72
     1
 73
     2
 78
     2
172
     2
176
     2
270
     2
274
     2
 94
       63
  0
MATERIAL
  5
EE
102
{ACAD_REACTORS
330
6A
102
}
330
6A
100
AcDbMaterial
  1
Global
 72
     1
 73
     2
 43
0.0008
 43
0.0
 43
0.0
 43
0.0
 43
0.0
 43
0.0008
 43
0.0
 43
0.0
 43
0.0
 43
0.0
 43
1.0
 43
0.0
 43
0.0
 43
0.0
 43
0.0
 43
1.0
 78
     2
172
     2
 49
0.0008
 49
0.0
 49
0.0
 49
0.0
 49
0.0
 49
0.0008
 49
0.0
 49
0.0
 49
0.0
 49
0.0
 49
1.0
 49
0.0
 49
0.0
 49
0.0
 49
0.0
 49
1.0
176
     2
142
0.0008
142
0.0
142
0.0
142
0.0
142
0.0
142
0.0008
142
0.0
142
0.0
142
0.0
142
0.0
142
1.0
142
0.0
142
0.0
142
0.0
142
0.0
142
1.0
270
     2
144
0.0008
144
0.0
144
0.0
144
0.0
144
0.0
144
0.0008
144
0.0
144
0.0
144
0.0
144
0.0
144
1.0
144
0.0
144
0.0
144
0.0
144
0.0
144
1.0
274
     2
 94
       63
1001
ACAD
1070
    -1
1070
     3
1070
     0
1000

1071
        0
1070
     0
  0
MLEADERSTYLE
  5
12E
102
{ACAD_REACTORS
330
12D
102
}
330
12D
100
AcDbMLeaderStyle
179
     2
170
     2
171
     1
172
     0
 90
        2
 40
0.0
 41
0.0
173
     1
 91
-1056964608
340
14
 92
       -2
290
     1
 42
2.0
291
     1
 43
8.0
  3
Standard
341
0
 44
4.0
300

342
11
174
     1
178
     1
175
     1
176
     0
 93
-1056964608
 45
4.0
292
     0
297
     0
 46
4.0
343
0
 94
-1056964608
 47
1.0
 49
1.0
140
1.0
293
     1
141
0.0
294
     1
177
     0
142
1.0
295
     0
296
     0
143
3.75
271
     0
272
     9
273
     9
298
     0
1001
ACAD_MLEADERVER
1070
     2
  0
MLEADERSTYLE
  5
13B
102
{ACAD_REACTORS
330
12D
102
}
330
12D
100
AcDbMLeaderStyle
179
     2
170
     2
171
     1
172
     0
 90
        2
 40
0.0
 41
0.0
173
     1
 91
-1056964608
340
14
 92
       -2
290
     1
 42
2.0
291
     1
 43
8.0
  3
Standard
341
0
 44
4.0
300

342
11
174
     1
178
     1
175
     1
176
     0
 93
-1056964608
 45
4.0
292
     0
297
     0
 46
4.0
343
0
 94
-1056964608
 47
1.0
 49
1.0
140
1.0
293
     1
141
0.0
294
     1
177
     0
142
1.0
295
     1
296
     0
143
3.75
271
     0
272
     9
273
     9
298
     0
1001
ACAD_MLEADERVER
1070
     2
  0
MLINESTYLE
  5
18
102
{ACAD_REACTORS
330
17
102
}
330
17
100
AcDbMlineStyle
  2
STANDARD
 70
     0
  3

 62
   256
 51
90.0
 52
90.0
 71
     2
 49
0.5
 62
   256
  6
BYLAYER
 49
-0.5
 62
   256
  6
BYLAYER
  0
ACDBPLACEHOLDER
  5
F
102
{ACAD_REACTORS
330
E
102
}
330
E
  0
SCALE
  5
10D
102
{ACAD_REACTORS
330
10C
102
}
330
10C
100
AcDbScale
 70
     0
300
1:1
140
1.0
141
1.0
290
     1
  0
SCALE
  5
1BE
102
{ACAD_REACTORS
330
10C
102
}
330
10C
100
AcDbScale
 70
     0
300
1:2
140
1.0
141
2.0
290
     0
  0
SCALE
  5
1BF
102
{ACAD_REACTORS
330
10C
102
}
330
10C
100
AcDbScale
 70
     0
300
1:4
140
1.0
141
4.0
290
     0
  0
SCALE
  5
1C0
102
{ACAD_REACTORS
330
10C
102
}
330
10C
100
AcDbScale
 70
     0
300
1:5
140
1.0
141
5.0
290
     0
  0
SCALE
  5
1C1
102
{ACAD_REACTORS
330
10C
102
}
330
10C
100
AcDbScale
 70
     0
300
1:8
140
1.0
141
8.0
290
     0
  0
SCALE
  5
1C2
102
{ACAD_REACTORS
330
10C
102
}
330
10C
100
AcDbScale
 70
     0
300
1:10
140
1.0
141
10.0
290
     0
  0
SCALE
  5
1C3
102
{ACAD_REACTORS
330
10C
102
}
330
10C
100
AcDbScale
 70
     0
300
1:16
140
1.0
141
16.0
290
     0
  0
SCALE
  5
1C4
102
{ACAD_REACTORS
330
10C
102
}
330
10C
100
AcDbScale
 70
     0
300
1:20
140
1.0
141
20.0
290
     0
  0
SCALE
  5
1C5
102
{ACAD_REACTORS
330
10C
102
}
330
10C
100
AcDbScale
 70
     0
300
1:30
140
1.0
141
30.0
290
     0
  0
SCALE
  5
1C6
102
{ACAD_REACTORS
330
10C
102
}
330
10C
100
AcDbScale
 70
     0
300
1:40
140
1.0
141
40.0
290
     0
  0
SCALE
  5
1C7
102
{ACAD_REACTORS
330
10C
102
}
330
10C
100
AcDbScale
 70
     0
300
1:50
140
1.0
141
50.0
290
     0
  0
SCALE
  5
1C8
102
{ACAD_REACTORS
330
10C
102
}
330
10C
100
AcDbScale
 70
     0
300
1:100
140
1.0
141
100.0
290
     0
  0
SCALE
  5
1C9
102
{ACAD_REACTORS
330
10C
102
}
330
10C
100
AcDbScale
 70
     0
300
2:1
140
2.0
141
1.0
290
     0
  0
SCALE
  5
1CA
102
{ACAD_REACTORS
330
10C
102
}
330
10C
100
AcDbScale
 70
     0
300
4:1
140
4.0
141
1.0
290
     0
  0
SCALE
  5
1CB
102
{ACAD_REACTORS
330
10C
102
}
330
10C
100
AcDbScale
 70
     0
300
8:1
140
8.0
141
1.0
290
     0
  0
SCALE
  5
1CC
102
{ACAD_REACTORS
330
10C
102
}
330
10C
100
AcDbScale
 70
     0
300
10:1
140
10.0
141
1.0
290
     0
  0
SCALE
  5
1CD
102
{ACAD_REACTORS
330
10C
102
}
330
10C
100
AcDbScale
 70
     0
300
100:1
140
100.0
141
1.0
290
     0
  0
TABLESTYLE
  5
7F
102
{ACAD_REACTORS
330
7E
102
}
102
{ACAD_XDICTIONARY
360
584
102
}
330
7E
100
AcDbTableStyle
  3
Standard
 70
     0
 71
     0
 40
1.5
 41
1.5
280
     0
281
     0
  7
Standard
140
4.5
170
     2
 62
     0
 63
   257
283
     0
 90
      512
 91
        0
  1

274
    -2
284
     1
 64
     0
275
    -2
285
     1
 65
     0
276
    -2
286
     1
 66
     0
277
    -2
287
     1
 67
     0
278
    -2
288
     1
 68
     0
279
    -2
289
     1
 69
     0
  7
Standard
140
6.0
170
     5
 62
     0
 63
   257
283
     0
 90
      512
 91
        0
  1

274
    -2
284
     1
 64
     0
275
    -2
285
     1
 65
     0
276
    -2
286
     1
 66
     0
277
    -2
287
     1
 67
     0
278
    -2
288
     1
 68
     0
279
    -2
289
     1
 69
     0
  7
Standard
140
4.5
170
     5
 62
     0
 63
   257
283
     0
 90
      512
 91
        0
  1

274
    -2
284
     1
 64
     0
275
    -2
285
     1
 65
     0
276
    -2
286
     1
 66
     0
277
    -2
287
     1
 67
     0
278
    -2
288
     1
 68
     0
279
    -2
289
     1
 69
     0
  0
VISUALSTYLE
  5
F5
102
{ACAD_REACTORS
330
EF
102
}
330
EF
100
AcDbVisualStyle
  2
2dWireframe
 70
     4
177
     3
291
     0
 70
    58
 90
        0
176
     1
 90
        2
176
     1
 90
        1
176
     1
 90
        0
176
     1
 40
-0.6
176
     1
 40
-30.0
176
     1
 62
     7
420
 16777215
176
     1
 90
        1
176
     1
 90
        4
176
     1
 62
     7
176
     1
 62
   257
176
     1
 90
        1
176
     1
 90
        1
176
     1
 40
1.0
176
     1
 90
        0
176
     1
 62
   257
176
     1
 40
1.0
176
     1
 90
        1
176
     1
 90
        6
176
     1
 90
        2
176
     1
 62
     7
176
     1
 90
        5
176
     1
 90
        0
176
     1
 90
        0
176
     1
290
     0
176
     1
 90
        1
176
     1
 40
0.0
176
     1
 90
        0
176
     1
290
     1
176
     1
290
     1
176
     1
290
     0
176
     1
290
     0
176
     1
290
     0
176
     1
290
     0
176
     1
290
     0
176
     1
290
     0
176
     1
290
     0
176
     1
 90
       50
176
     1
 40
0.0
176
     1
 40
1.0
176
     1
 90
        0
176
     1
 62
    18
420
        0
176
     1
 90
       50
176
     1
 90
        3
176
     1
 62
     5
420
      255
176
     1
290
     0
176
     1
 90
       50
176
     1
 90
       50
176
     1
 90
       50
176
     1
290
     0
176
     1
 90
       50
176
     1
 62
   256
176
     0
 40
1.0
176
     0
 90
        2
176
     1
  1
strokes_ogs.tif
176
     1
290
     0
176
     1
 40
1.0
176
     1
 40
1.0
176
     1
  0
VISUALSTYLE
  5
F7
102
{ACAD_REACTORS
330
EF
102
}
330
EF
100
AcDbVisualStyle
  2
3D Hidden
 70
     6
177
     3
291
     0
 70
    58
 90
        1
176
     1
 90
        2
176
     1
 90
        2
176
     1
 90
        0
176
     1
 40
-0.6
176
     1
 40
-30.0
176
     1
 62
     7
420
 16777215
176
     1
 90
        2
176
     1
 90
        2
176
     1
 62
     7
176
     1
 62
   257
176
     1
 90
        2
176
     1
 90
        1
176
     1
 40
40.0
176
     1
 90
        0
176
     1
 62
   257
176
     1
 40
1.0
176
     1
 90
        1
176
     1
 90
        6
176
     1
 90
        2
176
     1
 62
     7
176
     1
 90
        3
176
     1
 90
        0
176
     1
 90
        0
176
     1
290
     0
176
     1
 90
        1
176
     1
 40
0.0
176
     1
 90
        0
176
     1
290
     0
176
     1
290
     1
176
     1
290
     1
176
     1
290
     0
176
     1
290
     0
176
     1
290
     0
176
     1
290
     0
176
     1
290
     0
176
     1
290
     0
176
     1
 90
       50
176
     1
 40
0.0
176
     1
 40
1.0
176
     1
 90
        0
176
     1
 62
    18
420
        0
176
     1
 90
       50
176
     1
 90
        3
176
     1
 62
     5
420
      255
176
     1
290
     0
176
     1
 90
       50
176
     1
 90
       50
176
     1
 90
       50
176
     1
290
     0
176
     1
 90
       50
176
     1
 62
   256
176
     0
 40
1.0
176
     0
 90
        2
176
     1
  1
strokes_ogs.tif
176
     1
290
     0
176
     1
 40
1.0
176
     1
 40
1.0
176
     1
  0
VISUALSTYLE
  5
F6
102
{ACAD_REACTORS
330
EF
102
}
330
EF
100
AcDbVisualStyle
  2
3dWireframe
 70
     5
177
     3
291
     0
 70
    58
 90
        0
176
     1
 90
        2
176
     1
 90
        1
176
     1
 90
        0
176
     1
 40
-0.6
176
     1
 40
-30.0
176
     1
 62
     7
420
 16777215
176
     1
 90
        1
176
     1
 90
        4
176
     1
 62
     7
176
     1
 62
   257
176
     1
 90
        1
176
     1
 90
        1
176
     1
 40
1.0
176
     1
 90
        0
176
     1
 62
   257
176
     1
 40
1.0
176
     1
 90
        1
176
     1
 90
        6
176
     1
 90
        2
176
     1
 62
     7
176
     1
 90
        5
176
     1
 90
        0
176
     1
 90
        0
176
     1
290
     0
176
     1
 90
        1
176
     1
 40
0.0
176
     1
 90
        0
176
     1
290
     0
176
     1
290
     1
176
     1
290
     1
176
     1
290
     0
176
     1
290
     0
176
     1
290
     0
176
     1
290
     0
176
     1
290
     0
176
     1
290
     0
176
     1
 90
       50
176
     1
 40
0.0
176
     1
 40
1.0
176
     1
 90
        0
176
     1
 62
    18
420
        0
176
     1
 90
       50
176
     1
 90
        3
176
     1
 62
     5
420
      255
176
     1
290
     0
176
     1
 90
       50
176
     1
 90
       50
176
     1
 90
       50
176
     1
290
     0
176
     1
 90
       50
176
     1
 62
   256
176
     0
 40
1.0
176
     0
 90
        2
176
     1
  1
strokes_ogs.tif
176
     1
290
     0
176
     1
 40
1.0
176
     1
 40
1.0
176
     1
  0
VISUALSTYLE
  5
F4
102
{ACAD_REACTORS
330
EF
102
}
330
EF
100
AcDbVisualStyle
  2
Basic
 70
     7
177
     3
291
     1
 70
    58
 90
        1
176
     1
 90
        0
176
     1
 90
        1
176
     1
 90
        0
176
     1
 40
-0.6
176
     1
 40
-30.0
176
     1
 62
     7
420
 16777215
176
     1
 90
        0
176
     1
 90
        4
176
     1
 62
     7
176
     1
 62
   257
176
     1
 90
        1
176
     1
 90
        1
176
     1
 40
1.0
176
     1
 90
        8
176
     1
 62
     7
176
     1
 40
1.0
176
     1
 90
        1
176
     1
 90
        6
176
     1
 90
        2
176
     1
 62
     7
176
     1
 90
        5
176
     1
 90
        0
176
     1
 90
        0
176
     1
290
     0
176
     1
 90
        1
176
     1
 40
0.0
176
     1
 90
        0
176
     1
290
     0
176
     1
290
     1
176
     1
290
     1
176
     1
290
     0
176
     1
290
     0
176
     1
290
     0
176
     1
290
     0
176
     1
290
     0
176
     1
290
     0
176
     1
 90
       50
176
     1
 40
0.0
176
     1
 40
1.0
176
     1
 90
        0
176
     1
 62
    18
420
        0
176
     1
 90
       50
176
     1
 90
        3
176
     1
 62
     5
420
      255
176
     1
290
     0
176
     1
 90
       50
176
     1
 90
       50
176
     1
 90
       50
176
     1
290
     0
176
     1
 90
       50
176
     1
 62
   256
176
     0
 40
1.0
176
     0
 90
        2
176
     1
  1
strokes_ogs.tif
176
     1
290
     0
176
     1
 40
1.0
176
     1
 40
1.0
176
     1
  0
VISUALSTYLE
  5
FB
102
{ACAD_REACTORS
330
EF
102
}
330
EF
100
AcDbVisualStyle
  2
Brighten
 70
    12
177
     3
291
     1
 70
    58
 90
        2
176
     1
 90
        2
176
     1
 90
        1
176
     1
 90
        0
176
     1
 40
-0.6
176
     1
 40
-30.0
176
     1
 62
     7
420
 16777215
176
     1
 90
        1
176
     1
 90
        4
176
     1
 62
     7
176
     1
 62
   257
176
     1
 90
        1
176
     1
 90
        1
176
     1
 40
1.0
176
     1
 90
        8
176
     1
 62
     7
176
     1
 40
1.0
176
     1
 90
        1
176
     1
 90
        6
176
     1
 90
        2
176
     1
 62
     7
176
     1
 90
        5
176
     1
 90
        0
176
     1
 90
        0
176
     1
290
     0
176
     1
 90
        1
176
     1
 40
50.0
176
     1
 90
        0
176
     1
290
     0
176
     1
290
     1
176
     1
290
     1
176
     1
290
     0
176
     1
290
     0
176
     1
290
     0
176
     1
290
     0
176
     1
290
     0
176
     1
290
     0
176
     1
 90
       50
176
     1
 40
0.0
176
     1
 40
1.0
176
     1
 90
        0
176
     1
 62
    18
420
        0
176
     1
 90
       50
176
     1
 90
        3
176
     1
 62
     5
420
      255
176
     1
290
     0
176
     1
 90
       50
176
     1
 90
       50
176
     1
 90
       50
176
     1
290
     0
176
     1
 90
       50
176
     1
 62
   256
176
     0
 40
1.0
176
     0
 90
        2
176
     1
  1
strokes_ogs.tif
176
     1
290
     0
176
     1
 40
1.0
176
     1
 40
1.0
176
     1
  0
VISUALSTYLE
  5
FF
102
{ACAD_REACTORS
330
EF
102
}
330
EF
100
AcDbVisualStyle
  2
ColorChange
 70
    16
177
     3
291
     1
 70
    58
 90
        2
176
     1
 90
        2
176
     1
 90
        3
176
     1
 90
        0
176
     1
 40
-0.6
176
     1
 40
-30.0
176
     1
 62
     8
420
  8421504
176
     1
 90
        1
176
     1
 90
        4
176
     1
 62
     7
176
     1
 62
   257
176
     1
 90
        1
176
     1
 90
        1
176
     1
 40
1.0
176
     1
 90
        8
176
     1
 62
     8
420
  8421504
176
     1
 40
1.0
176
     1
 90
        1
176
     1
 90
        6
176
     1
 90
        2
176
     1
 62
     7
176
     1
 90
        5
176
     1
 90
        0
176
     1
 90
        0
176
     1
290
     0
176
     1
 90
        1
176
     1
 40
0.0
176
     1
 90
        0
176
     1
290
     0
176
     1
290
     1
176
     1
290
     1
176
     1
290
     0
176
     1
290
     0
176
     1
290
     0
176
     1
290
     0
176
     1
290
     0
176
     1
290
     0
176
     1
 90
       50
176
     1
 40
0.0
176
     1
 40
1.0
176
     1
 90
        0
176
     1
 62
    18
420
        0
176
     1
 90
       50
176
     1
 90
        3
176
     1
 62
     5
420
      255
176
     1
290
     0
176
     1
 90
       50
176
     1
 90
       50
176
     1
 90
       50
176
     1
290
     0
176
     1
 90
       50
176
     1
 62
   256
176
     0
 40
1.0
176
     0
 90
        2
176
     1
  1
strokes_ogs.tif
176
     1
290
     0
176
     1
 40
1.0
176
     1
 40
1.0
176
     1
  0
VISUALSTYLE
  5
F8
102
{ACAD_REACTORS
330
EF
102
}
330
EF
100
AcDbVisualStyle
  2
Conceptual
 70
     9
177
     3
291
     0
 70
    58
 90
        3
176
     1
 90
        2
176
     1
 90
        1
176
     1
 90
        0
176
     1
 40
-0.6
176
     1
 40
-30.0
176
     1
 62
     7
420
 16777215
176
     1
 90
        2
176
     1
 90
        2
176
     1
 62
     7
176
     1
 62
   257
176
     1
 90
        1
176
     1
 90
        1
176
     1
 40
40.0
176
     1
 90
        8
176
     1
 62
     7
176
     1
 40
1.0
176
     1
 90
        1
176
     1
 90
        6
176
     1
 90
        2
176
     1
 62
     7
176
     1
 90
        3
176
     1
 90
        0
176
     1
 90
        0
176
     1
290
     0
176
     1
 90
        1
176
     1
 40
0.0
176
     1
 90
        0
176
     1
290
     0
176
     1
290
     1
176
     1
290
     1
176
     1
290
     0
176
     1
290
     0
176
     1
290
     0
176
     1
290
     0
176
     1
290
     0
176
     1
290
     0
176
     1
 90
       50
176
     1
 40
0.0
176
     1
 40
1.0
176
     1
 90
        0
176
     1
 62
    18
420
        0
176
     1
 90
       50
176
     1
 90
        3
176
     1
 62
     5
420
      255
176
     1
290
     0
176
     1
 90
       50
176
     1
 90
       50
176
     1
 90
       50
176
     1
290
     0
176
     1
 90
       50
176
     1
 62
   256
176
     0
 40
1.0
176
     0
 90
        2
176
     1
  1
strokes_ogs.tif
176
     1
290
     0
176
     1
 40
1.0
176
     1
 40
1.0
176
     1
  0
VISUALSTYLE
  5
FA
102
{ACAD_REACTORS
330
EF
102
}
330
EF
100
AcDbVisualStyle
  2
Dim
 70
    11
177
     3
291
     1
 70
    58
 90
        2
176
     1
 90
        2
176
     1
 90
        1
176
     1
 90
        0
176
     1
 40
-0.6
176
     1
 40
-30.0
176
     1
 62
     7
420
 16777215
176
     1
 90
        1
176
     1
 90
        4
176
     1
 62
     7
176
     1
 62
   257
176
     1
 90
        1
176
     1
 90
        1
176
     1
 40
1.0
176
     1
 90
        8
176
     1
 62
     7
176
     1
 40
1.0
176
     1
 90
        1
176
     1
 90
        6
176
     1
 90
        2
176
     1
 62
     7
176
     1
 90
        5
176
     1
 90
        0
176
     1
 90
        0
176
     1
290
     0
176
     1
 90
        1
176
     1
 40
-50.0
176
     1
 90
        0
176
     1
290
     0
176
     1
290
     1
176
     1
290
     1
176
     1
290
     0
176
     1
290
     0
176
     1
290
     0
176
     1
290
     0
176
     1
290
     0
176
     1
290
     0
176
     1
 90
       50
176
     1
 40
0.0
176
     1
 40
1.0
176
     1
 90
        0
176
     1
 62
    18
420
        0
176
     1
 90
       50
176
     1
 90
        3
176
     1
 62
     5
420
      255
176
     1
290
     0
176
     1
 90
       50
176
     1
 90
       50
176
     1
 90
       50
176
     1
290
     0
176
     1
 90
       50
176
     1
 62
   256
176
     0
 40
1.0
176
     0
 90
        2
176
     1
  1
strokes_ogs.tif
176
     1
290
     0
176
     1
 40
1.0
176
     1
 40
1.0
176
     1
  0
VISUALSTYLE
  5
35E
102
{ACAD_REACTORS
330
EF
102
}
330
EF
100
AcDbVisualStyle
  2
EdgeColorOff
 70
    22
177
     3
291
     1
 70
    58
 90
        2
176
     0
 90
        2
176
     0
 90
        0
176
     0
 90
        0
176
     0
 40
0.6
176
     0
 40
30.0
176
     0
 62
     7
420
 16777215
176
     0
 90
        1
176
     0
 90
        4
176
     0
 62
     7
176
     0
 62
   257
176
     0
 90
        1
176
     0
 90
        1
176
     0
 40
1.0
176
     0
 90
        8
176
     2
 62
     7
176
     0
 40
1.0
176
     0
 90
        1
176
     0
 90
        6
176
     0
 90
        2
176
     0
 62
     7
176
     0
 90
        5
176
     0
 90
        0
176
     0
 90
        0
176
     0
290
     0
176
     0
 90
        1
176
     0
 40
0.0
176
     0
 90
        0
176
     0
290
     0
176
     0
290
     1
176
     0
290
     1
176
     0
290
     0
176
     0
290
     0
176
     0
290
     0
176
     0
290
     0
176
     0
290
     0
176
     0
290
     0
176
     0
 90
       50
176
     0
 40
0.0
176
     0
 40
1.0
176
     0
 90
        0
176
     0
 62
    18
420
        0
176
     0
 90
       50
176
     0
 90
        3
176
     0
 62
     5
420
      255
176
     0
290
     0
176
     0
 90
       50
176
     0
 90
       50
176
     0
 90
       50
176
     0
290
     0
176
     0
 90
       50
176
     0
 62
   256
176
     0
 40
1.0
176
     0
 90
        2
176
     0
  1
strokes_ogs.tif
176
     0
290
     0
176
     0
 40
1.0
176
     0
 40
1.0
176
     0
  0
VISUALSTYLE
  5
FE
102
{ACAD_REACTORS
330
EF
102
}
330
EF
100
AcDbVisualStyle
  2
Facepattern
 70
    15
177
     3
291
     1
 70
    58
 90
        2
176
     1
 90
        2
176
     1
 90
        1
176
     1
 90
        0
176
     1
 40
-0.6
176
     1
 40
-30.0
176
     1
 62
     7
420
 16777215
176
     1
 90
        1
176
     1
 90
        4
176
     1
 62
     7
176
     1
 62
   257
176
     1
 90
        1
176
     1
 90
        1
176
     1
 40
1.0
176
     1
 90
        8
176
     1
 62
     7
176
     1
 40
1.0
176
     1
 90
        1
176
     1
 90
        6
176
     1
 90
        2
176
     1
 62
     7
176
     1
 90
        5
176
     1
 90
        0
176
     1
 90
        0
176
     1
290
     0
176
     1
 90
        1
176
     1
 40
0.0
176
     1
 90
        0
176
     1
290
     0
176
     1
290
     1
176
     1
290
     1
176
     1
290
     0
176
     1
290
     0
176
     1
290
     0
176
     1
290
     0
176
     1
290
     0
176
     1
290
     0
176
     1
 90
       50
176
     1
 40
0.0
176
     1
 40
1.0
176
     1
 90
        0
176
     1
 62
    18
420
        0
176
     1
 90
       50
176
     1
 90
        3
176
     1
 62
     5
420
      255
176
     1
290
     0
176
     1
 90
       50
176
     1
 90
       50
176
     1
 90
       50
176
     1
290
     0
176
     1
 90
       50
176
     1
 62
   256
176
     0
 40
1.0
176
     0
 90
        2
176
     1
  1
strokes_ogs.tif
176
     1
290
     0
176
     1
 40
1.0
176
     1
 40
1.0
176
     1
  0
VISUALSTYLE
  5
F0
102
{ACAD_REACTORS
330
EF
102
}
330
EF
100
AcDbVisualStyle
  2
Flat
 70
     0
177
     3
291
     1
 70
    58
 90
        2
176
     1
 90
        1
176
     1
 90
        1
176
     1
 90
        2
176
     1
 40
-0.6
176
     1
 40
30.0
176
     1
 62
     7
420
 16777215
176
     1
 90
        0
176
     1
 90
        4
176
     1
 62
     7
176
     1
 62
   257
176
     1
 90
        1
176
     1
 90
        1
176
     1
 40
1.0
176
     1
 90
        8
176
     1
 62
     7
176
     1
 40
1.0
176
     1
 90
        1
176
     1
 90
        6
176
     1
 90
        2
176
     1
 62
     7
176
     1
 90
        5
176
     1
 90
        0
176
     1
 90
        0
176
     1
290
     0
176
     1
 90
        1
176
     1
 40
0.0
176
     1
 90
        0
176
     1
290
     0
176
     1
290
     1
176
     1
290
     1
176
     1
290
     0
176
     1
290
     0
176
     1
290
     0
176
     1
290
     0
176
     1
290
     0
176
     1
290
     0
176
     1
 90
       50
176
     1
 40
0.0
176
     1
 40
1.0
176
     1
 90
        0
176
     1
 62
    18
420
        0
176
     1
 90
       50
176
     1
 90
        3
176
     1
 62
     5
420
      255
176
     1
290
     0
176
     1
 90
       50
176
     1
 90
       50
176
     1
 90
       50
176
     1
290
     0
176
     1
 90
       50
176
     1
 62
   256
176
     0
 40
1.0
176
     0
 90
        2
176
     1
  1
strokes_ogs.tif
176
     1
290
     0
176
     1
 40
1.0
176
     1
 40
1.0
176
     1
  0
VISUALSTYLE
  5
F1
102
{ACAD_REACTORS
330
EF
102
}
330
EF
100
AcDbVisualStyle
  2
FlatWithEdges
 70
     1
177
     3
291
     1
 70
    58
 90
        2
176
     1
 90
        1
176
     1
 90
        1
176
     1
 90
        2
176
     1
 40
-0.6
176
     1
 40
30.0
176
     1
 62
     7
420
 16777215
176
     1
 90
        1
176
     1
 90
        4
176
     1
 62
     7
176
     1
 62
   257
176
     1
 90
        1
176
     1
 90
        1
176
     1
 40
1.0
176
     1
 90
        0
176
     1
 62
   257
176
     1
 40
1.0
176
     1
 90
        1
176
     1
 90
        6
176
     1
 90
        2
176
     1
 62
     7
176
     1
 90
        5
176
     1
 90
        0
176
     1
 90
        0
176
     1
290
     0
176
     1
 90
        1
176
     1
 40
0.0
176
     1
 90
        0
176
     1
290
     0
176
     1
290
     1
176
     1
290
     1
176
     1
290
     0
176
     1
290
     0
176
     1
290
     0
176
     1
290
     0
176
     1
290
     0
176
     1
290
     0
176
     1
 90
       50
176
     1
 40
0.0
176
     1
 40
1.0
176
     1
 90
        0
176
     1
 62
    18
420
        0
176
     1
 90
       50
176
     1
 90
        3
176
     1
 62
     5
420
      255
176
     1
290
     0
176
     1
 90
       50
176
     1
 90
       50
176
     1
 90
       50
176
     1
290
     0
176
     1
 90
       50
176
     1
 62
   256
176
     0
 40
1.0
176
     0
 90
        2
176
     1
  1
strokes_ogs.tif
176
     1
290
     0
176
     1
 40
1.0
176
     1
 40
1.0
176
     1
  0
VISUALSTYLE
  5
F2
102
{ACAD_REACTORS
330
EF
102
}
330
EF
100
AcDbVisualStyle
  2
Gouraud
 70
     2
177
     3
291
     1
 70
    58
 90
        2
176
     1
 90
        2
176
     1
 90
        1
176
     1
 90
        2
176
     1
 40
-0.6
176
     1
 40
30.0
176
     1
 62
     7
420
 16777215
176
     1
 90
        0
176
     1
 90
        4
176
     1
 62
     7
176
     1
 62
   257
176
     1
 90
        1
176
     1
 90
        1
176
     1
 40
1.0
176
     1
 90
        0
176
     1
 62
     7
176
     1
 40
1.0
176
     1
 90
        1
176
     1
 90
        6
176
     1
 90
        2
176
     1
 62
     7
176
     1
 90
        5
176
     1
 90
        0
176
     1
 90
        0
176
     1
290
     0
176
     1
 90
        1
176
     1
 40
0.0
176
     1
 90
        0
176
     1
290
     0
176
     1
290
     1
176
     1
290
     1
176
     1
290
     0
176
     1
290
     0
176
     1
290
     0
176
     1
290
     0
176
     1
290
     0
176
     1
290
     0
176
     1
 90
       50
176
     1
 40
0.0
176
     1
 40
1.0
176
     1
 90
        0
176
     1
 62
    18
420
        0
176
     1
 90
       50
176
     1
 90
        3
176
     1
 62
     5
420
      255
176
     1
290
     0
176
     1
 90
       50
176
     1
 90
       50
176
     1
 90
       50
176
     1
290
     0
176
     1
 90
       50
176
     1
 62
   256
176
     0
 40
1.0
176
     0
 90
        2
176
     1
  1
strokes_ogs.tif
176
     1
290
     0
176
     1
 40
1.0
176
     1
 40
1.0
176
     1
  0
VISUALSTYLE
  5
F3
102
{ACAD_REACTORS
330
EF
102
}
330
EF
100
AcDbVisualStyle
  2
GouraudWithEdges
 70
     3
177
     3
291
     1
 70
    58
 90
        2
176
     1
 90
        2
176
     1
 90
        1
176
     1
 90
        2
176
     1
 40
-0.6
176
     1
 40
30.0
176
     1
 62
     7
420
 16777215
176
     1
 90
        1
176
     1
 90
        4
176
     1
 62
     7
176
     1
 62
   257
176
     1
 90
        1
176
     1
 90
        1
176
     1
 40
1.0
176
     1
 90
        0
176
     1
 62
   257
176
     1
 40
1.0
176
     1
 90
        1
176
     1
 90
        6
176
     1
 90
        2
176
     1
 62
     7
176
     1
 90
        5
176
     1
 90
        0
176
     1
 90
        0
176
     1
290
     0
176
     1
 90
        1
176
     1
 40
0.0
176
     1
 90
        0
176
     1
290
     0
176
     1
290
     1
176
     1
290
     1
176
     1
290
     0
176
     1
290
     0
176
     1
290
     0
176
     1
290
     0
176
     1
290
     0
176
     1
290
     0
176
     1
 90
       50
176
     1
 40
0.0
176
     1
 40
1.0
176
     1
 90
        0
176
     1
 62
    18
420
        0
176
     1
 90
       50
176
     1
 90
        3
176
     1
 62
     5
420
      255
176
     1
290
     0
176
     1
 90
       50
176
     1
 90
       50
176
     1
 90
       50
176
     1
290
     0
176
     1
 90
       50
176
     1
 62
   256
176
     0
 40
1.0
176
     0
 90
        2
176
     1
  1
strokes_ogs.tif
176
     1
290
     0
176
     1
 40
1.0
176
     1
 40
1.0
176
     1
  0
VISUALSTYLE
  5
35B
102
{ACAD_REACTORS
330
EF
102
}
330
EF
100
AcDbVisualStyle
  2
Hidden
 70
     6
177
     3
291
     0
 70
    58
 90
        1
176
     1
 90
        2
176
     1
 90
        2
176
     1
 90
        0
176
     1
 40
0.6
176
     1
 40
30.0
176
     1
 62
     7
420
 16777215
176
     1
 90
        2
176
     1
 90
        2
176
     1
 62
     7
176
     1
 62
   257
176
     1
 90
        2
176
     1
 90
        1
176
     1
 40
40.0
176
     1
 90
        0
176
     1
 62
   257
176
     1
 40
1.0
176
     1
 90
        1
176
     1
 90
        6
176
     1
 90
        2
176
     1
 62
     7
176
     1
 90
        3
176
     1
 90
        0
176
     1
 90
        0
176
     1
290
     0
176
     1
 90
        1
176
     1
 40
0.0
176
     1
 90
        0
176
     1
290
     0
176
     1
290
     1
176
     1
290
     1
176
     1
290
     0
176
     1
290
     0
176
     1
290
     0
176
     1
290
     0
176
     1
290
     0
176
     1
290
     0
176
     1
 90
       50
176
     1
 40
0.0
176
     1
 40
1.0
176
     1
 90
        0
176
     1
 62
    18
420
        0
176
     1
 90
       50
176
     1
 90
        3
176
     1
 62
     5
420
      255
176
     1
290
     0
176
     1
 90
       50
176
     1
 90
       50
176
     1
 90
       50
176
     1
290
     0
176
     1
 90
       50
176
     1
 62
   256
176
     0
 40
1.0
176
     0
 90
        2
176
     1
  1
strokes_ogs.tif
176
     1
290
     0
176
     1
 40
1.0
176
     1
 40
1.0
176
     1
  0
VISUALSTYLE
  5
35C
102
{ACAD_REACTORS
330
EF
102
}
330
EF
100
AcDbVisualStyle
  2
JitterOff
 70
    20
177
     3
291
     1
 70
    58
 90
        2
176
     0
 90
        2
176
     0
 90
        0
176
     0
 90
        0
176
     0
 40
0.6
176
     0
 40
30.0
176
     0
 62
     7
420
 16777215
176
     0
 90
        1
176
     0
 90
        4
176
     0
 62
     7
176
     0
 62
   257
176
     0
 90
        1
176
     0
 90
        1
176
     0
 40
1.0
176
     0
 90
       10
176
     2
 62
     7
176
     0
 40
1.0
176
     0
 90
        1
176
     0
 90
        6
176
     0
 90
        2
176
     0
 62
     7
176
     0
 90
        5
176
     0
 90
        0
176
     0
 90
        0
176
     0
290
     0
176
     0
 90
        1
176
     0
 40
0.0
176
     0
 90
        0
176
     0
290
     0
176
     0
290
     1
176
     0
290
     1
176
     0
290
     0
176
     0
290
     0
176
     0
290
     0
176
     0
290
     0
176
     0
290
     0
176
     0
290
     0
176
     0
 90
       50
176
     0
 40
0.0
176
     0
 40
1.0
176
     0
 90
        0
176
     0
 62
    18
420
        0
176
     0
 90
       50
176
     0
 90
        3
176
     0
 62
     5
420
      255
176
     0
290
     0
176
     0
 90
       50
176
     0
 90
       50
176
     0
 90
       50
176
     0
290
     0
176
     0
 90
       50
176
     0
 62
   256
176
     0
 40
1.0
176
     0
 90
        2
176
     0
  1
strokes_ogs.tif
176
     0
290
     0
176
     0
 40
1.0
176
     0
 40
1.0
176
     0
  0
VISUALSTYLE
  5
FD
102
{ACAD_REACTORS
330
EF
102
}
330
EF
100
AcDbVisualStyle
  2
Linepattern
 70
    14
177
     3
291
     1
 70
    58
 90
        2
176
     1
 90
        2
176
     1
 90
        1
176
     1
 90
        0
176
     1
 40
-0.6
176
     1
 40
-30.0
176
     1
 62
     7
420
 16777215
176
     1
 90
        1
176
     1
 90
        4
176
     1
 62
     7
176
     1
 62
   257
176
     1
 90
        7
176
     1
 90
        7
176
     1
 40
1.0
176
     1
 90
        8
176
     1
 62
     7
176
     1
 40
1.0
176
     1
 90
        1
176
     1
 90
        6
176
     1
 90
        2
176
     1
 62
     7
176
     1
 90
        5
176
     1
 90
        0
176
     1
 90
        0
176
     1
290
     0
176
     1
 90
        1
176
     1
 40
0.0
176
     1
 90
        0
176
     1
290
     0
176
     1
290
     1
176
     1
290
     1
176
     1
290
     0
176
     1
290
     0
176
     1
290
     0
176
     1
290
     0
176
     1
290
     0
176
     1
290
     0
176
     1
 90
       50
176
     1
 40
0.0
176
     1
 40
1.0
176
     1
 90
        0
176
     1
 62
    18
420
        0
176
     1
 90
       50
176
     1
 90
        3
176
     1
 62
     5
420
      255
176
     1
290
     0
176
     1
 90
       50
176
     1
 90
       50
176
     1
 90
       50
176
     1
290
     0
176
     1
 90
       50
176
     1
 62
   256
176
     0
 40
1.0
176
     0
 90
        2
176
     1
  1
strokes_ogs.tif
176
     1
290
     0
176
     1
 40
1.0
176
     1
 40
1.0
176
     1
  0
VISUALSTYLE
  5
35D
102
{ACAD_REACTORS
330
EF
102
}
330
EF
100
AcDbVisualStyle
  2
OverhangOff
 70
    21
177
     3
291
     1
 70
    58
 90
        2
176
     0
 90
        2
176
     0
 90
        0
176
     0
 90
        0
176
     0
 40
0.6
176
     0
 40
30.0
176
     0
 62
     7
420
 16777215
176
     0
 90
        1
176
     0
 90
        4
176
     0
 62
     7
176
     0
 62
   257
176
     0
 90
        1
176
     0
 90
        1
176
     0
 40
1.0
176
     0
 90
        9
176
     2
 62
     7
176
     0
 40
1.0
176
     0
 90
        1
176
     0
 90
        6
176
     0
 90
        2
176
     0
 62
     7
176
     0
 90
        5
176
     0
 90
        0
176
     0
 90
        0
176
     0
290
     0
176
     0
 90
        1
176
     0
 40
0.0
176
     0
 90
        0
176
     0
290
     0
176
     0
290
     1
176
     0
290
     1
176
     0
290
     0
176
     0
290
     0
176
     0
290
     0
176
     0
290
     0
176
     0
290
     0
176
     0
290
     0
176
     0
 90
       50
176
     0
 40
0.0
176
     0
 40
1.0
176
     0
 90
        0
176
     0
 62
    18
420
        0
176
     0
 90
       50
176
     0
 90
        3
176
     0
 62
     5
420
      255
176
     0
290
     0
176
     0
 90
       50
176
     0
 90
       50
176
     0
 90
       50
176
     0
290
     0
176
     0
 90
       50
176
     0
 62
   256
176
     0
 40
1.0
176
     0
 90
        2
176
     0
  1
strokes_ogs.tif
176
     0
290
     0
176
     0
 40
1.0
176
     0
 40
1.0
176
     0
  0
VISUALSTYLE
  5
F9
102
{ACAD_REACTORS
330
EF
102
}
330
EF
100
AcDbVisualStyle
  2
Realistic
 70
     8
177
     3
291
     0
 70
    58
 90
        2
176
     1
 90
        2
176
     1
 90
        1
176
     1
 90
        0
176
     1
 40
-0.6
176
     1
 40
-30.0
176
     1
 62
     7
420
 16777215
176
     1
 90
        1
176
     1
 90
        0
176
     1
 62
     7
176
     1
 62
   257
176
     1
 90
        1
176
     1
 90
        1
176
     1
 40
1.0
176
     1
 90
        8
176
     1
 62
     8
420
  7895160
176
     1
 40
1.0
176
     1
 90
        1
176
     1
 90
        6
176
     1
 90
        2
176
     1
 62
     7
176
     1
 90
        5
176
     1
 90
        0
176
     1
 90
        0
176
     1
290
     0
176
     1
 90
       13
176
     1
 40
0.0
176
     1
 90
        0
176
     1
290
     0
176
     1
290
     1
176
     1
290
     1
176
     1
290
     0
176
     1
290
     0
176
     1
290
     0
176
     1
290
     0
176
     1
290
     0
176
     1
290
     0
176
     1
 90
       50
176
     1
 40
0.0
176
     1
 40
1.0
176
     1
 90
        0
176
     1
 62
    18
420
        0
176
     1
 90
       50
176
     1
 90
        3
176
     1
 62
     5
420
      255
176
     1
290
     0
176
     1
 90
       50
176
     1
 90
       50
176
     1
 90
       50
176
     1
290
     0
176
     1
 90
       50
176
     1
 62
   256
176
     0
 40
1.0
176
     0
 90
        2
176
     1
  1
strokes_ogs.tif
176
     1
290
     0
176
     1
 40
1.0
176
     1
 40
1.0
176
     1
  0
VISUALSTYLE
  5
363
102
{ACAD_REACTORS
330
EF
102
}
330
EF
100
AcDbVisualStyle
  2
Shaded
 70
    27
177
     3
291
     0
 70
    58
 90
        2
176
     1
 90
        2
176
     1
 90
        1
176
     1
 90
        2
176
     1
 40
0.6
176
     1
 40
30.0
176
     1
 62
     7
420
 16777215
176
     1
 90
        0
176
     1
 90
        4
176
     1
 62
     7
176
     1
 62
   257
176
     1
 90
        1
176
     1
 90
        1
176
     1
 40
1.0
176
     1
 90
        8
176
     1
 62
   257
176
     1
 40
1.0
176
     1
 90
        1
176
     1
 90
        6
176
     1
 90
        2
176
     1
 62
     8
420
  7895160
176
     1
 90
        3
176
     1
 90
        0
176
     1
 90
        0
176
     1
290
     0
176
     1
 90
        5
176
     1
 40
0.0
176
     1
 90
        0
176
     1
290
     0
176
     1
290
     1
176
     1
290
     1
176
     1
290
     0
176
     1
290
     0
176
     1
290
     0
176
     1
290
     0
176
     1
290
     0
176
     1
290
     0
176
     1
 90
       50
176
     1
 40
0.0
176
     1
 40
1.0
176
     1
 90
        0
176
     1
 62
    18
420
        0
176
     1
 90
       50
176
     1
 90
        3
176
     1
 62
     5
420
      255
176
     1
290
     0
176
     1
 90
       50
176
     1
 90
       50
176
     1
 90
       50
176
     1
290
     0
176
     1
 90
       50
176
     1
 62
   256
176
     0
 40
1.0
176
     0
 90
        2
176
     1
  1
strokes_ogs.tif
176
     1
290
     0
176
     1
 40
1.0
176
     1
 40
1.0
176
     1
  0
VISUALSTYLE
  5
362
102
{ACAD_REACTORS
330
EF
102
}
330
EF
100
AcDbVisualStyle
  2
Shaded with edges
 70
    26
177
     3
291
     0
 70
    58
 90
        2
176
     1
 90
        2
176
     1
 90
        1
176
     1
 90
        2
176
     1
 40
0.6
176
     1
 40
30.0
176
     1
 62
     7
420
 16777215
176
     1
 90
        1
176
     1
 90
       10
176
     1
 62
     7
176
     1
 62
   257
176
     1
 90
        2
176
     1
 90
        1
176
     1
 40
1.0
176
     1
 90
        8
176
     1
 62
   257
176
     1
 40
1.0
176
     1
 90
        1
176
     1
 90
        6
176
     1
 90
        2
176
     1
 62
     7
176
     1
 90
        3
176
     1
 90
        0
176
     1
 90
        0
176
     1
290
     0
176
     1
 90
        5
176
     1
 40
0.0
176
     1
 90
        0
176
     1
290
     0
176
     1
290
     1
176
     1
290
     1
176
     1
290
     0
176
     1
290
     0
176
     1
290
     0
176
     1
290
     0
176
     1
290
     0
176
     1
290
     0
176
     1
 90
       50
176
     1
 40
0.0
176
     1
 40
1.0
176
     1
 90
        0
176
     1
 62
    18
420
        0
176
     1
 90
       50
176
     1
 90
        3
176
     1
 62
     5
420
      255
176
     1
290
     0
176
     1
 90
       50
176
     1
 90
       50
176
     1
 90
       50
176
     1
290
     0
176
     1
 90
       50
176
     1
 62
   256
176
     0
 40
1.0
176
     0
 90
        2
176
     1
  1
strokes_ogs.tif
176
     1
290
     0
176
     1
 40
1.0
176
     1
 40
1.0
176
     1
  0
VISUALSTYLE
  5
35F
102
{ACAD_REACTORS
330
EF
102
}
330
EF
100
AcDbVisualStyle
  2
Shades of Gray
 70
    23
177
     3
291
     0
 70
    58
 90
        2
176
     1
 90
        2
176
     1
 90
        3
176
     1
 90
        0
176
     1
 40
0.6
176
     1
 40
30.0
176
     1
 62
     7
420
 16777215
176
     1
 90
        2
176
     1
 90
        2
176
     1
 62
     7
176
     1
 62
     7
176
     1
 90
        1
176
     1
 90
        1
176
     1
 40
40.0
176
     1
 90
        8
176
     1
 62
     7
176
     1
 40
1.0
176
     1
 90
        1
176
     1
 90
        6
176
     1
 90
        2
176
     1
 62
     7
176
     1
 90
        3
176
     1
 90
        0
176
     1
 90
        0
176
     1
290
     0
176
     1
 90
        1
176
     1
 40
0.0
176
     1
 90
        0
176
     1
290
     0
176
     1
290
     1
176
     1
290
     1
176
     1
290
     0
176
     1
290
     0
176
     1
290
     0
176
     1
290
     0
176
     1
290
     0
176
     1
290
     0
176
     1
 90
       50
176
     1
 40
0.0
176
     1
 40
1.0
176
     1
 90
        0
176
     1
 62
    18
420
        0
176
     1
 90
       50
176
     1
 90
        3
176
     1
 62
     5
420
      255
176
     1
290
     0
176
     1
 90
       50
176
     1
 90
       50
176
     1
 90
       50
176
     1
290
     0
176
     1
 90
       50
176
     1
 62
   256
176
     0
 40
1.0
176
     0
 90
        2
176
     1
  1
strokes_ogs.tif
176
     1
290
     0
176
     1
 40
1.0
176
     1
 40
1.0
176
     1
  0
VISUALSTYLE
  5
360
102
{ACAD_REACTORS
330
EF
102
}
330
EF
100
AcDbVisualStyle
  2
Sketchy
 70
    24
177
     3
291
     0
 70
    58
 90
        1
176
     1
 90
        2
176
     1
 90
        2
176
     1
 90
        0
176
     1
 40
0.6
176
     1
 40
30.0
176
     1
 62
     7
420
 16777215
176
     1
 90
        2
176
     1
 90
        2
176
     1
 62
     7
176
     1
 62
     7
176
     1
 90
        1
176
     1
 90
        1
176
     1
 40
40.0
176
     1
 90
       11
176
     1
 62
     7
176
     1
 40
1.0
176
     1
 90
        1
176
     1
 90
        6
176
     1
 90
        2
176
     1
 62
     7
176
     1
 90
        6
176
     1
 90
        0
176
     1
 90
        0
176
     1
290
     0
176
     1
 90
        1
176
     1
 40
0.0
176
     1
 90
        0
176
     1
290
     0
176
     1
290
     1
176
     1
290
     1
176
     1
290
     0
176
     1
290
     0
176
     1
290
     0
176
     1
290
     0
176
     1
290
     0
176
     1
290
     0
176
     1
 90
       50
176
     1
 40
0.0
176
     1
 40
1.0
176
     1
 90
        0
176
     1
 62
    18
420
        0
176
     1
 90
       50
176
     1
 90
        3
176
     1
 62
     5
420
      255
176
     1
290
     0
176
     1
 90
       50
176
     1
 90
       50
176
     1
 90
       50
176
     1
290
     0
176
     1
 90
       50
176
     1
 62
   256
176
     0
 40
1.0
176
     0
 90
        2
176
     1
  1
strokes_ogs.tif
176
     1
290
     0
176
     1
 40
1.0
176
     1
 40
1.0
176
     1
  0
VISUALSTYLE
  5
FC
102
{ACAD_REACTORS
330
EF
102
}
330
EF
100
AcDbVisualStyle
  2
Thicken
 70
    13
177
     3
291
     1
 70
    58
 90
        2
176
     1
 90
        2
176
     1
 90
        1
176
     1
 90
        0
176
     1
 40
-0.6
176
     1
 40
-30.0
176
     1
 62
     7
420
 16777215
176
     1
 90
        1
176
     1
 90
        4
176
     1
 62
     7
176
     1
 62
   257
176
     1
 90
        1
176
     1
 90
        1
176
     1
 40
1.0
176
     1
 90
       12
176
     1
 62
     7
176
     1
 40
1.0
176
     1
 90
        1
176
     1
 90
        6
176
     1
 90
        2
176
     1
 62
     7
176
     1
 90
        5
176
     1
 90
        0
176
     1
 90
        0
176
     1
290
     0
176
     1
 90
        1
176
     1
 40
0.0
176
     1
 90
        0
176
     1
290
     0
176
     1
290
     1
176
     1
290
     1
176
     1
290
     0
176
     1
290
     0
176
     1
290
     0
176
     1
290
     0
176
     1
290
     0
176
     1
290
     0
176
     1
 90
       50
176
     1
 40
0.0
176
     1
 40
1.0
176
     1
 90
        0
176
     1
 62
    18
420
        0
176
     1
 90
       50
176
     1
 90
        3
176
     1
 62
     5
420
      255
176
     1
290
     0
176
     1
 90
       50
176
     1
 90
       50
176
     1
 90
       50
176
     1
290
     0
176
     1
 90
       50
176
     1
 62
   256
176
     0
 40
1.0
176
     0
 90
        2
176
     1
  1
strokes_ogs.tif
176
     1
290
     0
176
     1
 40
1.0
176
     1
 40
1.0
176
     1
  0
VISUALSTYLE
  5
35A
102
{ACAD_REACTORS
330
EF
102
}
330
EF
100
AcDbVisualStyle
  2
Wireframe
 70
     5
177
     3
291
     0
 70
    58
 90
        0
176
     1
 90
        2
176
     1
 90
        0
176
     1
 90
        0
176
     1
 40
0.6
176
     1
 40
30.0
176
     1
 62
     7
420
 16777215
176
     1
 90
        1
176
     1
 90
        4
176
     1
 62
     7
176
     1
 62
   257
176
     1
 90
        1
176
     1
 90
        1
176
     1
 40
1.0
176
     1
 90
        0
176
     1
 62
   257
176
     1
 40
1.0
176
     1
 90
        1
176
     1
 90
        6
176
     1
 90
        2
176
     1
 62
     7
176
     1
 90
        3
176
     1
 90
        0
176
     1
 90
        0
176
     1
290
     0
176
     1
 90
        1
176
     1
 40
0.0
176
     1
 90
        0
176
     1
290
     0
176
     1
290
     1
176
     1
290
     1
176
     1
290
     0
176
     1
290
     0
176
     1
290
     0
176
     1
290
     0
176
     1
290
     0
176
     1
290
     0
176
     1
 90
       50
176
     1
 40
0.0
176
     1
 40
1.0
176
     1
 90
        0
176
     1
 62
    18
420
        0
176
     1
 90
       50
176
     1
 90
        3
176
     1
 62
     5
420
      255
176
     1
290
     0
176
     1
 90
       50
176
     1
 90
       50
176
     1
 90
       50
176
     1
290
     0
176
     1
 90
       50
176
     1
 62
   256
176
     0
 40
1.0
176
     0
 90
        2
176
     1
  1
strokes_ogs.tif
176
     1
290
     0
176
     1
 40
1.0
176
     1
 40
1.0
176
     1
  0
VISUALSTYLE
  5
361
102
{ACAD_REACTORS
330
EF
102
}
330
EF
100
AcDbVisualStyle
  2
X-Ray
 70
    25
177
     3
291
     0
 70
    58
 90
        2
176
     1
 90
        2
176
     1
 90
        1
176
     1
 90
        1
176
     1
 40
0.5
176
     1
 40
30.0
176
     1
 62
     7
420
 16777215
176
     1
 90
        1
176
     1
 90
        0
176
     1
 62
     7
176
     1
 62
   257
176
     1
 90
        1
176
     1
 90
        1
176
     1
 40
1.0
176
     1
 90
        8
176
     1
 62
     7
176
     1
 40
1.0
176
     1
 90
        1
176
     1
 90
        6
176
     1
 90
        2
176
     1
 62
     7
176
     1
 90
        3
176
     1
 90
        0
176
     1
 90
        0
176
     1
290
     0
176
     1
 90
       13
176
     1
 40
0.0
176
     1
 90
        0
176
     1
290
     0
176
     1
290
     1
176
     1
290
     1
176
     1
290
     0
176
     1
290
     0
176
     1
290
     0
176
     1
290
     0
176
     1
290
     0
176
     1
290
     0
176
     1
 90
       50
176
     1
 40
0.0
176
     1
 40
1.0
176
     1
 90
        0
176
     1
 62
    18
420
        0
176
     1
 90
       50
176
     1
 90
        3
176
     1
 62
     5
420
      255
176
     1
290
     0
176
     1
 90
       50
176
     1
 90
       50
176
     1
 90
       50
176
     1
290
     0
176
     1
 90
       50
176
     1
 62
   256
176
     0
 40
1.0
176
     0
 90
        2
176
     1
  1
strokes_ogs.tif
176
     1
290
     0
176
     1
 40
1.0
176
     1
 40
1.0
176
     1
  0
DICTIONARYVAR
  5
146
102
{ACAD_REACTORS
330
5E
102
}
330
5E
100
DictionaryVariables
280
     0
  1
1:1
  0
DICTIONARYVAR
  5
145
102
{ACAD_REACTORS
330
5E
102
}
330
5E
100
DictionaryVariables
280
     0
  1
Standard
  0
DICTIONARYVAR
  5
84
102
{ACAD_REACTORS
330
5E
102
}
330
5E
100
DictionaryVariables
280
     0
  1
Standard
  0
DICTIONARYVAR
  5
5F
102
{ACAD_REACTORS
330
5E
102
}
330
5E
100
DictionaryVariables
280
     0
  1
2
  0
DICTIONARYVAR
  5
63
102
{ACAD_REACTORS
330
5E
102
}
330
5E
100
DictionaryVariables
280
     0
  1
1
  0
DICTIONARYVAR
  5
1AE
102
{ACAD_REACTORS
330
5E
102
}
330
5E
100
DictionaryVariables
280
     0
  1
0
  0
DICTIONARYVAR
  5
1AF
102
{ACAD_REACTORS
330
5E
102
}
330
5E
100
DictionaryVariables
280
     0
  1
0
  0
DICTIONARYVAR
  5
356
102
{ACAD_REACTORS
330
5E
102
}
330
5E
100
DictionaryVariables
280
     0
  1
0
  0
XRECORD
  5
583
102
{ACAD_REACTORS
330
34E
102
}
330
34E
100
AcDbXrecord
280
     1
300
MC_VERSION_DATA
 90
       95
310
0600000002000000570000001C000000E404000000000000000000007801936764E5D8CFFA9993818115C460606066E0646662626666706006F218793899F8DE3171E725E6E53B3BBA2878E6951050AF75FEFFFFFF520036E40F2657000000
  0
XRECORD
  5
357
102
{ACAD_REACTORS
330
34E
102
}
330
34E
100
AcDbXrecord
280
     1
300
MCS_DOCUMENT_ID
 90
       61
310
0600000002000000150000001C000000E404000000000000000000007801E3FDCDBFFFE9E61359CE1B6F9616BCDC1D7BE13F10000089570E2015000000
  0
XRECORD
  5
365
102
{ACAD_REACTORS
330
34E
102
}
330
34E
100
AcDbXrecord
280
     1
300
MCS_PARAMS_DATA
 90
     3313
310
0600000002000000F64B00001C000000E404000000000000000000007801C55C5B6C5CC519DE9D595FD6B9DF494B53970A1A6F4A58DF92A6426A1A1210527090E23EF0543976A2BA75E25CAC160A6DA92AF5A55255A96AD556551F4A49A0CF15A03EC0438190865E482021147221409310B6900B3826B1FB7F7366CEFC73E6
310
1CAFBDDE3D9B07D8FF3F73CEF7DFE6FB67E6ECBA757EA3143929F767A4FCCE8636299AA49C90529036BB402C105929F279912F89C6DEAF6FD8BC69AB14A46C51EAC2B9898909BA39945F872C1FCD848A834A91A13B1AD51D6D5266E8A9FAF627E9AABE92BD45CA6F03BD81A3CFC24D59D990C96408C7E066656E0232E13A03
310
14B0AB01724443F05CC3F08780DFC8F19B03FC710A073DC8486413411B49060E3311A05C24C45064703B01D7CCE196A818E5C59C9268B967CBD6DED68ED59DC52EEB78BEF08E09F8223D745649346F1DE9DB35D0B777C089FC5FC3C8EB60BF1A286CF47FE3467F17CC59C5CD990B0CD948C1A77FB9F5CA0E4F479188EA541E
310
3C25A2E22BC99C8892456878B2821857F6B05492C2AD881B41409C21325211340605C9C6DC6006EC49AC088A0CCBB25B1159B72248E415019155047D5453031360047082A7405D92B72AB0F03379693EAB50870260AC609E2C6F6510BB3D081DFE4EF5EFECD71494A7B3590EC7F12C5B25CB32539229914732934ECE22AF1D
310
D259AC8B7B7649E437DE7BDFA69EADF76EE95186E95A7ED74C032DBFA66A9BF1CEF341B19B78E45DDED9EF56FE29189043E4814BF734E1FF34659991678231F23A51010DA578E8294D435524988818E84710A7B2643B4F7C134F5CC6936D1E4176D01398C4D0A83AE0A6BDC86B0BB5C3E1E8299D70A5A945AC12322FE697C4
310
9C8DC3BBBE34D2BA77FBEEA1BEFEED79D15C120DF70F0FEE1A093EF60C8FF47F4BCAB3B0ED666EDB17F5733E2B445B5E2C298985C507BB8BEBBA3A3A3774178B1D777FA5B36B9D327BBE1ED84C030BC74C9EDAB5B64D88BC405AEF1E1CD9D73A34B88F70838775AD5DDBD1B9B6BBABBB73A0ABA37F5D7BE0E757F57D1DB80F
310
037BFBB60D6D6F1DDED1DA3B3CB47D6FDF2EF8A0AD5933506CEF2FF6F7ADD9D6B56D5DFF9A60D6A95222FF670B51F8295953F8455019945B7EE9315C7A8AFEC352DE9D4B4A5050256AA6D1B42D5F0C265BEED4473538E9811F770DEFDCDD3732B86D706870E4A1D69DC303E45F6349C807B6EFCB8B8692103DC352AE816545
310
9E9E798813B5E9A692C86DD9B1A355A5424F8E0BF018466AF90D150136590E2905AA568F782650907D5A7180140B84AD0159F8156902B8F63BDA8BE1A72E29AF48322EA98B5F578631B6F5489B26184C63434803DB221A328E6B58DEAED6DB808FEB6DC068BD0DF8A4DE065CABB7018B3045EB390B3EAD7704C6EA6DC07518
310
10B79C17773A0DB6C361F03BDD064B22C8C7303844629E5064B47323116EB9039777E096BB70247238880C6E39831B9F221C81B3E543C57019D4736C30574EE2DD4AD73B12B9771099772B997713E97A974DF4CECD5D9582B938116EC00926492C777A7F676A8F441E4C882C98032C983211AE26DE8974E196022EC7174366
310
F9AE62C95769E105B5C4B012E2E82ED8CD3516C5E34D519CF0D1F6765A8551C6CC0505130A3E8ABEC46EF81CED54DC1DA04AB7BC4DB0CA082453194AB29B82400C2B438BA6322032B88FE093B3E13470C11297490C8EEF78E88158D51A8AD42283A38F61044E78707A57F8BBDFE2DF2167F36975041D1DA7FCF59430C35792
310
05112533A905D5D3CAAB4759DBB4CA160F3E9309466F934A1794E7E1154C402D3088858048DCDF7EA3E7FECD5B7A7B376D5480CBF43A7E5E49CCBE6BEB37D945B2402FC65F52AB73B67E7F3A58AE93F37A04F6B7011D680556EBCCA2819BC8A21C320F385BBDB4EE56E6E32CE2CB18E358AD7676B4C7C096B1674BAF7B1278
310
1E906198B0DF8681EA696AF34D20563061CAB731C0DB01185B8B0DCA46538BD880EB0E2C6FC3120B40E62289BC162112587895C11513E18290E892090EBF46A9321968C513E0BB89A0AE8F2431B88A7DFC9E07A7BD0A8E668E3AF3CDEA083A3A8ECFB770A00AB53712018F2859D8DB3D93C2E4D422CB77A40BB73A5DB807A7
310
0857A5727AC8838BE45965D0D3D5B29CBEEF99145F4E558AC0C3E9C23D922EDC0FD285FBA107E7958EEDE721E98018A3E3AAC64E7F5C166D7ABA81B65C437BB31D766C74A6ED6E1FBC2766B7AFDAD87156F9771BF44A2A724C461AB43EE729AAFB710D63E2111810BBA3ABC9AE6037E09AB9BF3AB40BE8309F8736AB64CAB2
310
BE7E3364E5AC569CA6976081AF5A311628A8EF68C5B3A4609E3E86AC3AA156E3E83562F4B5A292099A878C61EB3B549CF92354989982613F016CE7AD5A4D09AA1F5126387AAD451EE384D9C035A925859E39C1AA865EE9A9B8DA21CEE289167F7CF1D4C4BC7A125EC5AED5D8BB0B5A9D9144D134CFA71BF85A8D44BE568348
310
F6AA55A2F3CAEACF6982FD29118CC249D3CBF852A586F278BA70FBD3853B90085793EDE51E143F0AD06C6B4CB2242BDDBDD1419166C2865E85F9CE1648F3CBF54B2E655D5432557AB8C599EEE6E763403914E55050D879E2BFFA30F366F009F0CB378371CA9B99D05949929DD07465EA8797A3808B6B06B9536E64AF9C844C
310
903AF2F3709D3783A318A078E4F37AEBBCEC2DD1B228B722F785DC2DB9D64C476675A63353CC74E937B1FA39BFA7DB58A6AFC19E49583A4A9B6110A6BA038D3C80418F79D091B18A763C1D8524AA5361F194EC4CC4B23EDBA3192533E95398E41423EB6DCA1C239B4DBF91D13F6D762A6897D7013D496371DC8BECCAA7D45E
310
0C251095ABC98AA38E1B6540CD3DACF829EF15C38D27C2B92DA64A071D13897001094F16523EC1C9E5A99FF465029665AB5B13C49AF8984D174EA40B273D389D33BB29A272F6749622C2719C22AC925104534E7A8CF33714555C6B3CF3BE4BE0AF28994CA9B8353E0F28878DD26D8D2F007FBAAD11BD305CEB4EAB35BE08B8
310
B8D678FEB81BD9134AB6ADF10A644BBEF9C2334A81E4EAA6772450D87DD2AF49C178F020A0EBD3055FF292CC5B8AB3FC4114C86BA708ACDB15F49C43C04EBBE7FCBD0CA8A1CB2AF59CC3897035E1E39713E16AD873FE91085A131FFF19C04DBEDBF8D75406FD3B3A2842E56C8ABE82A171BC3BF89ECB0E0F287926BC7B0450
310
75E4DDA3C09F2EEF56BE2579157071BCBBE7881BD93E255BDE7D04B225A07C61BD5230DE1DBA8C1158736B225E412358525F03747D78F79897E472BCCBAF5BAF2BA0DDE3804E9B765F2F035A65DA3D910857134A7A2311AE52DA8D6E0E9C1341735A873DD47F12A16BE2E99BE9C275792B70532835F1AEDB838B7404B509F7
310
74C449519D9AA19EB28205FF5B08785CE3F9307262735AC933693C270155C7C6730AF8E9359ED3808B6B3CA387DDC6734EC9B6F1C897238DE72006D89713F9C2E58B91C6F3388D608DE70CA0A7DA7866D30F8008DC16BEAA2D26A2AAB848F4108A0CF46D0F54D7A73989E2C56D75B6B8431D2F6EAB64C5CD94644C04869974
310
1626C5B6A280378D1BEE62BCE2C3917700E714386FAA719B1D7E7D464DF7DD444F8317374E8CAA75BEF65E19D0F8F0523EC21D7470DCC60B8CAEF29753FC38EF4760CFDBF99B4673F680D0869F6742513F06849341B61DF57EE3400A02734628D75C0DBC8B68A868B98655ECA330208EA3C6F1B52E3DF1E8849E2433679564
310
431A886148B568E62C4406F75F64308EFD2F9D7039EA6D259B5B2BF91AD8396F72B01004EFC5CD6C88F911E8CCDF849C077E5C64E9488747967101058B73015D99FA9B900B808B63FFB117DCC85E50324556799F2F34BC086EC70CD18A4318C0D9FF2AB6807CDB718046B0A4BE0FE8B4D9FFA207EA504E3D7E65FA014C7226
310
B329B0E8D703AAFEBAA304E869379E693123CD68457958A4FF2F11AE86ECFF6119D078F6E7138AD87FF2370F86D6E1E34789702D76FED2134932CCA824CB8C811832A3160D33426421BD940847AF6F0C11D33DEECB1CFE9B7175D1F926045DE5BD8DBFBDBE9C081764D0049324E6DDB40A8607F34A225C4D16463974B5B836
310
F3B3A32E193EACE499B49986C93A780A6DA631A981D7A6CD34012EAECDFCF23937B23F51B26D337F80CCDBCC36A5C0ECD07DE7E7A7236D663D8D6033A419D0536D33E07F56B8C4CA7C0D48229F9610695A461A0883CE7B494E8DD95B004DF38E8247AB09FE45AC1A52EDAC32A0861DD8DA85D8A76276989D08579353913989
310
700119397510D9BB4CAB9DF096393711B4263ECE4B176E7EBA700B3C389DB3F0B5335AA6A7234288EA142D784A9083AFB414616018456CF64C3293C4CD2F49D3E5A5F0410CEE3E0F2E6A6FEA11580893E29AEE529C2FC11C4DF48D4AA628982DB44A422820F8563073C8F989CF2240392BED74F7768B819FDEDE6E09E0E29A
310
EE0AFA030B3CB273954C91D5916E83CC9BEE074FAB1E6B73B11CFB6CBEB73B4C23589D2D05F4CC9AAE2E4C768646F0614DBB4BD40606BDCC4B726A4DF72640A7DD749797013521AB4ED3C5971C1BF2225712D922FD192CAA82F186C253F467B664EED8B163100EA1787299890C1D4314EEF90B040C236113FD72905624B8F0
310
99FF03A92412CEF64B0000
  0
DICTIONARY
  5
358
330
22
100
AcDbDictionary
280
     1
281
     1
  3
CSD_PLOT_CONFIG
360
359
  0
DICTIONARY
  5
584
330
7F
100
AcDbDictionary
280
     1
281
     1
  3
ACAD_ROUNDTRIP_2008_TABLESTYLE_CELLSTYLEMAP
360
585
  0
LAYOUTPRINTCONFIG
  5
359
102
{ACAD_REACTORS
330
358
102
}
330
358
100
AcDbEntity
  8
0
160
                 8
310
0800000000000000
100
CAcLayoutPrintConfig
 93
        0
  0
CELLSTYLEMAP
  5
585
102
{ACAD_REACTORS
330
584
102
}
330
584
100
AcDbCellStyleMap
 90
        3
300
CELLSTYLE
  1
TABLEFORMAT_BEGIN
 90
        5
170
     1
 91
        0
 92
    32768
 62
   257
 93
        1
300
CONTENTFORMAT
  1
CONTENTFORMAT_BEGIN
 90
        0
 91
        0
 92
      512
 93
        0
300

 40
0.0
140
1.0
 94
        5
 62
     0
340
11
144
6.0
309
CONTENTFORMAT_END
171
     1
301
MARGIN
  1
CELLMARGIN_BEGIN
 40
1.5
 40
1.5
 40
1.5
 40
1.5
 40
4.5
 40
4.5
309
CELLMARGIN_END
 94
        6
 95
        1
302
GRIDFORMAT
  1
GRIDFORMAT_BEGIN
 90
        0
 91
        1
 62
     0
 92
       -2
340
14
 93
        0
 40
1.125
309
GRIDFORMAT_END
 95
        2
302
GRIDFORMAT
  1
GRIDFORMAT_BEGIN
 90
        0
 91
        1
 62
     0
 92
       -2
340
14
 93
        0
 40
1.125
309
GRIDFORMAT_END
 95
        4
302
GRIDFORMAT
  1
GRIDFORMAT_BEGIN
 90
        0
 91
        1
 62
     0
 92
       -2
340
14
 93
        0
 40
1.125
309
GRIDFORMAT_END
 95
        8
302
GRIDFORMAT
  1
GRIDFORMAT_BEGIN
 90
        0
 91
        1
 62
     0
 92
       -2
340
14
 93
        0
 40
1.125
309
GRIDFORMAT_END
 95
       16
302
GRIDFORMAT
  1
GRIDFORMAT_BEGIN
 90
        0
 91
        1
 62
     0
 92
       -2
340
14
 93
        0
 40
1.125
309
GRIDFORMAT_END
 95
       32
302
GRIDFORMAT
  1
GRIDFORMAT_BEGIN
 90
        0
 91
        1
 62
     0
 92
       -2
340
14
 93
        0
 40
1.125
309
GRIDFORMAT_END
309
TABLEFORMAT_END
  1
CELLSTYLE_BEGIN
 90
        1
 91
        1
300
_TITLE
309
CELLSTYLE_END
300
CELLSTYLE
  1
TABLEFORMAT_BEGIN
 90
        5
170
     1
 91
        0
 92
        0
 62
   257
 93
        1
300
CONTENTFORMAT
  1
CONTENTFORMAT_BEGIN
 90
        0
 91
        0
 92
      512
 93
        0
300

 40
0.0
140
1.0
 94
        5
 62
     0
340
11
144
4.5
309
CONTENTFORMAT_END
171
     1
301
MARGIN
  1
CELLMARGIN_BEGIN
 40
1.5
 40
1.5
 40
1.5
 40
1.5
 40
4.5
 40
4.5
309
CELLMARGIN_END
 94
        6
 95
        1
302
GRIDFORMAT
  1
GRIDFORMAT_BEGIN
 90
        0
 91
        1
 62
     0
 92
       -2
340
14
 93
        0
 40
1.125
309
GRIDFORMAT_END
 95
        2
302
GRIDFORMAT
  1
GRIDFORMAT_BEGIN
 90
        0
 91
        1
 62
     0
 92
       -2
340
14
 93
        0
 40
1.125
309
GRIDFORMAT_END
 95
        4
302
GRIDFORMAT
  1
GRIDFORMAT_BEGIN
 90
        0
 91
        1
 62
     0
 92
       -2
340
14
 93
        0
 40
1.125
309
GRIDFORMAT_END
 95
        8
302
GRIDFORMAT
  1
GRIDFORMAT_BEGIN
 90
        0
 91
        1
 62
     0
 92
       -2
340
14
 93
        0
 40
1.125
309
GRIDFORMAT_END
 95
       16
302
GRIDFORMAT
  1
GRIDFORMAT_BEGIN
 90
        0
 91
        1
 62
     0
 92
       -2
340
14
 93
        0
 40
1.125
309
GRIDFORMAT_END
 95
       32
302
GRIDFORMAT
  1
GRIDFORMAT_BEGIN
 90
        0
 91
        1
 62
     0
 92
       -2
340
14
 93
        0
 40
1.125
309
GRIDFORMAT_END
309
TABLEFORMAT_END
  1
CELLSTYLE_BEGIN
 90
        2
 91
        1
300
_HEADER
309
CELLSTYLE_END
300
CELLSTYLE
  1
TABLEFORMAT_BEGIN
 90
        5
170
     1
 91
        0
 92
        0
 62
   257
 93
        1
300
CONTENTFORMAT
  1
CONTENTFORMAT_BEGIN
 90
        0
 91
        0
 92
      512
 93
        0
300

 40
0.0
140
1.0
 94
        2
 62
     0
340
11
144
4.5
309
CONTENTFORMAT_END
171
     1
301
MARGIN
  1
CELLMARGIN_BEGIN
 40
1.5
 40
1.5
 40
1.5
 40
1.5
 40
4.5
 40
4.5
309
CELLMARGIN_END
 94
        6
 95
        1
302
GRIDFORMAT
  1
GRIDFORMAT_BEGIN
 90
        0
 91
        1
 62
     0
 92
       -2
340
14
 93
        0
 40
1.125
309
GRIDFORMAT_END
 95
        2
302
GRIDFORMAT
  1
GRIDFORMAT_BEGIN
 90
        0
 91
        1
 62
     0
 92
       -2
340
14
 93
        0
 40
1.125
309
GRIDFORMAT_END
 95
        4
302
GRIDFORMAT
  1
GRIDFORMAT_BEGIN
 90
        0
 91
        1
 62
     0
 92
       -2
340
14
 93
        0
 40
1.125
309
GRIDFORMAT_END
 95
        8
302
GRIDFORMAT
  1
GRIDFORMAT_BEGIN
 90
        0
 91
        1
 62
     0
 92
       -2
340
14
 93
        0
 40
1.125
309
GRIDFORMAT_END
 95
       16
302
GRIDFORMAT
  1
GRIDFORMAT_BEGIN
 90
        0
 91
        1
 62
     0
 92
       -2
340
14
 93
        0
 40
1.125
309
GRIDFORMAT_END
 95
       32
302
GRIDFORMAT
  1
GRIDFORMAT_BEGIN
 90
        0
 91
        1
 62
     0
 92
       -2
340
14
 93
        0
 40
1.125
309
GRIDFORMAT_END
309
TABLEFORMAT_END
  1
CELLSTYLE_BEGIN
 90
        3
 91
        2
300
_DATA
309
CELLSTYLE_END
  0
ENDSEC
  0
EOF
